graph_id,vertices,remove_ratio_target,hop_key,rep,apsp_sum_off,apsp_sum_on,elapsed_sec_off,elapsed_sec_on,ok_off,ok_on,qubo_vars_total_off,qubo_vars_total_on,strongly_connected_off,strongly_connected_on,both_sc,diff_apsp,diff_time,ratio_time,diff_qubo_vars
v100_s0_p0,100,0.0,h2,0,2.0031579379827558,2.167022144109538,0.7445518330205232,0.5048026249860413,True,True,131.0,105.0,True,True,True,0.1638642061267821,-0.23974920803448185,0.6779952752760555,-26.0
v100_s0_p0,100,0.0,h2,1,2.0074592448305912,2.081437425130245,0.9348155409679748,0.7394075409974903,True,True,131.0,105.0,True,True,True,0.07397818029965375,-0.19540799997048452,0.790966247984982,-26.0
v100_s0_p0,100,0.0,h2,2,1.940215714783624,2.000331567449185,1.1038229580153711,0.7308830419788137,True,True,131.0,105.0,True,True,True,0.060115852665560965,-0.3729399160365574,0.6621379240860434,-26.0
v100_s0_p0,100,0.0,h2,3,1.9361713308050397,2.129951612539547,0.9710823750356212,0.6916795840370469,True,True,131.0,105.0,True,True,True,0.19378028173450712,-0.27940279099857435,0.7122769415021817,-26.0
v100_s0_p0,100,0.0,h2,4,1.9900671965288534,2.0195901916473327,0.9346722500049509,0.7687407920020632,True,True,131.0,105.0,True,True,True,0.029522995118479223,-0.16593145800288767,0.8224709699020071,-26.0
v100_s0_p0,100,0.0,h3,0,1.721187853858249,1.8035066878450423,1.1659887909772806,0.7783358749584295,True,True,131.0,105.0,True,True,True,0.0823188339867933,-0.3876529160188511,0.6675328965264431,-26.0
v100_s0_p0,100,0.0,h3,1,1.7003794227288616,1.7468950255983486,1.6952377090347,1.1390136249829084,True,True,131.0,105.0,True,True,True,0.04651560286948708,-0.5562240840517916,0.6718902127486793,-26.0
v100_s0_p0,100,0.0,h3,2,1.7183173402178666,1.7176663349348635,1.769389291992411,1.1951463330187835,True,True,131.0,105.0,True,True,True,-0.0006510052830031032,-0.5742429589736275,0.6754569717515333,-26.0
v100_s0_p0,100,0.0,h3,3,1.7047618076335942,1.6743702512122434,1.7039181250147521,1.1349153749761172,True,True,131.0,105.0,True,True,True,-0.03039155642135083,-0.569002750038635,0.6660621530546201,-26.0
v100_s0_p0,100,0.0,h3,4,1.7179546483217005,1.7263972636949447,1.7700644580181688,1.1511335000395775,True,True,131.0,105.0,True,True,True,0.0084426153732442,-0.6189309579785913,0.6503342264317482,-26.0
v100_s0_p0,100,0.0,h4,0,1.8323964018332166,1.8178696356487734,1.750393541995436,1.5023898750077933,True,True,92.0,58.0,True,True,True,-0.014526766184443263,-0.24800366698764265,0.8583154810403835,-34.0
v100_s0_p0,100,0.0,h4,1,1.8674527847788787,1.8402472528989133,2.354936042043846,1.8424030829919502,True,True,100.0,92.0,True,True,True,-0.027205531879965328,-0.5125329590518959,0.7823580131683453,-8.0
v100_s0_p0,100,0.0,h4,2,1.8897505544912903,1.7934942449622997,2.5065668749739416,2.044827583944425,True,True,97.0,75.0,True,True,True,-0.09625630952899056,-0.4617392910295166,0.8157881620316566,-22.0
v100_s0_p0,100,0.0,h4,3,1.9396583142915205,1.808738004278594,2.3684637919650413,1.9083474589860998,True,True,112.0,72.0,True,True,True,-0.13092031001292637,-0.4601163329789415,0.8057321650683977,-40.0
v100_s0_p0,100,0.0,h4,4,1.8714955715152894,1.8396780303425977,2.4593302920111455,2.1202773750410415,True,True,89.0,70.0,True,True,True,-0.031817541172691755,-0.339052916970104,0.8621360790490489,-19.0
v100_s0_p0,100,0.0,h2+3,0,1.7322635417870744,1.7339361819501655,1.2028110409737565,0.817627958022058,True,True,131.0,105.0,True,True,True,0.0016726401630910992,-0.38518308295169845,0.67976426069396,-26.0
v100_s0_p0,100,0.0,h2+3,1,1.710446976626365,1.7257764217423506,1.7638481669710018,1.2044275419902988,True,True,131.0,105.0,True,True,True,0.015329445115985552,-0.559420624980703,0.6828408275405147,-26.0
v100_s0_p0,100,0.0,h2+3,2,1.6958167012463836,1.691968816253723,1.8334947919938713,1.208660458039958,True,True,131.0,105.0,True,True,True,-0.003847884992660644,-0.6248343339539133,0.659211285092103,-26.0
v100_s0_p0,100,0.0,h2+3,3,1.7302893209314971,1.743534593509809,1.777304458024446,1.199782999989111,True,True,131.0,105.0,True,True,True,0.013245272578311873,-0.577521458035335,0.6750576664409675,-26.0
v100_s0_p0,100,0.0,h2+3,4,1.7518762040216345,1.7282907683576658,1.8010671670199372,1.1911905839806423,True,True,131.0,105.0,True,True,True,-0.023585435663968646,-0.6098765830392949,0.6613804336634471,-26.0
v100_s0_p0,100,0.0,h2+3+4,0,1.8602974939758017,1.7682804885020598,2.071970167045947,1.8216810839949176,True,True,92.0,58.0,True,True,True,-0.09201700547374192,-0.2502890830510296,0.8792023712349719,-34.0
v100_s0_p0,100,0.0,h2+3+4,1,1.8402468453020124,1.8326170756333529,2.9021300000022165,2.3293367919977754,True,True,100.0,92.0,True,True,True,-0.007629769668659581,-0.5727932080044411,0.8026300655022333,-8.0
v100_s0_p0,100,0.0,h2+3+4,2,1.8846688932915625,1.7986112142420305,3.133487500017509,2.5636787499533966,True,True,97.0,75.0,True,True,True,-0.08605767904953199,-0.5698087500641122,0.818155090754015,-22.0
v100_s0_p0,100,0.0,h2+3+4,3,1.8931028118709567,1.8132440893623984,2.923590415972285,2.3730129590258002,True,True,112.0,72.0,True,True,True,-0.0798587225085583,-0.5505774569464847,0.8116776365326188,-40.0
v100_s0_p0,100,0.0,h2+3+4,4,1.877462012047468,1.795553654152612,2.95025125000393,2.5861717910156585,True,True,89.0,70.0,True,True,True,-0.08190835789485607,-0.36407945898827165,0.8765937446894441,-19.0
v100_s0_p10,100,0.1,h2,0,2.2182764982034024,2.6453501424535104,0.5463535000453703,0.2872122910339385,True,True,118.0,66.0,True,True,True,0.42707364425010796,-0.2591412090114318,0.5256894867701732,-52.0
v100_s0_p10,100,0.1,h2,1,2.4243214955234134,2.229161866281903,0.7950866660103202,0.44855354103492573,True,True,118.0,66.0,True,True,True,-0.1951596292415103,-0.34653312497539446,0.564156789706625,-52.0
v100_s0_p10,100,0.1,h2,2,2.349661639623329,2.3000705091074054,0.8649777089594863,0.43224345898488536,True,True,118.0,66.0,True,True,True,-0.04959113051592379,-0.43273424997460097,0.49971629847530635,-52.0
v100_s0_p10,100,0.1,h2,3,2.416069076548026,2.2292044321496585,0.8129872079589404,0.4077945409808308,True,True,118.0,66.0,True,True,True,-0.18686464439836747,-0.40519266697810963,0.5016001936913949,-52.0
v100_s0_p10,100,0.1,h2,4,2.3834386554739755,2.3884427367598513,0.7662331250030547,0.39355595904635265,True,True,118.0,66.0,True,True,True,0.005004081285875817,-0.3726771659567021,0.513624308587264,-52.0
v100_s0_p10,100,0.1,h3,0,2.0980242503842765,1.9728838709308802,0.7461229579639621,0.41655391704989597,True,True,118.0,66.0,True,True,True,-0.1251403794533963,-0.32956904091406614,0.558291247580155,-52.0
v100_s0_p10,100,0.1,h3,1,2.134276412296977,2.082136127903382,1.1004666250082664,0.6332833750057034,True,True,118.0,66.0,True,True,True,-0.05214028439359497,-0.467183250002563,0.5754680429321938,-52.0
v100_s0_p10,100,0.1,h3,2,2.0273156585588166,2.066613911386935,1.1300186670268886,0.6188733750022948,True,True,118.0,66.0,True,True,True,0.039298252828118496,-0.5111452920245938,0.5476665059264626,-52.0
v100_s0_p10,100,0.1,h3,3,2.0308710038641316,2.0881054825916463,1.112708417000249,0.619238542043604,True,True,118.0,66.0,True,True,True,0.05723447872751475,-0.49346987495664507,0.5565146561153993,-52.0
v100_s0_p10,100,0.1,h3,4,2.1037048936834095,2.0443126522114183,1.140195042011328,0.6048192500020377,True,True,118.0,66.0,True,True,True,-0.05939224147199118,-0.5353757920092903,0.5304524469209442,-52.0
v100_s0_p10,100,0.1,h4,0,,2.2876044016294452,1.1683291250374168,0.6755783749977127,True,True,102.0,80.0,False,True,False,,-0.49275075003970414,0.5782432026387057,-22.0
v100_s0_p10,100,0.1,h4,1,2.822637741044452,2.3635956783563814,1.8216202500043437,1.0017334159929305,True,True,122.0,80.0,True,True,True,-0.45904206268807046,-0.8198868340114132,0.5499134169103258,-42.0
v100_s0_p10,100,0.1,h4,2,2.5616498577046203,2.2969680389739318,1.8870836659916677,0.9946514159673825,True,True,106.0,80.0,True,True,True,-0.2646818187306885,-0.8924322500242852,0.527083898765395,-26.0
v100_s0_p10,100,0.1,h4,3,2.314959793186053,2.2923101075744943,1.8863847919856198,1.0208798750536516,True,True,76.0,94.0,True,True,True,-0.022649685611558557,-0.8655049169319682,0.5411832619680248,18.0
v100_s0_p10,100,0.1,h4,4,2.417215968379658,2.64454119302046,1.7734247920452617,0.973038042022381,True,True,76.0,94.0,True,True,True,0.22732522464080196,-0.8003867500228807,0.5486773650548734,18.0
v100_s0_p10,100,0.1,h2+3,0,2.137309503139822,1.989029102713103,0.7475102079915814,0.43979775003390387,True,True,118.0,66.0,True,True,True,-0.14828040042671886,-0.30771245795767754,0.588350159411946,-52.0
v100_s0_p10,100,0.1,h2+3,1,2.1797337723507635,2.0150670530393353,1.1966099579585716,0.6732408750103787,True,True,118.0,66.0,True,True,True,-0.16466671931142818,-0.523369082948193,0.5626234935892848,-52.0
v100_s0_p10,100,0.1,h2+3,2,2.087958369781162,2.08146824312546,1.1284369169734418,0.6665617920225486,True,True,118.0,66.0,True,True,True,-0.006490126655702255,-0.4618751249508932,0.5906947761070426,-52.0
v100_s0_p10,100,0.1,h2+3,3,1.969922046735893,2.2143605956145134,1.2215395419625565,0.6507903749588877,True,True,118.0,66.0,True,True,True,0.24443854887862027,-0.5707491670036688,0.5327624301979708,-52.0
v100_s0_p10,100,0.1,h2+3,4,2.013304425056376,2.1879543680593914,1.1723073750035837,0.6244367500185035,True,True,118.0,66.0,True,True,True,0.17464994300301528,-0.5478706249850802,0.5326561645290294,-52.0
v100_s0_p10,100,0.1,h2+3+4,0,2.6752563325302288,2.30690969866199,1.462985583988484,0.8275859580026008,True,True,102.0,80.0,True,True,True,-0.3683466338682386,-0.6353996259858832,0.565682920638482,-22.0
v100_s0_p10,100,0.1,h2+3+4,1,,2.4030822761693527,2.2136970419669524,1.2537413330283016,True,True,122.0,80.0,False,True,False,,-0.9599557089386508,0.5663563302746728,-42.0
v100_s0_p10,100,0.1,h2+3+4,2,,2.5049990997736042,2.421721041027922,1.285807374981232,True,True,106.0,80.0,False,True,False,,-1.1359136660466902,0.5309477653278591,-26.0
v100_s0_p10,100,0.1,h2+3+4,3,2.312897204282444,2.497007121372745,2.322639124991838,1.2051022080122493,True,True,76.0,94.0,True,True,True,0.18410991709030133,-1.1175369169795886,0.5188503866335603,18.0
v100_s0_p10,100,0.1,h2+3+4,4,2.406063855161248,2.574422782037592,2.24746275000507,1.2237947080284357,True,True,76.0,94.0,True,True,True,0.16835892687634368,-1.0236680419766344,0.5445227993325695,18.0
v100_s0_p30,100,0.3,h2,0,2.7203937733012156,2.74940910631151,0.45308829098939896,0.16463474999181926,True,True,103.0,21.0,True,True,True,0.029015333010294242,-0.2884535409975797,0.36336129903580155,-82.0
v100_s0_p30,100,0.3,h2,1,2.827756241585498,2.7899506671190717,0.6806355830049142,0.24402279203059152,True,True,103.0,21.0,True,True,True,-0.03780557446642652,-0.4366127909743227,0.35852194349473154,-82.0
v100_s0_p30,100,0.3,h2,2,2.9537199402934693,2.7769279266060014,0.6973187499679625,0.22093895898433402,True,True,103.0,21.0,True,True,True,-0.17679201368746789,-0.4763797909836285,0.31684069730590897,-82.0
v100_s0_p30,100,0.3,h2,3,2.7055473591609447,2.6906087950514284,0.6817095829755999,0.226099916966632,True,True,103.0,21.0,True,True,True,-0.014938564109516328,-0.4556096660089679,0.3316660387546946,-82.0
v100_s0_p30,100,0.3,h2,4,2.6720701198294434,2.6906087950514284,0.6677001250209287,0.2195330000249669,True,True,103.0,21.0,True,True,True,0.018538675221984935,-0.4481671249959618,0.32878981416707953,-82.0
v100_s0_p30,100,0.3,h3,0,2.7066013875486403,2.9222850998340304,0.4717995829996653,0.16597308398922905,True,True,103.0,21.0,True,True,True,0.21568371228539007,-0.30582649901043624,0.35178726300261864,-82.0
v100_s0_p30,100,0.3,h3,1,2.918997975982025,2.7609353341087814,0.7124422499909997,0.24527462502010167,True,True,103.0,21.0,True,True,True,-0.1580626418732436,-0.46716762497089803,0.3442729919838418,-82.0
v100_s0_p30,100,0.3,h3,2,2.843649570907253,2.760935334108775,0.711894707987085,0.26989870896795765,True,True,103.0,21.0,True,True,True,-0.08271423679847834,-0.44199599901912734,0.379127286577405,-82.0
v100_s0_p30,100,0.3,h3,3,2.929316543633371,3.01251809784094,0.7181286659906618,0.20383587497053668,True,True,103.0,21.0,True,True,True,0.08320155420756903,-0.5142927910201252,0.28384311144207586,-82.0
v100_s0_p30,100,0.3,h3,4,2.7628290602282415,3.008089489962361,0.6835704580298625,0.24500570801319554,True,True,103.0,21.0,True,True,True,0.24526042973411943,-0.43856475001666695,0.35842056240893344,-82.0
v100_s0_p30,100,0.3,h2+3,0,2.682299805181996,3.008089489962358,0.515540249994956,0.1660646660020575,True,True,103.0,21.0,True,True,True,0.32578968478036163,-0.34947558399289846,0.32211775123995123,-82.0
v100_s0_p30,100,0.3,h2+3,1,2.8091223547487805,2.7609353341087814,0.7551435409695841,0.20826591702643782,True,True,103.0,21.0,True,True,True,-0.04818702063999902,-0.5468776239431463,0.2757964621653652,-82.0
v100_s0_p30,100,0.3,h2+3,2,2.800659029067955,2.7609353341087814,0.7485512080020271,0.2506480840384029,True,True,103.0,21.0,True,True,True,-0.039723694959173717,-0.49790312396362424,0.33484427165298775,-82.0
v100_s0_p30,100,0.3,h2+3,3,2.839706443126613,3.008089489962358,0.7570191660197452,0.22161037503974512,True,True,103.0,21.0,True,True,True,0.168383046835745,-0.53540879098,0.29274077194759546,-82.0
v100_s0_p30,100,0.3,h2+3,4,2.6747154657296615,3.008089489962361,0.6832847910118289,0.2721801250008866,True,True,103.0,21.0,True,True,True,0.33337402423269946,-0.4111046660109423,0.39834067519318556,-82.0
v100_s0_p50,100,0.5,h2,0,2.6664013410342693,3.0504112170709714,0.4802594580105506,0.15870749996975064,True,True,103.0,21.0,True,True,True,0.3840098760367021,-0.32155195804079995,0.3304619978275661,-82.0
v100_s0_p50,100,0.5,h2,1,2.6682179014552645,2.870985568125318,0.6977148749865592,0.23004150000633672,True,True,103.0,21.0,True,True,True,0.20276766667005353,-0.46767337498022243,0.32970703112896693,-82.0
v100_s0_p50,100,0.5,h2,2,2.8271617210860147,2.7526212094133884,0.6860669999732636,0.22771445801481605,True,True,103.0,21.0,True,True,True,-0.07454051167262632,-0.45835254195844755,0.33191285694209194,-82.0
v100_s0_p50,100,0.5,h2,3,2.9293165436333717,2.7609353341087814,0.6024896249873564,0.23804195900447667,True,True,103.0,21.0,True,True,True,-0.16838120952459024,-0.3644476659828797,0.39509719193832116,-82.0
v100_s0_p50,100,0.5,h2,4,2.8980762325997977,2.745042004787016,0.7122097499668598,0.22088737494777888,True,True,103.0,21.0,True,True,True,-0.15303422781278186,-0.49132237501908094,0.3101437111160822,-82.0
v100_s0_p50,100,0.5,h3,0,2.741884483115248,3.01251809784094,0.4736596249858849,0.16894925001543015,True,True,103.0,21.0,True,True,True,0.2706336147256918,-0.3047103749704547,0.35668915208988916,-82.0
v100_s0_p50,100,0.5,h3,1,2.6258649150526834,3.008089489962361,0.6818769159726799,0.23117091599851847,True,True,103.0,21.0,True,True,True,0.38222457490967754,-0.4507059999741614,0.33902147232651086,-82.0
v100_s0_p50,100,0.5,h3,2,2.9537199402934595,3.01251809784094,0.6882900419877842,0.24895979097345844,True,True,103.0,21.0,True,True,True,0.0587981575474803,-0.43933025101432577,0.36170767523304803,-82.0
v100_s0_p50,100,0.5,h3,3,2.750870904198456,3.012518097840937,0.7442194999894127,0.2285112920217216,True,True,103.0,21.0,True,True,True,0.2616471936424811,-0.5157082079676911,0.3070482458803786,-82.0
v100_s0_p50,100,0.5,h3,4,2.746601913376832,3.008089489962361,0.6820036659482867,0.2642549159936607,True,True,103.0,21.0,True,True,True,0.2614875765855289,-0.41774874995462596,0.38746846855468076,-82.0
v100_s0_p50,100,0.5,h2+3,0,2.674715465729664,3.008089489962361,0.4847486670478247,0.1725652079912834,True,True,103.0,21.0,True,True,True,0.3333740242326968,-0.3121834590565413,0.3559890304438079,-82.0
v100_s0_p50,100,0.5,h2+3,1,2.7449763329742156,2.760935334108775,0.7282407500315458,0.2195147500024177,True,True,103.0,21.0,True,True,True,0.01595900113455917,-0.508726000029128,0.3014315664056273,-82.0
v100_s0_p50,100,0.5,h2+3,2,2.7740573377973026,2.760935334108775,0.7762015829794109,0.24977862503146753,True,True,103.0,21.0,True,True,True,-0.013122003688527784,-0.5264229579479434,0.32179607785996106,-82.0
v100_s0_p50,100,0.5,h2+3,3,2.666406475860246,3.008089489962361,0.7414412500220351,0.22367687500081956,True,True,103.0,21.0,True,True,True,0.34168301410211477,-0.5177643750212155,0.30167848766732636,-82.0
v100_s0_p50,100,0.5,h2+3,4,2.8711399039367147,3.008089489962361,0.704021040990483,0.2513936249888502,True,True,103.0,21.0,True,True,True,0.13694958602564622,-0.4526274160016328,0.3570825449125299,-82.0
v100_s1_p0,100,0.0,h2,0,2.02040044289069,1.9139089866045635,0.7266960420529358,0.5023695830022916,True,True,131.0,105.0,True,True,True,-0.10649145628612633,-0.2243264590506442,0.6913063425845614,-26.0
v100_s1_p0,100,0.0,h2,1,1.9154998153758678,1.876013227241349,0.9945300829713233,0.7385690420051105,True,True,131.0,105.0,True,True,True,-0.039486588134518774,-0.25596104096621275,0.7426311729038032,-26.0
v100_s1_p0,100,0.0,h2,2,2.013123581153413,1.9354905525107071,0.9820398750016466,0.7512381249689497,True,True,131.0,105.0,True,True,True,-0.07763302864270605,-0.23080175003269687,0.7649772113048772,-26.0
v100_s1_p0,100,0.0,h2,3,1.9751177162957854,2.0593331368699337,1.0456836249795742,0.7299388329847716,True,True,131.0,105.0,True,True,True,0.08421542057414833,-0.31574479199480265,0.6980494057167911,-26.0
v100_s1_p0,100,0.0,h2,4,2.055455762506389,2.023859577768531,0.9215364999836311,0.7073012089822441,True,True,131.0,105.0,True,True,True,-0.03159618473785786,-0.21423529100138694,0.7675238137554049,-26.0
v100_s1_p0,100,0.0,h3,0,1.7019178250360596,1.7592218478798218,1.156314541993197,0.7936755829723552,True,True,131.0,105.0,True,True,True,0.05730402284376224,-0.36263895902084187,0.6863838117993889,-26.0
v100_s1_p0,100,0.0,h3,1,1.7181074207573976,1.744966957160508,1.6839974170434289,1.1872938749729656,True,True,131.0,105.0,True,True,True,0.02685953640311034,-0.4967035420704633,0.7050449501623828,-26.0
v100_s1_p0,100,0.0,h3,2,1.7452204789943273,1.735156711882477,1.714196249959059,1.184447916049976,True,True,131.0,105.0,True,True,True,-0.010063767111850197,-0.5297483339090832,0.6909640107299644,-26.0
v100_s1_p0,100,0.0,h3,3,1.7010428659319745,1.676043424530157,1.759084583958611,1.1512821250362322,True,True,131.0,105.0,True,True,True,-0.024999441401817535,-0.6078024589223787,0.6544779799305662,-26.0
v100_s1_p0,100,0.0,h3,4,1.7336472007194816,1.7212825152991726,1.7756412920425646,1.2106790409889072,True,True,131.0,105.0,True,True,True,-0.012364685420308996,-0.5649622510536574,0.681826361221997,-26.0
v100_s1_p0,100,0.0,h4,0,1.7937032902134282,1.856557838705437,1.6295420000096783,1.2948295840178616,True,True,100.0,89.0,True,True,True,0.06285454849200867,-0.33471241599181667,0.7945972451217405,-11.0
v100_s1_p0,100,0.0,h4,1,1.8285584314935701,1.8455498832213801,2.407171833969187,2.0118439170182683,True,True,97.0,93.0,True,True,True,0.016991451727810025,-0.39532791695091873,0.8357707948505436,-4.0
v100_s1_p0,100,0.0,h4,2,1.80254326624659,1.7929756534091061,2.716809374978766,2.0417857079883106,True,True,75.0,89.0,True,True,True,-0.009567612837483752,-0.6750236669904552,0.7515380824259225,14.0
v100_s1_p0,100,0.0,h4,3,1.8099209005804964,1.9150002293435566,2.3867992499726824,2.0917905420064926,True,True,75.0,70.0,True,True,True,0.10507932876306025,-0.29500870796618983,0.8763998656487066,-5.0
v100_s1_p0,100,0.0,h4,4,1.7738330921806262,1.9354627739930517,2.6128137499908917,1.961399917025119,True,True,77.0,116.0,True,True,True,0.16162968181242543,-0.6514138329657726,0.7506849338311835,39.0
v100_s1_p0,100,0.0,h2+3,0,1.7198819612981529,1.6717886500576946,1.2348658749833703,0.8281051249941811,True,True,131.0,105.0,True,True,True,-0.048093311240458236,-0.4067607499891892,0.6706032952812248,-26.0
v100_s1_p0,100,0.0,h2+3,1,1.7358206734787436,1.7362347585372744,1.8270350419916213,1.2037045839824714,True,True,131.0,105.0,True,True,True,0.0004140850585307998,-0.6233304580091499,0.6588295004294678,-26.0
v100_s1_p0,100,0.0,h2+3,2,1.7223393256201067,1.7186322481829646,1.8363867080188356,1.2421180829987861,True,True,131.0,105.0,True,True,True,-0.003707077437142159,-0.5942686250200495,0.6763924382456628,-26.0
v100_s1_p0,100,0.0,h2+3,3,1.7165565473422653,1.7249834414085703,1.7960694590001367,1.2059797089896165,True,True,131.0,105.0,True,True,True,0.008426894066305035,-0.5900897500105202,0.6714549389760125,-26.0
v100_s1_p0,100,0.0,h2+3,4,1.7344945255207955,1.7463087546330722,1.793720832967665,1.157677249982953,True,True,131.0,105.0,True,True,True,0.011814229112276697,-0.636043582984712,0.6454054770984656,-26.0
v100_s1_p0,100,0.0,h2+3+4,0,1.8873396673274692,1.8185718967184312,1.958744250005111,1.6261047910084017,True,True,100.0,89.0,True,True,True,-0.06876777060903794,-0.33263945899670944,0.8301771867379616,-11.0
v100_s1_p0,100,0.0,h2+3+4,1,1.8560498798613372,1.831181509417538,2.9793964169803075,2.4693342079990543,True,True,97.0,93.0,True,True,True,-0.02486837044379908,-0.5100622089812532,0.8288035099746096,-4.0
v100_s1_p0,100,0.0,h2+3+4,2,1.7935790473753759,1.7998660295542561,3.2722227500053123,2.4729687080252916,True,True,75.0,89.0,True,True,True,0.0062869821788802405,-0.7992540419800207,0.7557458330186344,14.0
v100_s1_p0,100,0.0,h2+3+4,3,1.837168976359079,1.827640048830924,3.0575203750049695,2.5887663750327192,True,True,75.0,70.0,True,True,True,-0.009528927528155151,-0.4687539999722503,0.8466881843848748,-5.0
v100_s1_p0,100,0.0,h2+3+4,4,1.808246652172262,1.9763350083584201,3.211195959011093,2.522569915978238,True,True,77.0,116.0,True,True,True,0.16808835618615814,-0.6886260430328548,0.7855546494755427,39.0
v100_s1_p10,100,0.1,h2,0,2.3586682035224693,2.53756034267351,0.5801754170097411,0.2907505000475794,True,True,118.0,66.0,True,True,True,0.17889213915104074,-0.28942491696216166,0.5011423985285777,-52.0
v100_s1_p10,100,0.1,h2,1,2.2996369100468974,2.260908879473577,0.8644877089536749,0.4035960829933174,True,True,118.0,66.0,True,True,True,-0.038728030573320193,-0.4608916259603575,0.46686156299643217,-52.0
v100_s1_p10,100,0.1,h2,2,2.4278823427284157,2.3489574215943425,0.8526349170133471,0.45499100000597537,True,True,118.0,66.0,True,True,True,-0.07892492113407323,-0.3976439170073718,0.5336293305929118,-52.0
v100_s1_p10,100,0.1,h2,3,2.6283587918303337,2.363517042769402,0.8057939999853261,0.40460333303781226,True,True,118.0,66.0,True,True,True,-0.2648417490609316,-0.4011906669475138,0.5021175797352428,-52.0
v100_s1_p10,100,0.1,h2,4,2.2163587808595895,2.5938843875044215,0.9076395410229452,0.3799804580048658,True,True,118.0,66.0,True,True,True,0.37752560664483203,-0.5276590830180794,0.4186468755830238,-52.0
v100_s1_p10,100,0.1,h3,0,2.1915244619642786,2.026975583336566,0.8286073750350624,0.4414046669844538,True,True,118.0,66.0,True,True,True,-0.16454887862771272,-0.38720270805060863,0.5327066597322716,-52.0
v100_s1_p10,100,0.1,h3,1,2.110638989437907,2.1372882726399545,1.2211625409545377,0.6295723750372417,True,True,118.0,66.0,True,True,True,0.026649283202047513,-0.591590165917296,0.5155516599331063,-52.0
v100_s1_p10,100,0.1,h3,2,2.0957443946865735,2.025706437885184,1.2920461670146324,0.6333222080138512,True,True,118.0,66.0,True,True,True,-0.07003795680138936,-0.6587239590007812,0.49016995226818305,-52.0
v100_s1_p10,100,0.1,h3,3,2.129644209656213,2.0333598585873953,1.2122621670132503,0.6512018750072457,True,True,118.0,66.0,True,True,True,-0.09628435106881783,-0.5610602920060046,0.5371790795151722,-52.0
v100_s1_p10,100,0.1,h3,4,2.1154187417239325,2.0269755833365757,1.1988125419593416,0.6276876669726335,True,True,118.0,66.0,True,True,True,-0.08844315838735683,-0.5711248749867082,0.5235911746024441,-52.0
v100_s1_p10,100,0.1,h4,0,2.2580813367110455,2.406836490568213,1.2235462920507416,0.7437052080058493,True,True,66.0,51.0,True,True,True,0.14875515385716742,-0.47984108404489234,0.6078276014872734,-15.0
v100_s1_p10,100,0.1,h4,1,2.290522800051183,2.2920177200179257,2.0211388749885373,1.1046435830066912,True,True,66.0,51.0,True,True,True,0.0014949199667428914,-0.9164952919818461,0.5465451170508786,-15.0
v100_s1_p10,100,0.1,h4,2,2.2707878478796,2.3679224499487668,2.1684569169883616,1.1362401659716852,True,True,66.0,51.0,True,True,True,0.09713460206916658,-1.0322167510166764,0.5239855848968124,-15.0
v100_s1_p10,100,0.1,h4,3,2.3215682957348323,2.315202920708217,1.8894060830352828,1.1274062499869615,True,True,66.0,51.0,True,True,True,-0.006365375026615272,-0.7619998330483213,0.596698751057164,-15.0
v100_s1_p10,100,0.1,h4,4,2.2042609279028333,2.3646420008151976,1.8843700420111418,1.0764487499836832,True,True,66.0,51.0,True,True,True,0.16038107291236425,-0.8079212920274585,0.5712512542572667,-15.0
v100_s1_p10,100,0.1,h2+3,0,2.0094657025835505,2.0059081730742028,0.8529418329708278,0.4595442920108326,True,True,118.0,66.0,True,True,True,-0.0035575295093477344,-0.39339754095999524,0.5387756518052619,-52.0
v100_s1_p10,100,0.1,h2+3,1,2.1178469184345112,2.1869704927868305,1.2606620829901658,0.6149510419927537,True,True,118.0,66.0,True,True,True,0.0691235743523193,-0.6457110409974121,0.48780006180097896,-52.0
v100_s1_p10,100,0.1,h2+3,2,2.139311929706106,2.0374760321363006,1.2332500829943456,0.6971969170263037,True,True,118.0,66.0,True,True,True,-0.10183589756980549,-0.5360531659680419,0.5653329577189254,-52.0
v100_s1_p10,100,0.1,h2+3,3,2.1589164000576107,2.0269755833365757,1.1631960420054384,0.6691412500222214,True,True,118.0,66.0,True,True,True,-0.13194081672103497,-0.494054791983217,0.5752609412843006,-52.0
v100_s1_p10,100,0.1,h2+3,4,2.1330036292996244,1.9975070196550402,1.2218640419887379,0.6748440839583054,True,True,118.0,66.0,True,True,True,-0.1354966096445842,-0.5470199580304325,0.552307016793711,-52.0
v100_s1_p10,100,0.1,h2+3+4,0,2.32888056230926,2.381520694228433,1.4921807909850031,0.9235427079838701,True,True,66.0,51.0,True,True,True,0.05264013191917316,-0.568638083001133,0.6189214561422082,-15.0
v100_s1_p10,100,0.1,h2+3+4,1,2.2365914543508554,2.31365891781584,2.4648729580221698,1.3573171249590814,True,True,66.0,51.0,True,True,True,0.07706746346498461,-1.1075558330630884,0.5506641307989364,-15.0
v100_s1_p10,100,0.1,h2+3+4,2,2.294141462645758,2.3698589405863566,2.6370330410427414,1.327634290966671,True,True,66.0,51.0,True,True,True,0.07571747794059869,-1.3093987500760704,0.5034575867284905,-15.0
v100_s1_p10,100,0.1,h2+3+4,3,2.3219793706337506,2.2848694717819864,2.272565957973711,1.4100520830252208,True,True,66.0,51.0,True,True,True,-0.03710989885176419,-0.8625138749484904,0.6204669563397254,-15.0
v100_s1_p10,100,0.1,h2+3+4,4,2.258854060031381,2.386412240107306,2.1692841249750927,1.359952166036237,True,True,66.0,51.0,True,True,True,0.1275581800759249,-0.8093319589388557,0.6269128835540857,-15.0
v100_s1_p30,100,0.3,h2,0,2.4754088185054446,2.78893582090772,0.528099209011998,0.15919291600584984,True,True,103.0,21.0,True,True,True,0.3135270024022754,-0.3689062930061482,0.3014450945754647,-82.0
v100_s1_p30,100,0.3,h2,1,2.6469639599305124,2.65406648816129,0.7342352920095436,0.20754808303900063,True,True,103.0,21.0,True,True,True,0.007102528230777505,-0.526687208970543,0.28267244206003506,-82.0
v100_s1_p30,100,0.3,h2,2,2.58063942035862,2.6641918612827626,0.8296993330004625,0.21267199999419972,True,True,103.0,21.0,True,True,True,0.0835524409241426,-0.6170273330062628,0.2563241785733497,-82.0
v100_s1_p30,100,0.3,h2,3,2.5741729456983373,2.5487734340357235,0.7456379999639466,0.21591012499993667,True,True,103.0,21.0,True,True,True,-0.025399511662613783,-0.52972787496401,0.28956427248929967,-82.0
v100_s1_p30,100,0.3,h2,4,2.6213680812434013,2.6570976272368942,0.7717655840096995,0.2015206660144031,True,True,103.0,21.0,True,True,True,0.035729545993492984,-0.5702449179952964,0.2611164195316986,-82.0
v100_s1_p30,100,0.3,h3,0,2.5954046582032873,2.8673996153734977,0.5068369579967111,0.16812833299627528,True,True,103.0,21.0,True,True,True,0.2719949571702105,-0.33870862500043586,0.3317207444003447,-82.0
v100_s1_p30,100,0.3,h3,1,2.519287828135161,2.8673996153734977,0.8117084169643931,0.23649687500437722,True,True,103.0,21.0,True,True,True,0.3481117872383366,-0.5752115419600159,0.29135693318152633,-82.0
v100_s1_p30,100,0.3,h3,2,2.553098691035875,2.8673996153734977,0.7390265419962816,0.23088954103877768,True,True,103.0,21.0,True,True,True,0.3143009243376227,-0.5081370009575039,0.3124238818474525,-82.0
v100_s1_p30,100,0.3,h3,3,2.4649057729210018,2.86739961537352,0.7808030830346979,0.24452108301920816,True,True,103.0,21.0,True,True,True,0.4024938424525182,-0.5362820000154898,0.31316613411520294,-82.0
v100_s1_p30,100,0.3,h3,4,2.494567149562396,2.8673996153734977,0.857994707999751,0.1963970839860849,True,True,103.0,21.0,True,True,True,0.37283246581110197,-0.6615976240136661,0.2289024421187245,-82.0
v100_s1_p30,100,0.3,h2+3,0,2.478530912170828,2.8673996153734977,0.5486970840138383,0.17542324995156378,True,True,103.0,21.0,True,True,True,0.38886870320266986,-0.37327383406227455,0.3197087337667345,-82.0
v100_s1_p30,100,0.3,h2+3,1,2.5225138550657036,2.8673996153734977,0.815408542053774,0.25535145902540535,True,True,103.0,21.0,True,True,True,0.34488576030779416,-0.5600570830283687,0.313157694402183,-82.0
v100_s1_p30,100,0.3,h2+3,2,2.4720055962541543,2.8673996153734977,0.8510651660035364,0.29644962499151006,True,True,103.0,21.0,True,True,True,0.39539401911934347,-0.5546155410120264,0.34832776247157343,-82.0
v100_s1_p30,100,0.3,h2+3,3,2.5941961273963314,2.86739961537352,0.8124540830031037,0.2559045419911854,True,True,103.0,21.0,True,True,True,0.2732034879771885,-0.5565495410119183,0.31497723667690375,-82.0
v100_s1_p30,100,0.3,h2+3,4,2.544403197125499,2.8673996153734977,0.7854439590009861,0.25931333302287385,True,True,103.0,21.0,True,True,True,0.32299641824799874,-0.5261306259781122,0.33014873951376117,-82.0
v100_s1_p50,100,0.5,h2,0,2.560087125055118,2.8764415426542325,0.5433691670186818,0.15362891601398587,True,True,103.0,21.0,True,True,True,0.3163544175991144,-0.3897402510046959,0.28273395941272444,-82.0
v100_s1_p50,100,0.5,h2,1,2.472377679429866,2.5041769276360224,0.7749529579887167,0.2473227500449866,True,True,103.0,21.0,True,True,True,0.03179924820615643,-0.5276302079437301,0.31914550102096345,-82.0
v100_s1_p50,100,0.5,h2,2,2.580513484179343,2.580513484179343,0.7814199580461718,0.23352187499403954,True,True,103.0,21.0,True,True,True,0.0,-0.5478980830521323,0.29884298780636137,-82.0
v100_s1_p50,100,0.5,h2,3,2.4773096804583985,2.6633905822623594,0.8138720830320381,0.22408575000008568,True,True,103.0,21.0,True,True,True,0.18608090180396086,-0.5897863330319524,0.27533288666846256,-82.0
v100_s1_p50,100,0.5,h2,4,2.5543798413885823,2.828621770348657,0.7896009999676608,0.19587783300084993,True,True,103.0,21.0,True,True,True,0.2742419289600746,-0.5937231669668108,0.24807191608023849,-82.0
v100_s1_p50,100,0.5,h3,0,2.550211458119307,2.8673996153734977,0.5789463749970309,0.171419958001934,True,True,103.0,21.0,True,True,True,0.3171881572541908,-0.40752641699509695,0.29608952643120545,-82.0
v100_s1_p50,100,0.5,h3,1,2.645850674334262,2.8673996153734977,0.789313042012509,0.2382755830185488,True,True,103.0,21.0,True,True,True,0.22154894103923573,-0.5510374589939602,0.30187716449105956,-82.0
v100_s1_p50,100,0.5,h3,2,2.5279713960942867,2.8673996153734977,0.8061335000093095,0.21868412499316037,True,True,103.0,21.0,True,True,True,0.3394282192792111,-0.5874493750161491,0.27127532225200285,-82.0
v100_s1_p50,100,0.5,h3,3,2.551230169461191,2.8673996153734977,0.7798102920060046,0.2451949170208536,True,True,103.0,21.0,True,True,True,0.31616944591230656,-0.534615374985151,0.31442893167017294,-82.0
v100_s1_p50,100,0.5,h3,4,2.5067194407458615,2.8673996153734977,0.7669768749619834,0.22755437495652586,True,True,103.0,21.0,True,True,True,0.36068017462763624,-0.5394225000054576,0.296690007723903,-82.0
v100_s1_p50,100,0.5,h2+3,0,2.5280368514979843,2.8673996153734977,0.5666024580132216,0.18056145805167034,True,True,103.0,21.0,True,True,True,0.33936276387551345,-0.3860409999615513,0.3186739759033254,-82.0
v100_s1_p50,100,0.5,h2+3,1,2.4785309121708416,2.8673996153734977,0.8489886659663171,0.26271387498127297,True,True,103.0,21.0,True,True,True,0.3888687032026561,-0.5862747909850441,0.3094433241723582,-82.0
v100_s1_p50,100,0.5,h2+3,2,2.4954724878432355,2.8673996153734977,0.9033550840103999,0.2608800419839099,True,True,103.0,21.0,True,True,True,0.37192712753026225,-0.64247504202649,0.28879014088872557,-82.0
v100_s1_p50,100,0.5,h2+3,3,2.516974185829595,2.8673996153734977,0.8492219159961678,0.2280078330077231,True,True,103.0,21.0,True,True,True,0.35042542954390266,-0.6212140829884447,0.2684902835323812,-82.0
v100_s1_p50,100,0.5,h2+3,4,2.4613846795139653,2.8673996153734977,0.840974582999479,0.2265863330103457,True,True,103.0,21.0,True,True,True,0.4060149358595324,-0.6143882499891333,0.26943303351949943,-82.0
v100_s2_p0,100,0.0,h2,0,1.931560939457536,2.1359591417141814,0.9662913749925792,0.6448779590427876,True,True,131.0,105.0,True,True,True,0.2043982022566455,-0.32141341594979167,0.6673742265864062,-26.0
v100_s2_p0,100,0.0,h2,1,2.105282475477209,2.091153264201741,0.9982075830339454,0.7548528750194237,True,True,131.0,105.0,True,True,True,-0.014129211275467846,-0.24335470801452175,0.7562083156342381,-26.0
v100_s2_p0,100,0.0,h2,2,1.9514660754362056,2.1444205923198356,0.9996514169615693,0.7854926660074852,True,True,131.0,105.0,True,True,True,0.19295451688362997,-0.2141587509540841,0.785766570906269,-26.0
v100_s2_p0,100,0.0,h2,3,2.0196265715412722,1.9421446823230892,0.9317047080257908,0.7493351660086773,True,True,131.0,105.0,True,True,True,-0.077481889218183,-0.18236954201711342,0.8042625088762939,-26.0
v100_s2_p0,100,0.0,h2,4,2.008676995897795,1.9884630596910806,1.0472206249833107,0.7559581249952316,True,True,131.0,105.0,True,True,True,-0.02021393620671419,-0.29126249998807907,0.7218709285899322,-26.0
v100_s2_p0,100,0.0,h3,0,1.7045560905827386,1.7084104650665737,1.5827827079920098,1.0013352500391193,True,True,131.0,105.0,True,True,True,0.003854374483835077,-0.5814474579528905,0.632642272993656,-26.0
v100_s2_p0,100,0.0,h3,1,1.7125720239216917,1.7566782029963004,1.7064254579599947,1.1675171249662526,True,True,131.0,105.0,True,True,True,0.044106179074608676,-0.5389083329937421,0.6841887640155119,-26.0
v100_s2_p0,100,0.0,h3,2,1.7128335018562282,1.7226804752779523,1.7646027079899795,1.24342308298219,True,True,131.0,105.0,True,True,True,0.009846973421724137,-0.5211796250077896,0.7046476112453358,-26.0
v100_s2_p0,100,0.0,h3,3,1.7449131449990098,1.7135080950838995,1.7087881250190549,1.172055792005267,True,True,131.0,105.0,True,True,True,-0.031405049915110395,-0.5367323330137879,0.6858988395604617,-26.0
v100_s2_p0,100,0.0,h3,4,1.737895240106199,1.7232207349194137,1.7084457500022836,1.14693437499227,True,True,131.0,105.0,True,True,True,-0.014674505186785147,-0.5615113750100136,0.6713320425835804,-26.0
v100_s2_p0,100,0.0,h4,0,1.8227665120781547,1.82531374335433,2.2759874159819447,1.8633637920138426,True,True,97.0,92.0,True,True,True,0.002547231276175399,-0.41262362396810204,0.8187056654748326,-5.0
v100_s2_p0,100,0.0,h4,1,1.7737715868906698,1.8129385008494536,2.7519556249608286,1.9573806669795886,True,True,77.0,82.0,True,True,True,0.0391669139587838,-0.79457495798124,0.711268978767581,5.0
v100_s2_p0,100,0.0,h4,2,1.8341986544886715,1.847326872638782,2.505780750012491,1.8959135419572704,True,True,89.0,81.0,True,True,True,0.013128218150110449,-0.6098672080552205,0.7566158938477836,-8.0
v100_s2_p0,100,0.0,h4,3,1.8330996617214834,1.9027127804209205,2.4017549159470946,2.0122770000016317,True,True,97.0,82.0,True,True,True,0.0696131186994371,-0.3894779159454629,0.8378361116867421,-15.0
v100_s2_p0,100,0.0,h4,4,1.863979601472113,1.8803562118149582,2.5958400419913232,2.021466790989507,True,True,97.0,96.0,True,True,True,0.0163766103428451,-0.5743732510018162,0.7787331878272428,-1.0
v100_s2_p0,100,0.0,h2+3,0,1.725463008321833,1.6776123219197148,1.6172746669617482,1.0955321249784902,True,True,131.0,105.0,True,True,True,-0.0478506864021182,-0.521742541983258,0.6773939809720656,-26.0
v100_s2_p0,100,0.0,h2+3,1,1.7261812258986098,1.6952615865518548,1.899804332992062,1.2010917500010692,True,True,131.0,105.0,True,True,True,-0.030919639346755012,-0.6987125829909928,0.6322186601761413,-26.0
v100_s2_p0,100,0.0,h2+3,2,1.7123639320360933,1.7182573429718215,1.8045022500446066,1.2251908340258524,True,True,131.0,105.0,True,True,True,0.0058934109357282605,-0.5793114160187542,0.6789633174442238,-26.0
v100_s2_p0,100,0.0,h2+3,3,1.7342701241624918,1.7056436093159708,1.7847688329638913,1.1938971250201575,True,True,131.0,105.0,True,True,True,-0.028626514846521012,-0.5908717079437338,0.668936560841609,-26.0
v100_s2_p0,100,0.0,h2+3,4,1.7233001900957439,1.760486340928499,1.8313596250372939,1.1910362499766052,True,True,131.0,105.0,True,True,True,0.037186150832755116,-0.6403233750606887,0.6503562892254714,-26.0
v100_s2_p0,100,0.0,h2+3+4,0,1.8316556728160749,1.913477787186314,2.819757124991156,2.2648762079770677,True,True,97.0,92.0,True,True,True,0.08182211437023912,-0.5548809170140885,0.803216769240071,-5.0
v100_s2_p0,100,0.0,h2+3+4,1,1.787473637025216,1.8099077004210693,3.1472612079815008,2.4504608749994077,True,True,77.0,82.0,True,True,True,0.0224340633958533,-0.6968003329820931,0.7786010480429787,5.0
v100_s2_p0,100,0.0,h2+3+4,2,1.833834192574892,1.8459465166733564,2.982183000014629,2.3656161669641733,True,True,89.0,81.0,True,True,True,0.012112324098464411,-0.6165668330504559,0.7932498330761623,-8.0
v100_s2_p0,100,0.0,h2+3+4,3,1.8523233578632394,1.816744574305291,2.9476885410258546,2.4660133339930326,True,True,97.0,82.0,True,True,True,-0.03557878355794841,-0.4816752070328221,0.8365922313945728,-15.0
v100_s2_p0,100,0.0,h2+3+4,4,1.8448975049885732,1.7904864091137782,3.010344584006816,2.4364935840130784,True,True,97.0,96.0,True,True,True,-0.05441109587479498,-0.5738509999937378,0.8093736500989089,-1.0
v100_s2_p10,100,0.1,h2,0,2.310944860703906,2.1533917578997808,0.8208433749969117,0.413336125027854,True,True,118.0,66.0,True,True,True,-0.15755310280412527,-0.40750724996905774,0.503550540356629,-52.0
v100_s2_p10,100,0.1,h2,1,2.289015768875475,2.233864579352704,0.8477756669744849,0.44732587499311194,True,True,118.0,66.0,True,True,True,-0.05515118952277076,-0.400449791981373,0.5276465135989505,-52.0
v100_s2_p10,100,0.1,h2,2,2.2651212706875814,2.1853552098188582,0.9390717080095783,0.420238959020935,True,True,118.0,66.0,True,True,True,-0.07976606086872318,-0.5188327489886433,0.4475046531980587,-52.0
v100_s2_p10,100,0.1,h2,3,2.211091990008462,2.226618478992546,0.8346764169982634,0.4088410419644788,True,True,118.0,66.0,True,True,True,0.01552648898408382,-0.42583537503378466,0.48981980757859295,-52.0
v100_s2_p10,100,0.1,h2,4,2.215152859605765,2.3257235785926356,0.8567013749852777,0.42099154205061495,True,True,118.0,66.0,True,True,True,0.11057071898687054,-0.4357098329346627,0.4914099058821397,-52.0
v100_s2_p10,100,0.1,h3,0,2.1338120498951816,2.006737855453608,1.04820529097924,0.5658879169495776,True,True,118.0,66.0,True,True,True,-0.12707419444157342,-0.48231737402966246,0.5398636334118496,-52.0
v100_s2_p10,100,0.1,h3,1,2.022836697997626,2.1264957066518133,1.244114208035171,0.6771660000085831,True,True,118.0,66.0,True,True,True,0.10365900865418709,-0.566948208026588,0.5442956889609283,-52.0
v100_s2_p10,100,0.1,h3,2,2.0537121460883876,2.133914229436759,1.2562934170127846,0.6502064170199446,True,True,118.0,66.0,True,True,True,0.0802020833483712,-0.60608699999284,0.5175593601103203,-52.0
v100_s2_p10,100,0.1,h3,3,2.1287985358560664,2.03353981047753,1.1582491669687442,0.6290024169720709,True,True,118.0,66.0,True,True,True,-0.09525872537853619,-0.5292467499966733,0.5430631291695501,-52.0
v100_s2_p10,100,0.1,h3,4,2.1196354130775146,2.153317366638135,1.178853709017858,0.6432202919968404,True,True,118.0,66.0,True,True,True,0.033681953560620315,-0.5356334170210175,0.5456319873080168,-52.0
v100_s2_p10,100,0.1,h4,0,,2.164185796789294,1.8116475839633495,0.9533007089630701,True,True,92.0,68.0,False,True,False,,-0.8583468750002794,0.526206485964301,-24.0
v100_s2_p10,100,0.1,h4,1,,2.055543295517629,1.8585342500009574,0.9917737920186482,True,True,92.0,58.0,False,True,False,,-0.8667604579823092,0.5336322384255966,-34.0
v100_s2_p10,100,0.1,h4,2,2.470312665579237,2.156211183020859,1.887284709024243,1.1843310000258498,True,True,92.0,56.0,True,True,True,-0.3141014825583781,-0.7029537089983933,0.6275317096370522,-36.0
v100_s2_p10,100,0.1,h4,3,2.2878971000352184,2.0619601276640527,1.9002123749814928,1.1111359579954296,True,True,92.0,40.0,True,True,True,-0.22593697237116572,-0.7890764169860631,0.5847430385281285,-52.0
v100_s2_p10,100,0.1,h4,4,2.4500383050624825,2.2423375166259087,1.9427774170180783,1.1192249589948915,True,True,77.0,68.0,True,True,True,-0.2077007884365738,-0.8235524580231868,0.5760953103483993,-9.0
v100_s2_p10,100,0.1,h2+3,0,2.069074337991178,2.134258444703213,1.1684491249616258,0.6449948329827748,True,True,118.0,66.0,True,True,True,0.06518410671203512,-0.523454291978851,0.5520093423014526,-52.0
v100_s2_p10,100,0.1,h2+3,1,2.0599151700541345,1.9850277935496663,1.2500376669922844,0.6874251659610309,True,True,118.0,66.0,True,True,True,-0.0748873765044682,-0.5626125010312535,0.5499235615955834,-52.0
v100_s2_p10,100,0.1,h2+3,2,2.059796342500556,1.974886476497557,1.3186139999888837,0.695068083005026,True,True,118.0,66.0,True,True,True,-0.08490986600299877,-0.6235459169838578,0.5271202057697595,-52.0
v100_s2_p10,100,0.1,h2+3,3,2.0542650282196377,2.113616633811852,1.1644632499665022,0.6854517919709906,True,True,118.0,66.0,True,True,True,0.059351605592214085,-0.4790114579955116,0.5886418416302179,-52.0
v100_s2_p10,100,0.1,h2+3,4,2.1175772888897675,2.143470783518537,1.1816667499952018,0.6710069580003619,True,True,118.0,66.0,True,True,True,0.025893494628769442,-0.5106597919948399,0.5678478792799125,-52.0
v100_s2_p10,100,0.1,h2+3+4,0,,2.2589683106720404,2.2302814589929767,1.2082540830015205,True,True,92.0,68.0,False,True,False,,-1.0220273759914562,0.5417495976257073,-24.0
v100_s2_p10,100,0.1,h2+3+4,1,2.554136505437008,2.0850504350678185,2.272619916999247,1.307885082962457,True,True,92.0,58.0,True,True,True,-0.4690860703691895,-0.9647348340367898,0.5754966209613178,-34.0
v100_s2_p10,100,0.1,h2+3+4,2,,2.212357582559292,2.3222389579750597,1.361026375030633,True,True,92.0,56.0,False,True,False,,-0.9612125829444267,0.5860836889143474,-36.0
v100_s2_p10,100,0.1,h2+3+4,3,2.542550060997885,2.159665552886309,2.368966082984116,1.3409546249895357,True,True,92.0,40.0,True,True,True,-0.3828845081115757,-1.0280114579945803,0.5660505798801371,-52.0
v100_s2_p10,100,0.1,h2+3+4,4,,2.370632922666089,2.3813732090056874,1.293330833024811,True,True,77.0,68.0,False,True,False,,-1.0880423759808764,0.5431029576270513,-9.0
v100_s2_p30,100,0.3,h2,0,2.6944422182556904,2.701577768363902,0.8242987500270829,0.2509631250286475,True,True,104.0,24.0,True,True,True,0.007135550108211763,-0.5733356249984354,0.30445651533549206,-80.0
v100_s2_p30,100,0.3,h2,1,2.6409896486473157,2.889167653258347,0.8456540409824811,0.20006554201245308,True,True,104.0,24.0,True,True,True,0.24817800461103134,-0.645588498970028,0.23658083840055547,-80.0
v100_s2_p30,100,0.3,h2,2,2.6764746417767915,2.6511354661029176,0.7871622919919901,0.24199837498599663,True,True,104.0,24.0,True,True,True,-0.025339175673873893,-0.5451639170059934,0.30743136129348425,-80.0
v100_s2_p30,100,0.3,h2,3,2.7326805370132212,2.712491416649927,0.7770652499748394,0.22536633303388953,True,True,104.0,24.0,True,True,True,-0.020189120363294233,-0.5516989169409499,0.2900224055073711,-80.0
v100_s2_p30,100,0.3,h2,4,2.6797227763999363,2.7074222225719833,0.8013215839746408,0.2007636249763891,True,True,104.0,24.0,True,True,True,0.027699446172047004,-0.6005579589982517,0.25054064309684515,-80.0
v100_s2_p30,100,0.3,h3,0,2.736295921255175,2.645946478968793,0.7038893750286661,0.25618366699200124,True,True,104.0,24.0,True,True,True,-0.09034944228638198,-0.4477057080366649,0.3639544452302154,-80.0
v100_s2_p30,100,0.3,h3,1,2.762703272015644,2.7113438050149683,0.8832366660353728,0.2642275830148719,True,True,104.0,24.0,True,True,True,-0.05135946700067562,-0.6190090830205008,0.2991583039695613,-80.0
v100_s2_p30,100,0.3,h3,2,2.6986897147290523,2.6459464789688005,0.8668887910316698,0.2987206249963492,True,True,104.0,24.0,True,True,True,-0.05274323576025175,-0.5681681660353206,0.3445893268972215,-80.0
v100_s2_p30,100,0.3,h3,3,2.597496674452979,2.6459464789688005,0.8456948749953881,0.25913641694933176,True,True,104.0,24.0,True,True,True,0.048449804515821704,-0.5865584580460563,0.30641833669707996,-80.0
v100_s2_p30,100,0.3,h3,4,2.7596885387273677,2.645946478968793,0.8326080840197392,0.23267912497976795,True,True,104.0,24.0,True,True,True,-0.11374205975857477,-0.5999289590399712,0.2794581621840843,-80.0
v100_s2_p30,100,0.3,h2+3,0,2.68158329490785,2.645946478968793,0.7857672089594416,0.24463525001192465,True,True,104.0,24.0,True,True,True,-0.03563681593905699,-0.541131958947517,0.31133298414919197,-80.0
v100_s2_p30,100,0.3,h2+3,1,2.747850254582935,2.7113438050149683,0.8399598749820143,0.30286133399931714,True,True,104.0,24.0,True,True,True,-0.03650644956796656,-0.5370985409826972,0.3605664306355136,-80.0
v100_s2_p30,100,0.3,h2+3,2,2.719197179181635,2.645946478968793,0.8937712920014746,0.29675112501718104,True,True,104.0,24.0,True,True,True,-0.07325070021284219,-0.5970201669842936,0.3320213209720003,-80.0
v100_s2_p30,100,0.3,h2+3,3,2.8364384587544937,2.7113438050149683,0.8868962499545887,0.25247329199919477,True,True,104.0,24.0,True,True,True,-0.12509465373952544,-0.6344229579553939,0.2846706049463193,-80.0
v100_s2_p30,100,0.3,h2+3,4,2.7314665281661528,2.7113438050149683,0.8481007079826668,0.24662525003077462,True,True,104.0,24.0,True,True,True,-0.020122723151184463,-0.6014754579518922,0.29079712787577944,-80.0
v100_s2_p50,100,0.5,h2,0,2.8294109801092695,2.6325839027241806,0.7695097089745104,0.22471308300737292,True,True,104.0,24.0,True,True,True,-0.19682707738508887,-0.5447966259671375,0.2920211147262034,-80.0
v100_s2_p50,100,0.5,h2,1,2.7568824801062233,2.8788713387349696,0.7446569169987924,0.2587984999991022,True,True,104.0,24.0,True,True,True,0.12198885862874631,-0.48585841699969023,0.3475405842493797,-80.0
v100_s2_p50,100,0.5,h2,2,2.7785545456895036,2.7244091781838717,0.77915600000415,0.28289183403830975,True,True,104.0,24.0,True,True,True,-0.054145367505631814,-0.4962641659658402,0.36307470395761954,-80.0
v100_s2_p50,100,0.5,h2,3,2.7960755870297263,2.750994447925864,0.7899892919813283,0.20958420902024955,True,True,104.0,24.0,True,True,True,-0.045081139103862355,-0.5804050829610787,0.26530006311174553,-80.0
v100_s2_p50,100,0.5,h2,4,2.7062464076334876,2.8116580847528567,0.7844519580248743,0.22025170898996294,True,True,104.0,24.0,True,True,True,0.10541167711936916,-0.5642002490349114,0.2807714439830348,-80.0
v100_s2_p50,100,0.5,h3,0,2.6560221014555396,2.7113438050149683,0.7600557919940911,0.23571837501367554,True,True,104.0,24.0,True,True,True,0.05532170355942867,-0.5243374169804156,0.3101329895733603,-80.0
v100_s2_p50,100,0.5,h3,1,2.7826831261991134,2.6459464789688005,0.8084140839637257,0.2587729999795556,True,True,104.0,24.0,True,True,True,-0.13673664723031287,-0.5496410839841701,0.3200995691598651,-80.0
v100_s2_p50,100,0.5,h3,2,2.748912635435354,2.6459464789688005,0.7669930830015801,0.24366195796756074,True,True,104.0,24.0,True,True,True,-0.10296615646655338,-0.5233311250340194,0.31768468760370655,-80.0
v100_s2_p50,100,0.5,h3,3,2.701121297217106,2.645946478968793,0.8277743749786168,0.2599291250226088,True,True,104.0,24.0,True,True,True,-0.05517481824831316,-0.567845249956008,0.3140096297729962,-80.0
v100_s2_p50,100,0.5,h3,4,2.7142040769481843,2.7113438050149683,0.8371713749947958,0.2677426250302233,True,True,104.0,24.0,True,True,True,-0.00286027193321603,-0.5694287499645725,0.3198181794401268,-80.0
v100_s2_p50,100,0.5,h2+3,0,2.6645984151267155,2.7113438050149683,0.7930776659632102,0.2547207500319928,True,True,104.0,24.0,True,True,True,0.04674538988825283,-0.5383569159312174,0.32118008230962963,-80.0
v100_s2_p50,100,0.5,h2+3,1,2.7805036740662143,2.645946478968793,0.8158671249984764,0.27177862502867356,True,True,104.0,24.0,True,True,True,-0.13455719509742137,-0.5440884999698028,0.3331162841365634,-80.0
v100_s2_p50,100,0.5,h2+3,2,2.8117554758951657,2.6459464789688005,0.8870030000107363,0.30402212496846914,True,True,104.0,24.0,True,True,True,-0.1658089969263652,-0.5829808750422671,0.34275208197130025,-80.0
v100_s2_p50,100,0.5,h2+3,3,2.688699377584953,2.6459464789688005,0.8858366250060499,0.255555167037528,True,True,104.0,24.0,True,True,True,-0.04275289861615228,-0.6302814579685219,0.28849017959240814,-80.0
v100_s2_p50,100,0.5,h2+3,4,2.7445679700969645,2.711343805014975,0.8597915410064161,0.28890024998690933,True,True,104.0,24.0,True,True,True,-0.033224165081989554,-0.5708912910195068,0.33601197058619753,-80.0
v100_s3_p0,100,0.0,h2,0,2.043835753307651,1.9682900254488793,0.9266970420139842,0.7391850000130944,True,True,131.0,105.0,True,True,True,-0.07554572785877167,-0.18751204200088978,0.7976555082194163,-26.0
v100_s3_p0,100,0.0,h2,1,1.9847305766869787,1.89340324176288,0.9914004999445751,0.7385434999596328,True,True,131.0,105.0,True,True,True,-0.09132733492409861,-0.2528569999849424,0.7449496949022333,-26.0
v100_s3_p0,100,0.0,h2,2,1.9243069655950795,2.1851277025018514,0.9931723329937086,0.7889795419760048,True,True,131.0,105.0,True,True,True,0.2608207369067719,-0.2041927910177037,0.794403464298882,-26.0
v100_s3_p0,100,0.0,h2,3,2.017144917286805,2.011106178893556,0.9784911250462756,0.7271044999943115,True,True,131.0,105.0,True,True,True,-0.006038738393248977,-0.2513866250519641,0.7430874755863777,-26.0
v100_s3_p0,100,0.0,h2,4,1.9410557787826839,2.079264646861193,0.9557945000124164,0.7152512909960933,True,True,131.0,105.0,True,True,True,0.13820886807850896,-0.2405432090163231,0.7483316664688924,-26.0
v100_s3_p0,100,0.0,h3,0,1.7294639618066272,1.7377045557296633,1.65733337495476,1.0920445829979144,True,True,131.0,105.0,True,True,True,0.00824059392303611,-0.5652887919568457,0.6589166666771094,-26.0
v100_s3_p0,100,0.0,h3,1,1.7462465861538496,1.7171222106892396,1.7361045830184594,1.2017440419876948,True,True,131.0,105.0,True,True,True,-0.029124375464609997,-0.5343605410307646,0.692207171009419,-26.0
v100_s3_p0,100,0.0,h3,2,1.7156779841833607,1.7580967940669474,1.7400309170479886,1.1754980830010027,True,True,131.0,105.0,True,True,True,0.042418809883586706,-0.564532834046986,0.6755616072588344,-26.0
v100_s3_p0,100,0.0,h3,3,1.7207427533779662,1.7623530068728905,1.637380791013129,1.1585132089676335,True,True,131.0,105.0,True,True,True,0.04161025349492431,-0.4788675820454955,0.7075404910856464,-26.0
v100_s3_p0,100,0.0,h3,4,1.7446701859123381,1.7027864830734618,1.7227837079553865,1.19576249999227,True,True,131.0,105.0,True,True,True,-0.041883702838876324,-0.5270212079631165,0.694087420533719,-26.0
v100_s3_p0,100,0.0,h4,0,1.8635180900829043,1.8252888226959652,2.2928295839810744,1.798236500006169,True,True,89.0,80.0,True,True,True,-0.0382292673869391,-0.4945930839749053,0.7842870279455589,-9.0
v100_s3_p0,100,0.0,h4,1,1.819611700630006,1.859700988662647,2.42516862496268,1.9159907499561086,True,True,89.0,116.0,True,True,True,0.04008928803264089,-0.5091778750065714,0.7900443417560679,27.0
v100_s3_p0,100,0.0,h4,2,1.941618644128097,1.775800112464702,2.3164496250101365,2.0744240419589914,True,True,108.0,63.0,True,True,True,-0.16581853166339489,-0.24202558305114508,0.8955187367607504,-45.0
v100_s3_p0,100,0.0,h4,3,1.7673548818254246,1.8066056832591406,2.425014958018437,2.0825354589615017,True,True,97.0,76.0,True,True,True,0.039250801433716065,-0.3424794990569353,0.858772211724093,-21.0
v100_s3_p0,100,0.0,h4,4,1.8292764480197938,1.8429047337421212,2.5079927920014597,2.0024113329709508,True,True,97.0,93.0,True,True,True,0.013628285722327327,-0.505581459030509,0.7984119170346424,-4.0
v100_s3_p0,100,0.0,h2+3,0,1.7220439261771692,1.730083979330675,1.6876639170222916,1.1474311670172028,True,True,131.0,105.0,True,True,True,0.008040053153505866,-0.5402327500050887,0.6798931679725229,-26.0
v100_s3_p0,100,0.0,h2+3,1,1.7225635560107468,1.7029829381408825,1.7690133749856614,1.2163768340251409,True,True,131.0,105.0,True,True,True,-0.019580617869864314,-0.5526365409605205,0.6876018300511719,-26.0
v100_s3_p0,100,0.0,h2+3,2,1.7484926892675412,1.7209229661594063,1.8435202079708688,1.2471859159995802,True,True,131.0,105.0,True,True,True,-0.02756972310813488,-0.5963342919712886,0.6765241360561686,-26.0
v100_s3_p0,100,0.0,h2+3,3,1.6916006881156713,1.7183849506354554,1.8088220420177095,1.2082380410283804,True,True,131.0,105.0,True,True,True,0.026784262519784052,-0.6005840009893291,0.6679695475629056,-26.0
v100_s3_p0,100,0.0,h2+3,4,1.7039360191932624,1.7448810917791986,1.8038720409967937,1.2478269170387648,True,True,131.0,105.0,True,True,True,0.04094507258593616,-0.5560451239580289,0.6917491311352848,-26.0
v100_s3_p0,100,0.0,h2+3+4,0,1.8753798871671015,1.8201125063735217,2.833470791054424,2.2802186249755323,True,True,89.0,80.0,True,True,True,-0.055267380793579735,-0.5532521660788916,0.8047440023643198,-9.0
v100_s3_p0,100,0.0,h2+3+4,1,1.860672809968851,1.9294324090239072,3.0217769580194727,2.4539895839989185,True,True,89.0,116.0,True,True,True,0.06875959905505624,-0.5677873740205541,0.8121014946143834,27.0
v100_s3_p0,100,0.0,h2+3+4,2,1.9569567397652563,1.7886645115006072,3.0141764170257375,2.5965964590432122,True,True,108.0,63.0,True,True,True,-0.16829222826464907,-0.41757995798252523,0.8614613412725936,-45.0
v100_s3_p0,100,0.0,h2+3+4,3,1.8617508186163956,1.784737298273373,3.0968046670313925,2.636414291046094,True,True,97.0,76.0,True,True,True,-0.07701352034302267,-0.4603903759852983,0.851333737356244,-21.0
v100_s3_p0,100,0.0,h2+3+4,4,1.797960734037802,1.787821539386703,3.081074042012915,2.4684262090013362,True,True,97.0,93.0,True,True,True,-0.010139194651099137,-0.6126478330115788,0.8011577051840902,-4.0
v100_s3_p10,100,0.1,h2,0,2.506591623888509,2.2093232826021585,0.7203509579994716,0.4189027090324089,True,True,118.0,66.0,True,True,True,-0.2972683412863506,-0.3014482489670627,0.5815258581674798,-52.0
v100_s3_p10,100,0.1,h2,1,2.4968725681929924,2.298718101075762,0.7668133329716511,0.4001356670050882,True,True,118.0,66.0,True,True,True,-0.1981544671172304,-0.3666776659665629,0.5218162619244403,-52.0
v100_s3_p10,100,0.1,h2,2,2.364562453838708,2.3261265114759304,0.8115200000465848,0.4474122920073569,True,True,118.0,66.0,True,True,True,-0.038435942362777364,-0.3641077080392279,0.5513262667360921,-52.0
v100_s3_p10,100,0.1,h2,3,2.270564393710866,2.3594102741018546,0.8145191660150886,0.43014429102186114,True,True,118.0,66.0,True,True,True,0.08884588039098862,-0.3843748749932274,0.5280959724082084,-52.0
v100_s3_p10,100,0.1,h2,4,2.3309126136391565,2.4021643683308347,0.7466270000441,0.4506969999638386,True,True,118.0,66.0,True,True,True,0.07125175469167822,-0.2959300000802614,0.603644122081331,-52.0
v100_s3_p10,100,0.1,h3,0,2.059289855078833,2.1401621172888103,0.900806209014263,0.5895192499738187,True,True,118.0,66.0,True,True,True,0.08087226220997712,-0.31128695904044434,0.6544351538372716,-52.0
v100_s3_p10,100,0.1,h3,1,2.1832346976130164,2.191790680433428,0.988348999992013,0.6444147499860264,True,True,118.0,66.0,True,True,True,0.00855598282041159,-0.34393425000598654,0.6520113340441829,-52.0
v100_s3_p10,100,0.1,h3,2,2.0880275994110082,2.1691356217828393,1.1034713339759037,0.6555065830470994,True,True,118.0,66.0,True,True,True,0.08110802237183101,-0.4479647509288043,0.5940404275707388,-52.0
v100_s3_p10,100,0.1,h3,3,2.0952108419800743,2.160516755448219,0.9361129169701599,0.5957254170207307,True,True,118.0,66.0,True,True,True,0.06530591346814463,-0.3403874999494292,0.636382007150234,-52.0
v100_s3_p10,100,0.1,h3,4,2.12070457170205,2.136565549059,1.1058434590231627,0.6212890419992618,True,True,118.0,66.0,True,True,True,0.015860977356950023,-0.4845544170239009,0.5618236803137328,-52.0
v100_s3_p10,100,0.1,h4,0,2.4275114366889463,2.302805789412775,1.8697187920333818,0.9577482499880716,True,True,72.0,58.0,True,True,True,-0.1247056472761714,-0.9119705420453101,0.5122418697768386,-14.0
v100_s3_p10,100,0.1,h4,1,2.7406194470656913,2.4538279604490008,1.8237007920397446,1.006582916015759,True,True,90.0,64.0,True,True,True,-0.2867914866166905,-0.8171178760239854,0.551945209657957,-26.0
v100_s3_p10,100,0.1,h4,2,2.3095726243695123,2.4708490702450656,1.9888165409793146,1.0349841669667512,True,True,75.0,81.0,True,True,True,0.16127644587555334,-0.9538323740125634,0.5204020308766709,6.0
v100_s3_p10,100,0.1,h4,3,3.0472945922976993,2.62686005343127,1.8997817080235109,1.0624951660283841,True,True,110.0,81.0,True,True,True,-0.42043453886642945,-0.8372865419951268,0.5592722371949668,-29.0
v100_s3_p10,100,0.1,h4,4,2.4178610549002046,2.3736211073328777,1.9075177499908023,1.086321874987334,True,True,75.0,58.0,True,True,True,-0.044239947567326965,-0.8211958750034682,0.5694950282861442,-17.0
v100_s3_p10,100,0.1,h2+3,0,2.044986234919481,2.066434115736699,1.0060533750220202,0.6299228750285693,True,True,118.0,66.0,True,True,True,0.021447880817218046,-0.37613049999345094,0.626132659228723,-52.0
v100_s3_p10,100,0.1,h2+3,1,2.165986666361499,2.160516755448219,1.0631101250182837,0.6710125840036198,True,True,118.0,66.0,True,True,True,-0.005469910913280085,-0.3920975410146639,0.6311788103721423,-52.0
v100_s3_p10,100,0.1,h2+3,2,2.105848822594019,2.113924932941498,1.0467852500150912,0.6360023749875836,True,True,118.0,66.0,True,True,True,0.008076110347479126,-0.41078287502750754,0.6075767450663014,-52.0
v100_s3_p10,100,0.1,h2+3,3,2.1729861634532863,2.179590173321025,1.0091053749783896,0.6384099160204642,True,True,118.0,66.0,True,True,True,0.0066040098677384584,-0.37069545895792544,0.6326494059494391,-52.0
v100_s3_p10,100,0.1,h2+3,4,2.149715389782102,2.1402985301243715,1.0381917499471456,0.7041466250084341,True,True,118.0,66.0,True,True,True,-0.009416859657730647,-0.3340451249387115,0.6782433255169695,-52.0
v100_s3_p10,100,0.1,h2+3+4,0,2.623043573727288,2.5268453894987677,2.283516541996505,1.2301482079783455,True,True,71.0,58.0,True,True,True,-0.09619818422852022,-1.0533683340181597,0.5387078154918084,-13.0
v100_s3_p10,100,0.1,h2+3+4,1,2.5813759992838246,2.4233648255160527,2.3156704159919173,1.3317182090249844,True,True,90.0,64.0,True,True,True,-0.15801117376777185,-0.9839522069669329,0.5750897018108438,-26.0
v100_s3_p10,100,0.1,h2+3+4,2,2.240166479451218,2.618183141953758,2.447906791989226,1.3359931660233997,True,True,75.0,81.0,True,True,True,0.3780166625025396,-1.1119136259658262,0.5457696225997807,6.0
v100_s3_p10,100,0.1,h2+3+4,3,2.3945857034645193,2.412316255379051,2.6548035420128144,1.3259879169636406,True,True,75.0,81.0,True,True,True,0.017730551914531656,-1.3288156250491738,0.4994674355294499,6.0
v100_s3_p10,100,0.1,h2+3+4,4,2.384809530006604,2.3475424221502856,2.348596624971833,1.26563266600715,True,True,75.0,58.0,True,True,True,-0.03726710785631848,-1.0829639589646831,0.538888906059945,-17.0
v100_s3_p30,100,0.3,h2,0,2.9389785686786802,2.8318546875041872,0.6769813329447061,0.20811341697117314,True,True,103.0,21.0,True,True,True,-0.10712388117449301,-0.46886791597353294,0.30741381902796316,-82.0
v100_s3_p30,100,0.3,h2,1,2.9012352147347933,2.8502477922589136,0.6426667919731699,0.2216305830515921,True,True,103.0,21.0,True,True,True,-0.05098742247587973,-0.4210362089215778,0.3448607985035654,-82.0
v100_s3_p30,100,0.3,h2,2,3.0236920694035883,3.0926726290389697,0.6996005419641733,0.22980233398266137,True,True,103.0,21.0,True,True,True,0.06898055963538141,-0.46979820798151195,0.32847649508314647,-82.0
v100_s3_p30,100,0.3,h2,3,2.752387489989209,2.8360021087742364,0.6840330419945531,0.217732708028052,True,True,103.0,21.0,True,True,True,0.08361461878502752,-0.46630033396650106,0.31830729608203023,-82.0
v100_s3_p30,100,0.3,h2,4,2.8642603656664067,2.8747478538437057,0.6319118749815971,0.2255705000134185,True,True,103.0,21.0,True,True,True,0.010487488177298943,-0.40634137496817857,0.35696512273960307,-82.0
v100_s3_p30,100,0.3,h3,0,2.9538856335314336,2.9553411119614346,0.6789821249549277,0.22753587499028072,True,True,103.0,21.0,True,True,True,0.0014554784300009338,-0.451446249964647,0.33511320346671136,-82.0
v100_s3_p30,100,0.3,h3,1,2.9319953826809346,3.133882744914785,0.7202849999885075,0.24808824999490753,True,True,103.0,21.0,True,True,True,0.20188736223385018,-0.47219674999359995,0.3444306767444357,-82.0
v100_s3_p30,100,0.3,h3,2,2.9042289740510268,2.9646105866844867,0.7782063750200905,0.2461100000073202,True,True,103.0,21.0,True,True,True,0.06038161263345998,-0.5320963750127703,0.31625287058457535,-82.0
v100_s3_p30,100,0.3,h3,3,2.759334880035708,2.9553411119614257,0.6671178750111721,0.24272295797709376,True,True,103.0,21.0,True,True,True,0.19600623192571787,-0.4243949170340784,0.3638381867267893,-82.0
v100_s3_p30,100,0.3,h3,4,2.813228728914484,3.0807976157549994,0.7356534160207957,0.2347229999722913,True,True,103.0,21.0,True,True,True,0.2675688868405155,-0.5009304160485044,0.3190673690362583,-82.0
v100_s3_p30,100,0.3,h4,0,,2.872410100813711,0.6109177909675054,0.27993741602404043,True,True,266.0,7.0,False,True,False,,-0.330980374943465,0.4582243636753578,-259.0
v100_s3_p30,100,0.3,h4,1,,3.0127031749507007,0.6300732909585349,0.341802291048225,True,True,266.0,7.0,False,True,False,,-0.2882709999103099,0.542480209767722,-259.0
v100_s3_p30,100,0.3,h4,2,,3.0127031749507007,0.6360852079815231,0.34355029196012765,True,True,266.0,7.0,False,True,False,,-0.2925349160213955,0.5401010550934036,-259.0
v100_s3_p30,100,0.3,h4,3,,2.872410100813711,0.6343955830088817,0.31634366704383865,True,True,266.0,7.0,False,True,False,,-0.318051915965043,0.4986536405935376,-259.0
v100_s3_p30,100,0.3,h4,4,,2.8579109735364576,0.6767325419932604,0.2629356249817647,True,True,266.0,7.0,False,True,False,,-0.4137969170114957,0.3885369901191826,-259.0
v100_s3_p30,100,0.3,h2+3,0,2.7990063589561154,2.8195383748837135,0.7581430829595774,0.21233770798426121,True,True,103.0,21.0,True,True,True,0.020532015927598124,-0.5458053749753162,0.28007603413771776,-82.0
v100_s3_p30,100,0.3,h2+3,1,2.867752377501798,3.0807976157549994,0.7951493340078741,0.2526355829904787,True,True,103.0,21.0,True,True,True,0.21304523825320132,-0.5425137510173954,0.31772092635366145,-82.0
v100_s3_p30,100,0.3,h2+3,2,2.7398603141312377,2.9553411119614346,0.7434515419881791,0.24411637498997152,True,True,103.0,21.0,True,True,True,0.2154807978301969,-0.49933516699820757,0.3283554625996767,-82.0
v100_s3_p30,100,0.3,h2+3,3,3.027017522429895,2.8195383748837135,0.6919699170393869,0.2456762079964392,True,True,103.0,21.0,True,True,True,-0.20747914754618169,-0.44629370904294774,0.35503885638204025,-82.0
v100_s3_p30,100,0.3,h2+3,4,2.769884403035867,3.0807976157549994,0.745907292002812,0.2663800829905085,True,True,103.0,21.0,True,True,True,0.3109132127191323,-0.4795272090123035,0.35712224005111926,-82.0
v100_s3_p30,100,0.3,h2+3+4,0,,2.872410100813711,0.7559125000261702,0.3416334579815157,True,True,266.0,7.0,False,True,False,,-0.4142790420446545,0.4519484172701048,-259.0
v100_s3_p30,100,0.3,h2+3+4,1,,3.0127031749507007,0.7515515419654548,0.3556487919995561,True,True,266.0,7.0,False,True,False,,-0.3959027499658987,0.47321942959422947,-259.0
v100_s3_p30,100,0.3,h2+3+4,2,,3.0127031749507007,0.7659493749961257,0.3716402919963002,True,True,266.0,7.0,False,True,False,,-0.3943090829998255,0.48520216104123076,-259.0
v100_s3_p30,100,0.3,h2+3+4,3,,2.872410100813711,0.723609792010393,0.32378570799482986,True,True,266.0,7.0,False,True,False,,-0.39982408401556313,0.4474589918072577,-259.0
v100_s3_p30,100,0.3,h2+3+4,4,,2.8579109735364576,0.7989550000056624,0.34878141700755805,True,True,266.0,7.0,False,True,False,,-0.4501735829981044,0.43654701078920105,-259.0
v100_s3_p50,100,0.5,h2,0,2.9658079664710124,3.0808306474671983,0.6011696250061505,0.1853238339535892,True,True,103.0,21.0,True,True,True,0.11502268099618584,-0.41584579105256125,0.3082721186249109,-82.0
v100_s3_p50,100,0.5,h2,1,2.7589692101170047,3.0808306474671983,0.6810192089760676,0.2309575830004178,True,True,103.0,21.0,True,True,True,0.32186143735019357,-0.4500616259756498,0.33913519612415827,-82.0
v100_s3_p50,100,0.5,h2,2,2.811478689107744,2.8391765573156955,0.6693917910452001,0.22446962498361245,True,True,103.0,21.0,True,True,True,0.027697868207951615,-0.44492216606158763,0.3353336984206538,-82.0
v100_s3_p50,100,0.5,h2,3,2.768629566975528,2.860976643424431,0.6902224580408074,0.22070974996313453,True,True,103.0,21.0,True,True,True,0.09234707644890294,-0.46951270807767287,0.3197661093057127,-82.0
v100_s3_p50,100,0.5,h2,4,2.846940317945778,2.9284709552125743,0.6660610840190202,0.19010983302723616,True,True,103.0,21.0,True,True,True,0.0815306372667961,-0.47595125099178404,0.28542402129262867,-82.0
v100_s3_p50,100,0.5,h3,0,2.9149611809677993,3.0807976157549994,0.6538363340077922,0.21396962500875816,True,True,103.0,21.0,True,True,True,0.16583643478720012,-0.439866708999034,0.3272525766458983,-82.0
v100_s3_p50,100,0.5,h3,1,2.790760088641962,3.0807976157549994,0.779028124990873,0.22652929200557992,True,True,103.0,21.0,True,True,True,0.29003752711303754,-0.5524988329852931,0.29078448484543984,-82.0
v100_s3_p50,100,0.5,h3,2,2.9158724025887497,3.0807976157549994,0.6738462499924935,0.28100912499940023,True,True,103.0,21.0,True,True,True,0.16492521316624975,-0.3928371249930933,0.4170226145838618,-82.0
v100_s3_p50,100,0.5,h3,3,2.7444700828397472,2.9553411119614257,0.7677667079842649,0.2308348750229925,True,True,103.0,21.0,True,True,True,0.21087102912167843,-0.5369318329612724,0.300657572961243,-82.0
v100_s3_p50,100,0.5,h3,4,2.8114915839448535,3.0807976157550123,0.6984231669921428,0.23278208303963766,True,True,103.0,21.0,True,True,True,0.2693060318101588,-0.46564108395250514,0.33329662308045466,-82.0
v100_s3_p50,100,0.5,h4,0,,2.872410100813711,0.61322537495289,0.3352632080204785,True,True,266.0,7.0,False,True,False,,-0.2779621669324115,0.54672102902825,-259.0
v100_s3_p50,100,0.5,h4,1,,3.0127031749507007,0.7088862920063548,0.2945655829971656,True,True,266.0,7.0,False,True,False,,-0.41432070900918916,0.41553290890060685,-259.0
v100_s3_p50,100,0.5,h4,2,,3.0127031749507007,0.6256632499862462,0.29508245800388977,True,True,266.0,7.0,False,True,False,,-0.33058079198235646,0.4716314375350901,-259.0
v100_s3_p50,100,0.5,h4,3,,2.9984443184893728,0.6340252920053899,0.30332554201595485,True,True,266.0,7.0,False,True,False,,-0.3306997499894351,0.478412369097377,-259.0
v100_s3_p50,100,0.5,h4,4,,2.8579109735364576,0.6251129169831984,0.35056770901428536,True,True,266.0,7.0,False,True,False,,-0.274545207968913,0.5608070150047912,-259.0
v100_s3_p50,100,0.5,h2+3,0,2.869856107019331,3.0807976157549994,0.7663100420031697,0.22801512497244403,True,True,103.0,21.0,True,True,True,0.2109415087356683,-0.5382949170307256,0.2975494414459218,-82.0
v100_s3_p50,100,0.5,h2+3,1,2.824223293115011,2.9553411119614257,0.7953920420259237,0.21958191698649898,True,True,103.0,21.0,True,True,True,0.13111781884641482,-0.5758101250394247,0.2760675307075077,-82.0
v100_s3_p50,100,0.5,h2+3,2,2.7413152119300457,2.9646105866844867,0.7947459580027498,0.2655057910014875,True,True,103.0,21.0,True,True,True,0.22329537475444106,-0.5292401670012623,0.33407630240576686,-82.0
v100_s3_p50,100,0.5,h2+3,3,2.8222308983549484,3.0807976157549994,0.7853514580056071,0.23351716698380187,True,True,103.0,21.0,True,True,True,0.258566717400051,-0.5518342910218053,0.2973409733991156,-82.0
v100_s3_p50,100,0.5,h2+3,4,2.9202211555357014,2.819538374883707,0.7749734169919975,0.27055791701423004,True,True,103.0,21.0,True,True,True,-0.10068278065199454,-0.5044154999777675,0.34911896470511306,-82.0
v100_s3_p50,100,0.5,h2+3+4,0,,2.872410100813711,0.7685090419836342,0.3455251249833964,True,True,266.0,7.0,False,True,False,,-0.42298391700023785,0.44960450184365497,-259.0
v100_s3_p50,100,0.5,h2+3+4,1,,2.872410100813711,0.7474449999863282,0.34441154095111415,True,True,266.0,7.0,False,True,False,,-0.40303345903521404,0.46078512928364485,-259.0
v100_s3_p50,100,0.5,h2+3+4,2,,3.0127031749507007,0.785377292020712,0.3604297499987297,True,True,266.0,7.0,False,True,False,,-0.42494754202198237,0.4589256064067923,-259.0
v100_s3_p50,100,0.5,h2+3+4,3,,2.8579109735364576,0.7654123750398867,0.32643829099833965,True,True,266.0,7.0,False,True,False,,-0.43897408404154703,0.426486821540256,-259.0
v100_s3_p50,100,0.5,h2+3+4,4,,2.8579109735364576,0.7851209579966962,0.29601545800687745,True,True,266.0,7.0,False,True,False,,-0.4891054999898188,0.3770316598886704,-259.0
v100_s4_p0,100,0.0,h2,0,1.973735410257302,2.0480645704296268,0.8791765419882722,0.7379508339799941,True,True,131.0,105.0,True,True,True,0.07432916017232483,-0.14122570800827816,0.8393659279296808,-26.0
v100_s4_p0,100,0.0,h2,1,1.9508141851557004,2.200273154270992,1.013187708973419,0.7065053749829531,True,True,131.0,105.0,True,True,True,0.24945896911529175,-0.30668233399046585,0.6973094607501682,-26.0
v100_s4_p0,100,0.0,h2,2,1.8801662373553383,1.983373184151178,0.9332443329622038,0.7448710409807973,True,True,131.0,105.0,True,True,True,0.10320694679583964,-0.1883732919814065,0.7981522251697021,-26.0
v100_s4_p0,100,0.0,h2,3,2.0178399282010573,1.8858232455469266,1.0028806250193156,0.7644498339504935,True,True,131.0,105.0,True,True,True,-0.1320166826541307,-0.23843079106882215,0.7622540658174247,-26.0
v100_s4_p0,100,0.0,h2,4,2.0054973390069564,1.9467792228388812,1.1543436250067316,0.768885291996412,True,True,131.0,105.0,True,True,True,-0.05871811616807521,-0.3854583330103196,0.6660800781846291,-26.0
v100_s4_p0,100,0.0,h3,0,1.7183648064351558,1.7569857827406672,1.6534554999670945,1.0824685420375317,True,True,131.0,105.0,True,True,True,0.03862097630551142,-0.5709869579295628,0.6546705019028779,-26.0
v100_s4_p0,100,0.0,h3,1,1.7213211019013561,1.7806471660590772,1.7681833749520592,1.2023717500269413,True,True,131.0,105.0,True,True,True,0.059326064157721126,-0.5658116249251179,0.6800039900044537,-26.0
v100_s4_p0,100,0.0,h3,2,1.7283122593531683,1.6924120751445244,1.8002512499806471,1.159477707988117,True,True,131.0,105.0,True,True,True,-0.03590018420864394,-0.6407735419925302,0.6440643815692845,-26.0
v100_s4_p0,100,0.0,h3,3,1.712519866961887,1.7149652270257487,1.731031792005524,1.1853975839912891,True,True,131.0,105.0,True,True,True,0.0024453600638616457,-0.5456342080142349,0.6847924974375666,-26.0
v100_s4_p0,100,0.0,h3,4,1.7041986268974663,1.7367322750863288,1.7605562500539236,1.2312260000035167,True,True,131.0,105.0,True,True,True,0.03253364818886251,-0.5293302500504069,0.6993392003043389,-26.0
v100_s4_p0,100,0.0,h4,0,1.7945149747438012,1.7883125571683876,2.584511791006662,1.928232709004078,True,True,94.0,82.0,True,True,True,-0.006202417575413621,-0.6562790820025839,0.7460723203948068,-12.0
v100_s4_p0,100,0.0,h4,1,1.8395221172220173,1.7925051517602002,2.4602038330049254,2.0666827079840004,True,True,97.0,80.0,True,True,True,-0.047016965461817106,-0.39352112502092496,0.8400453166759467,-17.0
v100_s4_p0,100,0.0,h4,2,1.8060192390625003,1.8684182984307733,2.7178177080349997,1.950767167028971,True,True,77.0,94.0,True,True,True,0.06239905936827306,-0.7670505410060287,0.7177696875186632,17.0
v100_s4_p0,100,0.0,h4,3,1.817257138348718,1.7824381278993853,2.52760649996344,1.8682879580301233,True,True,97.0,72.0,True,True,True,-0.034819010449332666,-0.6593185419333167,0.7391530121706629,-25.0
v100_s4_p0,100,0.0,h4,4,1.8736205751737771,1.8526030080302818,2.6508370829978958,1.8626987499883398,True,True,94.0,92.0,True,True,True,-0.02101756714349534,-0.7881383330095559,0.7026832248331794,-2.0
v100_s4_p0,100,0.0,h2+3,0,1.7234016739102325,1.7475603432170315,1.7120750000467524,1.1786392919602804,True,True,131.0,105.0,True,True,True,0.024158669306798997,-0.533435708086472,0.6884273714224521,-26.0
v100_s4_p0,100,0.0,h2+3,1,1.7122161990212985,1.7502930810161725,1.8411147909937426,1.1873899170313962,True,True,131.0,105.0,True,True,True,0.03807688199487402,-0.6537248739623465,0.6449298668609913,-26.0
v100_s4_p0,100,0.0,h2+3,2,1.732462482781286,1.7333884178628314,1.802548540988937,1.2523352499702014,True,True,131.0,105.0,True,True,True,0.0009259350815453704,-0.5502132910187356,0.6947581280019951,-26.0
v100_s4_p0,100,0.0,h2+3,3,1.7471944890992464,1.7718556649428272,1.8228502499987371,1.244224458001554,True,True,131.0,105.0,True,True,True,0.02466117584358085,-0.5786257919971831,0.6825708573715346,-26.0
v100_s4_p0,100,0.0,h2+3,4,1.729124840000789,1.6836518170979093,1.8183772080228664,1.260651541990228,True,True,131.0,105.0,True,True,True,-0.04547302290287969,-0.5577256660326384,0.6932838447535001,-26.0
v100_s4_p0,100,0.0,h2+3+4,0,1.8172355778264777,1.779060778818314,2.9622875420027412,2.36770175001584,True,True,94.0,82.0,True,True,True,-0.038174799008163784,-0.5945857919869013,0.7992815405134795,-12.0
v100_s4_p0,100,0.0,h2+3+4,1,1.8379672589409362,1.8200127150972616,2.980929000012111,2.582638624997344,True,True,97.0,80.0,True,True,True,-0.017954543843674564,-0.39829037501476705,0.8663871648693582,-17.0
v100_s4_p0,100,0.0,h2+3+4,2,1.794055967681171,1.8686494182262676,3.374602333002258,2.471540208964143,True,True,77.0,94.0,True,True,True,0.0745934505450967,-0.9030621240381151,0.7323945061003101,17.0
v100_s4_p0,100,0.0,h2+3+4,3,1.8131526882812554,1.807520261126351,3.0803256660001352,2.2870633330312558,True,True,97.0,72.0,True,True,True,-0.005632427154904418,-0.7932623329688795,0.7424745241307726,-25.0
v100_s4_p0,100,0.0,h2+3+4,4,1.837321691572873,1.8725273852716717,3.2574965409585275,2.3396911669988185,True,True,94.0,92.0,True,True,True,0.03520569369879878,-0.917805373959709,0.7182482429621729,-2.0
v100_s4_p10,100,0.1,h2,0,2.5275278318028107,2.698310549134897,0.8255767499795184,0.3632515410427004,True,True,118.0,66.0,True,True,True,0.17078271733208616,-0.46232520893681794,0.43999730013195293,-52.0
v100_s4_p10,100,0.1,h2,1,2.3329593204543424,2.5942241658515943,0.8176539579872042,0.38140383298741654,True,True,118.0,66.0,True,True,True,0.2612648453972519,-0.43625012499978766,0.4664611835626744,-52.0
v100_s4_p10,100,0.1,h2,2,2.3500001838594016,2.497139514636866,0.7259987919824198,0.39097912498982623,True,True,118.0,66.0,True,True,True,0.14713933077746422,-0.33501966699259356,0.5385396357509282,-52.0
v100_s4_p10,100,0.1,h2,3,2.3514153717910458,2.767374773255722,0.784998707997147,0.4094056250178255,True,True,118.0,66.0,True,True,True,0.41595940146467614,-0.3755930829793215,0.5215366864263852,-52.0
v100_s4_p10,100,0.1,h2,4,2.6295216329879487,2.8389698582069296,0.7970199579722248,0.38419870799407363,True,True,118.0,66.0,True,True,True,0.20944822521898088,-0.4128212499781512,0.4820440243071837,-52.0
v100_s4_p10,100,0.1,h3,0,2.1855953328712885,2.2594899844579133,1.1158197080367245,0.6292301670182496,True,True,118.0,66.0,True,True,True,0.07389465158662478,-0.48658954101847485,0.563917416484223,-52.0
v100_s4_p10,100,0.1,h3,1,2.254089066354971,2.235342955410533,1.1337572500342503,0.6292419999954291,True,True,118.0,66.0,True,True,True,-0.018746110944437788,-0.5045152500388213,0.5550059326865782,-52.0
v100_s4_p10,100,0.1,h3,2,2.184282342461767,2.238879544998534,1.1644508340395987,0.6339938750024885,True,True,118.0,66.0,True,True,True,0.05459720253676714,-0.5304569590371102,0.5444574012653665,-52.0
v100_s4_p10,100,0.1,h3,3,2.195953941424193,2.5078210014303686,1.2081872079870664,0.6238660830422305,True,True,118.0,66.0,True,True,True,0.3118670600061755,-0.5843211249448359,0.516365410027507,-52.0
v100_s4_p10,100,0.1,h3,4,2.0773922338388915,2.235342955410533,1.1147552090114914,0.641101291985251,True,True,118.0,66.0,True,True,True,0.15795072157164158,-0.4736539170262404,0.575104997763363,-52.0
v100_s4_p10,100,0.1,h4,0,2.508250607774008,2.6949671464168325,2.048125458008144,1.0241093330550939,True,True,38.0,77.0,True,True,True,0.18671653864282467,-1.0240161249530502,0.5000227544903754,39.0
v100_s4_p10,100,0.1,h4,1,2.5129672555769473,2.7073249568331583,2.1677105000126176,1.0530273750191554,True,True,38.0,77.0,True,True,True,0.194357701256211,-1.1146831249934621,0.4857786014382576,39.0
v100_s4_p10,100,0.1,h4,2,2.4937433606257517,2.592271793944251,2.2515111250104383,1.0504683330073021,True,True,38.0,86.0,True,True,True,0.09852843331849925,-1.2010427920031361,0.4665614668026266,48.0
v100_s4_p10,100,0.1,h4,3,2.5248401783247387,2.6699353551179508,2.1981676670257,1.106359000026714,True,True,38.0,50.0,True,True,True,0.14509517679321204,-1.0918086669989862,0.5033096504070174,12.0
v100_s4_p10,100,0.1,h4,4,2.5129672555769473,2.623869966821776,2.250473416992463,1.0313870829995722,True,True,38.0,50.0,True,True,True,0.11090271124482864,-1.219086333992891,0.45829782978637434,12.0
v100_s4_p10,100,0.1,h2+3,0,2.216137346650502,2.212637969433711,1.218699207995087,0.6506145829916932,True,True,118.0,66.0,True,True,True,-0.0034993772167908332,-0.5680846250033937,0.5338598554289994,-52.0
v100_s4_p10,100,0.1,h2+3,1,2.141361485180687,2.238879544998534,1.2565842499607243,0.6559577090083621,True,True,118.0,66.0,True,True,True,0.09751805981784711,-0.6006265409523621,0.5220164975240337,-52.0
v100_s4_p10,100,0.1,h2+3,2,2.149846556593849,2.2126379694337173,1.2506227919948287,0.6943960420321673,True,True,118.0,66.0,True,True,True,0.06279141283986833,-0.5562267499626614,0.5552401943071565,-52.0
v100_s4_p10,100,0.1,h2+3,3,2.209028089373056,2.212637969433711,1.1231330420123413,0.6403867500484921,True,True,118.0,66.0,True,True,True,0.003609880060654991,-0.4827462919638492,0.5701788889596708,-52.0
v100_s4_p10,100,0.1,h2+3,4,2.2218101719405774,2.2328433343960103,1.1841730839805678,0.6846911250031553,True,True,118.0,66.0,True,True,True,0.011033162455432954,-0.49948195897741243,0.5782018982407399,-52.0
v100_s4_p10,100,0.1,h2+3+4,0,2.5151973847314246,2.6109332295897762,2.6479051660280675,1.256734166003298,True,True,38.0,77.0,True,True,True,0.09573584485835163,-1.3911710000247695,0.47461449228879854,39.0
v100_s4_p10,100,0.1,h2+3+4,1,2.6126839172513328,2.395065225161155,2.793898625008296,1.3012964579975232,True,True,38.0,77.0,True,True,True,-0.21761869209017792,-1.492602167010773,0.46576366312992445,39.0
v100_s4_p10,100,0.1,h2+3+4,2,2.570406553984224,2.6372169596460115,2.8022720420267433,1.331977458030451,True,True,38.0,86.0,True,True,True,0.06681040566178753,-1.4702945839962922,0.4753205392104253,48.0
v100_s4_p10,100,0.1,h2+3+4,3,2.69510412906638,2.637424341986769,2.5461413750308566,1.4338108339579776,True,True,38.0,50.0,True,True,True,-0.05767978707961108,-1.112330541072879,0.5631308803269423,12.0
v100_s4_p10,100,0.1,h2+3+4,4,2.5129672555769473,2.590525981527976,2.538027541944757,1.307550000026822,True,True,38.0,50.0,True,True,True,0.07755872595102886,-1.230477541917935,0.5151835346218959,12.0
v100_s4_p30,100,0.3,h2,0,2.8603126740498888,3.0809669561384267,0.694347457960248,0.2380982090253383,True,True,102.0,18.0,True,True,True,0.220654282088538,-0.4562492489349097,0.342909311895212,-84.0
v100_s4_p30,100,0.3,h2,1,2.9019968527629403,2.808660846275322,0.7042314579593949,0.19710912503069267,True,True,102.0,18.0,True,True,True,-0.0933360064876183,-0.5071223329287022,0.2798925307907187,-84.0
v100_s4_p30,100,0.3,h2,2,2.919594738393599,3.0976115740069314,0.7353745420114137,0.19717191701056436,True,True,102.0,18.0,True,True,True,0.17801683561333226,-0.5382026250008494,0.26812448044673276,-84.0
v100_s4_p30,100,0.3,h2,3,2.9486871805113766,2.8433365328796754,0.6731023330357857,0.22949458396760747,True,True,102.0,18.0,True,True,True,-0.10535064763170121,-0.44360774906817824,0.34095051035190266,-84.0
v100_s4_p30,100,0.3,h2,4,2.766595862546216,2.8291498789864122,0.758105417015031,0.2407469169702381,True,True,102.0,18.0,True,True,True,0.06255401644019631,-0.5173585000447929,0.3175639054501899,-84.0
v100_s4_p30,100,0.3,h3,0,2.7731390776713103,3.2655512488835785,0.6464951660018414,0.21788091701455414,True,True,102.0,18.0,True,True,True,0.4924121712122682,-0.4286142489872873,0.3370186328878653,-84.0
v100_s4_p30,100,0.3,h3,1,2.849126258091682,3.22861348703788,0.6616364169749431,0.2506616659811698,True,True,102.0,18.0,True,True,True,0.37948722894619813,-0.41097475099377334,0.37885107220551106,-84.0
v100_s4_p30,100,0.3,h3,2,2.8152040614004172,3.2286134870379035,0.7458446660311893,0.19749216601485386,True,True,102.0,18.0,True,True,True,0.4134094256374863,-0.5483525000163354,0.2647899422084159,-84.0
v100_s4_p30,100,0.3,h3,3,2.778792630576102,2.9756492634288665,0.7845936249941587,0.19334066601004452,True,True,102.0,18.0,True,True,True,0.19685663285276433,-0.5912529589841142,0.24642140829462375,-84.0
v100_s4_p30,100,0.3,h3,4,2.942143965386275,2.9756492634288665,0.696003541990649,0.20094058301765472,True,True,102.0,18.0,True,True,True,0.03350529804259139,-0.49506295897299424,0.28870626497523544,-84.0
v100_s4_p30,100,0.3,h2+3,0,2.787282007844405,3.2286134870379035,0.682287624978926,0.19516033300897107,True,True,102.0,18.0,True,True,True,0.4413314791934986,-0.48712729196995497,0.2860382130117031,-84.0
v100_s4_p30,100,0.3,h2+3,1,2.779140283825671,3.22861348703788,0.7532014579628594,0.22060858400072902,True,True,102.0,18.0,True,True,True,0.44947320321220907,-0.5325928739621304,0.29289452598431814,-84.0
v100_s4_p30,100,0.3,h2+3,2,2.8603126740498888,3.2655512488835794,0.805522916954942,0.23445345903746784,True,True,102.0,18.0,True,True,True,0.40523857483369063,-0.5710694579174742,0.2910574660293399,-84.0
v100_s4_p30,100,0.3,h2+3,3,2.7913370518555585,2.9756492634288665,0.8017219169996679,0.237181666016113,True,True,102.0,18.0,True,True,True,0.18431221157330802,-0.5645402509835549,0.2958403169315019,-84.0
v100_s4_p30,100,0.3,h2+3,4,2.7665958625462093,3.22861348703788,0.7648364580236375,0.25272170797688887,True,True,102.0,18.0,True,True,True,0.4620176244916707,-0.5121147500467487,0.33042581237553714,-84.0
v100_s4_p50,100,0.5,h2,0,2.7994787758742925,3.0963007564886937,0.6914955420070328,0.182486749952659,True,True,102.0,18.0,True,True,True,0.29682198061440124,-0.5090087920543738,0.2639015566506762,-84.0
v100_s4_p50,100,0.5,h2,1,2.8118260845666447,2.785683498950767,0.6631855419836938,0.17806412500794977,True,True,102.0,18.0,True,True,True,-0.026142585615877678,-0.48512141697574407,0.26849820108461886,-84.0
v100_s4_p50,100,0.5,h2,2,2.8815027701662785,3.1524211491057836,0.689187458017841,0.22634329204447567,True,True,102.0,18.0,True,True,True,0.2709183789395051,-0.4628441659733653,0.32842050361081343,-84.0
v100_s4_p50,100,0.5,h2,3,2.866313880204232,2.785683498950767,0.7000094999675639,0.1862731670262292,True,True,102.0,18.0,True,True,True,-0.080630381253465,-0.5137363329413347,0.2661009129659819,-84.0
v100_s4_p50,100,0.5,h2,4,2.882631556134272,2.9315174152125945,0.736833790957462,0.19142116699367762,True,True,102.0,18.0,True,True,True,0.04888585907832255,-0.5454126239637844,0.2597888008704646,-84.0
v100_s4_p50,100,0.5,h3,0,2.791337051855561,2.9756492634288665,0.6710818329593167,0.21937654097564518,True,True,102.0,18.0,True,True,True,0.18431221157330535,-0.4517052919836715,0.3268998357595899,-84.0
v100_s4_p50,100,0.5,h3,1,2.797880266980658,3.2286134870379035,0.7135410000337288,0.20883600000524893,True,True,102.0,18.0,True,True,True,0.43073322005724535,-0.5047050000284798,0.2926755435151972,-84.0
v100_s4_p50,100,0.5,h3,2,2.8910341465824705,2.9756492634288665,0.71818191598868,0.24299041600897908,True,True,102.0,18.0,True,True,True,0.084615116846396,-0.4751914999797009,0.3383410395045496,-84.0
v100_s4_p50,100,0.5,h3,3,2.7791402838256607,3.2655512488835785,0.7109610000043176,0.21434195898473263,True,True,102.0,18.0,True,True,True,0.4864109650579178,-0.496619041019585,0.3014820207907761,-84.0
v100_s4_p50,100,0.5,h3,4,2.766595862546211,2.9756492634288665,0.6929146249894984,0.19708025001455098,True,True,102.0,18.0,True,True,True,0.20905340088265545,-0.4958343749749474,0.28442212490108415,-84.0
v100_s4_p50,100,0.5,h2+3,0,3.031137852561562,2.9756492634288665,0.7306152079836465,0.23965829197550192,True,True,102.0,18.0,True,True,True,-0.0554885891326955,-0.4909569160081446,0.32802258884934987,-84.0
v100_s4_p50,100,0.5,h2+3,1,2.8367933177545774,3.2655512488835794,0.7681080000475049,0.18931904202327132,True,True,102.0,18.0,True,True,True,0.42875793112900196,-0.5787889580242336,0.24647450880808763,-84.0
v100_s4_p50,100,0.5,h2+3,2,2.7791402838256607,2.9756492634288665,0.8255493330070749,0.21713966701645404,True,True,102.0,18.0,True,True,True,0.1965089796032058,-0.6084096659906209,0.2630244593930199,-84.0
v100_s4_p50,100,0.5,h2+3,3,2.7996293165367523,3.2655512488835794,0.7754175830050372,0.19898104202002287,True,True,102.0,18.0,True,True,True,0.4659219323468271,-0.5764365409850143,0.2566114650752384,-84.0
v100_s4_p50,100,0.5,h2+3,4,2.785683498950767,3.2655512488835794,0.7850460830377415,0.22424341697478667,True,True,102.0,18.0,True,True,True,0.47986774993281234,-0.5608026660629548,0.28564363522084607,-84.0
v100_s5_p0,100,0.0,h2,0,2.0434147829214075,2.161117463264263,0.9486437910236418,0.7006455829832703,True,True,131.0,105.0,True,True,True,0.11770268034285536,-0.24799820804037154,0.7385760488952686,-26.0
v100_s5_p0,100,0.0,h2,1,2.0171377566113504,2.05425192627751,1.0516573329805396,0.6431556249735877,True,True,131.0,105.0,True,True,True,0.03711416966615966,-0.40850170800695196,0.6115638666739454,-26.0
v100_s5_p0,100,0.0,h2,2,2.0543241684776445,2.152742082262272,0.9861293330322951,0.7715746670146473,True,True,131.0,105.0,True,True,True,0.0984179137846275,-0.21455466601764783,0.7824274577068875,-26.0
v100_s5_p0,100,0.0,h2,3,1.8514430647852818,1.8710556103971345,0.966343667008914,0.7174473329796456,True,True,131.0,105.0,True,True,True,0.019612545611852772,-0.24889633402926847,0.7424349716083227,-26.0
v100_s5_p0,100,0.0,h2,4,2.05347661094145,2.260759503062655,0.9479167500394396,0.6739273749990389,True,True,131.0,105.0,True,True,True,0.20728289212120465,-0.2739893750404008,0.7109562891161054,-26.0
v100_s5_p0,100,0.0,h3,0,1.730586568931212,1.69526158655185,1.662341582996305,1.0923299579881132,True,True,131.0,105.0,True,True,True,-0.03532498237936199,-0.5700116250081919,0.6571031905604091,-26.0
v100_s5_p0,100,0.0,h3,1,1.7068347053132105,1.7370179216364892,1.717609708022792,1.149386917008087,True,True,131.0,105.0,True,True,True,0.030183216323278694,-0.5682227910147049,0.6691781675658969,-26.0
v100_s5_p0,100,0.0,h3,2,1.711632658303757,1.7222187516421388,1.7522774999961257,1.2168400419759564,True,True,131.0,105.0,True,True,True,0.010586093338381675,-0.5354374580201693,0.6944334113624394,-26.0
v100_s5_p0,100,0.0,h3,3,1.7355100430127075,1.681643676518145,1.758009624958504,1.1413083749939688,True,True,131.0,105.0,True,True,True,-0.053866366494562445,-0.6167012499645352,0.6492048500706634,-26.0
v100_s5_p0,100,0.0,h3,4,1.741607134654851,1.7133145885464214,1.7319042500457726,1.158990832976997,True,True,131.0,105.0,True,True,True,-0.028292546108429573,-0.5729134170687757,0.6692002938074468,-26.0
v100_s5_p0,100,0.0,h4,0,1.8689813180755168,1.7913745250447255,2.204690958955325,1.8968085000524297,True,True,108.0,63.0,True,True,True,-0.07760679303079132,-0.30788245890289545,0.8603511945053818,-45.0
v100_s5_p0,100,0.0,h4,1,1.8215045764386764,1.8240805663159743,2.490565666987095,2.0651914589689113,True,True,84.0,83.0,True,True,True,0.0025759898772979017,-0.4253742080181837,0.8292057849923024,-1.0
v100_s5_p0,100,0.0,h4,2,1.856642048924616,1.8501622128410888,2.509388707985636,1.869073708949145,True,True,89.0,94.0,True,True,True,-0.006479836083527202,-0.6403149990364909,0.7448322784753058,5.0
v100_s5_p0,100,0.0,h4,3,1.9175683185889127,1.8211063656882995,2.511450916994363,2.0435618750052527,True,True,108.0,75.0,True,True,True,-0.09646195290061321,-0.4678890419891104,0.813697716000332,-33.0
v100_s5_p0,100,0.0,h4,4,1.8740707943875345,1.815359203713264,2.3382759999949485,1.9573808339773677,True,True,108.0,82.0,True,True,True,-0.058711590674270564,-0.3808951660175808,0.8371042742523108,-26.0
v100_s5_p0,100,0.0,h2+3,0,1.7305159543246031,1.7679774746393837,1.682844083989039,1.143795209005475,True,True,131.0,105.0,True,True,True,0.03746152031478056,-0.539048874983564,0.6796798466879983,-26.0
v100_s5_p0,100,0.0,h2+3,1,1.71250684512271,1.7613378949412106,1.8917993750073947,1.1734414999955334,True,True,131.0,105.0,True,True,True,0.04883104981850073,-0.7183578750118613,0.6202779826962077,-26.0
v100_s5_p0,100,0.0,h2+3,2,1.704134487873865,1.719937066152965,1.837374833994545,1.2550001250347123,True,True,131.0,105.0,True,True,True,0.015802578279100032,-0.5823747089598328,0.6830397923249438,-26.0
v100_s5_p0,100,0.0,h2+3,3,1.7262685833092666,1.7180596422806997,1.8212111669708975,1.1988798329839483,True,True,131.0,105.0,True,True,True,-0.00820894102856684,-0.6223313339869492,0.6582871084510027,-26.0
v100_s5_p0,100,0.0,h2+3,4,1.7097835499700584,1.699690784066035,1.793506666959729,1.1642882500309497,True,True,131.0,105.0,True,True,True,-0.010092765904023526,-0.6292184169287793,0.649168621159685,-26.0
v100_s5_p0,100,0.0,h2+3+4,0,1.885781627244602,1.7848838314858886,2.6857519590412267,2.3937628340208903,True,True,108.0,63.0,True,True,True,-0.10089779575871338,-0.29198912502033636,0.8912821699571348,-45.0
v100_s5_p0,100,0.0,h2+3+4,1,1.8289949226185562,1.8168081392484015,3.242435999971349,2.489416958007496,True,True,84.0,83.0,True,True,True,-0.012186783370154775,-0.7530190419638529,0.7677613245194332,-1.0
v100_s5_p0,100,0.0,h2+3+4,2,1.8365762309874016,1.7853764150260754,3.1366845830343664,2.25361591699766,True,True,89.0,94.0,True,True,True,-0.05119981596132628,-0.8830686660367064,0.7184706837234991,5.0
v100_s5_p0,100,0.0,h2+3+4,3,1.9186508291117346,1.809970902741813,3.083888332999777,2.523715333023574,True,True,108.0,75.0,True,True,True,-0.10867992636992163,-0.5601729999762028,0.8183549663643922,-33.0
v100_s5_p0,100,0.0,h2+3+4,4,1.904147924613541,1.7783177490987623,2.9941957920091227,2.4031180000165477,True,True,108.0,82.0,True,True,True,-0.12583017551477882,-0.5910777919925749,0.8025921372376392,-26.0
v100_s5_p10,100,0.1,h2,0,2.525750475674613,2.3727824105108537,0.6882924999808893,0.39096529100788757,True,True,118.0,66.0,True,True,True,-0.15296806516375927,-0.2973272089730017,0.5680220124710684,-52.0
v100_s5_p10,100,0.1,h2,1,2.4868450239240683,2.300018446937775,0.6991421249695122,0.3936689170077443,True,True,118.0,66.0,True,True,True,-0.18682657698629335,-0.3054732079617679,0.5630742347629406,-52.0
v100_s5_p10,100,0.1,h2,2,2.3549859730937084,2.564422718690584,0.7123676249757409,0.40253370796563104,True,True,118.0,66.0,True,True,True,0.20943674559687553,-0.30983391701010987,0.5650645731960924,-52.0
v100_s5_p10,100,0.1,h2,3,2.43579907806458,2.322600518844068,0.7370841670199297,0.39647991699166596,True,True,118.0,66.0,True,True,True,-0.11319855922051181,-0.3406042500282638,0.5379031794898745,-52.0
v100_s5_p10,100,0.1,h2,4,2.618639286685257,2.152512794739566,0.7416225420311093,0.3875728749553673,True,True,118.0,66.0,True,True,True,-0.4661264919456909,-0.35404966707574204,0.5226012600613609,-52.0
v100_s5_p10,100,0.1,h3,0,2.1409514061556085,2.2087137659252263,0.9005598340299912,0.5394626670167781,True,True,118.0,66.0,True,True,True,0.06776235976961775,-0.36109716701321304,0.5990303438281176,-52.0
v100_s5_p10,100,0.1,h3,1,2.0719657456466956,2.0792871600829206,0.9500397499650717,0.586991666990798,True,True,118.0,66.0,True,True,True,0.007321414436225027,-0.3630480829742737,0.6178601127083143,-52.0
v100_s5_p10,100,0.1,h3,2,2.0590327659775145,2.066186979666829,0.970458666968625,0.6563681249972433,True,True,118.0,66.0,True,True,True,0.00715421368931457,-0.31409054197138175,0.6763483570583266,-52.0
v100_s5_p10,100,0.1,h3,3,2.1418960762561063,2.0661869796668237,0.9638946669874713,0.5582377499667928,True,True,118.0,66.0,True,True,True,-0.0757090965892826,-0.4056569170206785,0.5791480844182829,-52.0
v100_s5_p10,100,0.1,h3,4,2.096090166896925,2.209008180911769,0.8901559999794699,0.5907067090156488,True,True,118.0,66.0,True,True,True,0.11291801401484403,-0.2994492909638211,0.6635990871591863,-52.0
v100_s5_p10,100,0.1,h2+3,0,2.0773246788693633,2.1240865155418795,0.9319570830557495,0.5921082089771517,True,True,118.0,66.0,True,True,True,0.04676183667251621,-0.3398488740785979,0.6353384933088511,-52.0
v100_s5_p10,100,0.1,h2+3,1,2.0381418466490495,2.1292702972959137,1.028829415969085,0.6034987909952179,True,True,118.0,66.0,True,True,True,0.09112845064686415,-0.4253306249738671,0.5865878071018843,-52.0
v100_s5_p10,100,0.1,h2+3,2,2.2092794145821664,2.2176367927866156,1.0068566250265576,0.6300008340040222,True,True,118.0,66.0,True,True,True,0.008357378204449262,-0.3768557910225354,0.6257105712418636,-52.0
v100_s5_p10,100,0.1,h2+3,3,2.1768926618767668,2.153285431163024,1.0067958749714307,0.5987465839716606,True,True,118.0,66.0,True,True,True,-0.023607230713742933,-0.40804929099977016,0.594705042855535,-52.0
v100_s5_p10,100,0.1,h2+3,4,2.172556801784802,2.165614088451997,0.9855446660076268,0.6248210829799064,True,True,118.0,66.0,True,True,True,-0.0069427133328048285,-0.36072358302772045,0.6339855559373208,-52.0
v100_s5_p30,100,0.3,h2,0,2.6871670531533285,2.63698325502859,0.6133632499841042,0.21265766595024616,True,True,105.0,27.0,True,True,True,-0.05018379812473839,-0.40070558403385803,0.34670754394847975,-78.0
v100_s5_p30,100,0.3,h2,1,2.75065092253829,2.666449100876621,0.6202382080373354,0.2244522090186365,True,True,105.0,27.0,True,True,True,-0.08420182166166912,-0.39578599901869893,0.36188065506136236,-78.0
v100_s5_p30,100,0.3,h2,2,2.7485966558052435,2.882072552361306,0.6301439169910736,0.24259337497642264,True,True,105.0,27.0,True,True,True,0.1334758965560625,-0.387550542014651,0.3849809042588268,-78.0
v100_s5_p30,100,0.3,h2,3,2.6456489177244245,2.7295490156065707,0.6469637919799425,0.21051762497518212,True,True,105.0,27.0,True,True,True,0.08390009788214625,-0.43644616700476035,0.32539320992125736,-78.0
v100_s5_p30,100,0.3,h2,4,2.7077919112059687,2.5005817153364527,0.660136083024554,0.21940199995879084,True,True,105.0,27.0,True,True,True,-0.20721019586951606,-0.4407340830657631,0.33235874481145444,-78.0
v100_s5_p30,100,0.3,h3,0,2.9698601142646295,2.569671124389476,0.6030855410499498,0.2581809579860419,True,True,105.0,27.0,True,True,True,-0.4001889898751534,-0.3449045830639079,0.4281000627814063,-78.0
v100_s5_p30,100,0.3,h3,1,2.6393639660256523,2.7546934710597437,0.6763703749747947,0.2882462909910828,True,True,105.0,27.0,True,True,True,0.11532950503409145,-0.3881240839837119,0.42616634562361555,-78.0
v100_s5_p30,100,0.3,h3,2,2.5857647564468347,2.7546934710597437,0.6140762909781188,0.26239804102806374,True,True,105.0,27.0,True,True,True,0.16892871461290904,-0.35167824995005503,0.4273052793002453,-78.0
v100_s5_p30,100,0.3,h3,3,2.936518866508343,2.569671124389476,0.6764758750214241,0.257227124995552,True,True,105.0,27.0,True,True,True,-0.3668477421188667,-0.41924875002587214,0.38024582175588384,-78.0
v100_s5_p30,100,0.3,h3,4,2.9820197892059594,2.56967112438948,0.6690424159751274,0.2604657919728197,True,True,105.0,27.0,True,True,True,-0.41234866481647936,-0.40857662400230765,0.38931132877904545,-78.0
v100_s5_p30,100,0.3,h2+3,0,2.703326101040056,2.6646528424043,0.6629212499829009,0.24560341599863023,True,True,105.0,27.0,True,True,True,-0.0386732586357561,-0.4173178339842707,0.37048656383388706,-78.0
v100_s5_p30,100,0.3,h2+3,1,2.803261379851985,2.6646528424043,0.7154924999922514,0.2718485000077635,True,True,105.0,27.0,True,True,True,-0.1386085374476851,-0.4436439999844879,0.37994598127961865,-78.0
v100_s5_p30,100,0.3,h2+3,2,2.950745609502846,2.569671124389476,0.6852217079722323,0.28005083301104605,True,True,105.0,27.0,True,True,True,-0.38107448511336983,-0.4051708749611862,0.40870105215988684,-78.0
v100_s5_p30,100,0.3,h2+3,3,2.731324346657114,2.569671124389476,0.7184182500350289,0.2728067919961177,True,True,105.0,27.0,True,True,True,-0.1616532222676379,-0.4456114580389112,0.3797325471378491,-78.0
v100_s5_p30,100,0.3,h2+3,4,2.8454369768114973,2.56967112438948,0.7266869579907507,0.27771974995266646,True,True,105.0,27.0,True,True,True,-0.27576585242201723,-0.4489672080380842,0.3821724704135963,-78.0
v100_s5_p50,100,0.5,h2,0,2.701250348024673,2.5415514017828684,0.6112782499985769,0.22069599997485057,True,True,105.0,27.0,True,True,True,-0.15969894624180458,-0.3905822500237264,0.3610401645655875,-78.0
v100_s5_p50,100,0.5,h2,1,2.7543395251525906,2.6107284197773764,0.6201214169850573,0.2144133749534376,True,True,105.0,27.0,True,True,True,-0.14361110537521427,-0.4057080420316197,0.345760312546348,-78.0
v100_s5_p50,100,0.5,h2,2,2.6098903741053676,2.5740623060579773,0.6665897920029238,0.2514718329766765,True,True,105.0,27.0,True,True,True,-0.03582806804739036,-0.41511795902624726,0.3772512510596225,-78.0
v100_s5_p50,100,0.5,h2,3,2.7935073990742376,2.4966970294755724,0.6147477090125903,0.2709745829924941,True,True,105.0,27.0,True,True,True,-0.29681036959866525,-0.34377312602009624,0.4407899029469086,-78.0
v100_s5_p50,100,0.5,h2,4,2.578876624191358,2.757374034117132,0.666738833009731,0.22085820802021772,True,True,105.0,27.0,True,True,True,0.1784974099257739,-0.4458806249895133,0.3312514542211977,-78.0
v100_s5_p50,100,0.5,h3,0,2.7306399918968807,2.569671124389476,0.6294078329810873,0.2857543329591863,True,True,105.0,27.0,True,True,True,-0.16096886750740458,-0.343653500021901,0.45400504726126084,-78.0
v100_s5_p50,100,0.5,h3,1,2.7476924447623867,2.569671124389476,0.6507515410194173,0.32379608298651874,True,True,105.0,27.0,True,True,True,-0.17802132037291063,-0.3269554580328986,0.4975725181983967,-78.0
v100_s5_p50,100,0.5,h3,2,2.769156711027122,2.56967112438948,0.7005380420014262,0.2853151250164956,True,True,105.0,27.0,True,True,True,-0.1994855866376417,-0.41522291698493063,0.40727998753837086,-78.0
v100_s5_p50,100,0.5,h3,3,2.6596321161033813,2.56967112438948,0.7025360830011778,0.2294865830335766,True,True,105.0,27.0,True,True,True,-0.08996099171390126,-0.47304949996760115,0.32665451438910914,-78.0
v100_s5_p50,100,0.5,h3,4,2.9029290904150664,2.569671124389476,0.5920022499631159,0.24906629195902497,True,True,105.0,27.0,True,True,True,-0.3332579660255903,-0.34293595800409093,0.42071848878030915,-78.0
v100_s5_p50,100,0.5,h2+3,0,2.766597844629781,2.569671124389476,0.7128414579783566,0.24115529196569696,True,True,105.0,27.0,True,True,True,-0.1969267202403051,-0.47168616601265967,0.3383014403365677,-78.0
v100_s5_p50,100,0.5,h2+3,1,2.7985479211523256,2.569671124389476,0.7289380839793012,0.26569200004450977,True,True,105.0,27.0,True,True,True,-0.22887679676284955,-0.4632460839347914,0.3644918627300784,-78.0
v100_s5_p50,100,0.5,h2+3,2,,2.569671124389476,0.6467582909972407,0.28118308301782236,True,True,105.0,27.0,False,True,False,,-0.36557520797941834,0.4347576009953647,-78.0
v100_s5_p50,100,0.5,h2+3,3,2.6200975949922807,2.569671124389476,0.6891300830175169,0.27551804098766297,True,True,105.0,27.0,True,True,True,-0.050426470602804585,-0.4136120420298539,0.3998055632417655,-78.0
v100_s5_p50,100,0.5,h2+3,4,2.71211939802908,2.6646528424043017,0.7157577920006588,0.2982361249742098,True,True,105.0,27.0,True,True,True,-0.047466555624778195,-0.417521667026449,0.4166718522764406,-78.0
v100_s6_p0,100,0.0,h2,0,2.0142337546356455,2.077105703516829,0.9997805840102956,0.7785998749895953,True,True,131.0,105.0,True,True,True,0.06287194888118375,-0.2211807090207003,0.7787707497444033,-26.0
v100_s6_p0,100,0.0,h2,1,1.9950768737066753,2.106144672158187,1.0210309590329416,0.7116789590218104,True,True,131.0,105.0,True,True,True,0.1110677984515116,-0.30935200001113117,0.6970199607814728,-26.0
v100_s6_p0,100,0.0,h2,2,1.9734426585579254,2.209540203459184,1.0394420420052484,0.6950625000172295,True,True,131.0,105.0,True,True,True,0.23609754490125834,-0.3443795419880189,0.6686880768035357,-26.0
v100_s6_p0,100,0.0,h2,3,1.907488528439825,2.095265993049142,1.0796745420084335,0.7325127079966478,True,True,131.0,105.0,True,True,True,0.18777746460931688,-0.3471618340117857,0.6784569604040234,-26.0
v100_s6_p0,100,0.0,h2,4,1.8989066446100347,2.3431950412863314,1.1147775829886086,0.7276638749754056,True,True,131.0,105.0,True,True,True,0.4442883966762967,-0.387113708013203,0.6527435482014364,-26.0
v100_s6_p0,100,0.0,h3,0,1.7032221824075686,1.7474431201658895,1.7410591670195572,1.125028749986086,True,True,131.0,105.0,True,True,True,0.04422093775832092,-0.6160304170334712,0.646174909674077,-26.0
v100_s6_p0,100,0.0,h3,1,1.7265373397148356,1.720834807266223,1.756098749989178,1.1622585420263931,True,True,131.0,105.0,True,True,True,-0.005702532448612629,-0.5938402079627849,0.6618412216474475,-26.0
v100_s6_p0,100,0.0,h3,2,1.7375106624961647,1.6921132036227358,1.7725231670192443,1.1785936249652877,True,True,131.0,105.0,True,True,True,-0.04539745887342894,-0.5939295420539565,0.6649242429633597,-26.0
v100_s6_p0,100,0.0,h3,3,1.7298966837054586,1.6969047909984958,1.7605012079584412,1.1687779999920167,True,True,131.0,105.0,True,True,True,-0.03299189270696279,-0.5917232079664245,0.6638893485039898,-26.0
v100_s6_p0,100,0.0,h3,4,1.684961043432292,1.7349323488140447,1.7307677090284415,1.1965294579858892,True,True,131.0,105.0,True,True,True,0.04997130538175276,-0.5342382510425523,0.6913287391163286,-26.0
v100_s6_p0,100,0.0,h4,0,1.782639782011414,1.7663539980295846,2.5406378749758005,1.9480179160018452,True,True,77.0,58.0,True,True,True,-0.016285783981829338,-0.5926199589739554,0.766743633631928,-19.0
v100_s6_p0,100,0.0,h4,1,1.8726700200337303,1.825457628317425,2.4915862499619834,1.9575785829802044,True,True,97.0,84.0,True,True,True,-0.0472123917163052,-0.534007666981779,0.7856756245183457,-13.0
v100_s6_p0,100,0.0,h4,2,1.813751929081732,1.7929398427046344,2.9015453750034794,1.9924660000251606,True,True,68.0,93.0,True,True,True,-0.02081208637709775,-0.9090793749783188,0.6866913118747182,25.0
v100_s6_p0,100,0.0,h4,3,1.8554083312045992,1.9112389505204845,2.3830605419934727,1.9601761660305783,True,True,108.0,116.0,True,True,True,0.05583061931588529,-0.4228843759628944,0.8225456850503915,8.0
v100_s6_p0,100,0.0,h4,4,1.847492486120603,1.8718281155228724,2.532713250024244,2.079037416027859,True,True,97.0,70.0,True,True,True,0.02433562940226941,-0.45367583399638534,0.8208735892260829,-27.0
v100_s6_p0,100,0.0,h2+3,0,1.7095150488177295,1.7271576124958654,1.7453814159962349,1.1145713750156574,True,True,131.0,105.0,True,True,True,0.01764256367813588,-0.6308100409805775,0.6385832717139814,-26.0
v100_s6_p0,100,0.0,h2+3,1,1.71333855163685,1.753406679637446,1.759796832979191,1.2120742500410415,True,True,131.0,105.0,True,True,True,0.04006812800059589,-0.5477225829381496,0.688758058502185,-26.0
v100_s6_p0,100,0.0,h2+3,2,1.7120263348492388,1.7378565042558725,1.8285436669830233,1.2412806670181453,True,True,131.0,105.0,True,True,True,0.02583016940663363,-0.587262999964878,0.6788356709392545,-26.0
v100_s6_p0,100,0.0,h2+3,3,1.718633288513209,1.6945628297154516,1.776631458022166,1.2317803340265527,True,True,131.0,105.0,True,True,True,-0.024070458797757377,-0.5448511239956133,0.6933234962516264,-26.0
v100_s6_p0,100,0.0,h2+3,4,1.7219120819090674,1.7519070071478062,1.8593502920120955,1.1760819999617524,True,True,131.0,105.0,True,True,True,0.029994925238738812,-0.683268292050343,0.6325230942304344,-26.0
v100_s6_p0,100,0.0,h2+3+4,0,1.8120498827179496,1.775506235684142,3.118425458029378,2.3486380410031416,True,True,77.0,58.0,True,True,True,-0.036543647033807636,-0.7697874170262367,0.7531486875711029,-19.0
v100_s6_p0,100,0.0,h2+3+4,1,1.879099224084482,1.832230140971327,2.9815334999584593,2.3818751660292037,True,True,97.0,84.0,True,True,True,-0.04686908311315485,-0.5996583339292556,0.7988758690997064,-13.0
v100_s6_p0,100,0.0,h2+3+4,2,1.8000724722464463,1.8682973252776776,3.4683063339907676,2.53941525000846,True,True,68.0,93.0,True,True,True,0.06822485303123127,-0.9288910839823075,0.7321773238774184,25.0
v100_s6_p0,100,0.0,h2+3+4,3,1.9557370746539946,1.911477035377378,2.872667499992531,2.456145624979399,True,True,108.0,116.0,True,True,True,-0.04426003927661659,-0.41652187501313165,0.8550051911631907,8.0
v100_s6_p0,100,0.0,h2+3+4,4,1.8227506962052473,1.8408819848465348,2.958991082967259,2.5556988330208696,True,True,97.0,70.0,True,True,True,0.018131288641287435,-0.40329224994638935,0.8637061624592764,-27.0
v100_s6_p10,100,0.1,h2,0,2.1308077318075003,2.2013569013042726,0.7815196249866858,0.3949076249846257,True,True,118.0,66.0,True,True,True,0.07054916949677237,-0.3866120000020601,0.5053073683099814,-52.0
v100_s6_p10,100,0.1,h2,1,2.3554851775122505,2.2372454508275093,0.7868327500182204,0.44636637496296316,True,True,118.0,66.0,True,True,True,-0.11823972668474125,-0.34046637505525723,0.5672951144352174,-52.0
v100_s6_p10,100,0.1,h2,2,2.312677082143375,2.1260217150857157,0.8068608329631388,0.39955062500666827,True,True,118.0,66.0,True,True,True,-0.1866553670576594,-0.40731020795647055,0.4951914985628279,-52.0
v100_s6_p10,100,0.1,h2,3,2.431578868838683,2.1729283606464516,0.8100583750056103,0.4201805419870652,True,True,118.0,66.0,True,True,True,-0.25865050819223123,-0.38987783301854506,0.5187040279463256,-52.0
v100_s6_p10,100,0.1,h2,4,2.2084120283927673,2.2709169140324312,0.8340402909670956,0.4361803340143524,True,True,118.0,66.0,True,True,True,0.06250488563966394,-0.39785995695274323,0.522972737334533,-52.0
v100_s6_p10,100,0.1,h3,0,2.097578980139319,1.9055669884433768,0.9709577090106905,0.6228665829985403,True,True,118.0,66.0,True,True,True,-0.19201199169594219,-0.3480911260121502,0.6414971292963723,-52.0
v100_s6_p10,100,0.1,h3,1,2.053459567261506,2.0193674827810937,0.9144023329718038,0.6077327500097454,True,True,118.0,66.0,True,True,True,-0.03409208448041223,-0.3066695829620585,0.6646229215476916,-52.0
v100_s6_p10,100,0.1,h3,2,2.096560039529751,1.9304338379807513,1.1840544999577105,0.6194693750003353,True,True,118.0,66.0,True,True,True,-0.16612620154899949,-0.5645851249573752,0.5231764036389036,-52.0
v100_s6_p10,100,0.1,h3,3,1.974295524753644,1.992128080751402,1.1419687080197036,0.6139187500230037,True,True,118.0,66.0,True,True,True,0.017832555997757904,-0.5280499579967,0.5375968235483481,-52.0
v100_s6_p10,100,0.1,h3,4,2.0839009484047466,1.9279969081248673,1.093683000013698,0.6245194579823874,True,True,118.0,66.0,True,True,True,-0.15590404027987925,-0.4691635420313105,0.5710241980304764,-52.0
v100_s6_p10,100,0.1,h4,0,2.1922291778350296,2.2861986891147965,1.7492086249985732,1.0620696659898385,True,True,67.0,47.0,True,True,True,0.09396951127976694,-0.6871389590087347,0.6071715236315536,-20.0
v100_s6_p10,100,0.1,h4,1,2.087078201731686,2.107110472645875,2.1676606250111945,1.0368089580442756,True,True,56.0,49.0,True,True,True,0.02003227091418891,-1.1308516669669189,0.4783077877049694,-7.0
v100_s6_p10,100,0.1,h4,2,2.1660310405150596,2.0921726585263287,1.9673720420105383,1.1196384580107406,True,True,67.0,47.0,True,True,True,-0.07385838198873085,-0.8477335839997977,0.5691035727368251,-20.0
v100_s6_p10,100,0.1,h4,3,2.186230630963694,2.121310807564838,1.9031742080114782,1.1232714999932796,True,True,67.0,47.0,True,True,True,-0.06491982339885594,-0.7799027080181986,0.5902095011927069,-20.0
v100_s6_p10,100,0.1,h4,4,2.154952255474164,2.083582064465533,2.078998291050084,1.0850299999583513,True,True,56.0,47.0,True,True,True,-0.07137019100863062,-0.9939682910917327,0.5219003808850232,-9.0
v100_s6_p10,100,0.1,h2+3,0,2.0086422738375957,1.941981885310431,0.9199101669946685,0.6311027919873595,True,True,118.0,66.0,True,True,True,-0.06666038852716483,-0.288807375007309,0.6860482845288709,-52.0
v100_s6_p10,100,0.1,h2+3,1,2.093946811057886,2.045640876927,1.0940119579900056,0.6894487499957904,True,True,118.0,66.0,True,True,True,-0.04830593413088602,-0.4045632079942152,0.6302022066216656,-52.0
v100_s6_p10,100,0.1,h2+3,2,2.0317485936374116,1.898597627536385,1.2199722499935888,0.6962290840456262,True,True,118.0,66.0,True,True,True,-0.1331509661010266,-0.5237431659479626,0.5706925580063686,-52.0
v100_s6_p10,100,0.1,h2+3,3,2.0588790904827334,2.0252117393916764,1.0801106250146404,0.6773377089994028,True,True,118.0,66.0,True,True,True,-0.03366735109105701,-0.40277291601523757,0.6271003111280586,-52.0
v100_s6_p10,100,0.1,h2+3,4,2.081818722346284,1.929570960228843,1.1298906660522334,0.7026279590209015,True,True,118.0,66.0,True,True,True,-0.15224776211744095,-0.42726270703133196,0.6218548220031228,-52.0
v100_s6_p10,100,0.1,h2+3+4,0,2.2029441387721134,2.0654005990392346,2.176487124990672,1.2900152090005577,True,True,67.0,47.0,True,True,True,-0.1375435397328788,-0.8864719159901142,0.5927051872664243,-20.0
v100_s6_p10,100,0.1,h2+3+4,1,2.114103843369095,2.1016567972529017,2.6199648329638876,1.3280421670060605,True,True,56.0,49.0,True,True,True,-0.012447046116193405,-1.2919226659578271,0.5068931270744143,-7.0
v100_s6_p10,100,0.1,h2+3+4,2,2.1413025339462894,2.0899335917557833,2.3701930419774726,1.3904086669790559,True,True,67.0,47.0,True,True,True,-0.05136894219050614,-0.9797843749984168,0.5866225418580361,-20.0
v100_s6_p10,100,0.1,h2+3+4,3,2.28182480403708,2.0679443473231136,2.2660500410129316,1.3296592910191976,True,True,67.0,47.0,True,True,True,-0.21388045671396627,-0.9363907499937341,0.5867740195290814,-20.0
v100_s6_p10,100,0.1,h2+3+4,4,2.2001221675961475,2.1383358469973563,2.478228082996793,1.3649025000049733,True,True,56.0,47.0,True,True,True,-0.06178632059879119,-1.1133255829918198,0.55075741791872,-9.0
v100_s6_p30,100,0.3,h2,0,2.48193491615029,2.6085312919472314,0.7316345410072245,0.2621830000425689,True,True,105.0,27.0,True,True,True,0.12659637579694127,-0.4694515409646556,0.3583524086788297,-78.0
v100_s6_p30,100,0.3,h2,1,2.6727221146807114,2.700022391628222,0.7383651670534164,0.23025154101196676,True,True,105.0,27.0,True,True,True,0.027300276947510582,-0.5081136260414496,0.3118396577818377,-78.0
v100_s6_p30,100,0.3,h2,2,2.7148440147014425,2.6401407320040033,0.7464165830169804,0.24340499995741993,True,True,105.0,27.0,True,True,True,-0.0747032826974392,-0.5030115830595605,0.32609806038015454,-78.0
v100_s6_p30,100,0.3,h2,3,2.769484886643743,2.7305423946867466,0.7730774589581415,0.25716916599776596,True,True,105.0,27.0,True,True,True,-0.038942491956996506,-0.5159082929603755,0.33265640204326596,-78.0
v100_s6_p30,100,0.3,h2,4,2.6281131980205004,2.7204693370338204,0.7487619169987738,0.19442641601199284,True,True,105.0,27.0,True,True,True,0.09235613901332007,-0.554335500986781,0.259663868578283,-78.0
v100_s6_p30,100,0.3,h3,0,2.6720602122259725,2.5493067709553254,0.7602011669659987,0.27714850002666935,True,True,105.0,27.0,True,True,True,-0.12275344127064702,-0.48305266693932936,0.3645725790356032,-78.0
v100_s6_p30,100,0.3,h3,1,2.6853555183535573,2.5493067709553254,0.7504208749742247,0.29052195796975866,True,True,105.0,27.0,True,True,True,-0.13604874739823192,-0.45989891700446606,0.387145357569827,-78.0
v100_s6_p30,100,0.3,h3,2,2.5668519315866662,2.5493067709553254,0.7162821669480763,0.27206591598223895,True,True,105.0,27.0,True,True,True,-0.017545160631340817,-0.4442162509658374,0.3798306429175154,-78.0
v100_s6_p30,100,0.3,h3,3,2.7803387630587313,2.5493067709553254,0.6963338330388069,0.2515112920082174,True,True,105.0,27.0,True,True,True,-0.23103199210340586,-0.4448225410305895,0.3611935541184606,-78.0
v100_s6_p30,100,0.3,h3,4,2.5570864354104197,2.5493067709553254,0.8285428750095889,0.2619094160036184,True,True,105.0,27.0,True,True,True,-0.0077796644550942595,-0.5666334590059705,0.3161084645143889,-78.0
v100_s6_p30,100,0.3,h2+3,0,2.836903287899154,2.5493067709553254,0.7742124160286039,0.28642641700571403,True,True,105.0,27.0,True,True,True,-0.2875965169438284,-0.4877859990228899,0.36995843915157745,-78.0
v100_s6_p30,100,0.3,h2+3,1,2.57113093106196,2.5493067709553254,0.7855025409953669,0.296738583012484,True,True,105.0,27.0,True,True,True,-0.021824160106634682,-0.48876395798288286,0.3777690937020588,-78.0
v100_s6_p30,100,0.3,h2+3,2,2.6604264622331293,2.5498269955520785,0.806437499995809,0.2732485829619691,True,True,105.0,27.0,True,True,True,-0.1105994666810508,-0.53318891703384,0.33883417247262076,-78.0
v100_s6_p30,100,0.3,h2+3,3,2.705442994299517,2.5493067709553254,0.7503905419725925,0.3018440830055624,True,True,105.0,27.0,True,True,True,-0.15613622334419164,-0.44854645896703005,0.40224931701842676,-78.0
v100_s6_p30,100,0.3,h2+3,4,2.5096240764504723,2.8571650656693053,0.7480395829770714,0.3352667920407839,True,True,105.0,27.0,True,True,True,0.34754098921883303,-0.4127727909362875,0.44819391870478115,-78.0
v100_s6_p50,100,0.5,h2,0,2.73396195304815,2.6239428315284385,0.7304702500114217,0.27995200001168996,True,True,105.0,27.0,True,True,True,-0.1100191215197115,-0.4505182499997318,0.3832490098088356,-78.0
v100_s6_p50,100,0.5,h2,1,2.7788751198013397,2.4868819549584207,0.8162147090188228,0.2762528330204077,True,True,105.0,27.0,True,True,True,-0.29199316484291904,-0.539961875998415,0.33845608265562027,-78.0
v100_s6_p50,100,0.5,h2,2,2.7823321292330405,2.86667415647198,0.7595465829945169,0.24105325003620237,True,True,105.0,27.0,True,True,True,0.08434202723893947,-0.5184933329583146,0.3173646691765086,-78.0
v100_s6_p50,100,0.5,h2,3,2.4985022911965618,2.697699135966431,0.698565625003539,0.23693995899520814,True,True,105.0,27.0,True,True,True,0.19919684476986932,-0.4616256660083309,0.3391806732459928,-78.0
v100_s6_p50,100,0.5,h2,4,2.730744682790287,2.6551200600031817,0.7474669170333073,0.24336837499868125,True,True,105.0,27.0,True,True,True,-0.07562462278710536,-0.504098542034626,0.32559083145058676,-78.0
v100_s6_p50,100,0.5,h3,0,2.526971445859216,2.857165065669301,0.7873685410013422,0.2769513340317644,True,True,105.0,27.0,True,True,True,0.330193619810085,-0.5104172069695778,0.3517429508671369,-78.0
v100_s6_p50,100,0.5,h3,1,2.6407809702533513,2.6241199179022128,0.7032632500049658,0.2883868750068359,True,True,105.0,27.0,True,True,True,-0.016661052351138572,-0.4148763749981299,0.4100695934343215,-78.0
v100_s6_p50,100,0.5,h3,2,2.6413562131932724,2.857165065669301,0.7169687499990687,0.2740119160152972,True,True,105.0,27.0,True,True,True,0.21580885247602843,-0.4429568339837715,0.3821811146101599,-78.0
v100_s6_p50,100,0.5,h3,3,2.689960015395919,2.5493067709553254,0.7927893750020303,0.32687908300431445,True,True,105.0,27.0,True,True,True,-0.14065324444059346,-0.46591029199771583,0.41231516631195686,-78.0
v100_s6_p50,100,0.5,h3,4,2.470510072971203,2.5493067709553254,0.8266104999929667,0.2799368750420399,True,True,105.0,27.0,True,True,True,0.07879669798412259,-0.5466736249509268,0.33865632609847296,-78.0
v100_s6_p50,100,0.5,h2+3,0,2.471955706175222,2.5493067709553254,0.7755822500330396,0.27181587502127513,True,True,105.0,27.0,True,True,True,0.07735106478010323,-0.5037663750117645,0.350466858943324,-78.0
v100_s6_p50,100,0.5,h2+3,1,2.6083608798528,2.5493067709553254,0.8545241249958053,0.2826436669565737,True,True,105.0,27.0,True,True,True,-0.059054108897474755,-0.5718804580392316,0.33076148313303755,-78.0
v100_s6_p50,100,0.5,h2+3,2,2.598083675622248,2.5493067709553254,0.832555458007846,0.28945870901225135,True,True,105.0,27.0,True,True,True,-0.048776904666922416,-0.5430967489955947,0.3476749881682038,-78.0
v100_s6_p50,100,0.5,h2+3,3,2.7835190770457867,2.5493067709553254,0.786240584042389,0.29096604097867385,True,True,105.0,27.0,True,True,True,-0.2342123060904613,-0.4952745430637151,0.3700725285417051,-78.0
v100_s6_p50,100,0.5,h2+3,4,2.6380705502563235,2.5493067709553254,0.8060449170297943,0.314676292007789,True,True,105.0,27.0,True,True,True,-0.0887637793009981,-0.4913686250220053,0.39039547965558036,-78.0
v100_s7_p0,100,0.0,h2,0,2.0306890768918167,1.9399112202346156,0.9629301250097342,0.7053572919685394,True,True,131.0,105.0,True,True,True,-0.09077785665720106,-0.2575728330411948,0.7325113979183162,-26.0
v100_s7_p0,100,0.0,h2,1,1.9071193288721946,2.0608610254175774,1.0264288749895059,0.7580761659773998,True,True,131.0,105.0,True,True,True,0.15374169654538283,-0.26835270901210606,0.738556937016362,-26.0
v100_s7_p0,100,0.0,h2,2,1.907383984161162,2.145104569706011,1.0913049589726143,0.7424359580036253,True,True,131.0,105.0,True,True,True,0.2377205855448492,-0.348869000968989,0.6803194211658085,-26.0
v100_s7_p0,100,0.0,h2,3,2.039099048816432,2.0305003184167227,0.9999317500041798,0.7366651669726707,True,True,131.0,105.0,True,True,True,-0.008598730399709265,-0.26326658303150907,0.7367154477989036,-26.0
v100_s7_p0,100,0.0,h2,4,2.01826464753435,1.9486062309559409,1.0069759169709869,0.7089469589991495,True,True,131.0,105.0,True,True,True,-0.0696584165784091,-0.29802895797183737,0.7040356646578826,-26.0
v100_s7_p0,100,0.0,h3,0,1.7341140618964572,1.7466563416339769,1.7068718749796972,1.1574206660152413,True,True,131.0,105.0,True,True,True,0.012542279737519646,-0.5494512089644559,0.6780946379053838,-26.0
v100_s7_p0,100,0.0,h3,1,1.7378136712181584,1.7235388439546246,1.7390892499824986,1.1693957910174504,True,True,131.0,105.0,True,True,True,-0.014274827263533796,-0.5696934589650482,0.672418503552488,-26.0
v100_s7_p0,100,0.0,h3,2,1.7237024592113712,1.751152663175325,1.7110732499859296,1.1757837499608286,True,True,131.0,105.0,True,True,True,0.0274502039639537,-0.535289500025101,0.6871615519502144,-26.0
v100_s7_p0,100,0.0,h3,3,1.7152933792072482,1.7380318286007252,1.7681273340131156,1.1358325830078684,True,True,131.0,105.0,True,True,True,0.022738449393477023,-0.6322947510052472,0.642392977676484,-26.0
v100_s7_p0,100,0.0,h3,4,1.740198369052134,1.7082894952247243,1.7366507079568692,1.1963468329631723,True,True,131.0,105.0,True,True,True,-0.03190887382740981,-0.5403038749936968,0.6888816660033196,-26.0
v100_s7_p0,100,0.0,h4,0,1.9310674883408634,1.8297391293479075,2.446051625011023,1.8683456670260057,True,True,108.0,96.0,True,True,True,-0.10132835899295589,-0.5777059579850174,0.7638210281099794,-12.0
v100_s7_p0,100,0.0,h4,1,1.7744495318769837,1.787368181657572,2.8073490420356393,1.8202250000322238,True,True,72.0,64.0,True,True,True,0.01291864978058821,-0.9871240420034155,0.6483785851980696,-8.0
v100_s7_p0,100,0.0,h4,2,1.8038797402564988,1.7921562108583364,2.593333083030302,1.872793249960523,True,True,85.0,64.0,True,True,True,-0.011723529398162347,-0.720539833069779,0.7221568498914801,-21.0
v100_s7_p0,100,0.0,h4,3,1.9618258445274612,1.789494823908768,2.4569187500164844,2.0400517089874484,True,True,112.0,70.0,True,True,True,-0.1723310206186932,-0.41686704102903605,0.8303293338348128,-42.0
v100_s7_p0,100,0.0,h4,4,1.8430071103004426,1.7874705971049016,2.4932750000152737,2.079497041995637,True,True,97.0,66.0,True,True,True,-0.05553651319554098,-0.41377795801963657,0.8340423908244772,-31.0
v100_s7_p0,100,0.0,h2+3,0,1.7477078339381356,1.7006932266615764,1.7970438750344329,1.1876718749990687,True,True,131.0,105.0,True,True,True,-0.04701460727655915,-0.6093720000353642,0.6609031039803143,-26.0
v100_s7_p0,100,0.0,h2+3,1,1.728302235313179,1.7275567738780002,1.776562416984234,1.2189770830445923,True,True,131.0,105.0,True,True,True,-0.0007454614351787292,-0.5575853339396417,0.6861436847875242,-26.0
v100_s7_p0,100,0.0,h2+3,2,1.6897535143020685,1.715946965557666,1.8630882909637876,1.1891760830185376,True,True,131.0,105.0,True,True,True,0.026193451255597466,-0.67391220794525,0.6382821945616808,-26.0
v100_s7_p0,100,0.0,h2+3,3,1.6948031018106586,1.7197949300239865,1.7798367090290412,1.2117557920282707,True,True,131.0,105.0,True,True,True,0.024991828213327905,-0.5680809170007706,0.6808241373386005,-26.0
v100_s7_p0,100,0.0,h2+3,4,1.7229130852583032,1.7553326136859595,1.863518624973949,1.2362111250404269,True,True,131.0,105.0,True,True,True,0.032419528427656275,-0.6273074999335222,0.6633747087221671,-26.0
v100_s7_p0,100,0.0,h2+3+4,0,1.8660688590128298,1.8682565081535993,3.0582880840520374,2.3953820840106346,True,True,108.0,96.0,True,True,True,0.002187649140769521,-0.6629060000414029,0.7832427875260546,-12.0
v100_s7_p0,100,0.0,h2+3+4,1,1.7734272803723132,1.7561266024103512,3.36726870801067,2.299481083988212,True,True,72.0,64.0,True,True,True,-0.017300677961961997,-1.0677876240224577,0.6828920657617223,-8.0
v100_s7_p0,100,0.0,h2+3+4,2,1.8239452191579595,1.7849688745054604,3.0134659169707447,2.2710744999931194,True,True,85.0,64.0,True,True,True,-0.038976344652499106,-0.7423914169776253,0.7536420064362611,-21.0
v100_s7_p0,100,0.0,h2+3+4,3,1.9426559122077318,1.7990374430520668,3.029122040956281,2.5427014169981703,True,True,112.0,70.0,True,True,True,-0.143618469155665,-0.4864206239581108,0.8394186112737307,-42.0
v100_s7_p0,100,0.0,h2+3+4,4,1.793384231826684,1.7974156402057808,3.0545797920203768,2.6144874169840477,True,True,97.0,66.0,True,True,True,0.004031408379096879,-0.44009237503632903,0.8559237587487474,-31.0
v100_s7_p10,100,0.1,h2,0,2.4369123491760556,2.3121687062047815,0.9402647920069285,0.39719791599782184,True,True,118.0,66.0,True,True,True,-0.12474364297127405,-0.5430668760091066,0.42243197807080607,-52.0
v100_s7_p10,100,0.1,h2,1,2.3676690210625138,2.661410614707757,0.8923913339967839,0.4049134170054458,True,True,118.0,66.0,True,True,True,0.29374159364524344,-0.48747791699133813,0.45373974575923554,-52.0
v100_s7_p10,100,0.1,h2,2,2.2868321075341598,2.510075764883128,0.9365151250385679,0.42657341598533094,True,True,118.0,66.0,True,True,True,0.22324365734896823,-0.509941709053237,0.4554901512858787,-52.0
v100_s7_p10,100,0.1,h2,3,2.3861837268904136,2.34931783542894,0.8999489580164663,0.42127520800568163,True,True,118.0,66.0,True,True,True,-0.03686589146147368,-0.4786737500107847,0.4681101125270413,-52.0
v100_s7_p10,100,0.1,h2,4,2.2066173910905964,2.350940474379328,0.9404669170035049,0.4277785419835709,True,True,118.0,66.0,True,True,True,0.14432308328873145,-0.512688375019934,0.45485761832702154,-52.0
v100_s7_p10,100,0.1,h3,0,1.9976486453971882,2.0534013301916505,1.3703302499488927,0.6014795000082813,True,True,118.0,66.0,True,True,True,0.05575268479446227,-0.7688507499406114,0.4389303235703319,-52.0
v100_s7_p10,100,0.1,h3,1,2.0118473196214435,2.082426319781014,1.3799442920135334,0.647156749968417,True,True,118.0,66.0,True,True,True,0.07057900015957053,-0.7327875420451164,0.4689730981995831,-52.0
v100_s7_p10,100,0.1,h3,2,2.0202254656604532,2.077828625350502,1.4369410420185886,0.6713581249932759,True,True,118.0,66.0,True,True,True,0.05760315969004859,-0.7655829170253128,0.4672134105447807,-52.0
v100_s7_p10,100,0.1,h3,3,2.002621167000836,2.115744851576286,1.4828435420058668,0.6455156670417637,True,True,118.0,66.0,True,True,True,0.11312368457544997,-0.8373278749641031,0.4353228434124372,-52.0
v100_s7_p10,100,0.1,h3,4,2.044192849802658,2.1180851123270057,1.4139594580046833,0.665961040998809,True,True,118.0,66.0,True,True,True,0.07389226252434788,-0.7479984170058742,0.47099019510685525,-52.0
v100_s7_p10,100,0.1,h4,0,2.10287254533872,2.2417299627894027,1.8949598330073059,1.0638485419913195,True,True,89.0,57.0,True,True,True,0.1388574174506827,-0.8311112910159864,0.5614095472952528,-32.0
v100_s7_p10,100,0.1,h4,1,2.0855952828351993,2.222842835823236,2.07111125002848,1.1361974999890663,True,True,89.0,61.0,True,True,True,0.1372475529880366,-0.9349137500394136,0.548593176717785,-28.0
v100_s7_p10,100,0.1,h4,2,2.0830914592283136,2.181761512246758,2.0350352080422454,1.0981287919566967,True,True,65.0,61.0,True,True,True,0.09867005301844456,-0.9369064160855487,0.539611692032161,-4.0
v100_s7_p10,100,0.1,h4,3,2.057091421249874,2.221809078640776,2.0091517079854384,1.0982239580480382,True,True,89.0,61.0,True,True,True,0.16471765739090216,-0.9109277499374002,0.5466107679589907,-28.0
v100_s7_p10,100,0.1,h4,4,2.123998380663006,2.189968764965902,2.0518608749844134,1.138590375019703,True,True,65.0,61.0,True,True,True,0.06597038430289626,-0.9132704999647103,0.554906226294876,-4.0
v100_s7_p10,100,0.1,h2+3,0,2.030571530356958,2.077809226423509,1.3548926659859717,0.6867062920355238,True,True,118.0,66.0,True,True,True,0.04723769606655104,-0.6681863739504479,0.5068344594926266,-52.0
v100_s7_p10,100,0.1,h2+3,1,2.0837294742500156,1.9785595506559526,1.4778410000144504,0.6912131659919396,True,True,118.0,66.0,True,True,True,-0.10516992359406308,-0.7866278340225108,0.4677182227216466,-52.0
v100_s7_p10,100,0.1,h2+3,2,2.0306735488805927,2.0725549958342926,1.5029561669798568,0.6984815420000814,True,True,118.0,66.0,True,True,True,0.041881446953699886,-0.8044746249797754,0.4647384649970585,-52.0
v100_s7_p10,100,0.1,h2+3,3,1.9747695159514138,1.9941795357354375,1.4463703749934211,0.6475760419853032,True,True,118.0,66.0,True,True,True,0.01941001978402368,-0.798794333008118,0.44772490724462516,-52.0
v100_s7_p10,100,0.1,h2+3,4,1.9409960800423545,2.120870653709568,1.4177133330376819,0.6777313339989632,True,True,118.0,66.0,True,True,True,0.17987457366721338,-0.7399819990387186,0.4780453976170298,-52.0
v100_s7_p10,100,0.1,h2+3+4,0,2.138097595248025,2.077043375546706,2.4120912920334376,1.2885912499623373,True,True,89.0,57.0,True,True,True,-0.06105421970131886,-1.1235000420711003,0.5342215919514518,-32.0
v100_s7_p10,100,0.1,h2+3+4,1,2.158467053110721,2.119987692791653,2.4004145840299316,1.4326456660055555,True,True,89.0,61.0,True,True,True,-0.03847936031906807,-0.967768918024376,0.5968325953095823,-28.0
v100_s7_p10,100,0.1,h2+3+4,2,2.128158250095201,2.0973375194105452,2.5392713340115733,1.4420642500044778,True,True,65.0,61.0,True,True,True,-0.03082073068465574,-1.0972070840070955,0.5679047491652994,-4.0
v100_s7_p10,100,0.1,h2+3+4,3,2.1154044057178107,2.1245835492604566,2.3723250000039116,1.304277874995023,True,True,89.0,61.0,True,True,True,0.009179143542645818,-1.0680471250088885,0.5497888674582414,-28.0
v100_s7_p10,100,0.1,h2+3+4,4,2.163104798557081,2.168618154673997,2.5227821249864064,1.3809744169702753,True,True,65.0,61.0,True,True,True,0.005513356116916057,-1.141807708016131,0.5474013801242216,-4.0
v100_s7_p30,100,0.3,h2,0,2.8839245101377444,2.9514008404494754,0.7046813340275548,0.23442454100586474,True,True,104.0,24.0,True,True,True,0.06747633031173095,-0.4702567930216901,0.33266744794562436,-80.0
v100_s7_p30,100,0.3,h2,1,2.8183199634947833,2.812661597080334,0.7839198329602368,0.25141037499997765,True,True,104.0,24.0,True,True,True,-0.0056583664144493895,-0.5325094579602592,0.3207092924930885,-80.0
v100_s7_p30,100,0.3,h2,2,2.7100745490084623,2.9994600035906793,0.7731621250277385,0.2444682500208728,True,True,104.0,24.0,True,True,True,0.289385454582217,-0.5286938750068657,0.31619273902236494,-80.0
v100_s7_p30,100,0.3,h2,3,2.721953935326354,2.9999271541790353,0.7735157499555498,0.24062912503723055,True,True,104.0,24.0,True,True,True,0.2779732188526811,-0.5328866249183193,0.3110849715097053,-80.0
v100_s7_p30,100,0.3,h2,4,2.8701095997086212,2.8279819955231127,0.6828133749659173,0.24430758401285857,True,True,104.0,24.0,True,True,True,-0.04212760418550854,-0.43850579095305875,0.35779554556185017,-80.0
v100_s7_p30,100,0.3,h3,0,2.732778909042971,3.0172068803525103,0.7754269579891115,0.23298675002297387,True,True,104.0,24.0,True,True,True,0.28442797130953945,-0.5424402079661377,0.3004625356683117,-80.0
v100_s7_p30,100,0.3,h3,1,2.778925995041032,2.983607483018558,0.6903065830119886,0.2507372500258498,True,True,104.0,24.0,True,True,True,0.20468148797752628,-0.43956933298613876,0.3632259291687723,-80.0
v100_s7_p30,100,0.3,h3,2,2.718451951316488,2.9836074830185306,0.7688011249992996,0.27227720798691735,True,True,104.0,24.0,True,True,True,0.2651555317020424,-0.4965239170123823,0.35415818100833996,-80.0
v100_s7_p30,100,0.3,h3,3,2.8026104902199087,2.983607483018558,0.8302739170030691,0.27193720801733434,True,True,104.0,24.0,True,True,True,0.18099699279864945,-0.5583367089857347,0.32752709972982225,-80.0
v100_s7_p30,100,0.3,h3,4,2.899439693241679,2.983607483018558,0.8031950830481946,0.25762300001224503,True,True,104.0,24.0,True,True,True,0.08416778977687933,-0.5455720830359496,0.3207477304698424,-80.0
v100_s7_p30,100,0.3,h2+3,0,2.81427305345177,2.9836074830185306,0.7830475000082515,0.2635856249835342,True,True,104.0,24.0,True,True,True,0.16933442956676048,-0.5194618750247173,0.33661511591666743,-80.0
v100_s7_p30,100,0.3,h2+3,1,2.7331769320549695,2.983607483018558,0.7795355829875916,0.25497666699811816,True,True,104.0,24.0,True,True,True,0.2504305509635887,-0.5245589159894735,0.32708791306345897,-80.0
v100_s7_p30,100,0.3,h2+3,2,2.761787128793736,2.983607483018558,0.8469444999936968,0.2635710420436226,True,True,104.0,24.0,True,True,True,0.22182035422482205,-0.5833734579500742,0.31120225946987573,-80.0
v100_s7_p30,100,0.3,h2+3,3,2.729182792535637,2.983607483018558,0.7501005409867503,0.2879812920000404,True,True,104.0,24.0,True,True,True,0.25442469048292127,-0.46211924898670986,0.3839235892580529,-80.0
v100_s7_p30,100,0.3,h2+3,4,2.9646785853416064,2.9836074830185306,0.8080227080499753,0.2494497500010766,True,True,104.0,24.0,True,True,True,0.018928897676924183,-0.5585729580488987,0.3087162619514505,-80.0
v100_s7_p50,100,0.5,h2,0,2.840925338163452,2.8173874877230634,0.829704458010383,0.2294565420015715,True,True,104.0,24.0,True,True,True,-0.023537850440388475,-0.6002479160088114,0.2765521382780133,-80.0
v100_s7_p50,100,0.5,h2,1,2.81082414645899,2.7678453765973163,0.7511913329944946,0.23682408296735957,True,True,104.0,24.0,True,True,True,-0.042978769861673705,-0.514367250027135,0.3152646636953348,-80.0
v100_s7_p50,100,0.5,h2,2,2.81427305345177,2.9146127711388714,0.8159640000085346,0.254117792006582,True,True,104.0,24.0,True,True,True,0.10033971768710126,-0.5618462080019526,0.31143260242354326,-80.0
v100_s7_p50,100,0.5,h2,3,2.8337382625627123,2.8537611516111854,0.7615402909577824,0.2133837080327794,True,True,104.0,24.0,True,True,True,0.020022889048473047,-0.548156582925003,0.28020015561410233,-80.0
v100_s7_p50,100,0.5,h2,4,2.81324527507224,2.8001335719975624,0.7822279160027392,0.2422442079987377,True,True,104.0,24.0,True,True,True,-0.013111703074677461,-0.5399837080040015,0.30968494353490883,-80.0
v100_s7_p50,100,0.5,h3,0,2.6512585660520602,2.9836074830185306,0.7188864590134472,0.27145279198884964,True,True,104.0,24.0,True,True,True,0.3323489169664704,-0.4474336670245975,0.3776017597568519,-80.0
v100_s7_p50,100,0.5,h3,1,2.607501840213304,2.983607483018558,0.8018651659949683,0.24043591698864475,True,True,104.0,24.0,True,True,True,0.37610564280525427,-0.5614292490063235,0.29984581845541036,-80.0
v100_s7_p50,100,0.5,h3,2,2.6651753920446555,2.9836074830185306,0.7709642919944599,0.22790600004373118,True,True,104.0,24.0,True,True,True,0.31843209097387515,-0.5430582919507287,0.29561161575219735,-80.0
v100_s7_p50,100,0.5,h3,3,2.803137379966525,2.983607483018558,0.7250837920000777,0.2721631660242565,True,True,104.0,24.0,True,True,True,0.18047010305203326,-0.45292062597582117,0.37535408876471943,-80.0
v100_s7_p50,100,0.5,h3,4,2.8375030403436643,2.9836074830185306,0.7894160829600878,0.25016920804046094,True,True,104.0,24.0,True,True,True,0.14610444267486633,-0.5392468749196269,0.31690411867769014,-80.0
v100_s7_p50,100,0.5,h2+3,0,2.8527164340943507,2.983607483018558,0.74572404200444,0.23471641697688028,True,True,104.0,24.0,True,True,True,0.13089104892420744,-0.5110076250275597,0.31474969795258767,-80.0
v100_s7_p50,100,0.5,h2+3,1,2.882965289326473,2.983607483018558,0.7498455410241149,0.26135620899731293,True,True,104.0,24.0,True,True,True,0.10064219369208516,-0.488489332026802,0.34854672689039534,-80.0
v100_s7_p50,100,0.5,h2+3,2,2.734388737597356,2.983607483018558,0.8049297499819659,0.2899952919688076,True,True,104.0,24.0,True,True,True,0.24921874542120204,-0.5149344580131583,0.36027403879072034,-80.0
v100_s7_p50,100,0.5,h2+3,3,2.6552868285568016,2.983607483018558,0.8506675829994492,0.25662354100495577,True,True,104.0,24.0,True,True,True,0.3283206544617565,-0.5940440419944935,0.3016731166598621,-80.0
v100_s7_p50,100,0.5,h2+3,4,2.723057038609883,2.983607483018558,0.8161375420168042,0.29409858398139477,True,True,104.0,24.0,True,True,True,0.26055044440867503,-0.5220389580354095,0.3603541913470013,-80.0
v100_s8_p0,100,0.0,h2,0,2.037787690983823,2.1107194785518466,1.0025014160200953,0.6877490830374882,True,True,131.0,105.0,True,True,True,0.07293178756802376,-0.3147523329826072,0.686033029028362,-26.0
v100_s8_p0,100,0.0,h2,1,2.1241572742861035,1.942445746989725,1.042180875025224,0.6821944160037674,True,True,131.0,105.0,True,True,True,-0.18171152729637852,-0.35998645902145654,0.6545835107435225,-26.0
v100_s8_p0,100,0.0,h2,2,2.0534867439981834,2.1842681515277564,1.091916375036817,0.7473820840241387,True,True,131.0,105.0,True,True,True,0.130781407529573,-0.3445342910126783,0.6844682441903471,-26.0
v100_s8_p0,100,0.0,h2,3,2.063805375953028,1.8796228156853703,1.0198643329786137,0.7254847909789532,True,True,131.0,105.0,True,True,True,-0.1841825602676579,-0.29437954199966043,0.7113542140061941,-26.0
v100_s8_p0,100,0.0,h2,4,2.0228556936186846,1.9422620506215549,0.9308399999863468,0.7292995830066502,True,True,131.0,105.0,True,True,True,-0.08059364299712968,-0.2015404169796966,0.7834854357541009,-26.0
v100_s8_p0,100,0.0,h3,0,1.7344619454907608,1.7314505341677502,1.7234087500255555,1.1115478340070695,True,True,131.0,105.0,True,True,True,-0.0030114113230106376,-0.611860916018486,0.6449705178708109,-26.0
v100_s8_p0,100,0.0,h3,1,1.6986915765658832,1.7747481024560012,1.7277982089435682,1.1626402089605108,True,True,131.0,105.0,True,True,True,0.07605652589011802,-0.5651579999830574,0.6729027747235522,-26.0
v100_s8_p0,100,0.0,h3,2,1.701424875294731,1.763138033639085,1.7948997079511173,1.172178916982375,True,True,131.0,105.0,True,True,True,0.06171315834435398,-0.6227207909687422,0.6530609547652222,-26.0
v100_s8_p0,100,0.0,h3,3,1.7379876825999825,1.6863819268872011,1.7357047910336405,1.1798922500456683,True,True,131.0,105.0,True,True,True,-0.051605755712781365,-0.5558125409879722,0.6797770312905705,-26.0
v100_s8_p0,100,0.0,h3,4,1.6873818815739137,1.7330737778316694,1.7236543750041164,1.1539898329647258,True,True,131.0,105.0,True,True,True,0.045691896257755715,-0.5696645420393907,0.6695018732870793,-26.0
v100_s8_p0,100,0.0,h4,0,1.8325806329275038,1.8450159488107043,2.5806635830085725,1.8928544170339592,True,True,84.0,89.0,True,True,True,0.01243531588320046,-0.6878091659746133,0.7334758507450413,5.0
v100_s8_p0,100,0.0,h4,1,1.8190874334681248,1.8010609348489177,2.4193527080351487,2.1104594159987755,True,True,97.0,73.0,True,True,True,-0.018026498619207132,-0.30889329203637317,0.8723239935167463,-24.0
v100_s8_p0,100,0.0,h4,2,1.7859850274927525,1.833847209600291,2.9791789170121774,2.0750903750304133,True,True,68.0,77.0,True,True,True,0.047862182107538453,-0.9040885419817641,0.6965309680398531,9.0
v100_s8_p0,100,0.0,h4,3,1.8292601595817395,1.7524264293488527,2.4855728750117123,1.9256110830465332,True,True,108.0,57.0,True,True,True,-0.07683373023288675,-0.5599617919651791,0.774715198417773,-51.0
v100_s8_p0,100,0.0,h4,4,1.8064115894140904,1.7940916900964512,2.447909458016511,1.9903820829931647,True,True,97.0,64.0,True,True,True,-0.012319899317639216,-0.4575273750233464,0.8130946495896662,-33.0
v100_s8_p0,100,0.0,h2+3,0,1.7199416719429463,1.723577724958099,1.7260833750478923,1.192596125009004,True,True,131.0,105.0,True,True,True,0.003636053015152685,-0.5334872500388883,0.6909261407931201,-26.0
v100_s8_p0,100,0.0,h2+3,1,1.7239877454311392,1.6945435720528805,1.8842202500090934,1.1817669589654543,True,True,131.0,105.0,True,True,True,-0.029444173378258665,-0.7024532910436392,0.627191518061517,-26.0
v100_s8_p0,100,0.0,h2+3,2,1.74639635767504,1.695646009373649,1.811016166000627,1.220486834004987,True,True,131.0,105.0,True,True,True,-0.050750348301391135,-0.59052933199564,0.67392376551793,-26.0
v100_s8_p0,100,0.0,h2+3,3,1.7107847582547848,1.741208690675975,1.8342191249830648,1.2128097909735516,True,True,131.0,105.0,True,True,True,0.030423932421190125,-0.6214093340095133,0.661213142123763,-26.0
v100_s8_p0,100,0.0,h2+3,4,1.70857135280183,1.7520842991336936,1.7811198749695905,1.2452753340476193,True,True,131.0,105.0,True,True,True,0.04351294633186353,-0.5358445409219712,0.6991530169011674,-26.0
v100_s8_p0,100,0.0,h2+3+4,0,1.8586545998686972,1.7842665778674747,3.027283291972708,2.376743791042827,True,True,84.0,89.0,True,True,True,-0.07438802200122252,-0.6505395009298809,0.7851078217044031,5.0
v100_s8_p0,100,0.0,h2+3+4,1,1.8303867225708592,1.7438589908198607,3.112911125004757,2.6757283749757335,True,True,97.0,73.0,True,True,True,-0.08652773175099848,-0.43718275002902374,0.8595582294279746,-24.0
v100_s8_p0,100,0.0,h2+3+4,2,1.8047858537830666,1.807184284305753,3.4709816250251606,2.565332792000845,True,True,68.0,77.0,True,True,True,0.002398430522686512,-0.9056488330243155,0.7390799114306027,9.0
v100_s8_p0,100,0.0,h2+3+4,3,1.9134504916442052,1.7552703574365887,3.1854245829745196,2.3781704169814475,True,True,108.0,57.0,True,True,True,-0.15818013420761656,-0.8072541659930721,0.7465787856640241,-51.0
v100_s8_p0,100,0.0,h2+3+4,4,1.8233428778418261,1.7786281222315683,3.136966750025749,2.384337458992377,True,True,97.0,64.0,True,True,True,-0.04471475561025784,-0.7526292910333723,0.7600773769670353,-33.0
v100_s8_p10,100,0.1,h2,0,2.233146114516768,2.346765742208011,0.7681860000011511,0.4148850829806179,True,True,118.0,66.0,True,True,True,0.1136196276912429,-0.35330091702053323,0.5400841501667515,-52.0
v100_s8_p10,100,0.1,h2,1,2.4706932587604316,2.21511529658261,0.8346957089961506,0.4471072919550352,True,True,118.0,66.0,True,True,True,-0.2555779621778216,-0.38758841704111546,0.5356530375515529,-52.0
v100_s8_p10,100,0.1,h2,2,2.3118061925082647,2.496576527770184,0.852861583000049,0.44108304200926796,True,True,118.0,66.0,True,True,True,0.18477033526191944,-0.41177854099078104,0.5171801037839016,-52.0
v100_s8_p10,100,0.1,h2,3,2.2708397010488635,2.318787435507718,0.796825000026729,0.41168445796938613,True,True,118.0,66.0,True,True,True,0.04794773445885436,-0.3851405420573428,0.516656051147462,-52.0
v100_s8_p10,100,0.1,h2,4,2.510274981702693,2.439359848056786,0.7541172080091201,0.40840658301021904,True,True,118.0,66.0,True,True,True,-0.07091513364590663,-0.34571062499890104,0.5415691071264878,-52.0
v100_s8_p10,100,0.1,h3,0,2.084426139049937,2.132791653254189,1.1030245830188505,0.6525511660147458,True,True,118.0,66.0,True,True,True,0.04836551420425206,-0.4504734170041047,0.5916016524570911,-52.0
v100_s8_p10,100,0.1,h3,1,2.208932266218126,2.329172957707315,1.0759071669890545,0.5979335420415737,True,True,118.0,66.0,True,True,True,0.12024069148918892,-0.47797362494748086,0.5557482656379188,-52.0
v100_s8_p10,100,0.1,h3,2,2.116191179973827,2.1097004019711645,1.0903867909801193,0.6693269580136985,True,True,118.0,66.0,True,True,True,-0.006490778002662623,-0.4210598329664208,0.6138436044443079,-52.0
v100_s8_p10,100,0.1,h3,3,2.128339754924666,2.196669651671185,1.0542212079744786,0.5939694170374423,True,True,118.0,66.0,True,True,True,0.06832989674651913,-0.4602517909370363,0.5634200986894029,-52.0
v100_s8_p10,100,0.1,h3,4,2.119672594033817,2.1204401394582013,1.0459804579732008,0.6371880839578807,True,True,118.0,66.0,True,True,True,0.0007675454243845081,-0.4087923740153201,0.6091778092991926,-52.0
v100_s8_p10,100,0.1,h4,0,2.063989670887014,2.326899034359002,1.9514480410143733,0.9369613329763524,True,True,62.0,94.0,True,True,True,0.2629093634719881,-1.0144867080380209,0.4801364490797894,32.0
v100_s8_p10,100,0.1,h4,1,2.1578789388150743,2.2303531296962813,2.0109731660340913,1.0560938749695197,True,True,62.0,57.0,True,True,True,0.07247419088120699,-0.9548792910645716,0.5251655729709603,-5.0
v100_s8_p10,100,0.1,h4,2,2.14266235373249,2.431599256504551,2.145803750026971,1.0671238329960033,True,True,62.0,94.0,True,True,True,0.2889369027720612,-1.0786799170309678,0.49730728310200334,32.0
v100_s8_p10,100,0.1,h4,3,2.1666055198955916,2.400724083918866,2.081105542019941,0.9544278749963269,True,True,62.0,94.0,True,True,True,0.23411856402327436,-1.126677667023614,0.45861579613590864,32.0
v100_s8_p10,100,0.1,h4,4,2.1808276026920512,2.649076957860943,1.9933145000250079,0.9729270830284804,True,True,62.0,94.0,True,True,True,0.46824935516889177,-1.0203874169965275,0.48809512147544915,32.0
v100_s8_p10,100,0.1,h2+3,0,2.1073787909703605,2.158461947299098,1.0936258750152774,0.6607898329966702,True,True,118.0,66.0,True,True,True,0.05108315632873728,-0.43283604201860726,0.6042192747016335,-52.0
v100_s8_p10,100,0.1,h2+3,1,2.0947882881194464,2.2019800553277373,1.14507779100677,0.6719883750192821,True,True,118.0,66.0,True,True,True,0.10719176720829093,-0.4730894159874879,0.5868495400897258,-52.0
v100_s8_p10,100,0.1,h2+3,2,2.159083989728472,2.16830401579492,1.182208833983168,0.6809227080084383,True,True,118.0,66.0,True,True,True,0.009220026066448117,-0.5012861259747297,0.575974978730478,-52.0
v100_s8_p10,100,0.1,h2+3,3,2.08490870625409,2.0973517436134084,1.07735075004166,0.6067667080205865,True,True,118.0,66.0,True,True,True,0.01244303735931851,-0.4705840420210734,0.5632025670350381,-52.0
v100_s8_p10,100,0.1,h2+3,4,2.1128110911747777,2.1590553960848533,1.0858892079559155,0.6774585419916548,True,True,118.0,66.0,True,True,True,0.046244304910075584,-0.4084306659642607,0.6238744588565411,-52.0
v100_s8_p10,100,0.1,h2+3+4,0,2.175950581207062,2.442748299169638,2.3497076249914244,1.195726250007283,True,True,62.0,94.0,True,True,True,0.266797717962576,-1.1539813749841414,0.5088829934795173,32.0
v100_s8_p10,100,0.1,h2+3+4,1,2.108161260874683,2.1828501579339235,2.46811183297541,1.3119897919823416,True,True,62.0,57.0,True,True,True,0.07468889705924031,-1.1561220409930684,0.5315763145143566,-5.0
v100_s8_p10,100,0.1,h2+3+4,2,2.1415020547485577,2.427451858835002,2.646479916991666,1.2297165420022793,True,True,62.0,94.0,True,True,True,0.2859498040864441,-1.4167633749893866,0.4646612030217616,32.0
v100_s8_p10,100,0.1,h2+3+4,3,2.159893567275142,2.3334154682211086,2.5314707499928772,1.1814717090455815,True,True,62.0,94.0,True,True,True,0.17352190094596676,-1.3499990409472957,0.4667135533953556,32.0
v100_s8_p10,100,0.1,h2+3+4,4,2.1730940869423803,2.3019516235432533,2.374986125039868,1.1708307090448216,True,True,62.0,94.0,True,True,True,0.12885753660087307,-1.2041554159950465,0.49298423123426344,32.0
v100_s8_p30,100,0.3,h2,0,2.9572963066235762,2.617061983093671,0.6431860830052756,0.22264170803828165,True,True,104.0,24.0,True,True,True,-0.34023432352990524,-0.42054437496699393,0.34615442392346585,-80.0
v100_s8_p30,100,0.3,h2,1,2.8657279380572818,2.671777686430868,0.6547625419916585,0.17706829198868945,True,True,104.0,24.0,True,True,True,-0.19395025162641355,-0.47769425000296906,0.27043131002894977,-80.0
v100_s8_p30,100,0.3,h2,2,2.783968558152518,2.4924345191396755,0.6121224170201458,0.24291612498927861,True,True,104.0,24.0,True,True,True,-0.2915340390128427,-0.3692062920308672,0.3968423933431667,-80.0
v100_s8_p30,100,0.3,h2,3,2.6806394703886314,2.656390462314916,0.5989353339537047,0.21413979097269475,True,True,104.0,24.0,True,True,True,-0.024249008073715217,-0.38479554298100993,0.35753407560564276,-80.0
v100_s8_p30,100,0.3,h2,4,2.5968851075709374,2.892679891799977,0.6453706250176765,0.21857633301988244,True,True,104.0,24.0,True,True,True,0.2957947842290398,-0.42679429199779406,0.33868342398431245,-80.0
v100_s8_p30,100,0.3,h3,0,2.803325779475856,2.874695216945673,0.6477140000206418,0.25036504201125354,True,True,104.0,24.0,True,True,True,0.07136943746981705,-0.3973489580093883,0.3865364065054557,-80.0
v100_s8_p30,100,0.3,h3,1,2.805511554498886,2.874695216945673,0.6064290839713067,0.23485270800301805,True,True,104.0,24.0,True,True,True,0.06918366244678698,-0.37157637596828863,0.387271511559182,-80.0
v100_s8_p30,100,0.3,h3,2,2.712342275754775,2.874695216945673,0.5562134589999914,0.25209091702708974,True,True,104.0,24.0,True,True,True,0.16235294119089794,-0.30412254197290167,0.4532269274467406,-80.0
v100_s8_p30,100,0.3,h3,3,2.5883943877968743,2.874695216945673,0.6415145419887267,0.23737216601148248,True,True,104.0,24.0,True,True,True,0.28630082914879873,-0.40414237597724423,0.3700183713304722,-80.0
v100_s8_p30,100,0.3,h3,4,2.4911416718775055,2.874695216945673,0.6279456669581123,0.24331183399772272,True,True,104.0,24.0,True,True,True,0.3835535450681675,-0.38463383296038955,0.3874727493166269,-80.0
v100_s8_p30,100,0.3,h2+3,0,2.902860192541401,2.874695216945673,0.6506543339928612,0.3023973749950528,True,True,104.0,24.0,True,True,True,-0.02816497559572806,-0.3482569589978084,0.4647588730245369,-80.0
v100_s8_p30,100,0.3,h2+3,1,2.737764388135498,2.874695216945673,0.7177329589612782,0.2898375000222586,True,True,104.0,24.0,True,True,True,0.13693082881017515,-0.4278954589390196,0.4038235898233223,-80.0
v100_s8_p30,100,0.3,h2+3,2,2.5329567221318596,2.874695216945673,0.7471546669839881,0.2814709169906564,True,True,104.0,24.0,True,True,True,0.34173849481381335,-0.46568374999333173,0.376723762065035,-80.0
v100_s8_p30,100,0.3,h2+3,3,2.5475782424314155,2.874695216945673,0.7315812919987366,0.2878291250090115,True,True,104.0,24.0,True,True,True,0.3271169745142575,-0.4437521669897251,0.39343423370305175,-80.0
v100_s8_p30,100,0.3,h2+3,4,2.6285001741679537,2.874695216945673,0.63529795804061,0.26339816697873175,True,True,104.0,24.0,True,True,True,0.2461950427777193,-0.3718997910618782,0.4146057194817784,-80.0
v100_s8_p50,100,0.5,h2,0,2.54020554016041,2.656390462314919,0.6327055420260876,0.2124945829855278,True,True,104.0,24.0,True,True,True,0.11618492215450882,-0.42021095904055983,0.33585067439912875,-80.0
v100_s8_p50,100,0.5,h2,1,2.5720127625681553,2.593205159039538,0.5785887920064852,0.2057384159998037,True,True,104.0,24.0,True,True,True,0.021192396471382935,-0.37285037600668147,0.3555865907570115,-80.0
v100_s8_p50,100,0.5,h2,2,2.4521695062465994,2.683854013063807,0.6586262079654261,0.21303379099117592,True,True,104.0,24.0,True,True,True,0.23168450681720776,-0.4455924169742502,0.32345173698638924,-80.0
v100_s8_p50,100,0.5,h2,3,2.624716533620527,2.537593375041586,0.6378899579867721,0.2327021249802783,True,True,104.0,24.0,True,True,True,-0.08712315857894115,-0.40518783300649375,0.3647997935485667,-80.0
v100_s8_p50,100,0.5,h2,4,3.074540062288123,2.5501921483546837,0.5632500000065193,0.22378404199844226,True,True,104.0,24.0,True,True,True,-0.5243479139334393,-0.339465958008077,0.39730855214532107,-80.0
v100_s8_p50,100,0.5,h3,0,2.702269499365281,2.874695216945673,0.639104750007391,0.2707043749978766,True,True,104.0,24.0,True,True,True,0.17242571758039205,-0.3684003750095144,0.42356808487927217,-80.0
v100_s8_p50,100,0.5,h3,1,2.511227422443299,2.874695216945673,0.6247235839837231,0.21712474996456876,True,True,104.0,24.0,True,True,True,0.3634677945023741,-0.4075988340191543,0.3475533108259058,-80.0
v100_s8_p50,100,0.5,h3,2,2.7992486870387463,2.874695216945673,0.5658622499904595,0.25623420800548047,True,True,104.0,24.0,True,True,True,0.07544652990692668,-0.30962804198497906,0.45282081992534506,-80.0
v100_s8_p50,100,0.5,h3,3,2.5550694095378956,2.874695216945673,0.6521245409967378,0.2767129589919932,True,True,104.0,24.0,True,True,True,0.31962580740777735,-0.37541158200474456,0.4243253268295227,-80.0
v100_s8_p50,100,0.5,h3,4,2.71287059944263,2.874695216945673,0.5997375409933738,0.2621947089792229,True,True,104.0,24.0,True,True,True,0.1618246175030431,-0.3375428320141509,0.4371824190710779,-80.0
v100_s8_p50,100,0.5,h2+3,0,2.470723540302574,2.874695216945673,0.7261825840105303,0.2382639999850653,True,True,104.0,24.0,True,True,True,0.4039716766430992,-0.48791858402546495,0.32810481169789424,-80.0
v100_s8_p50,100,0.5,h2+3,1,2.6735745251160523,2.874695216945673,0.6580085410387255,0.23756174999289215,True,True,104.0,24.0,True,True,True,0.20112069182962067,-0.4204467910458334,0.36103140791741034,-80.0
v100_s8_p50,100,0.5,h2+3,2,2.591841476200547,2.874695216945673,0.7189440419897437,0.2608919579652138,True,True,104.0,24.0,True,True,True,0.2828537407451259,-0.4580520840245299,0.3628821476052174,-80.0
v100_s8_p50,100,0.5,h2+3,3,2.563017804377784,2.874695216945673,0.6639817499672063,0.28407899994635954,True,True,104.0,24.0,True,True,True,0.31167741256788917,-0.3799027500208467,0.4278415784174641,-80.0
v100_s8_p50,100,0.5,h2+3,4,2.7415967549717086,2.874695216945673,0.6930250000441447,0.2871425000485033,True,True,104.0,24.0,True,True,True,0.13309846197396435,-0.4058824999956414,0.41433209484537026,-80.0
v100_s9_p0,100,0.0,h2,0,2.0541774056889,2.1338064409852695,0.9995820840122178,0.7323277500108816,True,True,131.0,105.0,True,True,True,0.07962903529636955,-0.26725433400133625,0.7326339294431876,-26.0
v100_s9_p0,100,0.0,h2,1,2.048555655461156,1.970346795970236,0.9929041669820435,0.7038468329701573,True,True,131.0,105.0,True,True,True,-0.07820885949091982,-0.28905733401188627,0.7088769051191687,-26.0
v100_s9_p0,100,0.0,h2,2,1.9764976762051594,2.104079777684691,1.1422599999932572,0.7220285839866847,True,True,131.0,105.0,True,True,True,0.12758210147953153,-0.42023141600657254,0.6321052860040156,-26.0
v100_s9_p0,100,0.0,h2,3,1.97569051657712,2.006828255463749,0.9560934170149267,0.7521110830130056,True,True,131.0,105.0,True,True,True,0.031137738886628963,-0.20398233400192112,0.7866502055428999,-26.0
v100_s9_p0,100,0.0,h2,4,2.02110602684851,2.0695226797484803,1.0707249590195715,0.7722427920089103,True,True,131.0,105.0,True,True,True,0.0484166528999701,-0.2984821670106612,0.7212335768431403,-26.0
v100_s9_p0,100,0.0,h3,0,1.7371259569966813,1.7008595759831728,1.6513672500150278,1.114091333001852,True,True,131.0,105.0,True,True,True,-0.03626638101350843,-0.5372759170131758,0.6746478307546148,-26.0
v100_s9_p0,100,0.0,h3,1,1.7455858768903005,1.7274270058993508,1.7277944579836912,1.1613783339853399,True,True,131.0,105.0,True,True,True,-0.018158870990949705,-0.5664161239983514,0.6721738969695793,-26.0
v100_s9_p0,100,0.0,h3,2,1.728739468694137,1.7518935107887565,1.7665112909744494,1.1667468329542316,True,True,131.0,105.0,True,True,True,0.023154042094619465,-0.5997644580202177,0.660480823935536,-26.0
v100_s9_p0,100,0.0,h3,3,1.7035976666166148,1.7082141835300844,1.7216459169867449,1.1809032500023022,True,True,131.0,105.0,True,True,True,0.004616516913469537,-0.5407426669844426,0.6859152851064405,-26.0
v100_s9_p0,100,0.0,h3,4,1.7352315915344587,1.736130526679108,1.7173908749828115,1.1168815839919262,True,True,131.0,105.0,True,True,True,0.0008989351446493377,-0.6005092909908853,0.650336274788408,-26.0
v100_s9_p0,100,0.0,h4,0,1.8545663119286957,1.7556884249664382,2.3522575829993,1.8270837079617195,True,True,97.0,72.0,True,True,True,-0.09887788696225752,-0.5251738750375807,0.7767362389080087,-25.0
v100_s9_p0,100,0.0,h4,1,1.8743030835444594,1.8310754812533832,2.4010024159797467,1.9476871670340188,True,True,112.0,92.0,True,True,True,-0.04322760229107625,-0.45331524894572794,0.8111975040388498,-20.0
v100_s9_p0,100,0.0,h4,2,1.7733986484303368,1.781549749824243,2.7180667920038104,2.002449458988849,True,True,75.0,61.0,True,True,True,0.00815110139390618,-0.7156173330149613,0.7367182678806083,-14.0
v100_s9_p0,100,0.0,h4,3,1.7788681532059154,1.8682407754188497,2.7031052919919603,2.0081686669727787,True,True,77.0,87.0,True,True,True,0.0893726222129343,-0.6949366250191815,0.7429117441048433,10.0
v100_s9_p0,100,0.0,h4,4,1.8706111553685663,1.867983340877847,2.40129920799518,1.7392737910267897,True,True,95.0,94.0,True,True,True,-0.002627814490719249,-0.6620254169683903,0.7243053199017592,-1.0
v100_s9_p0,100,0.0,h2+3,0,1.7277005236527792,1.7267964765761286,1.7296720839804038,1.1642294999910519,True,True,131.0,105.0,True,True,True,-0.0009040470766505937,-0.565442583989352,0.6730926114688002,-26.0
v100_s9_p0,100,0.0,h2+3,1,1.701804384447587,1.70352248554237,1.8280455420026556,1.1937309579807334,True,True,131.0,105.0,True,True,True,0.0017181010947830977,-0.6343145840219222,0.6530094193785678,-26.0
v100_s9_p0,100,0.0,h2+3,2,1.7064123787029277,1.7430229630812526,1.900067082955502,1.276877958967816,True,True,131.0,105.0,True,True,True,0.03661058437832487,-0.6231891239876859,0.6720173042425784,-26.0
v100_s9_p0,100,0.0,h2+3,3,1.696255448058739,1.7567916086287614,1.824654083000496,1.2294768750434741,True,True,131.0,105.0,True,True,True,0.06053616057002231,-0.5951772079570219,0.6738136759717759,-26.0
v100_s9_p0,100,0.0,h2+3,4,1.7215354691917322,1.7239303114518365,1.7598248340073042,1.2128318749601021,True,True,131.0,105.0,True,True,True,0.002394842260104335,-0.546992959047202,0.6891776110457299,-26.0
v100_s9_p0,100,0.0,h2+3+4,0,1.8596360434444752,1.7645375382333757,2.9917569999815896,2.2923001250019297,True,True,97.0,72.0,True,True,True,-0.09509850521109953,-0.6994568749796599,0.766205318485437,-25.0
v100_s9_p0,100,0.0,h2+3+4,1,1.8728320209777194,1.8053803306818261,2.942639417015016,2.4738921250100248,True,True,112.0,92.0,True,True,True,-0.06745169029589326,-0.4687472920049913,0.8407051542589327,-20.0
v100_s9_p0,100,0.0,h2+3+4,2,1.7922281246243623,1.7839535991461475,3.157783583039418,2.4374652500264347,True,True,75.0,61.0,True,True,True,-0.008274525478214834,-0.7203183330129832,0.7718911654104981,-14.0
v100_s9_p0,100,0.0,h2+3+4,3,1.7954768007109498,1.8840965559006981,3.2794220420182683,2.497080166998785,True,True,77.0,87.0,True,True,True,0.0886197551897483,-0.7823418750194833,0.7614390996353725,10.0
v100_s9_p0,100,0.0,h2+3+4,4,1.8616905981650689,1.8421997164236803,3.0216139589902014,2.2885205000056885,True,True,95.0,94.0,True,True,True,-0.019490881741388577,-0.7330934589845128,0.7573834814989051,-1.0
v100_s9_p10,100,0.1,h2,0,2.2873109332050827,2.3801179778907904,0.7083869590424001,0.36994995799614117,True,True,118.0,66.0,True,True,True,0.09280704468570766,-0.33843700104625896,0.5222427562701617,-52.0
v100_s9_p10,100,0.1,h2,1,2.812082826003421,2.4972467973127976,0.7058876249939203,0.3842430840013549,True,True,118.0,66.0,True,True,True,-0.3148360286906233,-0.32164454099256545,0.5443403034649662,-52.0
v100_s9_p10,100,0.1,h2,2,,2.4653628530158347,0.6553908330388367,0.3822572919889353,True,True,118.0,66.0,False,True,False,,-0.2731335410499014,0.5832508981191132,-52.0
v100_s9_p10,100,0.1,h2,3,2.671249160994446,2.689012539906103,0.6991232089931145,0.37466129200765863,True,True,118.0,66.0,True,True,True,0.01776337891165669,-0.3244619169854559,0.5359016653834883,-52.0
v100_s9_p10,100,0.1,h2,4,2.6453852419843775,2.653082410225346,0.6679841249715537,0.4121309579932131,True,True,118.0,66.0,True,True,True,0.007697168240968555,-0.2558531669783406,0.6169771744362396,-52.0
v100_s9_p10,100,0.1,h3,0,2.1921341319109344,2.1233661395812464,0.8544241659692489,0.5712780000176281,True,True,118.0,66.0,True,True,True,-0.068767992329688,-0.2831461659516208,0.6686117068910111,-52.0
v100_s9_p10,100,0.1,h3,1,2.329611329934427,2.193178111396413,0.9293619169620797,0.6020364579744637,True,True,118.0,66.0,True,True,True,-0.13643321853801416,-0.327325458987616,0.6477954895574103,-52.0
v100_s9_p10,100,0.1,h3,2,2.343627184597057,2.169796276804125,0.8937020419980399,0.6325455839978531,True,True,118.0,66.0,True,True,True,-0.1738309077929321,-0.26115645800018683,0.7077812898174405,-52.0
v100_s9_p10,100,0.1,h3,3,2.2448488223016247,2.2013532555343605,0.9384435830288567,0.6320594580029137,True,True,118.0,66.0,True,True,True,-0.04349556676726429,-0.3063841250259429,0.6735188661665964,-52.0
v100_s9_p10,100,0.1,h3,4,2.231595029794239,2.207130207166451,0.945568541996181,0.6022042920230888,True,True,118.0,66.0,True,True,True,-0.024464822627788152,-0.34336424997309223,0.6368700578297379,-52.0
v100_s9_p10,100,0.1,h2+3,0,2.2566229800746433,2.247192016246931,0.9475707079982385,0.6206294999574311,True,True,118.0,66.0,True,True,True,-0.009430963827712358,-0.3269412080408074,0.6549690642807258,-52.0
v100_s9_p10,100,0.1,h2+3,1,2.298766334420548,2.2931975949245675,0.9473268330330029,0.6037999169784598,True,True,118.0,66.0,True,True,True,-0.005568739495980246,-0.3435269160545431,0.6373723364779056,-52.0
v100_s9_p10,100,0.1,h2+3,2,2.231215626423215,2.26462123643697,0.9254066669964232,0.5846412079990841,True,True,118.0,66.0,True,True,True,0.033405610013755194,-0.340765458997339,0.6317667992350263,-52.0
v100_s9_p10,100,0.1,h2+3,3,2.3409407664405952,2.3071307277338016,0.9507742080022581,0.594262125028763,True,True,118.0,66.0,True,True,True,-0.033810038706793666,-0.3565120829734951,0.625029707397523,-52.0
v100_s9_p10,100,0.1,h2+3,4,2.3300843261862476,2.20482562836031,0.8791431249701418,0.627807208977174,True,True,118.0,66.0,True,True,True,-0.12525869782593757,-0.2513359159929678,0.7141126298388515,-52.0
v100_s9_p30,100,0.3,h2,0,2.8707095458317347,2.739372702204426,0.6263941670185886,0.19090504199266434,True,True,102.0,18.0,True,True,True,-0.13133684362730857,-0.4354891250259243,0.3047682306834111,-84.0
v100_s9_p30,100,0.3,h2,1,2.8759779993258046,2.862612244935913,0.6180867080111057,0.20715416700113565,True,True,102.0,18.0,True,True,True,-0.013365754389891737,-0.41093254100997,0.33515389397018636,-84.0
v100_s9_p30,100,0.3,h2,2,3.1517550269281185,2.80672489091466,0.6850076250266284,0.18483616696903482,True,True,102.0,18.0,True,True,True,-0.34503013601345867,-0.5001714580575936,0.2698308167910535,-84.0
v100_s9_p30,100,0.3,h2,3,2.7220614217710177,2.812907634552052,0.6645540409954265,0.2251309580169618,True,True,102.0,18.0,True,True,True,0.09084621278103411,-0.43942308297846466,0.3387699782545016,-84.0
v100_s9_p30,100,0.3,h2,4,2.7220614217710177,2.8835845087029512,0.7097657079575583,0.1993745409999974,True,True,102.0,18.0,True,True,True,0.1615230869319335,-0.5103911669575609,0.2809019071571141,-84.0
v100_s9_p30,100,0.3,h3,0,2.8494069895044785,2.812907634552052,0.7398409160086885,0.20814179198350757,True,True,102.0,18.0,True,True,True,-0.03649935495242662,-0.5316991240251809,0.28133317241549155,-84.0
v100_s9_p30,100,0.3,h3,1,2.8832317287548457,2.812907634552052,0.6521608750335872,0.2119450840400532,True,True,102.0,18.0,True,True,True,-0.07032409420279384,-0.44021579099353403,0.3249889592489548,-84.0
v100_s9_p30,100,0.3,h3,2,3.0136530305574523,2.812907634552044,0.7118563329568133,0.21237333305180073,True,True,102.0,18.0,True,True,True,-0.20074539600540842,-0.49948299990501255,0.2983373515406864,-84.0
v100_s9_p30,100,0.3,h3,3,2.7250520878282325,2.812907634552044,0.5946447500027716,0.2001464170170948,True,True,102.0,18.0,True,True,True,0.08785554672381135,-0.3944983329856768,0.336581491749758,-84.0
v100_s9_p30,100,0.3,h3,4,2.7500561973321185,2.812907634552052,0.7277184589765966,0.21777062502223998,True,True,102.0,18.0,True,True,True,0.06285143721993336,-0.5099478339543566,0.29925120400064426,-84.0
v100_s9_p30,100,0.3,h2+3,0,2.6631555105946196,2.812907634552044,0.7230022919829935,0.24175570899387822,True,True,102.0,18.0,True,True,True,0.1497521239574242,-0.48124658298911527,0.33437751397828874,-84.0
v100_s9_p30,100,0.3,h2+3,1,2.8090819277461536,2.812907634552052,0.698187333997339,0.2388034169562161,True,True,102.0,18.0,True,True,True,0.0038257068058982213,-0.4593839170411229,0.34203344192595486,-84.0
v100_s9_p30,100,0.3,h2+3,2,2.7513698859218954,2.812907634552052,0.7428226659540087,0.2282137080328539,True,True,102.0,18.0,True,True,True,0.061537748630156486,-0.5146089579211548,0.3072250195001233,-84.0
v100_s9_p30,100,0.3,h2+3,3,2.686985832558362,2.812907634552052,0.6767061669961549,0.24415970803238451,True,True,102.0,18.0,True,True,True,0.12592180199368963,-0.4325464589637704,0.3608060927184839,-84.0
v100_s9_p30,100,0.3,h2+3,4,2.7731819178456147,2.812907634552044,0.7480556250084192,0.22775270900456235,True,True,102.0,18.0,True,True,True,0.039725716706429104,-0.5203029160038568,0.3044595901568136,-84.0
v100_s9_p50,100,0.5,h2,0,2.905043760678567,2.812907634552052,0.5993430829839781,0.21053837501676753,True,True,102.0,18.0,True,True,True,-0.092136126126515,-0.38880470796721056,0.3512818967869789,-84.0
v100_s9_p50,100,0.5,h2,1,2.656972766957233,2.7787301153535613,0.7004004170303233,0.22622587502701208,True,True,102.0,18.0,True,True,True,0.12175734839632835,-0.4741745420033112,0.32299506043443404,-84.0
v100_s9_p50,100,0.5,h2,2,2.7305076993048565,2.841724993708114,0.6922646249877289,0.22543945797951892,True,True,102.0,18.0,True,True,True,0.11121729440325767,-0.46682516700821,0.32565503109958144,-84.0
v100_s9_p50,100,0.5,h2,3,2.725052087828217,2.8835845087029526,0.6171096669859253,0.18992366699967533,True,True,102.0,18.0,True,True,True,0.15853242087473562,-0.42718599998624995,0.30776323425185786,-84.0
v100_s9_p50,100,0.5,h2,4,2.864969281767394,2.80672489091466,0.6910725409979932,0.23817554203560576,True,True,102.0,18.0,True,True,True,-0.05824439085273436,-0.45289699896238744,0.3446462243915106,-84.0
v100_s9_p50,100,0.5,h3,0,2.7312348314655988,2.812907634552052,0.6512674159603193,0.24235945794498548,True,True,102.0,18.0,True,True,True,0.08167280308645308,-0.40890795801533386,0.372135089220788,-84.0
v100_s9_p50,100,0.5,h3,1,2.851717821931191,2.812907634552044,0.6593095000134781,0.19509183400077745,True,True,102.0,18.0,True,True,True,-0.0388101873791471,-0.46421766601270065,0.2959032654569504,-84.0
v100_s9_p50,100,0.5,h3,2,2.774756698212081,2.812907634552044,0.7081277079996653,0.21276979200774804,True,True,102.0,18.0,True,True,True,0.038150936339962804,-0.49535791599191725,0.30046810710003824,-84.0
v100_s9_p50,100,0.5,h3,3,2.7250520878282325,2.812907634552044,0.6722406249609776,0.21963645797222853,True,True,102.0,18.0,True,True,True,0.08785554672381135,-0.45260416698874906,0.3267229765903809,-84.0
v100_s9_p50,100,0.5,h3,4,2.9256826097096718,2.812907634552044,0.659613249998074,0.23201766598504037,True,True,102.0,18.0,True,True,True,-0.11277497515762791,-0.42759558401303366,0.35174803718045056,-84.0
v100_s9_p50,100,0.5,h2+3,0,2.8355422500707457,2.812907634552052,0.662923541967757,0.1775214999797754,True,True,102.0,18.0,True,True,True,-0.022634615518693835,-0.48540204198798165,0.26778578333911335,-84.0
v100_s9_p50,100,0.5,h2+3,1,2.877401765065577,2.812907634552052,0.6907806670060381,0.19382520904764533,True,True,102.0,18.0,True,True,True,-0.06449413051352515,-0.4969554579583928,0.2805886416707593,-84.0
v100_s9_p50,100,0.5,h2+3,2,2.8877312285637724,2.812907634552044,0.6204587499960326,0.25870808301260695,True,True,102.0,18.0,True,True,True,-0.07482359401172856,-0.3617506669834256,0.41696258295053656,-84.0
v100_s9_p50,100,0.5,h2+3,3,2.862612244935913,2.812907634552044,0.690836624999065,0.23405875003663823,True,True,102.0,18.0,True,True,True,-0.049704610383868975,-0.4567778749624267,0.3388047789692028,-84.0
v100_s9_p50,100,0.5,h2+3,4,2.7787301153535786,2.812907634552044,0.703472041990608,0.2370319579495117,True,True,102.0,18.0,True,True,True,0.034177519198465234,-0.46644008404109627,0.3369458113485003,-84.0
v200_s0_p0,200,0.0,h2,0,1.9141543741907805,2.0021700878406317,2.0283166670124047,1.5555878749582916,True,True,278.0,240.0,True,True,True,0.08801571364985117,-0.472728792054113,0.7669354101643233,-38.0
v200_s0_p0,200,0.0,h2,1,1.9230257047066426,2.1274464119770795,2.8967953340034,2.1047600409947336,True,True,278.0,240.0,True,True,True,0.20442070727043693,-0.7920352930086665,0.7265822394452474,-38.0
v200_s0_p0,200,0.0,h2,2,2.1179620913696433,2.0276443462589144,2.883470624976326,2.2835285830078647,True,True,278.0,240.0,True,True,True,-0.09031774511072888,-0.5999420419684611,0.7919375225217054,-38.0
v200_s0_p0,200,0.0,h2,3,1.9105168621065571,2.0320591643088233,2.9097826249781065,2.2968351659947075,True,True,278.0,240.0,True,True,True,0.12154230220226614,-0.612947458983399,0.7893493989132571,-38.0
v200_s0_p0,200,0.0,h2,4,2.0180522783584376,2.0540207552850385,2.6887794169597328,2.219670500024222,True,True,278.0,240.0,True,True,True,0.03596847692660088,-0.46910891693551093,0.8255309029901964,-38.0
v200_s0_p0,200,0.0,h3,0,1.6113877191097965,1.613957417257313,4.375618167046923,3.158296875015367,True,True,278.0,240.0,True,True,True,0.002569698147516508,-1.2173212920315564,0.7217944423946117,-38.0
v200_s0_p0,200,0.0,h3,1,1.6224285868126485,1.6199858752874157,6.269899624981917,4.655281084007584,True,True,278.0,240.0,True,True,True,-0.002442711525232788,-1.6146185409743339,0.7424809586199731,-38.0
v200_s0_p0,200,0.0,h3,2,1.6127110910300497,1.612750640845174,6.426904000050854,4.601966834045015,True,True,278.0,240.0,True,True,True,3.954981512421796e-05,-1.8249371660058387,0.7160472342528535,-38.0
v200_s0_p0,200,0.0,h3,3,1.609907456179226,1.6124910234770262,6.306541208003182,4.579806624969933,True,True,278.0,240.0,True,True,True,0.0025835672978002933,-1.7267345830332488,0.7261994291194082,-38.0
v200_s0_p0,200,0.0,h3,4,1.6305187317840995,1.613063061669162,6.322187041980214,4.541691292019095,True,True,278.0,240.0,True,True,True,-0.017455670114937538,-1.7804957499611191,0.718373446065677,-38.0
v200_s0_p0,200,0.0,h4,0,1.73779223430758,1.6447915024846462,5.590275917027611,4.702672166982666,True,True,213.0,143.0,True,True,True,-0.09300073182293378,-0.8876037500449456,0.8412236241611325,-70.0
v200_s0_p0,200,0.0,h4,1,1.613195968103505,1.6787144283209954,11.043441832996905,7.109148624993395,True,True,111.0,155.0,True,True,True,0.0655184602174903,-3.93429320800351,0.6437439280706707,44.0
v200_s0_p0,200,0.0,h4,2,1.6589742276694086,1.6980552881222264,8.671184417034965,6.656831667001825,True,True,152.0,168.0,True,True,True,0.039081060452817784,-2.01435275003314,0.7676957779751696,16.0
v200_s0_p0,200,0.0,h4,3,1.6421493178333268,1.6357873982702509,8.320521708985325,6.662389041972347,True,True,165.0,147.0,True,True,True,-0.006361919563075968,-1.6581326670129783,0.8007177043691428,-18.0
v200_s0_p0,200,0.0,h4,4,1.6705454279679486,1.6762624087780453,8.717472540971357,6.911362207960337,True,True,160.0,144.0,True,True,True,0.00571698081009675,-1.80611033301102,0.7928172042386759,-16.0
v200_s0_p0,200,0.0,h2+3,0,1.6165741966791671,1.610764280387481,4.415433041984215,3.351754042028915,True,True,278.0,240.0,True,True,True,-0.005809916291686035,-1.0636789999553002,0.7590997327235423,-38.0
v200_s0_p0,200,0.0,h2+3,1,1.6325539575973773,1.6418611853442913,6.455825667013414,4.741672125004698,True,True,278.0,240.0,True,True,True,0.009307227746913949,-1.7141535420087166,0.7344795800841821,-38.0
v200_s0_p0,200,0.0,h2+3,2,1.61429521268375,1.619030031123836,6.6570538750384,4.786863540997729,True,True,278.0,240.0,True,True,True,0.004734818440085942,-1.8701903340406716,0.7190663664217554,-38.0
v200_s0_p0,200,0.0,h2+3,3,1.6154386629217043,1.592394129812833,6.543291207985021,4.753381915972568,True,True,278.0,240.0,True,True,True,-0.023044533108871335,-1.789909292012453,0.7264512253668062,-38.0
v200_s0_p0,200,0.0,h2+3,4,1.6099585679579012,1.6135394083627075,6.568978041992523,4.739879958040547,True,True,278.0,240.0,True,True,True,0.003580840404806329,-1.8290980839519762,0.7215551532887803,-38.0
v200_s0_p0,200,0.0,h2+3+4,0,1.6860623981938836,1.6661943749282209,6.716688000014983,5.606632999959402,True,True,213.0,143.0,True,True,True,-0.019868023265662726,-1.1100550000555813,0.8347317904221389,-70.0
v200_s0_p0,200,0.0,h2+3+4,1,1.6198964376989278,1.6689172595521444,12.565550666011404,8.116358540952206,True,True,111.0,155.0,True,True,True,0.049020821853216656,-4.449192125059199,0.6459214368460722,44.0
v200_s0_p0,200,0.0,h2+3+4,2,1.663382258165167,1.7013074836444804,9.923527083999943,7.999625582946464,True,True,152.0,168.0,True,True,True,0.03792522547931343,-1.9239015010534786,0.8061272484301016,16.0
v200_s0_p0,200,0.0,h2+3+4,3,1.6709048492636989,1.637175892082855,9.763113124994561,7.903642542019952,True,True,165.0,147.0,True,True,True,-0.0337289571808439,-1.859470582974609,0.8095412232585757,-18.0
v200_s0_p0,200,0.0,h2+3+4,4,1.6432200075838965,1.634763122451857,9.938067624985706,8.083490916993469,True,True,160.0,144.0,True,True,True,-0.00845688513203946,-1.854576707992237,0.8133865880194285,-16.0
v200_s0_p10,200,0.1,h2,0,2.6310658307467474,2.4145061893182116,1.4227640409953892,0.7206311670015566,True,True,250.0,156.0,True,True,True,-0.2165596414285358,-0.7021328739938326,0.50650082953839,-94.0
v200_s0_p10,200,0.1,h2,1,3.239221226096032,2.3370169545180106,1.9320721250260249,1.0427790000103414,True,True,250.0,156.0,True,True,True,-0.9022042715780212,-0.8892931250156835,0.5397205344993501,-94.0
v200_s0_p10,200,0.1,h2,2,2.527921517870596,2.407678278729814,2.1060846250038594,1.012953124998603,True,True,250.0,156.0,True,True,True,-0.12024323914078172,-1.0931315000052564,0.4809650633087675,-94.0
v200_s0_p10,200,0.1,h2,3,2.6684942566522545,2.3268898211282902,2.0061038329731673,0.9397551250294782,True,True,250.0,156.0,True,True,True,-0.34160443552396424,-1.066348707943689,0.4684478986497445,-94.0
v200_s0_p10,200,0.1,h2,4,2.5673266668162693,2.284774793511296,1.9857005419908091,1.0224817079724744,True,True,250.0,156.0,True,True,True,-0.28255187330497344,-0.9632188340183347,0.5149224096737981,-94.0
v200_s0_p10,200,0.1,h3,0,2.1324285203117808,1.9824743494140697,2.2955850000143982,1.528009541973006,True,True,250.0,156.0,True,True,True,-0.14995417089771101,-0.7675754580413923,0.6656296943756916,-94.0
v200_s0_p10,200,0.1,h3,1,1.9920672194252333,2.0052683074477002,3.5219602920114994,2.245837250025943,True,True,250.0,156.0,True,True,True,0.01320108802246689,-1.2761230419855565,0.6376668286465196,-94.0
v200_s0_p10,200,0.1,h3,2,2.0955363234281723,1.9871292236190723,3.6193248340277933,2.30890012497548,True,True,250.0,156.0,True,True,True,-0.10840709980910002,-1.3104247090523131,0.6379366956145804,-94.0
v200_s0_p10,200,0.1,h3,3,1.965917460822149,1.9812832009107446,3.1217151670134626,2.2623717919923365,True,True,250.0,156.0,True,True,True,0.015365740088595592,-0.8593433750211261,0.7247207611694895,-94.0
v200_s0_p10,200,0.1,h3,4,2.030706925212745,1.947924871782588,3.6632620829623193,2.209655874990858,True,True,250.0,156.0,True,True,True,-0.08278205343015688,-1.4536062079714611,0.60319349938621,-94.0
v200_s0_p10,200,0.1,h4,0,1.97517291127751,2.0558462466651024,4.820362083031796,2.6773895830265246,True,True,130.0,93.0,True,True,True,0.08067333538759236,-2.1429725000052713,0.5554332925427387,-37.0
v200_s0_p10,200,0.1,h4,1,1.9944726436546116,2.0195456347156524,7.120736749959178,4.026578209013678,True,True,129.0,105.0,True,True,True,0.025072991061040772,-3.0941585409455,0.5654721344721474,-24.0
v200_s0_p10,200,0.1,h4,2,1.93196727738177,1.9941490678410327,7.336888124991674,3.8140248749987222,True,True,128.0,117.0,True,True,True,0.062181790459262754,-3.5228632499929518,0.5198423105303995,-11.0
v200_s0_p10,200,0.1,h4,3,1.997769751495587,2.0694364810832715,7.0762208749656565,3.720862834015861,True,True,143.0,122.0,True,True,True,0.0716667295876845,-3.3553580409497954,0.5258262707965458,-21.0
v200_s0_p10,200,0.1,h4,4,2.0408338382121696,1.9863514818855486,6.89616962504806,3.8439677500282414,True,True,125.0,96.0,True,True,True,-0.05448235632662102,-3.0522018750198185,0.5574062064927024,-29.0
v200_s0_p10,200,0.1,h2+3,0,2.0240131368289647,1.9564382217134744,2.454036833019927,1.5876061670132913,True,True,250.0,156.0,True,True,True,-0.0675749151154903,-0.8664306660066359,0.6469365682093654,-94.0
v200_s0_p10,200,0.1,h2+3,1,2.0524549070984413,1.939059428747692,3.411252207995858,2.357154834026005,True,True,250.0,156.0,True,True,True,-0.11339547835074915,-1.054097373969853,0.6909940075673429,-94.0
v200_s0_p10,200,0.1,h2+3,2,1.960588022576116,1.8865072912576335,3.91099954204401,2.380161583016161,True,True,250.0,156.0,True,True,True,-0.07408073131848258,-1.5308379590278491,0.6085814016158678,-94.0
v200_s0_p10,200,0.1,h2+3,3,2.023401168054261,1.879742874731486,3.577174375008326,2.3064817079575732,True,True,250.0,156.0,True,True,True,-0.14365829332277502,-1.2706926670507528,0.6447775439944006,-94.0
v200_s0_p10,200,0.1,h2+3,4,1.9749684372083252,1.9999554072510686,3.6627617909689434,2.372388583025895,True,True,250.0,156.0,True,True,True,0.024986970042743417,-1.2903732079430483,0.6477048518075498,-94.0
v200_s0_p10,200,0.1,h2+3+4,0,1.950851690590669,2.013436053337739,5.613851957954466,3.2431178329861723,True,True,130.0,93.0,True,True,True,0.06258436274707013,-2.370734124968294,0.5776992085426983,-37.0
v200_s0_p10,200,0.1,h2+3+4,1,1.9468533747158245,1.9982276213059749,8.158510500041302,4.773311082972214,True,True,129.0,105.0,True,True,True,0.05137424659015033,-3.3851994170690887,0.5850713905372861,-24.0
v200_s0_p10,200,0.1,h2+3+4,2,1.9327610923109195,2.0312111284712464,8.378027874976397,4.552451124996878,True,True,128.0,117.0,True,True,True,0.09845003616032688,-3.8255767499795184,0.5433798016588366,-11.0
v200_s0_p10,200,0.1,h2+3+4,3,,2.131142249177977,8.105165791988838,4.61244562495267,True,True,143.0,122.0,False,True,False,,-3.4927201670361683,0.5690748028265653,-21.0
v200_s0_p10,200,0.1,h2+3+4,4,1.944797587872377,2.021470281553021,8.234117832966149,4.627043666027021,True,True,125.0,96.0,True,True,True,0.07667269368064411,-3.607074166939128,0.5619355661273353,-29.0
v200_s0_p30,200,0.3,h2,0,3.2929403276500464,2.8216435857135136,1.028088207996916,0.23664266703417525,True,True,211.0,39.0,True,True,True,-0.4712967419365328,-0.7914455409627408,0.23017739644659468,-172.0
v200_s0_p30,200,0.3,h2,1,3.6493906319970635,3.102671968024273,1.474788457970135,0.33611045900033787,True,True,211.0,39.0,True,True,True,-0.5467186639727903,-1.138677998969797,0.2279041832636476,-172.0
v200_s0_p30,200,0.3,h2,2,3.1667626470712444,2.755540458774279,1.534133583016228,0.3311722920043394,True,True,211.0,39.0,True,True,True,-0.41122218829696555,-1.2029612910118885,0.21586926697297668,-172.0
v200_s0_p30,200,0.3,h2,3,3.1034703248189035,2.97926511739689,1.4017571249860339,0.34590558300260454,True,True,211.0,39.0,True,True,True,-0.12420520742201369,-1.0558515419834293,0.24676570344242116,-172.0
v200_s0_p30,200,0.3,h2,4,3.5189123293439333,2.858570174906893,1.4779783749836497,0.33758362499065697,True,True,211.0,39.0,True,True,True,-0.6603421544370405,-1.1403947499929927,0.22840904217857147,-172.0
v200_s0_p30,200,0.3,h3,0,2.909604882463659,2.7396123439340903,1.0834375000558794,0.2715114589664154,True,True,211.0,39.0,True,True,True,-0.16999253852956864,-0.811926041089464,0.25060186577667093,-172.0
v200_s0_p30,200,0.3,h3,1,3.8564589006594066,2.860607635377881,1.4581410830141976,0.3466175000066869,True,True,211.0,39.0,True,True,True,-0.9958512652815257,-1.1115235830075108,0.23771190870651296,-172.0
v200_s0_p30,200,0.3,h3,2,3.058911277351821,2.7924969221501623,1.6567886670236476,0.38913337502162904,True,True,211.0,39.0,True,True,True,-0.26641435520165846,-1.2676552920020185,0.23487206471582828,-172.0
v200_s0_p30,200,0.3,h3,3,3.1337075834499055,2.784498165864961,1.5633688750094734,0.362532667000778,True,True,211.0,39.0,True,True,True,-0.3492094175849445,-1.2008362080086954,0.2318919563999771,-172.0
v200_s0_p30,200,0.3,h3,4,2.978455975783155,2.7396123439341156,1.4386273340205662,0.3698287500301376,True,True,211.0,39.0,True,True,True,-0.23884363184903945,-1.0687985839904286,0.2570705708729782,-172.0
v200_s0_p30,200,0.3,h4,0,,3.069669802202665,0.9270105839823373,0.36236737499712035,True,True,532.0,12.0,False,True,False,,-0.5646432089852169,0.3908988540782666,-520.0
v200_s0_p30,200,0.3,h4,1,,3.069669802202665,1.3177826249739155,0.4978355420171283,True,True,532.0,12.0,False,True,False,,-0.8199470829567872,0.3777827485219594,-520.0
v200_s0_p30,200,0.3,h4,2,,3.078529177816198,1.3253719999920577,0.54290724999737,True,True,532.0,12.0,False,True,False,,-0.7824647499946877,0.4096263162347049,-520.0
v200_s0_p30,200,0.3,h4,3,,3.069669802202665,1.3062882089870982,0.5394230409874581,True,True,532.0,12.0,False,True,False,,-0.7668651679996401,0.41294335911194446,-520.0
v200_s0_p30,200,0.3,h4,4,,3.0928204015431464,1.3309679999947548,0.5018074159743264,True,True,532.0,17.0,False,True,False,,-0.8291605840204284,0.37702440327363546,-515.0
v200_s0_p30,200,0.3,h2+3,0,3.0417245180571224,2.794804651442802,1.1995703339925967,0.27574883302440867,True,True,211.0,39.0,True,True,True,-0.24691986661432042,-0.923821500968188,0.22987300136592947,-172.0
v200_s0_p30,200,0.3,h2+3,1,3.6785427076015096,2.8181884041076124,1.6243802920216694,0.38469524995889515,True,True,211.0,39.0,True,True,True,-0.8603543034938972,-1.2396850420627743,0.23682585404930737,-172.0
v200_s0_p30,200,0.3,h2+3,2,3.322072832284577,2.794804651442802,1.7027346669929102,0.4132006669533439,True,True,211.0,39.0,True,True,True,-0.5272681808417752,-1.2895340000395663,0.24266885203146238,-172.0
v200_s0_p30,200,0.3,h2+3,3,,2.818188404107652,1.57907883299049,0.3943975840229541,True,True,211.0,39.0,False,True,False,,-1.1846812489675358,0.24976434094556024,-172.0
v200_s0_p30,200,0.3,h2+3,4,,2.818188404107652,1.5800659169908613,0.3946581659838557,True,True,211.0,39.0,False,True,False,,-1.1854077510070056,0.2497732289140557,-172.0
v200_s0_p30,200,0.3,h2+3+4,0,,3.069669802202665,1.0961685830261558,0.4210367909981869,True,True,532.0,12.0,False,True,False,,-0.6751317920279689,0.38409857527192104,-520.0
v200_s0_p30,200,0.3,h2+3+4,1,,3.069669802202665,1.536846750008408,0.6313329580007121,True,True,532.0,12.0,False,True,False,,-0.9055137920076959,0.41079760099519236,-520.0
v200_s0_p30,200,0.3,h2+3+4,2,,3.069669802202665,1.6154882499831729,0.6270676249987446,True,True,532.0,12.0,False,True,False,,-0.9884206249844283,0.38815981794066046,-520.0
v200_s0_p30,200,0.3,h2+3+4,3,,3.069669802202665,1.5925486250198446,0.6347346249967813,True,True,532.0,12.0,False,True,False,,-0.9578140000230633,0.39856530282638747,-520.0
v200_s0_p30,200,0.3,h2+3+4,4,,3.0468494460051208,1.5499557090224698,0.5910603329539299,True,True,532.0,17.0,False,True,False,,-0.9588953760685399,0.38134014379462583,-515.0
v200_s0_p50,200,0.5,h2,0,3.497357193847178,3.1260016141981946,1.057313667028211,0.23778241698164493,True,True,211.0,39.0,True,True,True,-0.37135557964898336,-0.8195312500465661,0.22489297584696827,-172.0
v200_s0_p50,200,0.5,h2,1,3.539450667943301,2.798064350259207,1.5093305420014076,0.31439554202370346,True,True,211.0,39.0,True,True,True,-0.741386317684094,-1.1949349999777041,0.20830131854802833,-172.0
v200_s0_p50,200,0.5,h2,2,3.181368157998038,2.8501013303405056,1.5445901659550145,0.35652912501245737,True,True,211.0,39.0,True,True,True,-0.33126682765753257,-1.1880610409425572,0.230824417292607,-172.0
v200_s0_p50,200,0.5,h2,3,3.1259584357937373,2.8529720753191685,1.3976844159769826,0.33402254100656137,True,True,211.0,39.0,True,True,True,-0.2729863604745688,-1.0636618749704212,0.2389828041211144,-172.0
v200_s0_p50,200,0.5,h2,4,3.40709470854191,3.1584715983737883,1.4965757500031032,0.3116247919970192,True,True,211.0,39.0,True,True,True,-0.24862311016812155,-1.184950958006084,0.20822520476920267,-172.0
v200_s0_p50,200,0.5,h3,0,2.7537149887746426,3.0135272257834775,1.1144432080327533,0.2670623749727383,True,True,211.0,39.0,True,True,True,0.25981223700883493,-0.847380833060015,0.23963749166201515,-172.0
v200_s0_p50,200,0.5,h3,1,,2.959471915821296,1.5234460420324467,0.3751001670025289,True,True,211.0,39.0,False,True,False,,-1.1483458750299178,0.24621821623698828,-172.0
v200_s0_p50,200,0.5,h3,2,,2.7396123439341156,1.4058727090014145,0.4134300419827923,True,True,211.0,39.0,False,True,False,,-0.9924426670186222,0.29407359523782917,-172.0
v200_s0_p50,200,0.5,h3,3,,2.792496922150184,1.4280942089972086,0.3829001660342328,True,True,211.0,39.0,False,True,False,,-1.0451940429629758,0.26811968259650104,-172.0
v200_s0_p50,200,0.5,h3,4,3.0996624622071565,3.013527225783426,1.5171764999977313,0.38204320799559355,True,True,211.0,39.0,True,True,True,-0.08613523642373044,-1.1351332920021378,0.25181197309354897,-172.0
v200_s0_p50,200,0.5,h4,0,,3.078529177816198,0.9135273750289343,0.37019583402434364,True,True,532.0,12.0,False,True,False,,-0.5433315410045907,0.4052378113054558,-520.0
v200_s0_p50,200,0.5,h4,1,,3.0928204015431464,1.384812125004828,0.4925967919989489,True,True,532.0,17.0,False,True,False,,-0.8922153330058791,0.35571380630223143,-515.0
v200_s0_p50,200,0.5,h4,2,,3.0928204015431464,1.299450040969532,0.4714100419660099,True,True,532.0,17.0,False,True,False,,-0.8280399990035221,0.3627765801710133,-515.0
v200_s0_p50,200,0.5,h4,3,,3.078529177816198,1.3029305840027519,0.5228543329867534,True,True,532.0,12.0,False,True,False,,-0.7800762510159984,0.40129101228131825,-520.0
v200_s0_p50,200,0.5,h4,4,,3.069669802202665,1.3356162499985658,0.530991165956948,True,True,532.0,12.0,False,True,False,,-0.8046250840416178,0.3975626726295956,-520.0
v200_s0_p50,200,0.5,h2+3,0,3.1575135841210336,2.7396123439340903,1.0939572909846902,0.26887537498259917,True,True,211.0,39.0,True,True,True,-0.4179012401869433,-0.825081916002091,0.24578233281902598,-172.0
v200_s0_p50,200,0.5,h2+3,1,2.9479196082495056,2.794804651442802,1.7308291669469327,0.3992493339465,True,True,211.0,39.0,True,True,True,-0.15311495680670362,-1.3315798330004327,0.23066940491345497,-172.0
v200_s0_p50,200,0.5,h2+3,2,,3.101969437522894,1.5652523749740794,0.4406053749844432,True,True,211.0,39.0,False,True,False,,-1.1246469999896362,0.2814915869344965,-172.0
v200_s0_p50,200,0.5,h2+3,3,3.128575816517919,2.818188404107652,1.5978209169697948,0.3646339580300264,True,True,211.0,39.0,True,True,True,-0.31038741241026724,-1.2331869589397684,0.2282070250535589,-172.0
v200_s0_p50,200,0.5,h2+3,4,3.3598591175889183,2.7758797369925348,1.5705856249551289,0.37969133304432034,True,True,211.0,39.0,True,True,True,-0.5839793805963835,-1.1908942919108085,0.24175143781490296,-172.0
v200_s0_p50,200,0.5,h2+3+4,0,,3.069669802202665,1.0751337499823421,0.4275048330309801,True,True,532.0,12.0,False,True,False,,-0.647628916951362,0.39762944195361866,-520.0
v200_s0_p50,200,0.5,h2+3+4,1,,3.0468494460051208,1.6057041669846512,0.6447747910278849,True,True,532.0,17.0,False,True,False,,-0.9609293759567663,0.4015526672255614,-515.0
v200_s0_p50,200,0.5,h2+3+4,2,,3.0468494460051208,1.5852840830339119,0.6366382910055108,True,True,532.0,17.0,False,True,False,,-0.948645792028401,0.40159255859499604,-515.0
v200_s0_p50,200,0.5,h2+3+4,3,,3.069669802202665,1.5606954589602537,0.6222518340218812,True,True,532.0,12.0,False,True,False,,-0.9384436249383725,0.39870163679237575,-520.0
v200_s0_p50,200,0.5,h2+3+4,4,,3.069669802202665,1.5767557920189574,0.6364943329826929,True,True,532.0,12.0,False,True,False,,-0.9402614590362646,0.4036733755502452,-520.0
v200_s1_p0,200,0.0,h2,0,1.8825093509366753,1.9588497193163936,1.9860586670110933,1.459172791976016,True,True,278.0,240.0,True,True,True,0.07634036837971836,-0.5268858750350773,0.7347077990258913,-38.0
v200_s1_p0,200,0.0,h2,1,1.8760691888070369,2.0908895383377764,2.574138749972917,2.09869058302138,True,True,278.0,240.0,True,True,True,0.21482034953073947,-0.47544816695153713,0.8152981586728613,-38.0
v200_s1_p0,200,0.0,h2,2,2.0193237011881533,2.2355275540997583,2.5701935419929214,2.1932390829897486,True,True,278.0,240.0,True,True,True,0.21620385291160504,-0.3769544590031728,0.8533361582136405,-38.0
v200_s1_p0,200,0.0,h2,3,2.071426148669489,1.9573124787089389,2.6892566250171512,2.0554354580235668,True,True,278.0,240.0,True,True,True,-0.11411366996055006,-0.6338211669935845,0.7643136169685769,-38.0
v200_s1_p0,200,0.0,h2,4,2.0652071935093517,2.0504768572183445,2.9353751249727793,2.2227681250078604,True,True,278.0,240.0,True,True,True,-0.014730336291007173,-0.7126069999649189,0.7572347759227104,-38.0
v200_s1_p0,200,0.0,h3,0,1.6315639411899632,1.600814290278928,4.35947175003821,3.207220290962141,True,True,278.0,240.0,True,True,True,-0.03074965091103521,-1.1522514590760693,0.7356901190916147,-38.0
v200_s1_p0,200,0.0,h3,1,1.623427054644321,1.6378516390064692,6.265528624993749,4.5750348750152625,True,True,278.0,240.0,True,True,True,0.014424584362148218,-1.6904937499784864,0.7301913611510835,-38.0
v200_s1_p0,200,0.0,h3,2,1.6018822550561684,1.6294424899171596,6.468360917002428,4.804324582975823,True,True,278.0,240.0,True,True,True,0.02756023486099113,-1.664036334026605,0.7427421946025619,-38.0
v200_s1_p0,200,0.0,h3,3,1.6288975676824455,1.6030380839031624,6.285708540992346,4.650209459010512,True,True,278.0,240.0,True,True,True,-0.025859483779283154,-1.635499081981834,0.7398067264309344,-38.0
v200_s1_p0,200,0.0,h3,4,1.6147558260369037,1.6094252185526317,6.365533582982607,4.589438624971081,True,True,278.0,240.0,True,True,True,-0.005330607484272054,-1.7760949580115266,0.7209825484607172,-38.0
v200_s1_p0,200,0.0,h4,0,1.6392480630520676,1.6677697495960717,5.942128999973647,4.717713249963708,True,True,163.0,160.0,True,True,True,0.02852168654400411,-1.224415750009939,0.7939432566988416,-3.0
v200_s1_p0,200,0.0,h4,1,1.6836610232100335,1.633764952199475,8.188321958004963,6.927038499969058,True,True,213.0,137.0,True,True,True,-0.049896071010558485,-1.261283458035905,0.8459655757914031,-76.0
v200_s1_p0,200,0.0,h4,2,1.6592037129208765,1.6661496654230925,8.818238375009969,6.789324374985881,True,True,148.0,147.0,True,True,True,0.0069459525022159685,-2.0289140000240877,0.7699184447345138,-1.0
v200_s1_p0,200,0.0,h4,3,1.6825812202299422,1.652621800367611,8.520846540981438,6.592588041967247,True,True,179.0,162.0,True,True,True,-0.029959419862331194,-1.9282584990141913,0.7737010648249402,-17.0
v200_s1_p0,200,0.0,h4,4,1.6081164840942237,1.630002660320587,9.485723207995761,7.415088666020893,True,True,123.0,128.0,True,True,True,0.021886176226363352,-2.0706345419748686,0.7817104192720407,5.0
v200_s1_p0,200,0.0,h2+3,0,1.621490194425473,1.6279353841664996,4.547794249956496,3.3008522080490366,True,True,278.0,240.0,True,True,True,0.006445189741026702,-1.2469420419074595,0.7258138839681704,-38.0
v200_s1_p0,200,0.0,h2+3,1,1.6271112301722832,1.6387899143638434,6.485795208020136,4.779120666033123,True,True,278.0,240.0,True,True,True,0.011678684191560151,-1.706674541987013,0.7368596313561379,-38.0
v200_s1_p0,200,0.0,h2+3,2,1.6252632410908805,1.6246875529736404,6.542529792001005,4.826467665960081,True,True,278.0,240.0,True,True,True,-0.0005756881172400696,-1.7160621260409243,0.7377066393890926,-38.0
v200_s1_p0,200,0.0,h2+3,3,1.5980079139313654,1.6109036206913034,6.474722666025627,4.888217542029452,True,True,278.0,240.0,True,True,True,0.012895706759938008,-1.5865051239961758,0.7549694086017095,-38.0
v200_s1_p0,200,0.0,h2+3,4,1.6051603945726656,1.641446218776538,6.546619416971225,4.748454749991652,True,True,278.0,240.0,True,True,True,0.036285824203872385,-1.7981646669795737,0.7253292802819612,-38.0
v200_s1_p0,200,0.0,h2+3+4,0,1.645028106139683,1.6604034365410127,7.001493250019848,5.617445208015852,True,True,163.0,160.0,True,True,True,0.015375330401329768,-1.3840480420039967,0.8023210203051937,-3.0
v200_s1_p0,200,0.0,h2+3+4,1,1.665260240716796,1.6297754458931084,9.916439250053372,8.228012875013519,True,True,213.0,137.0,True,True,True,-0.035484794823687604,-1.6884263750398532,0.8297346121461122,-76.0
v200_s1_p0,200,0.0,h2+3+4,2,1.6402298354643179,1.6581810676952626,10.264028250006959,7.925769500026945,True,True,148.0,147.0,True,True,True,0.017951232230944747,-2.338258749980014,0.7721889795092459,-1.0
v200_s1_p0,200,0.0,h2+3+4,3,1.66640835251085,1.6669962759233676,9.877424917009193,7.986992458987515,True,True,179.0,162.0,True,True,True,0.0005879234125176769,-1.890432458021678,0.8086107994841548,-17.0
v200_s1_p0,200,0.0,h2+3+4,4,1.620636905847896,1.600841041143757,10.369058625015896,8.827579917036928,True,True,123.0,128.0,True,True,True,-0.019795864704138966,-1.5414787079789676,0.8513386061623694,5.0
v200_s1_p10,200,0.1,h2,0,2.3719165210977637,2.3594371447131297,1.666635125002358,0.7898229589918628,True,True,250.0,156.0,True,True,True,-0.012479376384634033,-0.8768121660104953,0.47390274400387744,-94.0
v200_s1_p10,200,0.1,h2,1,2.638028077942931,2.229569002101767,2.1665851669968106,1.0227417910355143,True,True,250.0,156.0,True,True,True,-0.40845907584116414,-1.1438433759612963,0.47205242914737444,-94.0
v200_s1_p10,200,0.1,h2,2,2.592996703275692,2.4192376212909688,2.1132564580184408,1.1777412919909693,True,True,250.0,156.0,True,True,True,-0.17375908198472345,-0.9355151660274714,0.5573111051061518,-94.0
v200_s1_p10,200,0.1,h2,3,2.371686906772316,2.6376013935271896,2.5039286669925787,1.0548920000437647,True,True,250.0,156.0,True,True,True,0.2659144867548737,-1.449036666948814,0.4212947493072059,-94.0
v200_s1_p10,200,0.1,h2,4,2.2467027937108583,2.5579977012313053,2.324107666965574,1.101416125020478,True,True,250.0,156.0,True,True,True,0.311294907520447,-1.222691541945096,0.4739092515703115,-94.0
v200_s1_p10,200,0.1,h3,0,1.931011831969184,1.9683651541786429,3.0628460419829935,1.5649852079804987,True,True,250.0,156.0,True,True,True,0.03735332220945886,-1.4978608340024948,0.5109578433029146,-94.0
v200_s1_p10,200,0.1,h3,1,1.9144403025790278,1.8624258750698994,4.36269804101903,2.25461704202462,True,True,250.0,156.0,True,True,True,-0.052014427509128325,-2.10808099899441,0.5167941995586729,-94.0
v200_s1_p10,200,0.1,h3,2,1.9700053448290595,1.8915138743239228,4.284863582986873,2.2824150000233203,True,True,250.0,156.0,True,True,True,-0.07849147050513672,-2.0024485829635523,0.5326692334116983,-94.0
v200_s1_p10,200,0.1,h3,3,1.9587101269406217,1.886696151194307,4.528741000045557,2.2630706659983844,True,True,250.0,156.0,True,True,True,-0.07201397574631474,-2.265670334047172,0.49971298115207274,-94.0
v200_s1_p10,200,0.1,h3,4,1.9042342856446572,1.9977648991820498,4.418462292000186,2.286919832986314,True,True,250.0,156.0,True,True,True,0.09353061353739256,-2.131542459013872,0.5175827430114951,-94.0
v200_s1_p10,200,0.1,h4,0,2.182491541597462,2.159429199348272,4.633000749978237,2.4569870000123046,True,True,111.0,151.0,True,True,True,-0.023062342249190237,-2.176013749965932,0.5303230309263054,40.0
v200_s1_p10,200,0.1,h4,1,1.9340426619587479,2.0108147987604426,7.167561875015963,3.473938958020881,True,True,103.0,128.0,True,True,True,0.0767721368016947,-3.693622916995082,0.48467512643734856,25.0
v200_s1_p10,200,0.1,h4,2,2.006163047200913,2.027499067552367,7.251699874992482,3.449379791971296,True,True,98.0,139.0,True,True,True,0.0213360203514541,-3.8023200830211863,0.475664995991698,41.0
v200_s1_p10,200,0.1,h4,3,2.025344508333367,1.9425797080653986,6.860769958992023,3.9503066249890253,True,True,100.0,100.0,True,True,True,-0.0827648002679684,-2.9104633340029977,0.5757818216615151,0.0
v200_s1_p10,200,0.1,h4,4,2.0467481633177815,1.8989034730391974,6.780424875032622,3.689526709029451,True,True,100.0,100.0,True,True,True,-0.14784469027858416,-3.0908981660031714,0.5441438813982434,0.0
v200_s1_p10,200,0.1,h2+3,0,1.9506092396259034,1.986395724229233,3.33541270904243,1.636934541980736,True,True,250.0,156.0,True,True,True,0.03578648460332956,-1.698478167061694,0.4907742114020686,-94.0
v200_s1_p10,200,0.1,h2+3,1,1.983897167629593,1.9403292668413605,4.665505666984245,2.2895947500364855,True,True,250.0,156.0,True,True,True,-0.04356790078823236,-2.3759109169477597,0.4907495378773092,-94.0
v200_s1_p10,200,0.1,h2+3,2,1.9168831397457955,1.9191008006539672,4.483876958023757,2.407987000013236,True,True,250.0,156.0,True,True,True,0.002217660908171659,-2.075889958010521,0.5370323544905082,-94.0
v200_s1_p10,200,0.1,h2+3,3,1.9014687346448247,1.9141299266984104,3.9377493750071153,2.34100833296543,True,True,250.0,156.0,True,True,True,0.012661192053585735,-1.5967410420416854,0.594504146917984,-94.0
v200_s1_p10,200,0.1,h2+3,4,1.9463106118355509,1.8945175131216494,4.493388374976348,2.31935466703726,True,True,250.0,156.0,True,True,True,-0.051793098713901475,-2.1740337079390883,0.5161705317870433,-94.0
v200_s1_p10,200,0.1,h2+3+4,0,2.146103072788714,2.196450706378644,5.220448458974715,2.965796499978751,True,True,111.0,151.0,True,True,True,0.05034763358993022,-2.2546519589959644,0.5681114416291406,40.0
v200_s1_p10,200,0.1,h2+3+4,1,1.9374928836472534,1.9530021135080375,8.12271162495017,4.259687624988146,True,True,103.0,128.0,True,True,True,0.01550922986078418,-3.8630239999620244,0.5244169461715044,25.0
v200_s1_p10,200,0.1,h2+3+4,2,2.0415357632301605,1.9874717221811542,8.404205999977421,4.257444459013641,True,True,98.0,139.0,True,True,True,-0.054064041049006306,-4.14676154096378,0.5065849717421347,41.0
v200_s1_p10,200,0.1,h2+3+4,3,2.1638923264970353,1.940281532049099,7.8804865420097485,4.771259375032969,True,True,100.0,100.0,True,True,True,-0.2236107944479364,-3.1092271669767797,0.605452385407686,0.0
v200_s1_p10,200,0.1,h2+3+4,4,2.112802000727633,1.925729810956028,8.098848249996081,4.534274708013982,True,True,100.0,100.0,True,True,True,-0.187072189771605,-3.5645735419820994,0.5598666091831237,0.0
v200_s1_p30,200,0.3,h2,0,,3.180766247771742,0.8256022079731338,0.2116565839969553,True,True,210.0,36.0,False,True,False,,-0.6139456239761785,0.2563663008079587,-174.0
v200_s1_p30,200,0.3,h2,1,,3.2452396685712577,1.1775915829930454,0.30288108298555017,True,True,210.0,36.0,False,True,False,,-0.8747105000074953,0.25720384500008686,-174.0
v200_s1_p30,200,0.3,h2,2,3.2151547347584835,3.2617206606425664,1.325196459016297,0.27972212503664196,True,True,210.0,36.0,True,True,True,0.046565925884082926,-1.045474333979655,0.21107974076861158,-174.0
v200_s1_p30,200,0.3,h2,3,3.782284262629398,3.270092718673445,1.2610804999712855,0.283262042037677,True,True,210.0,36.0,True,True,True,-0.5121915439559528,-0.9778184579336084,0.22461852518068975,-174.0
v200_s1_p30,200,0.3,h2,4,,3.322510450352993,1.1082815419649705,0.29074329196009785,True,True,210.0,36.0,False,True,False,,-0.8175382500048727,0.2623370334622855,-174.0
v200_s1_p30,200,0.3,h3,0,3.3386639691171847,3.2953893497971545,0.9163772080210038,0.24193883303087205,True,True,210.0,36.0,True,True,True,-0.04327461932003018,-0.6744383749901317,0.2640166417422799,-174.0
v200_s1_p30,200,0.3,h3,1,,3.2174946370815207,1.2501460409839638,0.3117226669564843,True,True,210.0,36.0,False,True,False,,-0.9384233740274794,0.2493490014263725,-174.0
v200_s1_p30,200,0.3,h3,2,3.838192120272455,3.2953893497971545,1.2695477500092238,0.3518047090037726,True,True,210.0,36.0,True,True,True,-0.5428027704753005,-0.9177430410054512,0.2771102615094364,-174.0
v200_s1_p30,200,0.3,h3,3,3.2063208201522917,3.3396153733582046,1.2893331249943003,0.3274179170257412,True,True,210.0,36.0,True,True,True,0.13329455320591288,-0.9619152079685591,0.2539436168036004,-174.0
v200_s1_p30,200,0.3,h3,4,,3.2174946370815207,1.1814016249845736,0.34856379200937226,True,True,210.0,36.0,False,True,False,,-0.8328378329752013,0.2950425872437104,-174.0
v200_s1_p30,200,0.3,h2+3,0,,3.2174946370815207,0.904901959002018,0.24944787501590326,True,True,210.0,36.0,False,True,False,,-0.6554540839861147,0.27566287434166886,-174.0
v200_s1_p30,200,0.3,h2+3,1,,3.1870002123703376,1.3206307919463143,0.350867000001017,True,True,210.0,36.0,False,True,False,,-0.9697637919452973,0.2656813714633426,-174.0
v200_s1_p30,200,0.3,h2+3,2,3.234583941704432,3.187000212370359,1.4698258750140667,0.39426108298357576,True,True,210.0,36.0,True,True,True,-0.047583729334073066,-1.075564792030491,0.26823659161654273,-174.0
v200_s1_p30,200,0.3,h2+3,3,3.9571812619376217,3.2922150853537433,1.3476336249732412,0.3358710420434363,True,True,210.0,36.0,True,True,True,-0.6649661765838784,-1.011762582929805,0.24923023277198608,-174.0
v200_s1_p30,200,0.3,h2+3,4,,3.217494637081537,1.300624749972485,0.3232692079618573,True,True,210.0,36.0,False,True,False,,-0.9773555420106277,0.24854917451685904,-174.0
v200_s1_p50,200,0.5,h2,0,3.169126237880852,3.341103129616008,0.8694469999754801,0.21143583301454782,True,True,210.0,36.0,True,True,True,0.1719768917351563,-0.6580111669609323,0.24318426887494082,-174.0
v200_s1_p50,200,0.5,h2,1,,3.2621216427902993,1.1358995829941705,0.27203945798100904,True,True,210.0,36.0,False,True,False,,-0.8638601250131615,0.23949252385842734,-174.0
v200_s1_p50,200,0.5,h2,2,,3.3230880186576734,1.2002366660162807,0.3285730840289034,True,True,210.0,36.0,False,True,False,,-0.8716635819873773,0.27375691255914897,-174.0
v200_s1_p50,200,0.5,h2,3,,3.1870002123703376,1.1458740420057438,0.29913149995263666,True,True,210.0,36.0,False,True,False,,-0.8467425420531072,0.26105094363516196,-174.0
v200_s1_p50,200,0.5,h2,4,3.574613725925081,3.1970012597002526,1.2326324580353685,0.3220599159831181,True,True,210.0,36.0,True,True,True,-0.3776124662248286,-0.9105725420522504,0.26127814003570327,-174.0
v200_s1_p50,200,0.5,h3,0,3.224831192125453,3.261720660642556,0.8733165409648791,0.24317395797697827,True,True,210.0,36.0,True,True,True,0.036889468517103285,-0.6301425829879008,0.2784488173192149,-174.0
v200_s1_p50,200,0.5,h3,1,,3.2922150853537433,1.248810333025176,0.3519226659554988,True,True,210.0,36.0,False,True,False,,-0.8968876670696773,0.2818063373186423,-174.0
v200_s1_p50,200,0.5,h3,2,3.071021161607383,3.2617206606425664,1.2826245420146734,0.3634430840029381,True,True,210.0,36.0,True,True,True,0.19069949903518335,-0.9191814580117352,0.2833589036368059,-174.0
v200_s1_p50,200,0.5,h3,3,,3.2648949250859736,1.228496791969519,0.2973959579830989,True,True,210.0,36.0,False,True,False,,-0.9311008339864202,0.24208118403493378,-174.0
v200_s1_p50,200,0.5,h3,4,3.431439426535659,3.217494637081537,1.4069959159824066,0.35779024998191744,True,True,210.0,36.0,True,True,True,-0.21394478945412176,-1.0492056660004891,0.2542937374001527,-174.0
v200_s1_p50,200,0.5,h2+3,0,,3.187000212370359,0.8387858340283856,0.23842175002209842,True,True,210.0,36.0,False,True,False,,-0.6003640840062872,0.2842462764029345,-174.0
v200_s1_p50,200,0.5,h2+3,1,,3.261720660642556,1.2560258750454523,0.33881433302303776,True,True,210.0,36.0,False,True,False,,-0.9172115420224145,0.2697510773898483,-174.0
v200_s1_p50,200,0.5,h2+3,2,,3.2174946370815207,1.2562664999859408,0.39659391599707305,True,True,210.0,36.0,False,True,False,,-0.8596725839888677,0.3156925031444454,-174.0
v200_s1_p50,200,0.5,h2+3,3,,3.2174946370815207,1.2830777919734828,0.38748633302748203,True,True,210.0,36.0,False,True,False,,-0.8955914589460008,0.30199753705618665,-174.0
v200_s1_p50,200,0.5,h2+3,4,4.111490530475799,3.261720660642556,1.368242750002537,0.3699013340519741,True,True,210.0,36.0,True,True,True,-0.849769869833243,-0.9983414159505628,0.27034773913568205,-174.0
v200_s2_p0,200,0.0,h2,0,2.0315889377997136,2.1432440713206375,3.040134084003512,2.1684433750342578,True,True,278.0,240.0,True,True,True,0.11165513352092393,-0.871690708969254,0.7132722817865532,-38.0
v200_s2_p0,200,0.0,h2,1,1.988961968801444,2.1954110065199695,2.8449335409677587,1.9803455829969607,True,True,278.0,240.0,True,True,True,0.20644903771852552,-0.864587957970798,0.6960955517868822,-38.0
v200_s2_p0,200,0.0,h2,2,2.0145783125497116,1.9083262085498882,2.7492008749977686,2.26076562498929,True,True,278.0,240.0,True,True,True,-0.10625210399982343,-0.48843525000847876,0.8223355541421195,-38.0
v200_s2_p0,200,0.0,h2,3,2.18774009146989,1.9989838381970748,2.711717917001806,2.2042377089965157,True,True,278.0,240.0,True,True,True,-0.1887562532728153,-0.5074802080052905,0.8128565641641728,-38.0
v200_s2_p0,200,0.0,h2,4,2.058166109317964,1.9142341785992951,2.9409252909827046,2.4766922499984503,True,True,278.0,240.0,True,True,True,-0.14393193071866883,-0.46423304098425433,0.842147285275264,-38.0
v200_s2_p0,200,0.0,h3,0,1.6098218442599217,1.638069406017631,6.16369004099397,4.501372665981762,True,True,278.0,240.0,True,True,True,0.028247561757709372,-1.6623173750122078,0.7303048394782455,-38.0
v200_s2_p0,200,0.0,h3,1,1.606614007382681,1.612351873299965,6.4308806249755435,4.619026749976911,True,True,278.0,240.0,True,True,True,0.005737865917284202,-1.8118538749986328,0.7182572682251394,-38.0
v200_s2_p0,200,0.0,h3,2,1.6233520726994788,1.603355312658865,6.412553084024694,4.690775291994214,True,True,278.0,240.0,True,True,True,-0.01999676004061368,-1.7217777920304798,0.7314988633279516,-38.0
v200_s2_p0,200,0.0,h3,3,1.6440145582843493,1.63953795596552,6.364389166992623,4.586335083004087,True,True,278.0,240.0,True,True,True,-0.0044766023188291815,-1.7780540839885361,0.7206245505523159,-38.0
v200_s2_p0,200,0.0,h3,4,1.6084618319030426,1.593556108649197,6.275694999960251,4.6668066249694675,True,True,278.0,240.0,True,True,True,-0.014905723253845649,-1.6088883749907836,0.7436318407760457,-38.0
v200_s2_p0,200,0.0,h4,0,1.6608386303570968,1.6699059423309688,8.50132866599597,6.373678541975096,True,True,168.0,165.0,True,True,True,0.009067311973872005,-2.1276501240208745,0.7497273417352803,-3.0
v200_s2_p0,200,0.0,h4,1,1.636164093536076,1.6846384819544096,8.447645457985345,7.240214291960001,True,True,134.0,170.0,True,True,True,0.048474388418333625,-1.2074311660253443,0.8570689108544453,36.0
v200_s2_p0,200,0.0,h4,2,1.670339251331337,1.6567541501553116,8.440455625008326,7.664980750007089,True,True,160.0,146.0,True,True,True,-0.013585101176025516,-0.7754748750012368,0.9081240504714493,-14.0
v200_s2_p0,200,0.0,h4,3,1.595734747877779,1.6579195181483843,10.887029958015773,6.849148209032137,True,True,104.0,130.0,True,True,True,0.062184770270605316,-4.0378817489836365,0.629110807579741,26.0
v200_s2_p0,200,0.0,h4,4,1.6111355040318511,1.7114483554636144,9.391168917005416,7.241891084006056,True,True,123.0,180.0,True,True,True,0.10031285143176327,-2.14927783299936,0.7711384118426969,57.0
v200_s2_p0,200,0.0,h2+3,0,1.621833708788285,1.6311372003101299,6.292901833017822,4.703880166984163,True,True,278.0,240.0,True,True,True,0.009303491521844842,-1.5890216660336591,0.7474898372486405,-38.0
v200_s2_p0,200,0.0,h2+3,1,1.5936947883567651,1.6035843507075442,6.442017416993622,4.737200958014,True,True,278.0,240.0,True,True,True,0.00988956235077909,-1.7048164589796215,0.7353598494654133,-38.0
v200_s2_p0,200,0.0,h2+3,2,1.6152745234684727,1.628613048275391,6.530064666992985,4.855501667014323,True,True,278.0,240.0,True,True,True,0.01333852480691844,-1.6745629999786615,0.7435610387684296,-38.0
v200_s2_p0,200,0.0,h2+3,3,1.630639219910576,1.606002480917078,6.4607742500375025,4.756189249979798,True,True,278.0,240.0,True,True,True,-0.02463673899349783,-1.7045850000577047,0.7361639744574251,-38.0
v200_s2_p0,200,0.0,h2+3,4,1.6026423284486107,1.620815383186275,6.4719051659922116,4.683385082986206,True,True,278.0,240.0,True,True,True,0.018173054737664396,-1.7885200830060057,0.7236485954083341,-38.0
v200_s2_p0,200,0.0,h2+3+4,0,1.667648859286455,1.6497831627582245,9.523684791987762,7.592582750017755,True,True,168.0,165.0,True,True,True,-0.017865696528230446,-1.9311020419700071,0.7972316299679894,-3.0
v200_s2_p0,200,0.0,h2+3+4,1,1.6190464454843847,1.723310894529126,10.011137292021886,8.551101458026096,True,True,134.0,170.0,True,True,True,0.1042644490447413,-1.4600358339957893,0.8541588441545671,36.0
v200_s2_p0,200,0.0,h2+3+4,2,1.668859116885461,1.6415859297072786,9.78198266698746,8.82037420902634,True,True,160.0,146.0,True,True,True,-0.02727318717818239,-0.9616084579611197,0.9016959556464574,-14.0
v200_s2_p0,200,0.0,h2+3+4,3,1.5973743093492176,1.6399397373331641,12.313701707986183,8.20646570797544,True,True,104.0,130.0,True,True,True,0.04256542798394647,-4.107236000010744,0.6664499354124397,26.0
v200_s2_p0,200,0.0,h2+3+4,4,1.6248766388265365,1.7152980274815628,10.474946375004947,8.533094374986831,True,True,123.0,180.0,True,True,True,0.09042138865502625,-1.941852000018116,0.8146193851023701,57.0
v200_s2_p10,200,0.1,h2,0,,2.433533991335806,1.7942923750379123,0.9456454999744892,True,True,250.0,156.0,False,True,False,,-0.8486468750634231,0.5270297712514709,-94.0
v200_s2_p10,200,0.1,h2,1,2.2858829517936443,2.207906596403705,2.002302124979906,1.0285914999549277,True,True,250.0,156.0,True,True,True,-0.0779763553899393,-0.9737106250249781,0.5137044440609831,-94.0
v200_s2_p10,200,0.1,h2,2,,2.12107341949354,1.7929757499950938,1.065882665978279,True,True,250.0,156.0,False,True,False,,-0.7270930840168148,0.5944769001929867,-94.0
v200_s2_p10,200,0.1,h2,3,3.085189608159251,2.374729580737709,1.9442660409840755,1.0744156659930013,True,True,250.0,156.0,True,True,True,-0.7104600274215422,-0.8698503749910742,0.5526073301415036,-94.0
v200_s2_p10,200,0.1,h2,4,,2.3391908185359105,1.9695355410221964,0.9884346250328235,True,True,250.0,156.0,False,True,False,,-0.9811009159893729,0.5018617864188539,-94.0
v200_s2_p10,200,0.1,h3,0,2.03089900707556,1.9242227193884878,2.7719558749813586,2.094288917025551,True,True,250.0,156.0,True,True,True,-0.10667628768707216,-0.6776669579558074,0.7555275089072748,-94.0
v200_s2_p10,200,0.1,h3,1,1.9613121385171435,1.882274060225552,3.081934417015873,2.1861283750040457,True,True,250.0,156.0,True,True,True,-0.07903807829159137,-0.8958060420118272,0.7093364358871711,-94.0
v200_s2_p10,200,0.1,h3,2,2.0480367223405005,1.9161187644247661,3.0979349999688566,2.256217333022505,True,True,250.0,156.0,True,True,True,-0.13191795791573435,-0.8417176669463515,0.7282971828153872,-94.0
v200_s2_p10,200,0.1,h3,3,2.1618629989423295,1.9024161632667413,2.9242015830241144,2.2726354159531184,True,True,250.0,156.0,True,True,True,-0.25944683567558813,-0.651566167070996,0.7771815148266327,-94.0
v200_s2_p10,200,0.1,h3,4,1.9957363394105831,1.9015355142112373,2.8708400420146063,2.183395666012075,True,True,250.0,156.0,True,True,True,-0.0942008251993458,-0.6874443760025315,0.7605424315037355,-94.0
v200_s2_p10,200,0.1,h2+3,0,1.9297078385701463,1.849896397966889,3.045191666984465,2.1877421249519102,True,True,250.0,156.0,True,True,True,-0.07981144060325729,-0.8574495420325547,0.7184250990409239,-94.0
v200_s2_p10,200,0.1,h2+3,1,2.0021442180514946,1.9309986100974932,2.9992363339988515,2.331423250027001,True,True,250.0,156.0,True,True,True,-0.07114560795400138,-0.6678130839718506,0.7773389591204831,-94.0
v200_s2_p10,200,0.1,h2+3,2,2.0444008851856568,1.9288358548244566,3.311619749991223,2.3114074579789303,True,True,250.0,156.0,True,True,True,-0.11556503036120014,-1.000212292012293,0.6979688588899907,-94.0
v200_s2_p10,200,0.1,h2+3,3,2.059210701261433,1.9516456253724852,2.930706667015329,2.3401618330390193,True,True,250.0,156.0,True,True,True,-0.10756507588894793,-0.5905448339763097,0.7984974611677093,-94.0
v200_s2_p10,200,0.1,h2+3,4,2.0978040943493563,1.8810712160477105,3.2477979169925675,2.278347624989692,True,True,250.0,156.0,True,True,True,-0.21673287830164578,-0.9694502920028754,0.7015053532331291,-94.0
v200_s2_p30,200,0.3,h2,0,,3.5721043365977736,1.4091135829803534,0.3336554999696091,True,True,214.0,48.0,False,True,False,,-1.0754580830107443,0.23678396404632562,-166.0
v200_s2_p30,200,0.3,h2,1,,3.02614738927703,1.3489951670053415,0.36008779203984886,True,True,214.0,48.0,False,True,False,,-0.9889073749654926,0.26693037962412736,-166.0
v200_s2_p30,200,0.3,h2,2,,3.1904597232015255,1.4455149159766734,0.3364562499918975,True,True,214.0,48.0,False,True,False,,-1.1090586659847759,0.23275875348859215,-166.0
v200_s2_p30,200,0.3,h2,3,3.1624103792788394,3.101271351648145,1.4117885419982485,0.3536017080186866,True,True,214.0,48.0,True,True,True,-0.061139027630694454,-1.058186833979562,0.2504636477061912,-166.0
v200_s2_p30,200,0.3,h2,4,,3.6434334077359978,1.382147292024456,0.35875087504973635,True,True,214.0,48.0,False,True,False,,-1.0233964169747196,0.25956052377331473,-166.0
v200_s2_p30,200,0.3,h3,0,3.4515829848860466,3.1987111110884627,1.4983851249562576,0.4460334579925984,True,True,214.0,48.0,True,True,True,-0.2528718737975839,-1.0523516669636592,0.2976761118111203,-166.0
v200_s2_p30,200,0.3,h3,1,,3.5973437450042622,1.4996660419856198,0.46274849999463186,True,True,214.0,48.0,False,True,False,,-1.036917541990988,0.30856769910048354,-166.0
v200_s2_p30,200,0.3,h3,2,3.303915663143717,3.1085693966143273,1.520161917025689,0.44012229196960106,True,True,214.0,48.0,True,True,True,-0.1953462665293899,-1.080039625056088,0.28952329816993005,-166.0
v200_s2_p30,200,0.3,h3,3,3.335782529012924,3.4954824315497355,1.5454949580016546,0.46305983304046094,True,True,214.0,48.0,True,True,True,0.15969990253681132,-1.0824351249611937,0.29961911596217916,-166.0
v200_s2_p30,200,0.3,h3,4,3.3995974265189903,3.040232044101222,1.5778657089686021,0.4215393330086954,True,True,214.0,48.0,True,True,True,-0.3593653824177685,-1.1563263759599067,0.26715792770744823,-166.0
v200_s2_p30,200,0.3,h2+3,0,3.4935360722080913,3.4879761899587574,1.6314065419719554,0.47769345802953467,True,True,214.0,48.0,True,True,True,-0.005559882249333903,-1.1537130839424208,0.2928108020531319,-166.0
v200_s2_p30,200,0.3,h2+3,1,,2.983676065247548,1.534040250000544,0.47164754202822223,True,True,214.0,48.0,False,True,False,,-1.0623927079723217,0.3074544765224087,-166.0
v200_s2_p30,200,0.3,h2+3,2,,3.1085693966143486,1.5804480420192704,0.4917947500362061,True,True,214.0,48.0,False,True,False,,-1.0886532919830643,0.3111742600584712,-166.0
v200_s2_p30,200,0.3,h2+3,3,,3.5943845350895463,1.4967265829909593,0.435225207998883,True,True,214.0,48.0,False,True,False,,-1.0615013749920763,0.2907847117468561,-166.0
v200_s2_p30,200,0.3,h2+3,4,3.1345780516366255,3.548303554648509,1.5849650830496103,0.4354131669970229,True,True,214.0,48.0,True,True,True,0.4137255030118836,-1.1495519160525873,0.2747146745714109,-166.0
v200_s2_p50,200,0.5,h2,0,,3.465545360024063,1.3711103750392795,0.3418160420260392,True,True,214.0,48.0,False,True,False,,-1.0292943330132402,0.24929870581443664,-166.0
v200_s2_p50,200,0.5,h2,1,3.22332610980629,2.8048384297214457,1.4583124999771826,0.3673452500370331,True,True,214.0,48.0,True,True,True,-0.41848768008484427,-1.0909672499401495,0.2518974842791108,-166.0
v200_s2_p50,200,0.5,h2,2,,3.055566817084562,1.38025624997681,0.3751405830262229,True,True,214.0,48.0,False,True,False,,-1.0051156669505872,0.27179053384654167,-166.0
v200_s2_p50,200,0.5,h2,3,,3.4811503836736613,1.500691832974553,0.36888929101405665,True,True,214.0,48.0,False,True,False,,-1.1318025419604965,0.24581281973319824,-166.0
v200_s2_p50,200,0.5,h2,4,3.4159021496235527,3.718826677329417,1.5031497500021942,0.3462431249790825,True,True,214.0,48.0,True,True,True,0.3029245277058643,-1.1569066250231117,0.23034506374270233,-166.0
v200_s2_p50,200,0.5,h3,0,,3.1085693966143273,1.4449233330087736,0.4617380420095287,True,True,214.0,48.0,False,True,False,,-0.9831852909992449,0.31955885233581804,-166.0
v200_s2_p50,200,0.5,h3,1,3.021880778785874,3.4659155214773856,1.531124000030104,0.41902733297320083,True,True,214.0,48.0,True,True,True,0.44403474269151166,-1.1120966670569032,0.2736730225409321,-166.0
v200_s2_p50,200,0.5,h3,2,2.976541672036453,3.0458535967307503,1.5725192499812692,0.42747762496583164,True,True,214.0,48.0,True,True,True,0.06931192469429748,-1.1450416250154376,0.27184253863405705,-166.0
v200_s2_p50,200,0.5,h3,3,2.7944575090389283,3.040232044101223,1.5576168340048753,0.43540345900692046,True,True,214.0,48.0,True,True,True,0.24577453506229485,-1.1222133749979548,0.2795318139233449,-166.0
v200_s2_p50,200,0.5,h3,4,3.0938722973569805,3.0458535967307423,1.6326870839693584,0.4189377920120023,True,True,214.0,48.0,True,True,True,-0.04801870062623825,-1.213749291957356,0.2565940504615793,-166.0
v200_s2_p50,200,0.5,h2+3,0,3.18743185359202,3.62324242805732,1.546656874998007,0.41189587500412017,True,True,214.0,48.0,True,True,True,0.43581057446530025,-1.1347609999938868,0.26631367413321777,-166.0
v200_s2_p50,200,0.5,h2+3,1,,3.137720111261697,1.5295993339968845,0.45146383397514,True,True,214.0,48.0,False,True,False,,-1.0781355000217445,0.2951516936108051,-166.0
v200_s2_p50,200,0.5,h2+3,2,3.414979362934637,2.949849258360937,1.5951157080125995,0.45784225000534207,True,True,214.0,48.0,True,True,True,-0.4651301045737002,-1.1372734580072574,0.28702761041440744,-166.0
v200_s2_p50,200,0.5,h2+3,3,3.617213000195687,3.5457333243064677,1.6260096250334755,0.4415776250534691,True,True,214.0,48.0,True,True,True,-0.07147967588921933,-1.1844319999800064,0.2715713475831228,-166.0
v200_s2_p50,200,0.5,h2+3,4,3.05513784761144,3.5973437450042622,1.562049250002019,0.4956616670242511,True,True,214.0,48.0,True,True,True,0.5422058973928223,-1.066387582977768,0.31731500592802075,-166.0
v200_s3_p0,200,0.0,h2,0,1.9575442919350778,1.9496078306751188,2.7114418750279583,2.0995019580004737,True,True,278.0,240.0,True,True,True,-0.00793646125995906,-0.6119399170274846,0.7743119914672061,-38.0
v200_s3_p0,200,0.0,h2,1,2.087588895195842,1.9800368517963542,2.6578672499745153,2.1121358340024017,True,True,278.0,240.0,True,True,True,-0.10755204339948787,-0.5457314159721136,0.7946731854356736,-38.0
v200_s3_p0,200,0.0,h2,2,1.9653589113675378,2.139834603552747,2.8479684579651803,2.266729041992221,True,True,278.0,240.0,True,True,True,0.17447569218520909,-0.5812394159729593,0.7959108660956716,-38.0
v200_s3_p0,200,0.0,h2,3,2.023806713602341,1.9956753248669907,2.6016415000194684,2.0435995829757303,True,True,278.0,240.0,True,True,True,-0.028131388735350482,-0.5580419170437381,0.7855039147247758,-38.0
v200_s3_p0,200,0.0,h2,4,1.9779727031594752,1.9196394465752582,2.7090963749797083,2.0847781670163386,True,True,278.0,240.0,True,True,True,-0.05833325658421695,-0.6243182079633698,0.7695474351782534,-38.0
v200_s3_p0,200,0.0,h3,0,1.6194473332899415,1.629060477471792,6.155754707986489,4.47950816701632,True,True,278.0,240.0,True,True,True,0.009613144181850553,-1.676246540970169,0.7276943899672605,-38.0
v200_s3_p0,200,0.0,h3,1,1.6277768818121392,1.6150805525288903,6.323198791011237,4.619971124979202,True,True,278.0,240.0,True,True,True,-0.01269632928324893,-1.703227666032035,0.7306382857275872,-38.0
v200_s3_p0,200,0.0,h3,2,1.6239583684989678,1.6063798058419212,6.51505200000247,4.691366083046887,True,True,278.0,240.0,True,True,True,-0.017578562657046604,-1.8236859169555828,0.7200811417998059,-38.0
v200_s3_p0,200,0.0,h3,3,1.618168121810009,1.6322185705335204,6.333703832991887,4.631520916998852,True,True,278.0,240.0,True,True,True,0.014050448723511355,-1.7021829159930348,0.7312499982827638,-38.0
v200_s3_p0,200,0.0,h3,4,1.5991525403986975,1.6032798185814163,6.353340041008778,4.645125500042923,True,True,278.0,240.0,True,True,True,0.004127278182718852,-1.7082145409658551,0.7311312585286044,-38.0
v200_s3_p0,200,0.0,h4,0,1.6718355062975072,1.6342328562628574,8.073647167009767,6.954829209018499,True,True,151.0,166.0,True,True,True,-0.0376026500346498,-1.1188179579912685,0.8614234762991699,15.0
v200_s3_p0,200,0.0,h4,1,1.6172217072477766,1.74455031200424,9.06539766700007,6.643443125009071,True,True,123.0,184.0,True,True,True,0.12732860475646346,-2.421954541990999,0.7328352675793345,61.0
v200_s3_p0,200,0.0,h4,2,1.6011096827497167,1.6824577167153867,9.943131749983877,7.5184763329452835,True,True,120.0,180.0,True,True,True,0.08134803396567003,-2.4246554170385934,0.7561477130138072,60.0
v200_s3_p0,200,0.0,h4,3,1.6330430115206662,1.6485692627315467,9.503593582950998,7.768471707997378,True,True,143.0,127.0,True,True,True,0.01552625121088047,-1.7351218749536201,0.8174246552308015,-16.0
v200_s3_p0,200,0.0,h4,4,1.6660989902101357,1.629597579308694,8.90671970800031,6.718076125020161,True,True,141.0,150.0,True,True,True,-0.036501410901441655,-2.1886435829801485,0.7542705221750454,9.0
v200_s3_p0,200,0.0,h2+3,0,1.6230953172379665,1.6331032518106507,6.312993583036587,4.648725374951027,True,True,278.0,240.0,True,True,True,0.01000793457268423,-1.6642682080855593,0.7363741644601773,-38.0
v200_s3_p0,200,0.0,h2+3,1,1.6211731077786053,1.6245562304895573,6.555642332998104,4.693587707995903,True,True,278.0,240.0,True,True,True,0.00338312271095198,-1.8620546250022016,0.7159615289520188,-38.0
v200_s3_p0,200,0.0,h2+3,2,1.6316347169726542,1.6330774136154216,6.65468170796521,4.793974750034977,True,True,278.0,240.0,True,True,True,0.001442696642767416,-1.8607069579302333,0.7203912914868503,-38.0
v200_s3_p0,200,0.0,h2+3,3,1.630341237742474,1.6079080447625673,6.441796541970689,4.701643500011414,True,True,278.0,240.0,True,True,True,-0.022433192979906647,-1.7401530419592746,0.7298652587641454,-38.0
v200_s3_p0,200,0.0,h2+3,4,1.6266021687993093,1.6005124190192774,6.423989458009601,4.737513875006698,True,True,278.0,240.0,True,True,True,-0.026089749780031868,-1.6864755830029026,0.7374722368356069,-38.0
v200_s3_p0,200,0.0,h2+3+4,0,1.6802907684213093,1.683108432022827,9.306846541992854,8.236085250042379,True,True,151.0,166.0,True,True,True,0.0028176636015175838,-1.0707612919504754,0.8849490762398242,15.0
v200_s3_p0,200,0.0,h2+3+4,1,1.6144594470056899,1.6931364364496009,10.312714083003812,7.9752477500005625,True,True,123.0,184.0,True,True,True,0.078676989443911,-2.337466333003249,0.7733413033475268,61.0
v200_s3_p0,200,0.0,h2+3+4,2,1.6163429999108683,1.7276841011827424,11.552967957977671,8.649825041997246,True,True,120.0,180.0,True,True,True,0.11134110127187413,-2.9031429159804247,0.7487102079275034,60.0
v200_s3_p0,200,0.0,h2+3+4,3,1.6355080215009934,1.6065761867183082,10.697974291979335,8.872629291960038,True,True,143.0,127.0,True,True,True,-0.02893183478268524,-1.825345000019297,0.8293747068182968,-16.0
v200_s3_p0,200,0.0,h2+3+4,4,1.650210031649278,1.651818769169767,10.358730834035669,8.216730665997602,True,True,141.0,150.0,True,True,True,0.0016087375204889565,-2.1420001680380665,0.793217894898852,9.0
v200_s3_p10,200,0.1,h2,0,2.3978932375724096,2.324956692638911,2.042849249963183,1.052994750032667,True,True,250.0,156.0,True,True,True,-0.07293654493349866,-0.9898544999305159,0.5154539670764471,-94.0
v200_s3_p10,200,0.1,h2,1,2.475763134467479,2.1824277574738487,2.0063007089775056,1.0843228749581613,True,True,250.0,156.0,True,True,True,-0.29333537699363044,-0.9219778340193443,0.5404588006704026,-94.0
v200_s3_p10,200,0.1,h2,2,2.4069630054249913,2.5068612200432154,2.3492041670251638,1.0763668330037035,True,True,250.0,156.0,True,True,True,0.09989821461822412,-1.2728373340214603,0.45818360452115353,-94.0
v200_s3_p10,200,0.1,h2,3,2.3199413860772635,2.3788745719128888,2.3281917920103297,1.0209227909799665,True,True,250.0,156.0,True,True,True,0.058933185835625235,-1.3072690010303631,0.43850459162491406,-94.0
v200_s3_p10,200,0.1,h2,4,2.3730335437767303,2.4588593628867628,2.244242042012047,1.058452082972508,True,True,250.0,156.0,True,True,True,0.08582581911003251,-1.185789959039539,0.4716300929928066,-94.0
v200_s3_p10,200,0.1,h3,0,1.9560217389297045,1.9512510432550259,4.4432627920177765,2.1294153750059195,True,True,250.0,156.0,True,True,True,-0.004770695674678693,-2.313847417011857,0.4792458773384656,-94.0
v200_s3_p10,200,0.1,h3,1,1.951994390143428,1.896215401826503,4.529417874990031,2.310938749986235,True,True,250.0,156.0,True,True,True,-0.05577898831692507,-2.218479125003796,0.5102065682096778,-94.0
v200_s3_p10,200,0.1,h3,2,1.9757784047052622,1.8790127460286,4.656035249994602,2.2944050839869305,True,True,250.0,156.0,True,True,True,-0.09676565867666231,-2.3616301660076715,0.49278086629382595,-94.0
v200_s3_p10,200,0.1,h3,3,1.932310720239373,1.9653400599998392,4.515173291030806,2.2813872499973513,True,True,250.0,156.0,True,True,True,0.03302933976046618,-2.2337860410334542,0.505271249395727,-94.0
v200_s3_p10,200,0.1,h3,4,1.9795434892071149,1.918611262245647,4.312583916995209,2.190845041011926,True,True,250.0,156.0,True,True,True,-0.06093222696146783,-2.121738875983283,0.5080121530802342,-94.0
v200_s3_p10,200,0.1,h4,0,2.0433871734001445,2.0763680879806197,7.2209804999874905,3.617070375010371,True,True,112.0,134.0,True,True,True,0.03298091458047514,-3.6039101249771193,0.500911250905142,22.0
v200_s3_p10,200,0.1,h4,1,2.066036578776366,2.0284759376771375,6.931333874992561,3.3998922500177287,True,True,125.0,137.0,True,True,True,-0.03756064109922841,-3.531441624974832,0.49051052962318564,12.0
v200_s3_p10,200,0.1,h4,2,2.005800012757929,2.0571085964570544,7.00301608297741,3.391504083003383,True,True,128.0,138.0,True,True,True,0.051308583699125165,-3.6115119999740273,0.4842919169138117,10.0
v200_s3_p10,200,0.1,h4,3,1.9514549323979813,1.9395301844631927,6.90975295798853,3.770211333001498,True,True,118.0,109.0,True,True,True,-0.011924747934788593,-3.1395416249870323,0.5456361979834122,-9.0
v200_s3_p10,200,0.1,h4,4,2.0134538996200844,2.1093618201637385,6.789101790986024,3.2413191660307348,True,True,118.0,155.0,True,True,True,0.09590792054365416,-3.547782624955289,0.47742974929824666,37.0
v200_s3_p10,200,0.1,h2+3,0,2.037456579029618,1.9386302206940809,4.70546133298194,2.2457927499781363,True,True,250.0,156.0,True,True,True,-0.09882635833553732,-2.459668583003804,0.47727365948939476,-94.0
v200_s3_p10,200,0.1,h2+3,1,1.9905918737110817,1.8934038971688028,4.704966458957642,2.3225073750363663,True,True,250.0,156.0,True,True,True,-0.09718797654227895,-2.382459083921276,0.49362889093813095,-94.0
v200_s3_p10,200,0.1,h2+3,2,1.938823084893699,1.9291653666561641,4.188957499980461,2.318104250007309,True,True,250.0,156.0,True,True,True,-0.009657718237534807,-1.8708532499731518,0.5533845234806325,-94.0
v200_s3_p10,200,0.1,h2+3,3,1.963410515396484,1.8969203469772253,4.523297958949115,2.3396160409902222,True,True,250.0,156.0,True,True,True,-0.0664901684192587,-2.183681917958893,0.5172367733063905,-94.0
v200_s3_p10,200,0.1,h2+3,4,2.0135822369016068,1.8947147618461313,4.614573292026762,2.3042116250144318,True,True,250.0,156.0,True,True,True,-0.11886747505547546,-2.31036166701233,0.49933362831092915,-94.0
v200_s3_p10,200,0.1,h2+3+4,0,2.0062414946107547,2.015049703502799,8.498622333980165,4.357691790966783,True,True,112.0,134.0,True,True,True,0.008808208892044256,-4.140930543013383,0.5127527285855921,22.0
v200_s3_p10,200,0.1,h2+3+4,1,1.9966740459855807,2.0743258711030936,8.001567750005051,4.1275237500085495,True,True,125.0,137.0,True,True,True,0.0776518251175129,-3.874043999996502,0.5158393803521746,12.0
v200_s3_p10,200,0.1,h2+3+4,2,2.0160759672808677,2.0439841847426634,8.229625458014198,4.135567041987088,True,True,128.0,138.0,True,True,True,0.027908217461795726,-4.09405841602711,0.5025219024955477,10.0
v200_s3_p10,200,0.1,h2+3+4,3,1.9999034066048638,1.897561139675221,8.05180679197656,4.450735416961834,True,True,118.0,109.0,True,True,True,-0.10234226692964277,-3.601071375014726,0.5527623217930278,-9.0
v200_s3_p10,200,0.1,h2+3+4,4,2.0094413291382547,2.1705920763095654,7.853876875014976,3.9481141249998473,True,True,118.0,155.0,True,True,True,0.16115074717131073,-3.9057627500151284,0.5026962082331242,37.0
v200_s3_p30,200,0.3,h2,0,2.86576165071205,2.670924851089079,1.5160595829947852,0.2758357499842532,True,True,211.0,39.0,True,True,True,-0.19483679962297096,-1.240223833010532,0.18194255231009743,-172.0
v200_s3_p30,200,0.3,h2,1,2.8168491185364326,2.691990290694784,1.4883547080098651,0.29267049999907613,True,True,211.0,39.0,True,True,True,-0.1248588278416487,-1.195684208010789,0.19664028905476225,-172.0
v200_s3_p30,200,0.3,h2,2,2.7150154915442166,2.7306235227923246,1.6091732909553684,0.2956207079696469,True,True,211.0,39.0,True,True,True,0.015608031248107945,-1.3135525829857215,0.18370967852327233,-172.0
v200_s3_p30,200,0.3,h2,3,,2.699311361485364,1.3818737500114366,0.29949479195056483,True,True,211.0,39.0,False,True,False,,-1.0823789580608718,0.21673093648973804,-172.0
v200_s3_p30,200,0.3,h2,4,3.1488748721506696,2.6465901362639914,1.4972210829728283,0.2929094589781016,True,True,211.0,39.0,True,True,True,-0.5022847358866782,-1.2043116239947267,0.1956354090315848,-172.0
v200_s3_p30,200,0.3,h3,0,2.6666388989191083,2.8522286244293196,1.524996874970384,0.36292554199462757,True,True,211.0,39.0,True,True,True,0.18558972551021125,-1.1620713329757564,0.2379844496413645,-172.0
v200_s3_p30,200,0.3,h3,1,2.6351273502086965,2.9689816250051493,1.5270221250248142,0.36045383295277134,True,True,211.0,39.0,True,True,True,0.3338542747964528,-1.1665682920720428,0.2360501704891237,-172.0
v200_s3_p30,200,0.3,h3,2,2.5435230527225645,2.8522286244293915,1.7404927499592304,0.3916592499590479,True,True,211.0,39.0,True,True,True,0.308705571706827,-1.3488335000001825,0.22502779742588538,-172.0
v200_s3_p30,200,0.3,h3,3,2.963329014411715,2.8674115254448345,1.4979814999969676,0.3758984580053948,True,True,211.0,39.0,True,True,True,-0.09591748896688035,-1.1220830419915728,0.2509366490882269,-172.0
v200_s3_p30,200,0.3,h3,4,,2.947558670314904,1.4882375830202363,0.37235449999570847,True,True,211.0,39.0,False,True,False,,-1.1158830830245279,0.25019829108202635,-172.0
v200_s3_p30,200,0.3,h2+3,0,2.7674728462499694,2.9074579788780244,1.654038708016742,0.3973346250131726,True,True,211.0,39.0,True,True,True,0.139985132628055,-1.2567040830035694,0.24022087457045826,-172.0
v200_s3_p30,200,0.3,h2+3,1,2.698511735639912,2.9074579788781176,1.752885583031457,0.37676150002516806,True,True,211.0,39.0,True,True,True,0.20894624323820565,-1.3761240830062889,0.21493787368231596,-172.0
v200_s3_p30,200,0.3,h2+3,2,2.872902143691083,2.9689816250051493,1.6946914170403033,0.41740945796482265,True,True,211.0,39.0,True,True,True,0.0960794813140664,-1.2772819590754807,0.2463041080917304,-172.0
v200_s3_p30,200,0.3,h2+3,3,2.664655126338487,2.992470899879393,1.66450320801232,0.4032196250045672,True,True,211.0,39.0,True,True,True,0.3278157735409062,-1.261283583007753,0.24224622882287813,-172.0
v200_s3_p30,200,0.3,h2+3,4,3.0539471984280686,2.9074579788781176,1.6391224590479396,0.4159079589881003,True,True,211.0,39.0,True,True,True,-0.14648921954995098,-1.2232145000598393,0.253738185754391,-172.0
v200_s3_p50,200,0.5,h2,0,,2.683471661061413,1.410423708963208,0.3042919999570586,True,True,211.0,39.0,False,True,False,,-1.1061317090061493,0.21574509703948566,-172.0
v200_s3_p50,200,0.5,h2,1,2.979077567017801,2.8548485521487716,1.6268228339613415,0.3187272920040414,True,True,211.0,39.0,True,True,True,-0.12422901486902926,-1.3080955419573002,0.19592009981070585,-172.0
v200_s3_p50,200,0.5,h2,2,2.9971954131124825,2.9401890303042872,1.4895082080038264,0.31464466598117724,True,True,211.0,39.0,True,True,True,-0.057006382808195255,-1.1748635420226492,0.21124063921933683,-172.0
v200_s3_p50,200,0.5,h2,3,2.7284079576690448,2.7820357199513506,1.6197780829970725,0.31296750000910833,True,True,211.0,39.0,True,True,True,0.05362776228230581,-1.3068105829879642,0.1932162827083233,-172.0
v200_s3_p50,200,0.5,h2,4,2.7447543441209414,2.701405429364346,1.5224369579809718,0.334658625011798,True,True,211.0,39.0,True,True,True,-0.0433489147565953,-1.1877783329691738,0.2198177226698544,-172.0
v200_s3_p50,200,0.5,h3,0,2.8808648602473688,2.8522286244293196,1.526032249967102,0.3653281659935601,True,True,211.0,39.0,True,True,True,-0.028636235818049194,-1.1607040839735419,0.2393974085419465,-172.0
v200_s3_p50,200,0.5,h3,1,2.531970696830752,2.9074579788780244,1.582327666983474,0.3447167919948697,True,True,211.0,39.0,True,True,True,0.37548728204727233,-1.2376108749886043,0.21785424042545667,-172.0
v200_s3_p50,200,0.5,h3,2,2.865692548377195,2.9475586703149927,1.6350483329733834,0.35820704203797504,True,True,211.0,39.0,True,True,True,0.08186612193779785,-1.2768412909354083,0.2190803995295754,-172.0
v200_s3_p50,200,0.5,h3,3,3.186300456945186,2.968981625005041,1.6618816249538213,0.3476946669979952,True,True,211.0,39.0,True,True,True,-0.2173188319401449,-1.314186957955826,0.2092174687879208,-172.0
v200_s3_p50,200,0.5,h3,4,2.770208931450037,2.8522286244293196,1.577038999996148,0.359868458006531,True,True,211.0,39.0,True,True,True,0.08201969297928269,-1.217170541989617,0.22819249112254675,-172.0
v200_s3_p50,200,0.5,h2+3,0,,2.8717650817885443,1.5523987089982256,0.36871804198017344,True,True,211.0,39.0,False,True,False,,-1.1836806670180522,0.23751504033271834,-172.0
v200_s3_p50,200,0.5,h2+3,1,4.352492115749516,2.8522286244293915,1.56716354098171,0.40570712502812967,True,True,211.0,39.0,True,True,True,-1.500263491320125,-1.1614564159535803,0.2588798899532749,-172.0
v200_s3_p50,200,0.5,h2+3,2,4.310302842069491,2.8522286244293915,1.7171872080070898,0.40637320798123255,True,True,211.0,39.0,True,True,True,-1.4580742176400991,-1.3108140000258572,0.23665049802744323,-172.0
v200_s3_p50,200,0.5,h2+3,3,2.5513229321480484,2.8522286244293915,1.7462044170242734,0.40042195800924674,True,True,211.0,39.0,True,True,True,0.3009056922813431,-1.3457824590150267,0.22930989871827853,-172.0
v200_s3_p50,200,0.5,h2+3,4,2.5436475603891897,2.8522286244293196,1.7128169579664245,0.3715814169845544,True,True,211.0,39.0,True,True,True,0.30858106404012986,-1.3412355409818701,0.21694169669228502,-172.0
v200_s4_p0,200,0.0,h2,0,2.0449863828770867,1.9631115184782328,2.783680542022921,2.260543916025199,True,True,278.0,240.0,True,True,True,-0.08187486439885383,-0.5231366259977221,0.8120701646254441,-38.0
v200_s4_p0,200,0.0,h2,1,1.9566293864038113,1.9896506464939328,2.81734987499658,2.122070957964752,True,True,278.0,240.0,True,True,True,0.03302126009012141,-0.6952789170318283,0.7532152739699494,-38.0
v200_s4_p0,200,0.0,h2,2,1.9950880063969443,2.2167062343730506,2.8305421250406653,2.1178612079820596,True,True,278.0,240.0,True,True,True,0.2216182279761063,-0.7126809170586057,0.7482175196214871,-38.0
v200_s4_p0,200,0.0,h2,3,1.9264969015826139,2.068788453979453,2.926593790994957,2.11685683298856,True,True,278.0,240.0,True,True,True,0.14229155239683933,-0.8097369580063969,0.7233176122706425,-38.0
v200_s4_p0,200,0.0,h2,4,1.9838058610254838,2.2959821774114855,2.8457963750115596,2.0862408750108443,True,True,278.0,240.0,True,True,True,0.31217631638600163,-0.7595555000007153,0.7330956260011295,-38.0
v200_s4_p0,200,0.0,h3,0,1.6286441655296384,1.6428439506727242,6.210868666996248,4.470968417008407,True,True,278.0,240.0,True,True,True,0.01419978514308573,-1.7399002499878407,0.7198620123408107,-38.0
v200_s4_p0,200,0.0,h3,1,1.6266098169962897,1.6391813413892042,6.2598758329986595,4.642239540989976,True,True,278.0,240.0,True,True,True,0.012571524392914535,-1.617636292008683,0.7415865210166974,-38.0
v200_s4_p0,200,0.0,h3,2,1.6151459597978213,1.6255090009059594,6.397385249962099,4.7579725830000825,True,True,278.0,240.0,True,True,True,0.010363041108138127,-1.6394126669620164,0.7437370733657584,-38.0
v200_s4_p0,200,0.0,h3,3,1.6132427845651223,1.6153328873718502,6.28286549996119,4.560906792001333,True,True,278.0,240.0,True,True,True,0.002090102806727945,-1.7219587079598568,0.7259278098551539,-38.0
v200_s4_p0,200,0.0,h3,4,1.5834868112868912,1.6121314598630037,6.288887165952474,4.629391000024043,True,True,278.0,240.0,True,True,True,0.028644648576112486,-1.6594961659284309,0.7361224454919769,-38.0
v200_s4_p0,200,0.0,h4,0,1.60639794686329,1.632027654876373,8.725653500005137,7.483175083994865,True,True,129.0,133.0,True,True,True,0.025629708013082952,-1.2424784160102718,0.8576062622691194,4.0
v200_s4_p0,200,0.0,h4,1,1.6632482633799945,1.6823841420384185,7.91089658299461,6.338898833957501,True,True,179.0,167.0,True,True,True,0.01913587865842392,-1.5719977490371093,0.8012870308004909,-12.0
v200_s4_p0,200,0.0,h4,2,1.686878149610602,1.6728018676162062,8.2653660409851,7.374535832961556,True,True,162.0,156.0,True,True,True,-0.014076281994395812,-0.8908302080235444,0.8922213240640252,-6.0
v200_s4_p0,200,0.0,h4,3,1.6124495071398905,1.6529232133687914,8.80548258300405,7.22094379196642,True,True,118.0,155.0,True,True,True,0.040473706228900896,-1.5845387910376303,0.8200508857860855,37.0
v200_s4_p0,200,0.0,h4,4,1.764233551936026,1.6695362953713233,8.250426209007856,6.627970790956169,True,True,206.0,159.0,True,True,True,-0.09469725656470263,-1.6224554180516861,0.8033488965357594,-47.0
v200_s4_p0,200,0.0,h2+3,0,1.6265732605878065,1.629939115181952,6.353173040959518,4.593948833004106,True,True,278.0,240.0,True,True,True,0.003365854594145512,-1.7592242079554126,0.7230951846245136,-38.0
v200_s4_p0,200,0.0,h2+3,1,1.61604036961186,1.6149930523310867,6.368288750003558,4.71892866701819,True,True,278.0,240.0,True,True,True,-0.00104731728077323,-1.6493600829853676,0.7410041931618685,-38.0
v200_s4_p0,200,0.0,h2+3,2,1.6142670308630722,1.6184183831656778,6.529438291036058,4.8397912079817615,True,True,278.0,240.0,True,True,True,0.004151352302605549,-1.6896470830542967,0.7412262728060499,-38.0
v200_s4_p0,200,0.0,h2+3,3,1.6232501671911557,1.624995903309252,6.424389958963729,4.675084792019334,True,True,278.0,240.0,True,True,True,0.0017457361180963638,-1.7493051669443958,0.7277087508513317,-38.0
v200_s4_p0,200,0.0,h2+3,4,1.6245276334322618,1.5932359631390272,6.404495417024009,4.674202666035853,True,True,278.0,240.0,True,True,True,-0.03129167029323465,-1.7302927509881556,0.729831526401158,-38.0
v200_s4_p0,200,0.0,h2+3+4,0,1.6074588987247318,1.6049586188705045,10.380391749960836,8.599173332971986,True,True,129.0,133.0,True,True,True,-0.002500279854227294,-1.7812184169888496,0.8284054725588204,4.0
v200_s4_p0,200,0.0,h2+3+4,1,1.6521231627212882,1.6731877951731313,9.476479124976322,7.784092666988727,True,True,179.0,167.0,True,True,True,0.02106463245184309,-1.6923864579875953,0.8214118940517559,-12.0
v200_s4_p0,200,0.0,h2+3+4,2,1.679241079970583,1.6594617610149824,9.792271541955415,8.414555834024213,True,True,162.0,156.0,True,True,True,-0.01977931895560059,-1.377715707931202,0.8593058105028727,-6.0
v200_s4_p0,200,0.0,h2+3+4,3,1.6275397296547305,1.6649911084776574,9.9081383330049,8.198899874987546,True,True,118.0,155.0,True,True,True,0.03745137882292693,-1.709238458017353,0.8274914620112109,37.0
v200_s4_p0,200,0.0,h2+3+4,4,1.6639813048360776,1.6697718759486821,9.94846124999458,7.85479850001866,True,True,206.0,159.0,True,True,True,0.005790571112604503,-2.0936627499759197,0.7895490873046261,-47.0
v200_s4_p10,200,0.1,h2,0,2.350327659850858,2.3748342379122493,2.130333124950994,0.9878952919971198,True,True,250.0,156.0,True,True,True,0.024506578061391338,-1.142437832953874,0.46372808103420227,-94.0
v200_s4_p10,200,0.1,h2,1,2.4765963798102035,2.389324564888501,2.099036084022373,1.085916834010277,True,True,250.0,156.0,True,True,True,-0.08727181492170244,-1.013119250012096,0.5173407176161258,-94.0
v200_s4_p10,200,0.1,h2,2,2.39771089727644,2.4409862251348726,2.189771625038702,1.045636624970939,True,True,250.0,156.0,True,True,True,0.0432753278584328,-1.144135000067763,0.4775094411740121,-94.0
v200_s4_p10,200,0.1,h2,3,2.288402498407103,2.2571571975649536,2.2845391249866225,1.0398481669835746,True,True,250.0,156.0,True,True,True,-0.031245300842149604,-1.2446909580030479,0.45516758965100396,-94.0
v200_s4_p10,200,0.1,h2,4,2.3416159101946974,2.288411030558204,2.260805875004735,1.1393326250254177,True,True,250.0,156.0,True,True,True,-0.05320487963649345,-1.1214732499793172,0.5039497807493231,-94.0
v200_s4_p10,200,0.1,h3,0,1.9447342229857019,1.9576287622619226,3.6089774160063826,2.198450167023111,True,True,250.0,156.0,True,True,True,0.012894539276220751,-1.4105272489832714,0.6091615196239907,-94.0
v200_s4_p10,200,0.1,h3,1,1.9185550907512001,1.938959404603561,3.7507771660457365,2.255141750036273,True,True,250.0,156.0,True,True,True,0.020404313852360856,-1.4956354160094634,0.6012465284398008,-94.0
v200_s4_p10,200,0.1,h3,2,1.9845194674941724,1.989905353850512,3.7059325000154786,2.2288185830111615,True,True,250.0,156.0,True,True,True,0.005385886356339631,-1.477113917004317,0.6014190984325409,-94.0
v200_s4_p10,200,0.1,h3,3,1.950337633248372,1.8996161976071495,3.509127291967161,2.245568457990885,True,True,250.0,156.0,True,True,True,-0.050721435641222445,-1.2635588339762762,0.6399222003520011,-94.0
v200_s4_p10,200,0.1,h3,4,1.8969047663276895,2.0414021342111295,3.82234499999322,2.2121682909782976,True,True,250.0,156.0,True,True,True,0.14449736788344003,-1.6101767090149224,0.5787463693052881,-94.0
v200_s4_p10,200,0.1,h4,0,,2.0542829392833495,6.560328124964144,3.5227133330190554,True,True,127.0,126.0,False,True,False,,-3.0376147919450887,0.536972124856683,-1.0
v200_s4_p10,200,0.1,h4,1,2.2108137569086015,2.0427605377251403,6.6234998750151135,3.64435716700973,True,True,127.0,126.0,True,True,True,-0.16805321918346117,-2.9791427080053836,0.5502162354915745,-1.0
v200_s4_p10,200,0.1,h4,2,2.137932283357147,2.0293392420773326,6.833227541996166,3.711644458991941,True,True,127.0,123.0,True,True,True,-0.10859304127981417,-3.121583083004225,0.5431758910676743,-4.0
v200_s4_p10,200,0.1,h4,3,2.1590640295534214,2.0811159064640754,6.672492625017185,3.5364862919668667,True,True,127.0,123.0,True,True,True,-0.07794812308934596,-3.136006333050318,0.5300097715668526,-4.0
v200_s4_p10,200,0.1,h4,4,,2.1906297298506705,6.5693669589818455,3.6123076250078157,True,True,127.0,144.0,False,True,False,,-2.95705933397403,0.5498714940971526,17.0
v200_s4_p10,200,0.1,h2+3,0,1.9858973205671293,1.8972862030770605,3.7472284589894116,2.2075577909708954,True,True,250.0,156.0,True,True,True,-0.08861111749006878,-1.5396706680185162,0.5891174811279724,-94.0
v200_s4_p10,200,0.1,h2+3,1,1.9539871424912065,1.9386290253982221,4.001447541988455,2.285144791007042,True,True,250.0,156.0,True,True,True,-0.015358117092984402,-1.7163027509814128,0.571079532351304,-94.0
v200_s4_p10,200,0.1,h2+3,2,1.9406817165426968,1.984408659266819,3.7076128329499625,2.432066291978117,True,True,250.0,156.0,True,True,True,0.04372694272412225,-1.2755465409718454,0.6559655502225251,-94.0
v200_s4_p10,200,0.1,h2+3,3,1.854808235483996,1.8870542019799261,3.867706209013704,2.3547138340072706,True,True,250.0,156.0,True,True,True,0.032245966495930034,-1.5129923750064336,0.608814037767295,-94.0
v200_s4_p10,200,0.1,h2+3,4,1.9662713497775932,1.8866648786728215,4.042120292026084,2.353309291007463,True,True,250.0,156.0,True,True,True,-0.0796064711047717,-1.688811001018621,0.5821967484861474,-94.0
v200_s4_p10,200,0.1,h2+3+4,0,,2.0867397801008414,7.654748542001471,4.383329208008945,True,True,127.0,126.0,False,True,False,,-3.271419333992526,0.5726287655247844,-1.0
v200_s4_p10,200,0.1,h2+3+4,1,,2.0182876300424417,7.665574082988314,4.258673500036821,True,True,127.0,126.0,False,True,False,,-3.4069005829514936,0.5555583253037505,-1.0
v200_s4_p10,200,0.1,h2+3+4,2,,2.1431473917866812,7.793237375037279,4.33552620903356,True,True,127.0,123.0,False,True,False,,-3.457711166003719,0.5563190238399252,-4.0
v200_s4_p10,200,0.1,h2+3+4,3,,2.163163102730455,7.704305541992653,4.379675667034462,True,True,127.0,123.0,False,True,False,,-3.324629874958191,0.5684711805837462,-4.0
v200_s4_p10,200,0.1,h2+3+4,4,,2.161711487304674,7.786778084002435,4.4248868330032565,True,True,127.0,144.0,False,True,False,,-3.3618912509991787,0.5682564451263836,17.0
v200_s4_p30,200,0.3,h2,0,3.141841663951539,3.1199534951965946,1.4377960410201922,0.31406941695604473,True,True,213.0,45.0,True,True,True,-0.02188816875494437,-1.1237266240641475,0.21843808718042923,-168.0
v200_s4_p30,200,0.3,h2,1,,3.033542377881889,1.390604040992912,0.3509837500168942,True,True,213.0,45.0,False,True,False,,-1.0396202909760177,0.25239661303320143,-168.0
v200_s4_p30,200,0.3,h2,2,,2.862362822313832,1.3093903750414029,0.3659244999871589,True,True,213.0,45.0,False,True,False,,-0.943465875054244,0.27946173040686084,-168.0
v200_s4_p30,200,0.3,h2,3,3.3363291512172655,2.78678524292155,1.416663374984637,0.32652112504001707,True,True,213.0,45.0,True,True,True,-0.5495439082957154,-1.0901422499446198,0.2304860355718295,-168.0
v200_s4_p30,200,0.3,h2,4,,2.7419171192803,1.352449749945663,0.32370779098710045,True,True,213.0,45.0,False,True,False,,-1.0287419589585625,0.23934921870487683,-168.0
v200_s4_p30,200,0.3,h3,0,3.2583212062831213,3.0483784043426407,1.3823228750261478,0.41584720904938877,True,True,213.0,45.0,True,True,True,-0.20994280194048054,-0.966475665976759,0.3008321836832243,-168.0
v200_s4_p30,200,0.3,h3,1,,3.0483784043426407,1.3918410000042059,0.41977395897265524,True,True,213.0,45.0,False,True,False,,-0.9720670410315506,0.30159620170075946,-168.0
v200_s4_p30,200,0.3,h3,2,3.048688882729516,3.1360265406155046,1.5167933750199154,0.44458266702713445,True,True,213.0,45.0,True,True,True,0.08733765788598857,-1.072210707992781,0.29310694149181465,-168.0
v200_s4_p30,200,0.3,h3,3,,3.1556805636895136,1.3514971249969676,0.4303830409771763,True,True,213.0,45.0,False,True,False,,-0.9211140840197913,0.31844909842345537,-168.0
v200_s4_p30,200,0.3,h3,4,3.2197049335205397,3.1713939330401213,1.4660447079804726,0.42787004105048254,True,True,213.0,45.0,True,True,True,-0.048311000480418365,-1.03817466692999,0.29185333756969006,-168.0
v200_s4_p30,200,0.3,h2+3,0,,3.155205742635972,1.5210650829831138,0.4578327920171432,True,True,213.0,45.0,False,True,False,,-1.0632322909659706,0.30099487335495284,-168.0
v200_s4_p30,200,0.3,h2+3,1,2.828754489673162,3.2598511470463176,1.5738671669969335,0.463036542001646,True,True,213.0,45.0,True,True,True,0.4310966573731556,-1.1108306249952875,0.29420306345494035,-168.0
v200_s4_p30,200,0.3,h2+3,2,3.276711649534263,3.0483784043426105,1.5386471659876406,0.47654208302265033,True,True,213.0,45.0,True,True,True,-0.22833324519165243,-1.0621050829649903,0.3097149844075937,-168.0
v200_s4_p30,200,0.3,h2+3,3,,3.0483784043426407,1.4770595000009052,0.4591372080030851,True,True,213.0,45.0,False,True,False,,-1.0179222919978201,0.3108454385235014,-168.0
v200_s4_p30,200,0.3,h2+3,4,3.0182154310678926,3.145699423399355,1.542051917000208,0.4413418340263888,True,True,213.0,45.0,True,True,True,0.12748399233146257,-1.1007100829738192,0.2862042640464026,-168.0
v200_s4_p50,200,0.5,h2,0,2.9539839594013593,3.3519489524946153,1.478499750024639,0.3126688749762252,True,True,213.0,45.0,True,True,True,0.39796499309325606,-1.1658308750484139,0.2114771240042581,-168.0
v200_s4_p50,200,0.5,h2,1,2.8287683342753938,3.1017730283796046,1.4440132500021718,0.32282333297189325,True,True,213.0,45.0,True,True,True,0.2730046941042108,-1.1211899170302786,0.22355981357609267,-168.0
v200_s4_p50,200,0.5,h2,2,,3.130406210764454,1.3835792079917155,0.3196674580103718,True,True,213.0,45.0,False,True,False,,-1.0639117499813437,0.23104384350670717,-168.0
v200_s4_p50,200,0.5,h2,3,3.365584758090151,3.052855470994641,1.4502752090338618,0.3321571670239791,True,True,213.0,45.0,True,True,True,-0.3127292870955096,-1.1181180420098826,0.2290304384677817,-168.0
v200_s4_p50,200,0.5,h2,4,,3.1310209350538054,1.4109594579786062,0.3322729580104351,True,True,213.0,45.0,False,True,False,,-1.0786864999681711,0.23549433410826834,-168.0
v200_s4_p50,200,0.5,h3,0,2.885900668302906,3.0483784043426407,1.5632743749883957,0.44443774997489527,True,True,213.0,45.0,True,True,True,0.16247773603973492,-1.1188366250135005,0.28429926127215793,-168.0
v200_s4_p50,200,0.5,h3,1,3.0138766586698122,3.064566594746802,1.5351189579814672,0.44611291598994285,True,True,213.0,45.0,True,True,True,0.050689936076989905,-1.0890060419915244,0.2906047858183825,-168.0
v200_s4_p50,200,0.5,h3,2,2.9945839499414766,3.0483784043426105,1.522413625032641,0.4585797500330955,True,True,213.0,45.0,True,True,True,0.05379445440113395,-1.0638338749995455,0.3012188951102322,-168.0
v200_s4_p50,200,0.5,h3,3,3.1694825826485986,3.0483784043426407,1.457371000025887,0.4683561660349369,True,True,213.0,45.0,True,True,True,-0.12110417830595788,-0.9890148339909501,0.3213705817026808,-168.0
v200_s4_p50,200,0.5,h3,4,,3.1530238087529994,1.4485717919887975,0.4294284170027822,True,True,213.0,45.0,False,True,False,,-1.0191433749860153,0.29644952316322837,-168.0
v200_s4_p50,200,0.5,h2+3,0,3.2469251584799714,3.0483784043426407,1.5338771659880877,0.477058041957207,True,True,213.0,45.0,True,True,True,-0.1985467541373307,-1.0568191240308806,0.3110145013795139,-168.0
v200_s4_p50,200,0.5,h2+3,1,3.2048741524785034,3.0483784043426105,1.638196749961935,0.4490843339590356,True,True,213.0,45.0,True,True,True,-0.15649574813589284,-1.1891124160028994,0.2741333322566233,-168.0
v200_s4_p50,200,0.5,h2+3,2,2.9326572315703783,3.2525791299063402,1.5542134999996051,0.4977570420014672,True,True,213.0,45.0,True,True,True,0.31992189833596196,-1.056456457998138,0.32026297674135096,-168.0
v200_s4_p50,200,0.5,h2+3,3,3.205276991826871,3.0483784043426407,1.5767461669747718,0.41081075003603473,True,True,213.0,45.0,True,True,True,-0.15689858748423013,-1.165935416938737,0.26054336369451137,-168.0
v200_s4_p50,200,0.5,h2+3,4,,3.0483784043426407,1.533345207979437,0.45278824999695644,True,True,213.0,45.0,False,True,False,,-1.0805569579824805,0.29529439792205525,-168.0
v200_s5_p0,200,0.0,h2,0,2.1523359065867553,1.9202201808179598,2.646896915975958,2.1271644590306096,True,True,278.0,240.0,True,True,True,-0.23211572576879558,-0.5197324569453485,0.8036446172843441,-38.0
v200_s5_p0,200,0.0,h2,1,1.9125033987045261,2.0739070315532353,2.996569417009596,2.2762554579530843,True,True,278.0,240.0,True,True,True,0.16140363284870918,-0.7203139590565115,0.7596204663346849,-38.0
v200_s5_p0,200,0.0,h2,2,2.043818157679954,2.062411067431536,3.0091913749929518,2.1832380840205587,True,True,278.0,240.0,True,True,True,0.01859290975158201,-0.825953290972393,0.7255231761475032,-38.0
v200_s5_p0,200,0.0,h2,3,2.1131775437311187,1.9812147454743119,2.8509223330183886,2.220265500014648,True,True,278.0,240.0,True,True,True,-0.1319627982568068,-0.6306568330037408,0.778788490412491,-38.0
v200_s5_p0,200,0.0,h2,4,1.9257568607453315,2.0370943333208693,2.8069965000031516,2.1304178750142455,True,True,278.0,240.0,True,True,True,0.11133747257553783,-0.6765786249889061,0.7589670578541347,-38.0
v200_s5_p0,200,0.0,h3,0,1.6077648330870158,1.6072775131975356,6.254664041975047,4.472779665957205,True,True,278.0,240.0,True,True,True,-0.00048731988948014227,-1.7818843760178424,0.7151110972452529,-38.0
v200_s5_p0,200,0.0,h3,1,1.6181943294944954,1.6092576514369104,6.23985375004122,4.623282500018831,True,True,278.0,240.0,True,True,True,-0.008936678057585024,-1.616571250022389,0.740928022549934,-38.0
v200_s5_p0,200,0.0,h3,2,1.6224011018534472,1.6310063941062605,6.472646875015926,4.615123916999437,True,True,278.0,240.0,True,True,True,0.008605292252813257,-1.8575229580164887,0.7130195739263285,-38.0
v200_s5_p0,200,0.0,h3,3,1.6351256588711218,1.6122391071504432,6.31456845800858,4.673451207985636,True,True,278.0,240.0,True,True,True,-0.02288655172067866,-1.641117250022944,0.7401061907973199,-38.0
v200_s5_p0,200,0.0,h3,4,1.6400458663194741,1.6365954628173798,6.4157501249574125,4.491807667014655,True,True,278.0,240.0,True,True,True,-0.003450403502094357,-1.9239424579427578,0.7001219778715231,-38.0
v200_s5_p0,200,0.0,h4,0,1.7069580729802059,1.690741743835732,8.114569999976084,6.4869765000185,True,True,176.0,174.0,True,True,True,-0.016216329144473907,-1.6275934999575838,0.7994233212650355,-2.0
v200_s5_p0,200,0.0,h4,1,1.6713666995722491,1.6849473586463886,7.738257791963406,7.694977665960323,True,True,192.0,166.0,True,True,True,0.013580659074139412,-0.04328012600308284,0.9944069935162885,-26.0
v200_s5_p0,200,0.0,h4,2,1.6260946979600954,1.6884587221521432,9.068670750013553,7.008288791985251,True,True,141.0,178.0,True,True,True,0.062364024192047784,-2.0603819580283016,0.7728022094059129,37.0
v200_s5_p0,200,0.0,h4,3,1.6167341816431018,1.6548585377539442,8.230346249998547,7.18173716700403,True,True,152.0,137.0,True,True,True,0.03812435611084242,-1.048609082994517,0.8725923489555859,-15.0
v200_s5_p0,200,0.0,h4,4,1.671142040225691,1.6312651226992307,8.02293199999258,7.685823167033959,True,True,180.0,127.0,True,True,True,-0.039876917526460165,-0.33710883295862004,0.9579818409330988,-53.0
v200_s5_p0,200,0.0,h2+3,0,1.6140110814296769,1.6058998188131797,6.356112166016828,4.701626833004411,True,True,278.0,240.0,True,True,True,-0.008111262616497195,-1.654485333012417,0.7397016777239742,-38.0
v200_s5_p0,200,0.0,h2+3,1,1.6042034467885078,1.6204460247153747,6.454674792010337,4.660362792026717,True,True,278.0,240.0,True,True,True,0.016242577926866897,-1.79431199998362,0.7220135703498746,-38.0
v200_s5_p0,200,0.0,h2+3,2,1.6148774804320565,1.6113703930051464,6.6554125839611515,4.819548959028907,True,True,278.0,240.0,True,True,True,-0.0035070874269100827,-1.8358636249322444,0.7241547985535136,-38.0
v200_s5_p0,200,0.0,h2+3,3,1.6155884476435645,1.6386446300370403,6.6094289580360055,4.742668541963212,True,True,278.0,240.0,True,True,True,0.023056182393475844,-1.8667604160727933,0.7175610135270292,-38.0
v200_s5_p0,200,0.0,h2+3,4,1.6022917583783902,1.5867191161450473,6.406589042046107,4.663425915990956,True,True,278.0,240.0,True,True,True,-0.01557264223334287,-1.7431631260551512,0.7279108875854432,-38.0
v200_s5_p0,200,0.0,h2+3+4,0,1.6557711970923494,1.6940935729106525,9.498083417012822,7.616217792034149,True,True,176.0,174.0,True,True,True,0.03832237581830311,-1.8818656249786727,0.8018689095099013,-2.0
v200_s5_p0,200,0.0,h2+3+4,1,1.6410929324428971,1.640171068414249,9.273163583013229,8.935338124982081,True,True,192.0,166.0,True,True,True,-0.0009218640286481339,-0.3378254580311477,0.9635695569255369,-26.0
v200_s5_p0,200,0.0,h2+3+4,2,1.6575960788416022,1.698740501182712,10.497966208029538,8.420947832986712,True,True,141.0,178.0,True,True,True,0.04114442234110971,-2.077018375042826,0.8021504038130561,37.0
v200_s5_p0,200,0.0,h2+3+4,3,1.654046433903134,1.627686733697623,9.721405583026353,8.265042625018395,True,True,152.0,137.0,True,True,True,-0.026359700205510928,-1.4563629580079578,0.850190083566642,-15.0
v200_s5_p0,200,0.0,h2+3+4,4,1.6598929535135454,1.6220206080758188,9.541940332972445,8.964695582981221,True,True,180.0,127.0,True,True,True,-0.03787234543772655,-0.5772447499912232,0.9395044687088917,-53.0
v200_s5_p10,200,0.1,h2,0,2.176391668078368,2.589483778286947,2.122766208020039,1.0638060829951428,True,True,250.0,156.0,True,True,True,0.41309211020857894,-1.0589601250248961,0.5011414252666964,-94.0
v200_s5_p10,200,0.1,h2,1,2.2541896018354723,2.267658563405144,2.172870792041067,1.0153735830099322,True,True,250.0,156.0,True,True,True,0.013468961569671478,-1.1574972090311348,0.467295886496845,-94.0
v200_s5_p10,200,0.1,h2,2,2.1761650685783684,2.107905493751951,2.183422917034477,1.1155969999963418,True,True,250.0,156.0,True,True,True,-0.06825957482641742,-1.0678259170381352,0.5109394938070654,-94.0
v200_s5_p10,200,0.1,h2,3,2.4423936523791503,2.186159849407519,2.176947250030935,1.1002047500223853,True,True,250.0,156.0,True,True,True,-0.25623380297163134,-1.0767425000085495,0.5053887961716809,-94.0
v200_s5_p10,200,0.1,h2,4,2.683094700401457,2.495497130344559,2.026953291031532,1.113828542002011,True,True,250.0,156.0,True,True,True,-0.18759757005689792,-0.9131247490295209,0.5495087365506954,-94.0
v200_s5_p10,200,0.1,h3,0,1.9091755530532821,1.8492351810962904,3.2376473330077715,2.189676458016038,True,True,250.0,156.0,True,True,True,-0.059940371956991756,-1.0479708749917336,0.6763171626793059,-94.0
v200_s5_p10,200,0.1,h3,1,2.058705069776016,1.8288417655125233,3.323085792013444,2.252526291005779,True,True,250.0,156.0,True,True,True,-0.22986330426349255,-1.070559501007665,0.6778417507063466,-94.0
v200_s5_p10,200,0.1,h3,2,1.986699980234377,1.9007400742443068,3.15121962496778,2.318691707972903,True,True,250.0,156.0,True,True,True,-0.0859599059900702,-0.8325279169948772,0.7358077138138572,-94.0
v200_s5_p10,200,0.1,h3,3,1.9746520259695441,1.8600593063786828,3.215498249977827,2.27546745800646,True,True,250.0,156.0,True,True,True,-0.11459271959086137,-0.9400307919713669,0.7076562576335257,-94.0
v200_s5_p10,200,0.1,h3,4,1.954102886708412,1.9020405824255926,3.1112612079596147,2.2707287920056842,True,True,250.0,156.0,True,True,True,-0.05206230428281944,-0.8405324159539305,0.7298419001903228,-94.0
v200_s5_p10,200,0.1,h4,0,1.9865630824849607,1.900967067940794,6.616686667024624,3.817371374985669,True,True,133.0,79.0,True,True,True,-0.08559601454416677,-2.799315292038955,0.5769309576060454,-54.0
v200_s5_p10,200,0.1,h4,1,2.1204097079516924,1.881983869950899,6.405904415994883,3.814614375005476,True,True,150.0,96.0,True,True,True,-0.2384258380007933,-2.5912900409894064,0.5954841232848834,-54.0
v200_s5_p10,200,0.1,h4,2,1.9495235512391214,1.8938346584171117,6.71040137502132,3.9784785410156474,True,True,126.0,79.0,True,True,True,-0.05568889282200962,-2.7319228340056725,0.5928823506482139,-47.0
v200_s5_p10,200,0.1,h4,3,2.0588475204291434,1.90582257998472,6.971025542006828,3.778848374960944,True,True,151.0,85.0,True,True,True,-0.1530249404444235,-3.192177167045884,0.5420792611058322,-66.0
v200_s5_p10,200,0.1,h4,4,1.9872856434855577,1.9060925538371247,6.549679999996442,4.1662333339918405,True,True,131.0,79.0,True,True,True,-0.08119308964843297,-2.383446666004602,0.6360972343678017,-52.0
v200_s5_p10,200,0.1,h2+3,0,2.0184762094641715,1.8509556300406709,3.1382797500118613,2.257180416956544,True,True,250.0,156.0,True,True,True,-0.16752057942350063,-0.8810993330553174,0.7192413031209256,-94.0
v200_s5_p10,200,0.1,h2+3,1,1.9035104444672828,1.8182249740985728,3.366896416991949,2.3465691250166856,True,True,250.0,156.0,True,True,True,-0.08528547036871004,-1.0203272919752635,0.6969531682572986,-94.0
v200_s5_p10,200,0.1,h2+3,2,2.000303566045374,1.8855524242813817,3.4299578339559957,2.396198667003773,True,True,250.0,156.0,True,True,True,-0.11475114176399215,-1.0337591669522226,0.6986087826741822,-94.0
v200_s5_p10,200,0.1,h2+3,3,1.9163572397256083,1.8640604363747069,3.630113542021718,2.3555020409985445,True,True,250.0,156.0,True,True,True,-0.05229680335090148,-1.2746115010231733,0.6488783377521287,-94.0
v200_s5_p10,200,0.1,h2+3,4,1.952717643784563,1.8827993034105193,3.4136096670408733,2.2868772500078194,True,True,250.0,156.0,True,True,True,-0.06991834037404376,-1.126732417033054,0.6699293337747737,-94.0
v200_s5_p10,200,0.1,h2+3+4,0,1.9735163571401426,1.895452790498354,7.958833375014365,4.680742624972481,True,True,133.0,79.0,True,True,True,-0.0780635666417886,-3.2780907500418834,0.5881191883809269,-54.0
v200_s5_p10,200,0.1,h2+3+4,1,2.226782161509784,1.8678725224298038,7.651929666986689,4.6909299999824725,True,True,150.0,96.0,True,True,True,-0.35890963907997997,-2.9609996670042165,0.6130388286527141,-54.0
v200_s5_p10,200,0.1,h2+3+4,2,1.9950716075168362,1.8888311584228195,7.830230791994836,4.813069458003156,True,True,126.0,79.0,True,True,True,-0.10624044909401675,-3.0171613339916803,0.6146778538026941,-47.0
v200_s5_p10,200,0.1,h2+3+4,3,,1.8879895137425928,8.02996545797214,4.647698541986756,True,True,151.0,85.0,False,True,False,,-3.382266915985383,0.578794338071844,-66.0
v200_s5_p10,200,0.1,h2+3+4,4,1.9673992217586986,1.9129712029060761,7.73872012499487,4.8044789580162615,True,True,131.0,79.0,True,True,True,-0.054428018852622495,-2.934241166978609,0.6208363760951293,-52.0
v200_s5_p30,200,0.3,h2,0,2.9367053813386623,2.9702483527482513,1.4724517499562353,0.34873520804103464,True,True,214.0,48.0,True,True,True,0.03354297140958895,-1.1237165419152007,0.2368398204229102,-166.0
v200_s5_p30,200,0.3,h2,1,3.397849689308014,2.9282881079153755,1.5255324160098098,0.32887299999129027,True,True,214.0,48.0,True,True,True,-0.4695615813926386,-1.1966594160185196,0.21557916209443267,-166.0
v200_s5_p30,200,0.3,h2,2,,3.091506008860576,1.4666160839842632,0.35834700003033504,True,True,214.0,48.0,False,True,False,,-1.1082690839539282,0.2443359267251702,-166.0
v200_s5_p30,200,0.3,h2,3,2.7764023907426774,3.01471718871117,1.5389193330192938,0.34650570899248123,True,True,214.0,48.0,True,True,True,0.23831479796849253,-1.1924136240268126,0.22516171027148763,-166.0
v200_s5_p30,200,0.3,h2,4,3.1393536424331345,3.0062376409597587,1.5724382910411805,0.33371487498516217,True,True,214.0,48.0,True,True,True,-0.13311600147337588,-1.2387234160560183,0.2122276447263281,-166.0
v200_s5_p30,200,0.3,h3,0,2.8191723299771807,2.7717849853287295,1.5060530419577844,0.4399512920062989,True,True,214.0,48.0,True,True,True,-0.04738734464845118,-1.0661017499514855,0.29212204334741554,-166.0
v200_s5_p30,200,0.3,h3,1,2.892132069171153,2.921236677688098,1.5252674169605598,0.4520061669754796,True,True,214.0,48.0,True,True,True,0.029104608516945074,-1.0732612499850802,0.29634552075871656,-166.0
v200_s5_p30,200,0.3,h3,2,3.068417820782216,2.939126729586569,1.61311187496176,0.4384929590160027,True,True,214.0,48.0,True,True,True,-0.1292910911956473,-1.1746189159457572,0.2718304699272005,-166.0
v200_s5_p30,200,0.3,h3,3,3.6562384299977135,3.0240292561635504,1.5390335830161348,0.48167408403242007,True,True,214.0,48.0,True,True,True,-0.6322091738341631,-1.0573594989837147,0.3129717826484689,-166.0
v200_s5_p30,200,0.3,h3,4,3.2768262702424393,3.044914169604636,1.4973091669962741,0.42350091697881,True,True,214.0,48.0,True,True,True,-0.23191210063780332,-1.0738082500174642,0.28284133051051025,-166.0
v200_s5_p30,200,0.3,h4,0,,2.7227905560423795,3.6125335000106134,0.6615992920123972,True,True,184.0,21.0,False,True,False,,-2.950934207998216,0.1831399742065931,-163.0
v200_s5_p30,200,0.3,h4,1,,2.7227905560423795,3.6025019169901498,0.6995805840124376,True,True,184.0,30.0,False,True,False,,-2.902921332977712,0.19419298035986318,-154.0
v200_s5_p30,200,0.3,h4,2,,2.7227905560423795,3.6359780419734307,0.729147040983662,True,True,184.0,30.0,False,True,False,,-2.9068310009897687,0.20053670087290096,-154.0
v200_s5_p30,200,0.3,h4,3,,2.7227905560423795,3.8327501250314526,0.6556637499597855,True,True,184.0,30.0,False,True,False,,-3.177086375071667,0.1710687440012555,-154.0
v200_s5_p30,200,0.3,h4,4,,2.7227905560423795,3.724108124966733,0.6995130000286736,True,True,184.0,30.0,False,True,False,,-3.0245951249380596,0.18783369777560424,-154.0
v200_s5_p30,200,0.3,h2+3,0,2.9006716357415603,3.044914169604653,1.6151870419853367,0.45463791699148715,True,True,214.0,48.0,True,True,True,0.1442425338630926,-1.1605491249938495,0.2814769467396548,-166.0
v200_s5_p30,200,0.3,h2+3,1,,2.986203995585552,1.6170493329991587,0.49313712504226714,True,True,214.0,48.0,False,True,False,,-1.1239122079568915,0.30496108868097455,-166.0
v200_s5_p30,200,0.3,h2+3,2,,2.9095291852858756,1.573904582997784,0.5134411249891855,True,True,214.0,48.0,False,True,False,,-1.0604634580085985,0.3262212528864009,-166.0
v200_s5_p30,200,0.3,h2+3,3,3.0283114295626055,2.87270654945699,1.7590321250027046,0.4474921249784529,True,True,214.0,48.0,True,True,True,-0.15560488010561535,-1.3115400000242516,0.25439678935810506,-166.0
v200_s5_p30,200,0.3,h2+3,4,3.2322392360510284,3.02402925616351,1.6360330419847742,0.4564468750031665,True,True,214.0,48.0,True,True,True,-0.20820997988751833,-1.1795861669816077,0.27899612250460554,-166.0
v200_s5_p30,200,0.3,h2+3+4,0,,2.7227905560423795,4.240823334024753,0.8439053340116516,True,True,184.0,22.0,False,True,False,,-3.396918000013102,0.19899563540901932,-162.0
v200_s5_p30,200,0.3,h2+3+4,1,,2.7227905560423795,4.279531833017245,0.8799096249858849,True,True,184.0,30.0,False,True,False,,-3.39962220803136,0.20560885146296776,-154.0
v200_s5_p30,200,0.3,h2+3+4,2,,2.7227905560423795,4.432035790989175,0.8659300419967622,True,True,184.0,30.0,False,True,False,,-3.5661057489924133,0.19537974935971744,-154.0
v200_s5_p30,200,0.3,h2+3+4,3,,2.7227905560423795,4.513809332973324,0.7756796670146286,True,True,184.0,30.0,False,True,False,,-3.738129665958695,0.17184590880884087,-154.0
v200_s5_p30,200,0.3,h2+3+4,4,,2.7227905560423795,4.490634832996875,0.8376272920286283,True,True,184.0,30.0,False,True,False,,-3.6530075409682468,0.1865275897906017,-154.0
v200_s5_p50,200,0.5,h2,0,3.606585665948059,2.7779377250589126,1.4966242919908836,0.33846262498991564,True,True,214.0,48.0,True,True,True,-0.8286479408891463,-1.158161667000968,0.22615069580333746,-166.0
v200_s5_p50,200,0.5,h2,1,3.79880521369407,2.6054584529274996,1.5344247499597259,0.3390607089968398,True,True,214.0,48.0,True,True,True,-1.1933467607665706,-1.195364040962886,0.2209692648699385,-166.0
v200_s5_p50,200,0.5,h2,2,3.1082933972114906,2.6554927587658423,1.6484310840023682,0.3690472909947857,True,True,214.0,48.0,True,True,True,-0.4528006384456482,-1.2793837930075824,0.22387790097887741,-166.0
v200_s5_p50,200,0.5,h2,3,3.062819403304138,2.7370948564156663,1.518896459019743,0.32757604197831824,True,True,214.0,48.0,True,True,True,-0.3257245468884715,-1.1913204170414247,0.21566713124720002,-166.0
v200_s5_p50,200,0.5,h2,4,3.2616465170433573,2.806363765872272,1.5163207919686101,0.3999528749845922,True,True,214.0,48.0,True,True,True,-0.4552827511710853,-1.116367916984018,0.26376534378674654,-166.0
v200_s5_p50,200,0.5,h3,0,,2.990859546520617,1.4899830420035869,0.4339303330052644,True,True,214.0,48.0,False,True,False,,-1.0560527089983225,0.29123172598109326,-166.0
v200_s5_p50,200,0.5,h3,1,2.982858449901531,2.9095291852858556,1.6555965830339119,0.4280617499607615,True,True,214.0,48.0,True,True,True,-0.07332926461567535,-1.2275348330731504,0.25855438115022583,-166.0
v200_s5_p50,200,0.5,h3,2,,3.081736805433509,1.520486792025622,0.4314260829705745,True,True,214.0,48.0,False,True,False,,-1.0890607090550475,0.28374207867719803,-166.0
v200_s5_p50,200,0.5,h3,3,,2.939126729586569,1.5031057079904713,0.3958937079878524,True,True,214.0,48.0,False,True,False,,-1.1072120000026189,0.2633838098566798,-166.0
v200_s5_p50,200,0.5,h3,4,3.0516173610381583,3.0817368054334953,1.4951213329914026,0.44318183400901034,True,True,214.0,48.0,True,True,True,0.03011944439533698,-1.0519394989823923,0.2964186412364961,-166.0
v200_s5_p50,200,0.5,h4,0,,2.7227905560423795,3.623402957979124,0.7225021250196733,True,True,184.0,30.0,False,True,False,,-2.900900832959451,0.19939877882713697,-154.0
v200_s5_p50,200,0.5,h4,1,,2.7227905560423795,3.5332198750111274,0.7377192500280216,True,True,209.0,30.0,False,True,False,,-2.795500624983106,0.2087951715786435,-179.0
v200_s5_p50,200,0.5,h4,2,,2.7111740516730345,3.8839863750035875,0.7061441249679774,True,True,184.0,68.0,False,True,False,,-3.17784225003561,0.18180911486007084,-116.0
v200_s5_p50,200,0.5,h4,3,,2.7227905560423795,3.661413832975086,0.7162875829963014,True,True,184.0,30.0,False,True,False,,-2.9451262499787845,0.1956314188102253,-154.0
v200_s5_p50,200,0.5,h4,4,,2.7227905560423795,3.6334689169889316,0.6995468329987489,True,True,184.0,30.0,False,True,False,,-2.9339220839901827,0.19252864108122486,-154.0
v200_s5_p50,200,0.5,h2+3,0,3.0304018078508426,3.0240292561635504,1.6898212090018205,0.4367903340025805,True,True,214.0,48.0,True,True,True,-0.006372551687292116,-1.25303087499924,0.25848316477255784,-166.0
v200_s5_p50,200,0.5,h2+3,1,3.275298461271018,2.8727065494570114,1.5876750000170432,0.4549192500417121,True,True,214.0,48.0,True,True,True,-0.40259191181400666,-1.1327557499753311,0.2865317209358519,-166.0
v200_s5_p50,200,0.5,h2+3,2,,2.8727065494570114,1.5691670419764705,0.46848350000800565,True,True,214.0,48.0,False,True,False,,-1.1006835419684649,0.2985555313588026,-166.0
v200_s5_p50,200,0.5,h2+3,3,3.032503633508834,2.939126729586569,1.648148250009399,0.4397626669961028,True,True,214.0,48.0,True,True,True,-0.09337690392226516,-1.2083855830132961,0.2668222758441754,-166.0
v200_s5_p50,200,0.5,h2+3,4,3.123777114104677,2.87270654945699,1.581040707998909,0.4492509170086123,True,True,214.0,48.0,True,True,True,-0.25107056464768673,-1.1317897909902968,0.2841488614023228,-166.0
v200_s5_p50,200,0.5,h2+3+4,0,,2.7227905560423795,4.418467333947774,0.8815409580129199,True,True,184.0,30.0,False,True,False,,-3.536926375934854,0.19951283813731135,-154.0
v200_s5_p50,200,0.5,h2+3+4,1,,2.7227905560423795,4.151433416991495,0.8781457499717362,True,True,209.0,30.0,False,True,False,,-3.2732876670197584,0.21152832329613042,-179.0
v200_s5_p50,200,0.5,h2+3+4,2,,2.9352182291198585,4.673024333023932,0.8935460840002634,True,True,184.0,68.0,False,True,False,,-3.7794782490236685,0.19121365957494305,-116.0
v200_s5_p50,200,0.5,h2+3+4,3,,2.7227905560423795,4.390436207992025,0.8946314579807222,True,True,184.0,30.0,False,True,False,,-3.4958047500113025,0.2037682397826898,-154.0
v200_s5_p50,200,0.5,h2+3+4,4,,2.7227905560423795,4.269534500024747,0.9062843749998137,True,True,184.0,30.0,False,True,False,,-3.3632501250249334,0.21226772496968013,-154.0
v200_s6_p0,200,0.0,h2,0,1.9171235759960366,1.9850976818221695,2.7822659170487896,2.1251903329975903,True,True,278.0,240.0,True,True,True,0.06797410582613295,-0.6570755840511993,0.7638343696679526,-38.0
v200_s6_p0,200,0.0,h2,1,2.00355667300766,2.352423289425446,2.946583084005397,2.038079791003838,True,True,278.0,240.0,True,True,True,0.34886661641778627,-0.9085032930015586,0.6916756571592757,-38.0
v200_s6_p0,200,0.0,h2,2,2.0438351397480647,1.9510607155498536,2.6210618339828216,2.1917683340143412,True,True,278.0,240.0,True,True,True,-0.09277442419821114,-0.4292934999684803,0.8362138983512077,-38.0
v200_s6_p0,200,0.0,h2,3,1.9304213613483727,1.9591676937660176,3.0174138749716803,2.1814319170080125,True,True,278.0,240.0,True,True,True,0.028746332417644904,-0.8359819579636678,0.7229475330189784,-38.0
v200_s6_p0,200,0.0,h2,4,1.9468377986720642,2.241540785473877,2.9534862500149757,2.0309990419773385,True,True,278.0,240.0,True,True,True,0.29470298680181295,-0.9224872080376372,0.687661587037028,-38.0
v200_s6_p0,200,0.0,h3,0,1.6052680956989955,1.611460098993366,6.311937124992255,4.618393540964462,True,True,278.0,240.0,True,True,True,0.006192003294370529,-1.6935435840277933,0.7316919432986476,-38.0
v200_s6_p0,200,0.0,h3,1,1.6172028011767225,1.6100088001931283,6.429918124980759,4.675701041996945,True,True,278.0,240.0,True,True,True,-0.00719400098359424,-1.7542170829838142,0.7271789393136225,-38.0
v200_s6_p0,200,0.0,h3,2,1.6278384397464747,1.6361794568038626,6.4561772079905495,4.680446374986786,True,True,278.0,240.0,True,True,True,0.008341017057387878,-1.775730833003763,0.7249563052875914,-38.0
v200_s6_p0,200,0.0,h3,3,1.640541798686777,1.582245806656334,6.184293458005413,4.561955374956597,True,True,278.0,240.0,True,True,True,-0.05829599203044289,-1.6223380830488168,0.7376679981205063,-38.0
v200_s6_p0,200,0.0,h3,4,1.6284974252104514,1.6248732042283787,6.275688709050883,4.626736250007525,True,True,278.0,240.0,True,True,True,-0.0036242209820727123,-1.6489524590433575,0.7372475698698668,-38.0
v200_s6_p0,200,0.0,h4,0,1.6675691845812934,1.6392997866278767,8.278539250022732,6.679027834034059,True,True,162.0,133.0,True,True,True,-0.028269397953416764,-1.5995114159886725,0.806788206508258,-29.0
v200_s6_p0,200,0.0,h4,1,1.5930860947109524,1.634565323315767,9.472314290993381,7.595172208966687,True,True,117.0,128.0,True,True,True,0.04147922860481468,-1.877142082026694,0.8018285685672879,11.0
v200_s6_p0,200,0.0,h4,2,1.6168879657749493,1.6651906254764823,11.703158541989978,6.878419791988563,True,True,111.0,156.0,True,True,True,0.048302659701533024,-4.824738750001416,0.5877404606038066,45.0
v200_s6_p0,200,0.0,h4,3,1.7003718478712406,1.679168501506314,8.352665917016566,6.785182874999009,True,True,167.0,157.0,True,True,True,-0.0212033463649266,-1.5674830420175567,0.8123373953189983,-10.0
v200_s6_p0,200,0.0,h4,4,1.6365269920838383,1.6446628446484963,8.730476249998901,7.123310207971372,True,True,139.0,133.0,True,True,True,0.008135852564657986,-1.6071660420275293,0.8159131305090336,-6.0
v200_s6_p0,200,0.0,h2+3,0,1.6396216972167437,1.631742197153306,6.429446250025649,4.614196708018426,True,True,278.0,240.0,True,True,True,-0.007879500063437739,-1.8152495420072228,0.7176662699373245,-38.0
v200_s6_p0,200,0.0,h2+3,1,1.6099350382322632,1.6203372400482816,6.529371624987107,4.737841541995294,True,True,278.0,240.0,True,True,True,0.010402201816018364,-1.7915300829918124,0.7256198320622699,-38.0
v200_s6_p0,200,0.0,h2+3,2,1.603579802679028,1.61655827328065,6.7264499589800835,4.902265750046354,True,True,278.0,240.0,True,True,True,0.01297847060162205,-1.8241842089337297,0.7288043143027668,-38.0
v200_s6_p0,200,0.0,h2+3,3,1.6156584184883216,1.6112705754268135,6.471106791985221,4.725297584023792,True,True,278.0,240.0,True,True,True,-0.004387843061508079,-1.745809207961429,0.7302147431527946,-38.0
v200_s6_p0,200,0.0,h2+3,4,1.6315084403295712,1.6070835448222807,6.459259708994068,4.712182708026376,True,True,278.0,240.0,True,True,True,-0.024424895507290545,-1.7470770009676926,0.7295236482696291,-38.0
v200_s6_p0,200,0.0,h2+3+4,0,1.6720014559262733,1.6606604153734408,9.571658291039057,8.199705624952912,True,True,162.0,133.0,True,True,True,-0.011341040552832471,-1.3719526660861447,0.856665101869489,-29.0
v200_s6_p0,200,0.0,h2+3+4,1,1.601799241730814,1.6122202686395057,10.8126888750121,8.577460332948249,True,True,117.0,128.0,True,True,True,0.010421026908691733,-2.235228542063851,0.7932772719254488,11.0
v200_s6_p0,200,0.0,h2+3+4,2,1.6217730012950162,1.6330304389146117,12.88160299998708,8.106940250028856,True,True,111.0,156.0,True,True,True,0.011257437619595523,-4.774662749958225,0.6293425010875577,45.0
v200_s6_p0,200,0.0,h2+3+4,3,1.663409388280489,1.6658636503706155,9.675149417016655,7.9871436249814,True,True,167.0,157.0,True,True,True,0.0024542620901264467,-1.6880057920352556,0.8255318115225807,-10.0
v200_s6_p0,200,0.0,h2+3+4,4,1.6298564951519918,1.6326827289937766,10.438967083056923,8.266112417040858,True,True,139.0,133.0,True,True,True,0.00282623384178482,-2.1728546660160646,0.7918515645534758,-6.0
v200_s6_p10,200,0.1,h2,0,,2.5749399252080933,1.8708510829601437,1.0339095829986036,True,True,250.0,156.0,False,True,False,,-0.8369414999615401,0.5526413044926622,-94.0
v200_s6_p10,200,0.1,h2,1,2.511826388100651,2.495151922615843,2.064565082953777,1.0136790000251494,True,True,250.0,156.0,True,True,True,-0.016674465484807666,-1.0508860829286277,0.49098912327572497,-94.0
v200_s6_p10,200,0.1,h2,2,2.695365010476387,2.3506797608599626,2.0850797910243273,0.9759926249971613,True,True,250.0,156.0,True,True,True,-0.34468524961642455,-1.109087166027166,0.46808406527104174,-94.0
v200_s6_p10,200,0.1,h2,3,2.5137405401597848,2.2561527095544966,2.0963711249642074,0.9958215830265544,True,True,250.0,156.0,True,True,True,-0.2575878306052881,-1.100549541937653,0.4750216081341784,-94.0
v200_s6_p10,200,0.1,h2,4,2.582632175840792,2.4588292525101725,2.0141727500013076,0.9765844579669647,True,True,250.0,156.0,True,True,True,-0.12380292333061949,-1.0375882920343429,0.4848563550302876,-94.0
v200_s6_p10,200,0.1,h3,0,1.8988884470219543,1.8722690750998023,3.7408841669675894,2.187478874984663,True,True,250.0,156.0,True,True,True,-0.026619371922151913,-1.5534052919829264,0.5847491601852678,-94.0
v200_s6_p10,200,0.1,h3,1,1.9079740360164248,1.8601952937714767,3.6409735420020297,2.276476208004169,True,True,250.0,156.0,True,True,True,-0.04777874224494805,-1.3644973339978606,0.6252383275359984,-94.0
v200_s6_p10,200,0.1,h3,2,1.9846030420700638,1.9179017936617804,3.397436667000875,2.2512314170016907,True,True,250.0,156.0,True,True,True,-0.0667012484082834,-1.1462052499991842,0.6626264556651738,-94.0
v200_s6_p10,200,0.1,h3,3,2.0870121671909856,1.8391332113053507,3.483685333048925,2.217442207969725,True,True,250.0,156.0,True,True,True,-0.2478789558856349,-1.2662431250791997,0.6365219576330154,-94.0
v200_s6_p10,200,0.1,h3,4,2.051025097736484,1.8832756818703937,3.485521874972619,2.2594703750219196,True,True,250.0,156.0,True,True,True,-0.16774941586609016,-1.2260514999506995,0.6482444971141285,-94.0
v200_s6_p10,200,0.1,h4,0,1.9736291144404805,2.015827609668342,6.793253124982584,3.3227235410013236,True,True,155.0,114.0,True,True,True,0.04219849522786134,-3.4705295839812607,0.48912111471039027,-41.0
v200_s6_p10,200,0.1,h4,1,,1.908275149979476,6.625425542006269,3.4771601670072414,True,True,153.0,114.0,False,True,False,,-3.1482653749990277,0.5248206541544364,-39.0
v200_s6_p10,200,0.1,h4,2,1.9659227254394755,1.9329254683028727,6.928727291000541,3.4976734170340933,True,True,153.0,116.0,True,True,True,-0.03299725713660284,-3.431053873966448,0.5048074877441182,-37.0
v200_s6_p10,200,0.1,h4,3,2.0573892902602595,2.019720585954353,6.931223583000246,3.2581659159623086,True,True,137.0,125.0,True,True,True,-0.03766870430590652,-3.673057667037938,0.4700708146182727,-12.0
v200_s6_p10,200,0.1,h4,4,,2.0146561992829763,6.56300220801495,3.371889333007857,True,True,153.0,131.0,False,True,False,,-3.191112875007093,0.5137723904602679,-22.0
v200_s6_p10,200,0.1,h2+3,0,2.0232553167865714,1.8810879780859282,3.9095252080005594,2.102013583004009,True,True,250.0,156.0,True,True,True,-0.14216733870064324,-1.8075116249965504,0.5376646705595838,-94.0
v200_s6_p10,200,0.1,h2+3,1,1.931410177403336,1.8934307759696465,3.753398166038096,2.216979958990123,True,True,250.0,156.0,True,True,True,-0.03797940143368961,-1.5364182070479728,0.5906594133950513,-94.0
v200_s6_p10,200,0.1,h2+3,2,2.016991338486456,1.930224394147343,3.649335374997463,2.406830792024266,True,True,250.0,156.0,True,True,True,-0.08676694433911325,-1.242504582973197,0.659525788863935,-94.0
v200_s6_p10,200,0.1,h2+3,3,2.041337612398754,1.8444743991261523,3.6446519170422107,2.3004857499618083,True,True,250.0,156.0,True,True,True,-0.1968632132726016,-1.3441661670804024,0.6311949130738251,-94.0
v200_s6_p10,200,0.1,h2+3,4,1.9935092889565926,1.8524789791536342,3.8126415830338374,2.347228166006971,True,True,250.0,156.0,True,True,True,-0.1410303098029584,-1.4654134170268662,0.6156435413315743,-94.0
v200_s6_p10,200,0.1,h2+3+4,0,,1.96685454786441,8.061257875000592,3.9903235000092536,True,True,155.0,114.0,False,True,False,,-4.070934374991339,0.4950001056763068,-41.0
v200_s6_p10,200,0.1,h2+3+4,1,,1.9894666846037021,7.823237667034846,4.288983041013125,True,True,153.0,114.0,False,True,False,,-3.5342546260217205,0.5482363215278273,-39.0
v200_s6_p10,200,0.1,h2+3+4,2,,1.8949911422269572,8.076767417020164,4.072321916988585,True,True,153.0,116.0,False,True,False,,-4.004445500031579,0.5042019544114871,-37.0
v200_s6_p10,200,0.1,h2+3+4,3,2.004456304086182,1.9555353417855719,8.167389958980493,4.029420042003039,True,True,137.0,125.0,True,True,True,-0.04892096230060994,-4.137969916977454,0.4933546778395797,-12.0
v200_s6_p10,200,0.1,h2+3+4,4,2.2822322050190995,2.0213937665494695,7.761547375004739,4.167824333009776,True,True,153.0,131.0,True,True,True,-0.26083843846963006,-3.593723041994963,0.5369836878702594,-22.0
v200_s6_p30,200,0.3,h2,0,2.8913967549752,2.821125313880388,1.5543416669825092,0.3425505419727415,True,True,214.0,48.0,True,True,True,-0.0702714410948122,-1.2117911250097677,0.22038304013154666,-166.0
v200_s6_p30,200,0.3,h2,1,2.8318069441938025,2.968779543258958,1.6030132910236716,0.3611693329876289,True,True,214.0,48.0,True,True,True,0.13697259906515535,-1.2418439580360427,0.22530651181125827,-166.0
v200_s6_p30,200,0.3,h2,2,,2.927440400034831,1.5900401250110008,0.37731808301759884,True,True,214.0,48.0,False,True,False,,-1.212722041993402,0.23730098195791652,-166.0
v200_s6_p30,200,0.3,h2,3,2.7739406616434747,2.884981501929261,1.6516699999920093,0.3643687500152737,True,True,214.0,48.0,True,True,True,0.11104084028578631,-1.2873012499767356,0.2206062651843507,-166.0
v200_s6_p30,200,0.3,h2,4,3.177286885178778,2.9820118179722734,1.6973416249966249,0.35061145800864324,True,True,214.0,48.0,True,True,True,-0.19527506720650445,-1.3467301669879816,0.20656505022042362,-166.0
v200_s6_p30,200,0.3,h3,0,3.0679755165825275,2.616986518367837,1.6473103330354206,0.43607841699849814,True,True,214.0,48.0,True,True,True,-0.45098899821469063,-1.2112319160369225,0.26472147248354666,-166.0
v200_s6_p30,200,0.3,h3,1,2.8321654425627356,2.661905108077816,1.7146997500094585,0.43462504202034324,True,True,214.0,48.0,True,True,True,-0.17026033448491962,-1.2800747079891153,0.25347005621126717,-166.0
v200_s6_p30,200,0.3,h3,2,3.0570320664097204,2.674687727595802,1.7400210409541614,0.4577145000221208,True,True,214.0,48.0,True,True,True,-0.3823443388139185,-1.2823065409320407,0.2630511294111291,-166.0
v200_s6_p30,200,0.3,h3,3,2.828472205431699,2.842023506056606,1.7938442500308156,0.4744085839483887,True,True,214.0,48.0,True,True,True,0.013551300624907281,-1.319435666082427,0.26446475714947887,-166.0
v200_s6_p30,200,0.3,h3,4,2.957916894715731,2.6169865183678303,1.5736225419677794,0.48665804200572893,True,True,214.0,48.0,True,True,True,-0.3409303763479006,-1.0869644999620505,0.3092597042980676,-166.0
v200_s6_p30,200,0.3,h2+3,0,2.7706222177791,2.674687727595802,1.8775427080108784,0.4629688750137575,True,True,214.0,48.0,True,True,True,-0.09593449018329814,-1.414573832997121,0.2465823403315495,-166.0
v200_s6_p30,200,0.3,h2+3,1,3.2024345866321986,2.610578613091289,1.7977735840249807,0.5019677910022438,True,True,214.0,48.0,True,True,True,-0.5918559735409095,-1.295805793022737,0.2792163570889741,-166.0
v200_s6_p30,200,0.3,h2+3,2,3.0492749087520115,2.780638129151363,1.8726423750049435,0.4540567919611931,True,True,214.0,48.0,True,True,True,-0.26863677960064836,-1.4185855830437504,0.24246850227342231,-166.0
v200_s6_p30,200,0.3,h2+3,3,3.03003962814099,2.780638129151363,1.8280373340239748,0.46991729200817645,True,True,214.0,48.0,True,True,True,-0.2494014989896267,-1.3581200420157984,0.2570611022334916,-166.0
v200_s6_p30,200,0.3,h2+3,4,3.039634628872633,2.632824833829178,1.8449627080117352,0.46819662500638515,True,True,214.0,48.0,True,True,True,-0.40680979504345505,-1.37676608300535,0.25377023772526414,-166.0
v200_s6_p50,200,0.5,h2,0,3.1290073394799065,2.6895183566833456,1.627309209026862,0.39350195799488574,True,True,214.0,48.0,True,True,True,-0.4394889827965609,-1.2338072510319762,0.24181142453572277,-166.0
v200_s6_p50,200,0.5,h2,1,2.946429566589133,2.646946434776864,1.6846190830110572,0.3963572909706272,True,True,214.0,48.0,True,True,True,-0.29948313181226904,-1.28826179204043,0.2352800671485838,-166.0
v200_s6_p50,200,0.5,h2,2,2.852921397371477,3.23267794101326,1.6530233339872211,0.37883379199774936,True,True,214.0,48.0,True,True,True,0.37975654364178313,-1.2741895419894718,0.22917631240205952,-166.0
v200_s6_p50,200,0.5,h2,3,2.8724728362421867,2.62753319599168,1.6615805420442484,0.3619749159552157,True,True,214.0,48.0,True,True,True,-0.24493964025050685,-1.2996056260890327,0.21784975617846167,-166.0
v200_s6_p50,200,0.5,h2,4,2.955321778059171,2.921415093494651,1.6198135419981554,0.3350775000290014,True,True,214.0,48.0,True,True,True,-0.03390668456452017,-1.284736041969154,0.20686177226031793,-166.0
v200_s6_p50,200,0.5,h3,0,2.905075038000242,2.6619051080778307,1.7513744999887422,0.45805858296807855,True,True,214.0,48.0,True,True,True,-0.2431699299224115,-1.2933159170206636,0.26154233887213896,-166.0
v200_s6_p50,200,0.5,h3,1,2.788398249288836,2.661905108077816,1.6588790829991922,0.40640741697279736,True,True,214.0,48.0,True,True,True,-0.12649314121102018,-1.2524716660263948,0.24498917439963602,-166.0
v200_s6_p50,200,0.5,h3,2,3.177367124135682,2.650374303567551,1.6776215830468573,0.4771541249938309,True,True,214.0,48.0,True,True,True,-0.5269928205681311,-1.2004674580530263,0.28442297703826314,-166.0
v200_s6_p50,200,0.5,h3,3,2.828456498960286,2.780638129151363,1.680981958983466,0.4660741670522839,True,True,214.0,48.0,True,True,True,-0.047818369808922956,-1.2149077919311821,0.27726303935714525,-166.0
v200_s6_p50,200,0.5,h3,4,2.646314431253881,2.616467957384533,1.795518291008193,0.4532111670123413,True,True,214.0,48.0,True,True,True,-0.0298464738693478,-1.3423071239958517,0.2524124478608685,-166.0
v200_s6_p50,200,0.5,h2+3,0,3.074613102792373,2.6375688253176155,1.7760152079863474,0.46731108403764665,True,True,214.0,48.0,True,True,True,-0.4370442774747576,-1.3087041239487007,0.26312335724167907,-166.0
v200_s6_p50,200,0.5,h2+3,1,,2.780638129151363,1.6805516249733046,0.5044857920147479,True,True,214.0,48.0,False,True,False,,-1.1760658329585567,0.3001905948725387,-166.0
v200_s6_p50,200,0.5,h2+3,2,2.91951401904757,2.603215080061684,1.9329188329866156,0.5023383329971693,True,True,214.0,48.0,True,True,True,-0.3162989389858861,-1.4305804999894463,0.25988589092537845,-166.0
v200_s6_p50,200,0.5,h2+3,3,3.1431219834720756,2.6619051080778307,1.7386998750152998,0.49072112498106435,True,True,214.0,48.0,True,True,True,-0.48121687539424496,-1.2479787500342354,0.2822345201909825,-166.0
v200_s6_p50,200,0.5,h2+3,4,3.050797271137228,2.616467957384533,1.778124124975875,0.4833224999601953,True,True,214.0,48.0,True,True,True,-0.4343293137526949,-1.2948016250156797,0.27181595096278943,-166.0
v200_s7_p0,200,0.0,h2,0,1.9832528116296404,1.9712136979264552,2.7440959999803454,2.0124537089723162,True,True,278.0,240.0,True,True,True,-0.012039113703185222,-0.7316422910080291,0.7333758399803544,-38.0
v200_s7_p0,200,0.0,h2,1,1.9687817661905282,1.9833869576994947,2.8799444169853814,2.082675083016511,True,True,278.0,240.0,True,True,True,0.014605191508966442,-0.7972693339688703,0.7231650273294433,-38.0
v200_s7_p0,200,0.0,h2,2,1.9080646320731491,1.985772211117455,2.89797075005481,2.103291374980472,True,True,278.0,240.0,True,True,True,0.07770757904430581,-0.7946793750743382,0.725780746731378,-38.0
v200_s7_p0,200,0.0,h2,3,2.049405308111062,1.9892176864519175,2.6608073340030387,2.211401999986265,True,True,278.0,240.0,True,True,True,-0.0601876216591446,-0.44940533401677385,0.8311018884104366,-38.0
v200_s7_p0,200,0.0,h2,4,2.1043941775167276,2.058717861595523,2.7138719590147957,2.248328958055936,True,True,278.0,240.0,True,True,True,-0.04567631592120458,-0.4655430009588599,0.8284580083402815,-38.0
v200_s7_p0,200,0.0,h3,0,1.604815944276567,1.6187802983058937,6.145128374977503,4.559783125005197,True,True,278.0,240.0,True,True,True,0.013964354029326609,-1.5853452499723062,0.7420159265626228,-38.0
v200_s7_p0,200,0.0,h3,1,1.6113518616586358,1.627532116086707,6.408151625015307,4.635258874972351,True,True,278.0,240.0,True,True,True,0.01618025442807114,-1.7728927500429563,0.7233378899584447,-38.0
v200_s7_p0,200,0.0,h3,2,1.617823568862509,1.6236605567539621,6.420596583047882,4.712306166999042,True,True,278.0,240.0,True,True,True,0.005836987891453038,-1.7082904160488397,0.7339358743455101,-38.0
v200_s7_p0,200,0.0,h3,3,1.6107061554607,1.6029615385759985,6.304426582995802,4.7111179159837775,True,True,278.0,240.0,True,True,True,-0.007744616884701516,-1.5933086670120247,0.7472714376102862,-38.0
v200_s7_p0,200,0.0,h3,4,1.6244265510167892,1.5935764388123408,6.347021458961535,4.631343209010083,True,True,278.0,240.0,True,True,True,-0.030850112204448443,-1.715678249951452,0.7296876556909953,-38.0
v200_s7_p0,200,0.0,h4,0,1.6781289301289988,1.6339851700378103,7.809919167018961,6.867074833018705,True,True,167.0,160.0,True,True,True,-0.04414376009118848,-0.9428443340002559,0.8792760444971239,-7.0
v200_s7_p0,200,0.0,h4,1,1.6777438132494926,1.6428974463717234,8.493079709005542,6.710364583996125,True,True,177.0,160.0,True,True,True,-0.03484636687776921,-1.7827151250094175,0.7900979166462861,-17.0
v200_s7_p0,200,0.0,h4,2,1.710488324786561,1.6910272464299296,8.392289666982833,7.044859874993563,True,True,202.0,174.0,True,True,True,-0.019461078356631356,-1.3474297919892706,0.8394443178849791,-28.0
v200_s7_p0,200,0.0,h4,3,1.5851771739168132,1.6360599258286472,9.572797625034582,7.076455415983219,True,True,117.0,129.0,True,True,True,0.050882751911834,-2.496342209051363,0.7392254274212399,12.0
v200_s7_p0,200,0.0,h4,4,1.6610504514002407,1.6014783118924254,8.611065540986601,8.019000916974619,True,True,160.0,131.0,True,True,True,-0.05957213950781526,-0.5920646240119822,0.9312437443201544,-29.0
v200_s7_p0,200,0.0,h2+3,0,1.6292983360860263,1.603758470604421,6.295641458011232,4.584431791969109,True,True,278.0,240.0,True,True,True,-0.02553986548160525,-1.711209666042123,0.7281913721651666,-38.0
v200_s7_p0,200,0.0,h2+3,1,1.5934954538048791,1.629850099539101,6.517516374995466,4.809638875012752,True,True,278.0,240.0,True,True,True,0.03635464573422187,-1.7078774999827147,0.737955779208318,-38.0
v200_s7_p0,200,0.0,h2+3,2,1.6326286459082937,1.6218060627591073,6.633107292000204,4.847501125012059,True,True,278.0,240.0,True,True,True,-0.010822583149186382,-1.7856061669881456,0.7308039673741357,-38.0
v200_s7_p0,200,0.0,h2+3,3,1.6169473188663015,1.6070891983201552,6.4664054160239175,4.694369166973047,True,True,278.0,240.0,True,True,True,-0.00985812054614632,-1.7720362490508705,0.7259627049272661,-38.0
v200_s7_p0,200,0.0,h2+3,4,1.6080213985194303,1.616312784039705,6.403873625036795,4.729313416988589,True,True,278.0,240.0,True,True,True,0.008291385520274641,-1.6745602080482058,0.738508236405339,-38.0
v200_s7_p0,200,0.0,h2+3+4,0,1.6644511509740376,1.6304478657276833,9.371081750025041,8.071556166978553,True,True,167.0,160.0,True,True,True,-0.03400328524635432,-1.2995255830464885,0.8613259794641087,-7.0
v200_s7_p0,200,0.0,h2+3+4,1,1.6582301043007734,1.669844226727504,9.974728791974485,7.8933294170419686,True,True,177.0,160.0,True,True,True,0.011614122426730544,-2.0813993749325164,0.7913327351208608,-17.0
v200_s7_p0,200,0.0,h2+3+4,2,1.717885611594821,1.6837046704403191,9.963668915966991,8.232398958003614,True,True,202.0,174.0,True,True,True,-0.034180941154501765,-1.7312699579633772,0.8262417215420537,-28.0
v200_s7_p0,200,0.0,h2+3+4,3,1.60336268356866,1.636336303639174,10.595720415993128,7.975920666998718,True,True,117.0,129.0,True,True,True,0.032973620070513965,-2.61979974899441,0.7527492566678055,12.0
v200_s7_p0,200,0.0,h2+3+4,4,1.6573157317561584,1.6082262417308182,10.076195415982511,9.066325708001386,True,True,160.0,131.0,True,True,True,-0.04908949002534024,-1.0098697079811245,0.8997766849202523,-29.0
v200_s7_p10,200,0.1,h2,0,2.502302709472511,2.7405196274466253,2.0168929590145126,0.915824124997016,True,True,250.0,156.0,True,True,True,0.23821691797411404,-1.1010688340174966,0.4540767128487091,-94.0
v200_s7_p10,200,0.1,h2,1,2.1199813490894917,2.6130164787326513,2.068550417025108,1.019873958954122,True,True,250.0,156.0,True,True,True,0.49303512964315965,-1.048676458070986,0.49303799924821595,-94.0
v200_s7_p10,200,0.1,h2,2,3.2439773748994254,2.660647943706354,1.953450457949657,0.9822978749871254,True,True,250.0,156.0,True,True,True,-0.5833294311930715,-0.9711525829625316,0.5028527193969106,-94.0
v200_s7_p10,200,0.1,h2,3,2.321587346271173,2.222263073337288,2.182481000025291,1.0537976249470375,True,True,250.0,156.0,True,True,True,-0.09932427293388502,-1.1286833750782534,0.4828438941437868,-94.0
v200_s7_p10,200,0.1,h2,4,2.2885763519697533,2.3274331330504823,2.1943509170087054,1.0546350840013474,True,True,250.0,156.0,True,True,True,0.038856781080728986,-1.139715833007358,0.4806136866381447,-94.0
v200_s7_p10,200,0.1,h3,0,2.0350337781684495,1.8787282380293029,3.686933625023812,2.193324208026752,True,True,250.0,156.0,True,True,True,-0.15630554013914666,-1.4936094169970602,0.594891156472226,-94.0
v200_s7_p10,200,0.1,h3,1,2.0978346097870073,1.8840843633718094,3.599331666016951,2.2631815419881605,True,True,250.0,156.0,True,True,True,-0.2137502464151979,-1.3361501240287907,0.6287782710762565,-94.0
v200_s7_p10,200,0.1,h3,2,2.0092067910600693,1.8763130685703533,4.188745125022251,2.3237954590003937,True,True,250.0,156.0,True,True,True,-0.13289372248971598,-1.8649496660218574,0.5547712715005665,-94.0
v200_s7_p10,200,0.1,h3,3,1.9478876497344744,1.8409202391742268,3.915856082981918,2.2262404580251314,True,True,250.0,156.0,True,True,True,-0.10696741056024761,-1.6896156249567866,0.5685194784609788,-94.0
v200_s7_p10,200,0.1,h3,4,1.8913405999155275,1.889574149713689,3.8215782920015045,2.2984984579961747,True,True,250.0,156.0,True,True,True,-0.0017664502018384098,-1.5230798340053298,0.6014526675554158,-94.0
v200_s7_p10,200,0.1,h4,0,,2.042142763417281,6.3486903749872,3.168090084043797,True,True,158.0,130.0,False,True,False,,-3.180600290943403,0.499014741138669,-28.0
v200_s7_p10,200,0.1,h4,1,,1.9746783118866749,6.582350292010233,3.6667538749752566,True,True,146.0,126.0,False,True,False,,-2.915596417034976,0.5570584536386682,-20.0
v200_s7_p10,200,0.1,h4,2,2.0148812314199627,2.1010657954358045,7.09025012498023,3.3201807500445284,True,True,168.0,134.0,True,True,True,0.08618456401584185,-3.7700693749357015,0.4682741358230696,-34.0
v200_s7_p10,200,0.1,h4,3,1.9794407806170737,1.966334521760229,6.761223416018765,3.5418795829755254,True,True,138.0,106.0,True,True,True,-0.013106258856844688,-3.21934383304324,0.5238518778397508,-32.0
v200_s7_p10,200,0.1,h4,4,,2.0916253523783452,6.447945291991346,3.52288933302043,True,True,147.0,134.0,False,True,False,,-2.9250559589709155,0.5463584403230012,-13.0
v200_s7_p10,200,0.1,h2+3,0,2.044953396192514,1.9087075845275743,3.71638008300215,2.284198416979052,True,True,250.0,156.0,True,True,True,-0.13624581166493965,-1.432181666023098,0.614629926423952,-94.0
v200_s7_p10,200,0.1,h2+3,1,1.9472597074066746,1.9281536047410763,3.971432165999431,2.3255529590533115,True,True,250.0,156.0,True,True,True,-0.019106102665598312,-1.6458792069461197,0.5855703589659762,-94.0
v200_s7_p10,200,0.1,h2+3,2,1.997626815913892,1.858749913297598,3.7298879999434575,2.426430125022307,True,True,250.0,156.0,True,True,True,-0.13887690261629393,-1.3034578749211505,0.6505369933518352,-94.0
v200_s7_p10,200,0.1,h2+3,3,2.031066781466164,1.8982593295021915,3.854734875028953,2.314743291994091,True,True,250.0,156.0,True,True,True,-0.13280745196397237,-1.5399915830348618,0.600493514350116,-94.0
v200_s7_p10,200,0.1,h2+3,4,1.9526487963884,1.9341618419585933,3.953802958014421,2.330668875016272,True,True,250.0,156.0,True,True,True,-0.018486954429806746,-1.623134082998149,0.5894752216450163,-94.0
v200_s7_p10,200,0.1,h2+3+4,0,,1.9883232583244768,7.594396125001367,3.911474624997936,True,True,158.0,132.0,False,True,False,,-3.682921500003431,0.5150474850951012,-26.0
v200_s7_p10,200,0.1,h2+3+4,1,,2.0182383165723987,7.664781083003618,4.448532290989533,True,True,146.0,128.0,False,True,False,,-3.2162487920140848,0.5803860857623183,-18.0
v200_s7_p10,200,0.1,h2+3+4,2,,2.0479323216824503,8.167471916996874,4.0516928330180235,True,True,168.0,136.0,False,True,False,,-4.11577908397885,0.49607673882370745,-32.0
v200_s7_p10,200,0.1,h2+3+4,3,,1.9082219548286625,7.95314595894888,4.153239791980013,True,True,138.0,107.0,False,True,False,,-3.799906166968867,0.5222134503022402,-31.0
v200_s7_p10,200,0.1,h2+3+4,4,,2.095507803214189,7.837804584007245,4.358969833003357,True,True,147.0,136.0,False,True,False,,-3.4788347510038875,0.5561467865501108,-11.0
v200_s7_p30,200,0.3,h2,0,,3.3098366531416414,1.248830333002843,0.35174612497212365,True,True,216.0,54.0,False,True,False,,-0.8970842080307193,0.28166045913246,-162.0
v200_s7_p30,200,0.3,h2,1,3.2950337332146296,2.8077898214738197,1.3928929580142722,0.3999396250001155,True,True,216.0,54.0,True,True,True,-0.48724391174080983,-0.9929533330141567,0.28712875795586984,-162.0
v200_s7_p30,200,0.3,h2,2,3.3016840325937804,3.000803319895172,1.4326791249914095,0.35996912501286715,True,True,216.0,54.0,True,True,True,-0.3008807126986084,-1.0727099999785423,0.2512559293519584,-162.0
v200_s7_p30,200,0.3,h2,3,3.4050617963342726,2.86610579625081,1.3473244580090977,0.35015183401992545,True,True,216.0,54.0,True,True,True,-0.5389560000834628,-0.9971726239891723,0.2598867941114456,-162.0
v200_s7_p30,200,0.3,h2,4,,3.0290749767234426,1.2567982499604113,0.3572518340079114,True,True,216.0,54.0,False,True,False,,-0.8995464159525,0.28425551517052533,-162.0
v200_s7_p30,200,0.3,h3,0,3.052280337616963,2.8110492639203652,1.3743614580016583,0.4226541669922881,True,True,216.0,54.0,True,True,True,-0.2412310736965977,-0.9517072910093702,0.3075276627786357,-162.0
v200_s7_p30,200,0.3,h3,1,,2.7765787181818706,1.3114558340166695,0.47070425003767014,True,True,216.0,54.0,False,True,False,,-0.8407515839789994,0.358917348055876,-162.0
v200_s7_p30,200,0.3,h3,2,,2.8507604003822373,1.3487216249923222,0.4460879589896649,True,True,216.0,54.0,False,True,False,,-0.9026336660026573,0.33074872584785936,-162.0
v200_s7_p30,200,0.3,h3,3,,2.776995589299223,1.2859484580112621,0.48802133300341666,True,True,216.0,54.0,False,True,False,,-0.7979271250078455,0.3795030274838143,-162.0
v200_s7_p30,200,0.3,h3,4,,2.8938701001510796,1.3426424160134047,0.4634100839612074,True,True,216.0,54.0,False,True,False,,-0.8792323320521973,0.3451478058746066,-162.0
v200_s7_p30,200,0.3,h2+3,0,,2.8918917811264198,1.3749420829699375,0.4973258749814704,True,True,216.0,54.0,False,True,False,,-0.8776162079884671,0.36170678106471504,-162.0
v200_s7_p30,200,0.3,h2+3,1,3.149902039569803,2.8149054407019367,1.4358023750246502,0.5112551669590175,True,True,216.0,54.0,True,True,True,-0.33499659886786626,-0.9245472080656327,0.3560762789170342,-162.0
v200_s7_p30,200,0.3,h2+3,2,,2.8110492639203652,1.440783875004854,0.48586229200009257,True,True,216.0,54.0,False,True,False,,-0.9549215830047615,0.3372208007245054,-162.0
v200_s7_p30,200,0.3,h2+3,3,,2.8938701001510796,1.4720925830188207,0.48847179202130064,True,True,216.0,54.0,False,True,False,,-0.9836207909975201,0.33182137975288983,-162.0
v200_s7_p30,200,0.3,h2+3,4,,2.8880356043448496,1.4186785410274751,0.4965311250416562,True,True,216.0,54.0,False,True,False,,-0.922147415985819,0.3499955139111673,-162.0
v200_s7_p50,200,0.5,h2,0,,3.0276079205923323,1.2434693329851143,0.36050337500637397,True,True,216.0,54.0,False,True,False,,-0.8829659579787403,0.28991738311787507,-162.0
v200_s7_p50,200,0.5,h2,1,,2.7452190025962704,1.2751491659437306,0.35587458295049146,True,True,216.0,54.0,False,True,False,,-0.9192745829932392,0.2790846690372186,-162.0
v200_s7_p50,200,0.5,h2,2,3.4611572479872175,2.924664049858594,1.4097204999998212,0.3848515840363689,True,True,216.0,54.0,True,True,True,-0.5364931981286234,-1.0248689159634523,0.2729985015018351,-162.0
v200_s7_p50,200,0.5,h2,3,,2.7480088702001093,1.3157273330143653,0.37343462504213676,True,True,216.0,54.0,False,True,False,,-0.9422927079722285,0.2838237191490036,-162.0
v200_s7_p50,200,0.5,h2,4,,2.9571845943833375,1.2216570829623379,0.3434074579854496,True,True,216.0,54.0,False,True,False,,-0.8782496249768883,0.2810997151121469,-162.0
v200_s7_p50,200,0.5,h3,0,3.0885941604802944,2.8149054407019096,1.3991427919827402,0.44619333295850083,True,True,216.0,54.0,True,True,True,-0.2736887197783848,-0.9529494590242393,0.31890478621284646,-162.0
v200_s7_p50,200,0.5,h3,1,3.5395985082892456,2.8546165771638177,1.497329208010342,0.4587567910202779,True,True,216.0,54.0,True,True,True,-0.6849819311254279,-1.038572416990064,0.306383384873575,-162.0
v200_s7_p50,200,0.5,h3,2,,2.935136151257222,1.3691231249831617,0.4905865420005284,True,True,216.0,54.0,False,True,False,,-0.8785365829826333,0.3583217119399411,-162.0
v200_s7_p50,200,0.5,h3,3,,2.8176797581242052,1.3532440409762785,0.470211207983084,True,True,216.0,54.0,False,True,False,,-0.8830328329931945,0.3474696313045331,-162.0
v200_s7_p50,200,0.5,h3,4,3.320295964668098,2.9961493753413335,1.385224792000372,0.4672562920022756,True,True,216.0,54.0,True,True,True,-0.32414658932676454,-0.9179684999980964,0.3373144161876581,-162.0
v200_s7_p50,200,0.5,h2+3,0,3.47617738094742,2.8286930626843554,1.4475445830030367,0.4810958330053836,True,True,216.0,54.0,True,True,True,-0.6474843182630647,-0.9664487499976531,0.33235303330507115,-162.0
v200_s7_p50,200,0.5,h2+3,1,,2.8110492639203652,1.3824405000195839,0.4448807089938782,True,True,216.0,54.0,False,True,False,,-0.9375597910257056,0.32180821452176495,-162.0
v200_s7_p50,200,0.5,h2+3,2,3.0888462419238167,2.820447888843526,1.5233882500324398,0.5024006660096347,True,True,216.0,54.0,True,True,True,-0.2683983530802907,-1.020987584022805,0.3297916115599135,-162.0
v200_s7_p50,200,0.5,h2+3,3,2.8750691543707667,2.890020721050235,1.5303202090435661,0.4917630840209313,True,True,216.0,54.0,True,True,True,0.014951566679468176,-1.0385571250226349,0.32134652676924264,-162.0
v200_s7_p50,200,0.5,h2+3,4,2.890087136258378,3.020575131378413,1.5422032920178026,0.48947012500138953,True,True,216.0,54.0,True,True,True,0.13048799512003484,-1.052733167016413,0.3173836598163216,-162.0
v200_s8_p0,200,0.0,h2,0,1.9983806473248342,1.9502283331632537,2.778389957966283,2.222239749971777,True,True,278.0,240.0,True,True,True,-0.0481523141615805,-0.5561502079945058,0.7998300395522611,-38.0
v200_s8_p0,200,0.0,h2,1,2.1271712494878465,2.2478159775188336,2.681360582995694,2.06667012500111,True,True,278.0,240.0,True,True,True,0.12064472803098703,-0.614690457994584,0.77075427232997,-38.0
v200_s8_p0,200,0.0,h2,2,2.06624985161497,2.029351412160978,2.883900959044695,2.154089459043462,True,True,278.0,240.0,True,True,True,-0.03689843945399218,-0.7298115000012331,0.7469360042645201,-38.0
v200_s8_p0,200,0.0,h2,3,1.9472024490313056,2.0070470233622864,2.986112333019264,2.158759541984182,True,True,278.0,240.0,True,True,True,0.05984457433098078,-0.8273527910350822,0.7229331321911309,-38.0
v200_s8_p0,200,0.0,h2,4,2.0465565653223057,2.1810637544847933,2.9216445829952136,2.1023952499963343,True,True,278.0,240.0,True,True,True,0.1345071891624876,-0.8192493329988793,0.7195930888489521,-38.0
v200_s8_p0,200,0.0,h3,0,1.624466820596402,1.6191923797363392,6.261297999997623,4.565929583040997,True,True,278.0,240.0,True,True,True,-0.005274440860062679,-1.6953684169566259,0.7292305178643039,-38.0
v200_s8_p0,200,0.0,h3,1,1.616839977624981,1.6321512318846043,6.278620249999221,4.53998404101003,True,True,278.0,240.0,True,True,True,0.015311254259623208,-1.7386362089891918,0.7230862610317279,-38.0
v200_s8_p0,200,0.0,h3,2,1.6235863686852523,1.6172741779167432,6.471180374966934,4.647924583987333,True,True,278.0,240.0,True,True,True,-0.006312190768509085,-1.8232557909796014,0.7182498886860471,-38.0
v200_s8_p0,200,0.0,h3,3,1.6449692480912674,1.6410553748456076,6.218713708047289,4.577580459008459,True,True,278.0,240.0,True,True,True,-0.003913873245659838,-1.6411332490388304,0.7360976359282898,-38.0
v200_s8_p0,200,0.0,h3,4,1.6232314349463497,1.6417136942014905,6.369923166988883,4.6771069160313345,True,True,278.0,240.0,True,True,True,0.018482259255140798,-1.6928162509575486,0.7342485605273388,-38.0
v200_s8_p0,200,0.0,h4,0,1.6681056903625535,1.729372910762421,8.124558624986093,6.61022954096552,True,True,167.0,162.0,True,True,True,0.06126722039986743,-1.5143290840205736,0.8136109105836915,-5.0
v200_s8_p0,200,0.0,h4,1,1.6344337668978521,1.6518974706090417,10.198532917012926,6.839709417021368,True,True,121.0,152.0,True,True,True,0.01746370371118955,-3.3588234999915585,0.6706562083661605,31.0
v200_s8_p0,200,0.0,h4,2,1.6352248488083447,1.6501471613929715,8.424311541952193,7.000031624978874,True,True,154.0,153.0,True,True,True,0.014922312584626729,-1.424279916973319,0.8309321883597783,-1.0
v200_s8_p0,200,0.0,h4,3,1.591128349375398,1.616324447014056,9.81487520801602,7.798414291988593,True,True,117.0,119.0,True,True,True,0.025196097638658044,-2.0164609160274267,0.7945505293454429,2.0
v200_s8_p0,200,0.0,h4,4,1.7261023511795748,1.6652715598792562,8.117838750011288,6.5552774999523535,True,True,180.0,154.0,True,True,True,-0.06083079130031854,-1.562561250058934,0.8075151160083389,-26.0
v200_s8_p0,200,0.0,h2+3,0,1.6253960307156718,1.6071038221463503,6.335356791969389,4.655094041954726,True,True,278.0,240.0,True,True,True,-0.018292208569321566,-1.6802627500146627,0.734780091289485,-38.0
v200_s8_p0,200,0.0,h2+3,1,1.6116901442680467,1.6266007441096089,6.599480458011385,4.669347832968924,True,True,278.0,240.0,True,True,True,0.014910599841562178,-1.9301326250424609,0.7075326402854346,-38.0
v200_s8_p0,200,0.0,h2+3,2,1.61678657149726,1.620617371150976,6.575544457999058,4.782892625022214,True,True,278.0,240.0,True,True,True,0.0038307996537159106,-1.7926518329768442,0.7273759086525362,-38.0
v200_s8_p0,200,0.0,h2+3,3,1.6124744979847814,1.6161797158688584,6.508754041045904,4.74600508302683,True,True,278.0,240.0,True,True,True,0.003705217884077072,-1.762748958019074,0.7291725963367615,-38.0
v200_s8_p0,200,0.0,h2+3,4,1.6327694708622398,1.6405036974071112,6.454282374994364,4.726850125007331,True,True,278.0,240.0,True,True,True,0.0077342265448714365,-1.7274322499870323,0.7323587426729931,-38.0
v200_s8_p0,200,0.0,h2+3+4,0,1.665031548923204,1.6525271936382604,9.699480500014033,7.850134542037267,True,True,167.0,162.0,True,True,True,-0.012504355284943536,-1.849345957976766,0.8093355661703645,-5.0
v200_s8_p0,200,0.0,h2+3+4,1,1.62498400099692,1.6496521229374201,11.269575915997848,8.091615625016857,True,True,121.0,152.0,True,True,True,0.024668121940500054,-3.177960290980991,0.7180053344802724,31.0
v200_s8_p0,200,0.0,h2+3+4,2,1.6304497416990298,1.6609869780079751,9.88782916701166,8.248184625001159,True,True,154.0,153.0,True,True,True,0.030537236308945337,-1.639644542010501,0.8341754783263472,-1.0
v200_s8_p0,200,0.0,h2+3+4,3,1.6198898009378366,1.6351109722768415,11.318942208017688,9.035109041025862,True,True,117.0,119.0,True,True,True,0.015221171339004913,-2.283833166991826,0.7982290990606798,2.0
v200_s8_p0,200,0.0,h2+3+4,4,1.7121535314866976,1.6641001448682553,9.564891540969256,8.030915207986254,True,True,180.0,154.0,True,True,True,-0.04805338661844227,-1.533976332983002,0.8396242836196806,-26.0
v200_s8_p10,200,0.1,h2,0,2.887739191307616,2.348851692332352,1.9025834170170128,1.056336666981224,True,True,250.0,156.0,True,True,True,-0.5388874989752637,-0.8462467500357889,0.5552117492106672,-94.0
v200_s8_p10,200,0.1,h2,1,2.4329408203941,2.2840920894881966,2.0393922090297565,1.1445297499885783,True,True,250.0,156.0,True,True,True,-0.14884873090590345,-0.8948624590411782,0.5612112005336579,-94.0
v200_s8_p10,200,0.1,h2,2,2.3676048718556575,2.508996208211402,2.0345418750075623,1.0562141250120476,True,True,250.0,156.0,True,True,True,0.14139133635574463,-0.9783277499955148,0.5191410105570433,-94.0
v200_s8_p10,200,0.1,h2,3,2.5191638273069907,2.2697908780831977,2.0265170840430073,1.0193812500219792,True,True,250.0,156.0,True,True,True,-0.24937294922379305,-1.0071358340210281,0.5030212960199972,-94.0
v200_s8_p10,200,0.1,h2,4,,2.3038915178999613,1.9533830000436865,1.0569287919788621,True,True,250.0,156.0,False,True,False,,-0.8964542080648243,0.5410760674968629,-94.0
v200_s8_p10,200,0.1,h3,0,2.1156475643261974,1.89801906703221,2.838613915955648,2.1295816670171916,True,True,250.0,156.0,True,True,True,-0.21762849729398748,-0.7090322489384562,0.7502188497868498,-94.0
v200_s8_p10,200,0.1,h3,1,2.075815944709436,1.9265738219180144,3.076800875016488,2.196221624966711,True,True,250.0,156.0,True,True,True,-0.14924212279142157,-0.8805792500497773,0.7138003771384593,-94.0
v200_s8_p10,200,0.1,h3,2,1.9435376691743993,1.9427593908782688,2.9582105410518125,2.1580732080037706,True,True,250.0,156.0,True,True,True,-0.0007782782961305301,-0.8001373330480419,0.7295198154612932,-94.0
v200_s8_p10,200,0.1,h3,3,2.0908705019478337,1.9015690973526453,2.9259618330397643,2.145524833991658,True,True,250.0,156.0,True,True,True,-0.1893014045951884,-0.7804369990481064,0.7332716407181172,-94.0
v200_s8_p10,200,0.1,h3,4,2.0235654189991994,1.9908980910821168,3.0246432080166414,2.1351379589759745,True,True,250.0,156.0,True,True,True,-0.0326673279170826,-0.889505249040667,0.7059139912161921,-94.0
v200_s8_p10,200,0.1,h4,0,2.1071449836427387,2.128890684391705,6.54409595800098,3.1221183330053464,True,True,147.0,132.0,True,True,True,0.02174570074896609,-3.421977624995634,0.47708932647727514,-15.0
v200_s8_p10,200,0.1,h4,1,2.0630551313588588,1.8846302262518109,6.522140499961097,3.620995541976299,True,True,148.0,109.0,True,True,True,-0.1784249051070479,-2.9011449579847977,0.5551851484950221,-39.0
v200_s8_p10,200,0.1,h4,2,,2.0128350258214374,6.434537332970649,3.5176066659623757,True,True,147.0,141.0,False,True,False,,-2.9169306670082733,0.546675927721814,-6.0
v200_s8_p10,200,0.1,h4,3,,1.9837744647529127,6.445041708997451,3.7725088329752907,True,True,169.0,95.0,False,True,False,,-2.67253287602216,0.585335053411488,-74.0
v200_s8_p10,200,0.1,h4,4,2.023064460782046,2.080520743609254,6.674106957972981,3.166619665978942,True,True,142.0,140.0,True,True,True,0.05745628282720805,-3.507487291994039,0.47446342797908775,-2.0
v200_s8_p10,200,0.1,h2+3,0,2.0295845094700544,1.8908762815351001,3.057933083968237,2.247773333976511,True,True,250.0,156.0,True,True,True,-0.1387082279349543,-0.8101597499917261,0.7350629566620885,-94.0
v200_s8_p10,200,0.1,h2+3,1,2.117881337144715,1.952968479893772,3.065061292028986,2.1737817079992965,True,True,250.0,156.0,True,True,True,-0.16491285725094285,-0.8912795840296894,0.7092131285114736,-94.0
v200_s8_p10,200,0.1,h2+3,2,2.0393385884451827,1.873108924646065,3.0185716249980032,2.293904834019486,True,True,250.0,156.0,True,True,True,-0.16622966379911763,-0.7246667909785174,0.7599305628605063,-94.0
v200_s8_p10,200,0.1,h2+3,3,2.1121558307530632,1.889135303300333,3.1060115000000224,2.3207098750281148,True,True,250.0,156.0,True,True,True,-0.22302052745273016,-0.7853016249719076,0.7471671869302796,-94.0
v200_s8_p10,200,0.1,h2+3,4,1.94112109727515,1.8903857397480337,3.119423875003122,2.2488897499861196,True,True,250.0,156.0,True,True,True,-0.05073535752711633,-0.8705341250170022,0.7209311206492798,-94.0
v200_s8_p10,200,0.1,h2+3+4,0,2.2471812877423583,2.0576743849629775,7.534379000018816,3.9118636670173146,True,True,147.0,132.0,True,True,True,-0.18950690277938076,-3.622515333001502,0.5192018701219496,-15.0
v200_s8_p10,200,0.1,h2+3+4,1,2.0836160003823574,1.905010259898243,7.725216249993537,4.487840417015832,True,True,148.0,109.0,True,True,True,-0.17860574048411437,-3.2373758329777047,0.5809339534048107,-39.0
v200_s8_p10,200,0.1,h2+3+4,2,,1.9302105011568775,7.556632291991264,4.237084624997806,True,True,147.0,141.0,False,True,False,,-3.319547666993458,0.5607107056788233,-6.0
v200_s8_p10,200,0.1,h2+3+4,3,2.032509657243975,1.935500771586375,7.822874375036918,4.417409624962602,True,True,169.0,95.0,True,True,True,-0.09700888565759991,-3.405464750074316,0.5646785840072698,-74.0
v200_s8_p10,200,0.1,h2+3+4,4,1.9253179003023944,2.071114051492671,7.776400541013572,4.050988083006814,True,True,142.0,140.0,True,True,True,0.14579615119027678,-3.7254124580067582,0.5209335683831443,-2.0
v200_s8_p30,200,0.3,h2,0,,2.6837708393906774,1.2695604169857688,0.35894041700521484,True,True,216.0,54.0,False,True,False,,-0.910619999980554,0.2827281098267247,-162.0
v200_s8_p30,200,0.3,h2,1,,2.6824146383938228,1.3036886249901727,0.34202195797115564,True,True,216.0,54.0,False,True,False,,-0.961666667019017,0.262349422565326,-162.0
v200_s8_p30,200,0.3,h2,2,2.8849274972141643,2.5946226627760454,1.3513509589829482,0.393899374990724,True,True,216.0,54.0,True,True,True,-0.29030483443811894,-0.9574515839922242,0.2914856221267494,-162.0
v200_s8_p30,200,0.3,h2,3,,2.817189242298003,1.3134330839966424,0.34177570801693946,True,True,216.0,54.0,False,True,False,,-0.9716573759797029,0.26021554670828834,-162.0
v200_s8_p30,200,0.3,h2,4,,2.8303619298240905,1.2686813339823857,0.3190952500444837,True,True,216.0,54.0,False,True,False,,-0.949586083937902,0.251517257720538,-162.0
v200_s8_p30,200,0.3,h3,0,,2.5044648556131395,1.284986749989912,0.43384774995502084,True,True,216.0,54.0,False,True,False,,-0.8511390000348911,0.3376281895190179,-162.0
v200_s8_p30,200,0.3,h3,1,,2.430691675903559,1.3613880409975536,0.45275441696867347,True,True,216.0,54.0,False,True,False,,-0.9086336240288801,0.33256823428309157,-162.0
v200_s8_p30,200,0.3,h3,2,,2.665441598085408,1.383170416986104,0.4416513749747537,True,True,216.0,54.0,False,True,False,,-0.9415190420113504,0.31930365886302114,-162.0
v200_s8_p30,200,0.3,h3,3,,2.5044648556131395,1.3916479999898002,0.4640624579624273,True,True,216.0,54.0,False,True,False,,-0.9275855420273729,0.33346252641891383,-162.0
v200_s8_p30,200,0.3,h3,4,,2.6017090001898473,1.2936996250064112,0.44223008304834366,True,True,216.0,54.0,False,True,False,,-0.8514695419580676,0.3418336640904198,-162.0
v200_s8_p30,200,0.3,h2+3,0,3.3850116426823615,2.62995340718075,1.506882209039759,0.5259126250166446,True,True,216.0,54.0,True,True,True,-0.7550582355016116,-0.9809695840231143,0.34900712335821893,-162.0
v200_s8_p30,200,0.3,h2+3,1,,2.66544159808551,1.470343958993908,0.4606008749688044,True,True,216.0,54.0,False,True,False,,-1.0097430840251036,0.313260630039228,-162.0
v200_s8_p30,200,0.3,h2+3,2,,2.629953407180645,1.4677491249749437,0.49354075000155717,True,True,216.0,54.0,False,True,False,,-0.9742083749733865,0.3362568858693631,-162.0
v200_s8_p30,200,0.3,h2+3,3,,2.629953407180645,1.4761934999842197,0.4408033330109902,True,True,216.0,54.0,False,True,False,,-1.0353901669732295,0.29860809779727543,-162.0
v200_s8_p30,200,0.3,h2+3,4,,2.646245266164593,1.5052824160084128,0.4831878330442123,True,True,216.0,54.0,False,True,False,,-1.0220945829642005,0.32099480330441316,-162.0
v200_s8_p50,200,0.5,h2,0,,2.830501044681637,1.3662687910255045,0.38761095801601186,True,True,216.0,54.0,False,True,False,,-0.9786578330094926,0.28370036742556043,-162.0
v200_s8_p50,200,0.5,h2,1,,2.6652380044307433,1.2777662090375088,0.3804057079833001,True,True,216.0,54.0,False,True,False,,-0.8973605010542087,0.2977115103629519,-162.0
v200_s8_p50,200,0.5,h2,2,,2.438426550853806,1.3222270410042256,0.36288387497188523,True,True,216.0,54.0,False,True,False,,-0.9593431660323404,0.27444898925700123,-162.0
v200_s8_p50,200,0.5,h2,3,,2.7413065734177344,1.2568983329692855,0.3442959579988383,True,True,216.0,54.0,False,True,False,,-0.9126023749704473,0.2739250653515281,-162.0
v200_s8_p50,200,0.5,h2,4,,2.6202628311744958,1.3645505420281552,0.37758541596122086,True,True,216.0,54.0,False,True,False,,-0.9869651260669343,0.2767104657039739,-162.0
v200_s8_p50,200,0.5,h3,0,,2.561145331086175,1.4572209169855341,0.4282984579913318,True,True,216.0,54.0,False,True,False,,-1.0289224589942023,0.29391456916314873,-162.0
v200_s8_p50,200,0.5,h3,1,,2.5044648556130786,1.4130269170273095,0.43313708301866427,True,True,216.0,54.0,False,True,False,,-0.9798898340086453,0.30653137445526313,-162.0
v200_s8_p50,200,0.5,h3,2,,2.5394508856276103,1.393808541004546,0.44116937497165054,True,True,216.0,54.0,False,True,False,,-0.9526391660328954,0.3165207860282524,-162.0
v200_s8_p50,200,0.5,h3,3,,2.5394508856275784,1.3321706659626216,0.42814350000116974,True,True,216.0,54.0,False,True,False,,-0.9040271659614518,0.32138787539792796,-162.0
v200_s8_p50,200,0.5,h3,4,,2.5044648556131395,1.3203976660151966,0.46484924998367205,True,True,216.0,54.0,False,True,False,,-0.8555484160315245,0.3520524626391774,-162.0
v200_s8_p50,200,0.5,h2+3,0,2.98789935601227,2.5044648556130786,1.5030049579800107,0.4911023330059834,True,True,216.0,54.0,True,True,True,-0.48343450039919134,-1.0119026249740273,0.32674698137124497,-162.0
v200_s8_p50,200,0.5,h2+3,1,,2.430691675903559,1.4530969579936936,0.4740365829784423,True,True,216.0,54.0,False,True,False,,-0.9790603750152513,0.32622501917074387,-162.0
v200_s8_p50,200,0.5,h2+3,2,,2.5541383946047356,1.566061541030649,0.4844539999612607,True,True,216.0,54.0,False,True,False,,-1.0816075410693884,0.30934544222472515,-162.0
v200_s8_p50,200,0.5,h2+3,3,,2.4469835348874582,1.4656362080131657,0.49135129095520824,True,True,216.0,54.0,False,True,False,,-0.9742849170579575,0.33524778404682704,-162.0
v200_s8_p50,200,0.5,h2+3,4,,2.566399876586545,1.4748108749627136,0.4804839999997057,True,True,216.0,54.0,False,True,False,,-0.9943268749630079,0.32579363778549125,-162.0
v200_s9_p0,200,0.0,h2,0,1.9440930619208119,1.9042183634665621,2.954973166983109,2.155531207972672,True,True,278.0,240.0,True,True,True,-0.039874698454249735,-0.7994419590104371,0.729458809324272,-38.0
v200_s9_p0,200,0.0,h2,1,1.9370814831742713,2.089854478590033,2.7101632909616455,2.1276853749877773,True,True,278.0,240.0,True,True,True,0.1527729954157615,-0.5824779159738682,0.785076449852146,-38.0
v200_s9_p0,200,0.0,h2,2,2.0047216169795155,2.1867514340045995,2.740880375029519,2.1082594580366276,True,True,278.0,240.0,True,True,True,0.18202981702508403,-0.6326209169928916,0.7691906138055813,-38.0
v200_s9_p0,200,0.0,h2,3,2.0787828421399293,1.9951878621557635,2.7673120829858817,2.0902980000246316,True,True,278.0,240.0,True,True,True,-0.08359497998416576,-0.6770140829612501,0.7553531865366035,-38.0
v200_s9_p0,200,0.0,h2,4,1.8986145242514505,1.9888457511437847,2.8120688749477267,2.011348749976605,True,True,278.0,240.0,True,True,True,0.0902312268923342,-0.8007201249711215,0.7152558630037089,-38.0
v200_s9_p0,200,0.0,h3,0,1.6188130534578902,1.6485683187438553,6.184386207954958,4.604852457996458,True,True,278.0,240.0,True,True,True,0.02975526528596517,-1.5795337499585003,0.7445932875397157,-38.0
v200_s9_p0,200,0.0,h3,1,1.6171496245059547,1.6043915397422652,6.351841082971077,4.567339791043196,True,True,278.0,240.0,True,True,True,-0.012758084763689448,-1.7845012919278815,0.7190576293364727,-38.0
v200_s9_p0,200,0.0,h3,2,1.6192131572630133,1.6244552405962773,6.375588207971305,4.626078957982827,True,True,278.0,240.0,True,True,True,0.005242083333264036,-1.7495092499884777,0.7255924954812653,-38.0
v200_s9_p0,200,0.0,h3,3,1.603461199195569,1.6087075134878521,6.4769919159589335,4.703989791974891,True,True,278.0,240.0,True,True,True,0.005246314292283172,-1.7730021239840426,0.7262614888223856,-38.0
v200_s9_p0,200,0.0,h3,4,1.608819542336012,1.6307458053447055,6.377068958012387,4.629827541997656,True,True,278.0,240.0,True,True,True,0.02192626300869338,-1.747241416014731,0.7260118359204143,-38.0
v200_s9_p0,200,0.0,h4,0,1.6688968920860248,1.641095537229657,8.308699125016574,7.156522999983281,True,True,169.0,149.0,True,True,True,-0.02780135485636781,-1.152176125033293,0.8613289387788495,-20.0
v200_s9_p0,200,0.0,h4,1,1.6392999737069778,1.6279020781964577,9.371164416021202,6.913584791996982,True,True,159.0,133.0,True,True,True,-0.011397895510520062,-2.45757962402422,0.7377508797281719,-26.0
v200_s9_p0,200,0.0,h4,2,1.653153278872432,1.643760828607034,8.599270040984266,7.160756541998126,True,True,190.0,137.0,True,True,True,-0.009392450265397922,-1.43851349898614,0.8327167896658484,-53.0
v200_s9_p0,200,0.0,h4,3,1.6205207701904432,1.6559156657350493,8.937630582950078,6.7026246250025,True,True,160.0,149.0,True,True,True,0.035394895544606175,-2.2350059579475783,0.7499330569545803,-11.0
v200_s9_p0,200,0.0,h4,4,1.587813988647479,1.6426780534317524,9.154739832971245,7.411265333998017,True,True,117.0,146.0,True,True,True,0.054864064784273525,-1.743474498973228,0.809554992191693,29.0
v200_s9_p0,200,0.0,h2+3,0,1.6270345533720625,1.6271230426040393,6.375935833028052,4.658096333965659,True,True,278.0,240.0,True,True,True,8.848923197679603e-05,-1.7178394990623929,0.7305745314807288,-38.0
v200_s9_p0,200,0.0,h2+3,1,1.6212541499056794,1.6089592827160308,6.37912854203023,4.77988429099787,True,True,278.0,240.0,True,True,True,-0.012294867189648562,-1.59924425103236,0.7493005133075148,-38.0
v200_s9_p0,200,0.0,h2+3,2,1.6372952335355069,1.61630254232333,6.470856791944243,4.836295292014256,True,True,278.0,240.0,True,True,True,-0.02099269121217695,-1.634561499929987,0.7473964341221552,-38.0
v200_s9_p0,200,0.0,h2+3,3,1.6247582888641143,1.6288631161729565,6.452337083988823,4.665060332976282,True,True,278.0,240.0,True,True,True,0.004104827308842207,-1.7872767510125414,0.7230031959353788,-38.0
v200_s9_p0,200,0.0,h2+3,4,1.6236890886395388,1.575476051235377,6.526824042026419,4.783356709056534,True,True,278.0,240.0,True,True,True,-0.04821303740416183,-1.7434673329698853,0.7328766147603113,-38.0
v200_s9_p0,200,0.0,h2+3+4,0,1.6491417304964096,1.646007200355984,9.683917583024595,8.538459250004962,True,True,169.0,149.0,True,True,True,-0.003134530140425529,-1.1454583330196328,0.8817153984222705,-20.0
v200_s9_p0,200,0.0,h2+3+4,1,1.667282421426642,1.6458191343609414,10.241884500021115,8.153171041980386,True,True,159.0,133.0,True,True,True,-0.021463287065700554,-2.088713458040729,0.7960616077991874,-26.0
v200_s9_p0,200,0.0,h2+3+4,2,1.6878113849192107,1.6655258043045402,10.011375083995517,8.738080250041094,True,True,190.0,137.0,True,True,True,-0.022285580614670453,-1.2732948339544237,0.8728151903937801,-53.0
v200_s9_p0,200,0.0,h2+3+4,3,1.6433914948209871,1.6328713815154634,10.138675958034582,7.751644624979235,True,True,160.0,149.0,True,True,True,-0.010520113305523715,-2.387031333055347,0.7645618280990922,-11.0
v200_s9_p0,200,0.0,h2+3+4,4,1.6010477562465169,1.6472885695320456,10.690901834052056,8.583566791960038,True,True,117.0,146.0,True,True,True,0.04624081328552876,-2.107335042092018,0.8028851938963789,29.0
v200_s9_p10,200,0.1,h2,0,2.5260181527082897,2.3509959943445566,2.1793194159981795,0.9797308330307715,True,True,250.0,156.0,True,True,True,-0.17502215836373303,-1.199588582967408,0.4495581629010687,-94.0
v200_s9_p10,200,0.1,h2,1,2.417189796922462,2.3037887590280763,2.198525540996343,1.036147582984995,True,True,250.0,156.0,True,True,True,-0.11340103789438549,-1.1623779580113478,0.47129203807904213,-94.0
v200_s9_p10,200,0.1,h2,2,2.3267338388483005,2.4644233148067114,2.1259747089934535,1.0553211669903249,True,True,250.0,156.0,True,True,True,0.13768947595841086,-1.0706535420031287,0.4963940363570781,-94.0
v200_s9_p10,200,0.1,h2,3,2.6204778982139816,2.5017149987488754,2.0880223750136793,1.028475042025093,True,True,250.0,156.0,True,True,True,-0.11876289946510621,-1.0595473329885863,0.49255939703153573,-94.0
v200_s9_p10,200,0.1,h2,4,2.5123335896014893,2.7653719452251146,2.142012541007716,0.9642415419803001,True,True,250.0,156.0,True,True,True,0.2530383556236253,-1.177770999027416,0.4501568144538826,-94.0
v200_s9_p10,200,0.1,h3,0,1.9706296651936497,1.9213538697080124,3.620168792025652,2.2185251660412177,True,True,250.0,156.0,True,True,True,-0.04927579548563732,-1.401643625984434,0.6128236812957691,-94.0
v200_s9_p10,200,0.1,h3,1,1.9083732065791783,1.8823161328366875,4.290931915980764,2.180674833012745,True,True,250.0,156.0,True,True,True,-0.026057073742490777,-2.110257082968019,0.5082054145140905,-94.0
v200_s9_p10,200,0.1,h3,2,1.9129376075264222,1.911022324738515,3.777643665962387,2.267314416996669,True,True,250.0,156.0,True,True,True,-0.001915282787907202,-1.5103292489657179,0.6001927702778846,-94.0
v200_s9_p10,200,0.1,h3,3,1.9601900905564336,1.903786834267568,4.096744125010446,2.217881916963961,True,True,250.0,156.0,True,True,True,-0.056403256288865666,-1.8788622080464847,0.5413767248542294,-94.0
v200_s9_p10,200,0.1,h3,4,1.9908569716614128,1.925813170135552,3.8126792919938453,2.2566709580132738,True,True,250.0,156.0,True,True,True,-0.06504380152586076,-1.5560083339805715,0.5918858590472069,-94.0
v200_s9_p10,200,0.1,h4,0,2.085858829958178,1.9987770564457255,6.529557249974459,3.712507249962073,True,True,117.0,105.0,True,True,True,-0.08708177351245272,-2.8170500000123866,0.5685695228381058,-12.0
v200_s9_p10,200,0.1,h4,1,2.1251878978811276,2.0805373789077914,6.80707804200938,3.6773468750179745,True,True,117.0,105.0,True,True,True,-0.04465051897333616,-3.129731166991405,0.5402239921921711,-12.0
v200_s9_p10,200,0.1,h4,2,2.0317172713937124,2.0472300715925056,6.864680333994329,3.4126160420128144,True,True,117.0,105.0,True,True,True,0.015512800198793197,-3.4520642919815145,0.4971267234562001,-12.0
v200_s9_p10,200,0.1,h4,3,2.048138515685581,1.9450682549002274,7.1337190410122275,3.7668829160393216,True,True,101.0,102.0,True,True,True,-0.10307026078535375,-3.366836124972906,0.5280391468157436,1.0
v200_s9_p10,200,0.1,h4,4,2.029690027356478,1.9770821524984141,7.05691470799502,3.5384175829822198,True,True,101.0,100.0,True,True,True,-0.05260787485806384,-3.5184971250128,0.5014114141089767,-1.0
v200_s9_p10,200,0.1,h2+3,0,1.9771651071832614,1.867806809262533,3.7885698750033043,2.297329791006632,True,True,250.0,156.0,True,True,True,-0.10935829792072838,-1.4912400839966722,0.6063844318047924,-94.0
v200_s9_p10,200,0.1,h2+3,1,1.9909558622384558,1.9015882948171414,3.959892500017304,2.289839040953666,True,True,250.0,156.0,True,True,True,-0.08936756742131435,-1.670053459063638,0.5782578797135679,-94.0
v200_s9_p10,200,0.1,h2+3,2,1.950259500708126,1.8339231148763278,4.010675541008823,2.3890962909790687,True,True,250.0,156.0,True,True,True,-0.11633638583179828,-1.621579250029754,0.5956842598087925,-94.0
v200_s9_p10,200,0.1,h2+3,3,1.9456208765927965,1.8764280986054773,3.857664333016146,2.275064208020922,True,True,250.0,156.0,True,True,True,-0.06919277798731915,-1.5826001249952242,0.5897517284097511,-94.0
v200_s9_p10,200,0.1,h2+3,4,1.9169304876933018,1.9597296086582074,4.321841000055429,2.35950566601241,True,True,250.0,156.0,True,True,True,0.04279912096490568,-1.9623353340430185,0.5459492068269399,-94.0
v200_s9_p10,200,0.1,h2+3+4,0,2.0312115485471134,1.979506720967308,7.786835250037257,4.453759208961856,True,True,117.0,105.0,True,True,True,-0.051704827579805324,-3.333076041075401,0.5719601180647229,-12.0
v200_s9_p10,200,0.1,h2+3+4,1,2.071179045027136,1.9668650168890256,7.616898000007495,4.282690124993678,True,True,117.0,105.0,True,True,True,-0.10431402813811053,-3.334207875013817,0.5622617140192062,-12.0
v200_s9_p10,200,0.1,h2+3+4,2,2.0284062165292043,2.081348163653236,7.844890291977208,4.180550041026436,True,True,117.0,105.0,True,True,True,0.052941947124031774,-3.6643402509507723,0.5329010203369944,-12.0
v200_s9_p10,200,0.1,h2+3+4,3,2.0531698700181398,1.9592008020224851,8.189144584001042,4.504877833009232,True,True,101.0,102.0,True,True,True,-0.09396906799565463,-3.68426675099181,0.5501035897949972,1.0
v200_s9_p10,200,0.1,h2+3+4,4,2.031028023343703,1.99116885769935,7.976264374970924,4.2978872079984285,True,True,101.0,100.0,True,True,True,-0.03985916564435299,-3.6783771669724956,0.5388345979961447,-1.0
v200_s9_p30,200,0.3,h2,0,,2.9556664929352077,1.1697795410291292,0.33070941700134426,True,True,212.0,42.0,False,True,False,,-0.8390701240277849,0.2827108915842367,-170.0
v200_s9_p30,200,0.3,h2,1,3.165071361682346,2.9537796762344515,1.3243126250454225,0.32750725001096725,True,True,212.0,42.0,True,True,True,-0.21129168544789456,-0.9968053750344552,0.24730357758216956,-170.0
v200_s9_p30,200,0.3,h2,2,4.2553903279062535,2.9015077912417717,1.3033430830109864,0.3231822910020128,True,True,212.0,42.0,True,True,True,-1.3538825366644818,-0.9801607920089737,0.2479640972624002,-170.0
v200_s9_p30,200,0.3,h2,3,,3.0534332604379726,1.23972962499829,0.3370619580382481,True,True,212.0,42.0,False,True,False,,-0.902667666960042,0.2718834423584199,-170.0
v200_s9_p30,200,0.3,h2,4,,3.0524807789121176,1.1391912500257604,0.3439342920319177,True,True,212.0,42.0,False,True,False,,-0.7952569579938427,0.3019109320091252,-170.0
v200_s9_p30,200,0.3,h3,0,,3.071553769226478,1.2569397499901243,0.39071158302249387,True,True,212.0,42.0,False,True,False,,-0.8662281669676304,0.31084352533648785,-170.0
v200_s9_p30,200,0.3,h3,1,3.3140275019502923,3.071928304985401,1.3471425830502994,0.3536939999903552,True,True,212.0,42.0,True,True,True,-0.24209919696489113,-0.9934485830599442,0.26255127292427743,-170.0
v200_s9_p30,200,0.3,h3,2,,3.071553769226478,1.284126374986954,0.3728733750176616,True,True,212.0,42.0,False,True,False,,-0.9112529999692924,0.2903712456038058,-170.0
v200_s9_p30,200,0.3,h3,3,,3.071928304985401,1.2726200830074959,0.34634020895464346,True,True,212.0,42.0,False,True,False,,-0.9262798740528524,0.2721473702789299,-170.0
v200_s9_p30,200,0.3,h3,4,3.009617989654567,3.071928304985401,1.3710257090278901,0.3509862910141237,True,True,212.0,42.0,True,True,True,0.062310315330833976,-1.0200394180137664,0.25600270564071803,-170.0
v200_s9_p30,200,0.3,h2+3,0,3.5422408968799837,3.071928304985401,1.4913034579949453,0.40816904202802107,True,True,212.0,42.0,True,True,True,-0.4703125918945825,-1.0831344159669243,0.27369952093908745,-170.0
v200_s9_p30,200,0.3,h2+3,1,,3.071928304985401,1.3501297920010984,0.3984269159846008,True,True,212.0,42.0,False,True,False,,-0.9517028760164976,0.29510267705008664,-170.0
v200_s9_p30,200,0.3,h2+3,2,3.3131517864779214,3.071553769226478,1.4279245409998111,0.36375441699055955,True,True,212.0,42.0,True,True,True,-0.2415980172514436,-1.0641701240092516,0.25474344515142533,-170.0
v200_s9_p30,200,0.3,h2+3,3,,3.071928304985401,1.3956231249612756,0.38786745799006894,True,True,212.0,42.0,False,True,False,,-1.0077556669712067,0.27791704726935584,-170.0
v200_s9_p30,200,0.3,h2+3,4,,2.990007524869798,1.417449124972336,0.3852141249808483,True,True,212.0,42.0,False,True,False,,-1.0322349999914877,0.27176575031457756,-170.0
v200_s9_p50,200,0.5,h2,0,,2.9902670352088223,1.1375642089988105,0.3486207500100136,True,True,212.0,42.0,False,True,False,,-0.7889434589887969,0.3064624811964158,-170.0
v200_s9_p50,200,0.5,h2,1,3.408015974304395,3.088772450586929,1.2469496250269003,0.3161120829754509,True,True,212.0,42.0,True,True,True,-0.319243523717466,-0.9308375420514494,0.2535083026859497,-170.0
v200_s9_p50,200,0.5,h2,2,,3.072342953914756,1.2748715829802677,0.34370420896448195,True,True,212.0,42.0,False,True,False,,-0.9311673740157858,0.26959908241189634,-170.0
v200_s9_p50,200,0.5,h2,3,,2.883688310907007,1.1769231249927543,0.34504541696514934,True,True,212.0,42.0,False,True,False,,-0.831877708027605,0.2931758325058602,-170.0
v200_s9_p50,200,0.5,h2,4,,3.0462679177935663,1.2073935830267146,0.34425933298189193,True,True,212.0,42.0,False,True,False,,-0.8631342500448227,0.28512602503559514,-170.0
v200_s9_p50,200,0.5,h3,0,3.4892617953131664,3.071553769226461,1.306670666032005,0.4113223750027828,True,True,212.0,42.0,True,True,True,-0.41770802608670543,-0.8953482910292223,0.3147865684104276,-170.0
v200_s9_p50,200,0.5,h3,1,3.2017420587833536,3.071553769226478,1.3035744579974562,0.38602220901520923,True,True,212.0,42.0,True,True,True,-0.13018828955687578,-0.917552248982247,0.29612593791398334,-170.0
v200_s9_p50,200,0.5,h3,2,,3.071928304985387,1.2928051250055432,0.36132274998817593,True,True,212.0,42.0,False,True,False,,-0.9314823750173673,0.2794874053323595,-170.0
v200_s9_p50,200,0.5,h3,3,,3.071928304985401,1.2574912079726346,0.36888787505449727,True,True,212.0,42.0,False,True,False,,-0.8886033329181373,0.2933522498731657,-170.0
v200_s9_p50,200,0.5,h3,4,3.0280490718817625,3.071553769226461,1.3978082919493318,0.4085716250119731,True,True,212.0,42.0,True,True,True,0.04350469734469842,-0.9892366669373587,0.2922944636722638,-170.0
v200_s9_p50,200,0.5,h2+3,0,,3.071928304985401,1.4064558339887299,0.39706662500975654,True,True,212.0,42.0,False,True,False,,-1.0093892089789733,0.28231716589611605,-170.0
v200_s9_p50,200,0.5,h2+3,1,3.5184291783703516,3.071928304985401,1.4804029169608839,0.38884262496139854,True,True,212.0,42.0,True,True,True,-0.4465008733849505,-1.0915602919994853,0.26265999648234467,-170.0
v200_s9_p50,200,0.5,h2+3,2,,3.071553769226478,1.396398208977189,0.41156279196729884,True,True,212.0,42.0,False,True,False,,-0.9848354170098901,0.2947316813509476,-170.0
v200_s9_p50,200,0.5,h2+3,3,3.5945726294381544,3.071928304985401,1.4294776669703424,0.3962303749867715,True,True,212.0,42.0,True,True,True,-0.5226443244527532,-1.033247291983571,0.27718542523756134,-170.0
v200_s9_p50,200,0.5,h2+3,4,3.726626063256658,3.071553769226478,1.413394208997488,0.37219737499253824,True,True,212.0,42.0,True,True,True,-0.6550722940301803,-1.0411968340049498,0.26333585677879323,-170.0
v300_s0_p0,300,0.0,h2,0,1.9656776910127889,2.07404369879314,4.011856208031531,3.2496478329994716,True,True,441.0,393.0,True,True,True,0.10836600778035099,-0.7622083750320598,0.8100110433902996,-48.0
v300_s0_p0,300,0.0,h2,1,1.9938126457061047,2.595606203715783,5.87459341698559,4.582455249968916,True,True,441.0,393.0,True,True,True,0.6017935580096783,-1.2921381670166738,0.7800463665654491,-48.0
v300_s0_p0,300,0.0,h2,2,1.9129600596123395,2.1897525687072306,6.1384496669634245,4.835426624980755,True,True,441.0,393.0,True,True,True,0.27679250909489106,-1.3030230419826694,0.7877276653426971,-48.0
v300_s0_p0,300,0.0,h2,3,2.0480804569158653,1.918391837135161,5.596739667002112,5.001269374974072,True,True,441.0,393.0,True,True,True,-0.12968861978070434,-0.5954702920280397,0.8936040753264118,-48.0
v300_s0_p0,300,0.0,h2,4,2.1369051723004517,2.1193987455156456,5.528970249986742,4.651431292004418,True,True,441.0,393.0,True,True,True,-0.017506426784806184,-0.8775389579823241,0.8412834726349941,-48.0
v300_s0_p0,300,0.0,h3,0,1.582623512589234,1.5653892709625814,10.307922749954741,7.919140250014607,True,True,441.0,393.0,True,True,True,-0.017234241626652658,-2.3887824999401346,0.7682576249467311,-48.0
v300_s0_p0,300,0.0,h3,1,1.5633645006559098,1.5597914521373253,15.091716916009318,11.531330625002738,True,True,441.0,393.0,True,True,True,-0.0035730485185845318,-3.56038629100658,0.7640834166966307,-48.0
v300_s0_p0,300,0.0,h3,2,1.560274986007995,1.5630847344617789,15.257407166005578,11.670093124965206,True,True,441.0,393.0,True,True,True,0.0028097484537839,-3.587314041040372,0.7648804936507742,-48.0
v300_s0_p0,300,0.0,h3,3,1.5570731548312695,1.5520954760021317,14.676281249965541,11.575997957959771,True,True,441.0,393.0,True,True,True,-0.004977678829137799,-3.10028329200577,0.788755527425379,-48.0
v300_s0_p0,300,0.0,h3,4,1.5512521996236404,1.535925392922444,14.894568792020436,11.702532208990306,True,True,441.0,393.0,True,True,True,-0.01532680670119646,-3.1920365830301307,0.7856912390279992,-48.0
v300_s0_p0,300,0.0,h4,0,1.543487717484142,1.617449965260616,14.294781958975364,11.489924416004214,True,True,220.0,255.0,True,True,True,0.07396224777647409,-2.804857542971149,0.8037845172440673,35.0
v300_s0_p0,300,0.0,h4,1,1.5915758566670415,1.5740627604159843,20.66036537499167,20.639718875056133,True,True,247.0,226.0,True,True,True,-0.017513096251057236,-0.020646499935537577,0.9990006711129839,-21.0
v300_s0_p0,300,0.0,h4,2,1.5590760549848368,1.567394079095082,21.08352962502977,19.37181112502003,True,True,247.0,209.0,True,True,True,0.008318024110245181,-1.711718500009738,0.9188125266284809,-38.0
v300_s0_p0,300,0.0,h4,3,1.5503803259287345,1.5757298863181417,21.59012054197956,16.75824712496251,True,True,232.0,271.0,True,True,True,0.025349560389407166,-4.83187341701705,0.776199794363259,39.0
v300_s0_p0,300,0.0,h4,4,1.5923442451196013,1.564781147274745,19.91860779200215,16.78242245799629,True,True,264.0,229.0,True,True,True,-0.02756309784485622,-3.1361853340058587,0.8425499730324968,-35.0
v300_s0_p0,300,0.0,h2+3,0,1.5623854781461712,1.5764978445599627,10.416180874977726,8.000234749983065,True,True,441.0,393.0,True,True,True,0.014112366413791433,-2.4159461249946617,0.7680583551694682,-48.0
v300_s0_p0,300,0.0,h2+3,1,1.5797882982040383,1.5674465519080998,15.02870270900894,11.875655042007565,True,True,441.0,393.0,True,True,True,-0.012341746295938538,-3.153047667001374,0.7901982807131261,-48.0
v300_s0_p0,300,0.0,h2+3,2,1.5768435522757374,1.5448277074968924,15.419419042009395,11.851481083023828,True,True,441.0,393.0,True,True,True,-0.032015844778845004,-3.567937958985567,0.7686074975156387,-48.0
v300_s0_p0,300,0.0,h2+3,3,1.5504439227581113,1.54229779297959,15.087183583003934,11.885573334002402,True,True,441.0,393.0,True,True,True,-0.00814612977852125,-3.201610249001533,0.7877927161562334,-48.0
v300_s0_p0,300,0.0,h2+3,4,1.576219850200666,1.5645744844258849,15.126485166954808,11.77176445897203,True,True,441.0,393.0,True,True,True,-0.011645365774781036,-3.3547207079827785,0.7782220607790981,-48.0
v300_s0_p0,300,0.0,h2+3+4,0,1.5432979138453138,1.6096068612191268,16.180062958039343,13.297507209004834,True,True,220.0,255.0,True,True,True,0.06630894737381299,-2.882555749034509,0.8218452081113652,35.0
v300_s0_p0,300,0.0,h2+3+4,1,1.573889554985906,1.5458824282739643,23.356264291971456,22.739880207984243,True,True,247.0,226.0,True,True,True,-0.02800712671194172,-0.6163840839872137,0.9736094746881636,-21.0
v300_s0_p0,300,0.0,h2+3+4,2,1.562222809013821,1.561015771584529,23.653051708999556,21.451552417012863,True,True,247.0,209.0,True,True,True,-0.0012070374292920683,-2.2014992919866927,0.9069253591852986,-38.0
v300_s0_p0,300,0.0,h2+3+4,3,1.5624457851701135,,24.029159917030483,18.676702457945794,True,True,232.0,271.0,True,False,False,,-5.35245745908469,0.7772515777677614,39.0
v300_s0_p0,300,0.0,h2+3+4,4,1.570582130653377,1.5671911548232713,22.36794954200741,19.120914667029865,True,True,264.0,229.0,True,True,True,-0.0033909758301056137,-3.247034874977544,0.8548353809150206,-35.0
v300_s0_p10,300,0.1,h2,0,2.5809236339780464,3.0177388363013518,2.934875082981307,1.4003783329972066,True,True,397.0,261.0,True,True,True,0.4368152023233054,-1.5344967499841005,0.47715091559354317,-136.0
v300_s0_p10,300,0.1,h2,1,2.9446486473181803,2.290355745031824,4.2511292500421405,2.0405782500165515,True,True,397.0,261.0,True,True,True,-0.6542929022863562,-2.210551000025589,0.48000851773592246,-136.0
v300_s0_p10,300,0.1,h2,2,,2.678048436615685,3.9975506250048056,2.1532721249968745,True,True,397.0,261.0,False,True,False,,-1.8442785000079311,0.538647868904546,-136.0
v300_s0_p10,300,0.1,h2,3,2.6059403670635066,,4.469306249986403,1.871136415982619,True,True,397.0,261.0,True,False,False,,-2.5981698340037838,0.41866372795292595,-136.0
v300_s0_p10,300,0.1,h2,4,2.4260595458159346,2.3198721596844702,4.248522957961541,2.018062875024043,True,True,397.0,261.0,True,True,True,-0.10618738613146439,-2.2304600829374976,0.4750034058877531,-136.0
v300_s0_p10,300,0.1,h3,0,1.853466925627606,1.8186948551721995,5.118730458023492,3.8495898750261404,True,True,397.0,261.0,True,True,True,-0.03477207045540642,-1.2691405829973519,0.7520595011976059,-136.0
v300_s0_p10,300,0.1,h3,1,1.9009902301952355,1.8486500955291432,7.668263375002425,5.541296292038169,True,True,397.0,261.0,True,True,True,-0.05234013466609233,-2.1269670829642564,0.7226272783094668,-136.0
v300_s0_p10,300,0.1,h3,2,1.8588045131097295,1.8127648316751286,7.659770124999341,5.715830208035186,True,True,397.0,261.0,True,True,True,-0.04603968143460091,-1.9439399169641547,0.7462143269000097,-136.0
v300_s0_p10,300,0.1,h3,3,1.9437786431753756,1.8625094023466524,7.961066624964587,5.552534540998749,True,True,397.0,261.0,True,True,True,-0.08126924082872322,-2.408532083965838,0.6974611321034445,-136.0
v300_s0_p10,300,0.1,h3,4,1.85053402866573,1.8452091846976246,7.756477999966592,5.558854833012447,True,True,397.0,261.0,True,True,True,-0.005324843968105286,-2.197623166954145,0.7166725455853017,-136.0
v300_s0_p10,300,0.1,h4,0,,1.9082884071406516,10.798860875016544,5.378085208008997,True,True,246.0,222.0,False,True,False,,-5.420775667007547,0.49802338137824725,-24.0
v300_s0_p10,300,0.1,h4,1,,1.9489247580368705,16.410260166972876,8.037834082962945,True,True,249.0,203.0,False,True,False,,-8.37242608400993,0.489805402301897,-46.0
v300_s0_p10,300,0.1,h4,2,,1.9852664559237405,15.89795845799381,7.855954250029754,True,True,248.0,211.0,False,True,False,,-8.042004207964055,0.4941486210815719,-37.0
v300_s0_p10,300,0.1,h4,3,,1.887016387100779,14.865943750017323,8.13108399999328,True,True,259.0,190.0,False,True,False,,-6.734859750024043,0.5469604982182046,-69.0
v300_s0_p10,300,0.1,h4,4,,1.9494567598487589,16.493438000034075,8.318064792023506,True,True,246.0,237.0,False,True,False,,-8.17537320801057,0.5043257077151726,-9.0
v300_s0_p10,300,0.1,h2+3,0,1.9832555292474416,1.8902725262818763,5.444768459012266,3.962150333041791,True,True,397.0,261.0,True,True,True,-0.09298300296556539,-1.4826181259704754,0.727698590466887,-136.0
v300_s0_p10,300,0.1,h2+3,1,1.827266795838635,1.8567902625759445,8.430353207979351,5.7401870409958065,True,True,397.0,261.0,True,True,True,0.029523466737309434,-2.690166166983545,0.6808952008751785,-136.0
v300_s0_p10,300,0.1,h2+3,2,1.9518679344974454,1.860665035079297,8.474682457977906,5.724373250035569,True,True,397.0,261.0,True,True,True,-0.09120289941814841,-2.750309207942337,0.6754675798674619,-136.0
v300_s0_p10,300,0.1,h2+3,3,1.9092691575956315,1.8483957093559675,7.995165334024932,5.8839989170082845,True,True,397.0,261.0,True,True,True,-0.06087344823966401,-2.1111664170166478,0.7359446204280252,-136.0
v300_s0_p10,300,0.1,h2+3,4,1.8884470924583106,1.8013817524855906,9.037383791990578,5.639355458028149,True,True,397.0,261.0,True,True,True,-0.08706533997271992,-3.3980283339624293,0.6240030951242829,-136.0
v300_s0_p10,300,0.1,h2+3+4,0,,1.9492434198288529,12.205152040987741,6.3643696249928325,True,True,246.0,223.0,False,True,False,,-5.840782415994909,0.521449434109448,-23.0
v300_s0_p10,300,0.1,h2+3+4,1,,1.945977254077407,18.61007412499748,9.62294520798605,True,True,249.0,203.0,False,True,False,,-8.987128917011432,0.5170825835164347,-46.0
v300_s0_p10,300,0.1,h2+3+4,2,,1.9246882720225538,18.300739166035783,9.598148583027069,True,True,248.0,211.0,False,True,False,,-8.702590583008714,0.5244678095210606,-37.0
v300_s0_p10,300,0.1,h2+3+4,3,,1.8642086736497903,17.12187112501124,9.58176245802315,True,True,259.0,190.0,False,True,False,,-7.54010866698809,0.5596212229413601,-69.0
v300_s0_p10,300,0.1,h2+3+4,4,,,18.88189645903185,9.704074040986598,True,True,246.0,237.0,False,False,False,,-9.177822418045253,0.513935348710421,-9.0
v300_s0_p30,300,0.3,h2,0,,3.3728606670592556,1.6716902080224827,0.3221750420052558,True,True,330.0,60.0,False,True,False,,-1.3495151660172269,0.19272413061889687,-270.0
v300_s0_p30,300,0.3,h2,1,,3.436674364443057,2.5502239579800516,0.4349206250044517,True,True,330.0,60.0,False,True,False,,-2.1153033329756,0.17054212969943944,-270.0
v300_s0_p30,300,0.3,h2,2,,3.081147312572573,2.394970166962594,0.43595262500457466,True,True,330.0,60.0,False,True,False,,-1.9590175419580191,0.18202841564305117,-270.0
v300_s0_p30,300,0.3,h2,3,,3.4769653960547897,2.435205874964595,0.4228090000106022,True,True,330.0,60.0,False,True,False,,-2.0123968749539927,0.173623513460335,-270.0
v300_s0_p30,300,0.3,h2,4,,3.1017115303947813,2.309684124949854,0.460093458998017,True,True,330.0,60.0,False,True,False,,-1.8495906659518369,0.1992018969295233,-270.0
v300_s0_p30,300,0.3,h3,0,3.3934775292105486,2.9920244546049313,1.8662800829624757,0.37130541604710743,True,True,330.0,60.0,True,True,True,-0.4014530746056173,-1.4949746669153683,0.1989548189667805,-270.0
v300_s0_p30,300,0.3,h3,1,,2.9808955353129787,2.5378984169801697,0.5515657080104575,True,True,330.0,60.0,False,True,False,,-1.9863327089697123,0.21733167266275466,-270.0
v300_s0_p30,300,0.3,h3,2,3.2203027642961417,2.9629533924680502,2.787333792017307,0.4926539169973694,True,True,330.0,60.0,True,True,True,-0.2573493718280915,-2.2946798750199378,0.17674736998069243,-270.0
v300_s0_p30,300,0.3,h3,3,3.2591875993459163,3.0103618462999213,2.5907611250295304,0.4933775839745067,True,True,330.0,60.0,True,True,True,-0.24882575304599497,-2.0973835410550237,0.19043731172586706,-270.0
v300_s0_p30,300,0.3,h3,4,,2.962953392468057,2.393492915958632,0.5454759169952013,True,True,330.0,60.0,False,True,False,,-1.8480169989634305,0.22789953266969645,-270.0
v300_s0_p30,300,0.3,h2+3,0,,3.1581829978577294,1.8697053339565173,0.3956219580140896,True,True,330.0,60.0,False,True,False,,-1.4740833759424277,0.21159588670419355,-270.0
v300_s0_p30,300,0.3,h2+3,1,,3.1272301430287692,2.7755267079919577,0.5157892910065129,True,True,330.0,60.0,False,True,False,,-2.2597374169854447,0.1858347424729618,-270.0
v300_s0_p30,300,0.3,h2+3,2,,2.990919942896166,2.7883750830078498,0.5213595000095665,True,True,330.0,60.0,False,True,False,,-2.267015582998283,0.18697610059231004,-270.0
v300_s0_p30,300,0.3,h2+3,3,,3.1306332637880647,2.749827124993317,0.537984166003298,True,True,330.0,60.0,False,True,False,,-2.211842958990019,0.19564290464427123,-270.0
v300_s0_p30,300,0.3,h2+3,4,,3.0328606018425344,2.7046627920353785,0.5487345000146888,True,True,330.0,60.0,False,True,False,,-2.1559282920206897,0.20288462636842866,-270.0
v300_s0_p50,300,0.5,h2,0,,3.191356697097515,1.7025711669703014,0.32349883299320936,True,True,330.0,60.0,False,True,False,,-1.379072333977092,0.19000605629241946,-270.0
v300_s0_p50,300,0.5,h2,1,4.0648070556016584,3.2360870219370175,2.6205407090019435,0.4497013330110349,True,True,330.0,60.0,True,True,True,-0.828720033664641,-2.1708393759909086,0.171606314477865,-270.0
v300_s0_p50,300,0.5,h2,2,,3.1884461287788337,2.470802250027191,0.4339617089717649,True,True,330.0,60.0,False,True,False,,-2.036840541055426,0.17563595345074223,-270.0
v300_s0_p50,300,0.5,h2,3,,2.840276475826267,2.2755230420152657,0.46199716604314744,True,True,330.0,60.0,False,True,False,,-1.8135258759721182,0.20302899927305948,-270.0
v300_s0_p50,300,0.5,h2,4,,3.120124377285986,2.4175372919999063,0.4692856249748729,True,True,330.0,60.0,False,True,False,,-1.9482516670250334,0.19411722273233545,-270.0
v300_s0_p50,300,0.5,h3,0,,3.107833327797299,1.7473890839610249,0.37326629197923467,True,True,330.0,60.0,False,True,False,,-1.3741227919817902,0.21361372541775606,-270.0
v300_s0_p50,300,0.5,h3,1,,3.1021850630773367,2.5761008340050466,0.5327376250061207,True,True,330.0,60.0,False,True,False,,-2.043363208998926,0.2067999893381025,-270.0
v300_s0_p50,300,0.5,h3,2,3.4180860577300014,2.9769555398309655,2.7434009999851696,0.5322811249643564,True,True,330.0,60.0,True,True,True,-0.4411305178990359,-2.211119875020813,0.19402235581573157,-270.0
v300_s0_p50,300,0.5,h3,3,,2.99913351889952,2.546578459034208,0.4972715000039898,True,True,330.0,60.0,False,True,False,,-2.0493069590302184,0.19527044149764008,-270.0
v300_s0_p50,300,0.5,h3,4,3.051627698000412,2.98827285153147,2.8392300420091487,0.5528013750445098,True,True,330.0,60.0,True,True,True,-0.06335484646894196,-2.286428666964639,0.1947011573085942,-270.0
v300_s0_p50,300,0.5,h2+3,0,3.707573461638899,2.9604160797023678,2.0117833329713903,0.3957519169780426,True,True,330.0,60.0,True,True,True,-0.7471573819365314,-1.6160314159933478,0.19671696772311942,-270.0
v300_s0_p50,300,0.5,h2+3,1,,3.230599397992016,2.670411958009936,0.5209050420089625,True,True,330.0,60.0,False,True,False,,-2.1495069160009734,0.1950654244362938,-270.0
v300_s0_p50,300,0.5,h2+3,2,,3.0028348484430003,2.6845051249838434,0.5456410000333562,True,True,330.0,60.0,False,True,False,,-2.138864124950487,0.2032557118089466,-270.0
v300_s0_p50,300,0.5,h2+3,3,,3.059105628587533,2.6219054170069285,0.5468248330289498,True,True,330.0,60.0,False,True,False,,-2.0750805839779787,0.20856009125347666,-270.0
v300_s0_p50,300,0.5,h2+3,4,,3.069016926988319,2.658950624987483,0.5376276669558138,True,True,330.0,60.0,False,True,False,,-2.1213229580316693,0.2021954307475509,-270.0
v300_s1_p0,300,0.0,h2,0,2.095306572136126,1.9774917946463633,4.213839708012529,3.4268924590433016,True,True,441.0,393.0,True,True,True,-0.11781477748976266,-0.7869472489692271,0.8132469900378833,-48.0
v300_s1_p0,300,0.0,h2,1,2.017731132871788,2.106874816171704,5.832863042014651,4.6262151669943705,True,True,441.0,393.0,True,True,True,0.08914368329991573,-1.2066478750202805,0.7931294003770216,-48.0
v300_s1_p0,300,0.0,h2,2,2.0765199200730002,1.9399728656280613,5.944490124995355,4.620846416044515,True,True,441.0,393.0,True,True,True,-0.13654705444493898,-1.32364370895084,0.7773326759539576,-48.0
v300_s1_p0,300,0.0,h2,3,2.0949032266499157,2.023244123405879,5.87676258396823,4.8895880409982055,True,True,441.0,393.0,True,True,True,-0.07165910324403679,-0.987174542970024,0.8320206867531063,-48.0
v300_s1_p0,300,0.0,h2,4,2.074966507210412,2.006448331859216,6.148082958010491,4.553327625035308,True,True,441.0,393.0,True,True,True,-0.06851817535119631,-1.5947553329751827,0.7406093340205606,-48.0
v300_s1_p0,300,0.0,h3,0,1.5710772345508466,1.5728365600500922,10.639424292021431,8.284720124967862,True,True,441.0,393.0,True,True,True,0.001759325499245623,-2.354704167053569,0.7786812422905837,-48.0
v300_s1_p0,300,0.0,h3,1,1.5643358238250666,1.5656594457537616,14.808265542029403,11.441115291032474,True,True,441.0,393.0,True,True,True,0.0013236219286949513,-3.3671502509969287,0.7726168374385136,-48.0
v300_s1_p0,300,0.0,h3,2,1.5505814450852504,1.5614665511007704,14.997535417031031,11.727561834035441,True,True,441.0,393.0,True,True,True,0.010885106015519952,-3.26997358299559,0.781965936931061,-48.0
v300_s1_p0,300,0.0,h3,3,1.5636147538857068,1.5596714514907957,14.873500167042948,11.471254625008442,True,True,441.0,393.0,True,True,True,-0.003943302394911141,-3.402245542034507,0.7712545464198614,-48.0
v300_s1_p0,300,0.0,h3,4,1.5818798112285608,1.5452203583726443,14.921717374993023,11.725708374986425,True,True,441.0,393.0,True,True,True,-0.03665945285591654,-3.1960090000065975,0.7858149353932464,-48.0
v300_s1_p0,300,0.0,h4,0,1.55726274545878,1.5641568161667385,14.2311749579967,15.189742417016532,True,True,223.0,195.0,True,True,True,0.006894070707958555,0.9585674590198323,1.0673568740352812,-28.0
v300_s1_p0,300,0.0,h4,1,1.5851808370889133,1.561599088054759,21.668037459021434,17.065598833025433,True,True,238.0,222.0,True,True,True,-0.02358174903415433,-4.602438625996001,0.7875931941367497,-16.0
v300_s1_p0,300,0.0,h4,2,1.5727583635738687,1.5938402352206997,22.031375666963868,17.59725220798282,True,True,260.0,293.0,True,True,True,0.021081871646831063,-4.434123458981048,0.7987359697365592,33.0
v300_s1_p0,300,0.0,h4,3,1.5580871427337029,1.5517399179560674,23.647930290957447,18.345797542016953,True,True,219.0,228.0,True,True,True,-0.006347224777635496,-5.302132748940494,0.7757887187713871,9.0
v300_s1_p0,300,0.0,h4,4,1.5712827172086006,1.5663789137992326,19.860775457986165,18.26123975001974,True,True,258.0,217.0,True,True,True,-0.004903803409368024,-1.5995357079664245,0.9194625752982248,-41.0
v300_s1_p0,300,0.0,h2+3,0,1.5530448985757521,1.5727204090574487,10.894765042001382,8.334141207975335,True,True,441.0,393.0,True,True,True,0.01967551048169658,-2.560623834026046,0.7649675028186146,-48.0
v300_s1_p0,300,0.0,h2+3,1,1.563052471446332,1.566843970646394,14.622550792002585,11.7356797499815,True,True,441.0,393.0,True,True,True,0.003791499200061832,-2.8868710420210846,0.802574045863463,-48.0
v300_s1_p0,300,0.0,h2+3,2,1.5712078539626548,1.5384682975048858,15.365500166022684,11.951522417017259,True,True,441.0,393.0,True,True,True,-0.03273955645776905,-3.4139777490054257,0.7778153843273737,-48.0
v300_s1_p0,300,0.0,h2+3,3,1.5698855956199962,1.5679774273218026,15.009864915977232,11.869218250038102,True,True,441.0,393.0,True,True,True,-0.0019081682981936243,-3.14064666593913,0.7907611638399176,-48.0
v300_s1_p0,300,0.0,h2+3,4,1.5510112732844579,1.5499367485359266,14.962573583004996,11.932270542019978,True,True,441.0,393.0,True,True,True,-0.0010745247485313136,-3.030303040985018,0.7974744769558266,-48.0
v300_s1_p0,300,0.0,h2+3+4,0,1.5854179335581626,1.5715660292953666,15.918595209019259,17.023067499976605,True,True,223.0,195.0,True,True,True,-0.013851904262796033,1.1044722909573466,1.069382522543922,-28.0
v300_s1_p0,300,0.0,h2+3+4,1,1.5783676168860268,1.5533687403782048,23.989828667021357,19.24077525001485,True,True,238.0,222.0,True,True,True,-0.024998876507821954,-4.7490534170065075,0.8020388772707244,-16.0
v300_s1_p0,300,0.0,h2+3+4,2,1.5900143660707946,1.6264950964730038,24.475725666969083,19.91368204099126,True,True,260.0,293.0,True,True,True,0.03648073040220923,-4.562043625977822,0.8136094640031666,33.0
v300_s1_p0,300,0.0,h2+3+4,3,1.5461311106023,1.5676285352115307,25.832634416990913,20.775802708987612,True,True,219.0,228.0,True,True,True,0.021497424609230764,-5.056831708003301,0.8042463797390611,9.0
v300_s1_p0,300,0.0,h2+3+4,4,1.5839051830738449,1.5697723611186176,22.317425124987494,20.690214916015975,True,True,258.0,217.0,True,True,True,-0.014132821955227248,-1.627210208971519,0.9270879055330793,-41.0
v300_s1_p10,300,0.1,h2,0,2.655207850182399,2.571516233712775,3.246859750011936,1.5913050419767387,True,True,397.0,261.0,True,True,True,-0.0836916164696242,-1.655554708035197,0.49010587598398386,-136.0
v300_s1_p10,300,0.1,h2,1,2.2379866909024346,2.273959692899104,4.594720540975686,2.1701799579896033,True,True,397.0,261.0,True,True,True,0.03597300199666931,-2.424540582986083,0.47232033779550975,-136.0
v300_s1_p10,300,0.1,h2,2,2.5267906583448956,2.4445466811752823,4.696251625020523,2.251164209039416,True,True,397.0,261.0,True,True,True,-0.08224397716961329,-2.4450874159811065,0.47935340539372795,-136.0
v300_s1_p10,300,0.1,h2,3,,2.427970025085429,4.4405812920304015,2.2598463750327937,True,True,397.0,261.0,False,True,False,,-2.180734916997608,0.5089077817556419,-136.0
v300_s1_p10,300,0.1,h2,4,,2.2743673032516876,4.23278554197168,2.192822790995706,True,True,397.0,261.0,False,True,False,,-2.039962750975974,0.5180566719603432,-136.0
v300_s1_p10,300,0.1,h3,0,1.8371081083345193,1.8399824098935131,6.635671290976461,4.061241167015396,True,True,397.0,261.0,True,True,True,0.0028743015589938192,-2.574430123961065,0.6120316979139832,-136.0
v300_s1_p10,300,0.1,h3,1,1.9242467326309771,1.75597916248578,8.316701250034384,5.673825874982867,True,True,397.0,261.0,True,True,True,-0.16826757014519722,-2.642875375051517,0.6822207152095802,-136.0
v300_s1_p10,300,0.1,h3,2,1.8686451448977317,1.7480728645674417,8.541208166978322,5.704384375014342,True,True,397.0,261.0,True,True,True,-0.12057228033029,-2.8368237919639796,0.6678662155862687,-136.0
v300_s1_p10,300,0.1,h3,3,1.8428527740747493,1.8142488391252458,8.366548833961133,5.6457307080272585,True,True,397.0,261.0,True,True,True,-0.02860393494950353,-2.7208181259338744,0.6747980344189652,-136.0
v300_s1_p10,300,0.1,h3,4,1.8924681983342457,1.7814548036271567,9.632667709025554,5.685712750011589,True,True,397.0,261.0,True,True,True,-0.11101339470708904,-3.946954959013965,0.5902531802985612,-136.0
v300_s1_p10,300,0.1,h4,0,,1.8237557701968081,10.93320341699291,6.210261625004932,True,True,223.0,174.0,False,True,False,,-4.722941791987978,0.5680184835263054,-49.0
v300_s1_p10,300,0.1,h4,1,1.8842596643413578,1.8391065452876165,15.190952332981396,9.567489041015506,True,True,213.0,164.0,True,True,True,-0.04515311905374131,-5.623463291965891,0.6298149603328903,-49.0
v300_s1_p10,300,0.1,h4,2,,1.795153539736723,14.936091375013348,8.410406333045103,True,True,210.0,185.0,False,True,False,,-6.525685041968245,0.5630928548760025,-25.0
v300_s1_p10,300,0.1,h4,3,1.8552771112887785,1.858593848399635,16.432207832986023,8.735929624992423,True,True,171.0,170.0,True,True,True,0.003316737110856449,-7.6962782079936005,0.5316345626700213,-1.0
v300_s1_p10,300,0.1,h4,4,1.975259383131314,1.8364938324444513,15.527322791982442,9.55336958297994,True,True,221.0,153.0,True,True,True,-0.1387655506868628,-5.973953209002502,0.6152618652272005,-68.0
v300_s1_p10,300,0.1,h2+3,0,1.8724638234924735,1.8250770626940749,6.595914707984775,4.118004417046905,True,True,397.0,261.0,True,True,True,-0.04738676079839865,-2.4779102909378707,0.6243265110844745,-136.0
v300_s1_p10,300,0.1,h2+3,1,1.8450150883312568,1.8209540879105444,8.456838749989402,5.740068500046618,True,True,397.0,261.0,True,True,True,-0.024061000420712464,-2.7167702499427833,0.6787487227486526,-136.0
v300_s1_p10,300,0.1,h2+3,2,1.8709714652603022,1.8194248602836418,8.34203829197213,5.949354750046041,True,True,397.0,261.0,True,True,True,-0.051546604976660415,-2.3926835419260897,0.7131775882365989,-136.0
v300_s1_p10,300,0.1,h2+3,3,1.8736891959093611,1.7799750039431421,8.579259583028033,5.9216170409927145,True,True,397.0,261.0,True,True,True,-0.093714191966219,-2.657642542035319,0.6902247197074192,-136.0
v300_s1_p10,300,0.1,h2+3,4,1.8292896584582368,1.772314285167884,8.695865875051823,5.617549292044714,True,True,397.0,261.0,True,True,True,-0.05697537329035285,-3.0783165830071084,0.6460022926711984,-136.0
v300_s1_p10,300,0.1,h2+3+4,0,,1.8570803266473246,12.261848166992422,7.104272083030082,True,True,223.0,174.0,False,True,False,,-5.15757608396234,0.5793802032351061,-49.0
v300_s1_p10,300,0.1,h2+3+4,1,,1.8300822000841843,17.296274124993943,10.78443524998147,True,True,213.0,164.0,False,True,False,,-6.511838875012472,0.6235120449668086,-49.0
v300_s1_p10,300,0.1,h2+3+4,2,,1.8825032489744817,17.01556037500268,9.772523667023052,True,True,210.0,185.0,False,True,False,,-7.243036707979627,0.5743286410584355,-25.0
v300_s1_p10,300,0.1,h2+3+4,3,1.8427737761726204,1.8213623211403331,18.56693799997447,10.420344792015385,True,True,171.0,170.0,True,True,True,-0.021411455032287252,-8.146593207959086,0.561231194504431,-1.0
v300_s1_p10,300,0.1,h2+3+4,4,,1.8036111020430665,17.23626079200767,10.648028542054817,True,True,221.0,153.0,False,True,False,,-6.588232249952853,0.6177690550488903,-68.0
v300_s1_p30,300,0.3,h2,0,,3.2565813203351666,1.6857214169576764,0.3360734999878332,True,True,332.0,66.0,False,True,False,,-1.3496479169698432,0.19936479219346065,-266.0
v300_s1_p30,300,0.3,h2,1,,,2.2785618340130895,0.33279991697054356,True,True,332.0,66.0,False,False,False,,-1.945761917042546,0.1460570049066449,-266.0
v300_s1_p30,300,0.3,h2,2,,3.1469961874048673,2.4919329159893095,0.46629937505349517,True,True,332.0,66.0,False,True,False,,-2.0256335409358144,0.18712356663436586,-266.0
v300_s1_p30,300,0.3,h2,3,,,2.3839392919908278,0.35615300002973527,True,True,332.0,66.0,False,False,False,,-2.0277862919610925,0.14939684128126932,-266.0
v300_s1_p30,300,0.3,h2,4,,3.343877013163825,2.421537540969439,0.4535986249684356,True,True,332.0,66.0,False,True,False,,-1.9679389160010032,0.1873184360325225,-266.0
v300_s1_p30,300,0.3,h3,0,,3.2241520637731904,1.695715999987442,0.42115345800993964,True,True,332.0,66.0,False,True,False,,-1.2745625419775024,0.24836320351583555,-266.0
v300_s1_p30,300,0.3,h3,1,,3.2028776001269508,2.478391541983001,0.5239110410329886,True,True,332.0,66.0,False,True,False,,-1.9544805009500124,0.21139155462651352,-266.0
v300_s1_p30,300,0.3,h3,2,,3.292023578512081,2.512550750048831,0.5383779170224443,True,True,332.0,66.0,False,True,False,,-1.9741728330263868,0.2142754398142927,-266.0
v300_s1_p30,300,0.3,h3,3,,3.158839882617547,2.5209259589901194,0.5533483749604784,True,True,332.0,66.0,False,True,False,,-1.967577584029641,0.21950203376149502,-266.0
v300_s1_p30,300,0.3,h3,4,,3.124944741679412,2.4011699999682605,0.5879898329731077,True,True,332.0,66.0,False,True,False,,-1.8131801669951528,0.2448763865036128,-266.0
v300_s1_p30,300,0.3,h4,0,,3.3891076497952892,1.5802984579931945,0.6353406669804826,True,True,846.0,53.0,False,True,False,,-0.9449577910127118,0.40203840215556214,-793.0
v300_s1_p30,300,0.3,h4,1,,3.4037017525227666,2.2040359170059673,0.8921100409934297,True,True,846.0,53.0,False,True,False,,-1.3119258760125376,0.4047620250242112,-793.0
v300_s1_p30,300,0.3,h4,2,,3.4655660214421444,2.214741125004366,0.860886209004093,True,True,846.0,59.0,False,True,False,,-1.353854916000273,0.3887073749995932,-787.0
v300_s1_p30,300,0.3,h4,3,,3.0896937219299705,2.194789041997865,0.893830707995221,True,True,846.0,59.0,False,True,False,,-1.3009583340026438,0.40725130793508424,-787.0
v300_s1_p30,300,0.3,h4,4,,3.32026565917803,2.2876127079944126,0.8798334169550799,True,True,846.0,53.0,False,True,False,,-1.4077792910393327,0.3846076802600228,-793.0
v300_s1_p30,300,0.3,h2+3,0,,3.081509890210523,1.815608000033535,0.40605600003618747,True,True,332.0,66.0,False,True,False,,-1.4095519999973476,0.2236473952685202,-266.0
v300_s1_p30,300,0.3,h2+3,1,,3.2799067700383686,2.5894742079544812,0.5441589589463547,True,True,332.0,66.0,False,True,False,,-2.0453152490081266,0.210142644894774,-266.0
v300_s1_p30,300,0.3,h2+3,2,,3.276584776539574,2.6116494580055587,0.5613192919990979,True,True,332.0,66.0,False,True,False,,-2.050330166006461,0.21492903279131545,-266.0
v300_s1_p30,300,0.3,h2+3,3,,3.2582382667498693,2.6022586249746382,0.5683676250046119,True,True,332.0,66.0,False,True,False,,-2.0338909999700263,0.2184131967321854,-266.0
v300_s1_p30,300,0.3,h2+3,4,,3.335264175044919,2.613175874983426,0.5911164580029435,True,True,332.0,66.0,False,True,False,,-2.0220594169804826,0.22620615154986176,-266.0
v300_s1_p30,300,0.3,h2+3+4,0,,3.351654960582715,1.9018963749986142,0.7419772919965908,True,True,846.0,53.0,False,True,False,,-1.1599190830020234,0.3901249835428765,-793.0
v300_s1_p30,300,0.3,h2+3+4,1,,3.1553011159380238,2.74695195897948,1.0145237079705112,True,True,846.0,53.0,False,True,False,,-1.7324282510089688,0.36932706618845157,-793.0
v300_s1_p30,300,0.3,h2+3+4,2,,3.5664230194101565,2.790542583039496,0.9861295839655213,True,True,846.0,59.0,False,True,False,,-1.8044129990739748,0.35338273995855524,-787.0
v300_s1_p30,300,0.3,h2+3+4,3,,3.7318642837197156,2.724697208032012,1.0485295829712413,True,True,846.0,59.0,False,True,False,,-1.6761676250607707,0.3848242585929652,-787.0
v300_s1_p30,300,0.3,h2+3+4,4,,3.406546640265824,2.676803792011924,1.0404286249540746,True,True,846.0,53.0,False,True,False,,-1.6363751670578495,0.3886831855434849,-793.0
v300_s1_p50,300,0.5,h2,0,,3.221217488001735,1.6757126660086215,0.34270712500438094,True,True,332.0,66.0,False,True,False,,-1.3330055410042405,0.20451425352096594,-266.0
v300_s1_p50,300,0.5,h2,1,,3.3201905169170978,2.4637439580401406,0.4582386249676347,True,True,332.0,66.0,False,True,False,,-2.005505333072506,0.1859927950192334,-266.0
v300_s1_p50,300,0.5,h2,2,,3.231498847547831,2.410894415981602,0.46087141596945,True,True,332.0,66.0,False,True,False,,-1.950023000012152,0.19116200730914423,-266.0
v300_s1_p50,300,0.5,h2,3,,3.3993175214741096,2.4118387500056997,0.4276667079539038,True,True,332.0,66.0,False,True,False,,-1.9841720420517959,0.17731977643733154,-266.0
v300_s1_p50,300,0.5,h2,4,,3.5706885335030893,2.341170332976617,0.4193912919727154,True,True,332.0,66.0,False,True,False,,-1.9217790410039015,0.17913745363392328,-266.0
v300_s1_p50,300,0.5,h3,0,,3.2621196744627436,1.7560726249939762,0.4014459999743849,True,True,332.0,66.0,False,True,False,,-1.3546266250195913,0.22860444053432127,-266.0
v300_s1_p50,300,0.5,h3,1,,3.2487243358351106,2.3920651670196094,0.5683575829607435,True,True,332.0,66.0,False,True,False,,-1.823707584058866,0.23760121203925555,-266.0
v300_s1_p50,300,0.5,h3,2,,3.261377843160309,2.5070704169920646,0.5621007920126431,True,True,332.0,66.0,False,True,False,,-1.9449696249794215,0.2242062242061158,-266.0
v300_s1_p50,300,0.5,h3,3,,3.2529758785859535,2.482910874998197,0.5561420409940183,True,True,332.0,66.0,False,True,False,,-1.9267688340041786,0.22398791941914636,-266.0
v300_s1_p50,300,0.5,h3,4,,3.34805207455855,2.4212361670215614,0.5590462920372374,True,True,332.0,66.0,False,True,False,,-1.862189874984324,0.2308929214141625,-266.0
v300_s1_p50,300,0.5,h4,0,,3.4320074016583475,1.6127558749867603,0.6328671670053154,True,True,846.0,53.0,False,True,False,,-0.9798887079814449,0.3924134934622457,-793.0
v300_s1_p50,300,0.5,h4,1,,3.5380849842065736,2.1693877920042723,0.9639760419959202,True,True,846.0,53.0,False,True,False,,-1.205411750008352,0.4443539534742721,-793.0
v300_s1_p50,300,0.5,h4,2,,3.469033214491262,2.2416964169824496,0.8556244170176797,True,True,846.0,59.0,False,True,False,,-1.38607199996477,0.3816861241940319,-787.0
v300_s1_p50,300,0.5,h4,3,,3.191378056161584,2.3061081250198185,0.9000072500202805,True,True,846.0,53.0,False,True,False,,-1.406100874999538,0.3902710546204532,-793.0
v300_s1_p50,300,0.5,h4,4,,3.4261779599076476,2.1741971670417115,0.8632199999992736,True,True,846.0,59.0,False,True,False,,-1.310977167042438,0.39702930952384635,-787.0
v300_s1_p50,300,0.5,h2+3,0,,3.2143588787027317,1.8633549999794923,0.42319016699912027,True,True,332.0,66.0,False,True,False,,-1.440164832980372,0.22711193895085896,-266.0
v300_s1_p50,300,0.5,h2+3,1,,3.307304078458615,2.5737865419941954,0.5616600000066683,True,True,332.0,66.0,False,True,False,,-2.012126541987527,0.21822322513641262,-266.0
v300_s1_p50,300,0.5,h2+3,2,,3.3243455722997424,2.7019804579904303,0.546369958028663,True,True,332.0,66.0,False,True,False,,-2.1556104999617673,0.20221092140504224,-266.0
v300_s1_p50,300,0.5,h2+3,3,,3.2582891028496768,2.650259083020501,0.5753115419647656,True,True,332.0,66.0,False,True,False,,-2.074947541055735,0.2170774720292942,-266.0
v300_s1_p50,300,0.5,h2+3,4,,3.338681208567582,2.7974723749794066,0.5662473340053111,True,True,332.0,66.0,False,True,False,,-2.2312250409740955,0.20241391445714615,-266.0
v300_s1_p50,300,0.5,h2+3+4,0,,3.1985530165335265,1.9411876660306007,0.7464170000166632,True,True,846.0,53.0,False,True,False,,-1.1947706660139374,0.384515630857556,-793.0
v300_s1_p50,300,0.5,h2+3+4,1,,3.62548081555282,2.6402712920098566,1.168676958011929,True,True,846.0,53.0,False,True,False,,-1.4715943339979276,0.4426351797819594,-793.0
v300_s1_p50,300,0.5,h2+3+4,2,,3.452646025187776,2.798672750010155,1.0326155829825439,True,True,846.0,59.0,False,True,False,,-1.7660571670276113,0.3689661761914811,-787.0
v300_s1_p50,300,0.5,h2+3+4,3,,3.5205116928127795,2.755748583993409,1.0649267910048366,True,True,846.0,53.0,False,True,False,,-1.6908217929885723,0.3864382974522409,-793.0
v300_s1_p50,300,0.5,h2+3+4,4,,3.302661245052714,2.769363166997209,0.9820095000322908,True,True,846.0,59.0,False,True,False,,-1.7873536669649184,0.35459758825964066,-787.0
v300_s2_p0,300,0.0,h2,0,1.9808831050153959,1.9544460880343946,6.223307584004942,4.871157332963776,True,True,441.0,393.0,True,True,True,-0.026437016981001316,-1.3521502510411665,0.7827280376569457,-48.0
v300_s2_p0,300,0.0,h2,1,2.1480855410078314,1.9623772086881401,5.8142858750070445,4.968292250006925,True,True,441.0,393.0,True,True,True,-0.1857083323196913,-0.8459936250001192,0.8544974149556941,-48.0
v300_s2_p0,300,0.0,h2,2,2.086364578337678,2.0254370241087014,5.974061416985933,4.9900383750209585,True,True,441.0,393.0,True,True,True,-0.060927554228976444,-0.9840230419649743,0.8352840767309287,-48.0
v300_s2_p0,300,0.0,h2,3,2.014113517889045,2.19463285929775,5.7848277920274995,4.5243565000128,True,True,441.0,393.0,True,True,True,0.18051934140870518,-1.2604712920146994,0.7821073785892385,-48.0
v300_s2_p0,300,0.0,h2,4,1.9908473096143067,2.08791430220849,5.621336084033828,4.788398624979891,True,True,441.0,393.0,True,True,True,0.09706699259418317,-0.8329374590539373,0.8518257142781921,-48.0
v300_s2_p0,300,0.0,h3,0,1.560732831335143,1.558837798384396,14.53122100001201,11.389987249975093,True,True,441.0,393.0,True,True,True,-0.0018950329507469998,-3.1412337500369176,0.7838286438535123,-48.0
v300_s2_p0,300,0.0,h3,1,1.56993569180645,1.55569597386959,15.008487791987136,11.541513875010423,True,True,441.0,393.0,True,True,True,-0.014239717936860075,-3.4669739169767126,0.7689991180305527,-48.0
v300_s2_p0,300,0.0,h3,2,1.5737322346499854,1.5666743556229128,15.026611917011905,11.567255957983434,True,True,441.0,393.0,True,True,True,-0.0070578790270725555,-3.4593559590284713,0.7697847007606505,-48.0
v300_s2_p0,300,0.0,h3,3,1.5638384974777262,1.5641940202007114,14.878106541000307,11.494432208011858,True,True,441.0,393.0,True,True,True,0.00035552272298522425,-3.3836743329884484,0.7725735916956976,-48.0
v300_s2_p0,300,0.0,h3,4,1.563667836114614,1.5738097451619693,14.896709375025239,11.552481874998193,True,True,441.0,393.0,True,True,True,0.010141909047355346,-3.3442275000270456,0.7755056223602147,-48.0
v300_s2_p0,300,0.0,h4,0,1.5332233058597324,1.596633814462925,23.53771229198901,16.891922582988627,True,True,206.0,276.0,True,True,True,0.06341050860319264,-6.645789709000383,0.7176535414080043,70.0
v300_s2_p0,300,0.0,h4,1,1.5620977410737007,1.594909446125436,20.810194208985195,17.31451937498059,True,True,248.0,256.0,True,True,True,0.03281170505173536,-3.4956748340046033,0.832021037434851,8.0
v300_s2_p0,300,0.0,h4,2,1.554841028071895,1.5721687865477776,20.494093832967337,18.411648666020483,True,True,242.0,228.0,True,True,True,0.017327758475882638,-2.0824451669468544,0.8983880339419068,-14.0
v300_s2_p0,300,0.0,h4,3,1.5420379071893426,1.565755789672969,21.603698499966413,19.91393445804715,True,True,208.0,232.0,True,True,True,0.023717882483626385,-1.6897640419192612,0.9217835759964023,24.0
v300_s2_p0,300,0.0,h4,4,1.5767723514199716,1.5813727870327121,21.293626500002574,18.868384083965793,True,True,252.0,263.0,True,True,True,0.004600435612740483,-2.425242416036781,0.8861047733679142,11.0
v300_s2_p0,300,0.0,h2+3,0,1.571350691068711,1.5629698288292297,14.680669207999017,11.479290624964051,True,True,441.0,393.0,True,True,True,-0.008380862239481202,-3.201378583034966,0.7819323807602286,-48.0
v300_s2_p0,300,0.0,h2+3,1,1.5568671432586825,1.5509796830160238,15.093631167022977,11.690466500003822,True,True,441.0,393.0,True,True,True,-0.0058874602426586264,-3.403164667019155,0.7745297583225372,-48.0
v300_s2_p0,300,0.0,h2+3,2,1.5698682088411042,1.5562697760511657,15.5504995000083,11.717900999996345,True,True,441.0,393.0,True,True,True,-0.013598432789938553,-3.8325985000119545,0.7535385599665201,-48.0
v300_s2_p0,300,0.0,h2+3,3,1.5708204217353596,1.54904812756543,15.107643625000492,11.808845375024248,True,True,441.0,393.0,True,True,True,-0.02177229416992965,-3.298798249976244,0.7816470700621165,-48.0
v300_s2_p0,300,0.0,h2+3,4,1.5695536203694895,1.582134488199176,14.936945332970936,11.764745542022865,True,True,441.0,393.0,True,True,True,0.01258086782968637,-3.1721997909480706,0.7876272745039815,-48.0
v300_s2_p0,300,0.0,h2+3+4,0,1.5523199530363194,1.6048832447168127,25.063000875001308,19.115255290991627,True,True,206.0,276.0,True,True,True,0.05256329168049323,-5.947745584009681,0.762688210654688,70.0
v300_s2_p0,300,0.0,h2+3+4,1,1.5426581507436223,1.5886396614491585,23.01672958303243,19.26271491701482,True,True,248.0,256.0,True,True,True,0.04598151070553613,-3.7540146660176106,0.8369006051674253,8.0
v300_s2_p0,300,0.0,h2+3+4,2,1.5777350854515346,1.5601710945105782,23.135226832993794,20.269174417015165,True,True,242.0,228.0,True,True,True,-0.017563990940956398,-2.866052415978629,0.8761173842526898,-14.0
v300_s2_p0,300,0.0,h2+3+4,3,1.5456526511664177,1.5694117687790317,24.06717054103501,21.758704709005542,True,True,208.0,232.0,True,True,True,0.023759117612613956,-2.3084658320294693,0.9040823752799072,24.0
v300_s2_p0,300,0.0,h2+3+4,4,1.5847086610740257,1.5886984316817327,23.93949545797659,21.12749491696013,True,True,252.0,263.0,True,True,True,0.003989770607706999,-2.8120005410164595,0.8825371843799863,11.0
v300_s2_p10,300,0.1,h2,0,2.3435874133222403,2.610953980845407,4.079754042031709,1.9804798749973997,True,True,397.0,261.0,True,True,True,0.2673665675231667,-2.0992741670343094,0.485440998303693,-136.0
v300_s2_p10,300,0.1,h2,1,,2.4209102989847158,3.881578291999176,1.9952958339708857,True,True,397.0,261.0,False,True,False,,-1.8862824580282904,0.5140424033398086,-136.0
v300_s2_p10,300,0.1,h2,2,3.392007935635201,2.3095247291355645,4.059252250008285,2.0430485000251792,True,True,397.0,261.0,True,True,True,-1.0824832064996364,-2.016203749983106,0.5033066126947419,-136.0
v300_s2_p10,300,0.1,h2,3,2.8126657013242595,2.3518735862308158,3.962095833965577,1.991232290980406,True,True,397.0,261.0,True,True,True,-0.46079211509344375,-1.970863542985171,0.5025704512016874,-136.0
v300_s2_p10,300,0.1,h2,4,2.6260344186636746,,4.274721042020246,1.8215916249901056,True,True,397.0,261.0,True,False,False,,-2.4531294170301408,0.426131110564636,-136.0
v300_s2_p10,300,0.1,h3,0,1.912014206869149,1.8501120191125875,10.301283167034853,5.505519166996237,True,True,397.0,261.0,True,True,True,-0.06190218775656153,-4.795764000038616,0.5344498425802384,-136.0
v300_s2_p10,300,0.1,h3,1,1.8883559646092984,1.8626822195564725,10.156224499980453,5.600090500025544,True,True,397.0,261.0,True,True,True,-0.025673745052825936,-4.556133999954909,0.551394910582798,-136.0
v300_s2_p10,300,0.1,h3,2,1.9332784164553452,1.8174434220336562,9.975511374999769,5.669235875015147,True,True,397.0,261.0,True,True,True,-0.11583499442168899,-4.306275499984622,0.5683153135610833,-136.0
v300_s2_p10,300,0.1,h3,3,1.8318707490927435,1.8118671733586253,10.275639125029556,5.65731058298843,True,True,397.0,261.0,True,True,True,-0.02000357573411815,-4.618328542041127,0.5505555921293759,-136.0
v300_s2_p10,300,0.1,h3,4,1.8937187849202632,1.8541232924309212,10.356546707975212,5.667023083020467,True,True,397.0,261.0,True,True,True,-0.03959549248934202,-4.689523624954745,0.5471923453651295,-136.0
v300_s2_p10,300,0.1,h4,0,1.8268098348265394,,18.807240916998126,7.536541165958624,True,True,149.0,246.0,True,False,False,,-11.270699751039501,0.40072550775627286,97.0
v300_s2_p10,300,0.1,h4,1,1.8436596500861353,1.9560462070116207,19.122475415992085,8.731213917024434,True,True,149.0,195.0,True,True,True,0.11238655692548538,-10.391261498967651,0.45659433347852746,46.0
v300_s2_p10,300,0.1,h4,2,,,16.424206208030228,7.837593666976318,True,True,186.0,280.0,False,False,False,,-8.58661254105391,0.4771977146234508,94.0
v300_s2_p10,300,0.1,h4,3,1.8439118108481585,1.9842176163837308,19.104857290978543,7.975069666979834,True,True,149.0,252.0,True,True,True,0.14030580553557237,-11.129787623998709,0.4174367568160649,103.0
v300_s2_p10,300,0.1,h4,4,2.0552451931816704,1.934532979061052,16.38549850002164,8.017971792025492,True,True,195.0,241.0,True,True,True,-0.1207122141206185,-8.367526707996149,0.4893334061221819,46.0
v300_s2_p10,300,0.1,h2+3,0,1.9314968343900316,1.8160753817036164,9.977520374988671,5.692359917040449,True,True,397.0,261.0,True,True,True,-0.11542145268641524,-4.285160457948223,0.570518495889006,-136.0
v300_s2_p10,300,0.1,h2+3,1,1.876412960186764,1.809936434175729,10.174374499998521,5.8246162090217695,True,True,397.0,261.0,True,True,True,-0.06647652601103515,-4.349758290976752,0.5724790461588195,-136.0
v300_s2_p10,300,0.1,h2+3,2,1.8911772434327212,1.831831593788024,10.282568832975812,5.9088364579947665,True,True,397.0,261.0,True,True,True,-0.05934564964469713,-4.373732374981046,0.5746459424657921,-136.0
v300_s2_p10,300,0.1,h2+3,3,1.9766647223831835,1.867648756827287,10.679663666000124,5.7503575420123525,True,True,397.0,261.0,True,True,True,-0.10901596555589643,-4.929306123987772,0.5384399473477095,-136.0
v300_s2_p10,300,0.1,h2+3,4,1.9175021641893326,1.847083310201345,10.687871125002857,5.902790499967523,True,True,397.0,261.0,True,True,True,-0.07041885398798753,-4.785080625035334,0.5522887047317334,-136.0
v300_s2_p10,300,0.1,h2+3+4,0,1.8224646686368406,2.050416194162493,20.51969020802062,9.143971874960698,True,True,149.0,246.0,True,True,True,0.22795152552565234,-11.375718333059922,0.44561939202115997,97.0
v300_s2_p10,300,0.1,h2+3+4,1,1.851928008165274,1.9226494022739586,20.994786333991215,10.080849958001636,True,True,149.0,195.0,True,True,True,0.07072139410868461,-10.913936375989579,0.48015968334387976,46.0
v300_s2_p10,300,0.1,h2+3+4,2,,,18.38897824997548,9.318861791980453,True,True,186.0,280.0,False,False,False,,-9.070116457995027,0.5067634354286584,94.0
v300_s2_p10,300,0.1,h2+3+4,3,1.8200201771434255,2.1008224234490585,20.792132292001043,9.400487458973657,True,True,149.0,252.0,True,True,True,0.280802246305633,-11.391644833027385,0.45211752825322904,103.0
v300_s2_p10,300,0.1,h2+3+4,4,,2.0835214021876602,18.458707458048593,9.336288041959051,True,True,195.0,241.0,False,True,False,,-9.122419416089542,0.5057931636425673,46.0
v300_s2_p30,300,0.3,h2,0,,,2.3257141250069253,0.4038656670018099,True,True,336.0,78.0,False,False,False,,-1.9218484580051154,0.17365232582083034,-258.0
v300_s2_p30,300,0.3,h2,1,,3.017564618158788,2.4633779589785263,0.5394594999961555,True,True,336.0,78.0,False,True,False,,-1.9239184589823708,0.21899177023563604,-258.0
v300_s2_p30,300,0.3,h2,2,,3.236910764606798,2.588644250005018,0.5117086670361459,True,True,336.0,78.0,False,True,False,,-2.076935582968872,0.19767438767808826,-258.0
v300_s2_p30,300,0.3,h2,3,,2.79524668412292,2.5707704999949783,0.5226351669989526,True,True,336.0,78.0,False,True,False,,-2.0481353329960257,0.20329903700076438,-258.0
v300_s2_p30,300,0.3,h2,4,,3.0690902836185567,2.441702832991723,0.5318249590345658,True,True,336.0,78.0,False,True,False,,-1.9098778739571571,0.21780904369224224,-258.0
v300_s2_p30,300,0.3,h3,0,,2.8106265592388486,2.7989453329937533,0.6453595419880003,True,True,336.0,78.0,False,True,False,,-2.153585791005753,0.23057239967517457,-258.0
v300_s2_p30,300,0.3,h3,1,,2.713785188736853,2.6259304999839514,0.6589179579750635,True,True,336.0,78.0,False,True,False,,-1.967012542008888,0.25092741714949823,-258.0
v300_s2_p30,300,0.3,h3,2,,2.8292704880538584,2.6317708749556914,0.7029098750208504,True,True,336.0,78.0,False,True,False,,-1.928860999934841,0.2670862732427969,-258.0
v300_s2_p30,300,0.3,h3,3,,2.810626559238862,2.5460817500134,0.6752990829991177,True,True,336.0,78.0,False,True,False,,-1.8707826670142822,0.265230714997884,-258.0
v300_s2_p30,300,0.3,h3,4,,2.8076179318274814,2.630692165985238,0.6880044999998063,True,True,336.0,78.0,False,True,False,,-1.9426876659854315,0.2615298395212034,-258.0
v300_s2_p30,300,0.3,h4,0,,3.073576579484526,2.2562382909818552,1.2644840410212055,True,True,895.0,75.0,False,True,False,,-0.9917542499606498,0.5604390485150996,-820.0
v300_s2_p30,300,0.3,h4,1,,2.9928617558182076,2.271320208965335,1.2722051670425572,True,True,895.0,73.0,False,True,False,,-0.9991150419227779,0.5601170464740816,-822.0
v300_s2_p30,300,0.3,h4,2,,2.9712189083844205,2.3021362920408137,1.322908083035145,True,True,895.0,61.0,False,True,False,,-0.9792282090056688,0.5746436853494908,-834.0
v300_s2_p30,300,0.3,h4,3,,2.8844730088233783,2.3302493750234134,1.2219738750136457,True,True,895.0,58.0,False,True,False,,-1.1082755000097677,0.5243961818470042,-837.0
v300_s2_p30,300,0.3,h4,4,,3.234908117976416,2.2900762080098502,1.2315872079925612,True,True,895.0,75.0,False,True,False,,-1.058489000017289,0.5377931108514725,-820.0
v300_s2_p30,300,0.3,h2+3,0,,2.8515790853010468,2.7603179999860004,0.7098196669830941,True,True,336.0,78.0,False,True,False,,-2.0504983330029063,0.25715141044861284,-258.0
v300_s2_p30,300,0.3,h2+3,1,,2.7543651895047474,2.71883029199671,0.6849550830083899,True,True,336.0,78.0,False,True,False,,-2.03387520898832,0.25193006162416953,-258.0
v300_s2_p30,300,0.3,h2+3,2,,2.733725677173421,2.8463876669993624,0.7188311669742689,True,True,336.0,78.0,False,True,False,,-2.1275565000250936,0.25254155479532925,-258.0
v300_s2_p30,300,0.3,h2+3,3,,2.7558576318536447,2.8568913330091164,0.7100020840298384,True,True,336.0,78.0,False,True,False,,-2.146889248979278,0.24852260771221038,-258.0
v300_s2_p30,300,0.3,h2+3,4,,2.699061392195395,2.8802581249619834,0.7298320000409149,True,True,336.0,78.0,False,True,False,,-2.1504261249210685,0.25339117828217145,-258.0
v300_s2_p30,300,0.3,h2+3+4,0,,3.0713097808159837,2.7318037909572013,1.5805564579786733,True,True,895.0,75.0,False,True,False,,-1.151247332978528,0.5785761273231338,-820.0
v300_s2_p30,300,0.3,h2+3+4,1,,3.056364306801254,2.7698049580212682,1.5508428330067545,True,True,895.0,73.0,False,True,False,,-1.2189621250145137,0.5599104834134845,-822.0
v300_s2_p30,300,0.3,h2+3+4,2,,2.8192319745039742,2.818810582975857,1.6113348750513978,True,True,895.0,61.0,False,True,False,,-1.2074757079244591,0.5716364500626677,-834.0
v300_s2_p30,300,0.3,h2+3+4,3,,2.9287610599002485,2.8014644590439275,1.5773001249763183,True,True,895.0,58.0,False,True,False,,-1.2241643340676092,0.5630269982131464,-837.0
v300_s2_p30,300,0.3,h2+3+4,4,,2.8466465474573606,2.7681685839779675,1.5421739590237848,True,True,895.0,75.0,False,True,False,,-1.2259946249541827,0.5571098407625232,-820.0
v300_s2_p50,300,0.5,h2,0,,2.8726217002789625,2.549687625025399,0.5310570840374567,True,True,336.0,78.0,False,True,False,,-2.0186305409879424,0.20828319470396553,-258.0
v300_s2_p50,300,0.5,h2,1,,2.9238243422969727,2.4341457079863176,0.4957863329909742,True,True,336.0,78.0,False,True,False,,-1.9383593749953434,0.20367980904525254,-258.0
v300_s2_p50,300,0.5,h2,2,,,2.59118608298013,0.4040119579876773,True,True,336.0,78.0,False,False,False,,-2.1871741249924526,0.15591777087773723,-258.0
v300_s2_p50,300,0.5,h2,3,,3.0795665369496796,2.4716015000012703,0.5496667920378968,True,True,336.0,78.0,False,True,False,,-1.9219347079633735,0.22239296748995108,-258.0
v300_s2_p50,300,0.5,h2,4,,3.285748715838891,2.488866874948144,0.5125997079885565,True,True,336.0,78.0,False,True,False,,-1.9762671669595875,0.20595706148374712,-258.0
v300_s2_p50,300,0.5,h3,0,3.5601317850481258,2.810626559238862,2.793517540965695,0.7194768749759533,True,True,336.0,78.0,True,True,True,-0.7495052258092638,-2.0740406659897417,0.25755230258093753,-258.0
v300_s2_p50,300,0.5,h3,1,,2.7204616026905746,2.5655881669954397,0.6677487500128336,True,True,336.0,78.0,False,True,False,,-1.897839416982606,0.26027121523359464,-258.0
v300_s2_p50,300,0.5,h3,2,,2.9017402226944182,2.7267687499988824,0.7011866249958985,True,True,336.0,78.0,False,True,False,,-2.025582125002984,0.25714928154291994,-258.0
v300_s2_p50,300,0.5,h3,3,,2.7085774677572103,2.4961918339831755,0.6811481249751523,True,True,336.0,78.0,False,True,False,,-1.8150437090080231,0.27287491117549395,-258.0
v300_s2_p50,300,0.5,h3,4,,2.867739396777801,2.585920791956596,0.6916124590206891,True,True,336.0,78.0,False,True,False,,-1.894308332935907,0.267453071715082,-258.0
v300_s2_p50,300,0.5,h4,0,,2.9083980336395654,2.2491434579715133,1.3327730000019073,True,True,895.0,75.0,False,True,False,,-0.9163704579696059,0.5925691379437068,-820.0
v300_s2_p50,300,0.5,h4,1,,3.066919609325252,2.278337375028059,1.2201627920148894,True,True,895.0,73.0,False,True,False,,-1.0581745830131695,0.5355496536152212,-822.0
v300_s2_p50,300,0.5,h4,2,,2.817077521567293,2.2727424170007,1.335711249965243,True,True,895.0,61.0,False,True,False,,-0.9370311670354567,0.5877090337971335,-834.0
v300_s2_p50,300,0.5,h4,3,,3.1501450583463813,2.2575558330281638,1.2946905830176547,True,True,895.0,58.0,False,True,False,,-0.962865250010509,0.5734921653215667,-837.0
v300_s2_p50,300,0.5,h4,4,,2.872274410623952,2.310045041027479,1.3022107500000857,True,True,895.0,58.0,False,True,False,,-1.0078342910273932,0.5637166058982463,-837.0
v300_s2_p50,300,0.5,h2+3,0,,2.7541176147096302,2.9593894160352647,0.706475707993377,True,True,336.0,78.0,False,True,False,,-2.2529137080418877,0.2387234691606934,-258.0
v300_s2_p50,300,0.5,h2+3,1,,2.706842932755394,2.7676686249906197,0.6871298750047572,True,True,336.0,78.0,False,True,False,,-2.0805387499858625,0.24827028380505128,-258.0
v300_s2_p50,300,0.5,h2+3,2,,2.7609992155535594,2.907778375025373,0.7505980840069242,True,True,336.0,78.0,False,True,False,,-2.1571802910184488,0.2581345574524312,-258.0
v300_s2_p50,300,0.5,h2+3,3,,2.880145520422567,2.886232291988563,0.6680384590290487,True,True,336.0,78.0,False,True,False,,-2.218193832959514,0.2314569277335547,-258.0
v300_s2_p50,300,0.5,h2+3,4,,2.79260579097995,2.8111187089816667,0.7449488749844022,True,True,336.0,78.0,False,True,False,,-2.0661698339972645,0.2650008598371363,-258.0
v300_s2_p50,300,0.5,h2+3+4,0,,2.8376939393465648,2.6830892919679172,1.5658719589700922,True,True,895.0,75.0,False,True,False,,-1.117217332997825,0.5836078447548051,-820.0
v300_s2_p50,300,0.5,h2+3+4,1,,3.1829207406495885,2.786093292001169,1.5451449590036646,True,True,895.0,73.0,False,True,False,,-1.2409483329975046,0.5545919669810597,-822.0
v300_s2_p50,300,0.5,h2+3+4,2,,2.9925006526623346,2.8002074169926345,1.6538403340382501,True,True,895.0,61.0,False,True,False,,-1.1463670829543844,0.5906135109857115,-834.0
v300_s2_p50,300,0.5,h2+3+4,3,,3.0976635858272195,2.7997947079711594,1.5546715830569156,True,True,895.0,58.0,False,True,False,,-1.2451231249142438,0.5552805634751311,-837.0
v300_s2_p50,300,0.5,h2+3+4,4,,2.822724755888423,2.786898582999129,1.5174617920420133,True,True,895.0,58.0,False,True,False,,-1.2694367909571156,0.5444983901814584,-837.0
v300_s3_p0,300,0.0,h2,0,2.250186395665499,2.031856671251454,5.917129791982006,4.884492749988567,True,True,441.0,393.0,True,True,True,-0.21832972441404497,-1.0326370419934392,0.8254834559497559,-48.0
v300_s3_p0,300,0.0,h2,1,2.017494693154923,2.0717780170196844,5.910510957997758,4.620859124988783,True,True,441.0,393.0,True,True,True,0.054283323864761535,-1.2896518330089748,0.7818036643238275,-48.0
v300_s3_p0,300,0.0,h2,2,1.9234403760398002,2.053764490847371,6.0117728330078535,4.741222915996332,True,True,441.0,393.0,True,True,True,0.13032411480757067,-1.2705499170115218,0.788656366049708,-48.0
v300_s3_p0,300,0.0,h2,3,1.9702620571350395,2.0312348327942313,5.977258958038874,5.036171999992803,True,True,441.0,393.0,True,True,True,0.06097277565919179,-0.9410869580460712,0.842555431402149,-48.0
v300_s3_p0,300,0.0,h2,4,2.033738820232047,2.042708207436717,5.709030625002924,4.963962416979484,True,True,441.0,393.0,True,True,True,0.008969387204669665,-0.7450682080234401,0.8694930440974717,-48.0
v300_s3_p0,300,0.0,h3,0,1.5553082549895767,1.5719904791101393,14.530112791981082,11.407165625016205,True,True,441.0,393.0,True,True,True,0.01668222412056264,-3.1229471669648774,0.7850706865339423,-48.0
v300_s3_p0,300,0.0,h3,1,1.5648815621598506,1.5593378668547497,15.00441008299822,11.489393959054723,True,True,441.0,393.0,True,True,True,-0.005543695305100904,-3.5150161239434965,0.7657344671000144,-48.0
v300_s3_p0,300,0.0,h3,2,1.569747453841322,1.567766227499792,14.875578249979299,11.571358416986186,True,True,441.0,393.0,True,True,True,-0.0019812263415299736,-3.3042198329931125,0.7778762090813034,-48.0
v300_s3_p0,300,0.0,h3,3,1.563970115823005,1.5464361510823763,14.805995583010372,11.574387500004377,True,True,441.0,393.0,True,True,True,-0.017533964740628738,-3.2316080830059946,0.7817365225534574,-48.0
v300_s3_p0,300,0.0,h3,4,1.562406075247088,1.556671782512127,14.991775000002235,11.599305582989473,True,True,441.0,393.0,True,True,True,-0.005734292734961066,-3.3924694170127623,0.7737112905568382,-48.0
v300_s3_p0,300,0.0,h4,0,1.5688511080480831,1.5927011229453858,20.07141762500396,16.366934708028566,True,True,243.0,285.0,True,True,True,0.02385001489730265,-3.704482916975394,0.8154349141557129,42.0
v300_s3_p0,300,0.0,h4,1,1.565640169197328,1.5968756203343426,19.555614417011384,16.166197082959116,True,True,235.0,270.0,True,True,True,0.031235451137014536,-3.3894173340522684,0.8266780443828028,35.0
v300_s3_p0,300,0.0,h4,2,1.572919158920004,1.587272578502738,23.05494116601767,18.534950874978676,True,True,240.0,243.0,True,True,True,0.01435341958273395,-4.519990291038994,0.8039470038769246,3.0
v300_s3_p0,300,0.0,h4,3,1.5883182169867596,1.555228436137734,20.92183104198193,22.638852416013833,True,True,258.0,187.0,True,True,True,-0.033089780849025585,1.7170213740319014,1.0820684083810117,-71.0
v300_s3_p0,300,0.0,h4,4,1.584746360627069,1.590815554181124,19.968925625027623,16.237558291002642,True,True,255.0,264.0,True,True,True,0.006069193554054886,-3.7313673340249807,0.8131413074447855,9.0
v300_s3_p0,300,0.0,h2+3,0,1.5585293137382776,1.555698081106812,14.971014457987621,11.55524954100838,True,True,441.0,393.0,True,True,True,-0.0028312326314656744,-3.415764916979242,0.771841452256644,-48.0
v300_s3_p0,300,0.0,h2+3,1,1.571452836994159,1.5523925540138974,15.098160583991557,11.704465750022791,True,True,441.0,393.0,True,True,True,-0.019060282980261523,-3.393694833968766,0.7752246165955428,-48.0
v300_s3_p0,300,0.0,h2+3,2,1.5584441018116215,1.561512596258338,15.253790459013544,11.798450415953994,True,True,441.0,393.0,True,True,True,0.00306849444671653,-3.4553400430595502,0.7734766284915254,-48.0
v300_s3_p0,300,0.0,h2+3,3,1.5589088596340839,1.5783238494639567,15.074439165997319,11.732446582987905,True,True,441.0,393.0,True,True,True,0.019414989829872775,-3.3419925830094144,0.7783007018564388,-48.0
v300_s3_p0,300,0.0,h2+3,4,1.5781061003752612,1.5463898149380588,15.163394332979806,11.814939957985189,True,True,441.0,393.0,True,True,True,-0.031716285437202396,-3.348454374994617,0.7791751436740086,-48.0
v300_s3_p0,300,0.0,h2+3+4,0,1.5701129868756392,1.605463890374892,22.488647749996744,18.814887082960922,True,True,243.0,285.0,True,True,True,0.03535090349925274,-3.673760667035822,0.836639325410913,42.0
v300_s3_p0,300,0.0,h2+3+4,1,1.5564409615084407,1.5932795281165395,21.979454624990467,18.821361916023307,True,True,235.0,270.0,True,True,True,0.03683856660809881,-3.1580927089671604,0.8563161478366969,35.0
v300_s3_p0,300,0.0,h2+3+4,2,1.5569368863109323,1.5645182280803267,25.209359458007384,20.92841358296573,True,True,240.0,243.0,True,True,True,0.007581341769394401,-4.2809458750416525,0.830184266197931,3.0
v300_s3_p0,300,0.0,h2+3+4,3,1.5597390025030942,1.5499525486440802,23.821741583000403,24.233564542024396,True,True,258.0,187.0,True,True,True,-0.009786453859014,0.41182295902399346,1.0172876931600112,-71.0
v300_s3_p0,300,0.0,h2+3+4,4,1.5741470578716206,1.6029035923874948,22.187105499964673,18.297222250024788,True,True,255.0,264.0,True,True,True,0.028756534515874232,-3.889883249939885,0.8246782010413175,9.0
v300_s3_p10,300,0.1,h2,0,2.7256812662341208,,4.281837249989621,1.8578363749547862,True,True,397.0,261.0,True,False,False,,-2.424000875034835,0.43388766701940606,-136.0
v300_s3_p10,300,0.1,h2,1,2.440219699714362,2.566868722720688,4.365640125004575,2.052358250017278,True,True,397.0,261.0,True,True,True,0.1266490230063262,-2.3132818749872968,0.4701162237955029,-136.0
v300_s3_p10,300,0.1,h2,2,2.7490299074863858,2.719567033228168,4.527706999971997,2.0990869590314105,True,True,397.0,261.0,True,True,True,-0.02946287425821792,-2.4286200409405865,0.46360927485908277,-136.0
v300_s3_p10,300,0.1,h2,3,2.306235815127874,2.270728773798648,4.647292374982499,2.107539375021588,True,True,397.0,261.0,True,True,True,-0.03550704132922622,-2.5397529999609105,0.4534983394561064,-136.0
v300_s3_p10,300,0.1,h2,4,,2.70528155462819,4.113415999978315,2.024365958000999,True,True,397.0,261.0,False,True,False,,-2.089050041977316,0.49213742495572316,-136.0
v300_s3_p10,300,0.1,h3,0,1.9045213932068046,1.8118793559204822,8.720952874980867,5.50898841698654,True,True,397.0,261.0,True,True,True,-0.09264203728632237,-3.211964457994327,0.6316956983899109,-136.0
v300_s3_p10,300,0.1,h3,1,1.924633825953855,1.8029634603617144,9.522422084002756,5.593263584014494,True,True,397.0,261.0,True,True,True,-0.1216703655921405,-3.9291584999882616,0.5873782462773759,-136.0
v300_s3_p10,300,0.1,h3,2,1.910467304317547,1.8235337823086128,8.32438170799287,5.74493845901452,True,True,397.0,261.0,True,True,True,-0.08693352200893423,-2.5794432489783503,0.6901339535521742,-136.0
v300_s3_p10,300,0.1,h3,3,1.8809992430098121,1.8177465113967948,9.05524004198378,5.655525750014931,True,True,397.0,261.0,True,True,True,-0.06325273161301737,-3.3997142919688486,0.6245583467465922,-136.0
v300_s3_p10,300,0.1,h3,4,1.9109051022838355,1.8235130938219606,8.785178416990675,5.660339082998689,True,True,397.0,261.0,True,True,True,-0.08739200846187489,-3.1248393339919858,0.6443055353379623,-136.0
v300_s3_p10,300,0.1,h4,0,1.9471478325007858,1.8215833579344136,15.843188708007801,9.40408520802157,True,True,201.0,141.0,True,True,True,-0.1255644745663722,-6.439103499986231,0.5935727574379239,-60.0
v300_s3_p10,300,0.1,h4,1,1.9180696069755985,1.812035717155513,16.94374366599368,8.939262000028975,True,True,195.0,163.0,True,True,True,-0.10603388982008544,-8.004481665964704,0.5275848228257958,-32.0
v300_s3_p10,300,0.1,h4,2,1.8367711247778702,1.9291900991844093,16.43891591700958,8.784492290986236,True,True,201.0,191.0,True,True,True,0.09241897440653912,-7.654423626023345,0.5343717514788671,-10.0
v300_s3_p10,300,0.1,h4,3,1.8379085023495627,1.8936810458188413,16.532033291994594,9.072168958024122,True,True,201.0,179.0,True,True,True,0.055772543469278624,-7.459864333970472,0.5487630467340755,-22.0
v300_s3_p10,300,0.1,h4,4,1.8559273862899615,1.899630568791823,16.945635541982483,8.20537170796888,True,True,185.0,199.0,True,True,True,0.04370318250186145,-8.740263834013604,0.4842174073459936,14.0
v300_s3_p10,300,0.1,h2+3,0,1.8399615719767095,1.8439193385593349,8.410468916990794,5.738737457955722,True,True,397.0,261.0,True,True,True,0.003957766582625366,-2.6717314590350725,0.6823326397844891,-136.0
v300_s3_p10,300,0.1,h2+3,1,1.8813522974509704,1.8479195662165226,9.069032125000376,5.745355917024426,True,True,397.0,261.0,True,True,True,-0.03343273123444779,-3.32367620797595,0.6335136801628859,-136.0
v300_s3_p10,300,0.1,h2+3,2,1.8029548133380897,1.8147772966491456,9.013322957966011,5.929126625007484,True,True,397.0,261.0,True,True,True,0.011822483311055842,-3.084196332958527,0.6578180602934346,-136.0
v300_s3_p10,300,0.1,h2+3,3,1.850542487347882,1.831122059906032,8.787479207967408,5.757955875014886,True,True,397.0,261.0,True,True,True,-0.019420427441849908,-3.0295233329525217,0.6552454621792195,-136.0
v300_s3_p10,300,0.1,h2+3,4,1.8936614987104843,1.890728824053073,9.28197191702202,5.834657083963975,True,True,397.0,261.0,True,True,True,-0.002932674657411205,-3.4473148330580443,0.6286010274674411,-136.0
v300_s3_p10,300,0.1,h2+3+4,0,1.9978392096930124,1.8350346674597673,18.027939917054027,11.060251124959905,True,True,201.0,141.0,True,True,True,-0.16280454223324514,-6.967688792094123,0.6135061008549931,-60.0
v300_s3_p10,300,0.1,h2+3+4,1,1.922514181234243,1.8471190466520437,18.839476709021255,10.472331584023777,True,True,195.0,163.0,True,True,True,-0.07539513458219926,-8.367145124997478,0.555871680820578,-32.0
v300_s3_p10,300,0.1,h2+3+4,2,1.8191871013664576,1.9091070270244708,18.54656845901627,10.182501415954903,True,True,201.0,191.0,True,True,True,0.08991992565801321,-8.364067043061368,0.5490234723720419,-10.0
v300_s3_p10,300,0.1,h2+3+4,3,1.8468816952139782,1.8262516538187927,18.725525290996302,10.361698625027202,True,True,201.0,179.0,True,True,True,-0.020630041395185428,-8.3638266659691,0.5533462193452786,-22.0
v300_s3_p10,300,0.1,h2+3+4,4,1.9417471265560122,1.8630254644213855,18.758296707994305,9.60582166700624,True,True,185.0,199.0,True,True,True,-0.07872166213462672,-9.152475040988065,0.5120838963439833,14.0
v300_s3_p30,300,0.3,h2,0,,3.1559374322627094,2.2469031660002656,0.46348462504101917,True,True,334.0,72.0,False,True,False,,-1.7834185409592465,0.20627708040755166,-262.0
v300_s3_p30,300,0.3,h2,1,,3.059197867716804,2.147311707958579,0.4856747500016354,True,True,334.0,72.0,False,True,False,,-1.6616369579569437,0.22617803842897125,-262.0
v300_s3_p30,300,0.3,h2,2,,2.784446488040751,2.365149791003205,0.4998562499531545,True,True,334.0,72.0,False,True,False,,-1.8652935410500504,0.21134232252627638,-262.0
v300_s3_p30,300,0.3,h2,3,,2.9971575654739375,2.216773041000124,0.4778307499946095,True,True,334.0,72.0,False,True,False,,-1.7389422910055146,0.21555240033911202,-262.0
v300_s3_p30,300,0.3,h2,4,,,2.220971249975264,0.3912944169715047,True,True,334.0,72.0,False,False,False,,-1.8296768330037594,0.17618166690625225,-262.0
v300_s3_p30,300,0.3,h3,0,,2.6724397834059364,2.2994068330153823,0.6054911250248551,True,True,334.0,72.0,False,True,False,,-1.6939157079905272,0.2633249220325356,-262.0
v300_s3_p30,300,0.3,h3,1,,2.912286196220485,2.3869883330189623,0.5690362500026822,True,True,334.0,72.0,False,True,False,,-1.81795208301628,0.2383908803119239,-262.0
v300_s3_p30,300,0.3,h3,2,,2.7460429241836968,2.3072054170188494,0.6054209590074606,True,True,334.0,72.0,False,True,False,,-1.7017844580113888,0.2624044458900967,-262.0
v300_s3_p30,300,0.3,h3,3,,2.638053086693074,2.4645979999913834,0.588939708948601,True,True,334.0,72.0,False,True,False,,-1.8756582910427824,0.23895974473348597,-262.0
v300_s3_p30,300,0.3,h3,4,,2.6227735342759932,2.350214959005825,0.590542915975675,True,True,334.0,72.0,False,True,False,,-1.7596720430301502,0.2512718735419347,-262.0
v300_s3_p30,300,0.3,h4,0,,3.038341364670305,7.638701040996239,1.0801262920140289,True,True,401.0,46.0,False,True,False,,-6.55857474898221,0.14140182816647567,-355.0
v300_s3_p30,300,0.3,h4,1,,3.0409269456199435,7.540769583021756,1.1197253750287928,True,True,345.0,46.0,False,True,False,,-6.4210442079929635,0.14848953580943308,-299.0
v300_s3_p30,300,0.3,h4,2,,3.0282842516282154,7.50280225003371,1.1140659160446376,True,True,345.0,46.0,False,True,False,,-6.388736333989073,0.1484866425793952,-299.0
v300_s3_p30,300,0.3,h4,3,,2.96494755307186,7.870430208975449,1.160201542021241,True,True,401.0,37.0,False,True,False,,-6.710228666954208,0.1474127222039458,-364.0
v300_s3_p30,300,0.3,h4,4,,3.0282842516282154,7.918155332969036,1.0832716249860823,True,True,401.0,46.0,False,True,False,,-6.834883707982954,0.13680858475655752,-355.0
v300_s3_p30,300,0.3,h2+3,0,,2.5817790046449782,2.58591870800592,0.5655008339672349,True,True,334.0,72.0,False,True,False,,-2.020417874038685,0.21868469113760722,-262.0
v300_s3_p30,300,0.3,h2+3,1,,2.6776729620689,2.4788799160160124,0.5968460829462856,True,True,334.0,72.0,False,True,False,,-1.8820338330697268,0.24077248723912378,-262.0
v300_s3_p30,300,0.3,h2+3,2,,2.6323793649786325,2.4956699169706553,0.6326469999621622,True,True,334.0,72.0,False,True,False,,-1.863022917008493,0.2534978667091098,-262.0
v300_s3_p30,300,0.3,h2+3,3,,2.6407519646083135,2.5303984999773093,0.6197954170056619,True,True,334.0,72.0,False,True,False,,-1.9106030829716474,0.2449398452501532,-262.0
v300_s3_p30,300,0.3,h2+3,4,,2.6336647224380303,2.6299611249705777,0.6089454999892041,True,True,334.0,72.0,False,True,False,,-2.0210156249813735,0.2315416354285528,-262.0
v300_s3_p30,300,0.3,h2+3+4,0,,3.017132805745573,9.233494791027624,1.3467235000571236,True,True,401.0,48.0,False,True,False,,-7.886771290970501,0.14585198026707746,-353.0
v300_s3_p30,300,0.3,h2+3+4,1,,3.184919204446839,8.896017000020947,1.429451624979265,True,True,345.0,48.0,False,True,False,,-7.466565375041682,0.16068445293842168,-297.0
v300_s3_p30,300,0.3,h2+3+4,2,,2.9926629863155565,9.102177749969997,1.377372665971052,True,True,345.0,48.0,False,True,False,,-7.724805083998945,0.1513234199338276,-297.0
v300_s3_p30,300,0.3,h2+3+4,3,,3.048593614270598,9.326173334033228,1.4171514170011505,True,True,401.0,38.0,False,True,False,,-7.909021917032078,0.15195422240648881,-363.0
v300_s3_p30,300,0.3,h2+3+4,4,,2.992662986315557,9.324853541969787,1.413947916997131,True,True,401.0,48.0,False,True,False,,-7.910905624972656,0.1516321849595986,-353.0
v300_s3_p50,300,0.5,h2,0,,3.0080446260052884,2.118786499951966,0.5174402500269935,True,True,334.0,72.0,False,True,False,,-1.6013462499249727,0.24421537990671738,-262.0
v300_s3_p50,300,0.5,h2,1,,3.5605104840636175,2.358344624983147,0.4751600409508683,True,True,334.0,72.0,False,True,False,,-1.8831845840322785,0.20148032476562405,-262.0
v300_s3_p50,300,0.5,h2,2,,,2.274729832948651,0.4069871670217253,True,True,334.0,72.0,False,False,False,,-1.8677426659269258,0.17891670523974373,-262.0
v300_s3_p50,300,0.5,h2,3,,3.041339162809072,2.252353000047151,0.48526304197730497,True,True,334.0,72.0,False,True,False,,-1.767089958069846,0.21544715325135377,-262.0
v300_s3_p50,300,0.5,h2,4,,2.8771281093849326,2.176376916002482,0.46583929198095575,True,True,334.0,72.0,False,True,False,,-1.7105376240215264,0.21404348141892554,-262.0
v300_s3_p50,300,0.5,h3,0,,2.7583548183434603,2.3021983340149745,0.5336350420257077,True,True,334.0,72.0,False,True,False,,-1.7685632919892669,0.23179368785966495,-262.0
v300_s3_p50,300,0.5,h3,1,,2.69706109508992,2.262759541044943,0.5987860829918645,True,True,334.0,72.0,False,True,False,,-1.6639734580530785,0.26462647582753973,-262.0
v300_s3_p50,300,0.5,h3,2,,2.693711483799564,2.3154150000191294,0.6211362920003012,True,True,334.0,72.0,False,True,False,,-1.6942787080188282,0.26826132334599606,-262.0
v300_s3_p50,300,0.5,h3,3,,2.7581537771304685,2.4562882090103813,0.608112916990649,True,True,334.0,72.0,False,True,False,,-1.8481752920197323,0.24757392669146622,-262.0
v300_s3_p50,300,0.5,h3,4,,2.629860776446219,2.3862483340199105,0.6177289999905042,True,True,334.0,72.0,False,True,False,,-1.7685193340294063,0.2588703745472578,-262.0
v300_s3_p50,300,0.5,h4,0,,3.0592040522182895,7.592069166013971,1.1363620839547366,True,True,401.0,46.0,False,True,False,,-6.455707082059234,0.14967751993642012,-355.0
v300_s3_p50,300,0.5,h4,1,,3.1759765945113143,7.610687999986112,1.0534382080077194,True,True,401.0,51.0,False,True,False,,-6.557249791978393,0.13841563443536795,-350.0
v300_s3_p50,300,0.5,h4,2,,2.9269871112139443,7.85336729203118,1.1085200000088662,True,True,401.0,46.0,False,True,False,,-6.744847292022314,0.14115219100139154,-355.0
v300_s3_p50,300,0.5,h4,3,,3.199580172469572,7.535099959000945,1.129317833983805,True,True,401.0,46.0,False,True,False,,-6.40578212501714,0.14987430029176915,-355.0
v300_s3_p50,300,0.5,h4,4,,3.199580172469572,7.53301608399488,1.1013756669708528,True,True,401.0,46.0,False,True,False,,-6.431640417024028,0.14620646693041114,-355.0
v300_s3_p50,300,0.5,h2+3,0,,2.7692460065055386,2.4886276660254225,0.5855426249909215,True,True,334.0,72.0,False,True,False,,-1.903085041034501,0.2352873565558681,-262.0
v300_s3_p50,300,0.5,h2+3,1,,2.709121926723066,2.5200357499998063,0.6090795409982093,True,True,334.0,72.0,False,True,False,,-1.910956209001597,0.24169480174964028,-262.0
v300_s3_p50,300,0.5,h2+3,2,3.910972946802155,2.750334572859179,2.705443999962881,0.6176521249581128,True,True,334.0,72.0,True,True,True,-1.1606383739429762,-2.0877918750047684,0.2282997263911532,-262.0
v300_s3_p50,300,0.5,h2+3,3,,2.6649407698977985,2.5210800409549847,0.604904624982737,True,True,334.0,72.0,False,True,False,,-1.9161754159722477,0.23993868308663427,-262.0
v300_s3_p50,300,0.5,h2+3,4,,2.6925853711121026,2.5007295410032384,0.6617955419933423,True,True,334.0,72.0,False,True,False,,-1.838933999009896,0.2646409902159369,-262.0
v300_s3_p50,300,0.5,h2+3+4,0,,3.0326123265718863,9.176743083982728,1.445821542001795,True,True,401.0,48.0,False,True,False,,-7.730921541980933,0.1575527971928691,-353.0
v300_s3_p50,300,0.5,h2+3+4,1,,3.0393067823458098,9.183502083003987,1.3466904170345515,True,True,401.0,53.0,False,True,False,,-7.836811665969435,0.14664235983861615,-348.0
v300_s3_p50,300,0.5,h2+3+4,2,,3.229087455320081,9.509225749992765,1.419662874948699,True,True,401.0,48.0,False,True,False,,-8.089562875044066,0.14929321400848844,-353.0
v300_s3_p50,300,0.5,h2+3+4,3,,3.059204052218296,8.856070999987423,1.4679119169595651,True,True,401.0,48.0,False,True,False,,-7.388159083027858,0.16575204929608736,-353.0
v300_s3_p50,300,0.5,h2+3+4,4,,2.937453618496769,9.016659166954923,1.3740752500016242,True,True,401.0,48.0,False,True,False,,-7.642583916953299,0.1523929456086641,-353.0
v300_s4_p0,300,0.0,h2,0,2.156875483949479,1.9988279554558424,5.875145124970004,4.72241699998267,True,True,441.0,393.0,True,True,True,-0.15804752849363668,-1.152728124987334,0.8037958041090569,-48.0
v300_s4_p0,300,0.0,h2,1,1.9697461112199688,1.9477999230965977,5.798676458012778,4.758580667024944,True,True,441.0,393.0,True,True,True,-0.021946188123371124,-1.0400957909878343,0.8206322083118468,-48.0
v300_s4_p0,300,0.0,h2,2,1.9943047940108325,1.9364493036921313,6.103344791976269,4.749720750027336,True,True,441.0,393.0,True,True,True,-0.057855490318701186,-1.3536240419489332,0.7782160293928555,-48.0
v300_s4_p0,300,0.0,h2,3,2.0822816171600347,2.197709209421681,5.747535000031348,4.6509275829885155,True,True,441.0,393.0,True,True,True,0.11542759226164634,-1.0966074170428328,0.8092038731322468,-48.0
v300_s4_p0,300,0.0,h2,4,1.9832241560925163,2.0865580217510558,5.8366749589913525,4.8993501249933615,True,True,441.0,393.0,True,True,True,0.10333386565853941,-0.9373248339979909,0.8394077380385815,-48.0
v300_s4_p0,300,0.0,h3,0,1.5582280514662366,1.5642716069094473,14.72879299998749,11.374612833955325,True,True,441.0,393.0,True,True,True,0.00604355544321078,-3.3541801660321653,0.7722705339103473,-48.0
v300_s4_p0,300,0.0,h3,1,1.5727365436785976,1.5726229111117058,15.018810292007402,11.56309141597012,True,True,441.0,393.0,True,True,True,-0.00011363256689178591,-3.455718876037281,0.7699072823447061,-48.0
v300_s4_p0,300,0.0,h3,2,1.549335885618183,1.560309386619098,15.249904041003902,11.693582082982175,True,True,441.0,393.0,True,True,True,0.010973501000915098,-3.5563219580217265,0.766797092725338,-48.0
v300_s4_p0,300,0.0,h3,3,1.5635058843071081,1.6013634384129636,14.839640666963533,11.491263957985211,True,True,441.0,393.0,True,True,True,0.03785755410585545,-3.3483767089783214,0.774362682754672,-48.0
v300_s4_p0,300,0.0,h3,4,1.5721192150404526,1.5540851023733055,14.795684374985285,11.565713082964066,True,True,441.0,393.0,True,True,True,-0.01803411266714705,-3.2299712920212187,0.7816950395696427,-48.0
v300_s4_p0,300,0.0,h4,0,1.5486992718029806,1.5778353037255155,21.09942341700662,18.316991708008572,True,True,229.0,235.0,True,True,True,0.02913603192253489,-2.782431708998047,0.8681275950528893,6.0
v300_s4_p0,300,0.0,h4,1,1.576955339118776,1.5455646286634985,22.98411733401008,20.56319600000279,True,True,248.0,208.0,True,True,True,-0.031390710455277526,-2.4209213340072893,0.8946698148627618,-40.0
v300_s4_p0,300,0.0,h4,2,1.5915462918256895,1.6138382816657781,20.52327620901633,17.396055542048998,True,True,239.0,254.0,True,True,True,0.022291989840088622,-3.1272206669673324,0.8476256600009371,15.0
v300_s4_p0,300,0.0,h4,3,1.5740525206708917,1.6037289504226595,20.961178708006628,17.754810584010556,True,True,236.0,286.0,True,True,True,0.029676429751767763,-3.2063681239960715,0.8470330238265026,50.0
v300_s4_p0,300,0.0,h4,4,1.5569840903342662,1.561592124642916,20.67968216596637,20.4631798749906,True,True,234.0,229.0,True,True,True,0.0046080343086498665,-0.21650229097576812,0.9895306760888193,-5.0
v300_s4_p0,300,0.0,h2+3,0,1.5690743688823636,1.569607001934842,15.086902707989793,11.49679250002373,True,True,441.0,393.0,True,True,True,0.0005326330524784151,-3.590110207966063,0.762037955871168,-48.0
v300_s4_p0,300,0.0,h2+3,1,1.5608938874856277,1.5824460664775613,15.00504366599489,11.65334958297899,True,True,441.0,393.0,True,True,True,0.021552178991933513,-3.3516940830159,0.7766288351021823,-48.0
v300_s4_p0,300,0.0,h2+3,2,1.57561940179265,1.555961692834602,15.255148458003532,11.802759499987587,True,True,441.0,393.0,True,True,True,-0.01965770895804786,-3.452388958015945,0.7736902418537482,-48.0
v300_s4_p0,300,0.0,h2+3,3,1.5697221494116969,1.5686208127532528,15.062429625017103,11.766156082972884,True,True,441.0,393.0,True,True,True,-0.0011013366584440298,-3.2962735420442186,0.7811592403014812,-48.0
v300_s4_p0,300,0.0,h2+3,4,1.562002325655433,1.5674222191576002,15.104636042029597,11.85583154100459,True,True,441.0,393.0,True,True,True,0.005419893502167206,-3.248804501025006,0.7849134204899076,-48.0
v300_s4_p0,300,0.0,h2+3+4,0,1.5607400705445376,1.5547364642433614,23.45141166698886,20.62887629098259,True,True,229.0,235.0,True,True,True,-0.006003606301176134,-2.8225353760062717,0.8796432634381928,6.0
v300_s4_p0,300,0.0,h2+3+4,1,1.5733301956014176,1.5698410685777902,25.266117833030876,22.97635558299953,True,True,248.0,208.0,True,True,True,-0.0034891270236274696,-2.2897622500313446,0.9093741957049731,-40.0
v300_s4_p0,300,0.0,h2+3+4,2,1.5745513542711889,1.5784792038735223,23.460931874986272,19.805549708020408,True,True,239.0,254.0,True,True,True,0.003927849602333389,-3.6553821669658646,0.8441927973516182,15.0
v300_s4_p0,300,0.0,h2+3+4,3,1.5644620780953904,1.638809909606082,23.832205209007952,20.100885083025787,True,True,236.0,286.0,True,True,True,0.07434783151069158,-3.7313201259821653,0.8434337027036078,50.0
v300_s4_p0,300,0.0,h2+3+4,4,1.547932421308875,1.547358220297312,23.366735041025095,22.758039916981943,True,True,234.0,229.0,True,True,True,-0.0005742010115630247,-0.6086951240431517,0.9739503562233036,-5.0
v300_s4_p10,300,0.1,h2,0,2.935262503412129,3.093684007112321,4.160701374989003,2.0116535420529544,True,True,397.0,261.0,True,True,True,0.15842150370019192,-2.1490478329360485,0.4834890468576999,-136.0
v300_s4_p10,300,0.1,h2,1,2.443980710800459,2.7401426190711278,3.8901159170200117,2.028100707975682,True,True,397.0,261.0,True,True,True,0.2961619082706686,-1.8620152090443298,0.521347114388635,-136.0
v300_s4_p10,300,0.1,h2,2,2.6225566808914396,,4.285135000012815,1.8655655829934403,True,True,397.0,261.0,True,False,False,,-2.4195694170193747,0.435357481850131,-136.0
v300_s4_p10,300,0.1,h2,3,2.6290431239203262,2.6133296005170856,4.307905083987862,2.0102209169999696,True,True,397.0,261.0,True,True,True,-0.015713523403240615,-2.2976841669878922,0.4666353779408464,-136.0
v300_s4_p10,300,0.1,h2,4,3.0258713173780807,2.3141146892139584,4.219680958020035,1.9976447090157308,True,True,397.0,261.0,True,True,True,-0.7117566281641223,-2.2220362490043044,0.473411314478398,-136.0
v300_s4_p10,300,0.1,h3,0,2.0335091144412645,1.870469052475509,7.275927459006198,5.297824625042267,True,True,397.0,261.0,True,True,True,-0.1630400619657555,-1.9781028339639306,0.7281304898779027,-136.0
v300_s4_p10,300,0.1,h3,1,2.0055661653542503,1.9088660442033385,7.626486000022851,5.545912917004898,True,True,397.0,261.0,True,True,True,-0.09670012115091176,-2.0805730830179527,0.7271911227514587,-136.0
v300_s4_p10,300,0.1,h3,2,1.9849610285458972,1.8993319051556974,8.885550165956374,5.679364665993489,True,True,397.0,261.0,True,True,True,-0.08562912339019979,-3.206185499962885,0.6391686006965676,-136.0
v300_s4_p10,300,0.1,h3,3,1.9771761122021134,1.870722101507541,7.893497250042856,5.642527916992549,True,True,397.0,261.0,True,True,True,-0.10645401069457239,-2.250969333050307,0.7148324422310927,-136.0
v300_s4_p10,300,0.1,h3,4,1.9454164908588507,1.8860228852150152,8.140970082953572,5.576618582999799,True,True,397.0,261.0,True,True,True,-0.059393605643835556,-2.564351499953773,0.6850066424733233,-136.0
v300_s4_p10,300,0.1,h4,0,1.9265215490638783,1.9193891279928852,17.231114499969408,9.195950124994852,True,True,164.0,144.0,True,True,True,-0.0071324210709931,-8.035164374974556,0.5336828401326669,-20.0
v300_s4_p10,300,0.1,h4,1,1.8320398592562113,1.8616025489917585,17.40461274998961,11.091101249970961,True,True,164.0,138.0,True,True,True,0.02956268973554721,-6.313511500018649,0.6372506765470884,-26.0
v300_s4_p10,300,0.1,h4,2,1.8655670024106608,1.9597185338082799,16.769410584005527,9.011635041970294,True,True,176.0,146.0,True,True,True,0.09415153139761911,-7.757775542035233,0.5373853181557549,-30.0
v300_s4_p10,300,0.1,h4,3,2.3507993794733193,1.9212337774256725,17.26983725000173,8.42181441700086,True,True,164.0,167.0,True,True,True,-0.4295656020476468,-8.848022833000869,0.48766032331891357,3.0
v300_s4_p10,300,0.1,h4,4,2.042654376220754,1.9393282371699145,17.349999792000744,7.9830582499853335,True,True,164.0,188.0,True,True,True,-0.10332613905083932,-9.366941542015411,0.4601186366391739,24.0
v300_s4_p10,300,0.1,h2+3,0,2.0095867745339397,1.8787085947608653,7.407433541025966,5.7226693329866976,True,True,397.0,261.0,True,True,True,-0.13087817977307448,-1.6847642080392689,0.7725576343401225,-136.0
v300_s4_p10,300,0.1,h2+3,1,2.067903727214581,1.8865107456580696,8.228959125000983,5.7670835420140065,True,True,397.0,261.0,True,True,True,-0.18139298155651118,-2.461875582986977,0.7008278269960804,-136.0
v300_s4_p10,300,0.1,h2+3,2,2.0428071307668785,1.907793564920472,8.025375791999977,5.775206874997821,True,True,397.0,261.0,True,True,True,-0.13501356584640645,-2.2501689170021564,0.7196182489989794,-136.0
v300_s4_p10,300,0.1,h2+3,3,1.995558637997042,1.8523085501710883,8.183840375044383,5.635707250039559,True,True,397.0,261.0,True,True,True,-0.14325008782595372,-2.5481331250048243,0.6886384621118657,-136.0
v300_s4_p10,300,0.1,h2+3,4,2.0261836370906217,1.90778119113999,8.588165000022855,5.717713082965929,True,True,397.0,261.0,True,True,True,-0.11840244595063165,-2.8704519170569256,0.6657665616520774,-136.0
v300_s4_p10,300,0.1,h2+3+4,0,1.908776644766914,1.8979755584094615,19.221234624972567,10.809269749966916,True,True,164.0,145.0,True,True,True,-0.010801086357452583,-8.411964875005651,0.562360845224964,-19.0
v300_s4_p10,300,0.1,h2+3+4,1,1.9680197950266336,1.8538174693882603,19.206855292024557,12.514373500016518,True,True,164.0,138.0,True,True,True,-0.11420232563837329,-6.692481792008039,0.6515576501069896,-26.0
v300_s4_p10,300,0.1,h2+3+4,2,1.9891699211376466,1.9642440953133358,18.928629166970495,10.565472874965053,True,True,176.0,147.0,True,True,True,-0.0249258258243108,-8.363156292005442,0.5581742228539862,-29.0
v300_s4_p10,300,0.1,h2+3+4,3,1.9429286909084398,1.9659157791802848,19.51740912499372,9.974468874977902,True,True,164.0,167.0,True,True,True,0.022987088271845035,-9.542940250015818,0.5110549669323033,3.0
v300_s4_p10,300,0.1,h2+3+4,4,1.8911480998277859,1.8590018010586613,19.60409829200944,9.547718041983899,True,True,164.0,188.0,True,True,True,-0.03214629876912456,-10.05638025002554,0.4870266359496634,24.0
v300_s4_p30,300,0.3,h2,0,,3.3388871383391296,2.233933166018687,0.5058476669946685,True,True,337.0,81.0,False,True,False,,-1.7280854990240186,0.22643813820813163,-256.0
v300_s4_p30,300,0.3,h2,1,,3.4118720629199104,2.2407119579729624,0.5316119169583544,True,True,337.0,81.0,False,True,False,,-1.709100041014608,0.23725134106004048,-256.0
v300_s4_p30,300,0.3,h2,2,,3.451498229966941,2.2595813339576125,0.5325862919562496,True,True,337.0,81.0,False,True,False,,-1.726995042001363,0.23570131508540795,-256.0
v300_s4_p30,300,0.3,h2,3,,3.499221871562384,2.333996333007235,0.5175349580240436,True,True,337.0,81.0,False,True,False,,-1.8164613749831915,0.2217376911459095,-256.0
v300_s4_p30,300,0.3,h2,4,,3.117116260859919,2.3073404590249993,0.5669859159970656,True,True,337.0,81.0,False,True,False,,-1.7403545430279337,0.24573136304152265,-256.0
v300_s4_p30,300,0.3,h3,0,,2.9455321719851004,2.3854818750405684,0.693466917029582,True,True,337.0,81.0,False,True,False,,-1.6920149580109864,0.29070307525090233,-256.0
v300_s4_p30,300,0.3,h3,1,3.354620602333519,2.964884561892482,2.5734870840096846,0.7032463329960592,True,True,337.0,81.0,True,True,True,-0.38973604044103727,-1.8702407510136254,0.27326592675194195,-256.0
v300_s4_p30,300,0.3,h3,2,,2.923422143733435,2.5298451249836944,0.6519890420022421,True,True,337.0,81.0,False,True,False,,-1.8778560829814523,0.25771895503146436,-256.0
v300_s4_p30,300,0.3,h3,3,,3.0017335974852566,2.436934957979247,0.7215118749882095,True,True,337.0,81.0,False,True,False,,-1.7154230829910375,0.2960735052143127,-256.0
v300_s4_p30,300,0.3,h3,4,,2.987695018281797,2.5009110829560086,0.6770609999657609,True,True,337.0,81.0,False,True,False,,-1.8238500829902478,0.2707257385438483,-256.0
v300_s4_p30,300,0.3,h4,0,,2.96222831123314,2.2202022910350934,1.3037417919840664,True,True,908.0,52.0,False,True,False,,-0.916460499051027,0.587217568979375,-856.0
v300_s4_p30,300,0.3,h4,1,,2.945362647702972,2.307584416004829,1.2739215409965254,True,True,908.0,52.0,False,True,False,,-1.0336628750083037,0.5520584781908405,-856.0
v300_s4_p30,300,0.3,h4,2,,3.0057697568813087,2.330671915959101,1.2904987919609994,True,True,908.0,52.0,False,True,False,,-1.0401731239981018,0.5537024679983509,-856.0
v300_s4_p30,300,0.3,h4,3,,2.971229756507233,2.2735031669726595,1.3240905000129715,True,True,908.0,51.0,False,True,False,,-0.9494126669596881,0.5824009921112613,-857.0
v300_s4_p30,300,0.3,h4,4,,2.9885170246098633,2.285426541988272,1.3098433340201154,True,True,908.0,51.0,False,True,False,,-0.9755832079681568,0.573128608579377,-857.0
v300_s4_p30,300,0.3,h2+3,0,,2.9440607184154546,2.598380959010683,0.6968234169762582,True,True,337.0,81.0,False,True,False,,-1.9015575420344248,0.2681760018906424,-256.0
v300_s4_p30,300,0.3,h2+3,1,,2.9260820631133955,2.703582624963019,0.6927288339938968,True,True,337.0,81.0,False,True,False,,-2.010853790969122,0.2562262486811818,-256.0
v300_s4_p30,300,0.3,h2+3,2,,2.9631668807115146,2.627339666010812,0.6938120839768089,True,True,337.0,81.0,False,True,False,,-1.933527582034003,0.26407399581883895,-256.0
v300_s4_p30,300,0.3,h2+3,3,,2.9975456379076815,2.737449333013501,0.7151587079861201,True,True,337.0,81.0,False,True,False,,-2.022290625027381,0.2612500254749347,-256.0
v300_s4_p30,300,0.3,h2+3,4,,3.0981616369874363,2.738652333035134,0.7496563750319183,True,True,337.0,81.0,False,True,False,,-1.9889959580032155,0.2737318519730124,-256.0
v300_s4_p30,300,0.3,h2+3+4,0,,2.955081641864857,2.8219371250015683,1.510532999993302,True,True,908.0,52.0,False,True,False,,-1.3114041250082664,0.535282301866475,-856.0
v300_s4_p30,300,0.3,h2+3+4,1,,2.955081641864857,2.846746416995302,1.6060381249990314,True,True,908.0,52.0,False,True,False,,-1.2407082919962704,0.564166205816878,-856.0
v300_s4_p30,300,0.3,h2+3+4,2,,3.0012835644117244,2.8649312920169905,1.623948417021893,True,True,908.0,52.0,False,True,False,,-1.2409828749950975,0.5668367759977199,-856.0
v300_s4_p30,300,0.3,h2+3+4,3,,2.9465484392794417,2.766059082990978,1.5880619160016067,True,True,908.0,51.0,False,True,False,,-1.1779971669893712,0.5741243655158709,-857.0
v300_s4_p30,300,0.3,h2+3+4,4,,2.9800429787206717,2.837135416979436,1.642724499979522,True,True,908.0,51.0,False,True,False,,-1.1944109169999138,0.5790081397413358,-857.0
v300_s4_p50,300,0.5,h2,0,,3.4908133324129027,2.2904585839714855,0.5254963749903254,True,True,337.0,81.0,False,True,False,,-1.76496220898116,0.22942845536161305,-256.0
v300_s4_p50,300,0.5,h2,1,,3.755582021980705,2.484611625026446,0.5091315000317991,True,True,337.0,81.0,False,True,False,,-1.9754801249946468,0.20491391688887392,-256.0
v300_s4_p50,300,0.5,h2,2,,,2.4414395000203513,0.4307037079706788,True,True,337.0,81.0,False,False,False,,-2.0107357920496725,0.17641383616800194,-256.0
v300_s4_p50,300,0.5,h2,3,,3.609389638972792,2.2491101669729687,0.5447915000258945,True,True,337.0,81.0,False,True,False,,-1.7043186669470742,0.24222535117482405,-256.0
v300_s4_p50,300,0.5,h2,4,,3.591477287888221,2.303972875000909,0.5140559580177069,True,True,337.0,81.0,False,True,False,,-1.789916916983202,0.22311719187123852,-256.0
v300_s4_p50,300,0.5,h3,0,,2.8433570145360663,2.4789337920374237,0.6635277500026859,True,True,337.0,81.0,False,True,False,,-1.8154060420347378,0.26766658800408527,-256.0
v300_s4_p50,300,0.5,h3,1,,2.838861363301995,2.434453834022861,0.6395336670102552,True,True,337.0,81.0,False,True,False,,-1.7949201670126058,0.26270108640895656,-256.0
v300_s4_p50,300,0.5,h3,2,,2.928956073193131,2.538041624997277,0.675576166016981,True,True,337.0,81.0,False,True,False,,-1.8624654589802958,0.26618009703355666,-256.0
v300_s4_p50,300,0.5,h3,3,,2.870067241615885,2.5267845410271548,0.7171886250143871,True,True,337.0,81.0,False,True,False,,-1.8095959160127677,0.2838344992893003,-256.0
v300_s4_p50,300,0.5,h3,4,,3.1518906662148742,2.454762374982238,0.7064557080157101,True,True,337.0,81.0,False,True,False,,-1.7483066669665277,0.28778985502448967,-256.0
v300_s4_p50,300,0.5,h4,0,,2.888763614164182,2.2854552079807036,1.3138662499841303,True,True,908.0,51.0,False,True,False,,-0.9715889579965733,0.5748816451953074,-857.0
v300_s4_p50,300,0.5,h4,1,,2.931939285000564,2.286918208003044,1.3530356669798493,True,True,908.0,51.0,False,True,False,,-0.9338825410231948,0.591641477270554,-857.0
v300_s4_p50,300,0.5,h4,2,,3.0218065858384757,2.3544767079874873,1.3613795000128448,True,True,908.0,59.0,False,True,False,,-0.9930972079746425,0.5782089478287927,-849.0
v300_s4_p50,300,0.5,h4,3,,2.945800597627615,2.295367000042461,1.2571450409595855,True,True,908.0,52.0,False,True,False,,-1.0382219590828754,0.5476880346089885,-856.0
v300_s4_p50,300,0.5,h4,4,,2.9588650423610745,2.27966166700935,1.3274774170131423,True,True,908.0,52.0,False,True,False,,-0.9521842499962077,0.5823133477322702,-856.0
v300_s4_p50,300,0.5,h2+3,0,,2.9241709312078834,2.5787006249884143,0.7040615000296384,True,True,337.0,81.0,False,True,False,,-1.874639124958776,0.27302956117009575,-256.0
v300_s4_p50,300,0.5,h2+3,1,,2.936716462340221,2.5776154159684666,0.7045635000104085,True,True,337.0,81.0,False,True,False,,-1.873051915958058,0.2733392637418288,-256.0
v300_s4_p50,300,0.5,h2+3,2,,3.0000527449906356,2.665635082987137,0.7476067499956116,True,True,337.0,81.0,False,True,False,,-1.9180283329915255,0.280461025879745,-256.0
v300_s4_p50,300,0.5,h2+3,3,,2.9649518683512084,2.6348372909706086,0.7273544159834273,True,True,337.0,81.0,False,True,False,,-1.9074828749871813,0.2760528775253094,-256.0
v300_s4_p50,300,0.5,h2+3,4,,3.2134052080626345,2.57275525003206,0.7250287919887342,True,True,337.0,81.0,False,True,False,,-1.8477264580433257,0.2818102468082416,-256.0
v300_s4_p50,300,0.5,h2+3+4,0,,2.888763614164182,2.71703612501733,1.5463727500173263,True,True,908.0,51.0,False,True,False,,-1.1706633750000037,0.5691395619583317,-857.0
v300_s4_p50,300,0.5,h2+3+4,1,,2.9807066669811237,2.846662583993748,1.5433485840330832,True,True,908.0,51.0,False,True,False,,-1.3033139999606647,0.5421607016971537,-857.0
v300_s4_p50,300,0.5,h2+3+4,2,,2.9651727781603507,2.8344443750102073,1.6314907079795375,True,True,908.0,59.0,False,True,False,,-1.2029536670306697,0.5755945406314994,-849.0
v300_s4_p50,300,0.5,h2+3+4,3,,2.9546436919402153,2.902705957996659,1.5781053749960847,True,True,908.0,52.0,False,True,False,,-1.3246005830005743,0.5436669775829568,-856.0
v300_s4_p50,300,0.5,h2+3+4,4,,2.955081641864857,2.798261417017784,1.5549014580319636,True,True,908.0,52.0,False,True,False,,-1.2433599589858204,0.5556669754211465,-856.0
v300_s5_p0,300,0.0,h2,0,2.056996841962233,2.043625462051432,5.821805125044193,4.915411415975541,True,True,441.0,393.0,True,True,True,-0.013371379910801284,-0.9063937090686522,0.8443105377798485,-48.0
v300_s5_p0,300,0.0,h2,1,2.1028632634621127,2.042482814425084,5.454829416994471,4.734306500002276,True,True,441.0,393.0,True,True,True,-0.06038044903702877,-0.720522916992195,0.8679110084089133,-48.0
v300_s5_p0,300,0.0,h2,2,2.321018249912404,1.934777731100549,5.923023416951764,4.899979041016195,True,True,441.0,393.0,True,True,True,-0.38624051881185517,-1.0230443759355694,0.8272766619480848,-48.0
v300_s5_p0,300,0.0,h2,3,2.1356517481361004,1.965928966402182,5.569109166041017,4.887060540961102,True,True,441.0,393.0,True,True,True,-0.16972278173391842,-0.6820486250799149,0.8775300313308867,-48.0
v300_s5_p0,300,0.0,h2,4,1.9445051394633515,2.0624639104747327,5.935576334013604,4.672070291999262,True,True,441.0,393.0,True,True,True,0.11795877101138119,-1.2635060420143418,0.7871300155346556,-48.0
v300_s5_p0,300,0.0,h3,0,1.575368830429377,1.5642793715302508,14.657928625005297,11.41528570803348,True,True,441.0,393.0,True,True,True,-0.011089458899126159,-3.2426429169718176,0.7787789120872018,-48.0
v300_s5_p0,300,0.0,h3,1,1.5788097719731018,1.5641873432577684,14.789511040959042,11.593670208007097,True,True,441.0,393.0,True,True,True,-0.014622428715333369,-3.1958408329519443,0.7839116638744058,-48.0
v300_s5_p0,300,0.0,h3,2,1.569643184629946,1.5795237357362901,14.86723350000102,11.596455375023652,True,True,441.0,393.0,True,True,True,0.009880551106344226,-3.270778124977369,0.7800008908868523,-48.0
v300_s5_p0,300,0.0,h3,3,1.5828440588236867,1.5764512123611352,15.226246958016418,11.700928999984171,True,True,441.0,393.0,True,True,True,-0.00639284646255156,-3.5253179580322467,0.7684709851513204,-48.0
v300_s5_p0,300,0.0,h3,4,1.5555113914306764,1.5603970914203527,14.845880916982424,11.601117250043899,True,True,441.0,393.0,True,True,True,0.004885699989676251,-3.2447636669385247,0.7814367712442856,-48.0
v300_s5_p0,300,0.0,h4,0,1.5673802587324868,1.5358023682614035,20.59757233300479,21.621376083989162,True,True,239.0,169.0,True,True,True,-0.03157789047108328,1.0238037509843707,1.0497050688514329,-70.0
v300_s5_p0,300,0.0,h4,1,1.538287331991839,1.6091826888718408,22.59230049996404,17.32818012498319,True,True,211.0,272.0,True,True,True,0.0708953568800017,-5.264120374980848,0.7669949381653618,61.0
v300_s5_p0,300,0.0,h4,2,1.558655981593853,1.5930370810318821,21.165935666009318,21.778558000049088,True,True,248.0,245.0,True,True,True,0.03438109943802914,0.6126223340397701,1.0289437870220681,-3.0
v300_s5_p0,300,0.0,h4,3,1.554921882993423,1.5820285733240786,22.073226082953624,17.384744375012815,True,True,246.0,284.0,True,True,True,0.027106690330655603,-4.688481707940809,0.7875941790148401,38.0
v300_s5_p0,300,0.0,h4,4,1.6121559583729463,1.5616240214207568,19.675158082973212,18.368573584011756,True,True,290.0,228.0,True,True,True,-0.05053193695218949,-1.3065844989614561,0.93359217275656,-62.0
v300_s5_p0,300,0.0,h2+3,0,1.5548866090996663,1.564441843129329,14.781889666977804,11.450478332990315,True,True,441.0,393.0,True,True,True,0.00955523402966274,-3.3314113339874893,0.7746288594326516,-48.0
v300_s5_p0,300,0.0,h2+3,1,1.575154721605396,1.5656730070559255,15.382292707974557,11.815872208040673,True,True,441.0,393.0,True,True,True,-0.009481714549470555,-3.5664204999338835,0.7681476638339508,-48.0
v300_s5_p0,300,0.0,h2+3,2,1.5612172643024025,1.5768796255589033,15.555486000026576,11.808882833982352,True,True,441.0,393.0,True,True,True,0.01566236125650078,-3.746603166044224,0.7591458623640673,-48.0
v300_s5_p0,300,0.0,h2+3,3,1.5587016439081736,1.5746462627707207,15.194817000010516,11.827746709052008,True,True,441.0,393.0,True,True,True,0.015944618862547166,-3.367070290958509,0.7784066572860878,-48.0
v300_s5_p0,300,0.0,h2+3,4,1.5565535998068218,1.568104040314775,15.129095208016224,11.891602875024546,True,True,441.0,393.0,True,True,True,0.011550440507953175,-3.2374923329916783,0.7860088598506355,-48.0
v300_s5_p0,300,0.0,h2+3+4,0,1.5704586488192063,1.5388423072349573,23.05483199999435,24.199813165992964,True,True,239.0,169.0,True,True,True,-0.031616341584248975,1.1449811659986153,1.0496633922987986,-70.0
v300_s5_p0,300,0.0,h2+3+4,1,1.5480328329299433,1.603523530690731,24.703933832992334,19.715006082959007,True,True,211.0,272.0,True,True,True,0.05549069776078763,-4.9889277500333264,0.7980512826920477,61.0
v300_s5_p0,300,0.0,h2+3+4,2,1.5743146632083276,1.5713454762536871,23.342264416976832,23.888211917015724,True,True,248.0,245.0,True,True,True,-0.002969186954640435,0.545947500038892,1.0233887976884464,-3.0
v300_s5_p0,300,0.0,h2+3+4,3,1.5789984319938097,1.5898359635077952,24.376615500019398,19.617469167045783,True,True,246.0,284.0,True,True,True,0.010837531513985477,-4.759146332973614,0.8047659104698178,38.0
v300_s5_p0,300,0.0,h2+3+4,4,1.6000814446400013,1.5516822618451884,22.139323083974887,20.357183874992188,True,True,290.0,228.0,True,True,True,-0.04839918279481292,-1.7821392089826986,0.9195034463238551,-62.0
v300_s5_p10,300,0.1,h2,0,,2.3602542269747615,4.234478041995317,2.1666142499889247,True,True,397.0,261.0,False,True,False,,-2.067863792006392,0.5116602869353882,-136.0
v300_s5_p10,300,0.1,h2,1,,,4.323308459017426,1.8987461249926127,True,True,397.0,261.0,False,False,False,,-2.424562334024813,0.4391882149959172,-136.0
v300_s5_p10,300,0.1,h2,2,2.571746985220979,2.529923533188016,4.624985500006005,2.252932957955636,True,True,397.0,261.0,True,True,True,-0.041823452032963004,-2.372052542050369,0.487122166751163,-136.0
v300_s5_p10,300,0.1,h2,3,2.3901747295690714,2.63579539199105,4.684485917037819,2.0538915829965845,True,True,397.0,261.0,True,True,True,0.24562066242197877,-2.630594334041234,0.4384454600506814,-136.0
v300_s5_p10,300,0.1,h2,4,,2.4697819562223513,4.263257582962979,2.1930578330066055,True,True,397.0,261.0,False,True,False,,-2.070199749956373,0.5144089444115696,-136.0
v300_s5_p10,300,0.1,h3,0,1.9143397795387298,1.820456902497539,7.694283584016375,5.54504099994665,True,True,397.0,261.0,True,True,True,-0.0938828770411908,-2.149242584069725,0.7206702143738987,-136.0
v300_s5_p10,300,0.1,h3,1,1.8765267819960334,1.7727528074579884,8.105582165997475,5.5928982079494745,True,True,397.0,261.0,True,True,True,-0.10377397453804504,-2.512683958048001,0.6900057384417632,-136.0
v300_s5_p10,300,0.1,h3,2,1.9133317438571893,1.7930294383495313,8.145290041982662,5.729806457995437,True,True,397.0,261.0,True,True,True,-0.12030230550765797,-2.415483583987225,0.7034502673892179,-136.0
v300_s5_p10,300,0.1,h3,3,1.8871669995182079,1.791282716269371,7.99463095900137,5.632990750018507,True,True,397.0,261.0,True,True,True,-0.09588428324883691,-2.3616402089828625,0.7045967198368515,-136.0
v300_s5_p10,300,0.1,h3,4,1.9456852970558942,1.858398466803597,7.837771792022977,5.667776499991305,True,True,397.0,261.0,True,True,True,-0.08728683025229711,-2.169995292031672,0.7231361987037922,-136.0
v300_s5_p10,300,0.1,h4,0,,1.8039090542155647,15.712974832975306,9.36417470901506,True,True,249.0,164.0,False,True,False,,-6.348800123960245,0.5959517410645481,-85.0
v300_s5_p10,300,0.1,h4,1,,1.8414065479292678,15.456387250043917,8.618895874998998,True,True,273.0,202.0,False,True,False,,-6.8374913750449196,0.5576268073235877,-71.0
v300_s5_p10,300,0.1,h4,2,,1.7810700893948257,17.747820999997202,8.001279250020161,True,True,199.0,185.0,False,True,False,,-9.746541749977041,0.45083164012198584,-14.0
v300_s5_p10,300,0.1,h4,3,1.9804561801155525,1.9861802533366009,16.088593624997884,8.273607375042047,True,True,243.0,212.0,True,True,True,0.005724073221048398,-7.814986249955837,0.5142529899062657,-31.0
v300_s5_p10,300,0.1,h4,4,1.8894481767257825,1.8435092005775855,18.291037041984964,8.930517958011478,True,True,202.0,173.0,True,True,True,-0.045938976148196975,-9.360519083973486,0.48824557828582954,-29.0
v300_s5_p10,300,0.1,h2+3,0,1.8924528298433436,1.7818215758463158,7.137941874971148,5.710400708019733,True,True,397.0,261.0,True,True,True,-0.11063125399702778,-1.4275411669514142,0.8000066136771135,-136.0
v300_s5_p10,300,0.1,h2+3,1,1.8503270109822518,1.800708179895485,7.733347750036046,5.864929541014135,True,True,397.0,261.0,True,True,True,-0.0496188310867669,-1.868418209021911,0.7583946475168918,-136.0
v300_s5_p10,300,0.1,h2+3,2,1.9219344537063783,1.7662436974492786,7.728506707993802,5.854892458009999,True,True,397.0,261.0,True,True,True,-0.15569075625709972,-1.8736142499838024,0.7575709874139239,-136.0
v300_s5_p10,300,0.1,h2+3,3,1.8957489987480343,1.8291654225660552,8.688880792004056,5.811717666045297,True,True,397.0,261.0,True,True,True,-0.06658357618197908,-2.8771631259587593,0.6688683853728931,-136.0
v300_s5_p10,300,0.1,h2+3,4,1.896797158535582,1.831331358370375,8.190217999974266,5.827792749973014,True,True,397.0,261.0,True,True,True,-0.06546580016520709,-2.3624252500012517,0.71155526629344,-136.0
v300_s5_p10,300,0.1,h2+3+4,0,,1.8189209744219705,17.8044371670112,10.800597708963323,True,True,249.0,164.0,False,True,False,,-7.003839458047878,0.6066239335537726,-85.0
v300_s5_p10,300,0.1,h2+3+4,1,,1.8639309361141105,17.49452658300288,9.960107458988205,True,True,273.0,202.0,False,True,False,,-7.534419124014676,0.569327064195331,-71.0
v300_s5_p10,300,0.1,h2+3+4,2,,1.8505237438308002,19.926680667034816,9.368215541995596,True,True,199.0,185.0,False,True,False,,-10.55846512503922,0.4701342736672475,-14.0
v300_s5_p10,300,0.1,h2+3+4,3,1.931272984177198,1.8255249203987771,18.25757054204587,9.810406833013985,True,True,243.0,212.0,True,True,True,-0.10574806377842094,-8.447163709031884,0.5373336397863738,-31.0
v300_s5_p10,300,0.1,h2+3+4,4,1.8793602320780807,1.8399774231398236,20.638920166005846,10.559622040949762,True,True,202.0,173.0,True,True,True,-0.039382808938257075,-10.079298125056084,0.5116363625623402,-29.0
v300_s5_p30,300,0.3,h2,0,,2.7280526590251757,2.553101458994206,0.4928124590078369,True,True,336.0,78.0,False,True,False,,-2.060288999986369,0.19302501953916876,-258.0
v300_s5_p30,300,0.3,h2,1,,3.194950642544408,2.464346499997191,0.4977313330164179,True,True,336.0,78.0,False,True,False,,-1.9666151669807732,0.20197295023933737,-258.0
v300_s5_p30,300,0.3,h2,2,,2.976875661397642,2.5566953329835087,0.49517375003779307,True,True,336.0,78.0,False,True,False,,-2.0615215829457156,0.19367726128711443,-258.0
v300_s5_p30,300,0.3,h2,3,,3.2772514251950335,2.41313399997307,0.5258778749848716,True,True,336.0,78.0,False,True,False,,-1.8872561249881983,0.21792319655300546,-258.0
v300_s5_p30,300,0.3,h2,4,,2.936113779070233,2.4319926250027493,0.5344172909972258,True,True,336.0,78.0,False,True,False,,-1.8975753340055235,0.2197446182619989,-258.0
v300_s5_p30,300,0.3,h3,0,,2.7002738325541804,2.487774166977033,0.8036185420351103,True,True,336.0,78.0,False,True,False,,-1.6841556249419227,0.3230271271011752,-258.0
v300_s5_p30,300,0.3,h3,1,,2.8960960887366953,2.568888916983269,0.7970584169961512,True,True,336.0,78.0,False,True,False,,-1.771830499987118,0.3102736018387915,-258.0
v300_s5_p30,300,0.3,h3,2,,2.8960960887367473,2.5334973339922726,0.7859137080376968,True,True,336.0,78.0,False,True,False,,-1.7475836259545758,0.31020901324544037,-258.0
v300_s5_p30,300,0.3,h3,3,,3.076481126865252,2.748131291999016,0.7975623750244267,True,True,336.0,78.0,False,True,False,,-1.9505689169745892,0.29021989500518824,-258.0
v300_s5_p30,300,0.3,h3,4,,2.8177129440706135,2.625476000015624,0.7512513330439106,True,True,336.0,78.0,False,True,False,,-1.8742246669717133,0.2861390974586856,-258.0
v300_s5_p30,300,0.3,h2+3,0,,2.879017747917692,2.77631454099901,0.8013365000369959,True,True,336.0,78.0,False,True,False,,-1.9749780409620143,0.28863318194077836,-258.0
v300_s5_p30,300,0.3,h2+3,1,,2.8747397467462608,2.8076860000146553,0.8217077919980511,True,True,336.0,78.0,False,True,False,,-1.9859782080166042,0.2926637066943248,-258.0
v300_s5_p30,300,0.3,h2+3,2,,2.741035392664587,2.821225374995265,0.8742137500084937,True,True,336.0,78.0,False,True,False,,-1.9470116249867715,0.3098702279359588,-258.0
v300_s5_p30,300,0.3,h2+3,3,,2.741035392664574,2.7163376249955036,0.8372018330264837,True,True,336.0,78.0,False,True,False,,-1.87913579196902,0.30820978413089184,-258.0
v300_s5_p30,300,0.3,h2+3,4,,2.83122204658829,2.7283822919707745,0.8245304169831797,True,True,336.0,78.0,False,True,False,,-1.9038518749875948,0.30220487041337674,-258.0
v300_s5_p50,300,0.5,h2,0,,3.02733106937236,2.561090332979802,0.515856750018429,True,True,336.0,78.0,False,True,False,,-2.045233582961373,0.20142075559601016,-258.0
v300_s5_p50,300,0.5,h2,1,,3.4789655079156128,2.4782308329595253,0.5239018339780159,True,True,336.0,78.0,False,True,False,,-1.9543289989815094,0.21140154783417317,-258.0
v300_s5_p50,300,0.5,h2,2,,2.7729868419769517,2.606973083980847,0.5258948339615017,True,True,336.0,78.0,False,True,False,,-2.0810782500193454,0.20172622310256477,-258.0
v300_s5_p50,300,0.5,h2,3,,2.984174213315509,2.4401808330439962,0.5324010840267874,True,True,336.0,78.0,False,True,False,,-1.9077797490172088,0.2181809957758931,-258.0
v300_s5_p50,300,0.5,h2,4,,3.419661476198198,2.4589894579839893,0.5603430829942226,True,True,336.0,78.0,False,True,False,,-1.8986463749897666,0.22787534984132132,-258.0
v300_s5_p50,300,0.5,h3,0,,2.8960960887367473,2.5733560420339927,0.7722534999484196,True,True,336.0,78.0,False,True,False,,-1.801102542085573,0.30009586210932043,-258.0
v300_s5_p50,300,0.5,h3,1,,3.0000724677948374,2.5179801249760203,0.7920165839605033,True,True,336.0,78.0,False,True,False,,-1.725963541015517,0.314544414431407,-258.0
v300_s5_p50,300,0.5,h3,2,,2.7345187358198744,2.6176375829963945,0.8564112919848412,True,True,336.0,78.0,False,True,False,,-1.7612262910115533,0.3271695430826265,-258.0
v300_s5_p50,300,0.5,h3,3,,2.7361718771210692,2.592683458002284,0.8049643750418909,True,True,336.0,78.0,False,True,False,,-1.7877190829603933,0.31047537737681735,-258.0
v300_s5_p50,300,0.5,h3,4,,3.0764811268651595,2.6916149589815177,0.7986790830036625,True,True,336.0,78.0,False,True,False,,-1.8929358759778552,0.2967285793752147,-258.0
v300_s5_p50,300,0.5,h2+3,0,,2.75088819189475,2.759102250041906,0.8527894160361029,True,True,336.0,78.0,False,True,False,,-1.9063128340058029,0.30908220817954485,-258.0
v300_s5_p50,300,0.5,h2+3,1,,2.665735555536922,2.704055292007979,0.8529132920084521,True,True,336.0,78.0,False,True,False,,-1.8511419999995269,0.31542006353542246,-258.0
v300_s5_p50,300,0.5,h2+3,2,,3.076481126865252,2.94404749997193,0.8512848329846747,True,True,336.0,78.0,False,True,False,,-2.092762666987255,0.28915458496943114,-258.0
v300_s5_p50,300,0.5,h2+3,3,,2.6786241676726275,2.794845832977444,0.8126306670019403,True,True,336.0,78.0,False,True,False,,-1.9822151659755036,0.29076046249614323,-258.0
v300_s5_p50,300,0.5,h2+3,4,,2.75088819189475,2.69861837499775,0.8406670829863288,True,True,336.0,78.0,False,True,False,,-1.8579512920114212,0.31151758647127337,-258.0
v300_s6_p0,300,0.0,h2,0,2.0026357937092008,2.0866731501217415,5.747379000007641,4.8016257919953205,True,True,441.0,393.0,True,True,True,0.08403735641254073,-0.9457532080123201,0.8354461732885438,-48.0
v300_s6_p0,300,0.0,h2,1,2.0871807152552995,1.9680691491509237,6.10430212499341,4.658696957980283,True,True,441.0,393.0,True,True,True,-0.11911156610437579,-1.4456051670131274,0.7631825657687793,-48.0
v300_s6_p0,300,0.0,h2,2,2.1130135498472793,1.9359541273651502,5.915551374957431,4.615282292012125,True,True,441.0,393.0,True,True,True,-0.17705942248212914,-1.3002690829453059,0.7801947780472682,-48.0
v300_s6_p0,300,0.0,h2,3,1.9108248645719634,2.0968279656433513,6.146115500014275,4.8297190419980325,True,True,441.0,393.0,True,True,True,0.18600310107138784,-1.3163964580162428,0.785816511581472,-48.0
v300_s6_p0,300,0.0,h2,4,2.019988932686591,2.0643981999540886,5.56608924997272,5.145137917017564,True,True,441.0,393.0,True,True,True,0.04440926726749739,-0.4209513329551555,0.9243721553769159,-48.0
v300_s6_p0,300,0.0,h3,0,1.5472864269049038,1.5789773919084351,14.798033458006103,11.548781457997393,True,True,441.0,393.0,True,True,True,0.0316909650035313,-3.2492520000087097,0.780426770271236,-48.0
v300_s6_p0,300,0.0,h3,1,1.5581001207948166,1.5730143765987905,14.78243525000289,11.50474862504052,True,True,441.0,393.0,True,True,True,0.014914255803973875,-3.277686624962371,0.7782715385165154,-48.0
v300_s6_p0,300,0.0,h3,2,1.5502139568144122,1.5666144293781687,14.979975500027649,11.73157987499144,True,True,441.0,393.0,True,True,True,0.01640047256375654,-3.24839562503621,0.7831508052179248,-48.0
v300_s6_p0,300,0.0,h3,3,1.5681781606601313,1.5912745125320673,15.196603625023272,11.508219375042245,True,True,441.0,393.0,True,True,True,0.02309635187193604,-3.688384249981027,0.757288908693545,-48.0
v300_s6_p0,300,0.0,h3,4,1.5726137871926154,1.578228419459034,15.030129791994113,11.624613040999975,True,True,441.0,393.0,True,True,True,0.005614632266418562,-3.4055167509941384,0.7734206691409873,-48.0
v300_s6_p0,300,0.0,h4,0,1.5900433311814257,1.5638581131873173,19.532816375023685,20.33419349999167,True,True,286.0,216.0,True,True,True,-0.026185217994108445,0.8013771249679849,1.0410272184810325,-70.0
v300_s6_p0,300,0.0,h4,1,1.558585776907016,1.5736823342031747,20.249871791980695,16.863343167002313,True,True,248.0,276.0,True,True,True,0.015096557296158775,-3.386528624978382,0.8327629596983668,28.0
v300_s6_p0,300,0.0,h4,2,1.5757925884770014,1.6027141969482344,20.50126570899738,18.040245082986075,True,True,243.0,278.0,True,True,True,0.026921608471232927,-2.4610206260113046,0.879957625009892,35.0
v300_s6_p0,300,0.0,h4,3,1.578135012746394,,20.407343707978725,17.076296584040392,True,True,258.0,251.0,True,False,False,,-3.3310471239383332,0.8367721359720137,-7.0
v300_s6_p0,300,0.0,h4,4,1.5788273398221762,1.5652060295221002,20.936508250015322,19.26487025001552,True,True,255.0,233.0,True,True,True,-0.013621310300075962,-1.6716379999998026,0.9201567911880159,-22.0
v300_s6_p0,300,0.0,h2+3,0,1.5564943476123063,1.5713394564889522,14.9401614999515,11.632967334007844,True,True,441.0,393.0,True,True,True,0.014845108876645918,-3.307194165943656,0.7786373215607882,-48.0
v300_s6_p0,300,0.0,h2+3,1,1.5653540798103758,1.5475166444224326,15.239720084005967,11.97083491703961,True,True,441.0,393.0,True,True,True,-0.017837435387943135,-3.2688851669663563,0.7855022829194193,-48.0
v300_s6_p0,300,0.0,h2+3,2,1.5707408149364284,1.5541341376473992,15.418950750026852,11.854311165981926,True,True,441.0,393.0,True,True,True,-0.016606677289029204,-3.564639584044926,0.768814386800041,-48.0
v300_s6_p0,300,0.0,h2+3,3,1.559137552007415,1.5793623880688266,15.329779459047131,11.79534941597376,True,True,441.0,393.0,True,True,True,0.020224836061411455,-3.534430043073371,0.7694402549941796,-48.0
v300_s6_p0,300,0.0,h2+3,4,1.56314095981676,1.5601489563450588,14.926104290992953,11.71603175002383,True,True,441.0,393.0,True,True,True,-0.0029920034717012545,-3.210072540969122,0.7849356752179323,-48.0
v300_s6_p0,300,0.0,h2+3+4,0,1.6049148047168877,1.5550940631244214,22.232055332977325,22.306657333974726,True,True,286.0,216.0,True,True,True,-0.0498207415924663,0.07460200099740177,1.0033556052231816,-70.0
v300_s6_p0,300,0.0,h2+3+4,1,1.5614877358299422,1.563531449714773,22.488909625040833,19.313541832962073,True,True,248.0,276.0,True,True,True,0.0020437138848308223,-3.1753677920787595,0.8588029457620716,28.0
v300_s6_p0,300,0.0,h2+3+4,2,1.5877356385789945,,23.080434374976903,20.21828616701532,True,True,243.0,278.0,True,False,False,,-2.8621482079615816,0.8759924461792351,35.0
v300_s6_p0,300,0.0,h2+3+4,3,1.5766263814257526,1.5761138894017814,23.17373429198051,19.77045100001851,True,True,258.0,251.0,True,True,True,-0.0005124920239711894,-3.4032832919619977,0.8531404887498112,-7.0
v300_s6_p0,300,0.0,h2+3+4,4,1.5887187996546344,1.5794527432225394,23.392511832993478,21.63093908398878,True,True,255.0,233.0,True,True,True,-0.009266056432094993,-1.7615727490046993,0.924695015157794,-22.0
v300_s6_p10,300,0.1,h2,0,2.3337739351752025,2.627755799759304,4.472585625015199,1.994444417010527,True,True,397.0,261.0,True,True,True,0.2939818645841017,-2.478141208004672,0.4459264917938266,-136.0
v300_s6_p10,300,0.1,h2,1,2.3628386665616254,2.6727517420746363,4.17108245799318,2.073302875040099,True,True,397.0,261.0,True,True,True,0.30991307551301084,-2.0977795829530805,0.49706590457519295,-136.0
v300_s6_p10,300,0.1,h2,2,,4.412016002320573,3.903601708007045,2.0410132909892127,True,True,397.0,261.0,False,True,False,,-1.8625884170178324,0.5228538779462818,-136.0
v300_s6_p10,300,0.1,h2,3,2.4170262884516,2.381256912449729,4.473254666023422,2.0296095000230707,True,True,397.0,261.0,True,True,True,-0.03576937600187069,-2.4436451660003513,0.45372098204892225,-136.0
v300_s6_p10,300,0.1,h2,4,2.6163402561494826,2.5709238522308904,4.415906958980486,2.09687087504426,True,True,397.0,261.0,True,True,True,-0.04541640391859225,-2.3190360839362256,0.47484489472313773,-136.0
v300_s6_p10,300,0.1,h3,0,1.8917238658947626,1.790585554488049,9.053585292014759,5.232037749956362,True,True,397.0,261.0,True,True,True,-0.1011383114067137,-3.821547542058397,0.5778967758299032,-136.0
v300_s6_p10,300,0.1,h3,1,1.9516567946057584,1.8157000467724613,8.721255707961973,5.340761792031117,True,True,397.0,261.0,True,True,True,-0.13595674783329703,-3.380493915930856,0.6123844972410714,-136.0
v300_s6_p10,300,0.1,h3,2,1.9153515947066,1.819082543352573,8.338304375007283,5.2364514579530805,True,True,397.0,261.0,True,True,True,-0.09626905135402697,-3.1018529170542024,0.6279995575177725,-136.0
v300_s6_p10,300,0.1,h3,3,2.004013633381689,1.7913643446358003,8.98129908303963,5.488162708992604,True,True,397.0,261.0,True,True,True,-0.21264928874588862,-3.493136374047026,0.611065577290094,-136.0
v300_s6_p10,300,0.1,h3,4,1.899492204973157,1.7919163190921557,8.59808691602666,5.357353375002276,True,True,397.0,261.0,True,True,True,-0.10757588588100142,-3.240733541024383,0.6230866735036463,-136.0
v300_s6_p10,300,0.1,h4,0,2.0094692930104654,1.8969189107317301,16.083253999997396,9.244407166959718,True,True,204.0,151.0,True,True,True,-0.11255038227873526,-6.838846833037678,0.5747846279715046,-53.0
v300_s6_p10,300,0.1,h4,1,1.994987962571312,1.8266282568151577,15.808862833015155,9.186162375030108,True,True,227.0,144.0,True,True,True,-0.16835970575615433,-6.622700457985047,0.5810767334792588,-83.0
v300_s6_p10,300,0.1,h4,2,,1.8165889476345072,15.649480874999426,8.742552749987226,True,True,239.0,141.0,False,True,False,,-6.9069281250122,0.5586480995643599,-98.0
v300_s6_p10,300,0.1,h4,3,2.0378930862215014,1.8650189002161934,16.18691145896446,10.475350250024348,True,True,200.0,117.0,True,True,True,-0.17287418600530802,-5.711561208940111,0.6471494130662587,-83.0
v300_s6_p10,300,0.1,h4,4,1.982152301917031,1.8341154826617223,15.53773199999705,9.399696165986825,True,True,234.0,155.0,True,True,True,-0.14803681925530876,-6.138035834010225,0.6049593445162145,-79.0
v300_s6_p10,300,0.1,h2+3,0,1.893312276278001,1.7983688286482944,8.98618195898598,5.4779480419820175,True,True,397.0,261.0,True,True,True,-0.09494344762970663,-3.508233917003963,0.6095968306655745,-136.0
v300_s6_p10,300,0.1,h2+3,1,1.8827459526858952,1.8554383942427266,9.837255166959949,5.37665399996331,True,True,397.0,261.0,True,True,True,-0.027307558443168567,-4.460601166996639,0.5465603879039036,-136.0
v300_s6_p10,300,0.1,h2+3,2,1.9659219530767595,1.7639866381095153,9.36493712500669,5.49087508302182,True,True,397.0,261.0,True,True,True,-0.20193531496724426,-3.874062041984871,0.5863226853237306,-136.0
v300_s6_p10,300,0.1,h2+3,3,1.964455352055775,1.794559397813091,8.905683124961797,5.556724291993305,True,True,397.0,261.0,True,True,True,-0.1698959542426841,-3.348958832968492,0.6239526170000734,-136.0
v300_s6_p10,300,0.1,h2+3,4,1.9464774504312385,1.7606870921222233,8.966570000047795,5.640091833018232,True,True,397.0,261.0,True,True,True,-0.18579035830901525,-3.3264781670295633,0.6290133053094068,-136.0
v300_s6_p10,300,0.1,h2+3+4,0,2.1097877182870013,1.8734899109919982,18.19711174996337,10.628892624983564,True,True,204.0,153.0,True,True,True,-0.23629780729500305,-7.568219124979805,0.5840977827157081,-51.0
v300_s6_p10,300,0.1,h2+3+4,1,2.009441141335127,1.8320838268745803,18.018011041975114,10.494467874988914,True,True,227.0,145.0,True,True,True,-0.1773573144605467,-7.523543166986201,0.5824431925666376,-82.0
v300_s6_p10,300,0.1,h2+3+4,2,,1.7911708543339175,17.729858083010186,10.457480584038422,True,True,239.0,142.0,False,True,False,,-7.272377498971764,0.5898231410018677,-97.0
v300_s6_p10,300,0.1,h2+3+4,3,1.995878222224322,1.8845790450864974,18.452920541982166,11.939680249954108,True,True,200.0,118.0,True,True,True,-0.11129917713782467,-6.513240292028058,0.6470347185850711,-82.0
v300_s6_p10,300,0.1,h2+3+4,4,,1.8231021336075963,17.43483279098291,10.460355249990243,True,True,234.0,157.0,False,True,False,,-6.974477540992666,0.5999687737412782,-77.0
v300_s6_p30,300,0.3,h2,0,,3.304125667621884,2.232649624987971,0.4193977920222096,True,True,331.0,63.0,False,True,False,,-1.8132518329657614,0.1878475634189441,-268.0
v300_s6_p30,300,0.3,h2,1,,3.335817249320873,2.1568830420146696,0.4271782499854453,True,True,331.0,63.0,False,True,False,,-1.7297047920292243,0.19805350668733196,-268.0
v300_s6_p30,300,0.3,h2,2,,3.2213901652666403,2.220547250006348,0.43447712500346825,True,True,331.0,63.0,False,True,False,,-1.7860701250028796,0.19566218417654757,-268.0
v300_s6_p30,300,0.3,h2,3,,3.099453462991179,2.1810228750109673,0.43476954102516174,True,True,331.0,63.0,False,True,False,,-1.7462533339858055,0.19934203625579833,-268.0
v300_s6_p30,300,0.3,h2,4,,2.8562725870197054,2.1916635000379756,0.42826054198667407,True,True,331.0,63.0,False,True,False,,-1.7634029580513015,0.1954043319055382,-268.0
v300_s6_p30,300,0.3,h3,0,,2.896195284271528,2.1437627089908347,0.5999273330089636,True,True,331.0,63.0,False,True,False,,-1.543835375981871,0.2798478257378478,-268.0
v300_s6_p30,300,0.3,h3,1,,2.9102795672063726,2.2457303749979474,0.6674164170399308,True,True,331.0,63.0,False,True,False,,-1.5783139579580165,0.29719347632751364,-268.0
v300_s6_p30,300,0.3,h3,2,,2.875385648127604,2.318801583023742,0.6178522079717368,True,True,331.0,63.0,False,True,False,,-1.700949375052005,0.2664532457175792,-268.0
v300_s6_p30,300,0.3,h3,3,,2.8889080009486854,2.2615476669743657,0.5675858340109698,True,True,331.0,63.0,False,True,False,,-1.6939618329633959,0.25097230639861784,-268.0
v300_s6_p30,300,0.3,h3,4,,2.8714983352428005,2.356571707990952,0.6138145420118235,True,True,331.0,63.0,False,True,False,,-1.7427571659791283,0.2604692825303919,-268.0
v300_s6_p30,300,0.3,h4,0,,3.212575377022327,2.150672207993921,0.8452558749704622,True,True,847.0,60.0,False,True,False,,-1.3054163330234587,0.39301938799817854,-787.0
v300_s6_p30,300,0.3,h4,1,,3.2476240851175175,2.154868334007915,0.9293893749709241,True,True,847.0,60.0,False,True,False,,-1.225478959036991,0.43129752305669655,-787.0
v300_s6_p30,300,0.3,h4,2,,3.2024927135912242,2.1686115420307033,0.9292888329946436,True,True,847.0,60.0,False,True,False,,-1.2393227090360597,0.42851788574566513,-787.0
v300_s6_p30,300,0.3,h4,3,,3.1539625900006136,2.1669477079994977,0.8937866249470972,True,True,847.0,60.0,False,True,False,,-1.2731610830524005,0.4124634026227754,-787.0
v300_s6_p30,300,0.3,h4,4,,3.333784450225126,2.0913419580319896,0.8770212499657646,True,True,847.0,60.0,False,True,False,,-1.214320708066225,0.4193581286874126,-787.0
v300_s6_p30,300,0.3,h2+3,0,,2.8439250768113586,2.4601910000201315,0.6203028749441728,True,True,331.0,63.0,False,True,False,,-1.8398881250759587,0.2521360638011833,-268.0
v300_s6_p30,300,0.3,h2+3,1,,2.856959044803417,2.4892644999781623,0.6169166250037961,True,True,331.0,63.0,False,True,False,,-1.8723478749743663,0.24783088539173243,-268.0
v300_s6_p30,300,0.3,h2+3,2,,2.8797435887477225,2.4198196660145186,0.6813637079903856,True,True,331.0,63.0,False,True,False,,-1.738455958024133,0.28157623378299196,-268.0
v300_s6_p30,300,0.3,h2+3,3,,2.896195284271528,2.43671991705196,0.6107166250003502,True,True,331.0,63.0,False,True,False,,-1.8260032920516096,0.25063062058409213,-268.0
v300_s6_p30,300,0.3,h2+3,4,,2.8889080009486854,2.443082375044469,0.6037104590213858,True,True,331.0,63.0,False,True,False,,-1.839371916023083,0.24711015280866125,-268.0
v300_s6_p30,300,0.3,h2+3+4,0,,3.418262297811046,2.591963333019521,0.9868760000099428,True,True,847.0,61.0,False,True,False,,-1.6050873330095783,0.38074458362814745,-786.0
v300_s6_p30,300,0.3,h2+3+4,1,,3.195165287591924,2.6488908330211416,1.0443379589705728,True,True,847.0,61.0,False,True,False,,-1.6045528740505688,0.3942548125999867,-786.0
v300_s6_p30,300,0.3,h2+3+4,2,,3.2172520460052083,2.710465666023083,1.0169559170026332,True,True,847.0,61.0,False,True,False,,-1.6935097490204498,0.3751960151167517,-786.0
v300_s6_p30,300,0.3,h2+3+4,3,,3.1589603229738623,2.5781647079857066,1.0349852499784902,True,True,847.0,61.0,False,True,False,,-1.5431794580072165,0.40144264126053975,-786.0
v300_s6_p30,300,0.3,h2+3+4,4,,3.3340415655746467,2.6191015419899486,1.0206940419739112,True,True,847.0,61.0,False,True,False,,-1.5984075000160374,0.3897115196222615,-786.0
v300_s6_p50,300,0.5,h2,0,,3.3934530588127187,2.184570957964752,0.4220123749691993,True,True,331.0,63.0,False,True,False,,-1.7625585829955526,0.19317860719084434,-268.0
v300_s6_p50,300,0.5,h2,1,,3.2203252352727003,2.187400874972809,0.4494012499926612,True,True,331.0,63.0,False,True,False,,-1.737999624980148,0.2054498812423889,-268.0
v300_s6_p50,300,0.5,h2,2,,3.167348080081119,2.2413585419999436,0.47324983397265896,True,True,331.0,63.0,False,True,False,,-1.7681087080272846,0.21114419005465432,-268.0
v300_s6_p50,300,0.5,h2,3,,3.0618246908328564,2.165052333031781,0.4457340420340188,True,True,331.0,63.0,False,True,False,,-1.7193182909977622,0.20587679809561252,-268.0
v300_s6_p50,300,0.5,h2,4,,2.9571781212634036,2.1438896249746904,0.45886187499854714,True,True,331.0,63.0,False,True,False,,-1.6850277499761432,0.2140324154999184,-268.0
v300_s6_p50,300,0.5,h3,0,,2.8797435887477225,2.1638017089571804,0.6339320840197615,True,True,331.0,63.0,False,True,False,,-1.5298696249374188,0.2929714314373464,-268.0
v300_s6_p50,300,0.5,h3,1,,2.896195284271556,2.2653096669819206,0.6286718329647556,True,True,331.0,63.0,False,True,False,,-1.636637834017165,0.2775213658988782,-268.0
v300_s6_p50,300,0.5,h3,2,,2.867849254050464,2.404314874962438,0.619100707990583,True,True,331.0,63.0,False,True,False,,-1.7852141669718549,0.2574956859592923,-268.0
v300_s6_p50,300,0.5,h3,3,,2.905944533841649,2.1953437500051223,0.6212657499709167,True,True,331.0,63.0,False,True,False,,-1.5740780000342056,0.28299246984417226,-268.0
v300_s6_p50,300,0.5,h3,4,,2.850665205971636,2.275909333024174,0.6423718750011176,True,True,331.0,63.0,False,True,False,,-1.6335374580230564,0.282248447106436,-268.0
v300_s6_p50,300,0.5,h4,0,,3.1349197864571123,2.170494541001972,0.8887117500416934,True,True,847.0,60.0,False,True,False,,-1.2817827909602784,0.40945127170485063,-787.0
v300_s6_p50,300,0.5,h4,1,,3.339297805569624,2.102709291037172,0.9049572499934584,True,True,847.0,60.0,False,True,False,,-1.1977520410437137,0.4303767781170946,-787.0
v300_s6_p50,300,0.5,h4,2,,3.2553243727566112,2.1250133750145324,0.879876916995272,True,True,847.0,60.0,False,True,False,,-1.2451364580192603,0.4140571195177794,-787.0
v300_s6_p50,300,0.5,h4,3,,3.269428647075387,2.1058782920008525,0.8805997499730438,True,True,847.0,60.0,False,True,False,,-1.2252785420278087,0.4181626988216693,-787.0
v300_s6_p50,300,0.5,h4,4,,3.2783465327484773,2.147401542053558,0.9018225410254672,True,True,847.0,60.0,False,True,False,,-1.2455790010280907,0.4199599019394646,-787.0
v300_s6_p50,300,0.5,h2+3,0,,2.896195284271556,2.4386812500306405,0.6176344160339795,True,True,331.0,63.0,False,True,False,,-1.821046833996661,0.25326574189481277,-268.0
v300_s6_p50,300,0.5,h2+3,1,,2.8717365669352706,2.4987245840020478,0.6253414579550736,True,True,331.0,63.0,False,True,False,,-1.8733831260469742,0.2502642595981923,-268.0
v300_s6_p50,300,0.5,h2+3,2,,2.907107666584295,2.468113833980169,0.63292966701556,True,True,331.0,63.0,False,True,False,,-1.8351841669646092,0.25644265604835365,-268.0
v300_s6_p50,300,0.5,h2+3,3,,2.873003459587445,2.4236652920371853,0.6135669170180336,True,True,331.0,63.0,False,True,False,,-1.8100983750191517,0.253156621516128,-268.0
v300_s6_p50,300,0.5,h2+3,4,,2.9029354134318455,2.380128207965754,0.6325502499821596,True,True,331.0,63.0,False,True,False,,-1.7475779579835944,0.26576309959486893,-268.0
v300_s6_p50,300,0.5,h2+3+4,0,,3.152332147426047,2.6611270420253277,1.0534262500004843,True,True,847.0,61.0,False,True,False,,-1.6077007920248434,0.39585718132372355,-786.0
v300_s6_p50,300,0.5,h2+3+4,1,,3.251317511792016,2.678442541975528,1.0883903749636374,True,True,847.0,61.0,False,True,False,,-1.5900521670118906,0.4063519593595156,-786.0
v300_s6_p50,300,0.5,h2+3+4,2,,3.12913835333722,2.67988404200878,1.078040583000984,True,True,847.0,61.0,False,True,False,,-1.601843459007796,0.40227135432058075,-786.0
v300_s6_p50,300,0.5,h2+3+4,3,,3.1527624871754045,2.674491959041916,1.0658061249996535,True,True,847.0,61.0,False,True,False,,-1.6086858340422623,0.3985078816170596,-786.0
v300_s6_p50,300,0.5,h2+3+4,4,,3.19809433423114,2.663601541018579,1.0577323749894276,True,True,847.0,61.0,False,True,False,,-1.6058691660291515,0.3971060831361975,-786.0
v300_s7_p0,300,0.0,h2,0,2.00394189197911,2.004771897872672,5.639224958023988,4.781222999969032,True,True,441.0,393.0,True,True,True,0.0008300058935621912,-0.858001958054956,0.8478510851328754,-48.0
v300_s7_p0,300,0.0,h2,1,2.1523365379445183,2.0916452747057077,5.681087792036124,4.59976320900023,True,True,441.0,393.0,True,True,True,-0.06069126323881058,-1.0813245830358937,0.8096624057541024,-48.0
v300_s7_p0,300,0.0,h2,2,2.104489414088151,1.9675055882762227,6.266425999987405,4.903492041048594,True,True,441.0,393.0,True,True,True,-0.13698382581192825,-1.362933958938811,0.7825021856251793,-48.0
v300_s7_p0,300,0.0,h2,3,2.0027095911508446,1.9859158166345583,6.0369927500141785,4.926315415999852,True,True,441.0,393.0,True,True,True,-0.016793774516286275,-1.1106773340143263,0.8160214232472421,-48.0
v300_s7_p0,300,0.0,h2,4,1.9338477771072005,2.0550540953762337,6.10114316601539,4.861863791011274,True,True,441.0,393.0,True,True,True,0.12120631826903328,-1.2392793750041164,0.7968775127410295,-48.0
v300_s7_p0,300,0.0,h3,0,1.5599577288601423,1.5656749864629904,14.744691458996385,11.494681624986697,True,True,441.0,393.0,True,True,True,0.005717257602848136,-3.2500098340096883,0.7795810212070111,-48.0
v300_s7_p0,300,0.0,h3,1,1.5635470414427066,1.5543362752429255,15.00037483300548,11.55117558297934,True,True,441.0,393.0,True,True,True,-0.009210766199781117,-3.4491992500261404,0.770059129293434,-48.0
v300_s7_p0,300,0.0,h3,2,1.570499247327385,1.545798273233308,15.056181000021752,11.5337538329768,True,True,441.0,393.0,True,True,True,-0.02470097409407712,-3.5224271670449525,0.766047766891228,-48.0
v300_s7_p0,300,0.0,h3,3,1.5683364635510317,1.570404263837844,14.645902958000079,11.548829375009518,True,True,441.0,393.0,True,True,True,0.0020678002868121936,-3.0970735829905607,0.7885365216557825,-48.0
v300_s7_p0,300,0.0,h3,4,1.5501737460254756,1.576214054340761,15.159970708016772,11.517417333030608,True,True,441.0,393.0,True,True,True,0.026040308315285365,-3.6425533749861643,0.7597255664181503,-48.0
v300_s7_p0,300,0.0,h4,0,1.5712987588159755,1.5560228050535765,20.360117250005715,17.967849416017998,True,True,214.0,256.0,True,True,True,-0.015275953762398986,-2.3922678339877166,0.8825022565139184,42.0
v300_s7_p0,300,0.0,h4,1,1.5963944459846855,1.5791845454146005,21.011270666960627,18.059655833989382,True,True,255.0,242.0,True,True,True,-0.01720990057008498,-2.951614832971245,0.8595223068725425,-13.0
v300_s7_p0,300,0.0,h4,2,1.5729174804470525,1.561300883870261,19.938335666025523,18.70556862495141,True,True,238.0,256.0,True,True,True,-0.011616596576791594,-1.232767041074112,0.9381710157897121,18.0
v300_s7_p0,300,0.0,h4,3,1.5663342081605596,1.55607392183712,20.86995354096871,16.58575337502407,True,True,231.0,237.0,True,True,True,-0.01026028632343956,-4.28420016594464,0.7947192284096584,6.0
v300_s7_p0,300,0.0,h4,4,1.5793684208679575,1.606573928327207,20.571046375029255,18.07988341600867,True,True,258.0,245.0,True,True,True,0.027205507459249434,-2.491162959020585,0.8788995506789312,-13.0
v300_s7_p0,300,0.0,h2+3,0,1.562596538291882,1.5364752919836786,14.92493087501498,11.799034791998565,True,True,441.0,393.0,True,True,True,-0.02612124630820345,-3.125896083016414,0.7905587564060811,-48.0
v300_s7_p0,300,0.0,h2+3,1,1.5767901186085358,1.5514408974460505,15.107598208996933,11.707098542014137,True,True,441.0,393.0,True,True,True,-0.02534922116248528,-3.400499666982796,0.7749146078721025,-48.0
v300_s7_p0,300,0.0,h2+3,2,1.5586810205251445,1.5554873973226226,15.096102625015192,11.84450420801295,True,True,441.0,393.0,True,True,True,-0.0031936232025218114,-3.251598417002242,0.7846067625683639,-48.0
v300_s7_p0,300,0.0,h2+3,3,1.5594696494706608,1.5459241439254767,14.976834458007943,11.727307999972254,True,True,441.0,393.0,True,True,True,-0.013545505545184078,-3.249526458035689,0.783029820677613,-48.0
v300_s7_p0,300,0.0,h2+3,4,1.566740608709559,1.5579748272992793,15.096720208995976,11.790856959007215,True,True,441.0,393.0,True,True,True,-0.008765781410279727,-3.305863249988761,0.781021095693432,-48.0
v300_s7_p0,300,0.0,h2+3+4,0,1.567318025037055,1.5681918470722485,22.63329441595124,20.322171499952674,True,True,214.0,256.0,True,True,True,0.0008738220351933723,-2.311122915998567,0.8978883553792435,42.0
v300_s7_p0,300,0.0,h2+3+4,1,1.5524838540588994,1.578681684245646,22.89790104102576,20.529291125014424,True,True,255.0,242.0,True,True,True,0.026197830186746485,-2.368609916011337,0.8965577713098007,-13.0
v300_s7_p0,300,0.0,h2+3+4,2,1.5506941704317798,1.5709293078579352,22.41562433296349,21.01514816697454,True,True,238.0,256.0,True,True,True,0.020235137426155347,-1.4004761659889482,0.9375223216990898,18.0
v300_s7_p0,300,0.0,h2+3+4,3,1.5572048838811448,1.5708801833207804,23.076498291047756,19.121928583015688,True,True,231.0,237.0,True,True,True,0.013675299439635635,-3.954569708032068,0.8286321582176012,6.0
v300_s7_p0,300,0.0,h2+3+4,4,1.5678167505496559,1.614690381501784,23.468654791999143,20.53504037501989,True,True,258.0,245.0,True,True,True,0.04687363095212804,-2.9336144169792533,0.87499861227754,-13.0
v300_s7_p10,300,0.1,h2,0,2.8028133926015526,2.5107674355990506,4.385050292010419,2.1000145000289194,True,True,397.0,261.0,True,True,True,-0.292045957002502,-2.2850357919814996,0.47890317332395366,-136.0
v300_s7_p10,300,0.1,h2,1,2.7331465665255594,2.615261140768362,4.569626041047741,2.241816124995239,True,True,397.0,261.0,True,True,True,-0.11788542575719729,-2.3278099160525016,0.49059071899048157,-136.0
v300_s7_p10,300,0.1,h2,2,2.7553933501601033,2.032032661259681,4.4968968339962885,2.3065871250000782,True,True,397.0,261.0,True,True,True,-0.7233606889004225,-2.1903097089962102,0.512928628373773,-136.0
v300_s7_p10,300,0.1,h2,3,2.506263163412355,2.402755780126883,4.507263084000442,2.1505660000257194,True,True,397.0,261.0,True,True,True,-0.10350738328547182,-2.3566970839747228,0.47713345326116946,-136.0
v300_s7_p10,300,0.1,h2,4,2.3572640917814867,2.561822848081497,4.93455741595244,2.27351800003089,True,True,397.0,261.0,True,True,True,0.2045587563000102,-2.6610394159215502,0.4607339237113869,-136.0
v300_s7_p10,300,0.1,h3,0,1.9193659317372094,1.8651952134114065,9.43674670800101,5.670658458024263,True,True,397.0,261.0,True,True,True,-0.05417071832580289,-3.7660882499767467,0.6009124366150844,-136.0
v300_s7_p10,300,0.1,h3,1,1.8787036789709053,1.7941969868159533,9.446972334000748,5.669393290998414,True,True,397.0,261.0,True,True,True,-0.08450669215495199,-3.7775790430023335,0.6001280717837619,-136.0
v300_s7_p10,300,0.1,h3,2,1.8535393141579637,1.8502499949912228,9.95200891600689,5.664599374984391,True,True,397.0,261.0,True,True,True,-0.0032893191667409116,-4.287409541022498,0.5691915494441936,-136.0
v300_s7_p10,300,0.1,h3,3,1.8537621879785526,1.8055600339379956,10.091784332995303,5.6047713329899125,True,True,397.0,261.0,True,True,True,-0.048202154040557055,-4.4870130000053905,0.555379618514537,-136.0
v300_s7_p10,300,0.1,h3,4,1.9655698888178637,1.8089920193789386,9.805874125042465,5.723443082999438,True,True,397.0,261.0,True,True,True,-0.15657786943892504,-4.0824310420430265,0.5836749493227512,-136.0
v300_s7_p10,300,0.1,h4,0,,1.864311535994099,17.770185958012007,9.841323542001192,True,True,197.0,156.0,False,True,False,,-7.928862416010816,0.5538109485885292,-41.0
v300_s7_p10,300,0.1,h4,1,,1.8555697817658066,17.85672112496104,11.343396999989636,True,True,225.0,128.0,False,True,False,,-6.513324124971405,0.6352452345875108,-97.0
v300_s7_p10,300,0.1,h4,2,1.9022967767283177,1.8083691963876127,16.81809241598239,10.104353667004034,True,True,177.0,124.0,True,True,True,-0.09392758034070492,-6.713738748978358,0.6008026009776097,-53.0
v300_s7_p10,300,0.1,h4,3,1.9703400464084624,1.8462651992667802,17.469881457975134,11.035238665994257,True,True,191.0,128.0,True,True,True,-0.12407484714168215,-6.4346427919808775,0.6316722121177637,-63.0
v300_s7_p10,300,0.1,h4,4,,1.8260941805866715,18.099197749979794,10.806482958956622,True,True,205.0,125.0,False,True,False,,-7.292714791023172,0.5970697214449013,-80.0
v300_s7_p10,300,0.1,h2+3,0,1.8809851609706192,1.8128743058804055,9.905697375012096,5.808447166986298,True,True,397.0,261.0,True,True,True,-0.06811085509021364,-4.097250208025798,0.5863743810343495,-136.0
v300_s7_p10,300,0.1,h2+3,1,1.911749198655856,1.8342966380213663,9.620473624963779,5.814196583000012,True,True,397.0,261.0,True,True,True,-0.07745256063448958,-3.8062770419637673,0.6043565846813391,-136.0
v300_s7_p10,300,0.1,h2+3,2,1.9607226738526764,1.8324041388953698,9.516727457987145,5.968079374986701,True,True,397.0,261.0,True,True,True,-0.1283185349573066,-3.548648083000444,0.6271146674456717,-136.0
v300_s7_p10,300,0.1,h2+3,3,1.8598013905477446,1.8385238868512777,9.5775859580026,5.877573082980234,True,True,397.0,261.0,True,True,True,-0.02127750369646697,-3.7000128750223666,0.6136800138107034,-136.0
v300_s7_p10,300,0.1,h2+3,4,1.872244132429567,1.8267164778808103,10.918636750022415,5.8027959580067545,True,True,397.0,261.0,True,True,True,-0.045527654548756846,-5.1158407920156606,0.5314579183152001,-136.0
v300_s7_p10,300,0.1,h2+3+4,0,1.892020807213074,1.879953456152094,20.448298249975778,11.228306749952026,True,True,197.0,156.0,True,True,True,-0.012067351060979892,-9.219991500023752,0.5491071488046848,-41.0
v300_s7_p10,300,0.1,h2+3+4,1,,1.8305785024556684,20.266030250000767,12.648122666985728,True,True,225.0,128.0,False,True,False,,-7.61790758301504,0.6241045982345382,-97.0
v300_s7_p10,300,0.1,h2+3+4,2,1.9047256512780868,1.841734580568452,18.86512358300388,11.716416792012751,True,True,177.0,124.0,True,True,True,-0.06299107070963483,-7.1487067909911275,0.6210622867357414,-53.0
v300_s7_p10,300,0.1,h2+3+4,3,,1.827563109169393,19.17225754103856,12.036520708992612,True,True,191.0,128.0,False,True,False,,-7.13573683204595,0.6278092542429197,-63.0
v300_s7_p10,300,0.1,h2+3+4,4,,1.8329381580870248,20.334760750003625,11.638112665968947,True,True,205.0,125.0,False,True,False,,-8.696648084034678,0.5723260189312467,-80.0
v300_s7_p30,300,0.3,h2,0,2.9652706850003634,2.918101824236895,3.2966526660020463,0.5462540420121513,True,True,335.0,75.0,True,True,True,-0.0471688607634686,-2.750398623989895,0.16569960422145735,-260.0
v300_s7_p30,300,0.3,h2,1,,2.7328633249453125,3.1199403749778867,0.5609560000011697,True,True,335.0,75.0,False,True,False,,-2.558984374976717,0.17979702577013051,-260.0
v300_s7_p30,300,0.3,h2,2,3.3619248046702697,3.0702209599157935,3.414800792001188,0.5475241250242107,True,True,335.0,75.0,True,True,True,-0.2917038447544762,-2.867276666976977,0.16033852583926078,-260.0
v300_s7_p30,300,0.3,h2,3,3.2518902352718597,2.749453354878525,3.251963291026186,0.5264692499767989,True,True,335.0,75.0,True,True,True,-0.5024368803933346,-2.7254940410493873,0.1618927407420601,-260.0
v300_s7_p30,300,0.3,h2,4,,3.0213921731526834,3.1492590839625336,0.5179230829817243,True,True,335.0,75.0,False,True,False,,-2.6313360009808093,0.16445870891322512,-260.0
v300_s7_p30,300,0.3,h3,0,,2.5053369498056,3.210409458959475,0.8066538330167532,True,True,335.0,75.0,False,True,False,,-2.403755625942722,0.25126197867551686,-260.0
v300_s7_p30,300,0.3,h3,1,,2.4838067642046915,3.2915154590155,0.8309345419984311,True,True,335.0,75.0,False,True,False,,-2.4605809170170687,0.252447406778082,-260.0
v300_s7_p30,300,0.3,h3,2,3.0559992584231104,2.4052020300626813,3.4465903340023942,0.8345978750148788,True,True,335.0,75.0,True,True,True,-0.6507972283604291,-2.6119924589875154,0.2421517482890669,-260.0
v300_s7_p30,300,0.3,h3,3,2.6619745516569315,2.4665306735432204,3.283202374994289,0.8558324160403572,True,True,335.0,75.0,True,True,True,-0.1954438781137111,-2.427369958953932,0.2606700161277283,-260.0
v300_s7_p30,300,0.3,h3,4,2.866163712619927,2.5755519682615633,3.553935875010211,0.8322494589956477,True,True,335.0,75.0,True,True,True,-0.29061174435836357,-2.7216864160145633,0.23417683612348705,-260.0
v300_s7_p30,300,0.3,h4,0,,2.5195622528878094,8.394524917006493,1.2299385410151444,True,True,311.0,50.0,False,True,False,,-7.164586375991348,0.1465167538574349,-261.0
v300_s7_p30,300,0.3,h4,1,,2.620666744171945,8.687159250024706,1.157125208992511,True,True,319.0,62.0,False,True,False,,-7.530034041032195,0.13319949314722418,-257.0
v300_s7_p30,300,0.3,h4,2,,2.574235969794336,8.782246791990474,1.3487644589622505,True,True,319.0,36.0,False,True,False,,-7.433482333028223,0.15357851935934455,-283.0
v300_s7_p30,300,0.3,h4,3,,2.574235969794336,9.071622792049311,1.3791584999999031,True,True,319.0,36.0,False,True,False,,-7.692464292049408,0.15202996548849518,-283.0
v300_s7_p30,300,0.3,h4,4,,2.4596126163835503,8.927714583987836,1.186504082987085,True,True,311.0,44.0,False,True,False,,-7.741210501000751,0.13290121137106253,-267.0
v300_s7_p30,300,0.3,h2+3,0,3.464859088236293,2.4830437240454826,3.415919249993749,0.9023527500103228,True,True,335.0,75.0,True,True,True,-0.9818153641908105,-2.513566499983426,0.26416103074215647,-260.0
v300_s7_p30,300,0.3,h2+3,1,,2.4737065116850623,3.362631624971982,0.8685312499874271,True,True,335.0,75.0,False,True,False,,-2.494100374984555,0.2582891457801786,-260.0
v300_s7_p30,300,0.3,h2+3,2,2.957496486582714,2.4592387878515884,3.6346108749858104,0.8536835000268184,True,True,335.0,75.0,True,True,True,-0.4982576987311256,-2.780927374958992,0.23487617502661853,-260.0
v300_s7_p30,300,0.3,h2+3,3,3.2947755255444995,2.4956292386276404,3.7658936249790713,0.8647097499924712,True,True,335.0,75.0,True,True,True,-0.7991462869168591,-2.9011838749866,0.22961608481367468,-260.0
v300_s7_p30,300,0.3,h2+3,4,2.885773320245054,2.4838067642046915,3.6543516669771634,0.843596582999453,True,True,335.0,75.0,True,True,True,-0.40196655604036247,-2.8107550839777105,0.23084712689878203,-260.0
v300_s7_p30,300,0.3,h2+3+4,0,,2.5354342083602694,9.952789624978323,1.5334864589967765,True,True,311.0,50.0,False,True,False,,-8.419303165981546,0.15407604468482036,-261.0
v300_s7_p30,300,0.3,h2+3+4,1,,2.6028473305719984,10.043350625026505,1.5081401669885963,True,True,319.0,62.0,False,True,False,,-8.53521045803791,0.15016305048939943,-257.0
v300_s7_p30,300,0.3,h2+3+4,2,,2.574235969794336,10.269714540976565,1.6569561249925755,True,True,319.0,36.0,False,True,False,,-8.61275841598399,0.16134393204224473,-283.0
v300_s7_p30,300,0.3,h2+3+4,3,,2.574235969794336,10.483547166979406,1.7140708749648184,True,True,319.0,36.0,False,True,False,,-8.769476292014588,0.16350104098007207,-283.0
v300_s7_p30,300,0.3,h2+3+4,4,,2.489390166275391,10.63244954199763,1.5211954160477035,True,True,311.0,44.0,False,True,False,,-9.111254125949927,0.14307102140847786,-267.0
v300_s7_p50,300,0.5,h2,0,,2.654036807159195,3.1058048749691807,0.5471672500134446,True,True,335.0,75.0,False,True,False,,-2.558637624955736,0.1761756684791327,-260.0
v300_s7_p50,300,0.5,h2,1,,2.931533370933115,3.161560666980222,0.5148604169953614,True,True,335.0,75.0,False,True,False,,-2.6467002499848604,0.16285008298990908,-260.0
v300_s7_p50,300,0.5,h2,2,3.671302392698491,2.475047935114212,3.3977184999966994,0.5698119170265272,True,True,335.0,75.0,True,True,True,-1.196254457584279,-2.827906582970172,0.16770427480295402,-260.0
v300_s7_p50,300,0.5,h2,3,,2.7723036424807384,3.2344052079715766,0.5297831250354648,True,True,335.0,75.0,False,True,False,,-2.704622082936112,0.1637961513695783,-260.0
v300_s7_p50,300,0.5,h2,4,3.7037978224027626,2.7250502933426004,3.3005496250116266,0.5292564170085825,True,True,335.0,75.0,True,True,True,-0.9787475290601622,-2.771293208003044,0.16035402497749693,-260.0
v300_s7_p50,300,0.5,h3,0,3.0203684161318436,2.5212408950938276,3.5199553329730406,0.8281065000337549,True,True,335.0,75.0,True,True,True,-0.49912752103801594,-2.691848832939286,0.23526051375609808,-260.0
v300_s7_p50,300,0.5,h3,1,3.4999314296712467,2.5162854353018296,3.3342379159876145,0.7937719590263441,True,True,335.0,75.0,True,True,True,-0.9836459943694171,-2.5404659569612704,0.23806698232907164,-260.0
v300_s7_p50,300,0.5,h3,2,,2.4838067642046915,3.0527047499781474,0.7801336250267923,True,True,335.0,75.0,False,True,False,,-2.272571124951355,0.2555548894901732,-260.0
v300_s7_p50,300,0.5,h3,3,3.1151852006324345,2.384055692645249,3.6280849169706926,0.8668091250001453,True,True,335.0,75.0,True,True,True,-0.7311295079871853,-2.7612757919705473,0.23891643796581713,-260.0
v300_s7_p50,300,0.5,h3,4,2.8340021558973265,2.54546785320188,3.600020957994275,0.8126375409774482,True,True,335.0,75.0,True,True,True,-0.28853430269544633,-2.7873834170168266,0.22573133613927715,-260.0
v300_s7_p50,300,0.5,h4,0,,2.4946885476127725,8.70006166701205,1.145493624964729,True,True,319.0,55.0,False,True,False,,-7.554568042047322,0.13166500064109743,-264.0
v300_s7_p50,300,0.5,h4,1,,2.6075938690060547,8.982719958992675,1.2575503750122152,True,True,319.0,62.0,False,True,False,,-7.72516958398046,0.13999661358175494,-257.0
v300_s7_p50,300,0.5,h4,2,,2.574235969794336,8.622076958010439,1.434785791032482,True,True,311.0,36.0,False,True,False,,-7.187291166977957,0.16640837213816306,-275.0
v300_s7_p50,300,0.5,h4,3,,2.577411421022752,8.809059499995783,1.234511707967613,True,True,319.0,62.0,False,True,False,,-7.57454779202817,0.14014114764103977,-257.0
v300_s7_p50,300,0.5,h4,4,,2.501055298652445,8.985419792006724,1.2604434170061722,True,True,319.0,44.0,False,True,False,,-7.724976375000551,0.14027651976009414,-275.0
v300_s7_p50,300,0.5,h2+3,0,2.9698612690228883,2.4122726801593215,3.4525447500054725,0.8507058329996653,True,True,335.0,75.0,True,True,True,-0.5575885888635668,-2.601838917005807,0.24639965434142944,-260.0
v300_s7_p50,300,0.5,h2+3,1,3.198257605837046,2.4838067642046915,3.631842541974038,0.8698019590228796,True,True,335.0,75.0,True,True,True,-0.7144508416323547,-2.7620405829511583,0.23949330098163088,-260.0
v300_s7_p50,300,0.5,h2+3,2,,2.467908622562804,3.492014500021469,0.8764371249708347,True,True,335.0,75.0,False,True,False,,-2.615577375050634,0.25098324333001665,-260.0
v300_s7_p50,300,0.5,h2+3,3,3.6660102080425254,2.4665306735432337,3.6639146670349874,0.8590753329917789,True,True,335.0,75.0,True,True,True,-1.1994795344992917,-2.8048393340432085,0.23446925244222,-260.0
v300_s7_p50,300,0.5,h2+3,4,,2.4866485289076032,3.419940207968466,0.8663478750386275,True,True,335.0,75.0,False,True,False,,-2.5535923329298384,0.2533225209668975,-260.0
v300_s7_p50,300,0.5,h2+3+4,0,,2.530571990260374,10.079452166974079,1.3935081249801442,True,True,319.0,55.0,False,True,False,,-8.685944041993935,0.13825236747946043,-264.0
v300_s7_p50,300,0.5,h2+3+4,1,,2.5461502781176373,10.445161541982088,1.504510625032708,True,True,319.0,62.0,False,True,False,,-8.94065091694938,0.14403900016152454,-257.0
v300_s7_p50,300,0.5,h2+3+4,2,,2.574235969794336,9.963848124956712,1.80280424997909,True,True,311.0,36.0,False,True,False,,-8.161043874977622,0.18093453727617131,-275.0
v300_s7_p50,300,0.5,h2+3+4,3,,2.5714401241016636,10.004636792000383,1.5924735000007786,True,True,319.0,62.0,False,True,False,,-8.412163291999605,0.1591735445382791,-257.0
v300_s7_p50,300,0.5,h2+3+4,4,,2.517084566419115,10.12286583398236,1.5573679159861058,True,True,319.0,44.0,False,True,False,,-8.565497917996254,0.15384654321487076,-275.0
v300_s8_p0,300,0.0,h2,0,1.8972174520187783,2.176166170710395,5.923379459010903,4.686964540975168,True,True,441.0,393.0,True,True,True,0.27894871869161664,-1.2364149180357344,0.7912652858741227,-48.0
v300_s8_p0,300,0.0,h2,1,2.0081807656883384,2.2444446196511176,5.789886665996164,4.650345792004373,True,True,441.0,393.0,True,True,True,0.23626385396277927,-1.1395408739917912,0.803184252174696,-48.0
v300_s8_p0,300,0.0,h2,2,2.113703896050386,2.016458666869169,6.115298499993514,4.908564666984603,True,True,441.0,393.0,True,True,True,-0.09724522918121714,-1.2067338330089115,0.8026696762210068,-48.0
v300_s8_p0,300,0.0,h2,3,1.9809163665521443,2.0193681538981454,6.04872250003973,4.722516666981392,True,True,441.0,393.0,True,True,True,0.038451787346001076,-1.3262058330583386,0.7807461272938827,-48.0
v300_s8_p0,300,0.0,h2,4,1.9667336089699765,2.049684487517394,6.340478333004285,4.420415583008435,True,True,441.0,393.0,True,True,True,0.08295087854741756,-1.92006274999585,0.6971738330842818,-48.0
v300_s8_p0,300,0.0,h3,0,1.5712384527386152,1.5549127056259344,14.68864162499085,11.436352125019766,True,True,441.0,393.0,True,True,True,-0.016325747112680755,-3.2522894999710843,0.7785847334965454,-48.0
v300_s8_p0,300,0.0,h3,1,1.5743106986599564,1.5717779343560898,14.941745624993928,11.504371625022031,True,True,441.0,393.0,True,True,True,-0.002532764303866619,-3.4373739999718964,0.7699482987970294,-48.0
v300_s8_p0,300,0.0,h3,2,1.5596409122125463,1.5667560629312682,14.988332666980568,11.75292925001122,True,True,441.0,393.0,True,True,True,0.00711515071872193,-3.2354034169693477,0.7841385370304083,-48.0
v300_s8_p0,300,0.0,h3,3,1.5588057769545673,1.584085133241634,14.630276999960188,11.648427166976035,True,True,441.0,393.0,True,True,True,0.025279356287066568,-2.981849832984153,0.7961863720699022,-48.0
v300_s8_p0,300,0.0,h3,4,1.5700910371371528,1.5789909990561088,14.65647533297306,11.564334583003074,True,True,441.0,393.0,True,True,True,0.008899961918956034,-3.0921407499699853,0.789025623165106,-48.0
v300_s8_p0,300,0.0,h4,0,1.581281612769414,1.568688581183968,19.355900916969404,17.35926900000777,True,True,284.0,253.0,True,True,True,-0.012593031585446113,-1.9966319169616327,0.8968463454361261,-31.0
v300_s8_p0,300,0.0,h4,1,1.597968786370144,1.5984374454720367,21.729080457997043,16.868019708024804,True,True,260.0,296.0,True,True,True,0.0004686591018927544,-4.861060749972239,0.7762877835825214,36.0
v300_s8_p0,300,0.0,h4,2,1.6030642483300666,1.6056653518338175,19.953897375031374,17.71636991703417,True,True,316.0,252.0,True,True,True,0.002601103503750979,-2.237527457997203,0.8878651415338511,-64.0
v300_s8_p0,300,0.0,h4,3,1.566161771916936,,19.94510083302157,16.335192124999594,True,True,229.0,289.0,True,False,False,,-3.609908708021976,0.8190077484068004,60.0
v300_s8_p0,300,0.0,h4,4,1.5800461372326586,,21.091015416022856,16.331228249997366,True,True,243.0,256.0,True,False,False,,-4.75978716602549,0.7743215738010661,13.0
v300_s8_p0,300,0.0,h2+3,0,1.5676244540047286,1.5510081016526265,15.26946716697421,11.74188145896187,True,True,441.0,393.0,True,True,True,-0.016616352352102126,-3.5275857080123387,0.7689778124254375,-48.0
v300_s8_p0,300,0.0,h2+3,1,1.5693798030836454,1.5497194412487558,14.912124291993678,11.762521166994702,True,True,441.0,393.0,True,True,True,-0.019660361834889617,-3.1496031249989755,0.7887891045348919,-48.0
v300_s8_p0,300,0.0,h2+3,2,1.5694701902116321,1.5732826338253292,15.299508249969222,11.775227083009668,True,True,441.0,393.0,True,True,True,0.0038124436136970363,-3.524281166959554,0.7696474220361531,-48.0
v300_s8_p0,300,0.0,h2+3,3,1.572606833940224,1.5538250189142622,15.36638712498825,11.736652332998347,True,True,441.0,393.0,True,True,True,-0.018781815025961768,-3.629734791989904,0.763787365080282,-48.0
v300_s8_p0,300,0.0,h2+3,4,1.5664105293010993,1.5572080358200802,14.982158124970738,11.866723458981141,True,True,441.0,393.0,True,True,True,-0.009202493481019092,-3.1154346659895964,0.7920570160852123,-48.0
v300_s8_p0,300,0.0,h2+3+4,0,1.598288141257288,1.5816304240794623,21.7014616659726,19.658592333027627,True,True,284.0,253.0,True,True,True,-0.016657717177825715,-2.0428693329449743,0.905864896826367,-31.0
v300_s8_p0,300,0.0,h2+3+4,1,1.6008779474248114,1.6378044790174746,24.07734066597186,18.944081707973965,True,True,260.0,296.0,True,True,True,0.036926531592663236,-5.133258957997896,0.7868012489746157,36.0
v300_s8_p0,300,0.0,h2+3+4,2,1.632512977976398,1.612965207717178,22.705440291028935,19.52145083301002,True,True,316.0,252.0,True,True,True,-0.019547770259219943,-3.183989458018914,0.8597697548601633,-64.0
v300_s8_p0,300,0.0,h2+3+4,3,1.5791441163872466,,21.888863542000763,18.686343709006906,True,True,229.0,289.0,True,False,False,,-3.2025198329938576,0.8536918179032547,60.0
v300_s8_p0,300,0.0,h2+3+4,4,1.5537543067095136,1.5761313766432319,23.890235874976497,18.799889583024196,True,True,243.0,256.0,True,True,True,0.02237706993371824,-5.090346291952301,0.7869277507936154,13.0
v300_s8_p10,300,0.1,h2,0,2.349333499736833,2.3097948982970817,4.751958499953616,2.1787618750240654,True,True,397.0,261.0,True,True,True,-0.039538601439751186,-2.573196624929551,0.45849766470926295,-136.0
v300_s8_p10,300,0.1,h2,1,2.329033493464707,2.4932869724973203,4.861756291997153,2.1807325829868205,True,True,397.0,261.0,True,True,True,0.16425347903261356,-2.681023709010333,0.44854831299884035,-136.0
v300_s8_p10,300,0.1,h2,2,,2.511874201135911,4.305318208003882,2.296257957990747,True,True,397.0,261.0,False,True,False,,-2.0090602500131354,0.5333538305535339,-136.0
v300_s8_p10,300,0.1,h2,3,,2.4350412160070505,4.319317666988354,2.2006692090071738,True,True,397.0,261.0,False,True,False,,-2.1186484579811804,0.5094946421344348,-136.0
v300_s8_p10,300,0.1,h2,4,,2.4587249077300246,4.29625604202738,2.1634222919819877,True,True,397.0,261.0,False,True,False,,-2.1328337500453927,0.5035599067696813,-136.0
v300_s8_p10,300,0.1,h3,0,1.9267817813580677,1.8481263100923917,9.053585291025229,5.464331375027541,True,True,397.0,261.0,True,True,True,-0.07865547126567596,-3.5892539159976877,0.6035544151159987,-136.0
v300_s8_p10,300,0.1,h3,1,1.8688161442428186,1.8054563500495096,8.873446832993068,5.3587284999666736,True,True,397.0,261.0,True,True,True,-0.06335979419330906,-3.5147183330263942,0.6039060807849729,-136.0
v300_s8_p10,300,0.1,h3,2,1.8980390278817822,1.7855622816085044,9.218798999965657,5.181166415975895,True,True,397.0,261.0,True,True,True,-0.11247674627327786,-4.037632583989762,0.5620218442765914,-136.0
v300_s8_p10,300,0.1,h3,3,1.8901612647022616,1.812918791828507,8.313174874987453,5.22253070800798,True,True,397.0,261.0,True,True,True,-0.07724247287375463,-3.090644166979473,0.6282233667093239,-136.0
v300_s8_p10,300,0.1,h3,4,1.9314078715704748,1.8046905113875642,8.446538500022143,5.252020917017944,True,True,397.0,261.0,True,True,True,-0.12671736018291058,-3.194517583004199,0.6217956523851961,-136.0
v300_s8_p10,300,0.1,h4,0,1.9010875221703527,1.8762574278840942,19.381847459007986,7.912102041998878,True,True,158.0,183.0,True,True,True,-0.024830094286258486,-11.469745417009108,0.4082222842137589,25.0
v300_s8_p10,300,0.1,h4,1,1.86823842406247,1.964552993517896,16.824258667009417,8.239770332991611,True,True,169.0,192.0,True,True,True,0.09631456945542594,-8.584488334017806,0.48975532866413457,23.0
v300_s8_p10,300,0.1,h4,2,1.8567372718407265,1.940914277794078,19.357803917024285,8.460544292000122,True,True,158.0,183.0,True,True,True,0.08417700595335154,-10.897259625024162,0.4370611629431512,25.0
v300_s8_p10,300,0.1,h4,3,1.870612748515133,1.939069944338213,17.255221542029176,8.634120291972067,True,True,161.0,190.0,True,True,True,0.06845719582307996,-8.621101250057109,0.5003772493411124,29.0
v300_s8_p10,300,0.1,h4,4,1.9016673673188993,1.980560850185863,18.358407915977295,7.902347458992153,True,True,181.0,190.0,True,True,True,0.07889348286696363,-10.456060456985142,0.4304484078989634,9.0
v300_s8_p10,300,0.1,h2+3,0,1.9354278204218962,1.9022216187975867,9.274237083038315,5.487048125010915,True,True,397.0,261.0,True,True,True,-0.03320620162430954,-3.7871889580274,0.5916441509831786,-136.0
v300_s8_p10,300,0.1,h2+3,1,1.9034498682317273,1.8177634522266588,9.30322524998337,5.235827624972444,True,True,397.0,261.0,True,True,True,-0.08568641600506854,-4.067397625010926,0.5627970391216534,-136.0
v300_s8_p10,300,0.1,h2+3,2,1.9273715655308015,1.7523749305413892,8.231825958995614,5.267578458006028,True,True,397.0,261.0,True,True,True,-0.17499663498941231,-2.964247500989586,0.6399040120922015,-136.0
v300_s8_p10,300,0.1,h2+3,3,1.8394112912393297,1.8014699760335147,8.31430900003761,5.553959415992722,True,True,397.0,261.0,True,True,True,-0.03794131520581501,-2.7603495840448886,0.6680001207517784,-136.0
v300_s8_p10,300,0.1,h2+3,4,1.940842483085762,1.8416538987609599,8.232001584023237,5.469501333020162,True,True,397.0,261.0,True,True,True,-0.09918858432480215,-2.7625002510030754,0.6644193732464085,-136.0
v300_s8_p10,300,0.1,h2+3+4,0,1.8856247460668265,1.8665567283536928,21.0229949579807,9.399677083012648,True,True,158.0,183.0,True,True,True,-0.01906801771313371,-11.623317874968052,0.44711408159494254,25.0
v300_s8_p10,300,0.1,h2+3+4,1,1.921830500635998,1.9447840818878588,18.32202620897442,9.626562624995131,True,True,169.0,192.0,True,True,True,0.022953581251860866,-8.69546358397929,0.5254092814407113,23.0
v300_s8_p10,300,0.1,h2+3+4,2,1.9025896331155925,1.9084760622764387,21.431321666983422,9.975286542030517,True,True,158.0,183.0,True,True,True,0.0058864291608462516,-11.456035124952905,0.4654536335665291,25.0
v300_s8_p10,300,0.1,h2+3+4,3,1.902532183671589,1.881717663957622,19.640584834036417,9.721158750005998,True,True,161.0,190.0,True,True,True,-0.02081451971396686,-9.91942608403042,0.4949526112460554,29.0
v300_s8_p10,300,0.1,h2+3+4,4,1.872136865135099,1.9575619387631404,20.225248875038233,9.48118791700108,True,True,181.0,191.0,True,True,True,0.08542507362804153,-10.744060958037153,0.4687797898350043,10.0
v300_s8_p30,300,0.3,h2,0,,3.208906808830905,2.326383250008803,0.5300994160352275,True,True,337.0,81.0,False,True,False,,-1.7962838339735754,0.22786418189402868,-256.0
v300_s8_p30,300,0.3,h2,1,,3.0728008631376205,2.371957499999553,0.5587332500144839,True,True,337.0,81.0,False,True,False,,-1.813224249985069,0.23555786729508824,-256.0
v300_s8_p30,300,0.3,h2,2,,,2.5345375419710763,0.4144562499714084,True,True,337.0,81.0,False,False,False,,-2.120081291999668,0.1635234211796647,-256.0
v300_s8_p30,300,0.3,h2,3,,3.5512663531508717,2.3429000829928555,0.5752547499723732,True,True,337.0,81.0,False,True,False,,-1.7676453330204822,0.2455310638930595,-256.0
v300_s8_p30,300,0.3,h2,4,,,2.4407824160298333,0.46184341702610254,True,True,337.0,81.0,False,False,False,,-1.9789389990037307,0.1892194134114319,-256.0
v300_s8_p30,300,0.3,h3,0,,2.738806014074066,2.5586749170324765,0.7219781670137309,True,True,337.0,81.0,False,True,False,,-1.8366967500187457,0.2821687750201082,-256.0
v300_s8_p30,300,0.3,h3,1,,2.768268203186048,2.512843290984165,0.7543755830265582,True,True,337.0,81.0,False,True,False,,-1.7584677079576068,0.3002079698854217,-256.0
v300_s8_p30,300,0.3,h3,2,,2.5870027475726958,2.6421119999722578,0.7691408750251867,True,True,337.0,81.0,False,True,False,,-1.872971124947071,0.2911083538598147,-256.0
v300_s8_p30,300,0.3,h3,3,,2.8389241159896774,2.6001407919684425,0.7465525000006892,True,True,337.0,81.0,False,True,False,,-1.8535882919677533,0.2871200291563865,-256.0
v300_s8_p30,300,0.3,h3,4,,2.855441720948421,2.560084500000812,0.7552984170033596,True,True,337.0,81.0,False,True,False,,-1.8047860829974525,0.29502870588963764,-256.0
v300_s8_p30,300,0.3,h4,0,,3.3093270281711584,7.955088082992006,1.4159343329956755,True,True,273.0,64.0,False,True,False,,-6.539153749996331,0.1779910314284195,-209.0
v300_s8_p30,300,0.3,h4,1,,3.042519192713884,7.925306291959714,1.3835223329951987,True,True,273.0,64.0,False,True,False,,-6.5417839589645155,0.17457020360194697,-209.0
v300_s8_p30,300,0.3,h4,2,,2.9255100441013115,7.9464408330386505,1.409563374996651,True,True,273.0,64.0,False,True,False,,-6.5368774580419995,0.17738298247136713,-209.0
v300_s8_p30,300,0.3,h4,3,,3.117299168247881,8.240972625033464,1.3831360409967601,True,True,273.0,64.0,False,True,False,,-6.857836584036704,0.16783650473431144,-209.0
v300_s8_p30,300,0.3,h4,4,,3.113656476177174,8.29747662495356,1.4005289160413668,True,True,273.0,65.0,False,True,False,,-6.896947708912194,0.168789739259941,-208.0
v300_s8_p30,300,0.3,h2+3,0,,2.7674595390967838,2.668641166004818,0.7888887919834815,True,True,337.0,81.0,False,True,False,,-1.8797523740213364,0.2956144130701974,-256.0
v300_s8_p30,300,0.3,h2+3,1,,2.8700333429052343,2.790352542011533,0.771239916968625,True,True,337.0,81.0,False,True,False,,-2.019112625042908,0.2763951527116524,-256.0
v300_s8_p30,300,0.3,h2+3,2,,2.9861903579980154,2.727280833001714,0.8272989999968559,True,True,337.0,81.0,False,True,False,,-1.8999818330048583,0.30334206510237144,-256.0
v300_s8_p30,300,0.3,h2+3,3,,2.739605674843903,2.70314308302477,0.7639245000318624,True,True,337.0,81.0,False,True,False,,-1.9392185829929076,0.28260601698414134,-256.0
v300_s8_p30,300,0.3,h2+3,4,,2.7842035567868915,2.7480298330192454,0.7514520830009133,True,True,337.0,81.0,False,True,False,,-1.9965777500183322,0.2734512100166311,-256.0
v300_s8_p30,300,0.3,h2+3+4,0,,3.230400394892148,9.415821917005815,1.7388121669646353,True,True,273.0,64.0,False,True,False,,-7.677009750041179,0.1846691857908002,-209.0
v300_s8_p30,300,0.3,h2+3+4,1,,3.1418546603283115,9.36151608399814,1.742978582973592,True,True,273.0,64.0,False,True,False,,-7.618537501024548,0.18618550321703836,-209.0
v300_s8_p30,300,0.3,h2+3+4,2,,3.22336696358357,9.422882749990094,1.7442168339621276,True,True,273.0,64.0,False,True,False,,-7.678665916027967,0.18510437625512863,-209.0
v300_s8_p30,300,0.3,h2+3+4,3,,3.0566107474127704,9.890750958991703,1.7239370410097763,True,True,273.0,64.0,False,True,False,,-8.166813917981926,0.17429789185446445,-209.0
v300_s8_p30,300,0.3,h2+3+4,4,,3.1727434668519106,9.835202958027367,1.7192502919933759,True,True,273.0,65.0,False,True,False,,-8.11595266603399,0.17480577669118114,-208.0
v300_s8_p50,300,0.5,h2,0,,3.103067223453779,2.427808084001299,0.5233188749989495,True,True,337.0,81.0,False,True,False,,-1.9044892090023495,0.21555199459442506,-256.0
v300_s8_p50,300,0.5,h2,1,,3.412282777725339,2.3630223329528235,0.5255787909845822,True,True,337.0,81.0,False,True,False,,-1.8374435419682413,0.22241803797419932,-256.0
v300_s8_p50,300,0.5,h2,2,,3.075798572885952,2.4004108329536393,0.5252302080043592,True,True,337.0,81.0,False,True,False,,-1.8751806249492802,0.21880846428195705,-256.0
v300_s8_p50,300,0.5,h2,3,,,2.4096648750128224,0.4559196249465458,True,True,337.0,81.0,False,False,False,,-1.9537452500662766,0.1892045776465575,-256.0
v300_s8_p50,300,0.5,h2,4,,2.9742372801506765,2.434701916994527,0.5427073750179261,True,True,337.0,81.0,False,True,False,,-1.8919945419766009,0.22290505923117737,-256.0
v300_s8_p50,300,0.5,h3,0,3.156099629646412,2.869056255423125,2.8401720409747213,0.7278885839623399,True,True,337.0,81.0,True,True,True,-0.2870433742232872,-2.1122834570123814,0.25628327209098756,-256.0
v300_s8_p50,300,0.5,h3,1,,2.868000225923917,2.47401574999094,0.7723132090177387,True,True,337.0,81.0,False,True,False,,-1.7017025409732014,0.31216988372873816,-256.0
v300_s8_p50,300,0.5,h3,2,,2.827817845329391,2.5693255410296842,0.765702834003605,True,True,337.0,81.0,False,True,False,,-1.8036227070260793,0.2980170561402435,-256.0
v300_s8_p50,300,0.5,h3,3,,2.705004678548126,2.6089781660120934,0.7771326250513084,True,True,337.0,81.0,False,True,False,,-1.831845540960785,0.29786858133779653,-256.0
v300_s8_p50,300,0.5,h3,4,,2.9031101604332115,2.481452791020274,0.78376008302439,True,True,337.0,81.0,False,True,False,,-1.6976927079958841,0.31584726731881096,-256.0
v300_s8_p50,300,0.5,h4,0,,3.154241260008359,7.9152131250011735,1.4040979580022395,True,True,273.0,65.0,False,True,False,,-6.511115166998934,0.17739231222558285,-208.0
v300_s8_p50,300,0.5,h4,1,,3.172735112610615,8.00722379196668,1.4124084590002894,True,True,273.0,64.0,False,True,False,,-6.594815332966391,0.17639178018445056,-209.0
v300_s8_p50,300,0.5,h4,2,,3.0920578474186544,8.07085812499281,1.4205469170119613,True,True,273.0,64.0,False,True,False,,-6.650311207980849,0.1760094025953686,-209.0
v300_s8_p50,300,0.5,h4,3,,2.997570318167748,7.945066458021756,1.3808966249926016,True,True,273.0,65.0,False,True,False,,-6.564169833029155,0.17380554741595344,-208.0
v300_s8_p50,300,0.5,h4,4,,3.3113560501837593,8.221001375000924,1.4158969999989495,True,True,273.0,64.0,False,True,False,,-6.805104375001974,0.17222926203424826,-209.0
v300_s8_p50,300,0.5,h2+3,0,,2.8251140380720825,2.7035033749998547,0.7861979579902254,True,True,337.0,81.0,False,True,False,,-1.9173054170096293,0.2908070932185419,-256.0
v300_s8_p50,300,0.5,h2+3,1,,2.745425492666038,2.8376409159973264,0.8071701250155456,True,True,337.0,81.0,False,True,False,,-2.0304707909817807,0.2844511158776603,-256.0
v300_s8_p50,300,0.5,h2+3,2,,2.7371415559274417,2.768426917027682,0.8042628330294974,True,True,337.0,81.0,False,True,False,,-1.9641640839981847,0.29051257524001867,-256.0
v300_s8_p50,300,0.5,h2+3,3,,2.828724347143007,2.752982041973155,0.7065284579875879,True,True,337.0,81.0,False,True,False,,-2.046453583985567,0.2566411430280145,-256.0
v300_s8_p50,300,0.5,h2+3,4,,2.8742111851285363,2.8325123749673367,0.7837524169590324,True,True,337.0,81.0,False,True,False,,-2.0487599580083042,0.27669867354703803,-256.0
v300_s8_p50,300,0.5,h2+3+4,0,,3.0576345360119097,9.500791208993178,1.7214144580066204,True,True,273.0,65.0,False,True,False,,-7.7793767509865575,0.18118643175498675,-208.0
v300_s8_p50,300,0.5,h2+3+4,1,,3.06764408954147,9.455430000030901,1.7736852920497768,True,True,273.0,64.0,False,True,False,,-7.6817447079811245,0.18758377906070695,-209.0
v300_s8_p50,300,0.5,h2+3+4,2,,3.1955626027505706,9.523464625002816,1.8358286250149831,True,True,273.0,64.0,False,True,False,,-7.687635999987833,0.1927689866348866,-209.0
v300_s8_p50,300,0.5,h2+3+4,3,,3.1910936107768317,9.28162662498653,1.7172704170225188,True,True,273.0,65.0,False,True,False,,-7.5643562079640105,0.1850182609586508,-208.0
v300_s8_p50,300,0.5,h2+3+4,4,,2.9877909855897147,9.907057791016996,1.747800958051812,True,True,273.0,64.0,False,True,False,,-8.159256832965184,0.17641978021331334,-209.0
v300_s9_p0,300,0.0,h2,0,1.9898966085740732,2.037525097886132,6.177289250015747,4.983459500013851,True,True,441.0,393.0,True,True,True,0.047628489312058875,-1.1938297500018962,0.8067388944108691,-48.0
v300_s9_p0,300,0.0,h2,1,2.1543237370709907,2.059509635088652,5.9078727919841185,4.554793874965981,True,True,441.0,393.0,True,True,True,-0.09481410198233853,-1.3530789170181379,0.7709702011773149,-48.0
v300_s9_p0,300,0.0,h2,2,2.0669895923663613,1.8773982192912975,5.971597958006896,4.83517583302455,True,True,441.0,393.0,True,True,True,-0.1895913730750638,-1.1364221249823458,0.809695472974935,-48.0
v300_s9_p0,300,0.0,h2,3,2.08753694006225,2.054129155927981,6.28197479096707,4.65122770803282,True,True,441.0,393.0,True,True,True,-0.033407784134269036,-1.6307470829342492,0.740408528019068,-48.0
v300_s9_p0,300,0.0,h2,4,1.9333294120022708,2.2479068700056355,5.9182799580157734,4.4729007499990985,True,True,441.0,393.0,True,True,True,0.3145774580033647,-1.445379208016675,0.7557771483826073,-48.0
v300_s9_p0,300,0.0,h3,0,1.5597754523326435,1.5839946981935284,14.947360540973023,11.586850166961085,True,True,441.0,393.0,True,True,True,0.024219245860884975,-3.3605103740119375,0.7751770043413176,-48.0
v300_s9_p0,300,0.0,h3,1,1.5498936031514479,1.5520886141205326,14.683337667025626,11.481970915978309,True,True,441.0,393.0,True,True,True,0.0021950109690846986,-3.201366751047317,0.7819728168319232,-48.0
v300_s9_p0,300,0.0,h3,2,1.5538159018810194,1.5579854437042377,14.626950082951225,11.613052333006635,True,True,441.0,393.0,True,True,True,0.004169541823218381,-3.01389774994459,0.7939489960072054,-48.0
v300_s9_p0,300,0.0,h3,3,1.5727767736079223,1.5690222586866138,14.754891249991488,11.589461499999743,True,True,441.0,393.0,True,True,True,-0.003754514921308516,-3.1654297499917448,0.7854657349647649,-48.0
v300_s9_p0,300,0.0,h3,4,1.565791008784313,1.5543621661056901,14.744629208056722,11.546280374983326,True,True,441.0,393.0,True,True,True,-0.011428842678622875,-3.1983488330733962,0.7830838071312256,-48.0
v300_s9_p0,300,0.0,h4,0,1.5314829993101098,1.5722656324704933,25.561147875036113,17.35321854200447,True,True,178.0,236.0,True,True,True,0.04078263316038355,-8.207929333031643,0.6788904249074125,58.0
v300_s9_p0,300,0.0,h4,1,1.5543723569039596,1.5676379305778174,22.065235125017352,18.68507712497376,True,True,214.0,208.0,True,True,True,0.013265573673857833,-3.3801580000435933,0.8468106965145727,-6.0
v300_s9_p0,300,0.0,h4,2,1.5658202938478782,1.584395925604922,21.032581709034275,19.09411149995867,True,True,242.0,234.0,True,True,True,0.018575631757043798,-1.9384702090756036,0.9078348898916694,-8.0
v300_s9_p0,300,0.0,h4,3,1.581040139164759,1.5712887732972967,21.290673625015188,16.831696999957785,True,True,252.0,235.0,True,True,True,-0.009751365867462392,-4.458976625057403,0.7905666723565576,-17.0
v300_s9_p0,300,0.0,h4,4,1.5398310882317399,,22.132497749989852,18.435209167015273,True,True,216.0,270.0,True,False,False,,-3.697288582974579,0.8329475224739931,54.0
v300_s9_p0,300,0.0,h2+3,0,1.566847649331277,1.5474847371416696,14.699287792027462,11.718183457967825,True,True,441.0,393.0,True,True,True,-0.019362912189607506,-2.981104334059637,0.797193960943025,-48.0
v300_s9_p0,300,0.0,h2+3,1,1.5741486314624906,1.5654901581899279,15.135673167009372,11.656967499991879,True,True,441.0,393.0,True,True,True,-0.00865847327256275,-3.4787056670174934,0.770165117293898,-48.0
v300_s9_p0,300,0.0,h2+3,2,1.564160587210136,1.5643946554331287,15.104909208021127,11.777222666016314,True,True,441.0,393.0,True,True,True,0.00023406822299265606,-3.3276865420048125,0.7796950318484722,-48.0
v300_s9_p0,300,0.0,h2+3,3,1.5489499359009729,1.5568955047586404,15.195885625027586,11.83346941700438,True,True,441.0,393.0,True,True,True,0.007945568857667507,-3.3624162080232054,0.7787285130334678,-48.0
v300_s9_p0,300,0.0,h2+3,4,1.5778499413949354,1.5845268436360582,14.8121205829666,11.743989999988116,True,True,441.0,393.0,True,True,True,0.0066769022411228285,-3.0681305829784833,0.7928635156733249,-48.0
v300_s9_p0,300,0.0,h2+3+4,0,1.5290240357067983,1.5682251925953246,27.807222792005632,19.458220625005197,True,True,178.0,236.0,True,True,True,0.03920115688852621,-8.349002167000435,0.6997541887066582,58.0
v300_s9_p0,300,0.0,h2+3+4,1,1.5662240669956926,1.559809893456211,24.340195833996404,20.73048041696893,True,True,214.0,208.0,True,True,True,-0.0064141735394815935,-3.6097154170274734,0.8516973552042784,-6.0
v300_s9_p0,300,0.0,h2+3+4,2,1.5649017208185887,1.5920595296736915,23.44685737497639,21.25469220901141,True,True,242.0,234.0,True,True,True,0.027157808855102772,-2.1921651659649797,0.9065049472982011,-8.0
v300_s9_p0,300,0.0,h2+3+4,3,1.6034655598654413,1.5781724284213219,23.87557500001276,18.93909966602223,True,True,252.0,235.0,True,True,True,-0.025293131444119377,-4.936475333990529,0.7932416147469583,-17.0
v300_s9_p0,300,0.0,h2+3+4,4,1.556911267768746,,23.796840791997965,20.55685937497765,True,True,216.0,270.0,True,False,False,,-3.239981417020317,0.863848254256094,54.0
v300_s9_p10,300,0.1,h2,0,,2.352231553080117,4.220887875009794,1.9774261660058983,True,True,397.0,261.0,False,True,False,,-2.2434617090038955,0.46848583155062135,-136.0
v300_s9_p10,300,0.1,h2,1,,2.7107481098054103,3.980653667007573,1.9908013750100508,True,True,397.0,261.0,False,True,False,,-1.9898522919975221,0.5001192119551111,-136.0
v300_s9_p10,300,0.1,h2,2,,2.3430982740809627,4.0465763750253245,2.083887707965914,True,True,397.0,261.0,False,True,False,,-1.9626886670594104,0.5149755039413714,-136.0
v300_s9_p10,300,0.1,h2,3,2.1786263625966704,2.7200580412101156,4.287995000020601,1.9750651670037769,True,True,397.0,261.0,True,True,True,0.5414316786134452,-2.312929833016824,0.4606034211780303,-136.0
v300_s9_p10,300,0.1,h2,4,2.4221910884586957,2.2221137223471956,4.161047917034011,2.155010167043656,True,True,397.0,261.0,True,True,True,-0.20007736611150007,-2.0060377499903552,0.5179008293131467,-136.0
v300_s9_p10,300,0.1,h3,0,1.8738874892299195,1.8676160287697623,8.458165332966018,5.686150166962761,True,True,397.0,261.0,True,True,True,-0.006271460460157252,-2.772015166003257,0.6722675595853839,-136.0
v300_s9_p10,300,0.1,h3,1,1.9153862092675464,1.836528375337051,8.842402458016295,5.534804333990905,True,True,397.0,261.0,True,True,True,-0.0788578339304955,-3.3075981240253896,0.6259389753260093,-136.0
v300_s9_p10,300,0.1,h3,2,1.8404128762726717,1.7693966761706565,8.723810957977548,5.6659317500307225,True,True,397.0,261.0,True,True,True,-0.07101620010201515,-3.0578792079468258,0.6494789693774224,-136.0
v300_s9_p10,300,0.1,h3,3,1.8111514792334542,1.8041860660742746,8.19732199999271,5.614493999979459,True,True,397.0,261.0,True,True,True,-0.006965413159179645,-2.582828000013251,0.6849180744619343,-136.0
v300_s9_p10,300,0.1,h3,4,1.9126771673283112,1.783526441402885,8.4005168749718,5.664217416022439,True,True,397.0,261.0,True,True,True,-0.1291507259254261,-2.736299458949361,0.6742701074618641,-136.0
v300_s9_p10,300,0.1,h4,0,2.105419572018631,1.9442392581569448,17.894379124976695,7.795067749975715,True,True,211.0,210.0,True,True,True,-0.1611803138616863,-10.09931137500098,0.43561543518967255,-1.0
v300_s9_p10,300,0.1,h4,1,1.9773891789528613,1.8991533430028582,17.633547790988814,8.086897249973845,True,True,195.0,203.0,True,True,True,-0.07823583595000305,-9.54665054101497,0.4586086331479166,8.0
v300_s9_p10,300,0.1,h4,2,1.8986401813032152,1.7853649614327651,16.563971124996897,9.612581875000615,True,True,206.0,149.0,True,True,True,-0.11327521987045008,-6.951389249996282,0.5803307553762966,-57.0
v300_s9_p10,300,0.1,h4,3,,1.8050364045499099,15.219163874979131,8.691461457987316,True,True,219.0,205.0,False,True,False,,-6.527702416991815,0.5710866595159279,-14.0
v300_s9_p10,300,0.1,h4,4,,1.856960119538322,17.839203042036388,8.235492416017223,True,True,199.0,192.0,False,True,False,,-9.603710626019165,0.4616513639432808,-7.0
v300_s9_p10,300,0.1,h2+3,0,2.0185046050632143,1.800070101462279,9.331746375013608,5.928143750003073,True,True,397.0,261.0,True,True,True,-0.2184345036009352,-3.403602625010535,0.6352662740466335,-136.0
v300_s9_p10,300,0.1,h2+3,1,1.9385431819448546,1.7772986009451297,8.345685374981258,5.7857179589918815,True,True,397.0,261.0,True,True,True,-0.16124458099972494,-2.5599674159893766,0.6932585760225684,-136.0
v300_s9_p10,300,0.1,h2+3,2,1.7990114039978102,1.8180114679399046,8.767638457997236,5.740436874970328,True,True,397.0,261.0,True,True,True,0.019000063942094414,-3.0272015830269083,0.6547301080525619,-136.0
v300_s9_p10,300,0.1,h2+3,3,1.9412085802222194,1.8061168615418082,8.504503083007876,5.879034125013277,True,True,397.0,261.0,True,True,True,-0.13509171868041125,-2.625468957994599,0.6912848484657117,-136.0
v300_s9_p10,300,0.1,h2+3,4,1.852944449081476,1.7987531641713337,8.307237208005972,5.785932583035901,True,True,397.0,261.0,True,True,True,-0.054191284910142246,-2.521304624970071,0.6964930022053297,-136.0
v300_s9_p10,300,0.1,h2+3+4,0,,1.893335937119911,19.918020665994845,9.315043874958064,True,True,211.0,210.0,False,True,False,,-10.602976791036781,0.46766915403703874,-1.0
v300_s9_p10,300,0.1,h2+3+4,1,1.9562288810944104,1.8850946901572718,19.700599916977808,9.483186499972362,True,True,195.0,203.0,True,True,True,-0.07113419093713857,-10.217413417005446,0.48136536653382994,8.0
v300_s9_p10,300,0.1,h2+3+4,2,2.07049810109572,1.765666944417396,18.80724079097854,11.12514066696167,True,True,206.0,149.0,True,True,True,-0.30483115667832394,-7.68210012401687,0.5915349726525636,-57.0
v300_s9_p10,300,0.1,h2+3+4,3,2.0306964385545934,1.792011665985523,17.771207749960013,9.768822167010512,True,True,219.0,205.0,True,True,True,-0.2386847725690704,-8.0023855829495,0.5496993960375312,-14.0
v300_s9_p10,300,0.1,h2+3+4,4,2.0472126364280925,1.8636832580481393,20.412691459001508,9.63552366598742,True,True,199.0,192.0,True,True,True,-0.1835293783799532,-10.777167793014087,0.4720359235988151,-7.0
v300_s9_p30,300,0.3,h2,0,,2.790192622460329,2.5104307089932263,0.45059287501499057,True,True,331.0,63.0,False,True,False,,-2.0598378339782357,0.17948827402437834,-268.0
v300_s9_p30,300,0.3,h2,1,,3.032229876514261,2.272356708999723,0.49324245902244,True,True,331.0,63.0,False,True,False,,-1.7791142499772832,0.2170620735155451,-268.0
v300_s9_p30,300,0.3,h2,2,,3.5466310684158153,2.5105684169684537,0.4484973340295255,True,True,331.0,63.0,False,True,False,,-2.062071082938928,0.1786437409943571,-268.0
v300_s9_p30,300,0.3,h2,3,,3.2702634201667853,2.4583646659739316,0.46590383298462257,True,True,331.0,63.0,False,True,False,,-1.992460832989309,0.189517787752634,-268.0
v300_s9_p30,300,0.3,h2,4,,2.875923128611411,2.4963453749660403,0.4509274999727495,True,True,331.0,63.0,False,True,False,,-2.0454178749932908,0.1806350613559968,-268.0
v300_s9_p30,300,0.3,h3,0,,3.2494013691750903,2.4835662500117905,0.5777693339623511,True,True,331.0,63.0,False,True,False,,-1.9057969160494395,0.23263697272404477,-268.0
v300_s9_p30,300,0.3,h3,1,,2.7125910814706335,2.4541733750374988,0.567311333026737,True,True,331.0,63.0,False,True,False,,-1.8868620420107618,0.2311618807363472,-268.0
v300_s9_p30,300,0.3,h3,2,,2.7513200028414517,2.6729496250045486,0.58199916704325,True,True,331.0,63.0,False,True,False,,-2.0909504579612985,0.2177366762167318,-268.0
v300_s9_p30,300,0.3,h3,3,,3.0078388171788246,2.3959758750279434,0.5527633330202661,True,True,331.0,63.0,False,True,False,,-1.8432125420076773,0.2307048826248384,-268.0
v300_s9_p30,300,0.3,h3,4,,2.9775849417746,2.4795155830215663,0.5424473329912871,True,True,331.0,63.0,False,True,False,,-1.9370682500302792,0.21877149581381317,-268.0
v300_s9_p30,300,0.3,h2+3,0,,2.79221446099571,2.6123412920278497,0.5594672080478631,True,True,331.0,63.0,False,True,False,,-2.0528740839799866,0.2141631377780552,-268.0
v300_s9_p30,300,0.3,h2+3,1,,2.9613285130952187,2.710167374985758,0.588838208001107,True,True,331.0,63.0,False,True,False,,-2.1213291669846512,0.2172700525568836,-268.0
v300_s9_p30,300,0.3,h2+3,2,3.1936483221185847,3.2501762128906564,2.81926233303966,0.6070927500259131,True,True,331.0,63.0,True,True,True,0.056527890772071654,-2.212169583013747,0.21533744586704015,-268.0
v300_s9_p30,300,0.3,h2+3,3,,2.9681543665095473,2.621537833008915,0.5778395409579389,True,True,331.0,63.0,False,True,False,,-2.0436982920509763,0.2204200655363854,-268.0
v300_s9_p30,300,0.3,h2+3,4,,2.7484269232311482,2.6331899580545723,0.5897235000156797,True,True,331.0,63.0,False,True,False,,-2.0434664580388926,0.2239578265942399,-268.0
v300_s9_p50,300,0.5,h2,0,,3.372706085682346,2.477670791966375,0.460295083001256,True,True,331.0,63.0,False,True,False,,-2.017375708965119,0.18577733752753653,-268.0
v300_s9_p50,300,0.5,h2,1,,3.4121425012411213,2.3719631250132807,0.4668149169883691,True,True,331.0,63.0,False,True,False,,-1.9051482080249116,0.19680530108820954,-268.0
v300_s9_p50,300,0.5,h2,2,3.492943822473378,3.330088726803845,2.6447446669917554,0.4733278750209138,True,True,331.0,63.0,True,True,True,-0.16285509566953316,-2.1714167919708416,0.17896921427931148,-268.0
v300_s9_p50,300,0.5,h2,3,,3.3546977315257487,2.6414853330352344,0.44703416695119813,True,True,331.0,63.0,False,True,False,,-2.1944511660840362,0.16923590729823493,-268.0
v300_s9_p50,300,0.5,h2,4,,3.079008056858604,2.3083584580454044,0.465764541993849,True,True,331.0,63.0,False,True,False,,-1.8425939160515554,0.20177305668038825,-268.0
v300_s9_p50,300,0.5,h3,0,,2.9775849417746203,2.4562645829864778,0.601425124972593,True,True,331.0,63.0,False,True,False,,-1.8548394580138847,0.24485355899295805,-268.0
v300_s9_p50,300,0.5,h3,1,,3.119325728976742,2.5059152089525014,0.5403529159957543,True,True,331.0,63.0,False,True,False,,-1.9655622929567471,0.21563096551125024,-268.0
v300_s9_p50,300,0.5,h3,2,,2.7258932020421787,2.5179537090007216,0.5796492079971358,True,True,331.0,63.0,False,True,False,,-1.9383045010035858,0.2302064592868056,-268.0
v300_s9_p50,300,0.5,h3,3,,2.6989300511079746,2.5539824580191635,0.5711432920070365,True,True,331.0,63.0,False,True,False,,-1.982839166012127,0.2236285101386358,-268.0
v300_s9_p50,300,0.5,h3,4,,3.009717981067174,2.343173625005875,0.5346269590081647,True,True,331.0,63.0,False,True,False,,-1.80854666599771,0.22816361250516565,-268.0
v300_s9_p50,300,0.5,h2+3,0,,2.815325511294892,2.6776278750039637,0.5434579169959761,True,True,331.0,63.0,False,True,False,,-2.1341699580079876,0.20296245123126813,-268.0
v300_s9_p50,300,0.5,h2+3,1,,2.9997340289169667,2.600248916016426,0.585875041957479,True,True,331.0,63.0,False,True,False,,-2.014373874058947,0.22531498363435062,-268.0
v300_s9_p50,300,0.5,h2+3,2,,2.9974995378266485,2.5922380840056576,0.5983586669899523,True,True,331.0,63.0,False,True,False,,-1.9938794170157053,0.23082704890491318,-268.0
v300_s9_p50,300,0.5,h2+3,3,,3.0018386521112452,2.6021011249977164,0.5613828749628738,True,True,331.0,63.0,False,True,False,,-2.0407182500348426,0.2157421437506071,-268.0
v300_s9_p50,300,0.5,h2+3,4,,2.7428288608373075,2.681186166999396,0.5942034169565886,True,True,331.0,63.0,False,True,False,,-2.0869827500428073,0.22161960414020088,-268.0
v400_s0_p0,400,0.0,h2,0,2.1398306686746067,2.0058624528045876,6.367060208984185,5.680272124998737,True,True,558.0,504.0,True,True,True,-0.13396821587001906,-0.6867880839854479,0.8921341935770669,-54.0
v400_s0_p0,400,0.0,h2,1,2.1386925922939932,1.9122264126807174,9.063010416983161,7.6131661660037935,True,True,558.0,504.0,True,True,True,-0.22646617961327586,-1.4498442509793676,0.8400261961232542,-54.0
v400_s0_p0,400,0.0,h2,2,1.9905113781205117,1.9260999842435005,9.133189916028641,7.499564666999504,True,True,558.0,504.0,True,True,True,-0.06441139387701122,-1.6336252490291372,0.8211331129595647,-54.0
v400_s0_p0,400,0.0,h2,3,2.086203161929528,2.1269447848211938,9.49334608297795,7.586094833968673,True,True,558.0,504.0,True,True,True,0.04074162289166594,-1.9072512490092777,0.7990959949907361,-54.0
v400_s0_p0,400,0.0,h2,4,2.0918724847756573,,8.709896333981305,6.5456801659893245,True,True,558.0,504.0,True,False,False,,-2.164216167991981,0.7515221668542277,-54.0
v400_s0_p0,400,0.0,h3,0,1.5434093527837422,1.5433109829329532,17.515136750007514,13.878517417004332,True,True,558.0,504.0,True,True,True,-9.836985078903737e-05,-3.636619333003182,0.7923727696272984,-54.0
v400_s0_p0,400,0.0,h3,1,1.5335061779899442,1.5486140428492081,24.0485500000068,19.097789542051032,True,True,558.0,504.0,True,True,True,0.015107864859263964,-4.9507604579557665,0.7941347624719841,-54.0
v400_s0_p0,400,0.0,h3,2,1.5489845020355297,1.5357462248672986,23.805686292005703,18.902235042012762,True,True,558.0,504.0,True,True,True,-0.013238277168231116,-4.903451249992941,0.7940218488202295,-54.0
v400_s0_p0,400,0.0,h3,3,1.5295020024834467,1.544313957960511,23.65792991698254,18.70667104201857,True,True,558.0,504.0,True,True,True,0.014811955477064265,-4.951258874963969,0.7907146190584591,-54.0
v400_s0_p0,400,0.0,h3,4,1.534580368307535,1.5463017498316936,23.78056220902363,19.07432208303362,True,True,558.0,504.0,True,True,True,0.01172138152415858,-4.706240125990007,0.8020971882572143,-54.0
v400_s0_p0,400,0.0,h4,0,1.5302468507977784,1.5206436606961178,23.909638915967662,27.357793917006347,True,True,284.0,246.0,True,True,True,-0.009603190101660664,3.4481550010386854,1.1442161051932864,-38.0
v400_s0_p0,400,0.0,h4,1,1.5192719389917015,1.5181800089452908,37.127320540952496,30.51625129202148,True,True,249.0,273.0,True,True,True,-0.0010919300464107273,-6.611069248931017,0.821935190781171,24.0
v400_s0_p0,400,0.0,h4,2,1.5118730057554535,1.519276767974863,33.04860695800744,37.528827957983594,True,True,283.0,251.0,True,True,True,0.0074037622194096375,4.480220999976154,1.1355645944674417,-32.0
v400_s0_p0,400,0.0,h4,3,1.552144297683894,,33.439191708981525,30.07747358403867,True,True,295.0,306.0,True,False,False,,-3.361718124942854,0.8994677217619491,11.0
v400_s0_p0,400,0.0,h4,4,1.4927817296740427,1.520415919266097,38.67769091698574,35.42330637498526,True,True,249.0,288.0,True,True,True,0.027634189592054437,-3.25438454200048,0.9158588720049138,39.0
v400_s0_p0,400,0.0,h2+3,0,1.5335224536384164,1.53767664211547,17.93846829200629,14.180672082991805,True,True,558.0,504.0,True,True,True,0.004154188477053511,-3.7577962090144865,0.7905174428583165,-54.0
v400_s0_p0,400,0.0,h2+3,1,1.525813315160563,1.5349729794754612,23.86972916702507,19.04625016596401,True,True,558.0,504.0,True,True,True,0.00915966431489812,-4.8234790010610595,0.7979248542239653,-54.0
v400_s0_p0,400,0.0,h2+3,2,1.5372788524726577,1.536462035554894,24.650248707970604,19.291141042020172,True,True,558.0,504.0,True,True,True,-0.0008168169177638074,-5.359107665950432,0.7825941746292573,-54.0
v400_s0_p0,400,0.0,h2+3,3,1.5284210957885367,1.5327459121040896,24.217739791958593,19.192480208992492,True,True,558.0,504.0,True,True,True,0.004324816315552926,-5.0252595829661,0.7924967554307145,-54.0
v400_s0_p0,400,0.0,h2+3,4,1.5379443539951758,1.5358661921408352,24.37372904102085,19.385680750012398,True,True,558.0,504.0,True,True,True,-0.002078161854340621,-4.988048291008454,0.7953514506289293,-54.0
v400_s0_p0,400,0.0,h2+3+4,0,1.5464106992853126,1.5388485508705287,27.048948834009934,29.087766125041526,True,True,284.0,246.0,True,True,True,-0.007562148414783865,2.0388172910315916,1.0753751025055764,-38.0
v400_s0_p0,400,0.0,h2+3+4,1,1.51280699225006,1.535299032470866,42.155871458002366,32.843792040948756,True,True,249.0,273.0,True,True,True,0.022492040220805976,-9.31207941705361,0.7791036196148682,24.0
v400_s0_p0,400,0.0,h2+3+4,2,1.5525826329010204,1.5294879485477215,35.733314124983735,39.265670916996896,True,True,283.0,251.0,True,True,True,-0.023094684353298867,3.532356792013161,1.0988533215715202,-32.0
v400_s0_p0,400,0.0,h2+3+4,3,1.5379138772678331,1.509115122304877,36.87778862495907,33.4726212079986,True,True,295.0,306.0,True,True,True,-0.02879875496295603,-3.4051674169604667,0.9076634596615744,11.0
v400_s0_p0,400,0.0,h2+3+4,4,1.5187256572957166,1.562956184921855,41.43698554096045,37.978712250012904,True,True,249.0,288.0,True,True,True,0.04423052762613833,-3.4582732909475453,0.916541388187395,39.0
v400_s0_p10,400,0.1,h2,0,2.4787148717324197,2.5085318411451967,5.020229541987646,2.413135292008519,True,True,502.0,336.0,True,True,True,0.029816969412777006,-2.607094249979127,0.4806822620013293,-166.0
v400_s0_p10,400,0.1,h2,1,2.5976260985696324,2.586633900649668,6.556754999968689,3.2655686250072904,True,True,502.0,336.0,True,True,True,-0.010992197919964308,-3.2911863749613985,0.4980464612484201,-166.0
v400_s0_p10,400,0.1,h2,2,2.5353431148402694,2.645868176793648,6.676750583050307,3.2642702080192976,True,True,502.0,336.0,True,True,True,0.11052506195337841,-3.4124803750310093,0.48890102564352483,-166.0
v400_s0_p10,400,0.1,h2,3,,,6.328003625036217,2.988285250030458,True,True,502.0,336.0,False,False,False,,-3.3397183750057593,0.4722319118477678,-166.0
v400_s0_p10,400,0.1,h2,4,,2.812419970043704,6.274345708952751,3.0450599580071867,True,True,502.0,336.0,False,True,False,,-3.2292857509455644,0.4853191231816005,-166.0
v400_s0_p10,400,0.1,h3,0,1.8864464280570283,1.8047344069823443,9.282070625049528,6.698938750021625,True,True,502.0,336.0,True,True,True,-0.081712021074684,-2.5831318750279024,0.7217073668824708,-166.0
v400_s0_p10,400,0.1,h3,1,1.9437980213861865,1.7633146231530974,13.030466832977254,8.753627249971032,True,True,502.0,336.0,True,True,True,-0.18048339823308912,-4.276839583006222,0.6717815533529099,-166.0
v400_s0_p10,400,0.1,h3,2,1.9051160312003168,1.7959867442090245,11.535256750008557,8.981470333994366,True,True,502.0,336.0,True,True,True,-0.10912928699129232,-2.5537864160141908,0.778610353340224,-166.0
v400_s0_p10,400,0.1,h3,3,1.8803921825840344,1.7613120861310394,12.06982637499459,9.005567707994487,True,True,502.0,336.0,True,True,True,-0.119080096452995,-3.0642586670001037,0.7461223905135522,-166.0
v400_s0_p10,400,0.1,h3,4,1.8436206275836426,1.835931628219839,11.649895209004171,9.032263083034195,True,True,502.0,336.0,True,True,True,-0.007688999363803628,-2.617632125969976,0.775308526041778,-166.0
v400_s0_p10,400,0.1,h4,0,1.8330239929007124,1.7879390264357002,21.13185537501704,10.53363616601564,True,True,235.0,173.0,True,True,True,-0.045084966465012144,-10.5982192090014,0.49847190315664114,-62.0
v400_s0_p10,400,0.1,h4,1,1.925310881860581,1.769135727907572,26.287678666994907,18.168900958029553,True,True,223.0,158.0,True,True,True,-0.15617515395300918,-8.118777708965354,0.6911565371818562,-65.0
v400_s0_p10,400,0.1,h4,2,1.8483218130547758,1.7682448331419434,27.899035415961407,15.904523833014537,True,True,224.0,177.0,True,True,True,-0.08007697991283247,-11.99451158294687,0.5700743267960923,-47.0
v400_s0_p10,400,0.1,h4,3,,1.7617528403132308,24.762149832968134,15.086328041972592,True,True,306.0,192.0,False,True,False,,-9.675821790995542,0.609249525737332,-114.0
v400_s0_p10,400,0.1,h4,4,,1.8461153192163866,26.68920787499519,14.880311999993864,True,True,275.0,237.0,False,True,False,,-11.808895875001326,0.5575404137016392,-38.0
v400_s0_p10,400,0.1,h2+3,0,1.8403048619967015,1.7405479291363402,8.432150541979354,6.778323500009719,True,True,502.0,336.0,True,True,True,-0.09975693286036136,-1.6538270419696346,0.803866518542799,-166.0
v400_s0_p10,400,0.1,h2+3,1,1.8416293766921847,1.7293537473986116,12.244270749972202,9.300336832995526,True,True,502.0,336.0,True,True,True,-0.11227562929357315,-2.9439339169766754,0.7595664146038784,-166.0
v400_s0_p10,400,0.1,h2+3,2,1.8993859402241302,1.8631221703925656,12.130492166033946,9.127140583994333,True,True,502.0,336.0,True,True,True,-0.03626376983156465,-3.0033515820396133,0.752413047967735,-166.0
v400_s0_p10,400,0.1,h2+3,3,1.8940858761438277,1.7492146756590123,12.138363625039347,9.098281333979685,True,True,502.0,336.0,True,True,True,-0.1448712004848154,-3.0400822910596617,0.7495476008983206,-166.0
v400_s0_p10,400,0.1,h2+3,4,1.9105449967457988,1.7451912764759163,12.205169041990303,9.24079900002107,True,True,502.0,336.0,True,True,True,-0.1653537202698825,-2.9643700419692323,0.7571217545803175,-166.0
v400_s0_p10,400,0.1,h2+3+4,0,1.7879754469729723,1.7634195882098045,23.303560083033517,12.556042832962703,True,True,235.0,173.0,True,True,True,-0.024555858763167793,-10.747517250070814,0.5388036329309317,-62.0
v400_s0_p10,400,0.1,h2+3+4,1,1.8853621029662848,1.7719900901770915,29.268576957983896,20.100993082975037,True,True,223.0,158.0,True,True,True,-0.11337201278919329,-9.167583875008859,0.6867772598521186,-65.0
v400_s0_p10,400,0.1,h2+3+4,2,1.8721235864125625,1.7681791953350932,30.44432891596807,17.547955707996152,True,True,224.0,177.0,True,True,True,-0.10394439107746933,-12.89637320797192,0.5763948930006546,-47.0
v400_s0_p10,400,0.1,h2+3+4,3,,1.7449257334311536,27.665923207998276,16.85871787503129,True,True,306.0,192.0,False,True,False,,-10.807205332966987,0.6093676234219214,-114.0
v400_s0_p10,400,0.1,h2+3+4,4,,1.835660658971743,29.45278337498894,16.96545779099688,True,True,275.0,237.0,False,True,False,,-12.48732558399206,0.5760222242833527,-38.0
v400_s0_p30,400,0.3,h2,0,,,2.1798302499810234,0.3585515000158921,True,True,420.0,90.0,False,False,False,,-1.8212787499651313,0.16448597317108224,-330.0
v400_s0_p30,400,0.3,h2,1,,3.179877667647171,2.816086250008084,0.6308825830346905,True,True,420.0,90.0,False,True,False,,-2.1852036669733934,0.22402814652174785,-330.0
v400_s0_p30,400,0.3,h2,2,,3.5271279405385414,2.8488510419847444,0.6219914589892142,True,True,420.0,90.0,False,True,False,,-2.22685958299553,0.2183306356923048,-330.0
v400_s0_p30,400,0.3,h2,3,,3.2369438172540694,2.8189650410204194,0.571659000008367,True,True,420.0,90.0,False,True,False,,-2.2473060410120524,0.20279038288514417,-330.0
v400_s0_p30,400,0.3,h2,4,,,2.778805625042878,0.47064612503163517,True,True,420.0,90.0,False,False,False,,-2.308159500011243,0.16936993389898328,-330.0
v400_s0_p30,400,0.3,h3,0,,3.1709669094497364,2.204552999988664,0.5384663749719039,True,True,420.0,90.0,False,True,False,,-1.66608662501676,0.24425195265193111,-330.0
v400_s0_p30,400,0.3,h3,1,,3.201593319286861,3.002720082993619,0.7138023339794017,True,True,420.0,90.0,False,True,False,,-2.2889177490142174,0.23771857324368473,-330.0
v400_s0_p30,400,0.3,h3,2,,3.2777788653139277,3.0123649580054916,0.7314678329857998,True,True,420.0,90.0,False,True,False,,-2.280897125019692,0.2428217839415148,-330.0
v400_s0_p30,400,0.3,h3,3,,3.184301843966229,2.9709682500106283,0.7774273749673739,True,True,420.0,90.0,False,True,False,,-2.1935408750432543,0.26167475029886056,-330.0
v400_s0_p30,400,0.3,h3,4,,3.20267957255954,2.870353999955114,0.7397305829799734,True,True,420.0,90.0,False,True,False,,-2.1306234169751406,0.25771406000498237,-330.0
v400_s0_p30,400,0.3,h4,0,,,9.004131374997087,0.9483614170458168,True,True,434.0,132.0,False,False,False,,-8.05576995795127,0.1053251421541063,-302.0
v400_s0_p30,400,0.3,h4,1,,,12.352674582973123,1.1678538749692962,True,True,434.0,132.0,False,False,False,,-11.184820708003826,0.0945425921426815,-302.0
v400_s0_p30,400,0.3,h4,2,,,12.213898083020467,1.3147913750144653,True,True,434.0,132.0,False,False,False,,-10.899106708006002,0.10764715458386408,-302.0
v400_s0_p30,400,0.3,h4,3,,3.501096423748323,11.591278582985979,1.3611559999990277,True,True,414.0,132.0,False,True,False,,-10.23012258298695,0.11742932328422964,-282.0
v400_s0_p30,400,0.3,h4,4,,,12.08279404102359,1.2986671659746207,True,True,434.0,129.0,False,False,False,,-10.784126875048969,0.10748070037156775,-305.0
v400_s0_p30,400,0.3,h2+3,0,,3.304714877020089,2.3131908330251463,0.584246875019744,True,True,420.0,90.0,False,True,False,,-1.7289439580054022,0.2525718443452749,-330.0
v400_s0_p30,400,0.3,h2+3,1,,3.238008111985968,3.185229624970816,0.7897034999914467,True,True,420.0,90.0,False,True,False,,-2.3955261249793693,0.24792670952213758,-330.0
v400_s0_p30,400,0.3,h2+3,2,,3.34681688609381,3.2809966249624267,0.7471758750034496,True,True,420.0,90.0,False,True,False,,-2.533820749958977,0.22772832782539243,-330.0
v400_s0_p30,400,0.3,h2+3,3,,3.20384736182139,3.347220499999821,0.8010334999999031,True,True,420.0,90.0,False,True,False,,-2.546186999999918,0.23931303599507292,-330.0
v400_s0_p30,400,0.3,h2+3,4,,3.280167421130693,3.078527875011787,0.7601377079845406,True,True,420.0,90.0,False,True,False,,-2.318390167027246,0.24691597375308166,-330.0
v400_s0_p30,400,0.3,h2+3+4,0,,,10.690578333043959,1.1666984579642303,True,True,434.0,133.0,False,False,False,,-9.523879875079729,0.10913333419559099,-301.0
v400_s0_p30,400,0.3,h2+3+4,1,,,14.538155457994435,1.6383385409717448,True,True,434.0,133.0,False,False,False,,-12.89981691702269,0.11269232508246659,-301.0
v400_s0_p30,400,0.3,h2+3+4,2,,,14.773122832993977,1.6099178330041468,True,True,434.0,133.0,False,False,False,,-13.16320499998983,0.10897613532384573,-301.0
v400_s0_p30,400,0.3,h2+3+4,3,,,13.793603750003967,1.5896207090117969,True,True,414.0,133.0,False,False,False,,-12.20398304099217,0.11524332131197691,-281.0
v400_s0_p30,400,0.3,h2+3+4,4,,,14.41578645905247,1.6497533750371076,True,True,434.0,130.0,False,False,False,,-12.766033084015362,0.11444074728237502,-304.0
v400_s0_p50,400,0.5,h2,0,,,2.1016260409960523,0.36473483295412734,True,True,420.0,90.0,False,False,False,,-1.736891208041925,0.17354887398581317,-330.0
v400_s0_p50,400,0.5,h2,1,,,2.8334374999976717,0.4582710840040818,True,True,420.0,90.0,False,False,False,,-2.37516641599359,0.1617367893254954,-330.0
v400_s0_p50,400,0.5,h2,2,,,2.8179037909721956,0.46015466697281227,True,True,420.0,90.0,False,False,False,,-2.3577491239993833,0.16329679829631652,-330.0
v400_s0_p50,400,0.5,h2,3,,,2.901961833005771,0.4528959159506485,True,True,420.0,90.0,False,False,False,,-2.4490659170551226,0.15606542815263408,-330.0
v400_s0_p50,400,0.5,h2,4,,,2.764049416000489,0.48015012498945,True,True,420.0,90.0,False,False,False,,-2.283899291011039,0.1737125690336663,-330.0
v400_s0_p50,400,0.5,h3,0,,3.1966384090491906,2.217965667019598,0.5616529589751735,True,True,420.0,90.0,False,True,False,,-1.6563127080444247,0.2532288787544206,-330.0
v400_s0_p50,400,0.5,h3,1,,3.213491892800299,2.911753916996531,0.7665464170277119,True,True,420.0,90.0,False,True,False,,-2.1452074999688193,0.2632593408918303,-330.0
v400_s0_p50,400,0.5,h3,2,,3.2162271215208116,2.9878412499674596,0.7496816249913536,True,True,420.0,90.0,False,True,False,,-2.238159624976106,0.25091079554495016,-330.0
v400_s0_p50,400,0.5,h3,3,,3.306111268869724,2.956989958998747,0.7069119160296395,True,True,420.0,90.0,False,True,False,,-2.2500780429691076,0.2390646995193057,-330.0
v400_s0_p50,400,0.5,h3,4,,3.264091021425395,2.9512224579812028,0.7620646660216153,True,True,420.0,90.0,False,True,False,,-2.1891577919595875,0.2582200009899996,-330.0
v400_s0_p50,400,0.5,h4,0,,,8.89026641700184,0.953354874975048,True,True,434.0,132.0,False,False,False,,-7.936911542026792,0.10723580489689735,-302.0
v400_s0_p50,400,0.5,h4,1,,3.511771696454141,12.206159291963559,1.4262719170073979,True,True,434.0,132.0,False,True,False,,-10.77988737495616,0.11684854202635585,-302.0
v400_s0_p50,400,0.5,h4,2,,3.0860266813872395,12.291991041973233,1.4339503750088625,True,True,434.0,97.0,False,True,False,,-10.85804066696437,0.11665729092320185,-337.0
v400_s0_p50,400,0.5,h4,3,,,11.662818999961019,1.2611492920550518,True,True,414.0,132.0,False,False,False,,-10.401669707905967,0.10813417339832394,-282.0
v400_s0_p50,400,0.5,h4,4,,,11.611041542026214,1.2646171669475734,True,True,414.0,132.0,False,False,False,,-10.34642437507864,0.10891504972833714,-282.0
v400_s0_p50,400,0.5,h2+3,0,,3.3262419346688277,2.4269569590105675,0.5861826660111547,True,True,420.0,90.0,False,True,False,,-1.8407742929994129,0.2415298976913592,-330.0
v400_s0_p50,400,0.5,h2+3,1,,3.435658470298573,3.201356250036042,0.7859169170260429,True,True,420.0,90.0,False,True,False,,-2.4154393330099992,0.24549498888703647,-330.0
v400_s0_p50,400,0.5,h2+3,2,,3.1765503609528216,3.26586333301384,0.7564398749964312,True,True,420.0,90.0,False,True,False,,-2.509423458017409,0.23162018672054013,-330.0
v400_s0_p50,400,0.5,h2+3,3,,3.2547202913503024,3.206088249979075,0.7522117919870652,True,True,420.0,90.0,False,True,False,,-2.45387645799201,0.23461980249357597,-330.0
v400_s0_p50,400,0.5,h2+3,4,,3.3503217070444187,3.2403769160155207,0.7828242919640616,True,True,420.0,90.0,False,True,False,,-2.457552624051459,0.2415843317778752,-330.0
v400_s0_p50,400,0.5,h2+3+4,0,,,10.645571500004735,1.1874782500090078,True,True,434.0,133.0,False,False,False,,-9.458093249995727,0.11154668868726114,-301.0
v400_s0_p50,400,0.5,h2+3+4,1,,,14.574689875007607,1.5820930839981884,True,True,434.0,133.0,False,False,False,,-12.992596791009419,0.1085507202943049,-301.0
v400_s0_p50,400,0.5,h2+3+4,2,,3.17050883335454,14.571857333008666,1.7292792920488864,True,True,434.0,97.0,False,True,False,,-12.84257804095978,0.11867253792909874,-337.0
v400_s0_p50,400,0.5,h2+3+4,3,,,13.881599583022762,1.5807921250234358,True,True,414.0,133.0,False,False,False,,-12.300807457999326,0.1138767989646344,-281.0
v400_s0_p50,400,0.5,h2+3+4,4,,3.3109655886556126,13.748209249984939,1.7271457079914398,True,True,414.0,133.0,False,True,False,,-12.021063541993499,0.12562695814317287,-281.0
v400_s1_p0,400,0.0,h2,0,1.8734784278585315,1.982628457417538,6.8173279170296155,5.531642291985918,True,True,558.0,504.0,True,True,True,0.10915002955900643,-1.2856856250436977,0.811409156095885,-54.0
v400_s1_p0,400,0.0,h2,1,2.114854503669633,1.9078828157618184,9.15655312500894,7.729934667004272,True,True,558.0,504.0,True,True,True,-0.2069716879078145,-1.4266184580046684,0.8441969987474653,-54.0
v400_s1_p0,400,0.0,h2,2,1.9110205540165623,2.0536159655277553,8.892521083005704,7.51968070800649,True,True,558.0,504.0,True,True,True,0.14259541151119293,-1.372840374999214,0.845618541447957,-54.0
v400_s1_p0,400,0.0,h2,3,2.0427548915164313,2.1308634766249424,8.999545124999713,7.606150624982547,True,True,558.0,504.0,True,True,True,0.08810858510851105,-1.3933945000171661,0.8451705635492093,-54.0
v400_s1_p0,400,0.0,h2,4,2.192453145880709,2.2929052316230636,8.644010874966625,7.1001437089871615,True,True,558.0,504.0,True,True,True,0.10045208574235476,-1.5438671659794636,0.8213945831037117,-54.0
v400_s1_p0,400,0.0,h3,0,1.522892569936687,1.5351172899271772,17.714433417015243,14.021881124994252,True,True,558.0,504.0,True,True,True,0.01222471999049013,-3.6925522920209914,0.7915512054439074,-54.0
v400_s1_p0,400,0.0,h3,1,1.5269688908834986,1.531948532057677,23.873842333967332,18.912449249997735,True,True,558.0,504.0,True,True,True,0.004979641174178262,-4.961393083969597,0.7921828830665182,-54.0
v400_s1_p0,400,0.0,h3,2,1.5472377077502595,1.5259091481493794,23.928624833992217,18.910137749975547,True,True,558.0,504.0,True,True,True,-0.021328559600880093,-5.0184870840166695,0.7902726496473139,-54.0
v400_s1_p0,400,0.0,h3,3,1.536010479462883,1.5557043243777526,23.743460833036806,18.97902204201091,True,True,558.0,504.0,True,True,True,0.019693844914869585,-4.764438791025896,0.7993368016343841,-54.0
v400_s1_p0,400,0.0,h3,4,1.5309456410827489,1.5280125133093025,23.53958954202244,18.80228491703747,True,True,558.0,504.0,True,True,True,-0.0029331277734463423,-4.737304624984972,0.7987516045456943,-54.0
v400_s1_p0,400,0.0,h4,0,1.5229729420329077,1.5259445076627962,23.990514958044514,22.99175845796708,True,True,287.0,304.0,True,True,True,0.0029715656298885396,-0.9987565000774339,0.9583686927177638,17.0
v400_s1_p0,400,0.0,h4,1,1.524523875044418,1.5409497097122922,33.16612504096702,31.035566582984757,True,True,272.0,259.0,True,True,True,0.016425834667874062,-2.1305584579822607,0.9357610074933209,-13.0
v400_s1_p0,400,0.0,h4,2,1.5185835146135702,1.5228764312013445,33.97755449998658,32.13837937504286,True,True,290.0,246.0,True,True,True,0.004292916587774309,-1.839175124943722,0.9458708799968388,-44.0
v400_s1_p0,400,0.0,h4,3,1.5170929933642956,1.5481109973531015,34.915704374958295,28.929281792021357,True,True,259.0,320.0,True,True,True,0.031018003988805942,-5.986422582936939,0.8285464180058063,61.0
v400_s1_p0,400,0.0,h4,4,1.5332690923293522,1.5135668974150946,32.42494091700064,38.36579662503209,True,True,290.0,214.0,True,True,True,-0.01970219491425751,5.9408557080314495,1.1832187057252774,-76.0
v400_s1_p0,400,0.0,h2+3,0,1.5425177862917538,1.5281827807244213,17.884254208998755,14.308030583022628,True,True,558.0,504.0,True,True,True,-0.014335005567332582,-3.5762236259761266,0.800035070840321,-54.0
v400_s1_p0,400,0.0,h2+3,1,1.5440625979030413,1.5235009541175506,24.26424704201054,19.095181000011507,True,True,558.0,504.0,True,True,True,-0.020561643785490746,-5.169066041999031,0.7869677953307418,-54.0
v400_s1_p0,400,0.0,h2+3,2,1.5335086784126584,1.5350658980287515,24.301949082990177,19.377981334051583,True,True,558.0,504.0,True,True,True,0.0015572196160931195,-4.923967748938594,0.7973838340240348,-54.0
v400_s1_p0,400,0.0,h2+3,3,1.5368861009370232,1.5068059507290998,23.960001125000417,19.289044875011314,True,True,558.0,504.0,True,True,True,-0.030080150207923317,-4.6709562499891035,0.8050519185862925,-54.0
v400_s1_p0,400,0.0,h2+3,4,1.5371110970901016,1.5353741908079241,24.372592790983617,19.2339096670039,True,True,558.0,504.0,True,True,True,-0.001736906282177486,-5.1386831239797175,0.789161408962582,-54.0
v400_s1_p0,400,0.0,h2+3+4,0,1.5532677736739648,1.5528779675641118,25.9802868750412,25.385454416042194,True,True,287.0,304.0,True,True,True,-0.00038980610985306363,-0.5948324589990079,0.9771044691746474,17.0
v400_s1_p0,400,0.0,h2+3+4,1,1.547975181089678,1.5363118204072523,36.98743612499675,33.64127695799107,True,True,272.0,259.0,True,True,True,-0.011663360682425683,-3.3461591670056805,0.9095325462490144,-13.0
v400_s1_p0,400,0.0,h2+3+4,2,1.5372954998819202,1.5204187789622599,36.863380416994914,35.40480558399577,True,True,290.0,246.0,True,True,True,-0.016876720919660304,-1.4585748329991475,0.960432960393217,-44.0
v400_s1_p0,400,0.0,h2+3+4,3,1.5228134505631028,1.5713689091177756,39.07976841594791,31.650336916965898,True,True,259.0,320.0,True,True,True,0.048555458554672803,-7.429431498982012,0.8098905955658078,61.0
v400_s1_p0,400,0.0,h2+3+4,4,1.5379409829483464,1.5185091211053268,36.16795891604852,41.89783354202518,True,True,290.0,214.0,True,True,True,-0.019431861843019593,5.729874625976663,1.1584240526062473,-76.0
v400_s1_p10,400,0.1,h2,0,2.712927503890263,,5.000459834001958,2.196720957988873,True,True,502.0,336.0,True,False,False,,-2.8037388760130852,0.4393037902337869,-166.0
v400_s1_p10,400,0.1,h2,1,2.248683939700783,2.625879330563072,7.0310050420230255,3.3867627079598606,True,True,502.0,336.0,True,True,True,0.3771953908622887,-3.644242334063165,0.4816896997965159,-166.0
v400_s1_p10,400,0.1,h2,2,2.292644286911226,,6.992810583033133,3.0945061670499854,True,True,502.0,336.0,True,False,False,,-3.898304415983148,0.4425268109732986,-166.0
v400_s1_p10,400,0.1,h2,3,2.3728739308649636,2.2975970948036077,7.2937120830174536,3.1920707499957643,True,True,502.0,336.0,True,True,True,-0.07527683606135582,-4.101641333021689,0.43764693665768956,-166.0
v400_s1_p10,400,0.1,h2,4,2.484520604861958,2.1461434808490023,6.816397249989677,3.364938875020016,True,True,502.0,336.0,True,True,True,-0.33837712401295583,-3.4514583749696612,0.49365357557837636,-166.0
v400_s1_p10,400,0.1,h3,0,1.8218944606499283,1.796672701898057,13.933110540965572,6.820488917001057,True,True,502.0,336.0,True,True,True,-0.02522175875187127,-7.112621623964515,0.4895166012605534,-166.0
v400_s1_p10,400,0.1,h3,1,1.8792898551805384,1.755160874905574,17.708468249998987,9.125048291985877,True,True,502.0,336.0,True,True,True,-0.12412898027496433,-8.58341995801311,0.5152929187981236,-166.0
v400_s1_p10,400,0.1,h3,2,1.8246389083971328,1.8117536427131478,18.368688457994722,9.072669084009249,True,True,502.0,336.0,True,True,True,-0.01288526568398507,-9.296019373985473,0.4939203528197732,-166.0
v400_s1_p10,400,0.1,h3,3,1.8521750712491736,1.782144828439038,17.632792083953973,9.14355604199227,True,True,502.0,336.0,True,True,True,-0.07003024281013559,-8.489236041961703,0.5185540666763151,-166.0
v400_s1_p10,400,0.1,h3,4,1.8247444494466698,1.8189304024098554,17.989468041982036,9.001419459003955,True,True,502.0,336.0,True,True,True,-0.005814047036814429,-8.988048582978081,0.5003716306673068,-166.0
v400_s1_p10,400,0.1,h4,0,,1.7851755826315487,18.82138987496728,10.525960959028453,True,True,282.0,222.0,False,True,False,,-8.295428915938828,0.5592552425168204,-60.0
v400_s1_p10,400,0.1,h4,1,,1.78798327341139,25.00774679199094,13.066499708977062,True,True,289.0,251.0,False,True,False,,-11.941247083013877,0.5224980810011153,-38.0
v400_s1_p10,400,0.1,h4,2,1.8689113060436768,1.7930491250549871,25.786605417029932,15.132742125017103,True,True,287.0,207.0,True,True,True,-0.07586218098868969,-10.65386329201283,0.5868450647258584,-80.0
v400_s1_p10,400,0.1,h4,3,,1.801561741383688,24.001377707987558,15.316637290990911,True,True,298.0,183.0,False,True,False,,-8.684740416996647,0.6381565873984641,-115.0
v400_s1_p10,400,0.1,h4,4,,1.8341545822533227,25.074652374954894,14.86273033299949,True,True,275.0,184.0,False,True,False,,-10.211922041955404,0.5927392376472069,-91.0
v400_s1_p10,400,0.1,h2+3,0,1.8367373979073978,1.7807496221417767,13.79377166699851,7.003902834025212,True,True,502.0,336.0,True,True,True,-0.055987775765621084,-6.789868832973298,0.5077583566778907,-166.0
v400_s1_p10,400,0.1,h2+3,1,1.8436744228283612,1.7888271605321813,18.42560608300846,9.257726999989245,True,True,502.0,336.0,True,True,True,-0.05484726229617998,-9.167879083019216,0.5024381265008396,-166.0
v400_s1_p10,400,0.1,h2+3,2,1.7938164701756385,1.7450633178650987,18.827122291957494,9.493300415982958,True,True,502.0,336.0,True,True,True,-0.04875315231053978,-9.333821875974536,0.5042353403121131,-166.0
v400_s1_p10,400,0.1,h2+3,3,1.8515516349552859,1.7929964173992907,19.14476041699527,9.330727249966003,True,True,502.0,336.0,True,True,True,-0.05855521755599513,-9.814033167029265,0.48737759296704963,-166.0
v400_s1_p10,400,0.1,h2+3,4,1.8222738079882952,1.767433224444552,17.76353845797712,9.362747416947968,True,True,502.0,336.0,True,True,True,-0.054840583543743104,-8.400791041029152,0.5270767104818249,-166.0
v400_s1_p10,400,0.1,h2+3+4,0,,1.8164067416359002,21.096448292024434,11.838016958034132,True,True,282.0,222.0,False,True,False,,-9.258431333990302,0.5611379126082339,-60.0
v400_s1_p10,400,0.1,h2+3+4,1,,1.8836286824115023,27.685103374999017,15.267314209020697,True,True,289.0,251.0,False,True,False,,-12.41778916597832,0.5514631461628501,-38.0
v400_s1_p10,400,0.1,h2+3+4,2,,1.7661312397794,28.096605999977328,16.92582395899808,True,True,287.0,208.0,False,True,False,,-11.170782040979248,0.6024152511165134,-79.0
v400_s1_p10,400,0.1,h2+3+4,3,1.8810647208550768,1.782348279820562,27.48561483301455,17.246410500025377,True,True,298.0,183.0,True,True,True,-0.09871644103451471,-10.239204332989175,0.6274704278875989,-115.0
v400_s1_p10,400,0.1,h2+3+4,4,,1.8681746488490476,28.101344333961606,16.84548633400118,True,True,275.0,184.0,False,True,False,,-11.255857999960426,0.5994548208728481,-91.0
v400_s1_p30,400,0.3,h2,0,,3.1704683544153416,3.2207446249667555,0.4508333340054378,True,True,413.0,69.0,False,True,False,,-2.7699112909613177,0.13997798226864736,-344.0
v400_s1_p30,400,0.3,h2,1,3.8566005179215432,2.7606446572184336,4.424795208033174,0.5961206250358373,True,True,413.0,69.0,True,True,True,-1.0959558607031097,-3.828674582997337,0.13472276049151063,-344.0
v400_s1_p30,400,0.3,h2,2,3.5433765004505413,2.979594895636087,4.380016124981921,0.6030029589892365,True,True,413.0,69.0,True,True,True,-0.5637816048144542,-3.7770131659926847,0.13767140160739144,-344.0
v400_s1_p30,400,0.3,h2,3,,3.3696888628503263,4.270327000005636,0.5583689580089413,True,True,413.0,69.0,False,True,False,,-3.711958041996695,0.1307555505721703,-344.0
v400_s1_p30,400,0.3,h2,4,,2.962352247276908,3.9397198750521056,0.5702811670489609,True,True,413.0,69.0,False,True,False,,-3.3694387080031447,0.1447517044702115,-344.0
v400_s1_p30,400,0.3,h3,0,,2.7150632231883747,3.229143959004432,0.6031718750018626,True,True,413.0,69.0,False,True,False,,-2.6259720840025693,0.18679002319482368,-344.0
v400_s1_p30,400,0.3,h3,1,,2.666287143571292,4.318581374944188,0.7965646670199931,True,True,413.0,69.0,False,True,False,,-3.5220167079241946,0.184450540087435,-344.0
v400_s1_p30,400,0.3,h3,2,,2.6145719882252623,4.273383707972243,0.7791668340214528,True,True,413.0,69.0,False,True,False,,-3.4942168739507906,0.18233018312113472,-344.0
v400_s1_p30,400,0.3,h3,3,,2.7150632231883747,4.183469582989346,0.76082620897796,True,True,413.0,69.0,False,True,False,,-3.422643374011386,0.1818648836534155,-344.0
v400_s1_p30,400,0.3,h3,4,,2.715063223188529,4.357204124971759,0.7902718749828637,True,True,413.0,69.0,False,True,False,,-3.566932249988895,0.18137132259966954,-344.0
v400_s1_p30,400,0.3,h4,0,,2.9444898587442574,2.192894082982093,0.843775707995519,True,True,1013.0,77.0,False,True,False,,-1.349118374986574,0.3847772286603453,-936.0
v400_s1_p30,400,0.3,h4,1,,2.9644495872198586,2.85189787496347,1.1119012500275858,True,True,1013.0,77.0,False,True,False,,-1.739996624935884,0.38988115941628104,-936.0
v400_s1_p30,400,0.3,h4,2,,2.946384580951412,2.8662748750066385,1.1358357080025598,True,True,1013.0,69.0,False,True,False,,-1.7304391670040786,0.39627591823339314,-944.0
v400_s1_p30,400,0.3,h4,3,,3.4376487568240113,2.8580374169978313,1.181281625002157,True,True,1013.0,58.0,False,True,False,,-1.6767557919956744,0.4133191601959539,-955.0
v400_s1_p30,400,0.3,h4,4,,3.200362374284504,2.863142999995034,1.151685582997743,True,True,1013.0,69.0,False,True,False,,-1.7114574169972911,0.40224521897779486,-944.0
v400_s1_p30,400,0.3,h2+3,0,2.8575805525125797,2.7708775364638876,3.6664748750044964,0.6167850830242969,True,True,413.0,69.0,True,True,True,-0.08670301604869213,-3.0496897919801995,0.1682229127571863,-344.0
v400_s1_p30,400,0.3,h2+3,1,,2.7150632231883747,4.540735832997598,0.7738839579978958,True,True,413.0,69.0,False,True,False,,-3.766851874999702,0.17043139844737698,-344.0
v400_s1_p30,400,0.3,h2+3,2,,2.715063223188529,4.698910415987484,0.7932964579667896,True,True,413.0,69.0,False,True,False,,-3.9056139580206946,0.16882561865144155,-344.0
v400_s1_p30,400,0.3,h2+3,3,3.4477394885535,2.6962566132848234,4.904496208007913,0.805523874994833,True,True,413.0,69.0,True,True,True,-0.7514828752686769,-4.09897233301308,0.16424192023629217,-344.0
v400_s1_p30,400,0.3,h2+3,4,,2.5968292204606134,4.78820570796961,0.8205414160038345,True,True,413.0,69.0,False,True,False,,-3.967664291965775,0.17136720225659996,-344.0
v400_s1_p30,400,0.3,h2+3+4,0,,3.0275242854155775,2.5314089590101503,0.9790550830075517,True,True,1013.0,77.0,False,True,False,,-1.5523538760025986,0.3867629051097255,-936.0
v400_s1_p30,400,0.3,h2+3+4,1,,2.9824643127097685,3.4501380839501508,1.3198455829988234,True,True,1013.0,77.0,False,True,False,,-2.1302925009513274,0.38254862584737437,-936.0
v400_s1_p30,400,0.3,h2+3+4,2,,3.0049456725946904,3.450352500018198,1.4004432079964317,True,True,1013.0,69.0,False,True,False,,-2.0499092920217663,0.4058840967666479,-944.0
v400_s1_p30,400,0.3,h2+3+4,3,,3.368392129852503,3.420922541990876,1.3519422910176218,True,True,1013.0,58.0,False,True,False,,-2.0689802509732544,0.39519815909974715,-955.0
v400_s1_p30,400,0.3,h2+3+4,4,,2.9424110822783742,3.4187924999860115,1.3888895410345867,True,True,1013.0,69.0,False,True,False,,-2.029902958951425,0.40625148821996937,-944.0
v400_s1_p50,400,0.5,h2,0,,2.492147547493036,3.0220526659977622,0.4540723749669269,True,True,413.0,69.0,False,True,False,,-2.5679802910308354,0.1502529655011853,-344.0
v400_s1_p50,400,0.5,h2,1,,3.2827693293973437,4.213967833959032,0.589843625028152,True,True,413.0,69.0,False,True,False,,-3.62412420893088,0.13997345216420237,-344.0
v400_s1_p50,400,0.5,h2,2,,2.9343092425275006,4.4438752079731785,0.5726680420339108,True,True,413.0,69.0,False,True,False,,-3.8712071659392677,0.12886681448804696,-344.0
v400_s1_p50,400,0.5,h2,3,,3.12331183918712,4.190205582999624,0.6081178329768591,True,True,413.0,69.0,False,True,False,,-3.5820877500227652,0.14512840024940457,-344.0
v400_s1_p50,400,0.5,h2,4,4.229767996708809,2.7191295242392592,4.52906291699037,0.5564559579943307,True,True,413.0,69.0,True,True,True,-1.5106384724695494,-3.972606958996039,0.12286337553555207,-344.0
v400_s1_p50,400,0.5,h3,0,3.1630425559311623,2.715063223188529,3.4884694580105133,0.6148141250014305,True,True,413.0,69.0,True,True,True,-0.44797933274263313,-2.873655333009083,0.17624179669672704,-344.0
v400_s1_p50,400,0.5,h3,1,,2.715063223188529,4.4833831249852665,0.785916458000429,True,True,413.0,69.0,False,True,False,,-3.6974666669848375,0.1752954044057994,-344.0
v400_s1_p50,400,0.5,h3,2,,2.8257867320430634,4.283204625011422,0.7828767920145765,True,True,413.0,69.0,False,True,False,,-3.5003278329968452,0.18277828414804928,-344.0
v400_s1_p50,400,0.5,h3,3,,2.6145719882251783,4.341428374988027,0.7787012920016423,True,True,413.0,69.0,False,True,False,,-3.5627270829863846,0.17936522838610458,-344.0
v400_s1_p50,400,0.5,h3,4,,2.6051526668508402,4.3108717919676565,0.8089818330481648,True,True,413.0,69.0,False,True,False,,-3.5018899589194916,0.18766084265264424,-344.0
v400_s1_p50,400,0.5,h4,0,,2.962089169001308,2.1697557500447147,0.8311152079841122,True,True,1013.0,77.0,False,True,False,,-1.3386405420606025,0.3830455146700196,-936.0
v400_s1_p50,400,0.5,h4,1,,3.0598404289565106,2.819986083020922,1.124311708030291,True,True,1013.0,58.0,False,True,False,,-1.695674374990631,0.3986940626408579,-955.0
v400_s1_p50,400,0.5,h4,2,,2.9348882671536565,2.8760706249740906,1.092979250010103,True,True,1013.0,58.0,False,True,False,,-1.7830913749639876,0.38002517758754595,-955.0
v400_s1_p50,400,0.5,h4,3,,2.984491151168898,2.9316067090258002,1.1194527500192635,True,True,1013.0,58.0,False,True,False,,-1.8121539590065368,0.38185638836638763,-955.0
v400_s1_p50,400,0.5,h4,4,,3.005578288870015,2.8676827080198564,1.1629383750259876,True,True,1013.0,58.0,False,True,False,,-1.7047443329938687,0.4055324432419513,-955.0
v400_s1_p50,400,0.5,h2+3,0,,2.7010570222628867,3.726105625042692,0.6331545420107432,True,True,413.0,69.0,False,True,False,,-3.0929510830319487,0.16992393821457727,-344.0
v400_s1_p50,400,0.5,h2+3,1,,2.6145719882251783,4.695609165995847,0.8018889169907197,True,True,413.0,69.0,False,True,False,,-3.8937202490051277,0.1707742038664018,-344.0
v400_s1_p50,400,0.5,h2+3,2,3.5059386196036364,2.6145719882252623,5.038704124977812,0.8053822909714654,True,True,413.0,69.0,True,True,True,-0.8913666313783741,-4.233321834006347,0.15983917114303905,-344.0
v400_s1_p50,400,0.5,h2+3,3,,2.6051526668508402,4.951839874964207,0.8242570000002161,True,True,413.0,69.0,False,True,False,,-4.127582874963991,0.1664546957924753,-344.0
v400_s1_p50,400,0.5,h2+3,4,,2.6145719882252623,4.712374499998987,0.7847285830066539,True,True,413.0,69.0,False,True,False,,-3.927645916992333,0.1665250889985129,-344.0
v400_s1_p50,400,0.5,h2+3+4,0,,3.088284519511797,2.558055166970007,0.995912957994733,True,True,1013.0,77.0,False,True,False,,-1.5621422089752741,0.38932426902050854,-936.0
v400_s1_p50,400,0.5,h2+3+4,1,,3.2668682318862334,3.4613812920288183,1.314956833026372,True,True,1013.0,58.0,False,True,False,,-2.1464244590024464,0.37989366732135904,-955.0
v400_s1_p50,400,0.5,h2+3+4,2,,3.0380573456644324,3.3662037079920992,1.3454575409996323,True,True,1013.0,58.0,False,True,False,,-2.020746166992467,0.39969581692433637,-955.0
v400_s1_p50,400,0.5,h2+3+4,3,,3.2984567797556243,3.406395457976032,1.3906251250300556,True,True,1013.0,58.0,False,True,False,,-2.0157703329459764,0.40823948428357737,-955.0
v400_s1_p50,400,0.5,h2+3+4,4,,3.060328384750926,3.3399886249681003,1.3575815420481376,True,True,1013.0,58.0,False,True,False,,-1.9824070829199627,0.40646292382540783,-955.0
v400_s2_p0,400,0.0,h2,0,2.093440604882222,1.9400390188327363,9.390308292000555,7.475801458989736,True,True,558.0,504.0,True,True,True,-0.1534015860494855,-1.9145068330108188,0.7961188521742406,-54.0
v400_s2_p0,400,0.0,h2,1,1.935990994073423,2.0711883790890355,8.949515165993944,7.248997082991991,True,True,558.0,504.0,True,True,True,0.13519738501561251,-1.7005180830019526,0.8099876863203135,-54.0
v400_s2_p0,400,0.0,h2,2,2.1687449515203165,1.9016185282881768,8.721051542030182,7.802829833002761,True,True,558.0,504.0,True,True,True,-0.26712642323213975,-0.9182217090274207,0.8947120419364398,-54.0
v400_s2_p0,400,0.0,h2,3,2.14843266101521,2.1400299330535204,9.128494417003822,7.552211040980183,True,True,558.0,504.0,True,True,True,-0.008402727961689394,-1.576283376023639,0.8273227430486821,-54.0
v400_s2_p0,400,0.0,h2,4,2.1636399195714833,2.0307398881169028,8.915324374975171,7.4535210829926655,True,True,558.0,504.0,True,True,True,-0.13290003145458051,-1.4618032919825055,0.8360347609913434,-54.0
v400_s2_p0,400,0.0,h3,0,1.5331710147864284,1.5387227604837193,23.78385062504094,18.954907417006325,True,True,558.0,504.0,True,True,True,0.0055517456972908885,-4.828943208034616,0.7969654584463948,-54.0
v400_s2_p0,400,0.0,h3,1,1.544422721098998,1.5397760396405271,23.802820416982286,19.028608874999918,True,True,558.0,504.0,True,True,True,-0.004646681458470914,-4.774211541982368,0.7994266453156882,-54.0
v400_s2_p0,400,0.0,h3,2,1.523580954449794,1.5341260800628178,23.98648958298145,19.015109332976863,True,True,558.0,504.0,True,True,True,0.010545125613023787,-4.971380250004586,0.7927424839384664,-54.0
v400_s2_p0,400,0.0,h3,3,1.5264021505665026,1.5407750235886228,23.86685624998063,18.80269858299289,True,True,558.0,504.0,True,True,True,0.014372873022120203,-5.0641576669877395,0.7878163083589256,-54.0
v400_s2_p0,400,0.0,h3,4,1.5150045808511967,1.5188300295608164,23.471261999977287,19.00398562499322,True,True,558.0,504.0,True,True,True,0.00382544870961965,-4.467276374984067,0.809670380101914,-54.0
v400_s2_p0,400,0.0,h4,0,1.5236198047198244,1.5258571607881164,34.75519670796348,30.89089141698787,True,True,262.0,279.0,True,True,True,0.002237356068292007,-3.864305290975608,0.8888135974759085,17.0
v400_s2_p0,400,0.0,h4,1,1.5621782115221916,1.5654936282144085,32.87656195805175,29.136242124950513,True,True,318.0,309.0,True,True,True,0.0033154166922169104,-3.740319833101239,0.8862314180578361,-9.0
v400_s2_p0,400,0.0,h4,2,1.5350482259586913,1.537374027369447,36.948091291997116,33.32601216703188,True,True,274.0,282.0,True,True,True,0.002325801410755668,-3.6220791249652393,0.9019684373858367,8.0
v400_s2_p0,400,0.0,h4,3,1.527908646097633,1.5466777290644256,33.76151324994862,32.589203709037974,True,True,273.0,279.0,True,True,True,0.018769082966792583,-1.1723095409106463,0.9652767477502676,6.0
v400_s2_p0,400,0.0,h4,4,1.541884511931498,1.5529476771963688,32.16220287501346,29.806619000039063,True,True,300.0,299.0,True,True,True,0.011063165264870944,-2.3555838749744,0.9267592495411926,-1.0
v400_s2_p0,400,0.0,h2+3,0,1.545675082391547,1.5403580274501272,24.494963874982204,19.150208084029146,True,True,558.0,504.0,True,True,True,-0.005317054941419874,-5.344755790953059,0.7818018504443726,-54.0
v400_s2_p0,400,0.0,h2+3,1,1.5334675056383031,1.5359495344668186,24.172933708003256,19.285484292020556,True,True,558.0,504.0,True,True,True,0.002482028828515448,-4.887449415982701,0.7978131460988309,-54.0
v400_s2_p0,400,0.0,h2+3,2,1.5301475683408796,1.5367025811727826,24.79525616700994,19.421239499992225,True,True,558.0,504.0,True,True,True,0.006555012831902962,-5.374016667017713,0.7832643215774542,-54.0
v400_s2_p0,400,0.0,h2+3,3,1.5397298109675532,1.5581204829234137,24.313387333007995,19.192209207976703,True,True,558.0,504.0,True,True,True,0.018390671955860416,-5.121178125031292,0.7893679702096157,-54.0
v400_s2_p0,400,0.0,h2+3,4,1.543187930350599,1.53578611964765,24.592999749991577,19.241921333014034,True,True,558.0,504.0,True,True,True,-0.0074018107029489855,-5.351078416977543,0.7824145703502731,-54.0
v400_s2_p0,400,0.0,h2+3+4,0,1.4982270643010571,1.5428944981219919,37.99839062499814,34.1419570830185,True,True,262.0,279.0,True,True,True,0.04466743382093474,-3.8564335419796407,0.898510608513967,17.0
v400_s2_p0,400,0.0,h2+3+4,1,,1.5281500538374644,35.210709875042085,32.241636499995366,True,True,318.0,309.0,False,True,False,,-2.969073375046719,0.9156769805100906,-9.0
v400_s2_p0,400,0.0,h2+3+4,2,1.5425515606327875,1.5361251751800096,40.067087374976836,36.48509891604772,True,True,274.0,282.0,True,True,True,-0.006426385452777961,-3.5819884589291178,0.9106002284267315,8.0
v400_s2_p0,400,0.0,h2+3+4,3,1.5391063421940967,1.5382372886643436,37.19089775002794,35.202760875050444,True,True,273.0,279.0,True,True,True,-0.0008690535297530833,-1.9881368749774992,0.9465423801183717,6.0
v400_s2_p0,400,0.0,h2+3+4,4,1.5318514816579791,1.5471443998255563,35.29955774999689,32.82387700001709,True,True,300.0,299.0,True,True,True,0.015292918167577163,-2.4756807499798015,0.9298665221951677,-1.0
v400_s2_p10,400,0.1,h2,0,,,6.50601558299968,2.957686708017718,True,True,502.0,336.0,False,False,False,,-3.548328874981962,0.45460799628980286,-166.0
v400_s2_p10,400,0.1,h2,1,2.950592862978996,2.613401404494195,6.49889049999183,3.1684839589870535,True,True,502.0,336.0,True,True,True,-0.33719145848480103,-3.330406541004777,0.48754229033264007,-166.0
v400_s2_p10,400,0.1,h2,2,3.036573582478474,2.587804710447196,6.993587125034537,3.13520633301232,True,True,502.0,336.0,True,True,True,-0.44876887203127813,-3.858380792022217,0.4482973153775985,-166.0
v400_s2_p10,400,0.1,h2,3,,,6.600510874995962,3.029465666040778,True,True,502.0,336.0,False,False,False,,-3.5710452089551836,0.4589744223461539,-166.0
v400_s2_p10,400,0.1,h2,4,2.6205495545366264,2.5220411501927686,6.842256875010207,3.2395615419954993,True,True,502.0,336.0,True,True,True,-0.09850840434385777,-3.602695333014708,0.47346388789162,-166.0
v400_s2_p10,400,0.1,h3,0,1.8728185162217488,1.810308639591965,13.523355999961495,9.077676540997345,True,True,502.0,336.0,True,True,True,-0.0625098766297838,-4.44567945896415,0.6712591564566659,-166.0
v400_s2_p10,400,0.1,h3,1,1.878451868850219,1.8431820893935713,13.005777499987744,9.016926458047237,True,True,502.0,336.0,True,True,True,-0.035269779456647665,-3.9888510419405065,0.6933016083087485,-166.0
v400_s2_p10,400,0.1,h3,2,1.8634270829092678,1.7556713457639774,12.870928541989997,9.039144958020188,True,True,502.0,336.0,True,True,True,-0.10775573714529041,-3.831783583969809,0.7022915967974622,-166.0
v400_s2_p10,400,0.1,h3,3,1.8500986215421262,1.8328124907693484,12.810545334010385,8.935707374999765,True,True,502.0,336.0,True,True,True,-0.017286130772777852,-3.8748379590106197,0.6975274777160803,-166.0
v400_s2_p10,400,0.1,h3,4,1.8849908282985794,1.7981736704784146,12.783126207999885,8.946582708042115,True,True,502.0,336.0,True,True,True,-0.08681715782016486,-3.83654349995777,0.6998743939837816,-166.0
v400_s2_p10,400,0.1,h2+3,0,1.9101534129076514,1.817931721388071,13.53263087500818,9.259240375016816,True,True,502.0,336.0,True,True,True,-0.09222169151958037,-4.273390499991365,0.6842158380390478,-166.0
v400_s2_p10,400,0.1,h2+3,1,1.8757956783859377,1.7752587772731794,14.538625334040262,9.368186499981675,True,True,502.0,336.0,True,True,True,-0.10053690111275837,-5.1704388340585865,0.6443653567471272,-166.0
v400_s2_p10,400,0.1,h2+3,2,1.9893856568865467,1.7847609462531289,12.769714458030649,9.436451542016584,True,True,502.0,336.0,True,True,True,-0.2046247106334178,-3.333262916014064,0.7389712254749883,-166.0
v400_s2_p10,400,0.1,h2+3,3,1.8528640607155902,1.8011326874254092,12.386581416998524,9.361653209023643,True,True,502.0,336.0,True,True,True,-0.05173137329018096,-3.024928207974881,0.7557899063398017,-166.0
v400_s2_p10,400,0.1,h2+3,4,1.8535145472491539,1.7922321134634627,14.061876999970991,9.070935084018856,True,True,502.0,336.0,True,True,True,-0.061282433785691204,-4.990941915952135,0.6450728508034574,-166.0
v400_s2_p30,400,0.3,h2,0,,3.7681114252719676,3.2589874169789255,0.6422004170017317,True,True,421.0,93.0,False,True,False,,-2.6167869999771938,0.19705519992373893,-328.0
v400_s2_p30,400,0.3,h2,1,,3.3932105376083195,3.4318938750075176,0.6482991249649785,True,True,421.0,93.0,False,True,False,,-2.783594750042539,0.1889041877682067,-328.0
v400_s2_p30,400,0.3,h2,2,,3.3028778070543114,3.276256541023031,0.6520257079973817,True,True,421.0,93.0,False,True,False,,-2.624230833025649,0.199015461650565,-328.0
v400_s2_p30,400,0.3,h2,3,,,3.271504583011847,0.46149349998449907,True,True,421.0,93.0,False,False,False,,-2.810011083027348,0.14106460445781618,-328.0
v400_s2_p30,400,0.3,h2,4,,3.422213865924252,3.2438820420065895,0.6184808749821968,True,True,421.0,93.0,False,True,False,,-2.6254011670243926,0.1906607166885819,-328.0
v400_s2_p30,400,0.3,h3,0,,2.591405019428512,3.3512589169549756,0.9504404579638503,True,True,421.0,93.0,False,True,False,,-2.4008184589911252,0.28360699113855414,-328.0
v400_s2_p30,400,0.3,h3,1,,2.751062777327124,3.4700795829994604,0.9847713329945691,True,True,421.0,93.0,False,True,False,,-2.4853082500048913,0.2837892646091288,-328.0
v400_s2_p30,400,0.3,h3,2,,2.631417978739567,3.27631124999607,0.9059673749725334,True,True,421.0,93.0,False,True,False,,-2.3703438750235364,0.27652054577342744,-328.0
v400_s2_p30,400,0.3,h3,3,,2.6232929813099624,3.375031375035178,0.8800928749842569,True,True,421.0,93.0,False,True,False,,-2.494938500050921,0.2607658350954097,-328.0
v400_s2_p30,400,0.3,h3,4,,2.6056734220394167,3.3428570000105537,0.8850724590010941,True,True,421.0,93.0,False,True,False,,-2.4577845410094596,0.26476527682706735,-328.0
v400_s2_p30,400,0.3,h4,0,,2.733042427104451,2.923716625024099,1.553794374980498,True,True,1090.0,91.0,False,True,False,,-1.3699222500436008,0.5314449292662523,-999.0
v400_s2_p30,400,0.3,h4,1,,2.8976340702485706,2.8972514159977436,1.6189817920094356,True,True,1090.0,91.0,False,True,False,,-1.278269623988308,0.5587992064029753,-999.0
v400_s2_p30,400,0.3,h4,2,,2.706019402333836,2.926187667006161,1.5691065420396626,True,True,1090.0,101.0,False,True,False,,-1.3570811249664985,0.5362289506349556,-989.0
v400_s2_p30,400,0.3,h4,3,,2.671401150990188,2.9740833749528974,1.5761823750217445,True,True,1090.0,91.0,False,True,False,,-1.397900999931153,0.5299724911197917,-999.0
v400_s2_p30,400,0.3,h4,4,,2.7756135141621106,2.9550055830040947,1.5471589159569703,True,True,1090.0,91.0,False,True,False,,-1.4078466670471244,0.5235722480037109,-999.0
v400_s2_p30,400,0.3,h2+3,0,,2.727847925298119,3.6011976660229266,0.9388547080452554,True,True,421.0,93.0,False,True,False,,-2.662342957977671,0.2607062413994351,-328.0
v400_s2_p30,400,0.3,h2+3,1,,2.8805695798024495,3.6969778750208206,0.9613992500235327,True,True,421.0,93.0,False,True,False,,-2.735578624997288,0.2600500415540405,-328.0
v400_s2_p30,400,0.3,h2+3,2,,2.7083584828106213,3.576597625040449,0.9238300829892978,True,True,421.0,93.0,False,True,False,,-2.6527675420511514,0.258298578660732,-328.0
v400_s2_p30,400,0.3,h2+3,3,,2.6129490866221126,3.5652668749680743,0.9215137499850243,True,True,421.0,93.0,False,True,False,,-2.64375312498305,0.258469781450309,-328.0
v400_s2_p30,400,0.3,h2+3,4,,2.7046998337780135,3.520462124957703,0.9254738750169054,True,True,421.0,93.0,False,True,False,,-2.5949882499407977,0.2628842016097601,-328.0
v400_s2_p30,400,0.3,h2+3+4,0,,2.8035504451283817,3.6947297920123674,1.9439287920249626,True,True,1090.0,74.0,False,True,False,,-1.7508009999874048,0.5261355772829559,-1016.0
v400_s2_p30,400,0.3,h2+3+4,1,,2.686417728160464,3.5923550829757005,2.0671355000231415,True,True,1090.0,76.0,False,True,False,,-1.525219582952559,0.5754262739280342,-1014.0
v400_s2_p30,400,0.3,h2+3+4,2,,2.9840534160024808,3.6216300829546526,2.011037583986763,True,True,1090.0,74.0,False,True,False,,-1.6105924989678897,0.5552851997369339,-1016.0
v400_s2_p30,400,0.3,h2+3+4,3,,2.882363669153683,3.5323382079950534,1.914199082995765,True,True,1090.0,76.0,False,True,False,,-1.6181391249992885,0.5419070797533455,-1014.0
v400_s2_p30,400,0.3,h2+3+4,4,,3.074265666090704,3.6095658330013976,1.8822332079871558,True,True,1090.0,76.0,False,True,False,,-1.7273326250142418,0.521456954955177,-1014.0
v400_s2_p50,400,0.5,h2,0,,,3.263867333997041,0.49237116699805483,True,True,421.0,93.0,False,False,False,,-2.771496166998986,0.15085514103757416,-328.0
v400_s2_p50,400,0.5,h2,1,,3.3249001399581055,3.222008167009335,0.6770703750080429,True,True,421.0,93.0,False,True,False,,-2.544937792001292,0.2101392485409182,-328.0
v400_s2_p50,400,0.5,h2,2,,3.5535451256757975,3.3274563750019297,0.6240946669713594,True,True,421.0,93.0,False,True,False,,-2.7033617080305703,0.1875590831663413,-328.0
v400_s2_p50,400,0.5,h2,3,,,3.2468604579917155,0.48867370799416676,True,True,421.0,93.0,False,False,False,,-2.7581867499975488,0.15050653217675597,-328.0
v400_s2_p50,400,0.5,h2,4,,,3.473423334013205,0.5140402499819174,True,True,421.0,93.0,False,False,False,,-2.9593830840312876,0.14799239843534812,-328.0
v400_s2_p50,400,0.5,h3,0,,2.9061253819342014,3.320724249992054,0.8913499169866554,True,True,421.0,93.0,False,True,False,,-2.4293743330053985,0.2684203354098999,-328.0
v400_s2_p50,400,0.5,h3,1,,2.7028393855088284,3.333829208975658,0.9368627090007067,True,True,421.0,93.0,False,True,False,,-2.396966499974951,0.28101700785343,-328.0
v400_s2_p50,400,0.5,h3,2,,2.5374767315560782,3.3694099169806577,0.9242217080318369,True,True,421.0,93.0,False,True,False,,-2.445188208948821,0.2742977942143756,-328.0
v400_s2_p50,400,0.5,h3,3,,2.9061253819342014,3.3406636670115404,0.888996749999933,True,True,421.0,93.0,False,True,False,,-2.4516669170116074,0.2661138140838953,-328.0
v400_s2_p50,400,0.5,h3,4,,2.7026321763685126,3.29837791697355,0.9077389580197632,True,True,421.0,93.0,False,True,False,,-2.3906389589537866,0.27520768719330546,-328.0
v400_s2_p50,400,0.5,h4,0,,2.953199720673419,2.9618377500446513,1.6294413339928724,True,True,1090.0,91.0,False,True,False,,-1.332396416051779,0.5501453730773428,-999.0
v400_s2_p50,400,0.5,h4,1,,2.649911669960233,2.9165451660519466,1.6108249160461128,True,True,1090.0,91.0,False,True,False,,-1.3057202500058338,0.5523058359581812,-999.0
v400_s2_p50,400,0.5,h4,2,,2.928581339770703,3.0011320000048727,1.663812583021354,True,True,1090.0,89.0,False,True,False,,-1.3373194169835187,0.5543950026252269,-1001.0
v400_s2_p50,400,0.5,h4,3,,2.6828803301158923,2.939078791998327,1.584813833993394,True,True,1090.0,91.0,False,True,False,,-1.3542649580049329,0.5392212819568044,-999.0
v400_s2_p50,400,0.5,h4,4,,3.087698616963539,3.0065120419603772,1.6000757919973694,True,True,1090.0,109.0,False,True,False,,-1.4064362499630079,0.532203353808638,-981.0
v400_s2_p50,400,0.5,h2+3,0,,2.668647142303367,3.645648459030781,0.9878431659890339,True,True,421.0,93.0,False,True,False,,-2.657805293041747,0.27096500858222033,-328.0
v400_s2_p50,400,0.5,h2+3,1,,2.585978775691518,3.5382117909612134,0.942839167022612,True,True,421.0,93.0,False,True,False,,-2.5953726239386015,0.2664733551087043,-328.0
v400_s2_p50,400,0.5,h2+3,2,,2.591309256095424,3.7384688329766504,0.956112582993228,True,True,421.0,93.0,False,True,False,,-2.7823562499834225,0.2557497803805282,-328.0
v400_s2_p50,400,0.5,h2+3,3,,2.6567667224293916,3.5595609999727458,0.9614559159963392,True,True,421.0,93.0,False,True,False,,-2.5981050839764066,0.2701051944337239,-328.0
v400_s2_p50,400,0.5,h2+3,4,,2.5637656764689765,3.6056167920469306,0.9253056250163354,True,True,421.0,93.0,False,True,False,,-2.6803111670305952,0.2566289426700373,-328.0
v400_s2_p50,400,0.5,h2+3+4,0,,2.720711491929062,3.6153935830225237,1.8898599580279551,True,True,1090.0,73.0,False,True,False,,-1.7255336249945685,0.5227259258583967,-1017.0
v400_s2_p50,400,0.5,h2+3+4,1,,2.6769910152814798,3.511735250009224,2.000488458026666,True,True,1090.0,74.0,False,True,False,,-1.5112467919825576,0.5696581079172787,-1016.0
v400_s2_p50,400,0.5,h2+3+4,2,,3.3870744629260074,3.5923883329960518,2.1472581250127405,True,True,1090.0,86.0,False,True,False,,-1.4451302079833113,0.5977243900082281,-1004.0
v400_s2_p50,400,0.5,h2+3+4,3,,2.7477377022511416,3.553348708024714,1.9053624589578249,True,True,1090.0,74.0,False,True,False,,-1.6479862490668893,0.5362160079180647,-1016.0
v400_s2_p50,400,0.5,h2+3+4,4,,2.9504066448675466,3.595235707995016,2.0257177500170656,True,True,1090.0,74.0,False,True,False,,-1.5695179579779506,0.563445046318469,-1016.0
v400_s3_p0,400,0.0,h2,0,1.8288946102521075,2.296311293474812,9.130884000041988,7.1729436670430005,True,True,558.0,504.0,True,True,True,0.4674166832227047,-1.9579403329989873,0.7855694658928989,-54.0
v400_s3_p0,400,0.0,h2,1,2.0694358709469998,2.05783942119896,8.389078250038438,7.303612749965396,True,True,558.0,504.0,True,True,True,-0.011596449748039639,-1.0854655000730418,0.8706096822892231,-54.0
v400_s3_p0,400,0.0,h2,2,2.120463495507873,2.2013339501833937,9.017866333015263,7.094158000021707,True,True,558.0,504.0,True,True,True,0.08087045467552079,-1.9237083329935558,0.7866781052242172,-54.0
v400_s3_p0,400,0.0,h2,3,1.988071345547188,1.9717367747794399,8.733420207980089,7.2798771249945275,True,True,558.0,504.0,True,True,True,-0.016334570767748025,-1.4535430829855613,0.8335654247281725,-54.0
v400_s3_p0,400,0.0,h2,4,2.2901396614781215,2.0866548333273607,8.866892334015574,7.872110500000417,True,True,558.0,504.0,True,True,True,-0.20348482815076085,-0.9947818340151571,0.8878094154590183,-54.0
v400_s3_p0,400,0.0,h3,0,1.5396181170331291,1.5189988520451556,23.928572667005938,18.852307624998502,True,True,558.0,504.0,True,True,True,-0.020619264987973507,-5.076265042007435,0.7878575913135482,-54.0
v400_s3_p0,400,0.0,h3,1,1.5332041936217597,1.5282716730261985,23.620074459002353,18.972474250011146,True,True,558.0,504.0,True,True,True,-0.004932520595561263,-4.647600208991207,0.8032351584217864,-54.0
v400_s3_p0,400,0.0,h3,2,1.5377390348810398,1.5443585055454345,24.01338833302725,18.65678454103181,True,True,558.0,504.0,True,True,True,0.006619470664394722,-5.35660379199544,0.7769326128529668,-54.0
v400_s3_p0,400,0.0,h3,3,1.5460231793415167,1.53489970364913,24.11572066700319,18.649061874952167,True,True,558.0,504.0,True,True,True,-0.011123475692386586,-5.466658792051021,0.7733155534708575,-54.0
v400_s3_p0,400,0.0,h3,4,1.5321778628727836,1.513670559097979,23.346462208020967,18.73692450003,True,True,558.0,504.0,True,True,True,-0.018507303774804473,-4.609537707990967,0.8025594770240049,-54.0
v400_s3_p0,400,0.0,h4,0,1.5053778357163312,1.5158465744584395,32.66909937502351,33.63766104099341,True,True,284.0,237.0,True,True,True,0.010468738742108297,0.9685616659699008,1.029647639038081,-47.0
v400_s3_p0,400,0.0,h4,1,1.5474466882255091,1.5128004103254882,32.66094241599785,28.69943425001111,True,True,283.0,281.0,True,True,True,-0.03464627790002095,-3.961508165986743,0.8787080876133466,-2.0
v400_s3_p0,400,0.0,h4,2,1.5219300511436908,1.5396449058048833,35.489502332988195,31.762460833007935,True,True,279.0,280.0,True,True,True,0.017714854661192492,-3.7270414999802597,0.8949818606919179,1.0
v400_s3_p0,400,0.0,h4,3,1.5048868870832597,1.5326793505333913,33.3483605000074,31.677970583026763,True,True,295.0,301.0,True,True,True,0.027792463450131644,-1.670389916980639,0.9499108834156849,6.0
v400_s3_p0,400,0.0,h4,4,,1.5322751583692726,32.1766443750239,32.204108917037956,True,True,318.0,246.0,False,True,False,,0.02746454201405868,1.0008535551965567,-72.0
v400_s3_p0,400,0.0,h2+3,0,1.5439017913891058,1.5450351184671631,24.212784542003646,19.182799124973826,True,True,558.0,504.0,True,True,True,0.0011333270780573557,-5.02998541702982,0.7922591097152025,-54.0
v400_s3_p0,400,0.0,h2+3,1,1.5221340738427358,1.5287486818016702,24.437336874951143,19.197200333001092,True,True,558.0,504.0,True,True,True,0.0066146079589344264,-5.240136541950051,0.7855684288036592,-54.0
v400_s3_p0,400,0.0,h2+3,2,1.53503520989928,1.5284414671114541,24.30474987498019,19.370022666989826,True,True,558.0,504.0,True,True,True,-0.006593742787825985,-4.934727207990363,0.7969644932215381,-54.0
v400_s3_p0,400,0.0,h2+3,3,1.5398265408936374,1.5136320470716915,23.799800999986473,19.268054083979223,True,True,558.0,504.0,True,True,True,-0.02619449382194583,-4.5317469160072505,0.8095888736208413,-54.0
v400_s3_p0,400,0.0,h2+3,4,1.5386013001633305,1.522223265641641,24.291816291981377,19.232387832948007,True,True,558.0,504.0,True,True,True,-0.01637803452168951,-5.05942845903337,0.7917229243700701,-54.0
v400_s3_p0,400,0.0,h2+3+4,0,1.513212272701789,1.511688383180974,35.764675999991596,35.88716195797315,True,True,284.0,237.0,True,True,True,-0.0015238895208149472,0.12248595798155293,1.003424774712948,-47.0
v400_s3_p0,400,0.0,h2+3+4,1,1.5318733365715473,1.5193394092286243,36.366678457998205,31.404693667020183,True,True,283.0,281.0,True,True,True,-0.012533927342923024,-4.961984790978022,0.8635568327553236,-2.0
v400_s3_p0,400,0.0,h2+3+4,2,1.5462764764374117,1.5208096340255723,38.561652790987864,34.48997958400287,True,True,279.0,280.0,True,True,True,-0.025466842411839385,-4.071673206984997,0.8944113410010118,1.0
v400_s3_p0,400,0.0,h2+3+4,3,1.5324923233259986,1.5399969329375036,36.77140349999536,34.40144433302339,True,True,295.0,301.0,True,True,True,0.007504609611505009,-2.3699591669719666,0.9355488520591208,6.0
v400_s3_p0,400,0.0,h2+3+4,4,1.543924380710774,1.5273368949295458,36.553323875006754,35.54330483399099,True,True,318.0,246.0,True,True,True,-0.01658748578122826,-1.0100190410157666,0.9723686129209617,-72.0
v400_s3_p10,400,0.1,h2,0,,,6.304690292046871,2.8233512499718927,True,True,502.0,336.0,False,False,False,,-3.4813390420749784,0.44781759597825826,-166.0
v400_s3_p10,400,0.1,h2,1,,3.298185586054944,6.174693250039127,3.2254949170164764,True,True,502.0,336.0,False,True,False,,-2.9491983330226503,0.522373304454604,-166.0
v400_s3_p10,400,0.1,h2,2,,2.337636431024177,6.085369958018418,3.0697943749837577,True,True,502.0,336.0,False,True,False,,-3.0155755830346607,0.5044548476364741,-166.0
v400_s3_p10,400,0.1,h2,3,,,6.344250415975694,2.705895374994725,True,True,502.0,336.0,False,False,False,,-3.6383550409809686,0.42651143911042805,-166.0
v400_s3_p10,400,0.1,h2,4,,,6.1878271250170656,2.9682223339914344,True,True,502.0,336.0,False,False,False,,-3.219604791025631,0.47968734000196367,-166.0
v400_s3_p10,400,0.1,h3,0,1.856293505640922,1.8288184811615609,13.950464709021617,8.650200749980286,True,True,502.0,336.0,True,True,True,-0.02747502447936112,-5.300263959041331,0.6200654193538293,-166.0
v400_s3_p10,400,0.1,h3,1,1.925380307850091,1.8688536510801186,13.216940542042721,8.580188833002467,True,True,502.0,336.0,True,True,True,-0.05652665676997248,-4.636751709040254,0.6491811630467069,-166.0
v400_s3_p10,400,0.1,h3,2,1.878434221035771,1.7980190056152487,12.735093166993465,8.807771833031438,True,True,502.0,336.0,True,True,True,-0.08041521542052221,-3.927321333962027,0.6916142440056291,-166.0
v400_s3_p10,400,0.1,h3,3,1.883246985485017,1.8213923819539917,13.736010540975258,8.919429417001083,True,True,502.0,336.0,True,True,True,-0.06185460353102523,-4.816581123974174,0.6493464307117373,-166.0
v400_s3_p10,400,0.1,h3,4,1.9744447830795575,1.8527750977990902,12.242855834017973,8.872343582974281,True,True,502.0,336.0,True,True,True,-0.12166968528046729,-3.3705122510436922,0.7246955860022142,-166.0
v400_s3_p10,400,0.1,h4,0,1.9977656355721616,1.8576641117621682,26.84182462497847,13.252265749964863,True,True,256.0,238.0,True,True,True,-0.1401015238099934,-13.589558875013608,0.49371702315767935,-18.0
v400_s3_p10,400,0.1,h4,1,1.8807986781559372,1.8178455430355096,26.42826374998549,13.187522042018827,True,True,274.0,237.0,True,True,True,-0.06295313512042755,-13.240741707966663,0.4989931297331656,-37.0
v400_s3_p10,400,0.1,h4,2,,1.8283104879230598,26.23747337498935,15.623420333024114,True,True,237.0,191.0,False,True,False,,-10.614053041965235,0.595462074786401,-46.0
v400_s3_p10,400,0.1,h4,3,,1.8145050269300864,25.946739125007298,14.898741916986182,True,True,243.0,200.0,False,True,False,,-11.047997208021116,0.5742047910223474,-43.0
v400_s3_p10,400,0.1,h4,4,1.8710930364247018,1.7905807268578804,31.919448083965108,12.658586500037927,True,True,207.0,237.0,True,True,True,-0.08051230956682143,-19.26086158392718,0.39657911586500866,30.0
v400_s3_p10,400,0.1,h2+3,0,1.9027708347905115,1.847279834964115,13.03481991699664,8.968139959033579,True,True,502.0,336.0,True,True,True,-0.05549099982639638,-4.066679957963061,0.6880141050003806,-166.0
v400_s3_p10,400,0.1,h2+3,1,1.8764397957432655,1.7969243273128699,13.250392374990042,9.407255707948934,True,True,502.0,336.0,True,True,True,-0.07951546843039559,-3.843136667041108,0.7099605386558225,-166.0
v400_s3_p10,400,0.1,h2+3,2,1.8996297543950522,1.8362574393482998,13.715231540962122,8.836570249986835,True,True,502.0,336.0,True,True,True,-0.06337231504675245,-4.878661290975288,0.6442888130320948,-166.0
v400_s3_p10,400,0.1,h2+3,3,1.8920592742634663,1.7929602194822203,14.439966292004101,8.909591541974805,True,True,502.0,336.0,True,True,True,-0.09909905478124603,-5.530374750029296,0.6170091648280611,-166.0
v400_s3_p10,400,0.1,h2+3,4,1.8808407274014634,1.7736796530545984,14.028387832979206,8.976898874971084,True,True,502.0,336.0,True,True,True,-0.10716107434686495,-5.051488958008122,0.6399095164639929,-166.0
v400_s3_p10,400,0.1,h2+3+4,0,,1.8595204925584243,29.14436483400641,15.124459457991179,True,True,256.0,238.0,False,True,False,,-14.019905376015231,0.5189497024256148,-18.0
v400_s3_p10,400,0.1,h2+3+4,1,,1.836416836741897,28.620823625009507,15.636757124972064,True,True,274.0,237.0,False,True,False,,-12.984066500037443,0.5463419686954194,-37.0
v400_s3_p10,400,0.1,h2+3+4,2,1.9419188908247245,1.8205350459374159,29.845749417028856,17.79498537501786,True,True,237.0,191.0,True,True,True,-0.12138384488730858,-12.050764042010996,0.5962318160074317,-46.0
v400_s3_p10,400,0.1,h2+3+4,3,1.9379576355313823,1.8218276892421514,29.172656082955655,16.275200792006217,True,True,243.0,200.0,True,True,True,-0.1161299462892309,-12.897455290949438,0.5578923203196134,-43.0
v400_s3_p10,400,0.1,h2+3+4,4,1.8415191908367443,1.7774847598219925,35.04726104205474,14.374379249988124,True,True,207.0,237.0,True,True,True,-0.06403443101475181,-20.67288179206662,0.4101427279221528,30.0
v400_s3_p30,400,0.3,h2,0,,3.5240652933347225,3.426106749975588,0.5485818749875762,True,True,414.0,72.0,False,True,False,,-2.877524874988012,0.1601181501398008,-342.0
v400_s3_p30,400,0.3,h2,1,,3.071438207133054,3.4400988339912146,0.580877624975983,True,True,414.0,72.0,False,True,False,,-2.8592212090152316,0.1688549233633636,-342.0
v400_s3_p30,400,0.3,h2,2,,3.3791595630929327,3.5993785000173375,0.5521739170071669,True,True,414.0,72.0,False,True,False,,-3.0472045830101706,0.15340812782109667,-342.0
v400_s3_p30,400,0.3,h2,3,,3.4293950089774614,3.415774416003842,0.527280125010293,True,True,414.0,72.0,False,True,False,,-2.888494290993549,0.154366202445876,-342.0
v400_s3_p30,400,0.3,h2,4,,3.557492838455001,3.5051780419889838,0.5383490829844959,True,True,414.0,72.0,False,True,False,,-2.966828959004488,0.15358680116545928,-342.0
v400_s3_p30,400,0.3,h3,0,3.0842335966997405,3.1890132966391973,3.8816220829612575,0.6983966670231894,True,True,414.0,72.0,True,True,True,0.1047796999394568,-3.183225415938068,0.17992392151952832,-342.0
v400_s3_p30,400,0.3,h3,1,,3.236410578569994,3.5362303339643404,0.7061546670156531,True,True,414.0,72.0,False,True,False,,-2.8300756669486873,0.19969136632115492,-342.0
v400_s3_p30,400,0.3,h3,2,3.252879244092206,3.168562136091884,3.903940499993041,0.7053534589940682,True,True,414.0,72.0,True,True,True,-0.084317108000322,-3.198587040998973,0.18067730770879462,-342.0
v400_s3_p30,400,0.3,h3,3,,3.236410578570036,3.700916750007309,0.7039884169935249,True,True,414.0,72.0,False,True,False,,-2.996928333013784,0.19022000886459675,-342.0
v400_s3_p30,400,0.3,h3,4,,3.197336917658332,3.629617333994247,0.6731148749822751,True,True,414.0,72.0,False,True,False,,-2.956502459011972,0.18545064480434895,-342.0
v400_s3_p30,400,0.3,h2+3,0,,3.2804880194661665,3.731242208974436,0.7465537909884006,True,True,414.0,72.0,False,True,False,,-2.9846884179860353,0.20008183580062933,-342.0
v400_s3_p30,400,0.3,h2+3,1,,3.218579868662358,3.717791125003714,0.7448903750046156,True,True,414.0,72.0,False,True,False,,-2.9729007499990985,0.20035831760286735,-342.0
v400_s3_p30,400,0.3,h2+3,2,3.7553368649139545,3.1685621360917637,4.281084916030522,0.7335732500068843,True,True,414.0,72.0,True,True,True,-0.5867747288221907,-3.547511666023638,0.17135218394291113,-342.0
v400_s3_p30,400,0.3,h2+3,3,,3.168562136091884,3.870990791998338,0.7286336669931188,True,True,414.0,72.0,False,True,False,,-3.142357125005219,0.18822924314345196,-342.0
v400_s3_p30,400,0.3,h2+3,4,,3.236410578569994,3.864564249990508,0.6837603750173002,True,True,414.0,72.0,False,True,False,,-3.1808038749732077,0.17693078204586188,-342.0
v400_s3_p50,400,0.5,h2,0,3.376522058324084,3.216838910663525,3.9355450000148267,0.5586628749733791,True,True,414.0,72.0,True,True,True,-0.1596831476605587,-3.3768821250414476,0.14195311576192735,-342.0
v400_s3_p50,400,0.5,h2,1,,,3.473862083046697,0.4190237500006333,True,True,414.0,72.0,False,False,False,,-3.054838333046064,0.1206218727120954,-342.0
v400_s3_p50,400,0.5,h2,2,,3.297045517288209,3.437161958019715,0.5665977909811772,True,True,414.0,72.0,False,True,False,,-2.8705641670385376,0.16484465902433548,-342.0
v400_s3_p50,400,0.5,h2,3,,3.1856994391094475,3.4007296659983695,0.582947958027944,True,True,414.0,72.0,False,True,False,,-2.8177817079704255,0.17141849405333576,-342.0
v400_s3_p50,400,0.5,h2,4,,3.3798560571461973,3.625030916999094,0.5652978749712929,True,True,414.0,72.0,False,True,False,,-3.0597330420278013,0.15594291136122582,-342.0
v400_s3_p50,400,0.5,h3,0,,3.1973369176582396,3.4546956249978393,0.7290569170145318,True,True,414.0,72.0,False,True,False,,-2.7256387079833075,0.21103361805281695,-342.0
v400_s3_p50,400,0.5,h3,1,,3.0982232978291906,3.5676316670142114,0.7299892909941263,True,True,414.0,72.0,False,True,False,,-2.837642376020085,0.20461453399001306,-342.0
v400_s3_p50,400,0.5,h3,2,,3.168562136091884,3.3264015840250067,0.7121059169876389,True,True,414.0,72.0,False,True,False,,-2.614295667037368,0.21407695342844857,-342.0
v400_s3_p50,400,0.5,h3,3,,3.1646462037735694,3.512317000015173,0.6900542080402374,True,True,414.0,72.0,False,True,False,,-2.8222627919749357,0.19646694989013133,-342.0
v400_s3_p50,400,0.5,h3,4,,3.168562136091884,3.488158416002989,0.7448889169609174,True,True,414.0,72.0,False,True,False,,-2.7432694990420714,0.2135479035423141,-342.0
v400_s3_p50,400,0.5,h2+3,0,,3.1863928459995194,3.9074458749964833,0.7167952499585226,True,True,414.0,72.0,False,True,False,,-3.1906506250379607,0.18344342388598478,-342.0
v400_s3_p50,400,0.5,h2+3,1,,3.236410578569994,3.7913177920272574,0.7522750420030206,True,True,414.0,72.0,False,True,False,,-3.0390427500242367,0.19842046572433888,-342.0
v400_s3_p50,400,0.5,h2+3,2,,3.1685621360917637,3.724875250016339,0.7108362500439398,True,True,414.0,72.0,False,True,False,,-3.0140389999723993,0.1908349145493723,-342.0
v400_s3_p50,400,0.5,h2+3,3,,3.1890132966391973,3.736270332999993,0.7494767910102382,True,True,414.0,72.0,False,True,False,,-2.986793541989755,0.20059490460061408,-342.0
v400_s3_p50,400,0.5,h2+3,4,,3.1685621360917637,3.7665013339719735,0.7590695830294862,True,True,414.0,72.0,False,True,False,,-3.0074317509424873,0.20153174411039104,-342.0
v400_s4_p0,400,0.0,h2,0,1.9464405729490648,2.162902950633498,9.243827625003178,7.619372791028582,True,True,558.0,504.0,True,True,True,0.21646237768443322,-1.6244548339745961,0.824265996741362,-54.0
v400_s4_p0,400,0.0,h2,1,1.9111292718816533,2.2231675014688825,9.514289832965005,7.227137833018787,True,True,558.0,504.0,True,True,True,0.31203822958722927,-2.287151999946218,0.7596087527182829,-54.0
v400_s4_p0,400,0.0,h2,2,1.9846365795560084,1.9082104055178473,9.56936633400619,7.619204916991293,True,True,558.0,504.0,True,True,True,-0.0764261740381611,-1.9501614170148969,0.7962078836835096,-54.0
v400_s4_p0,400,0.0,h2,3,2.196912224855207,2.1254338503535366,8.537120084045455,7.287675832980312,True,True,558.0,504.0,True,True,True,-0.0714783745016705,-1.2494442510651425,0.8536456979912748,-54.0
v400_s4_p0,400,0.0,h2,4,2.202273419874179,2.062242694759948,8.665150207991246,7.332515666028485,True,True,558.0,504.0,True,True,True,-0.14003072511423076,-1.3326345419627614,0.8462075659422766,-54.0
v400_s4_p0,400,0.0,h3,0,1.539428061733182,1.517782657070488,23.808453999983612,18.826430000015534,True,True,558.0,504.0,True,True,True,-0.021645404662693934,-4.982023999968078,0.7907455897820368,-54.0
v400_s4_p0,400,0.0,h3,1,1.5248304906299928,1.5413545805983904,23.934893166995607,18.895984832954127,True,True,558.0,504.0,True,True,True,0.016524089968397604,-5.03890833404148,0.7894743753864024,-54.0
v400_s4_p0,400,0.0,h3,2,1.5236433527420183,1.545832466389401,23.903325250023045,19.620132750016637,True,True,558.0,504.0,True,True,True,0.02218911364738263,-4.2831925000064075,0.8208118554550364,-54.0
v400_s4_p0,400,0.0,h3,3,1.5409555767907694,1.5332397229766597,23.679791249975096,18.950623084034305,True,True,558.0,504.0,True,True,True,-0.007715853814109774,-4.729168165940791,0.8002867459422488,-54.0
v400_s4_p0,400,0.0,h3,4,1.5239612902900919,1.5321139954240768,24.036437207949348,19.08754479198251,True,True,558.0,504.0,True,True,True,0.008152705133984917,-4.948892415966839,0.7941087369499945,-54.0
v400_s4_p0,400,0.0,h4,0,1.500895423008178,1.5427194527131072,32.999990792013705,30.18696387502132,True,True,266.0,298.0,True,True,True,0.041824029704929266,-2.813026916992385,0.9147567363057215,32.0
v400_s4_p0,400,0.0,h4,1,1.4991640921745701,1.5431126295719209,33.88051733298926,32.084476999996696,True,True,261.0,281.0,True,True,True,0.04394853739735072,-1.7960403329925612,0.9469889932511814,20.0
v400_s4_p0,400,0.0,h4,2,1.5374198016934222,1.5712317591560838,34.975166374992114,31.213839500036556,True,True,273.0,327.0,True,True,True,0.033811957462661635,-3.7613268749555573,0.8924572127941334,54.0
v400_s4_p0,400,0.0,h4,3,1.5186686438999313,1.5693732401645215,34.717961792019196,29.3316699169809,True,True,287.0,309.0,True,True,True,0.05070459626459023,-5.386291875038296,0.8448557577398892,22.0
v400_s4_p0,400,0.0,h4,4,1.520700832254017,1.548042481543879,35.36760920798406,29.31153320800513,True,True,251.0,286.0,True,True,True,0.027341649289861936,-6.05607599997893,0.828767730259477,35.0
v400_s4_p0,400,0.0,h2+3,0,1.5428032005594876,1.5479210298700516,24.655068374995608,19.00043174996972,True,True,558.0,504.0,True,True,True,0.005117829310564037,-5.654636625025887,0.7706501341216867,-54.0
v400_s4_p0,400,0.0,h2+3,1,1.5325213187838105,1.5537072973210058,24.075187499984168,19.30700395803433,True,True,558.0,504.0,True,True,True,0.021185978537195282,-4.768183541949838,0.8019461513247623,-54.0
v400_s4_p0,400,0.0,h2+3,2,1.539628426294812,1.52922857481199,24.06001695804298,19.299937542004045,True,True,558.0,504.0,True,True,True,-0.010399851482821854,-4.760079416038934,0.8021581022016822,-54.0
v400_s4_p0,400,0.0,h2+3,3,1.5399307847607413,1.5491598504713815,24.433096166991163,19.275964208005462,True,True,558.0,504.0,True,True,True,0.009229065710640194,-5.157131958985701,0.7889284303659834,-54.0
v400_s4_p0,400,0.0,h2+3,4,1.5354409650710723,1.5326784085307887,23.755446458002552,19.20297458395362,True,True,558.0,504.0,True,True,True,-0.0027625565402835672,-4.552471874048933,0.8083609212692641,-54.0
v400_s4_p0,400,0.0,h2+3+4,0,1.5264050668475353,1.5410810790998029,36.939902291982435,33.12125070794718,True,True,266.0,298.0,True,True,True,0.014676012252267556,-3.8186515840352513,0.8966252927836231,32.0
v400_s4_p0,400,0.0,h2+3+4,1,1.5331520505118064,1.5379523125687007,36.420817209000234,35.384419874986634,True,True,261.0,281.0,True,True,True,0.004800262056894322,-1.0363973340136,0.9715438198965649,20.0
v400_s4_p0,400,0.0,h2+3+4,2,1.5338132093428753,,37.89392429200234,34.21495329099707,True,True,273.0,327.0,True,False,False,,-3.678971001005266,0.9029139612816051,54.0
v400_s4_p0,400,0.0,h2+3+4,3,1.5133709315304558,1.5851448371191166,37.540012417011894,32.61807679204503,True,True,287.0,309.0,True,True,True,0.07177390558866081,-4.9219356249668635,0.8688882792501047,22.0
v400_s4_p0,400,0.0,h2+3+4,4,1.529061273877614,1.5312103882311994,36.4217076250352,32.449635083961766,True,True,251.0,286.0,True,True,True,0.0021491143535854462,-3.9720725410734303,0.8909421660849546,35.0
v400_s4_p10,400,0.1,h2,0,,2.826340792155726,6.339630625036079,3.3301630839705467,True,True,502.0,336.0,False,True,False,,-3.0094675410655327,0.5252929201930585,-166.0
v400_s4_p10,400,0.1,h2,1,2.3941450097857224,2.280124111050898,6.724385250010528,3.205038749962114,True,True,502.0,336.0,True,True,True,-0.11402089873482435,-3.519346500048414,0.4766292576644231,-166.0
v400_s4_p10,400,0.1,h2,2,,2.2543017355375525,6.370007666992024,3.2220277500455268,True,True,502.0,336.0,False,True,False,,-3.147979916946497,0.5058122248017636,-166.0
v400_s4_p10,400,0.1,h2,3,2.2709378637886446,,6.848006208951119,2.7933728329953738,True,True,502.0,336.0,True,False,False,,-4.054633375955746,0.4079103826372294,-166.0
v400_s4_p10,400,0.1,h2,4,2.6313056626750844,,6.759867792017758,2.9110921660321765,True,True,502.0,336.0,True,False,False,,-3.8487756259855814,0.4306433580653273,-166.0
v400_s4_p10,400,0.1,h3,0,1.806603359622621,1.7185558643980263,14.853529457992408,9.13860691699665,True,True,502.0,336.0,True,True,True,-0.08804749522459465,-5.714922540995758,0.6152481767274064,-166.0
v400_s4_p10,400,0.1,h3,1,1.8299573196708059,1.7711496662305495,14.416556083015166,9.14914462500019,True,True,502.0,336.0,True,True,True,-0.0588076534402564,-5.267411458014976,0.6346276164929039,-166.0
v400_s4_p10,400,0.1,h3,2,1.8326683610003933,1.718068161958261,15.231982207973488,9.075463791959919,True,True,502.0,336.0,True,True,True,-0.11460019904213237,-6.156518416013569,0.5958163335569802,-166.0
v400_s4_p10,400,0.1,h3,3,1.8109437834668252,1.7578373647948655,15.164034000015818,9.126429040974472,True,True,502.0,336.0,True,True,True,-0.05310641867195964,-6.037604959041346,0.6018470441945034,-166.0
v400_s4_p10,400,0.1,h3,4,1.7972754760029475,1.7324909655483063,15.177955791994464,9.037126457958948,True,True,502.0,336.0,True,True,True,-0.06478451045464118,-6.140829334035516,0.5954113045134533,-166.0
v400_s4_p10,400,0.1,h4,0,1.8431549646038754,1.8662481744568358,31.33045391604537,13.659797750005964,True,True,199.0,243.0,True,True,True,0.023093209852960372,-17.670656166039407,0.4359910579849699,44.0
v400_s4_p10,400,0.1,h4,1,1.854039245906578,1.827118539874487,31.579275250027422,13.542141625017393,True,True,199.0,267.0,True,True,True,-0.02692070603209107,-18.03713362501003,0.4288300322853557,68.0
v400_s4_p10,400,0.1,h4,2,,1.9443195081353408,30.9105860000127,14.182625250017736,True,True,199.0,253.0,False,True,False,,-16.727960749994963,0.45882744668806696,54.0
v400_s4_p10,400,0.1,h4,3,1.829945137114287,1.8416241811562897,31.196731459000148,15.506897124985699,True,True,199.0,205.0,True,True,True,0.011679044042002706,-15.68983433401445,0.49706800679953966,6.0
v400_s4_p10,400,0.1,h4,4,1.8744144970670886,1.8225873192128363,31.13424316595774,14.059367250010837,True,True,199.0,256.0,True,True,True,-0.05182717785425228,-17.074875915946905,0.45157247520258925,57.0
v400_s4_p10,400,0.1,h2+3,0,1.8031942985331675,1.7388831911544365,14.173599917034153,9.397380332986359,True,True,502.0,336.0,True,True,True,-0.06431110737873103,-4.776219584047794,0.663020008183833,-166.0
v400_s4_p10,400,0.1,h2+3,1,1.7808017284913247,1.7851203846491421,13.643462375039235,9.243846416997258,True,True,502.0,336.0,True,True,True,0.004318656157817458,-4.399615958041977,0.6775293662925995,-166.0
v400_s4_p10,400,0.1,h2+3,2,1.818973194420732,1.7699999400455193,15.103033500025049,9.365780292020645,True,True,502.0,336.0,True,True,True,-0.048973254375212605,-5.737253208004404,0.6201257708926562,-166.0
v400_s4_p10,400,0.1,h2+3,3,1.7898939605169748,1.7556919995226814,14.07971441699192,9.201849417004269,True,True,502.0,336.0,True,True,True,-0.0342019609942934,-4.877864999987651,0.653553697502496,-166.0
v400_s4_p10,400,0.1,h2+3,4,1.8600555344217005,1.748557828047213,14.01069687504787,9.139864291006234,True,True,502.0,336.0,True,True,True,-0.11149770637448753,-4.870832584041636,0.6523490139368964,-166.0
v400_s4_p10,400,0.1,h2+3+4,0,1.8598912212481487,,33.81074341700878,15.16449062502943,True,True,199.0,243.0,True,False,False,,-18.64625279197935,0.44851100840926217,44.0
v400_s4_p10,400,0.1,h2+3+4,1,1.8570990509146208,1.8219967805508976,34.150299832981545,15.448816625052132,True,True,199.0,267.0,True,True,True,-0.035102270363723154,-18.701483207929414,0.45237718850515135,68.0
v400_s4_p10,400,0.1,h2+3+4,2,1.8465289860010377,1.8518599683539614,34.14519754203502,16.041786666959524,True,True,199.0,253.0,True,True,True,0.00533098235292373,-18.103410875075497,0.4698109198873725,54.0
v400_s4_p10,400,0.1,h2+3+4,3,1.8430615347004307,1.8257644643082962,33.75366908300202,17.723593957955018,True,True,199.0,205.0,True,True,True,-0.01729707039213446,-16.030075125047006,0.5250864406584002,6.0
v400_s4_p10,400,0.1,h2+3+4,4,1.830930484079981,1.8306749835528449,34.032936959003564,15.824132958019618,True,True,199.0,256.0,True,True,True,-0.00025550052713607663,-18.208804000983946,0.46496524755067525,57.0
v400_s4_p30,400,0.3,h2,0,,3.1435166041240867,2.9615008330438286,0.5687316249823198,True,True,416.0,78.0,False,True,False,,-2.392769208061509,0.19204169002302046,-338.0
v400_s4_p30,400,0.3,h2,1,,3.524474503801478,3.03807087498717,0.572661500016693,True,True,416.0,78.0,False,True,False,,-2.465409374970477,0.18849510876506836,-338.0
v400_s4_p30,400,0.3,h2,2,,3.2807052940460464,3.1731321669649333,0.6014574589789845,True,True,416.0,78.0,False,True,False,,-2.5716747079859488,0.18954692944740215,-338.0
v400_s4_p30,400,0.3,h2,3,,3.2819258685199375,3.1051874160184525,0.5875317919999361,True,True,416.0,78.0,False,True,False,,-2.5176556240185164,0.18920976845683724,-338.0
v400_s4_p30,400,0.3,h2,4,,3.195347125594252,3.0492745420197025,0.5741825419827364,True,True,416.0,78.0,False,True,False,,-2.475092000036966,0.18830135957598088,-338.0
v400_s4_p30,400,0.3,h3,0,,3.0400681635183147,3.2828530420083553,0.7813448329688981,True,True,416.0,78.0,False,True,False,,-2.501508209039457,0.2380078617503066,-338.0
v400_s4_p30,400,0.3,h3,1,,2.8782801790334003,3.1518409159616567,0.7837815830134787,True,True,416.0,78.0,False,True,False,,-2.368059332948178,0.24867422053068292,-338.0
v400_s4_p30,400,0.3,h3,2,,3.1649605960080556,3.232150083000306,0.7655650829547085,True,True,416.0,78.0,False,True,False,,-2.4665850000455976,0.23685938563968473,-338.0
v400_s4_p30,400,0.3,h3,3,,2.819861423658653,3.2667374159791507,0.7924867499968968,True,True,416.0,78.0,False,True,False,,-2.474250665982254,0.24259273063101766,-338.0
v400_s4_p30,400,0.3,h3,4,,2.8834248690973547,3.1818084160331637,0.7824627919471823,True,True,416.0,78.0,False,True,False,,-2.3993456240859814,0.2459176322510006,-338.0
v400_s4_p30,400,0.3,h2+3,0,,2.7526437217321362,3.3530044590006582,0.836419333005324,True,True,416.0,78.0,False,True,False,,-2.5165851259953342,0.24945368943965363,-338.0
v400_s4_p30,400,0.3,h2+3,1,,2.7368314798275013,3.472855416010134,0.7897400420042686,True,True,416.0,78.0,False,True,False,,-2.6831153740058653,0.22740366280827745,-338.0
v400_s4_p30,400,0.3,h2+3,2,,2.8432206959916093,3.6074797500041313,0.836947167001199,True,True,416.0,78.0,False,True,False,,-2.7705325830029324,0.2320032889998178,-338.0
v400_s4_p30,400,0.3,h2+3,3,,2.867150483881104,3.2915048340219073,0.799341292004101,True,True,416.0,78.0,False,True,False,,-2.4921635420178063,0.24284980041405,-338.0
v400_s4_p30,400,0.3,h2+3,4,,2.8075880615076882,3.4373672920046374,0.849109333998058,True,True,416.0,78.0,False,True,False,,-2.5882579580065794,0.24702316100263644,-338.0
v400_s4_p50,400,0.5,h2,0,,3.399054992357014,3.0682608330389485,0.6017024589818902,True,True,416.0,78.0,False,True,False,,-2.4665583740570582,0.1961053807755764,-338.0
v400_s4_p50,400,0.5,h2,1,,3.155377476360148,3.145548083994072,0.5828463329817168,True,True,416.0,78.0,False,True,False,,-2.562701751012355,0.18529245696401672,-338.0
v400_s4_p50,400,0.5,h2,2,,3.166746287286826,3.101852166990284,0.5889080840279348,True,True,416.0,78.0,False,True,False,,-2.512944082962349,0.18985691526342155,-338.0
v400_s4_p50,400,0.5,h2,3,,2.824968855223001,3.1501349579775706,0.5694783749640919,True,True,416.0,78.0,False,True,False,,-2.5806565830134787,0.18077904044139897,-338.0
v400_s4_p50,400,0.5,h2,4,,3.231847534485938,3.061191958026029,0.5700389170087874,True,True,416.0,78.0,False,True,False,,-2.4911530410172418,0.1862146918014151,-338.0
v400_s4_p50,400,0.5,h3,0,,2.932509598509887,3.2399583749938756,0.7952655419940129,True,True,416.0,78.0,False,True,False,,-2.4446928329998627,0.2454554811975065,-338.0
v400_s4_p50,400,0.5,h3,1,3.729319805180304,2.886286839104494,3.5034110419801436,0.7861298749921843,True,True,416.0,78.0,True,True,True,-0.84303296607581,-2.7172811669879593,0.22438984908486792,-338.0
v400_s4_p50,400,0.5,h3,2,,2.8057696041787956,3.384353708010167,0.7904841669951566,True,True,416.0,78.0,False,True,False,,-2.5938695410150103,0.23357019838801726,-338.0
v400_s4_p50,400,0.5,h3,3,,3.0513143420156794,3.390049999987241,0.7874780829879455,True,True,416.0,78.0,False,True,False,,-2.6025719169992954,0.23229099364048003,-338.0
v400_s4_p50,400,0.5,h3,4,,2.958909913337636,3.291792500007432,0.7614557500346564,True,True,416.0,78.0,False,True,False,,-2.5303367499727756,0.231319486277746,-338.0
v400_s4_p50,400,0.5,h2+3,0,,3.043235270866569,3.548324125004001,0.8305042500142008,True,True,416.0,78.0,False,True,False,,-2.7178198749898,0.2340553514155825,-338.0
v400_s4_p50,400,0.5,h2+3,1,,2.937434697478662,3.54960900003789,0.7815383749548346,True,True,416.0,78.0,False,True,False,,-2.7680706250830553,0.22017590527477593,-338.0
v400_s4_p50,400,0.5,h2+3,2,,2.754524270934769,3.405926083039958,0.8406910829944536,True,True,416.0,78.0,False,True,False,,-2.5652350000455044,0.2468318637861028,-338.0
v400_s4_p50,400,0.5,h2+3,3,,2.8637044602742843,3.4941361250239424,0.858956667012535,True,True,416.0,78.0,False,True,False,,-2.6351794580114074,0.2458280491309277,-338.0
v400_s4_p50,400,0.5,h2+3,4,,3.0809218364848987,3.4086399160441943,0.7864048340125009,True,True,416.0,78.0,False,True,False,,-2.6222350820316933,0.23070927213841408,-338.0
v400_s5_p0,400,0.0,h2,0,1.8897759449976632,2.526780269862232,8.881916375015862,7.050179833022412,True,True,558.0,504.0,True,True,True,0.6370043248645689,-1.8317365419934504,0.793767868931306,-54.0
v400_s5_p0,400,0.0,h2,1,2.1547817353717935,,8.580924207984935,6.574669499997981,True,True,558.0,504.0,True,False,False,,-2.0062547079869546,0.7661959645185953,-54.0
v400_s5_p0,400,0.0,h2,2,2.033239669858142,2.0853101658134237,8.856738625036087,7.45986341603566,True,True,558.0,504.0,True,True,True,0.05207049595528179,-1.3968752090004273,0.8422810847040509,-54.0
v400_s5_p0,400,0.0,h2,3,2.1337904839692032,2.009000802912699,8.812441374990158,7.560717582993675,True,True,558.0,504.0,True,True,True,-0.12478968105650434,-1.2517237919964828,0.8579594758441295,-54.0
v400_s5_p0,400,0.0,h2,4,2.056384924900853,1.9838280892341893,9.231419915973675,7.413156250026077,True,True,558.0,504.0,True,True,True,-0.07255683566666349,-1.8182636659475975,0.8030353204059814,-54.0
v400_s5_p0,400,0.0,h3,0,1.5403527810387365,1.5410580735537003,23.81714145897422,19.269468499987852,True,True,558.0,504.0,True,True,True,0.0007052925149637623,-4.547672958986368,0.8090588256856988,-54.0
v400_s5_p0,400,0.0,h3,1,1.5388081642877716,1.5364055850668905,23.444325792021118,18.960478332999628,True,True,558.0,504.0,True,True,True,-0.0024025792208810515,-4.48384745902149,0.8087448750372044,-54.0
v400_s5_p0,400,0.0,h3,2,1.5289025358034607,1.5182395473308485,24.394537041021977,18.92131991701899,True,True,558.0,504.0,True,True,True,-0.010662988472612156,-5.473217124002986,0.775637589891573,-54.0
v400_s5_p0,400,0.0,h3,3,1.5246032414022386,1.5327240312077166,24.12082495802315,19.171521666983608,True,True,558.0,504.0,True,True,True,0.008120789805478035,-4.949303291039541,0.7948120224058387,-54.0
v400_s5_p0,400,0.0,h3,4,1.5433106340957161,1.5061071050062738,23.58777708397247,18.81753258302342,True,True,558.0,504.0,True,True,True,-0.037203529089442355,-4.7702445009490475,0.7977662547866643,-54.0
v400_s5_p0,400,0.0,h4,0,1.5144166739276534,1.5004972393566451,34.383232833002694,34.345663624990266,True,True,286.0,246.0,True,True,True,-0.013919434571008305,-0.037569208012428135,0.9989073392779876,-40.0
v400_s5_p0,400,0.0,h4,1,1.5257993774462901,1.507904487145024,32.98118624999188,33.605066290998366,True,True,284.0,233.0,True,True,True,-0.01789489030126612,0.6238800410064869,1.0189162401945637,-51.0
v400_s5_p0,400,0.0,h4,2,1.5235856250534638,1.5124823355534471,33.72400954196928,34.13359079201473,True,True,254.0,226.0,True,True,True,-0.011103289500016711,0.40958125004544854,1.0121450935285654,-28.0
v400_s5_p0,400,0.0,h4,3,1.5378387213996745,1.5468809562577182,33.97363912500441,31.132513291027863,True,True,280.0,304.0,True,True,True,0.009042234858043674,-2.841125833976548,0.9163726375169066,24.0
v400_s5_p0,400,0.0,h4,4,1.5186269627518652,1.5440868579651092,33.95322704099817,34.43213095801184,True,True,281.0,267.0,True,True,True,0.0254598952132441,0.4789039170136675,1.014104812966243,-14.0
v400_s5_p0,400,0.0,h2+3,0,1.5526138529128166,1.5519366545441315,24.632189458003268,19.396212958032265,True,True,558.0,504.0,True,True,True,-0.0006771983686850724,-5.235976499971002,0.7874335730935288,-54.0
v400_s5_p0,400,0.0,h2+3,1,1.5264350927202677,1.5299902747152918,24.402366624970455,19.134241374966223,True,True,558.0,504.0,True,True,True,0.003555181995024137,-5.268125250004232,0.784114166836037,-54.0
v400_s5_p0,400,0.0,h2+3,2,1.5387880420920035,1.5470248550059347,24.521928875008598,19.491708459041547,True,True,558.0,504.0,True,True,True,0.00823681291393119,-5.030220415967051,0.7948684851992384,-54.0
v400_s5_p0,400,0.0,h2+3,3,1.5081183353808985,1.546360116930853,24.87841879198095,19.387509207997937,True,True,558.0,504.0,True,True,True,0.0382417815499545,-5.4909095839830115,0.7792902503211782,-54.0
v400_s5_p0,400,0.0,h2+3,4,1.514844041007629,1.5247476690678186,23.983020208019298,19.082978792022914,True,True,558.0,504.0,True,True,True,0.009903628060189629,-4.900041415996384,0.7956870580312508,-54.0
v400_s5_p0,400,0.0,h2+3+4,0,1.5380848719146953,1.508563708691176,38.882993792009074,37.58989229198778,True,True,286.0,246.0,True,True,True,-0.029521163223519276,-1.2931015000212938,0.9667437773197638,-40.0
v400_s5_p0,400,0.0,h2+3+4,1,1.5365370655941484,1.515117451965885,35.979997833957896,37.61608025000896,True,True,284.0,233.0,True,True,True,-0.02141961362826339,1.6360824160510674,1.0454719987366685,-51.0
v400_s5_p0,400,0.0,h2+3+4,2,1.5212290261451027,1.5172727876511751,36.926125874975696,37.44398504198762,True,True,254.0,226.0,True,True,True,-0.003956238493927566,0.5178591670119204,1.014024194381108,-28.0
v400_s5_p0,400,0.0,h2+3+4,3,1.517035617138182,1.552040647358995,37.48236616700888,33.77392983302707,True,True,280.0,304.0,True,True,True,0.035005030220812916,-3.7084363339818083,0.9010618401875096,24.0
v400_s5_p0,400,0.0,h2+3+4,4,1.5120821320492852,1.5365158917137802,37.03794574999483,37.290613499993924,True,True,281.0,267.0,True,True,True,0.024433759664495014,0.25266774999909103,1.0068218618738898,-14.0
v400_s5_p10,400,0.1,h2,0,3.019294287335334,2.7112333909641864,6.847618833009619,3.186809082981199,True,True,502.0,336.0,True,True,True,-0.30806089637114775,-3.6608097500284202,0.4653893799723304,-166.0
v400_s5_p10,400,0.1,h2,1,,2.614173720083794,6.044601458008401,3.2984783749561757,True,True,502.0,336.0,False,True,False,,-2.7461230830522254,0.5456899677953244,-166.0
v400_s5_p10,400,0.1,h2,2,,,6.057391749985982,2.8671891249832697,True,True,502.0,336.0,False,False,False,,-3.190202625002712,0.47333724535645316,-166.0
v400_s5_p10,400,0.1,h2,3,,,6.124768999987282,2.922816000005696,True,True,502.0,336.0,False,False,False,,-3.201952999981586,0.4772124467080743,-166.0
v400_s5_p10,400,0.1,h2,4,,,5.9885066249989904,2.9458164160023443,True,True,502.0,336.0,False,False,False,,-3.042690208996646,0.4919116902543029,-166.0
v400_s5_p10,400,0.1,h3,0,1.8777026381843016,1.7938505442929895,14.670867374981754,8.811838708992582,True,True,502.0,336.0,True,True,True,-0.0838520938913121,-5.859028665989172,0.6006351556295452,-166.0
v400_s5_p10,400,0.1,h3,1,1.8400056533877076,1.7965693347359302,14.160712125012651,8.927603957999963,True,True,502.0,336.0,True,True,True,-0.04343631865177744,-5.233108167012688,0.6304487994096545,-166.0
v400_s5_p10,400,0.1,h3,2,1.8377383005998253,1.76316206724587,14.317995375022292,8.834070915996563,True,True,502.0,336.0,True,True,True,-0.07457623335395525,-5.4839244590257294,0.6169907647412415,-166.0
v400_s5_p10,400,0.1,h3,3,1.8536992631830236,1.8096225126612695,15.008358958992176,8.996483292023186,True,True,502.0,336.0,True,True,True,-0.04407675052175408,-6.01187566696899,0.5994315112401407,-166.0
v400_s5_p10,400,0.1,h3,4,1.8413218184455644,1.806510605450075,14.475411124993116,9.014622665999923,True,True,502.0,336.0,True,True,True,-0.03481121299548939,-5.460788458993193,0.6227541717578823,-166.0
v400_s5_p10,400,0.1,h4,0,1.9946170563353842,1.827428228847597,29.6444500409998,18.023506166005973,True,True,200.0,175.0,True,True,True,-0.1671888274877873,-11.620943874993827,0.6079892236515954,-25.0
v400_s5_p10,400,0.1,h4,1,,1.8217102793817719,25.329004166997038,16.657207208045293,True,True,266.0,179.0,False,True,False,,-8.671796958951745,0.6576337189659099,-87.0
v400_s5_p10,400,0.1,h4,2,1.99275569322918,1.8052457008012681,25.720049707975704,17.03261349996319,True,True,241.0,176.0,True,True,True,-0.18750999242791178,-8.687436208012514,0.6622309712986842,-65.0
v400_s5_p10,400,0.1,h4,3,1.9833781586727877,1.7909499023202888,29.732235124974977,17.48409983300371,True,True,200.0,168.0,True,True,True,-0.19242825635249883,-12.248135291971266,0.5880519832939545,-32.0
v400_s5_p10,400,0.1,h4,4,,1.7661890890000556,29.1910168339964,19.5458169580088,True,True,200.0,157.0,False,True,False,,-9.6451998759876,0.6695832854731315,-43.0
v400_s5_p10,400,0.1,h2+3,0,1.9472763973048859,1.7629590160066348,13.802801457990427,9.247893832973205,True,True,502.0,336.0,True,True,True,-0.18431738129825104,-4.554907625017222,0.6700012212100326,-166.0
v400_s5_p10,400,0.1,h2+3,1,1.8476819179466302,1.8141364250865402,14.078061416978016,8.861566083040088,True,True,502.0,336.0,True,True,True,-0.03354549286009001,-5.216495333937928,0.6294592572492346,-166.0
v400_s5_p10,400,0.1,h2+3,2,1.7983000328978405,1.8371913234451847,15.734378540946636,9.08234291599365,True,True,502.0,336.0,True,True,True,0.03889129054734419,-6.652035624952987,0.5772292113322465,-166.0
v400_s5_p10,400,0.1,h2+3,3,1.88706012976671,1.7931554703668529,13.403504458023235,9.079397042049095,True,True,502.0,336.0,True,True,True,-0.09390465939985715,-4.32410741597414,0.6773897879083584,-166.0
v400_s5_p10,400,0.1,h2+3,4,1.8796728331166577,1.755837880925478,14.610057166952174,9.079485583002679,True,True,502.0,336.0,True,True,True,-0.12383495219117968,-5.530571583949495,0.6214544870871825,-166.0
v400_s5_p10,400,0.1,h2+3+4,0,,1.8120877129812745,32.10740054101916,20.245638250024058,True,True,200.0,175.0,False,True,False,,-11.861762290995102,0.6305598680951771,-25.0
v400_s5_p10,400,0.1,h2+3+4,1,,1.8141578184373597,28.255752417026088,18.968617749982513,True,True,266.0,179.0,False,True,False,,-9.287134667043574,0.6713187980282762,-87.0
v400_s5_p10,400,0.1,h2+3+4,2,,1.8004130242422915,28.25516208296176,19.202559459023178,True,True,241.0,176.0,False,True,False,,-9.052602623938583,0.6796124333897408,-65.0
v400_s5_p10,400,0.1,h2+3+4,3,,1.7765636405802627,31.98767829197459,19.58992058300646,True,True,200.0,168.0,False,True,False,,-12.397757708968129,0.6124208329280775,-32.0
v400_s5_p10,400,0.1,h2+3+4,4,,1.8033792695085176,32.10779270797502,21.897906084021088,True,True,200.0,157.0,False,True,False,,-10.209886623953935,0.6820121919680273,-43.0
v400_s5_p30,400,0.3,h2,0,,,3.3548343339934945,0.5150409170310013,True,True,421.0,93.0,False,False,False,,-2.839793416962493,0.1535220120446043,-328.0
v400_s5_p30,400,0.3,h2,1,,,3.3413570830016397,0.5188851249986328,True,True,421.0,93.0,False,False,False,,-2.822471958003007,0.15529173090728243,-328.0
v400_s5_p30,400,0.3,h2,2,,,3.3046217919909395,0.499572166998405,True,True,421.0,93.0,False,False,False,,-2.8050496249925345,0.15117377976782848,-328.0
v400_s5_p30,400,0.3,h2,3,,2.938478575420924,3.224868666031398,0.6602239590138197,True,True,421.0,93.0,False,True,False,,-2.564644707017578,0.20472894476856554,-328.0
v400_s5_p30,400,0.3,h2,4,,3.221031824273248,3.3609868329949677,0.6357110000099055,True,True,421.0,93.0,False,True,False,,-2.725275832985062,0.18914415069083296,-328.0
v400_s5_p30,400,0.3,h3,0,,2.6989573240123668,3.4366968750255182,0.9126672920538113,True,True,421.0,93.0,False,True,False,,-2.524029582971707,0.2655652579330362,-328.0
v400_s5_p30,400,0.3,h3,1,,2.7261976135783392,3.5828113749739714,0.9218679580371827,True,True,421.0,93.0,False,True,False,,-2.6609434169367887,0.257302956130053,-328.0
v400_s5_p30,400,0.3,h3,2,,2.7053326381971066,3.362265417003073,0.9587448749807663,True,True,421.0,93.0,False,True,False,,-2.4035205420223065,0.2851484805846576,-328.0
v400_s5_p30,400,0.3,h3,3,,2.6556389953191073,3.452762208005879,0.9296594579936936,True,True,421.0,93.0,False,True,False,,-2.5231027500121854,0.26925093649313675,-328.0
v400_s5_p30,400,0.3,h3,4,,2.621491906483944,3.441639208002016,0.9497075409744866,True,True,421.0,93.0,False,True,False,,-2.4919316670275293,0.2759462812854875,-328.0
v400_s5_p30,400,0.3,h4,0,,3.203188722945423,2.893829624983482,1.5772136250161566,True,True,1099.0,126.0,False,True,False,,-1.3166159999673255,0.5450264284391516,-973.0
v400_s5_p30,400,0.3,h4,1,,2.9500130389909383,2.9358097079675645,1.5156144160428084,True,True,1099.0,126.0,False,True,False,,-1.420195291924756,0.516250904113283,-973.0
v400_s5_p30,400,0.3,h4,2,,2.5363463500797163,2.9487307090312243,1.500821708003059,True,True,1099.0,82.0,False,True,False,,-1.4479090010281652,0.5089721158349312,-1017.0
v400_s5_p30,400,0.3,h4,3,,2.6608549514294952,2.982294749992434,1.6675544580211863,True,True,1099.0,78.0,False,True,False,,-1.3147402919712476,0.5591514581264702,-1021.0
v400_s5_p30,400,0.3,h4,4,,2.8327575145202175,2.9252438750118017,1.5479984169942327,True,True,1099.0,102.0,False,True,False,,-1.377245458017569,0.5291861065730759,-997.0
v400_s5_p30,400,0.3,h2+3,0,,2.6871520594489624,3.81908345897682,0.8957595829851925,True,True,421.0,93.0,False,True,False,,-2.9233238759916276,0.2345483131246306,-328.0
v400_s5_p30,400,0.3,h2+3,1,,2.4601155963041172,3.763261042011436,0.9683376249740832,True,True,421.0,93.0,False,True,False,,-2.794923417037353,0.25731343485449887,-328.0
v400_s5_p30,400,0.3,h2+3,2,,2.4459415719664883,3.739431958994828,0.9894447499536909,True,True,421.0,93.0,False,True,False,,-2.7499872090411372,0.2645976075520457,-328.0
v400_s5_p30,400,0.3,h2+3,3,,2.6982449964589823,3.7836987920454703,0.9513519169995561,True,True,421.0,93.0,False,True,False,,-2.832346875045914,0.2514343686658141,-328.0
v400_s5_p30,400,0.3,h2+3,4,,2.5431151970290435,3.7349272909923457,0.9517432919819839,True,True,421.0,93.0,False,True,False,,-2.7831839990103617,0.25482244173195456,-328.0
v400_s5_p30,400,0.3,h2+3+4,0,,,3.5990243749693036,1.8320306250243448,True,True,1099.0,127.0,False,False,False,,-1.7669937499449588,0.5090353479587008,-972.0
v400_s5_p30,400,0.3,h2+3+4,1,,,3.653484207985457,1.7521083749597892,True,True,1099.0,127.0,False,False,False,,-1.9013758330256678,0.47957190320685894,-972.0
v400_s5_p30,400,0.3,h2+3+4,2,,2.634008361445772,3.61547637503827,1.929490500013344,True,True,1099.0,82.0,False,True,False,,-1.685985875024926,0.5336753168503059,-1017.0
v400_s5_p30,400,0.3,h2+3+4,3,,2.6953488129688505,3.8283952089841478,2.109119082975667,True,True,1099.0,79.0,False,True,False,,-1.7192761260084808,0.5509146699447769,-1020.0
v400_s5_p30,400,0.3,h2+3+4,4,,2.675672665779565,3.668308624997735,1.9583722499664873,True,True,1099.0,103.0,False,True,False,,-1.7099363750312477,0.5338624554709315,-996.0
v400_s5_p50,400,0.5,h2,0,,3.636555045110559,3.4271222919924185,0.6290702080004849,True,True,421.0,93.0,False,True,False,,-2.7980520839919336,0.18355639349967978,-328.0
v400_s5_p50,400,0.5,h2,1,,,3.344307040970307,0.5061998750315979,True,True,421.0,93.0,False,False,False,,-2.838107165938709,0.15136166291858497,-328.0
v400_s5_p50,400,0.5,h2,2,,3.6247118189172522,3.241423583996948,0.6323818340315484,True,True,421.0,93.0,False,True,False,,-2.6090417499653995,0.19509385849897729,-328.0
v400_s5_p50,400,0.5,h2,3,,,3.4326356249512173,0.4972301249508746,True,True,421.0,93.0,False,False,False,,-2.9354055000003427,0.1448537448416014,-328.0
v400_s5_p50,400,0.5,h2,4,,,3.2987457910203375,0.5122978750150651,True,True,421.0,93.0,False,False,False,,-2.7864479160052724,0.15530080444804625,-328.0
v400_s5_p50,400,0.5,h3,0,,2.487054050279703,3.402278333029244,0.9581744589959271,True,True,421.0,93.0,False,True,False,,-2.444103874033317,0.28162729947576315,-328.0
v400_s5_p50,400,0.5,h3,1,,2.6262598225080165,3.586066916992422,0.9050005829776637,True,True,421.0,93.0,False,True,False,,-2.6810663340147585,0.25236578232529844,-328.0
v400_s5_p50,400,0.5,h3,2,,2.543248188169246,3.476904542010743,0.9461682090186514,True,True,421.0,93.0,False,True,False,,-2.5307363329920918,0.2721294753957982,-328.0
v400_s5_p50,400,0.5,h3,3,,2.608357479300362,3.450524125015363,0.9724972500116564,True,True,421.0,93.0,False,True,False,,-2.4780268750037067,0.2818404435898058,-328.0
v400_s5_p50,400,0.5,h3,4,,2.6673112687423206,3.3984210420167074,0.9349863749812357,True,True,421.0,93.0,False,True,False,,-2.4634346670354716,0.2751237599524724,-328.0
v400_s5_p50,400,0.5,h4,0,,,2.8957342500216328,1.5113836249802262,True,True,1099.0,122.0,False,False,False,,-1.3843506250414066,0.5219345058922225,-977.0
v400_s5_p50,400,0.5,h4,1,,2.5212542110490754,2.998859375016764,1.5994031250011176,True,True,1099.0,102.0,False,True,False,,-1.3994562500156462,0.5333371542279061,-997.0
v400_s5_p50,400,0.5,h4,2,,3.1681297353844915,2.9638934590038843,1.465321000025142,True,True,1099.0,124.0,False,True,False,,-1.4985724589787424,0.4943905778980369,-975.0
v400_s5_p50,400,0.5,h4,3,,2.5070502703376527,2.971821707964409,1.5630724169895984,True,True,1099.0,79.0,False,True,False,,-1.4087492909748107,0.5259643984700033,-1020.0
v400_s5_p50,400,0.5,h4,4,,2.6839743227675052,2.933343791984953,1.6960580419981852,True,True,1099.0,100.0,False,True,False,,-1.2372857499867678,0.5781995436854288,-999.0
v400_s5_p50,400,0.5,h2+3,0,,2.69396901476661,3.5432222500094213,0.9774282919825055,True,True,421.0,93.0,False,True,False,,-2.565793958026916,0.2758585894463455,-328.0
v400_s5_p50,400,0.5,h2+3,1,,2.594855802159076,3.576152583002113,0.9653416659566574,True,True,421.0,93.0,False,True,False,,-2.6108109170454554,0.2699386123917205,-328.0
v400_s5_p50,400,0.5,h2+3,2,,2.6627835613874726,3.8779364160145633,0.9813982079504058,True,True,421.0,93.0,False,True,False,,-2.8965382080641575,0.2530722793436127,-328.0
v400_s5_p50,400,0.5,h2+3,3,,2.54760224440442,3.8058395420084707,0.9528639999916777,True,True,421.0,93.0,False,True,False,,-2.852975542016793,0.25036893685980754,-328.0
v400_s5_p50,400,0.5,h2+3,4,,2.655446380806468,3.7566514159552753,1.0073678749613464,True,True,421.0,93.0,False,True,False,,-2.749283540993929,0.26815580244758586,-328.0
v400_s5_p50,400,0.5,h2+3+4,0,,,3.6109930420061573,1.9297450829762965,True,True,1099.0,123.0,False,False,False,,-1.6812479590298608,0.5344084191046209,-976.0
v400_s5_p50,400,0.5,h2+3+4,1,,2.683986511247768,3.671988333982881,2.010051957971882,True,True,1099.0,102.0,False,True,False,,-1.661936376010999,0.5474015097950071,-997.0
v400_s5_p50,400,0.5,h2+3+4,2,,,3.7347724999999627,1.6958359589916654,True,True,1099.0,125.0,False,False,False,,-2.0389365410082974,0.4540667360573321,-974.0
v400_s5_p50,400,0.5,h2+3+4,3,,2.5433587776401665,3.7397035000030883,1.90085574996192,True,True,1099.0,79.0,False,True,False,,-1.8388477500411682,0.5082904968162183,-1020.0
v400_s5_p50,400,0.5,h2+3+4,4,,2.6631448992939317,3.723400084010791,2.0677234579925425,True,True,1099.0,100.0,False,True,False,,-1.6556766260182485,0.5553320651390279,-999.0
v400_s6_p0,400,0.0,h2,0,2.117917890008754,2.280299432753283,9.63269716600189,7.0760136670432985,True,True,558.0,504.0,True,True,True,0.16238154274452876,-2.5566834989585914,0.7345828011720046,-54.0
v400_s6_p0,400,0.0,h2,1,1.9714655854257217,2.2309031770998957,8.824824333016295,7.163300707994495,True,True,558.0,504.0,True,True,True,0.259437591674174,-1.6615236250218004,0.8117216204740137,-54.0
v400_s6_p0,400,0.0,h2,2,1.9963628996263416,1.8344268665425258,8.926036041986663,7.70601062499918,True,True,558.0,504.0,True,True,True,-0.16193603308381577,-1.2200254169874825,0.8633183407227266,-54.0
v400_s6_p0,400,0.0,h2,3,1.9144812193091567,1.996876281591513,8.823287750012241,7.978814625006635,True,True,558.0,504.0,True,True,True,0.08239506228235638,-0.8444731250056066,0.9042904245070739,-54.0
v400_s6_p0,400,0.0,h2,4,2.197788410541109,2.0386247214538677,9.145220083999448,7.517712125030812,True,True,558.0,504.0,True,True,True,-0.15916368908724143,-1.6275079589686356,0.8220373108553027,-54.0
v400_s6_p0,400,0.0,h3,0,1.5288474686712688,1.5398361279569757,23.863985666946974,19.367358750023413,True,True,558.0,504.0,True,True,True,0.010988659285706914,-4.49662691692356,0.8115726777714398,-54.0
v400_s6_p0,400,0.0,h3,1,1.5281225074770395,1.5362894991548501,24.0428015840007,18.89268541597994,True,True,558.0,504.0,True,True,True,0.008166991677810653,-5.150116168020759,0.7857938414528236,-54.0
v400_s6_p0,400,0.0,h3,2,1.5299470055978794,1.5463822092730894,24.557093249983154,19.095613999990746,True,True,558.0,504.0,True,True,True,0.01643520367521001,-5.461479249992408,0.77760074474628,-54.0
v400_s6_p0,400,0.0,h3,3,1.5404647399059683,1.5371928530835803,23.704957208014093,18.885627540992573,True,True,558.0,504.0,True,True,True,-0.0032718868223879927,-4.81932966702152,0.7966952808760095,-54.0
v400_s6_p0,400,0.0,h3,4,1.5399019770312006,1.5454876694427928,24.236792084004264,18.848284207982942,True,True,558.0,504.0,True,True,True,0.005585692411592236,-5.388507876021322,0.7776723975126388,-54.0
v400_s6_p0,400,0.0,h4,0,1.5064562492531974,1.5435050698874595,33.658751584007405,31.948461666994262,True,True,261.0,293.0,True,True,True,0.03704882063426207,-1.7102899170131423,0.9491873632703072,32.0
v400_s6_p0,400,0.0,h4,1,1.5209959374647184,1.5564881284540828,38.18039391702041,29.748161916970275,True,True,285.0,269.0,True,True,True,0.0354921909893644,-8.432232000050135,0.7791475902952605,-16.0
v400_s6_p0,400,0.0,h4,2,1.5438945886040485,1.5109204504918907,34.09167045803042,36.714085792016704,True,True,298.0,232.0,True,True,True,-0.03297413811215777,2.6224153339862823,1.076922465187345,-66.0
v400_s6_p0,400,0.0,h4,3,1.5122512183150865,1.5244037603338658,34.005577375006396,28.6676057910081,True,True,259.0,291.0,True,True,True,0.012152542018779355,-5.337971583998296,0.8430265857529116,32.0
v400_s6_p0,400,0.0,h4,4,1.5124037799127201,1.505501063217426,34.60145466699032,30.087479707959574,True,True,267.0,258.0,True,True,True,-0.0069027166952941865,-4.513974959030747,0.8695437806741384,-9.0
v400_s6_p0,400,0.0,h2+3,0,1.5479527713616925,1.5213544067152702,23.998694750014693,19.097775375004858,True,True,558.0,504.0,True,True,True,-0.02659836464642229,-4.900919375009835,0.7957839196647628,-54.0
v400_s6_p0,400,0.0,h2+3,1,1.5378912215540343,1.5120116509270374,24.30262704199413,19.18298974999925,True,True,558.0,504.0,True,True,True,-0.025879570626996973,-5.119637291994877,0.7893381121658858,-54.0
v400_s6_p0,400,0.0,h2+3,2,1.5298439417518417,1.5326483780700029,24.222752500034403,19.492100749979727,True,True,558.0,504.0,True,True,True,0.0028044363181611853,-4.730651750054676,0.8047021390303205,-54.0
v400_s6_p0,400,0.0,h2+3,3,1.5353086804508966,1.5295226522154488,24.441898000019137,19.262155500007793,True,True,558.0,504.0,True,True,True,-0.0057860282354478265,-5.1797425000113435,0.7880793668311975,-54.0
v400_s6_p0,400,0.0,h2+3,4,1.5343188206514353,1.5665370422449851,24.211830166983418,19.662665500014555,True,True,558.0,504.0,True,True,True,0.03221822159354981,-4.5491646669688635,0.8121098390499882,-54.0
v400_s6_p0,400,0.0,h2+3+4,0,1.5294307079643605,1.5336229553184173,36.58550870802719,35.23082658404019,True,True,261.0,293.0,True,True,True,0.004192247354056766,-1.3546821239870042,0.962972166526421,32.0
v400_s6_p0,400,0.0,h2+3+4,1,1.5226326235294871,1.5426127891069503,41.854260957974475,32.64822395896772,True,True,285.0,269.0,True,True,True,0.019980165577463183,-9.206036999006756,0.7800454054546451,-16.0
v400_s6_p0,400,0.0,h2+3+4,2,1.5405334222648732,1.5142698314573682,37.78592666698387,39.295622874982655,True,True,298.0,232.0,True,True,True,-0.026263590807505066,1.5096962079987861,1.0399539283846098,-66.0
v400_s6_p0,400,0.0,h2+3+4,3,1.5042403851576513,1.5388605413489183,36.82971083302982,30.735070457973052,True,True,259.0,291.0,True,True,True,0.034620156191266904,-6.09464037505677,0.8345183755938985,32.0
v400_s6_p0,400,0.0,h2+3+4,4,1.5358862809824032,1.524929892346183,36.60645550000481,32.63543333299458,True,True,267.0,258.0,True,True,True,-0.010956388636220282,-3.971022167010233,0.891521260040877,-9.0
v400_s6_p10,400,0.1,h2,0,2.210093107879777,,6.809640541963745,3.083328375010751,True,True,502.0,336.0,True,False,False,,-3.7263121669529937,0.452788712709583,-166.0
v400_s6_p10,400,0.1,h2,1,,2.5636319561373493,6.541310666012578,3.2657346249907278,True,True,502.0,336.0,False,True,False,,-3.27557604102185,0.49924774891962737,-166.0
v400_s6_p10,400,0.1,h2,2,,,6.583904250001069,3.1134750829660334,True,True,502.0,336.0,False,False,False,,-3.470429167035036,0.47289191408965703,-166.0
v400_s6_p10,400,0.1,h2,3,,,6.441793958016206,2.8980997090111487,True,True,502.0,336.0,False,False,False,,-3.543694249005057,0.44989015915430464,-166.0
v400_s6_p10,400,0.1,h2,4,,2.662011466676397,6.463577916962095,3.2165927090100013,True,True,502.0,336.0,False,True,False,,-3.2469852079520933,0.4976489415512162,-166.0
v400_s6_p10,400,0.1,h3,0,1.8140532029437892,1.7064354355468618,15.935593416972551,9.025416458025575,True,True,502.0,336.0,True,True,True,-0.10761776739692741,-6.910176958946977,0.5663683944403889,-166.0
v400_s6_p10,400,0.1,h3,1,1.8668976396959565,1.7429041151391163,16.406735999975353,8.936443458020221,True,True,502.0,336.0,True,True,True,-0.1239935245568402,-7.470292541955132,0.544681370995038,-166.0
v400_s6_p10,400,0.1,h3,2,1.782446599252491,1.8003243046569481,17.50867691601161,9.157181709015276,True,True,502.0,336.0,True,True,True,0.01787770540445721,-8.351495206996333,0.5230082063277479,-166.0
v400_s6_p10,400,0.1,h3,3,1.8003642736800618,1.8204776862650052,17.062778166960925,9.142261000000872,True,True,502.0,336.0,True,True,True,0.02011341258494337,-7.920517166960053,0.5358014334209218,-166.0
v400_s6_p10,400,0.1,h3,4,1.8253141625740188,1.79273332054957,14.458840832987335,8.93214212503517,True,True,502.0,336.0,True,True,True,-0.032580842024448886,-5.526698707952164,0.6177633620986271,-166.0
v400_s6_p10,400,0.1,h4,0,,1.8073268912733076,28.21226237504743,15.437051374989096,True,True,237.0,213.0,False,True,False,,-12.775211000058334,0.5471752378370947,-24.0
v400_s6_p10,400,0.1,h4,1,,1.8040069618024144,28.69910249998793,14.98374070803402,True,True,227.0,212.0,False,True,False,,-13.71536179195391,0.5220978847000641,-15.0
v400_s6_p10,400,0.1,h4,2,,1.8026274726353522,29.075338374997955,15.637013875006232,True,True,226.0,220.0,False,True,False,,-13.438324499991722,0.5378102112975781,-6.0
v400_s6_p10,400,0.1,h4,3,,1.8167795482298823,27.833672375010792,15.91875033301767,True,True,229.0,197.0,False,True,False,,-11.914922041993123,0.5719241830017947,-32.0
v400_s6_p10,400,0.1,h4,4,,1.834929670073619,28.96776462503476,14.446567708044313,True,True,223.0,228.0,False,True,False,,-14.521196916990448,0.4987118576474203,5.0
v400_s6_p10,400,0.1,h2+3,0,1.8286855132346693,1.765942031761288,15.779326209041756,9.083587458007969,True,True,502.0,336.0,True,True,True,-0.06274348147338138,-6.695738751033787,0.5756638361911143,-166.0
v400_s6_p10,400,0.1,h2+3,1,1.8168325138443433,1.7364370469439585,15.85606091702357,9.224483750003856,True,True,502.0,336.0,True,True,True,-0.0803954669003848,-6.631577167019714,0.5817638944676453,-166.0
v400_s6_p10,400,0.1,h2+3,2,1.841825929156967,1.8182644876767886,17.264505250030197,9.232437000027858,True,True,502.0,336.0,True,True,True,-0.023561441480178358,-8.03206825000234,0.5347640645544539,-166.0
v400_s6_p10,400,0.1,h2+3,3,1.8607540315548394,1.8064894617326273,15.788637374993414,9.214214499981608,True,True,502.0,336.0,True,True,True,-0.05426456982221217,-6.5744228750118054,0.5835978293209392,-166.0
v400_s6_p10,400,0.1,h2+3,4,1.8573120905644733,1.7633084530292136,15.893819459015504,9.25762291601859,True,True,502.0,336.0,True,True,True,-0.09400363753525975,-6.636196542996913,0.5824668475623938,-166.0
v400_s6_p10,400,0.1,h2+3+4,0,,1.8128785841237611,31.083174625004176,17.08155441697454,True,True,237.0,213.0,False,True,False,,-14.001620208029635,0.5495434305874812,-24.0
v400_s6_p10,400,0.1,h2+3+4,1,,1.820022411054661,31.463027040997986,16.832259832997806,True,True,227.0,212.0,False,True,False,,-14.63076720800018,0.5349853912995873,-15.0
v400_s6_p10,400,0.1,h2+3+4,2,,1.7958675368295656,32.160824040998705,17.658740500046406,True,True,226.0,220.0,False,True,False,,-14.502083540952299,0.5490761206098138,-6.0
v400_s6_p10,400,0.1,h2+3+4,3,,1.8012469613186382,30.757543832994998,17.46730816597119,True,True,229.0,197.0,False,True,False,,-13.290235667023808,0.5679032194772726,-32.0
v400_s6_p10,400,0.1,h2+3+4,4,1.8219037977063606,1.8478125256934583,32.18906083400361,16.59860295901308,True,True,223.0,228.0,True,True,True,0.025908727987097757,-15.590457874990534,0.5156597467882251,5.0
v400_s6_p30,400,0.3,h2,0,,2.6903948832431457,4.0632062079967,0.619503750000149,True,True,417.0,81.0,False,True,False,,-3.443702457996551,0.15246672659165522,-336.0
v400_s6_p30,400,0.3,h2,1,,2.665688249717597,4.175524291000329,0.6561052919714712,True,True,417.0,81.0,False,True,False,,-3.519418999028858,0.15713123580327398,-336.0
v400_s6_p30,400,0.3,h2,2,,3.376856284077961,4.13507966598263,0.619483707996551,True,True,417.0,81.0,False,True,False,,-3.515595957986079,0.14981179518565366,-336.0
v400_s6_p30,400,0.3,h2,3,,3.176940884470618,4.0099519999930635,0.6452196669997647,True,True,417.0,81.0,False,True,False,,-3.3647323329932988,0.16090458613990413,-336.0
v400_s6_p30,400,0.3,h2,4,,3.0883884033107707,4.044180958997458,0.6547063749749213,True,True,417.0,81.0,False,True,False,,-3.389474584022537,0.16188849648736325,-336.0
v400_s6_p30,400,0.3,h3,0,,2.516082182817487,4.206434084044304,0.8501322079682723,True,True,417.0,81.0,False,True,False,,-3.3563018760760315,0.20210282414574463,-336.0
v400_s6_p30,400,0.3,h3,1,,2.560501848716154,4.273032207973301,0.8526419170084409,True,True,417.0,81.0,False,True,False,,-3.4203902909648605,0.1995402504613577,-336.0
v400_s6_p30,400,0.3,h3,2,,2.600952452186221,4.247503041988239,0.8526032500085421,True,True,417.0,81.0,False,True,False,,-3.3948997919796966,0.20073046248118565,-336.0
v400_s6_p30,400,0.3,h3,3,,2.6046961680714396,4.114254250016529,0.8461054160143249,True,True,417.0,81.0,False,True,False,,-3.2681488340022042,0.20565219468654025,-336.0
v400_s6_p30,400,0.3,h3,4,,2.743059956531539,4.275710291985888,0.8323160000145435,True,True,417.0,81.0,False,True,False,,-3.4433942919713445,0.19466145813821442,-336.0
v400_s6_p30,400,0.3,h4,0,,2.9804306592338983,11.967828374996316,1.2901834580115974,True,True,386.0,97.0,False,True,False,,-10.677644916984718,0.10780430814892886,-289.0
v400_s6_p30,400,0.3,h4,1,,3.0693003322786088,11.84494891698705,1.2869686250342056,True,True,435.0,97.0,False,True,False,,-10.557980291952845,0.10865126004794678,-338.0
v400_s6_p30,400,0.3,h4,2,,2.8506073071780307,12.145496000011917,1.3399712090031244,True,True,367.0,97.0,False,True,False,,-10.805524791008793,0.11032659423722256,-270.0
v400_s6_p30,400,0.3,h4,3,,2.7910474103035527,12.097424165986013,1.3521697919932194,True,True,353.0,97.0,False,True,False,,-10.745254373992793,0.11177336377070064,-256.0
v400_s6_p30,400,0.3,h4,4,,2.8759206595377047,12.12057787500089,1.3833534159930423,True,True,409.0,97.0,False,True,False,,-10.737224459007848,0.11413262884488837,-312.0
v400_s6_p30,400,0.3,h2+3,0,,2.8542780465662325,4.415107459004503,0.8761302499915473,True,True,417.0,81.0,False,True,False,,-3.5389772090129554,0.19843916781792056,-336.0
v400_s6_p30,400,0.3,h2+3,1,,2.877972463847652,4.355696749989875,0.9048809999949299,True,True,417.0,81.0,False,True,False,,-3.450815749994945,0.20774655627645183,-336.0
v400_s6_p30,400,0.3,h2+3,2,,2.646940261868256,4.482963457994629,0.8741548340185545,True,True,417.0,81.0,False,True,False,,-3.608808623976074,0.19499486047775896,-336.0
v400_s6_p30,400,0.3,h2+3,3,,2.4960113291979726,4.4481409169966355,0.8765121250180528,True,True,417.0,81.0,False,True,False,,-3.5716287919785827,0.19705133928397883,-336.0
v400_s6_p30,400,0.3,h2+3,4,,2.4770173968618914,4.6082002079929225,0.8816425830009393,True,True,417.0,81.0,False,True,False,,-3.726557624991983,0.19132037307574667,-336.0
v400_s6_p30,400,0.3,h2+3+4,0,,3.063360273155441,14.0908275420079,1.51855370902922,True,True,386.0,97.0,False,True,False,,-12.57227383297868,0.1077689514332691,-289.0
v400_s6_p30,400,0.3,h2+3+4,1,,3.1531677582145514,13.605185666005127,1.6164432079531252,True,True,435.0,97.0,False,True,False,,-11.988742458052002,0.11881081579004715,-338.0
v400_s6_p30,400,0.3,h2+3+4,2,,2.898112030639992,14.150418083008844,1.611137375002727,True,True,367.0,97.0,False,True,False,,-12.539280708006117,0.11385793448303162,-270.0
v400_s6_p30,400,0.3,h2+3+4,3,,3.0718053269503742,13.897242542007007,1.657726334000472,True,True,353.0,97.0,False,True,False,,-12.239516208006535,0.11928455080133235,-256.0
v400_s6_p30,400,0.3,h2+3+4,4,,2.9955115685629705,14.481244374997914,1.6128229589667171,True,True,409.0,97.0,False,True,False,,-12.868421416031197,0.11137322989668486,-312.0
v400_s6_p50,400,0.5,h2,0,,3.0223907369262744,4.038603041030001,0.6443647919804789,True,True,417.0,81.0,False,True,False,,-3.394238249049522,0.15955140563063133,-336.0
v400_s6_p50,400,0.5,h2,1,,3.0522976620214672,4.03669441700913,0.6286770409788005,True,True,417.0,81.0,False,True,False,,-3.4080173760303296,0.1557405579995823,-336.0
v400_s6_p50,400,0.5,h2,2,,2.7169813316409104,4.003638708032668,0.6566983330412768,True,True,417.0,81.0,False,True,False,,-3.346940374991391,0.164025373149609,-336.0
v400_s6_p50,400,0.5,h2,3,,2.939602080872277,4.0633546249591745,0.6330507079837844,True,True,417.0,81.0,False,True,False,,-3.43030391697539,0.1557950920885092,-336.0
v400_s6_p50,400,0.5,h2,4,,3.0436842115598313,4.005310125008691,0.617669792030938,True,True,417.0,81.0,False,True,False,,-3.387640332977753,0.1542127257947592,-336.0
v400_s6_p50,400,0.5,h3,0,,2.4015604851770913,4.18507879198296,0.8430416249902919,True,True,417.0,81.0,False,True,False,,-3.342037166992668,0.20143984543498755,-336.0
v400_s6_p50,400,0.5,h3,1,,2.605948554148367,4.361768542032223,0.8031874170410447,True,True,417.0,81.0,False,True,False,,-3.5585811249911785,0.18414260392341356,-336.0
v400_s6_p50,400,0.5,h3,2,,2.6798357355180906,4.230487708002329,0.8707784579601139,True,True,417.0,81.0,False,True,False,,-3.359709250042215,0.20583405934804208,-336.0
v400_s6_p50,400,0.5,h3,3,3.7935433883089322,2.6954892050938084,4.5185307919746265,0.859813416027464,True,True,417.0,81.0,True,True,True,-1.0980541832151238,-3.6587173759471625,0.19028605881243094,-336.0
v400_s6_p50,400,0.5,h3,4,3.2137947421149304,2.605633869352865,4.579949208011385,0.8440865000011399,True,True,417.0,81.0,True,True,True,-0.6081608727620655,-3.735862708010245,0.18430040632866374,-336.0
v400_s6_p50,400,0.5,h4,0,,2.834963348534603,12.046205874998122,1.3162527499953285,True,True,367.0,97.0,False,True,False,,-10.729953125002794,0.10926699772973403,-270.0
v400_s6_p50,400,0.5,h4,1,,2.7335117275701246,11.783597042027395,1.266484416963067,True,True,353.0,97.0,False,True,False,,-10.517112625064328,0.10747859184644737,-256.0
v400_s6_p50,400,0.5,h4,2,,3.0592796609843242,12.114881165965926,1.3609150419943035,True,True,323.0,97.0,False,True,False,,-10.753966123971622,0.11233416352588688,-226.0
v400_s6_p50,400,0.5,h4,3,,2.899592879711581,11.808729667041916,1.3566360409604385,True,True,323.0,97.0,False,True,False,,-10.452093626081478,0.1148841644454611,-226.0
v400_s6_p50,400,0.5,h4,4,,2.9178871736011853,12.076603040972259,1.3026413330226205,True,True,409.0,97.0,False,True,False,,-10.773961707949638,0.10786487960257969,-312.0
v400_s6_p50,400,0.5,h2+3,0,,2.7645668698855967,4.551850749994628,0.8884032079949975,True,True,417.0,81.0,False,True,False,,-3.6634475419996306,0.19517406364785708,-336.0
v400_s6_p50,400,0.5,h2+3,1,,2.667639181727724,4.452627749997191,0.8535724580287933,True,True,417.0,81.0,False,True,False,,-3.599055291968398,0.19170083509211652,-336.0
v400_s6_p50,400,0.5,h2+3,2,,2.4118043056626246,4.532418416987639,0.8708073750021867,True,True,417.0,81.0,False,True,False,,-3.661611041985452,0.19212863749259662,-336.0
v400_s6_p50,400,0.5,h2+3,3,,2.6916102874758274,4.572269416006748,0.8428737919894047,True,True,417.0,81.0,False,True,False,,-3.729395624017343,0.18434473459473869,-336.0
v400_s6_p50,400,0.5,h2+3,4,,2.401560485177154,4.679585500038229,0.8527712079812773,True,True,417.0,81.0,False,True,False,,-3.8268142920569517,0.18223221009089602,-336.0
v400_s6_p50,400,0.5,h2+3+4,0,,2.81120179082109,14.041089624981396,1.6397383329458535,True,True,367.0,97.0,False,True,False,,-12.401351292035542,0.1167814163103475,-270.0
v400_s6_p50,400,0.5,h2+3+4,1,,3.262614278855175,13.716336874989793,1.5961702920030802,True,True,353.0,97.0,False,True,False,,-12.120166582986712,0.1163700123838106,-256.0
v400_s6_p50,400,0.5,h2+3+4,2,,2.8136237847943986,14.458526125003118,1.6068153750384226,True,True,323.0,97.0,False,True,False,,-12.851710749964695,0.11113272273719228,-226.0
v400_s6_p50,400,0.5,h2+3+4,3,,3.2364890703395353,13.709893290943,1.6044815829955041,True,True,323.0,97.0,False,True,False,,-12.105411707947496,0.11703093152850819,-226.0
v400_s6_p50,400,0.5,h2+3+4,4,,2.8600643078677206,14.479779457964469,1.59376512496965,True,True,409.0,97.0,False,True,False,,-12.886014332994819,0.1100683287060021,-312.0
v400_s7_p0,400,0.0,h2,0,2.0098083957948116,2.378132891699105,9.756502582982648,7.393205708009191,True,True,558.0,504.0,True,True,True,0.3683244959042935,-2.3632968749734573,0.7577721263462243,-54.0
v400_s7_p0,400,0.0,h2,1,2.0569072374921995,2.618263200470491,8.682549332967028,7.0062644589925185,True,True,558.0,504.0,True,True,True,0.5613559629782916,-1.6762848739745095,0.8069363259924394,-54.0
v400_s7_p0,400,0.0,h2,2,2.07639805722006,2.0406333831866315,9.03094320796663,7.819013541971799,True,True,558.0,504.0,True,True,True,-0.035764674033428534,-1.2119296659948304,0.8658025371119897,-54.0
v400_s7_p0,400,0.0,h2,3,2.0379942421843893,1.9158715716120602,9.148706250009127,7.264103125024121,True,True,558.0,504.0,True,True,True,-0.12212267057232906,-1.8846031249850057,0.7940033187771085,-54.0
v400_s7_p0,400,0.0,h2,4,1.8036971271648214,2.041580131905797,9.261485084018204,7.673132791009266,True,True,558.0,504.0,True,True,True,0.23788300474097568,-1.5883522930089384,0.8284991792785124,-54.0
v400_s7_p0,400,0.0,h3,0,1.5335470258102,1.5160119941903933,23.99747204099549,18.95489195897244,True,True,558.0,504.0,True,True,True,-0.01753503161980663,-5.042580082023051,0.7898703632862377,-54.0
v400_s7_p0,400,0.0,h3,1,1.53173541275505,1.5337846526230072,23.587570999981835,18.755217833968345,True,True,558.0,504.0,True,True,True,0.002049239867957242,-4.83235316601349,0.7951313780457847,-54.0
v400_s7_p0,400,0.0,h3,2,1.5410624489892821,1.5192241726452975,24.17615533299977,19.17348233400844,True,True,558.0,504.0,True,True,True,-0.02183827634398461,-5.002672998991329,0.7930740876667507,-54.0
v400_s7_p0,400,0.0,h3,3,1.54067292490427,1.533423896836029,23.837329208035953,18.984569958003704,True,True,558.0,504.0,True,True,True,-0.007249028068241126,-4.85275925003225,0.7964218554989665,-54.0
v400_s7_p0,400,0.0,h3,4,1.5183170331214808,1.5378442368196386,24.00753950001672,19.045984208991285,True,True,558.0,504.0,True,True,True,0.019527203698157747,-4.961555291025434,0.793333452975388,-54.0
v400_s7_p0,400,0.0,h4,0,1.5289868099805037,1.5444495778499414,33.86568954202812,31.303601666993927,True,True,275.0,300.0,True,True,True,0.015462767869437677,-2.5620878750341944,0.9243456161772645,25.0
v400_s7_p0,400,0.0,h4,1,1.5078927958702653,1.517674076171594,38.90005383401876,33.58449191704858,True,True,262.0,240.0,True,True,True,0.009781280301328854,-5.315561916970182,0.8633533531945492,-22.0
v400_s7_p0,400,0.0,h4,2,1.5442355483057746,1.5483391326062894,33.27365733298939,31.341796666034497,True,True,290.0,279.0,True,True,True,0.004103584300514829,-1.93186066695489,0.941940236757817,-11.0
v400_s7_p0,400,0.0,h4,3,1.5290336982807802,1.5276028939686896,33.11280175001593,33.898687792010605,True,True,296.0,257.0,True,True,True,-0.0014308043120905278,0.7858860419946723,1.0237336015214809,-39.0
v400_s7_p0,400,0.0,h4,4,1.5091154048160904,,33.01538487500511,30.76179699995555,True,True,254.0,302.0,True,False,False,,-2.2535878750495613,0.9317412811154087,48.0
v400_s7_p0,400,0.0,h2+3,0,1.5206943231703736,1.550154711586994,24.178320583014283,19.266263458004687,True,True,558.0,504.0,True,True,True,0.029460388416620464,-4.912057125009596,0.7968404336378762,-54.0
v400_s7_p0,400,0.0,h2+3,1,1.5319456012081618,1.5308487802942723,24.402807540958747,19.056297249975614,True,True,558.0,504.0,True,True,True,-0.001096820913889518,-5.346510290983133,0.7809059354334817,-54.0
v400_s7_p0,400,0.0,h2+3,2,1.5301256167116823,1.5375433673815133,24.338297625014093,19.4516277500079,True,True,558.0,504.0,True,True,True,0.007417750669830969,-4.886669875006191,0.7992189120908837,-54.0
v400_s7_p0,400,0.0,h2+3,3,1.5408125482448594,1.5309322134751622,24.482614416978322,19.369511874974705,True,True,558.0,504.0,True,True,True,-0.009880334769697185,-5.113102542003617,0.7911537364874824,-54.0
v400_s7_p0,400,0.0,h2+3,4,1.528008232218059,1.5223469343214986,23.957215457980055,19.120785041013733,True,True,558.0,504.0,True,True,True,-0.005661297896560447,-4.836430416966323,0.7981221805410058,-54.0
v400_s7_p0,400,0.0,h2+3+4,0,1.5289833275193987,1.5376844919666146,36.64725562505191,34.16457370802527,True,True,275.0,300.0,True,True,True,0.008701164447215914,-2.482681917026639,0.932254629311738,25.0
v400_s7_p0,400,0.0,h2+3+4,1,1.5084862236210748,1.5188386625693036,43.059332708013244,36.53235354099888,True,True,262.0,240.0,True,True,True,0.010352438948228793,-6.52697916701436,0.8484189429670446,-22.0
v400_s7_p0,400,0.0,h2+3+4,2,1.516122389131174,1.5374571305807205,36.30885312502505,34.46268662501825,True,True,290.0,279.0,True,True,True,0.021334741449546613,-1.8461665000068024,0.9491538194927348,-11.0
v400_s7_p0,400,0.0,h2+3+4,3,1.5281255446420872,1.5283182492180307,35.98034283396555,37.3549147080048,True,True,296.0,257.0,True,True,True,0.0001927045759435586,1.3745718740392476,1.0382034123571955,-39.0
v400_s7_p0,400,0.0,h2+3+4,4,1.5055953496396755,1.5486996769049732,36.78466562501853,33.988967082987074,True,True,254.0,302.0,True,True,True,0.04310432726529778,-2.7956985420314595,0.9239982613806877,48.0
v400_s7_p10,400,0.1,h2,0,,2.589171545640469,5.781320334004704,3.1920903340214863,True,True,502.0,336.0,False,True,False,,-2.5892299999832176,0.5521386378205296,-166.0
v400_s7_p10,400,0.1,h2,1,,2.5489363093778556,5.873621375008952,3.00652216601884,True,True,502.0,336.0,False,True,False,,-2.867099208990112,0.511868568650164,-166.0
v400_s7_p10,400,0.1,h2,2,,,6.020900790987071,2.9084011660306714,True,True,502.0,336.0,False,False,False,,-3.112499624956399,0.4830508369087188,-166.0
v400_s7_p10,400,0.1,h2,3,,2.9192280081830875,5.948453499993775,3.053016874997411,True,True,502.0,336.0,False,True,False,,-2.895436624996364,0.5132454805270993,-166.0
v400_s7_p10,400,0.1,h2,4,2.538680892079057,,6.269123082980514,2.7808638340211473,True,True,502.0,336.0,True,False,False,,-3.4882592489593662,0.44358099166543213,-166.0
v400_s7_p10,400,0.1,h3,0,1.8867121518237602,1.7642823766977558,10.004983290971722,7.038948500005063,True,True,502.0,336.0,True,True,True,-0.12242977512600439,-2.96603479096666,0.7035442534278749,-166.0
v400_s7_p10,400,0.1,h3,1,2.016263765249362,1.8308411805612776,10.282835583027918,7.4304686250397936,True,True,502.0,336.0,True,True,True,-0.18542258468808437,-2.8523669579881243,0.7226089112330037,-166.0
v400_s7_p10,400,0.1,h3,2,1.8765230559218713,1.7637728017835026,10.179847042018082,7.178038083016872,True,True,502.0,336.0,True,True,True,-0.1127502541383687,-3.0018089590012096,0.7051223906792491,-166.0
v400_s7_p10,400,0.1,h3,3,1.9018160624354115,1.828088500472753,10.29279883299023,7.664727040973958,True,True,502.0,336.0,True,True,True,-0.0737275619626585,-2.6280717920162715,0.7446688860183647,-166.0
v400_s7_p10,400,0.1,h3,4,1.9599447154639287,1.8557163503116514,9.730376833991613,7.687712458020542,True,True,502.0,336.0,True,True,True,-0.10422836515227729,-2.0426643759710714,0.7900734564734092,-166.0
v400_s7_p10,400,0.1,h2+3,0,2.0341371227016465,1.8143196073988843,9.965619541995693,8.129698125005234,True,True,502.0,336.0,True,True,True,-0.21981751530276217,-1.835921416990459,0.815774482534299,-166.0
v400_s7_p10,400,0.1,h2+3,1,1.9669008106859855,1.7772934017597668,9.976242791046388,7.9996106660109945,True,True,502.0,336.0,True,True,True,-0.18960740892621875,-1.976632125035394,0.8018660765945463,-166.0
v400_s7_p10,400,0.1,h2+3,2,1.9482030435883837,1.7815256917566207,10.318881042010617,8.04883254203014,True,True,502.0,336.0,True,True,True,-0.16667735183176302,-2.2700484999804758,0.7800102074305761,-166.0
v400_s7_p10,400,0.1,h2+3,3,1.8604829800241454,1.8059543113787868,11.25122862495482,8.260957166028675,True,True,502.0,336.0,True,True,True,-0.05452866864535855,-2.990271458926145,0.7342271178905893,-166.0
v400_s7_p10,400,0.1,h2+3,4,1.8892757624302103,1.8140293073945666,9.947075792006217,8.01474029198289,True,True,502.0,336.0,True,True,True,-0.07524645503564376,-1.9323355000233278,0.8057383355240729,-166.0
v400_s7_p30,400,0.3,h2,0,,,3.2322320829844102,0.5845863340073265,True,True,426.0,108.0,False,False,False,,-2.6476457489770837,0.18086149725596487,-318.0
v400_s7_p30,400,0.3,h2,1,,,3.2678689160384238,0.5434705420047976,True,True,426.0,108.0,False,False,False,,-2.724398374033626,0.16630732626314668,-318.0
v400_s7_p30,400,0.3,h2,2,,,3.381207500002347,0.5601744999876246,True,True,426.0,108.0,False,False,False,,-2.8210330000147223,0.16567291418442545,-318.0
v400_s7_p30,400,0.3,h2,3,,2.8792726928125107,3.277146457985509,0.7357923330273479,True,True,426.0,108.0,False,True,False,,-2.5413541249581613,0.2245222611990451,-318.0
v400_s7_p30,400,0.3,h2,4,,3.57404429235071,3.3748857919708826,0.7231990419677459,True,True,426.0,108.0,False,True,False,,-2.6516867500031367,0.21428844901605057,-318.0
v400_s7_p30,400,0.3,h3,0,,2.690959620393939,3.520222791004926,0.9965085000148974,True,True,426.0,108.0,False,True,False,,-2.5237142909900285,0.283081088663261,-318.0
v400_s7_p30,400,0.3,h3,1,,2.577711350448762,3.4373974589980207,1.0388228329829872,True,True,426.0,108.0,False,True,False,,-2.3985746260150336,0.3022120209764155,-318.0
v400_s7_p30,400,0.3,h3,2,,2.789743158138291,3.556562457990367,1.0635089999996126,True,True,426.0,108.0,False,True,False,,-2.4930534579907544,0.29902722433856754,-318.0
v400_s7_p30,400,0.3,h3,3,,2.5327617381349024,3.4229208339820616,1.0527734579518437,True,True,426.0,108.0,False,True,False,,-2.370147376030218,0.3075658214178146,-318.0
v400_s7_p30,400,0.3,h3,4,,2.599955867693041,3.4687267909757793,0.968356000026688,True,True,426.0,108.0,False,True,False,,-2.5003707909490913,0.2791675615807961,-318.0
v400_s7_p30,400,0.3,h4,0,,3.0783300887029035,12.739491374988575,1.8732739580445923,True,True,506.0,125.0,False,True,False,,-10.866217416943982,0.14704464274942627,-381.0
v400_s7_p30,400,0.3,h4,1,,2.852356178741548,12.720289417018648,1.9625118339899927,True,True,506.0,98.0,False,True,False,,-10.757777583028655,0.15428201117533705,-408.0
v400_s7_p30,400,0.3,h4,2,,2.9572751903670684,12.65538870904129,1.8781583750387654,True,True,506.0,125.0,False,True,False,,-10.777230334002525,0.14840779830784395,-381.0
v400_s7_p30,400,0.3,h4,3,,2.9630821100166185,12.73146362497937,1.882832040952053,True,True,506.0,122.0,False,True,False,,-10.848631584027316,0.14788810590935525,-384.0
v400_s7_p30,400,0.3,h4,4,,2.8444668256796337,12.812680875009391,1.897378833964467,True,True,506.0,98.0,False,True,False,,-10.915302041044924,0.14808601357310214,-408.0
v400_s7_p30,400,0.3,h2+3,0,,2.6150015832803235,3.9566260839928873,1.0522049999563023,True,True,426.0,108.0,False,True,False,,-2.904421084036585,0.26593490959713184,-318.0
v400_s7_p30,400,0.3,h2+3,1,,2.597145851074095,3.6951302920351736,1.0757663329713978,True,True,426.0,108.0,False,True,False,,-2.619363959063776,0.29113082569516,-318.0
v400_s7_p30,400,0.3,h2+3,2,,2.83298941102763,4.014647417003289,0.9895565840415657,True,True,426.0,108.0,False,True,False,,-3.025090832961723,0.246486548196109,-318.0
v400_s7_p30,400,0.3,h2+3,3,,3.054660936728401,3.6966497089597397,1.0150776660302654,True,True,426.0,108.0,False,True,False,,-2.6815720429294743,0.2745939555944333,-318.0
v400_s7_p30,400,0.3,h2+3,4,,2.5336601330072,3.8706221249885857,1.035313667031005,True,True,426.0,108.0,False,True,False,,-2.8353084579575807,0.26747991242727115,-318.0
v400_s7_p30,400,0.3,h2+3+4,0,,2.7136175201428325,15.113570042012725,2.223556582990568,True,True,506.0,125.0,False,True,False,,-12.890013459022157,0.14712318643507272,-381.0
v400_s7_p30,400,0.3,h2+3+4,1,,2.8254215891111643,15.069782708014827,2.284674166003242,True,True,506.0,98.0,False,True,False,,-12.785108542011585,0.1516063111373294,-408.0
v400_s7_p30,400,0.3,h2+3+4,2,,2.8995093252571724,15.171450624999125,2.215511124988552,True,True,506.0,125.0,False,True,False,,-12.955939500010572,0.14603159445662303,-381.0
v400_s7_p30,400,0.3,h2+3+4,3,,2.7131703214031146,15.079505084024277,2.1855231249937788,True,True,506.0,122.0,False,True,False,,-12.893981959030498,0.1449333458104798,-384.0
v400_s7_p30,400,0.3,h2+3+4,4,,2.983828020457602,15.012413709016982,2.2288692500442266,True,True,506.0,98.0,False,True,False,,-12.783544458972756,0.14846841375717548,-408.0
v400_s7_p50,400,0.5,h2,0,,2.9322959230464924,3.4189080839860253,0.7657006250228733,True,True,426.0,108.0,False,True,False,,-2.653207458963152,0.22396057636336358,-318.0
v400_s7_p50,400,0.5,h2,1,,3.406778482807047,3.2949784169904888,0.7090838750009425,True,True,426.0,108.0,False,True,False,,-2.5858945419895463,0.2152013716826083,-318.0
v400_s7_p50,400,0.5,h2,2,,3.473601553562469,3.3954730829573236,0.7522329579805955,True,True,426.0,108.0,False,True,False,,-2.643240124976728,0.22153995617171265,-318.0
v400_s7_p50,400,0.5,h2,3,,,3.3726834999979474,0.561173666967079,True,True,426.0,108.0,False,False,False,,-2.8115098330308683,0.16638788281421027,-318.0
v400_s7_p50,400,0.5,h2,4,,2.8270537411154106,3.258771374996286,0.748978084011469,True,True,426.0,108.0,False,True,False,,-2.509793290984817,0.2298344982891973,-318.0
v400_s7_p50,400,0.5,h3,0,,2.7423782419692113,3.6271389999892563,1.0231382920173928,True,True,426.0,108.0,False,True,False,,-2.6040007079718634,0.2820786002467574,-318.0
v400_s7_p50,400,0.5,h3,1,,2.5006782582619644,3.557477333000861,1.0073534169932827,True,True,426.0,108.0,False,True,False,,-2.5501239160075784,0.28316509782046695,-318.0
v400_s7_p50,400,0.5,h3,2,,2.582892678417593,3.4780874580028467,1.0198520830017515,True,True,426.0,108.0,False,True,False,,-2.4582353750010952,0.293222092692103,-318.0
v400_s7_p50,400,0.5,h3,3,,2.5413054243641184,3.592014666995965,1.0045031670015305,True,True,426.0,108.0,False,True,False,,-2.5875114999944344,0.2796489602982623,-318.0
v400_s7_p50,400,0.5,h3,4,,2.6150549694470455,3.556083082978148,1.0414396669948474,True,True,426.0,108.0,False,True,False,,-2.5146434159833007,0.29286145534110036,-318.0
v400_s7_p50,400,0.5,h4,0,,2.7890423627787695,12.641479499987327,1.8933613329427317,True,True,506.0,122.0,False,True,False,,-10.748118167044595,0.14977371382397367,-384.0
v400_s7_p50,400,0.5,h4,1,,3.093513465741954,12.706840416009072,1.7895535830175504,True,True,506.0,122.0,False,True,False,,-10.917286832991522,0.14083387564724043,-384.0
v400_s7_p50,400,0.5,h4,2,,3.018859365495193,12.831243166001514,1.8985793340252712,True,True,506.0,98.0,False,True,False,,-10.932663831976242,0.1479653459499442,-408.0
v400_s7_p50,400,0.5,h4,3,,3.07924094895317,12.882940040959511,1.8974648750154302,True,True,506.0,111.0,False,True,False,,-10.98547516594408,0.14728508158717693,-395.0
v400_s7_p50,400,0.5,h4,4,,3.0007131906624367,12.641576207999606,1.7884687499608845,True,True,506.0,125.0,False,True,False,,-10.853107458038721,0.1414751389015192,-381.0
v400_s7_p50,400,0.5,h2+3,0,,2.5475100003608997,3.7825091250124387,1.02680416603107,True,True,426.0,108.0,False,True,False,,-2.7557049589813687,0.2714611206728268,-318.0
v400_s7_p50,400,0.5,h2+3,1,,2.6140990627378304,4.003005709033459,1.0588965830393136,True,True,426.0,108.0,False,True,False,,-2.944109125994146,0.26452537418313804,-318.0
v400_s7_p50,400,0.5,h2+3,2,,2.6902519103619333,3.87089812499471,1.0313774169771932,True,True,426.0,108.0,False,True,False,,-2.839520708017517,0.2664439578808607,-318.0
v400_s7_p50,400,0.5,h2+3,3,,2.503029307914242,3.886034832976293,1.0290338339982554,True,True,426.0,108.0,False,True,False,,-2.8570009989780374,0.2648030391457207,-318.0
v400_s7_p50,400,0.5,h2+3,4,,2.581646034772018,3.8419373749638908,1.0022190840099938,True,True,426.0,108.0,False,True,False,,-2.839718290953897,0.26086294132251786,-318.0
v400_s7_p50,400,0.5,h2+3+4,0,,2.836284324366713,14.887229583982844,2.3548068330273964,True,True,506.0,122.0,False,True,False,,-12.532422750955448,0.15817629598195562,-384.0
v400_s7_p50,400,0.5,h2+3+4,1,,3.1760698225077846,14.875262375047896,2.1202949580037966,True,True,506.0,122.0,False,True,False,,-12.7549674170441,0.142538323328026,-384.0
v400_s7_p50,400,0.5,h2+3+4,2,,2.9516908383968783,15.213801124948077,2.2113977079861797,True,True,506.0,98.0,False,True,False,,-13.002403416961897,0.1453547137776015,-408.0
v400_s7_p50,400,0.5,h2+3+4,3,,2.8507019403995955,15.291255916003138,2.1714902079547755,True,True,506.0,111.0,False,True,False,,-13.119765708048362,0.142008623744384,-395.0
v400_s7_p50,400,0.5,h2+3+4,4,,3.0338065219585513,14.998572374985088,2.16832495899871,True,True,506.0,125.0,False,True,False,,-12.830247415986378,0.14456875659813362,-381.0
v400_s8_p0,400,0.0,h2,0,2.1796415244222622,2.128512596602815,8.829888625012245,7.526721542002633,True,True,558.0,504.0,True,True,True,-0.051128927819447334,-1.3031670830096118,0.852414097351335,-54.0
v400_s8_p0,400,0.0,h2,1,2.046493790162961,1.9014351705742119,9.152057707950007,7.440272665990051,True,True,558.0,504.0,True,True,True,-0.14505861958874933,-1.7117850419599563,0.8129617298552433,-54.0
v400_s8_p0,400,0.0,h2,2,1.8238213546693052,1.9183042740432243,9.588690291973762,7.647762375010643,True,True,558.0,504.0,True,True,True,0.09448291937391917,-1.940927916963119,0.7975815405584872,-54.0
v400_s8_p0,400,0.0,h2,3,2.1778708259364494,1.8060137282686846,9.336745499982499,7.886664458026644,True,True,558.0,504.0,True,True,True,-0.37185709766776487,-1.4500810419558547,0.8446909533992789,-54.0
v400_s8_p0,400,0.0,h2,4,2.0135510538548163,1.9474661833576243,8.968056334007997,7.333486041985452,True,True,558.0,504.0,True,True,True,-0.06608487049719192,-1.634570292022545,0.8177341632183945,-54.0
v400_s8_p0,400,0.0,h3,0,1.536962016627433,1.5336742498018454,23.907621832971927,18.851071875018533,True,True,558.0,504.0,True,True,True,-0.0032877668255875125,-5.0565499579533935,0.7884963216634241,-54.0
v400_s8_p0,400,0.0,h3,1,1.5392308474761496,1.5334635819249747,24.08737075002864,18.78256787499413,True,True,558.0,504.0,True,True,True,-0.005767265551174905,-5.304802875034511,0.7797682889475098,-54.0
v400_s8_p0,400,0.0,h3,2,1.541733204493587,1.5193984072493236,24.227541250002105,19.032397374976426,True,True,558.0,504.0,True,True,True,-0.02233479724426335,-5.195143875025678,0.7855686707364402,-54.0
v400_s8_p0,400,0.0,h3,3,1.528810681043694,1.5429508109515033,23.258457874995656,18.98991066700546,True,True,558.0,504.0,True,True,True,0.014140129907809218,-4.268547207990196,0.8164733349505876,-54.0
v400_s8_p0,400,0.0,h3,4,1.5410396301388327,1.5227478936188605,23.285761749953963,18.671637624967843,True,True,558.0,504.0,True,True,True,-0.01829173651997218,-4.61412412498612,0.8018478341171191,-54.0
v400_s8_p0,400,0.0,h4,0,1.5234235553929378,1.5422268957783185,36.2433938329923,29.266611083003227,True,True,259.0,300.0,True,True,True,0.018803340385380674,-6.97678274998907,0.8075019469165132,41.0
v400_s8_p0,400,0.0,h4,1,1.5115009048371408,1.5395288026323177,34.201317208993714,30.425173917028587,True,True,271.0,300.0,True,True,True,0.028027897795176893,-3.776143291965127,0.8895907058523426,29.0
v400_s8_p0,400,0.0,h4,2,1.5186641064232789,1.5329460312992544,33.123112833010964,30.35713958303677,True,True,265.0,282.0,True,True,True,0.014281924875975571,-2.765973249974195,0.9164941633378857,17.0
v400_s8_p0,400,0.0,h4,3,1.5323110780563975,1.5427897190565507,34.88395500002662,31.64809554204112,True,True,244.0,276.0,True,True,True,0.010478641000153166,-3.235859457985498,0.9072393179619963,32.0
v400_s8_p0,400,0.0,h4,4,1.5206551611074284,1.5401099578752802,34.53146279195789,28.947484167001676,True,True,281.0,301.0,True,True,True,0.01945479676785178,-5.583978624956217,0.8382930182078275,20.0
v400_s8_p0,400,0.0,h2+3,0,1.5525895995797325,1.5329542192670718,24.383586667012423,19.177049916004762,True,True,558.0,504.0,True,True,True,-0.019635380312660766,-5.206536751007661,0.7864737119231365,-54.0
v400_s8_p0,400,0.0,h2+3,1,1.5279430632650226,1.527185935149593,24.055752917018253,19.11246170900995,True,True,558.0,504.0,True,True,True,-0.0007571281154294951,-4.943291208008304,0.7945069013195937,-54.0
v400_s8_p0,400,0.0,h2+3,2,1.5477453522533504,1.5272715576649352,24.533402833971195,19.496775666018948,True,True,558.0,504.0,True,True,True,-0.02047379458841525,-5.036627167952247,0.7947032785448714,-54.0
v400_s8_p0,400,0.0,h2+3,3,1.5298051881730064,1.5410447167619123,24.359590624982957,19.40617375000147,True,True,558.0,504.0,True,True,True,0.011239528588905978,-4.953416874981485,0.7966543464855559,-54.0
v400_s8_p0,400,0.0,h2+3,4,1.5387630254881464,1.5305446219174854,23.880620792042464,18.911558124993462,True,True,558.0,504.0,True,True,True,-0.008218403570660948,-4.969062667049002,0.7919207079949613,-54.0
v400_s8_p0,400,0.0,h2+3+4,0,1.5194571421347394,1.5577457068192724,39.40445854194695,32.32336441701045,True,True,259.0,300.0,True,True,True,0.03828856468453301,-7.081094124936499,0.8202971342088482,41.0
v400_s8_p0,400,0.0,h2+3+4,1,1.5098897372591689,1.526506978302248,37.109723834029865,33.32122770801652,True,True,271.0,300.0,True,True,True,0.016617241043079156,-3.7884961260133423,0.8979109587838198,29.0
v400_s8_p0,400,0.0,h2+3+4,2,1.5333691839615582,1.5469646807321746,36.47158324997872,34.01051983301295,True,True,265.0,282.0,True,True,True,0.013595496770616444,-2.4610634169657715,0.9325210698944031,17.0
v400_s8_p0,400,0.0,h2+3+4,3,1.5089904692890095,1.5283845593263612,37.74746437498834,34.11019416700583,True,True,244.0,276.0,True,True,True,0.019394090037351708,-3.6372702079825103,0.9036419990532507,32.0
v400_s8_p0,400,0.0,h2+3+4,4,1.521111382549505,1.5437347239557007,37.62918304197956,31.70946812501643,True,True,281.0,301.0,True,True,True,0.022623341406195596,-5.91971491696313,0.8426828743435906,20.0
v400_s8_p10,400,0.1,h2,0,,2.9895628213405625,6.665353165997658,3.1982318329974078,True,True,502.0,336.0,False,True,False,,-3.46712133300025,0.47982931336822904,-166.0
v400_s8_p10,400,0.1,h2,1,,2.4473934900477095,6.54702375002671,3.1919461250072345,True,True,502.0,336.0,False,True,False,,-3.355077625019476,0.4875415527542896,-166.0
v400_s8_p10,400,0.1,h2,2,2.88770224010509,,6.986192749987822,2.906062334019225,True,True,502.0,336.0,True,False,False,,-4.080130415968597,0.41597225241520724,-166.0
v400_s8_p10,400,0.1,h2,3,2.7246152265420718,2.5365740283198837,6.695542833011132,3.227311374968849,True,True,502.0,336.0,True,True,True,-0.18804119822218812,-3.4682314580422826,0.4820089207789381,-166.0
v400_s8_p10,400,0.1,h2,4,,,6.38427933404455,2.95638070901623,True,True,502.0,336.0,False,False,False,,-3.4278986250283197,0.4630719544571231,-166.0
v400_s8_p10,400,0.1,h3,0,1.9350608184783753,1.8182030757439747,14.164331832958851,8.418017000018153,True,True,502.0,336.0,True,True,True,-0.11685774273440064,-5.746314832940698,0.5943109141534194,-166.0
v400_s8_p10,400,0.1,h3,1,1.8462344077270068,1.8173075749231313,13.874491167021915,8.416016875009518,True,True,502.0,336.0,True,True,True,-0.028926832803875424,-5.458474292012397,0.6065820197437893,-166.0
v400_s8_p10,400,0.1,h3,2,1.8877922425856073,1.8004293103124807,13.715144207992125,8.41122945904499,True,True,502.0,336.0,True,True,True,-0.08736293227312664,-5.303914748947136,0.6132804242877429,-166.0
v400_s8_p10,400,0.1,h3,3,1.864773391269371,1.7794875557958176,12.699972375005018,8.39191841596039,True,True,502.0,336.0,True,True,True,-0.08528583547355328,-4.308053959044628,0.6607824149662431,-166.0
v400_s8_p10,400,0.1,h3,4,1.8679071482588339,1.8074147709239772,13.793602791032754,8.40535470796749,True,True,502.0,336.0,True,True,True,-0.060492377334856684,-5.388248083065264,0.6093661558408675,-166.0
v400_s8_p10,400,0.1,h4,0,,1.876938576224581,25.941787375020795,17.848286084015854,True,True,224.0,157.0,False,True,False,,-8.09350129100494,0.6880129663386985,-67.0
v400_s8_p10,400,0.1,h4,1,1.8519128834984366,1.867602826890762,31.41608391603222,16.819727541995235,True,True,200.0,165.0,True,True,True,0.015689943392325434,-14.596356374036986,0.5353858739030108,-35.0
v400_s8_p10,400,0.1,h4,2,1.870292760045336,1.8387336299629857,32.745935833023395,17.030419457994867,True,True,207.0,165.0,True,True,True,-0.03155913008235034,-15.715516375028528,0.5200773477611272,-42.0
v400_s8_p10,400,0.1,h4,3,1.8477548956885965,1.803520311068248,31.353631625010166,16.520057875022758,True,True,200.0,159.0,True,True,True,-0.04423458462034846,-14.833573749987409,0.5268945579447657,-41.0
v400_s8_p10,400,0.1,h4,4,1.853695971262243,1.8367757314577746,31.310250832990278,16.487698750046548,True,True,200.0,162.0,True,True,True,-0.01692023980446833,-14.82255208294373,0.5265910783657524,-38.0
v400_s8_p10,400,0.1,h2+3,0,1.8822446674036462,1.8267315180608192,13.934750958986115,8.303472500003409,True,True,502.0,336.0,True,True,True,-0.05551314934282692,-5.631278458982706,0.5958823752532686,-166.0
v400_s8_p10,400,0.1,h2+3,1,1.8383932674872152,1.8340732339378805,12.672640458971728,8.174305125023238,True,True,502.0,336.0,True,True,True,-0.004320033549334745,-4.498335333948489,0.6450356696765711,-166.0
v400_s8_p10,400,0.1,h2+3,2,1.9635702836563615,1.8135717644581861,12.577583417005371,8.411130291991867,True,True,502.0,336.0,True,True,True,-0.14999851919817542,-4.166453125013504,0.6687397740188865,-166.0
v400_s8_p10,400,0.1,h2+3,3,1.8366055140469968,1.8136412599710188,13.632282792008482,8.299682749959175,True,True,502.0,336.0,True,True,True,-0.02296425407597802,-5.332600042049307,0.6088255999812897,-166.0
v400_s8_p10,400,0.1,h2+3,4,1.934010907260234,1.8304504767187324,13.159424874989782,8.799458209017757,True,True,502.0,336.0,True,True,True,-0.10356043054150166,-4.359966665972024,0.668681062630755,-166.0
v400_s8_p10,400,0.1,h2+3+4,0,,1.8579554812589731,28.56210745801218,19.47410112497164,True,True,224.0,158.0,False,True,False,,-9.08800633304054,0.6818159743149068,-66.0
v400_s8_p10,400,0.1,h2+3+4,1,1.867871966213398,1.851285309342665,34.46247204096289,18.44437454204308,True,True,200.0,166.0,True,True,True,-0.016586656870732908,-16.018097498919815,0.535201726681698,-34.0
v400_s8_p10,400,0.1,h2+3+4,2,1.9075001619771412,1.871626232813498,35.27632379200077,18.920758416992612,True,True,207.0,166.0,True,True,True,-0.03587392916364318,-16.355565375008155,0.5363585652675937,-41.0
v400_s8_p10,400,0.1,h2+3+4,3,1.8771467516766374,1.837791163240296,34.14395424997201,18.049023416999262,True,True,200.0,160.0,True,True,True,-0.03935558843634146,-16.09493083297275,0.5286154990971514,-40.0
v400_s8_p10,400,0.1,h2+3+4,4,1.8448782021804475,1.8439994448523591,34.282520874985494,18.079302958969492,True,True,200.0,163.0,True,True,True,-0.0008787573280883976,-16.203217916016,0.5273621220824866,-37.0
v400_s8_p30,400,0.3,h2,0,,2.9169236456716767,3.7156811250024475,0.6887347500305623,True,True,419.0,87.0,False,True,False,,-3.0269463749718852,0.18535894950622508,-332.0
v400_s8_p30,400,0.3,h2,1,,2.9508966417870677,3.5621822079992853,0.6325077910441905,True,True,419.0,87.0,False,True,False,,-2.929674416955095,0.17756188597647315,-332.0
v400_s8_p30,400,0.3,h2,2,,3.2229279828663877,3.709490332985297,0.6079955839668401,True,True,419.0,87.0,False,True,False,,-3.101494749018457,0.16390272770371173,-332.0
v400_s8_p30,400,0.3,h2,3,,2.7254625415128895,3.643286334001459,0.64604949997738,True,True,419.0,87.0,False,True,False,,-2.997236834024079,0.17732602951023538,-332.0
v400_s8_p30,400,0.3,h2,4,,3.0962187334645765,3.6996527499868535,0.6184522089897655,True,True,419.0,87.0,False,True,False,,-3.081200540997088,0.16716493432848883,-332.0
v400_s8_p30,400,0.3,h3,0,,2.8291647172826258,3.945811750018038,0.9207752500078641,True,True,419.0,87.0,False,True,False,,-3.0250365000101738,0.2333550884690976,-332.0
v400_s8_p30,400,0.3,h3,1,3.7483418477017145,3.259243285238026,4.222450374974869,0.8778196250204928,True,True,419.0,87.0,True,True,True,-0.4890985624636883,-3.3446307499543764,0.20789341426557734,-332.0
v400_s8_p30,400,0.3,h3,2,,3.0404158499394836,3.844762000022456,0.8984200419508852,True,True,419.0,87.0,False,True,False,,-2.946341958071571,0.23367377277075613,-332.0
v400_s8_p30,400,0.3,h3,3,,2.7419397978048297,3.7899697910179384,0.8960387920378707,True,True,419.0,87.0,False,True,False,,-2.8939309989800677,0.2364237293293058,-332.0
v400_s8_p30,400,0.3,h3,4,,2.9348629607180916,4.03599166701315,0.9067279589944519,True,True,419.0,87.0,False,True,False,,-3.129263708018698,0.22466051315350688,-332.0
v400_s8_p30,400,0.3,h4,0,,3.1000683687280306,2.858807250042446,1.4904530409839936,True,True,1077.0,82.0,False,True,False,,-1.3683542090584524,0.5213548555824686,-995.0
v400_s8_p30,400,0.3,h4,1,,3.2647315728019035,2.928085250023287,1.6119867500383407,True,True,1077.0,94.0,False,True,False,,-1.316098499984946,0.5505258940208523,-983.0
v400_s8_p30,400,0.3,h4,2,,3.0944955273652948,2.8687171670026146,1.7702075410052203,True,True,1077.0,82.0,False,True,False,,-1.0985096259973943,0.6170728719327969,-995.0
v400_s8_p30,400,0.3,h4,3,,3.0766168184216753,2.8595765830250457,1.4783658329979517,True,True,1077.0,82.0,False,True,False,,-1.381210750027094,0.5169876693541952,-995.0
v400_s8_p30,400,0.3,h4,4,,2.9768337995639786,2.9039269170025364,1.6279108750168234,True,True,1077.0,80.0,False,True,False,,-1.276016041985713,0.5605894781598602,-997.0
v400_s8_p30,400,0.3,h2+3,0,,2.711595095159852,3.926282959000673,0.927558749972377,True,True,419.0,87.0,False,True,False,,-2.998724209028296,0.23624348006962326,-332.0
v400_s8_p30,400,0.3,h2+3,1,,2.995846071853152,4.1371792500140145,0.9726897079963237,True,True,419.0,87.0,False,True,False,,-3.164489542017691,0.23510939440031,-332.0
v400_s8_p30,400,0.3,h2+3,2,,2.7482059392242046,4.364243166986853,0.9725337920244783,True,True,419.0,87.0,False,True,False,,-3.3917093749623746,0.22284133922261073,-332.0
v400_s8_p30,400,0.3,h2+3,3,3.8102157179912957,2.7291653363298907,4.5465093340026215,0.9916532909846865,True,True,419.0,87.0,True,True,True,-1.081050381661405,-3.554856043017935,0.2181131101102705,-332.0
v400_s8_p30,400,0.3,h2+3,4,,2.7997717283629577,4.211854916997254,0.9325642079929821,True,True,419.0,87.0,False,True,False,,-3.2792907090042718,0.22141413376551738,-332.0
v400_s8_p30,400,0.3,h2+3+4,0,,3.2901062307591187,3.5067461250000633,1.7705677089979872,True,True,1077.0,82.0,False,True,False,,-1.7361784160020761,0.5049033051966245,-995.0
v400_s8_p30,400,0.3,h2+3+4,1,,3.0745247797867603,3.537774124997668,1.9726415000041015,True,True,1077.0,94.0,False,True,False,,-1.5651326249935664,0.5575939645398933,-983.0
v400_s8_p30,400,0.3,h2+3+4,2,,3.109754311425494,3.617918792006094,2.1210714590270072,True,True,1077.0,82.0,False,True,False,,-1.4968473329790868,0.5862683993111127,-995.0
v400_s8_p30,400,0.3,h2+3+4,3,,3.238700158511633,3.5882921669981442,1.7767443750053644,True,True,1077.0,82.0,False,True,False,,-1.8115477919927798,0.49515042039950014,-995.0
v400_s8_p30,400,0.3,h2+3+4,4,,3.201822269778294,3.561890624987427,1.9638257080223411,True,True,1077.0,80.0,False,True,False,,-1.598064916965086,0.551343630330949,-997.0
v400_s8_p50,400,0.5,h2,0,,3.391857360903394,3.83639587496873,0.6325830420246348,True,True,419.0,87.0,False,True,False,,-3.203812832944095,0.16488992863120283,-332.0
v400_s8_p50,400,0.5,h2,1,,2.9060947422191,3.740689750004094,0.6369505829643458,True,True,419.0,87.0,False,True,False,,-3.1037391670397483,0.17027623928545496,-332.0
v400_s8_p50,400,0.5,h2,2,,3.3557561795314994,3.8430899580125697,0.6250720000243746,True,True,419.0,87.0,False,True,False,,-3.218017957988195,0.1626482874076741,-332.0
v400_s8_p50,400,0.5,h2,3,3.153875788895126,3.1928157166285542,4.022629958984908,0.6449852499645203,True,True,419.0,87.0,True,True,True,0.03893992773342836,-3.3776447090203874,0.16033919513871453,-332.0
v400_s8_p50,400,0.5,h2,4,,3.209832125221452,3.6971387499943376,0.6412223750376143,True,True,419.0,87.0,False,True,False,,-3.0559163749567233,0.17343746567223,-332.0
v400_s8_p50,400,0.5,h3,0,,2.748205939224178,3.8907775839907117,0.9485630840063095,True,True,419.0,87.0,False,True,False,,-2.942214499984402,0.24379781766743466,-332.0
v400_s8_p50,400,0.5,h3,1,,2.860121929410222,3.9915013749850914,0.8484025000361726,True,True,419.0,87.0,False,True,False,,-3.143098874948919,0.21255222542403393,-332.0
v400_s8_p50,400,0.5,h3,2,,2.8956457884498947,3.984421083005145,0.929287375009153,True,True,419.0,87.0,False,True,False,,-3.055133707995992,0.23323021228174567,-332.0
v400_s8_p50,400,0.5,h3,3,,2.7997717283629506,3.8272157910396345,0.8982723749941215,True,True,419.0,87.0,False,True,False,,-2.928943416045513,0.23470648744112557,-332.0
v400_s8_p50,400,0.5,h3,4,,2.7986617615612226,3.8944366670330055,0.9540188750252128,True,True,419.0,87.0,False,True,False,,-2.9404177920077927,0.2449696725334184,-332.0
v400_s8_p50,400,0.5,h4,0,,3.061301007457735,2.8868594590458088,1.4606262080487795,True,True,1077.0,82.0,False,True,False,,-1.4262332509970292,0.5059568118122242,-995.0
v400_s8_p50,400,0.5,h4,1,,2.9821481335775637,2.831428584002424,1.5999782920116559,True,True,1077.0,80.0,False,True,False,,-1.2314502919907682,0.5650781026410258,-997.0
v400_s8_p50,400,0.5,h4,2,,3.3504705801435772,2.9010102500324138,1.537964874994941,True,True,1077.0,82.0,False,True,False,,-1.3630453750374727,0.5301480320442704,-995.0
v400_s8_p50,400,0.5,h4,3,,3.246220100056162,2.924891749978997,1.7161708329804242,True,True,1077.0,80.0,False,True,False,,-1.2087209169985726,0.5867467857546345,-997.0
v400_s8_p50,400,0.5,h4,4,,3.2085794521558455,2.8934926250367425,1.684148541011382,True,True,1077.0,80.0,False,True,False,,-1.2093440840253606,0.5820469443878385,-997.0
v400_s8_p50,400,0.5,h2+3,0,,2.7141150858152403,4.161424374964554,0.981866792018991,True,True,419.0,87.0,False,True,False,,-3.179557582945563,0.23594488414254897,-332.0
v400_s8_p50,400,0.5,h2+3,1,,3.013775781919913,3.990437291970011,0.9569889580016024,True,True,419.0,87.0,False,True,False,,-3.0334483339684084,0.2398205730302689,-332.0
v400_s8_p50,400,0.5,h2+3,2,,2.8819751272543304,4.048703000007663,0.9476061250315979,True,True,419.0,87.0,False,True,False,,-3.101096874976065,0.23405177535368843,-332.0
v400_s8_p50,400,0.5,h2+3,3,,2.7424110392001064,4.226751000038348,0.9131040829815902,True,True,419.0,87.0,False,True,False,,-3.313646917056758,0.21602977865819534,-332.0
v400_s8_p50,400,0.5,h2+3,4,,2.6204155464164254,4.008731917012483,0.9884826249908656,True,True,419.0,87.0,False,True,False,,-3.0202492920216173,0.2465823720453561,-332.0
v400_s8_p50,400,0.5,h2+3+4,0,,3.2855760929200737,3.5529663750203326,1.816154500003904,True,True,1077.0,82.0,False,True,False,,-1.7368118750164285,0.5111656875709979,-995.0
v400_s8_p50,400,0.5,h2+3+4,1,,3.0810524086467383,3.5997540000244044,2.04432516702218,True,True,1077.0,80.0,False,True,False,,-1.5554288330022246,0.5679069089188651,-997.0
v400_s8_p50,400,0.5,h2+3+4,2,,3.416341070533334,3.5481040839804336,1.7648510839790106,True,True,1077.0,82.0,False,True,False,,-1.783253000001423,0.49740679591313336,-995.0
v400_s8_p50,400,0.5,h2+3+4,3,,2.9718662889835903,3.549407834012527,2.0591888750204816,True,True,1077.0,80.0,False,True,False,,-1.4902189589920454,0.5801499774943062,-997.0
v400_s8_p50,400,0.5,h2+3+4,4,,3.1233670836426106,3.5490734999766573,2.1369723749812692,True,True,1077.0,80.0,False,True,False,,-1.412101124995388,0.6021211944456276,-997.0
v400_s9_p0,400,0.0,h2,0,2.12182558014469,1.9005403728243548,9.051427875005174,7.493088292016182,True,True,558.0,504.0,True,True,True,-0.22128520732033508,-1.5583395829889923,0.8278349444409508,-54.0
v400_s9_p0,400,0.0,h2,1,2.172687634567662,2.0221127240753325,9.1935838329955,7.110621166997589,True,True,558.0,504.0,True,True,True,-0.1505749104923293,-2.0829626659979112,0.773433004600206,-54.0
v400_s9_p0,400,0.0,h2,2,2.3116844546951767,2.0140114737188535,9.000396041956265,7.356070416979492,True,True,558.0,504.0,True,True,True,-0.2976729809763232,-1.6443256249767728,0.8173051922035895,-54.0
v400_s9_p0,400,0.0,h2,3,2.081259315974879,2.2803548847191895,9.03892329201335,7.442598125024233,True,True,558.0,504.0,True,True,True,0.19909556874431056,-1.5963251669891179,0.8233943230384967,-54.0
v400_s9_p0,400,0.0,h2,4,1.9278731833012224,2.0143502663148825,9.529799124982674,7.4527197910356335,True,True,558.0,504.0,True,True,True,0.08647708301366008,-2.07707933394704,0.7820437443952087,-54.0
v400_s9_p0,400,0.0,h3,0,1.5254422618233077,1.5174336303640439,23.930005875008646,18.958579500031192,True,True,558.0,504.0,True,True,True,-0.008008631459263782,-4.9714263749774545,0.7922513516735332,-54.0
v400_s9_p0,400,0.0,h3,1,1.543165301408667,1.5214515252204246,23.838265749975108,19.148990457993932,True,True,558.0,504.0,True,True,True,-0.02171377618824244,-4.6892752919811755,0.803287901009071,-54.0
v400_s9_p0,400,0.0,h3,2,1.5319548506315315,1.5466602661696551,23.99486762500601,18.829785541980527,True,True,558.0,504.0,True,True,True,0.014705415538123656,-5.1650820830254816,0.7847422138873255,-54.0
v400_s9_p0,400,0.0,h3,3,1.5320457025939365,1.5500554439298582,24.358095125004184,18.984647375007626,True,True,558.0,504.0,True,True,True,0.018009741335921703,-5.373447749996558,0.7793978666057273,-54.0
v400_s9_p0,400,0.0,h3,4,1.5243150086180879,1.5242774209935146,23.925585167016834,19.158001250005327,True,True,558.0,504.0,True,True,True,-3.758762457328757e-05,-4.767583917011507,0.8007328187072319,-54.0
v400_s9_p0,400,0.0,h4,0,1.5208606932706286,1.5358892433426865,32.85934675001772,28.997852458967827,True,True,284.0,285.0,True,True,True,0.015028550072057945,-3.861494291049894,0.8824841430833432,1.0
v400_s9_p0,400,0.0,h4,1,1.5066593745204204,1.528275345379098,32.993344165966846,34.39357324998127,True,True,270.0,243.0,True,True,True,0.021615970858677613,1.400229084014427,1.0424397441184148,-27.0
v400_s9_p0,400,0.0,h4,2,1.5400598298058323,1.5243317940305754,35.56341095804237,29.796743499988224,True,True,296.0,281.0,True,True,True,-0.015728035775256943,-5.766667458054144,0.8378483024348354,-15.0
v400_s9_p0,400,0.0,h4,3,1.5235965206643667,1.5209575786396239,34.50334641704103,32.45550841698423,True,True,293.0,262.0,True,True,True,-0.0026389420247427964,-2.0478380000567995,0.9406481337982514,-31.0
v400_s9_p0,400,0.0,h4,4,1.5260256764947207,1.5291556658200118,35.471380374976434,31.953178333002143,True,True,296.0,273.0,True,True,True,0.0031299893252911826,-3.518202041974291,0.9008157561171136,-23.0
v400_s9_p0,400,0.0,h2+3,0,1.5376102697082392,1.5257646771166449,24.75029562501004,19.088970458018593,True,True,558.0,504.0,True,True,True,-0.011845592591594345,-5.661325166991446,0.7712623213570545,-54.0
v400_s9_p0,400,0.0,h2+3,1,1.5443549382755768,1.545158655656736,23.911025499983225,19.267072416027077,True,True,558.0,504.0,True,True,True,0.0008037173811592524,-4.6439530839561485,0.8057819358705712,-54.0
v400_s9_p0,400,0.0,h2+3,2,1.5361128351042366,1.5239005903618836,24.857678207976278,19.338215166004375,True,True,558.0,504.0,True,True,True,-0.01221224474235294,-5.519463041971903,0.7779574183963477,-54.0
v400_s9_p0,400,0.0,h2+3,3,1.5402456819252697,1.5410886148926397,24.253470791038126,19.634442333015613,True,True,558.0,504.0,True,True,True,0.0008429329673700359,-4.6190284580225125,0.8095518576364219,-54.0
v400_s9_p0,400,0.0,h2+3,4,1.53185725158538,1.5146009658759345,24.577997124986723,19.557679958990775,True,True,558.0,504.0,True,True,True,-0.017256285709445596,-5.020317165995948,0.7957393704431618,-54.0
v400_s9_p0,400,0.0,h2+3+4,0,1.5070975369624158,1.5342588920207556,35.96777895797277,32.34319891699124,True,True,284.0,285.0,True,True,True,0.02716135505833983,-3.6245800409815274,0.8992270263555407,1.0
v400_s9_p0,400,0.0,h2+3+4,1,1.5384883229527522,1.5127899414964994,35.97981587500544,37.47251758398488,True,True,270.0,243.0,True,True,True,-0.025698381456252806,1.492701708979439,1.041487196993034,-27.0
v400_s9_p0,400,0.0,h2+3+4,2,1.516048986846834,1.5318779478180287,39.92145312495995,32.85870166699169,True,True,296.0,281.0,True,True,True,0.015828960971194572,-7.062751457968261,0.8230838082005476,-15.0
v400_s9_p0,400,0.0,h2+3+4,3,1.5343632689577207,1.5291298281416972,37.61224508297164,35.82110408402514,True,True,293.0,262.0,True,True,True,-0.005233440816023505,-1.7911409989465028,0.9523787799692549,-31.0
v400_s9_p0,400,0.0,h2+3+4,4,1.5269866272500163,1.5381735840375952,39.8125364590087,35.00470154103823,True,True,296.0,273.0,True,True,True,0.011186956787578861,-4.807834917970467,0.8792381660254013,-23.0
v400_s9_p10,400,0.1,h2,0,,,6.53060254099546,2.9993336249608546,True,True,502.0,336.0,False,False,False,,-3.5312689160346054,0.4592736437614631,-166.0
v400_s9_p10,400,0.1,h2,1,,,6.24142491602106,2.925710165989585,True,True,502.0,336.0,False,False,False,,-3.315714750031475,0.468756767141363,-166.0
v400_s9_p10,400,0.1,h2,2,,2.2941625537974386,6.209206041996367,3.3429715409874916,True,True,502.0,336.0,False,True,False,,-2.8662345010088757,0.538389532957529,-166.0
v400_s9_p10,400,0.1,h2,3,,2.4236953064231854,6.5268552920315415,3.2639816249720752,True,True,502.0,336.0,False,True,False,,-3.2628736670594662,0.5000848768559311,-166.0
v400_s9_p10,400,0.1,h2,4,,,6.370336708030663,2.9530696669826284,True,True,502.0,336.0,False,False,False,,-3.417267041048035,0.4635657112535179,-166.0
v400_s9_p10,400,0.1,h3,0,1.8706180939515022,1.7931257113737373,11.309205166995525,8.287796833028551,True,True,502.0,336.0,True,True,True,-0.07749238257776492,-3.021408333966974,0.7328363674235419,-166.0
v400_s9_p10,400,0.1,h3,1,1.8684077572202005,1.7717959476350318,11.518211291986518,8.39561266702367,True,True,502.0,336.0,True,True,True,-0.09661180958516868,-3.1225986249628477,0.7288989977866346,-166.0
v400_s9_p10,400,0.1,h3,2,1.806054469729889,1.8136921647757067,10.939342125027906,8.14479950000532,True,True,502.0,336.0,True,True,True,0.007637695045817683,-2.7945426250225864,0.7445419849673586,-166.0
v400_s9_p10,400,0.1,h3,3,1.833275980373732,1.7393297466546354,10.846933291992173,8.650990499998443,True,True,502.0,336.0,True,True,True,-0.0939462337190966,-2.1959427919937298,0.7975517380921942,-166.0
v400_s9_p10,400,0.1,h3,4,1.8482816232910306,1.7960222140767679,11.687301333993673,8.415035624988377,True,True,502.0,336.0,True,True,True,-0.05225940921426275,-3.2722657090052962,0.7200152870630975,-166.0
v400_s9_p10,400,0.1,h4,0,,1.8183840785164431,25.058193583972752,14.369250499992631,True,True,295.0,172.0,False,True,False,,-10.68894308398012,0.5734352099978675,-123.0
v400_s9_p10,400,0.1,h4,1,,1.7908171027300317,24.84782974998234,13.792314040998463,True,True,257.0,221.0,False,True,False,,-11.055515708983876,0.5550711744154745,-36.0
v400_s9_p10,400,0.1,h4,2,,1.820463556676492,25.40580412495183,13.29342225001892,True,True,243.0,242.0,False,True,False,,-12.112381874932908,0.5232435149322056,-1.0
v400_s9_p10,400,0.1,h4,3,,1.829972079242817,24.71512954198988,13.237872708006762,True,True,310.0,209.0,False,True,False,,-11.47725683398312,0.5356181801724412,-101.0
v400_s9_p10,400,0.1,h4,4,,1.7950016443585917,25.12376241700258,17.329694458981976,True,True,263.0,158.0,False,True,False,,-7.794067958020605,0.6897730591200805,-105.0
v400_s9_p10,400,0.1,h2+3,0,1.965131996452129,1.8424767663319819,11.039097666973248,8.918505000008736,True,True,502.0,336.0,True,True,True,-0.12265523012014712,-2.1205926669645123,0.8079016301025311,-166.0
v400_s9_p10,400,0.1,h2+3,1,1.8862818630236504,1.8490799276419432,11.054493500036187,8.621947208011989,True,True,502.0,336.0,True,True,True,-0.03720193538170724,-2.432546292024199,0.779949547935757,-166.0
v400_s9_p10,400,0.1,h2+3,2,1.871665997416454,1.8641713703380354,11.443077667034231,8.442338874971028,True,True,502.0,336.0,True,True,True,-0.007494627078418636,-3.0007387920632027,0.7377682054271225,-166.0
v400_s9_p10,400,0.1,h2+3,3,1.8615166900419984,1.766517765160567,11.665509083948564,8.554941250011325,True,True,502.0,336.0,True,True,True,-0.09499892488143136,-3.110567833937239,0.7333534429099798,-166.0
v400_s9_p10,400,0.1,h2+3,4,1.8867752994117826,1.8100252676611759,11.648868457996286,8.695344457984902,True,True,502.0,336.0,True,True,True,-0.07675003175060668,-2.9535240000113845,0.7464540001751021,-166.0
v400_s9_p10,400,0.1,h2+3+4,0,,1.8287021323328818,27.58401395904366,16.347654542012606,True,True,295.0,173.0,False,True,False,,-11.236359417031053,0.592649589225316,-122.0
v400_s9_p10,400,0.1,h2+3+4,1,,1.7930678359558263,27.201976125012152,15.6117982090218,True,True,257.0,221.0,False,True,False,,-11.590177915990353,0.573921473104551,-36.0
v400_s9_p10,400,0.1,h2+3+4,2,,1.8714480720547497,28.644941540958825,15.041459749976639,True,True,243.0,242.0,False,True,False,,-13.603481790982187,0.5251000330536251,-1.0
v400_s9_p10,400,0.1,h2+3+4,3,,1.8622158926207744,27.976278958958574,15.41422145802062,True,True,310.0,209.0,False,True,False,,-12.562057500937954,0.5509746839682792,-101.0
v400_s9_p10,400,0.1,h2+3+4,4,,1.7648974991161739,28.095333708042745,19.263693834014703,True,True,263.0,159.0,False,True,False,,-8.831639874028042,0.6856545657793756,-104.0
v400_s9_p30,400,0.3,h2,0,,2.8166807138535663,3.099339417007286,0.5859913749736734,True,True,419.0,87.0,False,True,False,,-2.5133480420336127,0.18906976491768207,-332.0
v400_s9_p30,400,0.3,h2,1,,3.2059901217332682,2.9377544170129113,0.6066298329969868,True,True,419.0,87.0,False,True,False,,-2.3311245840159245,0.20649439908384307,-332.0
v400_s9_p30,400,0.3,h2,2,,3.147979823539448,3.2138602919876575,0.6084944580215961,True,True,419.0,87.0,False,True,False,,-2.6053658339660615,0.18933444603631605,-332.0
v400_s9_p30,400,0.3,h2,3,,3.4504229470190584,2.955557833018247,0.6509738339809701,True,True,419.0,87.0,False,True,False,,-2.304583999037277,0.2202541350091562,-332.0
v400_s9_p30,400,0.3,h2,4,,,3.0686478749848902,0.4471537089557387,True,True,419.0,87.0,False,False,False,,-2.6214941660291515,0.14571685223347447,-332.0
v400_s9_p30,400,0.3,h3,0,,3.2648956051998397,3.1580640000174753,0.7055433330242522,True,True,419.0,87.0,False,True,False,,-2.452520666993223,0.2234100806761193,-332.0
v400_s9_p30,400,0.3,h3,1,,3.1862190788754643,3.161183958989568,0.6473830830072984,True,True,419.0,87.0,False,True,False,,-2.5138008759822696,0.20479133495737026,-332.0
v400_s9_p30,400,0.3,h3,2,,2.9824553060877537,3.3756371249910444,0.7325402090209536,True,True,419.0,87.0,False,True,False,,-2.6430969159700908,0.2170079845365183,-332.0
v400_s9_p30,400,0.3,h3,3,,3.1593042960901965,3.156879292044323,0.706827083020471,True,True,419.0,87.0,False,True,False,,-2.450052209023852,0.22390057320270423,-332.0
v400_s9_p30,400,0.3,h3,4,,2.9530953374804105,3.100515500002075,0.7146603749715723,True,True,419.0,87.0,False,True,False,,-2.3858551250305027,0.23049727536311107,-332.0
v400_s9_p30,400,0.3,h2+3,0,,3.058623515279906,3.3924870420014486,0.7916133750113659,True,True,419.0,87.0,False,True,False,,-2.6008736669900827,0.23334307993239722,-332.0
v400_s9_p30,400,0.3,h2+3,1,,2.9266095691154836,3.438685874978546,0.7334614580031484,True,True,419.0,87.0,False,True,False,,-2.7052244169753976,0.21329702237129308,-332.0
v400_s9_p30,400,0.3,h2+3,2,,3.214497956881517,3.435595332994126,0.7582092920201831,True,True,419.0,87.0,False,True,False,,-2.6773860409739427,0.2206922581185959,-332.0
v400_s9_p30,400,0.3,h2+3,3,,3.1006897383847765,3.601709333015606,0.7758559169596992,True,True,419.0,87.0,False,True,False,,-2.8258534160559066,0.21541325110488518,-332.0
v400_s9_p30,400,0.3,h2+3,4,,3.1778112041681386,3.4979479589965194,0.7151391659863293,True,True,419.0,87.0,False,True,False,,-2.78280879301019,0.20444534177446316,-332.0
v400_s9_p50,400,0.5,h2,0,,,3.1315609579905868,0.453843750001397,True,True,419.0,87.0,False,False,False,,-2.6777172079891898,0.1449257274853154,-332.0
v400_s9_p50,400,0.5,h2,1,,3.1737648195311907,2.9237342920387164,0.5595523330266587,True,True,419.0,87.0,False,True,False,,-2.3641819590120576,0.191382758190548,-332.0
v400_s9_p50,400,0.5,h2,2,,,3.1029842919670045,0.4342982500093058,True,True,419.0,87.0,False,False,False,,-2.6686860419576988,0.1399614722941446,-332.0
v400_s9_p50,400,0.5,h2,3,,2.89783268439909,3.205204500001855,0.6166888329898939,True,True,419.0,87.0,False,True,False,,-2.5885156670119613,0.19240233594753062,-332.0
v400_s9_p50,400,0.5,h2,4,,3.6998265992255135,3.189551749965176,0.6365780420019291,True,True,419.0,87.0,False,True,False,,-2.552973707963247,0.19958228989665378,-332.0
v400_s9_p50,400,0.5,h3,0,,3.23962884673319,3.141684415983036,0.7086636670283042,True,True,419.0,87.0,False,True,False,,-2.433020748954732,0.22556806260458298,-332.0
v400_s9_p50,400,0.5,h3,1,,3.0398878099177224,3.053101667028386,0.7319751250324771,True,True,419.0,87.0,False,True,False,,-2.321126541995909,0.2397480349040966,-332.0
v400_s9_p50,400,0.5,h3,2,,2.6797826886076486,3.2558810409973375,0.7245711249997839,True,True,419.0,87.0,False,True,False,,-2.5313099159975536,0.22254225995241958,-332.0
v400_s9_p50,400,0.5,h3,3,,3.4375789847704614,3.2339977500378154,0.740388875012286,True,True,419.0,87.0,False,True,False,,-2.4936088750255294,0.22893920535461987,-332.0
v400_s9_p50,400,0.5,h3,4,,3.1023672687771926,3.2462862079846673,0.716006834001746,True,True,419.0,87.0,False,True,False,,-2.5302793739829212,0.22056183223790718,-332.0
v400_s9_p50,400,0.5,h2+3,0,,3.336022064514679,3.391417625010945,0.7264368340256624,True,True,419.0,87.0,False,True,False,,-2.6649807909852825,0.21419857839634776,-332.0
v400_s9_p50,400,0.5,h2+3,1,,2.9841972750318226,3.3825685419724323,0.7263412909815088,True,True,419.0,87.0,False,True,False,,-2.6562272509909235,0.21473069413634618,-332.0
v400_s9_p50,400,0.5,h2+3,2,,3.1235929840003087,3.5449654170079157,0.738617583992891,True,True,419.0,87.0,False,True,False,,-2.8063478330150247,0.20835678126764692,-332.0
v400_s9_p50,400,0.5,h2+3,3,,3.2249259293971293,3.456261541985441,0.7407287079840899,True,True,419.0,87.0,False,True,False,,-2.715532834001351,0.2143150045174475,-332.0
v400_s9_p50,400,0.5,h2+3,4,,2.9729413768356947,3.578651959018316,0.7337792500038631,True,True,419.0,87.0,False,True,False,,-2.844872709014453,0.20504347961380157,-332.0
v500_s0_p0,500,0.0,h2,0,2.0372680675340393,2.0626873181943703,10.992226833011955,9.470934583980124,True,True,731.0,669.0,True,True,True,0.025419250660331016,-1.5212922490318306,0.8616029061133389,-62.0
v500_s0_p0,500,0.0,h2,1,2.071254668410975,2.1613091070538926,15.066153959021904,12.251295041991398,True,True,731.0,669.0,True,True,True,0.0900544386429174,-2.814858917030506,0.8131667229283215,-62.0
v500_s0_p0,500,0.0,h2,2,2.1745869602673986,2.011748827147686,14.40253829100402,12.343060249986593,True,True,731.0,669.0,True,True,True,-0.1628381331197124,-2.059478041017428,0.8570058971963435,-62.0
v500_s0_p0,500,0.0,h2,3,,2.0814597334580647,13.919089041999541,12.269744833989535,True,True,731.0,669.0,False,True,False,,-1.6493442080100067,0.8815048741312549,-62.0
v500_s0_p0,500,0.0,h2,4,,1.9815495360311086,14.45675112499157,12.425144292006735,True,True,731.0,669.0,False,True,False,,-2.031606832984835,0.8594700278492883,-62.0
v500_s0_p0,500,0.0,h3,0,1.5082221489702632,1.5141096006226296,29.725865332991816,24.82248183398042,True,True,731.0,669.0,True,True,True,0.005887451652366371,-4.903383499011397,0.8350465682299487,-62.0
v500_s0_p0,500,0.0,h3,1,1.5032974222404847,1.503650675344374,40.26598483300768,32.92848541698186,True,True,731.0,669.0,True,True,True,0.00035325310388922837,-7.337499416025821,0.8177742467629657,-62.0
v500_s0_p0,500,0.0,h3,2,1.5054817387344501,1.4984293459261586,39.95299037499353,33.306305083970074,True,True,731.0,669.0,True,True,True,-0.007052392808291508,-6.646685291023459,0.8336373515814826,-62.0
v500_s0_p0,500,0.0,h3,3,1.5209601157980142,1.5064201299288318,40.46417745802319,33.86687087500468,True,True,731.0,669.0,True,True,True,-0.01453998586918237,-6.597306583018508,0.8369593305124654,-62.0
v500_s0_p0,500,0.0,h3,4,1.5124446068434985,1.52159385197888,40.00132462498732,33.40957591700135,True,True,731.0,669.0,True,True,True,0.009149245135381623,-6.591748707985971,0.835211739366542,-62.0
v500_s0_p0,500,0.0,h4,0,1.4700633443031061,,63.396332790958695,44.70497249998152,True,True,272.0,386.0,True,False,False,,-18.691360290977173,0.7051665377458103,114.0
v500_s0_p0,500,0.0,h4,1,1.5003611091236544,1.48358717353472,66.66674012498697,58.162519166013226,True,True,354.0,369.0,True,True,True,-0.016773935588934474,-8.504220958973747,0.8724368261740411,15.0
v500_s0_p0,500,0.0,h4,2,1.4865274553495926,1.4819276331164937,82.40224325004965,60.41268241702346,True,True,287.0,361.0,True,True,True,-0.00459982223309896,-21.98956083302619,0.7331436625299282,74.0
v500_s0_p0,500,0.0,h4,3,1.4922968443699558,1.5154568333590137,74.3800825420185,56.549772583006416,True,True,324.0,395.0,True,True,True,0.02315998898905791,-17.830309959012084,0.7602811216438291,71.0
v500_s0_p0,500,0.0,h4,4,1.4890811058473918,,91.06814866699278,50.108764500007965,True,True,271.0,367.0,True,False,False,,-40.95938416698482,0.5502337011729508,96.0
v500_s0_p0,500,0.0,h2+3,0,1.5053300621156744,1.4987126541096474,30.360226167016663,25.329905208025593,True,True,731.0,669.0,True,True,True,-0.006617408006027059,-5.030320958991069,0.8343121381468492,-62.0
v500_s0_p0,500,0.0,h2+3,1,1.506521608626861,1.5087891066182137,40.847710916015785,33.514149208029266,True,True,731.0,669.0,True,True,True,0.0022674979913528404,-7.333561707986519,0.8204657851436385,-62.0
v500_s0_p0,500,0.0,h2+3,2,1.5068690930386932,1.4941904459470008,41.203635499987286,33.98397737502819,True,True,731.0,669.0,True,True,True,-0.012678647091692419,-7.219658124959096,0.8247810408632189,-62.0
v500_s0_p0,500,0.0,h2+3,3,1.5001811328071186,1.5216745023578326,40.831031083944254,33.951313416997436,True,True,731.0,669.0,True,True,True,0.021493369550714014,-6.879717666946817,0.8315076184874477,-62.0
v500_s0_p0,500,0.0,h2+3,4,1.5049029601027692,1.5177655201139622,41.40163775003748,33.949160624993965,True,True,731.0,669.0,True,True,True,0.012862560011192903,-7.452477125043515,0.8199955960670476,-62.0
v500_s0_p0,500,0.0,h2+3+4,0,1.4917773244805053,,68.67908420797903,47.67355366697302,True,True,272.0,386.0,True,False,False,,-21.00553054100601,0.6941495248044437,114.0
v500_s0_p0,500,0.0,h2+3+4,1,1.5149051473145931,1.4902466849194198,70.99375612498261,62.656079791951925,True,True,354.0,369.0,True,True,True,-0.02465846239517333,-8.337676333030686,0.8825576108643635,15.0
v500_s0_p0,500,0.0,h2+3+4,2,1.4906341692389211,1.495008559062953,85.59935758303618,65.68892962497193,True,True,287.0,361.0,True,True,True,0.004374389824031821,-19.910427958064247,0.7673997969114428,74.0
v500_s0_p0,500,0.0,h2+3+4,3,1.4926805431399575,1.5022634138068496,77.21117145800963,60.96058454102604,True,True,324.0,395.0,True,True,True,0.009582870666892118,-16.250586916983593,0.7895306260724035,71.0
v500_s0_p0,500,0.0,h2+3+4,4,1.480358197241838,1.5107573136368397,93.31996537500527,54.86065045802388,True,True,271.0,367.0,True,True,True,0.030399116395001702,-38.459314916981384,0.5878768839826178,96.0
v500_s0_p10,500,0.1,h2,0,,,8.349846834025811,3.6065482500125654,True,True,658.0,450.0,False,False,False,,-4.743298584013246,0.4319298690984128,-208.0
v500_s0_p10,500,0.1,h2,1,,,10.793707749980967,4.608488750003744,True,True,658.0,450.0,False,False,False,,-6.185218999977224,0.4269606753075068,-208.0
v500_s0_p10,500,0.1,h2,2,2.769173201795684,,11.080291291000322,4.933962957991753,True,True,658.0,450.0,True,False,False,,-6.146328333008569,0.4452918094309701,-208.0
v500_s0_p10,500,0.1,h2,3,,,9.938356667000335,4.940649958967697,True,True,658.0,450.0,False,False,False,,-4.997706708032638,0.4971294676284665,-208.0
v500_s0_p10,500,0.1,h2,4,,2.447595280100504,10.759206000017002,5.128248792025261,True,True,658.0,450.0,False,True,False,,-5.630957207991742,0.47663821958768676,-208.0
v500_s0_p10,500,0.1,h3,0,1.7735587687312726,1.7441872657819275,16.06295004102867,11.477744665986393,True,True,658.0,450.0,True,True,True,-0.029371502949345096,-4.585205375042278,0.7145477410232521,-208.0
v500_s0_p10,500,0.1,h3,1,1.8543371865519642,1.7151376716865891,20.379704291990492,15.786912583978847,True,True,658.0,450.0,True,True,True,-0.13919951486537507,-4.592791708011646,0.7746389426358519,-208.0
v500_s0_p10,500,0.1,h3,2,1.8509166339154233,1.7469544821041287,19.412800542020705,15.807806957978755,True,True,658.0,450.0,True,True,True,-0.10396215181129453,-3.6049935840419494,0.8142981185924913,-208.0
v500_s0_p10,500,0.1,h3,3,1.814242300152663,1.7261548017108688,20.693708707985934,15.96259754197672,True,True,658.0,450.0,True,True,True,-0.08808749844179431,-4.731111166009214,0.7713744195025116,-208.0
v500_s0_p10,500,0.1,h3,4,1.8718769354419833,1.7310513410792996,21.91919941699598,16.06130766600836,True,True,658.0,450.0,True,True,True,-0.14082559436268371,-5.857891750987619,0.7327506520860678,-208.0
v500_s0_p10,500,0.1,h2+3,0,1.8697263948599423,1.7055096571810917,15.654693083022721,11.914240292040631,True,True,658.0,450.0,True,True,True,-0.1642167376788506,-3.74045279098209,0.7610650830939283,-208.0
v500_s0_p10,500,0.1,h2+3,1,1.8694595835806238,1.704125435523416,20.714367332984693,16.016663208021782,True,True,658.0,450.0,True,True,True,-0.1653341480572077,-4.697704124962911,0.7732151772029995,-208.0
v500_s0_p10,500,0.1,h2+3,2,1.8048682648701546,1.726430682689109,19.671549832972232,16.109493708005175,True,True,658.0,450.0,True,True,True,-0.07843758218104568,-3.5620561249670573,0.8189234628073605,-208.0
v500_s0_p10,500,0.1,h2+3,3,1.8747408120316806,1.7422408376907286,21.15913320798427,16.032210583041888,True,True,658.0,450.0,True,True,True,-0.13249997434095206,-5.126922624942381,0.7576969446457397,-208.0
v500_s0_p10,500,0.1,h2+3,4,1.8321862741081714,1.705375160369312,21.659215416992083,16.163150875014253,True,True,658.0,450.0,True,True,True,-0.12681111373885945,-5.49606454197783,0.7462482164674322,-208.0
v500_s0_p30,500,0.3,h2,0,,2.8004634304195415,3.801600500009954,0.7496241250191815,True,True,549.0,123.0,False,True,False,,-3.0519763749907725,0.19718645476220312,-426.0
v500_s0_p30,500,0.3,h2,1,,2.853192841796478,5.716022167005576,0.9400061669875868,True,True,549.0,123.0,False,True,False,,-4.776016000017989,0.16445110594804133,-426.0
v500_s0_p30,500,0.3,h2,2,,2.8013885518161006,5.233310000039637,0.91386104200501,True,True,549.0,123.0,False,True,False,,-4.319448958034627,0.17462390762215277,-426.0
v500_s0_p30,500,0.3,h2,3,,2.833394281627942,4.934426375024486,0.9250366250053048,True,True,549.0,123.0,False,True,False,,-4.0093897500191815,0.18746588857569377,-426.0
v500_s0_p30,500,0.3,h2,4,,,5.456641290977132,0.6578460829914548,True,True,549.0,123.0,False,False,False,,-4.798795207985677,0.12055879210518032,-426.0
v500_s0_p30,500,0.3,h3,0,,2.6505861028893287,4.057179959025234,0.9706222919630818,True,True,549.0,123.0,False,True,False,,-3.086557667062152,0.23923570109428438,-426.0
v500_s0_p30,500,0.3,h3,1,,2.669528708349198,5.4415607919800095,1.2862387080094777,True,True,549.0,123.0,False,True,False,,-4.155322083970532,0.23637312109150518,-426.0
v500_s0_p30,500,0.3,h3,2,,2.726135809199096,5.373166874982417,1.285971708013676,True,True,549.0,123.0,False,True,False,,-4.0871951669687405,0.23933217373188032,-426.0
v500_s0_p30,500,0.3,h3,3,,2.626725196592443,5.564823124965187,1.3578047910123132,True,True,549.0,123.0,False,True,False,,-4.207018333952874,0.24399783434640746,-426.0
v500_s0_p30,500,0.3,h3,4,,2.556016742708712,5.2988947500125505,1.3342544169863686,True,True,549.0,123.0,False,True,False,,-3.964640333026182,0.2517986259272669,-426.0
v500_s0_p30,500,0.3,h4,0,,2.542741865431902,3.068119875038974,1.8171311249607243,True,True,1427.0,92.0,False,True,False,,-1.2509887500782497,0.5922621015378812,-1335.0
v500_s0_p30,500,0.3,h4,1,,2.59613952552365,4.088669124990702,2.5353823750047013,True,True,1427.0,92.0,False,True,False,,-1.5532867499860004,0.6200996699654603,-1335.0
v500_s0_p30,500,0.3,h4,2,,2.475550944206685,4.10924854199402,2.4891817499883473,True,True,1427.0,87.0,False,True,False,,-1.620066792005673,0.6057510818706691,-1340.0
v500_s0_p30,500,0.3,h4,3,,2.6072549145537947,4.084593833016697,2.532171707949601,True,True,1427.0,88.0,False,True,False,,-1.5524221250670962,0.61993231431764,-1339.0
v500_s0_p30,500,0.3,h4,4,,2.5466822375647933,4.14454891695641,2.510165416984819,True,True,1427.0,92.0,False,True,False,,-1.634383499971591,0.6056546725061176,-1335.0
v500_s0_p30,500,0.3,h2+3,0,,2.62638233466443,4.202373875014018,0.9897437079926021,True,True,549.0,123.0,False,True,False,,-3.212630167021416,0.23552014585786957,-426.0
v500_s0_p30,500,0.3,h2+3,1,,2.747350319083769,5.989452583016828,1.3305455830413848,True,True,549.0,123.0,False,True,False,,-4.658906999975443,0.22214811196839,-426.0
v500_s0_p30,500,0.3,h2+3,2,,2.73479088472345,5.976056750048883,1.2552604170050472,True,True,549.0,123.0,False,True,False,,-4.720796333043836,0.2100482758961048,-426.0
v500_s0_p30,500,0.3,h2+3,3,,2.5283761553540107,6.092569749976974,1.3270744999754243,True,True,549.0,123.0,False,True,False,,-4.76549525000155,0.21781851573885383,-426.0
v500_s0_p30,500,0.3,h2+3,4,,2.674050811566714,5.670583583007101,1.2837201249785721,True,True,549.0,123.0,False,True,False,,-4.386863458028529,0.22638236544567739,-426.0
v500_s0_p30,500,0.3,h2+3+4,0,,2.5295568506602426,3.791445374954492,2.2243421669700183,True,True,1427.0,92.0,False,True,False,,-1.5671032079844736,0.5866739322326955,-1335.0
v500_s0_p30,500,0.3,h2+3+4,1,,2.5819937667151263,5.086899249989074,2.9225188750424422,True,True,1427.0,92.0,False,True,False,,-2.1643803749466315,0.5745187257342907,-1335.0
v500_s0_p30,500,0.3,h2+3+4,2,,2.6442115611956125,5.095400040969253,2.922703917021863,True,True,1427.0,88.0,False,True,False,,-2.1726961239473894,0.5735965564081409,-1339.0
v500_s0_p30,500,0.3,h2+3+4,3,,2.603543073254137,5.210626124986447,3.1140160000068136,True,True,1427.0,88.0,False,True,False,,-2.096610124979634,0.5976279866011137,-1339.0
v500_s0_p30,500,0.3,h2+3+4,4,,2.6580400282029144,5.106141124968417,2.9610285829985514,True,True,1427.0,92.0,False,True,False,,-2.1451125419698656,0.5798955631131065,-1335.0
v500_s0_p50,500,0.5,h2,0,,2.931223783975621,3.858662999991793,0.727508082985878,True,True,549.0,123.0,False,True,False,,-3.131154917005915,0.18853890142451551,-426.0
v500_s0_p50,500,0.5,h2,1,,3.5001983415508335,5.429720249958336,0.9428467499674298,True,True,549.0,123.0,False,True,False,,-4.486873499990907,0.17364554830880366,-426.0
v500_s0_p50,500,0.5,h2,2,,3.3183808677580826,5.106400416989345,0.9237717089708894,True,True,549.0,123.0,False,True,False,,-4.182628708018456,0.18090467521846457,-426.0
v500_s0_p50,500,0.5,h2,3,,3.0054634955774757,5.176486290991306,0.9360123749938793,True,True,549.0,123.0,False,True,False,,-4.240473915997427,0.1808200239268153,-426.0
v500_s0_p50,500,0.5,h2,4,,2.8670234856642782,5.157219749991782,0.9186717080301605,True,True,549.0,123.0,False,True,False,,-4.2385480419616215,0.17813313230091163,-426.0
v500_s0_p50,500,0.5,h3,0,,2.641822013948816,4.101230625004973,0.9869272079668008,True,True,549.0,123.0,False,True,False,,-3.1143034170381725,0.24064172396196423,-426.0
v500_s0_p50,500,0.5,h3,1,,2.592470052664727,5.711934457998723,1.3487987910048105,True,True,549.0,123.0,False,True,False,,-4.363135666993912,0.23613695166197443,-426.0
v500_s0_p50,500,0.5,h3,2,,2.6701544119312266,5.295787582988851,1.3053291669930331,True,True,549.0,123.0,False,True,False,,-3.9904584159958176,0.2464844268274688,-426.0
v500_s0_p50,500,0.5,h3,3,,2.714893164418699,5.41478770802496,1.3791903330129571,True,True,549.0,123.0,False,True,False,,-4.035597375012003,0.2547081081256306,-426.0
v500_s0_p50,500,0.5,h3,4,,2.573446698822892,5.538243791961577,1.3119075419963337,True,True,549.0,123.0,False,True,False,,-4.226336249965243,0.23688150815976855,-426.0
v500_s0_p50,500,0.5,h4,0,,2.5214720047595067,3.0577187499729916,1.841209541016724,True,True,1427.0,92.0,False,True,False,,-1.2165092089562677,0.6021513721734503,-1335.0
v500_s0_p50,500,0.5,h4,1,,2.5620049280835064,4.117137207998894,2.440846875018906,True,True,1427.0,92.0,False,True,False,,-1.6762903329799883,0.5928505055106634,-1335.0
v500_s0_p50,500,0.5,h4,2,,2.5783953450684898,4.132563624996692,2.4823875000001863,True,True,1427.0,92.0,False,True,False,,-1.6501761249965057,0.6006894812181321,-1335.0
v500_s0_p50,500,0.5,h4,3,,2.5442345476227093,4.17664529196918,2.471246875007637,True,True,1427.0,92.0,False,True,False,,-1.7053984169615433,0.5916822478938613,-1335.0
v500_s0_p50,500,0.5,h4,4,,2.575688451656174,4.134254083037376,2.646759250026662,True,True,1427.0,70.0,False,True,False,,-1.4874948330107145,0.6402023670693521,-1357.0
v500_s0_p50,500,0.5,h2+3,0,,2.644215062085266,4.2430461249896325,1.0247833339963108,True,True,549.0,123.0,False,True,False,,-3.2182627909933217,0.241520667890174,-426.0
v500_s0_p50,500,0.5,h2+3,1,,2.54008239610255,5.936402415973134,1.3314642920158803,True,True,549.0,123.0,False,True,False,,-4.604938123957254,0.22428807865741998,-426.0
v500_s0_p50,500,0.5,h2+3,2,,2.673873468780836,6.329181250010151,1.3404115419834852,True,True,549.0,123.0,False,True,False,,-4.988769708026666,0.21178277079382665,-426.0
v500_s0_p50,500,0.5,h2+3,3,,2.7282471963005275,5.480177166988142,1.2933217079844326,True,True,549.0,123.0,False,True,False,,-4.186855459003709,0.23599998112747714,-426.0
v500_s0_p50,500,0.5,h2+3,4,,2.647691116285696,6.086389624979347,1.3283721670159139,True,True,549.0,123.0,False,True,False,,-4.758017457963433,0.21825289685104926,-426.0
v500_s0_p50,500,0.5,h2+3+4,0,,2.524300637203454,3.7916731250006706,2.2312761250068434,True,True,1427.0,92.0,False,True,False,,-1.5603969999938272,0.5884674262385022,-1335.0
v500_s0_p50,500,0.5,h2+3+4,1,,2.5996340880217588,5.09112295898376,2.970848999975715,True,True,1427.0,92.0,False,True,False,,-2.1202739590080455,0.5835351108017093,-1335.0
v500_s0_p50,500,0.5,h2+3+4,2,,2.651185521895691,5.114216167014092,2.994069875043351,True,True,1427.0,92.0,False,True,False,,-2.120146291970741,0.5854406183208761,-1335.0
v500_s0_p50,500,0.5,h2+3+4,3,,2.6161043023305495,5.123779374989681,2.8625799160217866,True,True,1427.0,92.0,False,True,False,,-2.2611994589678943,0.5586852412097763,-1335.0
v500_s0_p50,500,0.5,h2+3+4,4,,2.4818914607126166,5.156743458006531,3.2760547079960816,True,True,1427.0,71.0,False,True,False,,-1.8806887500104494,0.6352952662226332,-1356.0
v500_s1_p0,500,0.0,h2,0,2.485284274626106,2.0447696426787543,10.8101335419924,9.440415834018495,True,True,731.0,669.0,True,True,True,-0.44051463194735163,-1.369717707973905,0.8732931741635586,-62.0
v500_s1_p0,500,0.0,h2,1,2.187426707065271,2.59332258080906,14.278359708026983,12.194829165993724,True,True,731.0,669.0,True,True,True,0.405895873743789,-2.083530542033259,0.8540777382949707,-62.0
v500_s1_p0,500,0.0,h2,2,2.278681904056688,1.9295427343814775,14.24544462497579,12.317889958969317,True,True,731.0,669.0,True,True,True,-0.3491391696752104,-1.927554666006472,0.8646897505307071,-62.0
v500_s1_p0,500,0.0,h2,3,2.018383726970404,1.9593281587614464,15.074171292013489,12.623212625039741,True,True,731.0,669.0,True,True,True,-0.05905556820895752,-2.4509586669737473,0.8374067390177329,-62.0
v500_s1_p0,500,0.0,h2,4,2.2051362624164943,,14.578637208032887,11.021932040981483,True,True,731.0,669.0,True,False,False,,-3.5567051670514047,0.7560330834564121,-62.0
v500_s1_p0,500,0.0,h3,0,1.5078476817730226,1.5049622572206842,30.412381749949418,24.84109812497627,True,True,731.0,669.0,True,True,True,-0.0028854245523384225,-5.571283624973148,0.816808704073879,-62.0
v500_s1_p0,500,0.0,h3,1,1.506578892878609,1.4981889588154673,40.873348958964925,33.33982162497705,True,True,731.0,669.0,True,True,True,-0.008389934063141702,-7.533527333987877,0.8156860759916881,-62.0
v500_s1_p0,500,0.0,h3,2,1.5087235964511148,1.5170879247577458,40.91110066702822,33.971703582967166,True,True,731.0,669.0,True,True,True,0.00836432830663103,-6.939397084061056,0.8303786265605468,-62.0
v500_s1_p0,500,0.0,h3,3,1.5200733965469349,1.5103805661118204,40.89290516602341,33.66725212504389,True,True,731.0,669.0,True,True,True,-0.009692830435114486,-7.225653040979523,0.8233030152383723,-62.0
v500_s1_p0,500,0.0,h3,4,1.503246113180283,1.4973594188690391,39.905758666980546,33.2587665420142,True,True,731.0,669.0,True,True,True,-0.00588669431124389,-6.646992124966346,0.833432758904887,-62.0
v500_s1_p0,500,0.0,h4,0,1.4835706677737126,1.4797089968520705,64.83478866697988,40.40294087503571,True,True,284.0,384.0,True,True,True,-0.003861670921642135,-24.431847791944165,0.6231676188930463,100.0
v500_s1_p0,500,0.0,h4,1,1.474878519125492,,77.77410554199014,56.380137000000104,True,True,307.0,358.0,True,False,False,,-21.393968541990034,0.7249217025011049,51.0
v500_s1_p0,500,0.0,h4,2,1.4676769124338045,,88.28217254200717,58.68304100004025,True,True,287.0,381.0,True,False,False,,-29.599131541966926,0.6647213056760376,94.0
v500_s1_p0,500,0.0,h4,3,1.4824214805467821,1.483374337052717,87.76119529199786,64.45253354200395,True,True,276.0,334.0,True,True,True,0.000952856505934907,-23.308661749993917,0.7344081097295718,58.0
v500_s1_p0,500,0.0,h4,4,1.4867105050978107,,82.02028716698987,51.79718337499071,True,True,297.0,378.0,True,False,False,,-30.223103791999165,0.6315167279228591,81.0
v500_s1_p0,500,0.0,h2+3,0,1.5037037835330866,1.5099508758516766,30.553705415979493,25.30648258299334,True,True,731.0,669.0,True,True,True,0.006247092318589997,-5.247222832986154,0.8282623085630108,-62.0
v500_s1_p0,500,0.0,h2+3,1,1.5136071861111007,1.4990614149636714,41.18103008298203,34.11238654196495,True,True,731.0,669.0,True,True,True,-0.014545771147429276,-7.068643541017082,0.8283519492646644,-62.0
v500_s1_p0,500,0.0,h2+3,2,1.513097245485596,1.5020213868793895,40.78660774999298,34.41330887505319,True,True,731.0,669.0,True,True,True,-0.011075858606206523,-6.373298874939792,0.8437404033695132,-62.0
v500_s1_p0,500,0.0,h2+3,3,1.4999140674752585,1.5019893819204344,41.21920312498696,34.26590916700661,True,True,731.0,669.0,True,True,True,0.0020753144451759464,-6.95329395798035,0.8313093550863606,-62.0
v500_s1_p0,500,0.0,h2+3,4,1.5002221103188165,1.5181672605275895,40.347888457996305,33.824646541965194,True,True,731.0,669.0,True,True,True,0.017945150208773075,-6.523241916031111,0.8383250731244076,-62.0
v500_s1_p0,500,0.0,h2+3+4,0,1.480650966561808,1.5192730860145056,67.26690045901341,44.293718500004616,True,True,284.0,384.0,True,True,True,0.03862211945269767,-22.973181959008798,0.6584771737326197,100.0
v500_s1_p0,500,0.0,h2+3+4,1,1.469739488031644,1.5076966838899561,82.46679916698486,61.46108387497952,True,True,307.0,358.0,True,True,True,0.037957195858312254,-21.005715292005334,0.7452827622244509,51.0
v500_s1_p0,500,0.0,h2+3+4,2,1.4884402334725342,1.5012741783477703,92.39729916700162,63.937236041994765,True,True,287.0,381.0,True,True,True,0.012833944875236147,-28.460063125006855,0.6919816555074051,94.0
v500_s1_p0,500,0.0,h2+3+4,3,1.476743987929937,1.4896783961584508,90.86686633300269,68.93944816698786,True,True,276.0,334.0,True,True,True,0.01293440822851366,-21.92741816601483,0.7586863171262369,58.0
v500_s1_p0,500,0.0,h2+3+4,4,1.4899244712763213,,85.75989941699663,56.524271166999824,True,True,297.0,378.0,True,False,False,,-29.235628249996807,0.6590990842020199,81.0
v500_s1_p10,500,0.1,h2,0,,,7.653334750037175,3.506776499969419,True,True,658.0,450.0,False,False,False,,-4.146558250067756,0.45820241953383595,-208.0
v500_s1_p10,500,0.1,h2,1,,,10.124244624981657,4.827344749995973,True,True,658.0,450.0,False,False,False,,-5.296899874985684,0.4768103625315868,-208.0
v500_s1_p10,500,0.1,h2,2,,,10.676960500015412,4.796693709038664,True,True,658.0,450.0,False,False,False,,-5.880266790976748,0.44925648165802806,-208.0
v500_s1_p10,500,0.1,h2,3,,,10.185965957993176,5.020746833994053,True,True,658.0,450.0,False,False,False,,-5.1652191239991225,0.4929082675810585,-208.0
v500_s1_p10,500,0.1,h2,4,,2.791588479380067,10.284317458048463,5.230337832996156,True,True,658.0,450.0,False,True,False,,-5.053979625052307,0.5085741328320156,-208.0
v500_s1_p10,500,0.1,h3,0,1.811759527487432,1.7498178132739943,21.555622250016313,11.935817999998108,True,True,658.0,450.0,True,True,True,-0.06194171421343775,-9.619804250018205,0.5537218022081953,-208.0
v500_s1_p10,500,0.1,h3,1,1.7966725763583722,1.7542204487560156,26.781542915967293,15.826183625031263,True,True,658.0,450.0,True,True,True,-0.042452127602356615,-10.95535929093603,0.5909362158367512,-208.0
v500_s1_p10,500,0.1,h3,2,1.838597939107954,1.7343157395335418,24.9862390839844,16.817478584009223,True,True,658.0,450.0,True,True,True,-0.10428219957441232,-8.168760499975178,0.6730696255439593,-208.0
v500_s1_p10,500,0.1,h3,3,1.8032003578091713,1.7831195975801968,26.149452041019686,16.204808709037025,True,True,658.0,450.0,True,True,True,-0.020080760228974537,-9.944643331982661,0.6196997429857091,-208.0
v500_s1_p10,500,0.1,h3,4,1.81429401017082,1.7985621824227813,26.300072584010195,16.075811000016984,True,True,658.0,450.0,True,True,True,-0.015731827748038718,-10.224261583993211,0.6112458795946702,-208.0
v500_s1_p10,500,0.1,h4,0,1.900861025022233,1.727479790393437,34.98470854200423,21.00248600001214,True,True,322.0,277.0,True,True,True,-0.17338123462879618,-13.982222541992087,0.6003333134759606,-45.0
v500_s1_p10,500,0.1,h4,1,,1.7639548086266934,47.544431667018216,27.91139183298219,True,True,362.0,267.0,False,True,False,,-19.633039834036026,0.5870591119578877,-95.0
v500_s1_p10,500,0.1,h4,2,1.8279142125734948,1.7377446054909764,51.687254334043246,26.83908079203684,True,True,326.0,276.0,True,True,True,-0.09016960708251842,-24.848173542006407,0.5192591701347071,-50.0
v500_s1_p10,500,0.1,h4,3,,1.7525773337147221,48.00340570899425,28.06718049995834,True,True,357.0,271.0,False,True,False,,-19.93622520903591,0.5846914418969961,-86.0
v500_s1_p10,500,0.1,h4,4,,1.6700687415669357,53.35455562500283,27.55348833295284,True,True,306.0,265.0,False,True,False,,-25.801067292049993,0.5164224124854451,-41.0
v500_s1_p10,500,0.1,h2+3,0,1.7816580212930484,1.806512626867112,18.501084374962375,12.123143249948043,True,True,658.0,450.0,True,True,True,0.024854605574063493,-6.377941125014331,0.6552666321739694,-208.0
v500_s1_p10,500,0.1,h2+3,1,1.8471619843760632,1.7756327315043516,25.242320666031446,16.021466000005603,True,True,658.0,450.0,True,True,True,-0.07152925287171152,-9.220854666025843,0.6347065395443481,-208.0
v500_s1_p10,500,0.1,h2+3,2,1.7867982764252177,1.7405768959509926,26.031784999999218,16.548794582951814,True,True,658.0,450.0,True,True,True,-0.04622138047422508,-9.482990417047404,0.6357149378328191,-208.0
v500_s1_p10,500,0.1,h2+3,3,1.8084613512017595,1.7391317564069049,27.13027762499405,16.54121379100252,True,True,658.0,450.0,True,True,True,-0.06932959479485468,-10.589063833991531,0.609695706753983,-208.0
v500_s1_p10,500,0.1,h2+3,4,1.8425747813449096,1.7301610748585188,26.23821170796873,16.137485624989495,True,True,658.0,450.0,True,True,True,-0.11241370648639082,-10.100726082979236,0.6150375568502798,-208.0
v500_s1_p10,500,0.1,h2+3+4,0,,1.7244986901569836,35.84718845895259,22.57941225002287,True,True,322.0,277.0,False,True,False,,-13.267776208929718,0.6298795866760317,-45.0
v500_s1_p10,500,0.1,h2+3+4,1,,1.7829658700409756,51.393092625017744,30.70363870804431,True,True,362.0,269.0,False,True,False,,-20.689453916973434,0.5974273416871205,-93.0
v500_s1_p10,500,0.1,h2+3+4,2,,1.7647325495956543,54.82608741696458,29.375862291955855,True,True,326.0,276.0,False,True,False,,-25.45022512500873,0.535800814465309,-50.0
v500_s1_p10,500,0.1,h2+3+4,3,,1.7418379361617253,52.61607724998612,30.501596416987013,True,True,357.0,271.0,False,True,False,,-22.114480832999106,0.5797010725841417,-86.0
v500_s1_p10,500,0.1,h2+3+4,4,,1.6832157281930884,57.37684345798334,29.95237754198024,True,True,306.0,265.0,False,True,False,,-27.4244659160031,0.522029023153115,-41.0
v500_s1_p30,500,0.3,h2,0,,,3.6762458329903893,0.475613999995403,True,True,548.0,120.0,False,False,False,,-3.2006318329949863,0.12937491713075172,-428.0
v500_s1_p30,500,0.3,h2,1,,,4.7920923749916255,0.6403447919874452,True,True,548.0,120.0,False,False,False,,-4.15174758300418,0.13362530224358712,-428.0
v500_s1_p30,500,0.3,h2,2,,3.1652020144703035,4.698130167031195,0.8920642919838428,True,True,548.0,120.0,False,True,False,,-3.806065875047352,0.18987645302887574,-428.0
v500_s1_p30,500,0.3,h2,3,,3.2950087711526606,5.130856417003088,0.9281716250116006,True,True,548.0,120.0,False,True,False,,-4.202684791991487,0.18089994136958168,-428.0
v500_s1_p30,500,0.3,h2,4,,,4.539888500003144,0.6611304589896463,True,True,548.0,120.0,False,False,False,,-3.878758041013498,0.14562702563932758,-428.0
v500_s1_p30,500,0.3,h3,0,,2.7027824333965538,3.836067541036755,1.0019840830354951,True,True,548.0,120.0,False,True,False,,-2.8340834580012597,0.26120084495819224,-428.0
v500_s1_p30,500,0.3,h3,1,,2.7974482028437415,5.07578450004803,1.2775192080298439,True,True,548.0,120.0,False,True,False,,-3.7982652920181863,0.2516890163516113,-428.0
v500_s1_p30,500,0.3,h3,2,,2.7295521134267995,5.197715000016615,1.2462126659811474,True,True,548.0,120.0,False,True,False,,-3.9515023340354674,0.23976163871569792,-428.0
v500_s1_p30,500,0.3,h3,3,,2.6631265908289787,5.118158707977273,1.2852782499976456,True,True,548.0,120.0,False,True,False,,-3.832880457979627,0.25112121826046213,-428.0
v500_s1_p30,500,0.3,h3,4,,2.982643724805291,5.041367000027094,1.2996074170223437,True,True,548.0,120.0,False,True,False,,-3.7417595830047503,0.2577886944186684,-428.0
v500_s1_p30,500,0.3,h4,0,,3.1119641761075547,14.219319083029404,1.786861290980596,True,True,616.0,98.0,False,True,False,,-12.432457792048808,0.12566433600278334,-518.0
v500_s1_p30,500,0.3,h4,1,,2.933101165462583,18.782524749985896,2.42454945796635,True,True,616.0,97.0,False,True,False,,-16.357975292019546,0.12908538602980787,-519.0
v500_s1_p30,500,0.3,h4,2,,3.044533079283701,19.58350279100705,2.412230374990031,True,True,481.0,97.0,False,True,False,,-17.17127241601702,0.12317665540904933,-384.0
v500_s1_p30,500,0.3,h4,3,,2.966302366100358,19.160454917000607,2.392368874978274,True,True,598.0,97.0,False,True,False,,-16.768086042022333,0.1248597115956565,-501.0
v500_s1_p30,500,0.3,h4,4,,2.9114243010886085,19.36739412503084,2.422774624952581,True,True,481.0,97.0,False,True,False,,-16.94461950007826,0.12509553992198333,-384.0
v500_s1_p30,500,0.3,h2+3,0,,2.8019052974132763,3.883549167017918,1.0125019160332158,True,True,548.0,120.0,False,True,False,,-2.8710472509847023,0.26071561669211235,-428.0
v500_s1_p30,500,0.3,h2+3,1,,2.7617518424663356,5.3871809159754775,1.3232928339857608,True,True,548.0,120.0,False,True,False,,-4.063888081989717,0.24563734810939555,-428.0
v500_s1_p30,500,0.3,h2+3,2,,2.7977243094843,5.1231751660234295,1.2737692500231788,True,True,548.0,120.0,False,True,False,,-3.8494059160002507,0.248628869547685,-428.0
v500_s1_p30,500,0.3,h2+3,3,,2.8076705924276233,5.567388999974355,1.2836443749838509,True,True,548.0,120.0,False,True,False,,-4.283744624990504,0.23056487969311354,-428.0
v500_s1_p30,500,0.3,h2+3,4,,2.6660545323584057,5.417302792018745,1.3729976249742322,True,True,548.0,120.0,False,True,False,,-4.044305167044513,0.25344672020125125,-428.0
v500_s1_p30,500,0.3,h2+3+4,0,,2.8811426204521653,15.978417665988673,2.184413291979581,True,True,616.0,98.0,False,True,False,,-13.794004374009091,0.13671023862577317,-518.0
v500_s1_p30,500,0.3,h2+3+4,1,,2.9167415567393724,22.165433957998175,2.9593798340065405,True,True,616.0,97.0,False,True,False,,-19.206054123991635,0.13351328196931952,-519.0
v500_s1_p30,500,0.3,h2+3+4,2,,3.0374306488873803,22.54640404204838,2.9002225840231404,True,True,481.0,97.0,False,True,False,,-19.64618145802524,0.12863348756698897,-384.0
v500_s1_p30,500,0.3,h2+3+4,3,,2.9479706374846097,22.48176329099806,2.9293080829665996,True,True,598.0,97.0,False,True,False,,-19.55245520803146,0.1302970787945057,-501.0
v500_s1_p30,500,0.3,h2+3+4,4,,2.852114520887102,22.82341237500077,2.935441291949246,True,True,481.0,97.0,False,True,False,,-19.887971083051525,0.12861535530789125,-384.0
v500_s1_p50,500,0.5,h2,0,,,3.6194309999700636,0.4753708330099471,True,True,548.0,120.0,False,False,False,,-3.1440601669601165,0.13133855377098747,-428.0
v500_s1_p50,500,0.5,h2,1,,3.528116948844757,4.896079708007164,0.9166116250562482,True,True,548.0,120.0,False,True,False,,-3.979468082950916,0.18721337880941763,-428.0
v500_s1_p50,500,0.5,h2,2,,,4.938957042002585,0.5898184159887023,True,True,548.0,120.0,False,False,False,,-4.3491386260138825,0.11942165339214013,-428.0
v500_s1_p50,500,0.5,h2,3,,,4.763357583025936,0.7057819589972496,True,True,548.0,120.0,False,False,False,,-4.057575624028686,0.1481690061464795,-428.0
v500_s1_p50,500,0.5,h2,4,,,4.696656957967207,0.624488957982976,True,True,548.0,120.0,False,False,False,,-4.072167999984231,0.13296456683378158,-428.0
v500_s1_p50,500,0.5,h3,0,,2.831034961670696,3.7268604580312967,0.9450283329933882,True,True,548.0,120.0,False,True,False,,-2.7818321250379086,0.2535722342264987,-428.0
v500_s1_p50,500,0.5,h3,1,,2.758775217409647,5.213297958020121,1.2888332500006072,True,True,548.0,120.0,False,True,False,,-3.9244647080195136,0.24722033161712353,-428.0
v500_s1_p50,500,0.5,h3,2,,2.6262339029045045,5.061760707991198,1.2120837079710327,True,True,548.0,120.0,False,True,False,,-3.849677000020165,0.23945891121590737,-428.0
v500_s1_p50,500,0.5,h3,3,,2.6441034616304395,5.218846625008155,1.3616177089861594,True,True,548.0,120.0,False,True,False,,-3.8572289160219952,0.260903951930956,-428.0
v500_s1_p50,500,0.5,h3,4,,2.6441448828185083,4.976383041008376,1.3548806250328198,True,True,548.0,120.0,False,True,False,,-3.6215024159755558,0.2722621256980808,-428.0
v500_s1_p50,500,0.5,h4,0,,2.9181573258069857,12.790672041999642,1.8081135830143467,True,True,616.0,98.0,False,True,False,,-10.982558458985295,0.14136189068699423,-518.0
v500_s1_p50,500,0.5,h4,1,,2.9648562974136246,18.92668487498304,2.4343190410290845,True,True,616.0,97.0,False,True,False,,-16.492365833953954,0.12861835324614745,-519.0
v500_s1_p50,500,0.5,h4,2,,2.911896493387782,18.914248124987353,2.5391879160306416,True,True,515.0,97.0,False,True,False,,-16.37506020895671,0.1342473620548604,-418.0
v500_s1_p50,500,0.5,h4,3,,3.0884877958431254,19.032796957995743,2.501181125000585,True,True,598.0,97.0,False,True,False,,-16.531615832995158,0.1314142703524103,-501.0
v500_s1_p50,500,0.5,h4,4,,3.0673285646869104,18.903634582995437,2.4445776250213385,True,True,616.0,97.0,False,True,False,,-16.4590569579741,0.12931786288443875,-519.0
v500_s1_p50,500,0.5,h2+3,0,,2.6175352120905315,3.892854332982097,1.009791332995519,True,True,548.0,120.0,False,True,False,,-2.883062999986578,0.25939612598398326,-428.0
v500_s1_p50,500,0.5,h2+3,1,,2.644103461630549,5.582488332991488,1.2221140830079094,True,True,548.0,120.0,False,True,False,,-4.360374249983579,0.21891923638880495,-428.0
v500_s1_p50,500,0.5,h2+3,2,,2.639289271131752,5.329516417055856,1.3844037499511614,True,True,548.0,120.0,False,True,False,,-3.945112667104695,0.25976160717334595,-428.0
v500_s1_p50,500,0.5,h2+3,3,,2.7875719293450407,5.552231624955311,1.3405466659460217,True,True,548.0,120.0,False,True,False,,-4.21168495900929,0.2414428569443573,-428.0
v500_s1_p50,500,0.5,h2+3,4,,2.6621864871895853,5.395085208001547,1.300519542011898,True,True,548.0,120.0,False,True,False,,-4.0945656659896486,0.24105634885674732,-428.0
v500_s1_p50,500,0.5,h2+3+4,0,,2.9537423358242645,14.489077583013568,2.1889021660317667,True,True,616.0,98.0,False,True,False,,-12.300175416981801,0.1510725685255458,-518.0
v500_s1_p50,500,0.5,h2+3+4,1,,2.9757818556347404,22.36457708303351,2.9790448749554344,True,True,616.0,97.0,False,True,False,,-19.385532208078075,0.13320372050386028,-519.0
v500_s1_p50,500,0.5,h2+3+4,2,,3.063955633762652,22.097808583988808,3.058385415992234,True,True,515.0,97.0,False,True,False,,-19.039423167996574,0.13840220419902716,-418.0
v500_s1_p50,500,0.5,h2+3+4,3,,2.931059921568524,22.44518862501718,3.002720042015426,True,True,598.0,97.0,False,True,False,,-19.442468583001755,0.13378012063880027,-501.0
v500_s1_p50,500,0.5,h2+3+4,4,,2.877844934387671,22.32766737503698,3.026074916997459,True,True,616.0,97.0,False,True,False,,-19.301592458039522,0.13553027578602786,-519.0
v500_s2_p0,500,0.0,h2,0,1.9382114074584367,2.0994042741649075,14.491795958019793,12.064166000054684,True,True,731.0,669.0,True,True,True,0.16119286670647082,-2.4276299579651095,0.8324824635264304,-62.0
v500_s2_p0,500,0.0,h2,1,2.073287746373615,,15.430157291993964,11.868448458961211,True,True,731.0,669.0,True,False,False,,-3.5617088330327533,0.7691722277594171,-62.0
v500_s2_p0,500,0.0,h2,2,1.9346700780392976,2.2179765621638707,14.69319550000364,12.138074166956358,True,True,731.0,669.0,True,True,True,0.28330648412457315,-2.555121333047282,0.8261017262686903,-62.0
v500_s2_p0,500,0.0,h2,3,2.126190736287994,2.413033788601716,14.650884500006214,12.213516249961685,True,True,731.0,669.0,True,True,True,0.286843052313722,-2.4373682500445284,0.8336367848614537,-62.0
v500_s2_p0,500,0.0,h2,4,2.0321559175165467,2.1471212417613996,15.869072084024083,12.365491416014265,True,True,731.0,669.0,True,True,True,0.11496532424485295,-3.5035806680098176,0.7792195630936111,-62.0
v500_s2_p0,500,0.0,h3,0,1.489812090061949,1.5000627277979985,41.21608933398966,32.971490833035205,True,True,731.0,669.0,True,True,True,0.010250637736049617,-8.244598500954453,0.7999665025435738,-62.0
v500_s2_p0,500,0.0,h3,1,1.510257077006305,1.5255928616028598,40.63045866700122,33.452270124980714,True,True,731.0,669.0,True,True,True,0.015335784596554713,-7.178188542020507,0.8233298668653621,-62.0
v500_s2_p0,500,0.0,h3,2,1.5051512366842144,1.5022812593654615,39.931375707965344,33.76355441700434,True,True,731.0,669.0,True,True,True,-0.0028699773187528255,-6.167821290961001,0.8455394741200797,-62.0
v500_s2_p0,500,0.0,h3,3,1.4921448237663533,1.511036755915107,41.450195875018835,33.50025695801014,True,True,731.0,669.0,True,True,True,0.01889193214875373,-7.949938917008694,0.808205033795752,-62.0
v500_s2_p0,500,0.0,h3,4,1.4969058500846633,1.5076426707234403,40.00384129100712,33.36634554201737,True,True,731.0,669.0,True,True,True,0.010736820638777012,-6.63749574898975,0.8340785400905523,-62.0
v500_s2_p0,500,0.0,h4,0,1.4892572134843927,1.4821813963255073,74.98490441701142,57.8713810420013,True,True,321.0,311.0,True,True,True,-0.007075817158885389,-17.113523375010118,0.7717737522230186,-10.0
v500_s2_p0,500,0.0,h4,1,1.5102402163427107,,67.8059963749838,54.340806291031186,True,True,378.0,372.0,True,False,False,,-13.46519008395262,0.8014159395359842,-6.0
v500_s2_p0,500,0.0,h4,2,1.4663074109962833,1.5060777509113374,78.66521662502782,62.532723249983974,True,True,290.0,341.0,True,True,True,0.03977033991505419,-16.13249337504385,0.7949221515280084,51.0
v500_s2_p0,500,0.0,h4,3,1.4743941949345436,1.4803859865992042,83.25737975002266,59.96404487499967,True,True,298.0,340.0,True,True,True,0.005991791664660573,-23.293334875022992,0.7202249825185418,42.0
v500_s2_p0,500,0.0,h4,4,1.4657125697076563,1.513053205343551,97.73612704197876,55.013885291991755,True,True,263.0,375.0,True,True,True,0.047340635635894746,-42.722241749987006,0.5628817813536102,112.0
v500_s2_p0,500,0.0,h2+3,0,1.5079201417296066,1.5046384966821005,40.35788387496723,33.67378829099471,True,True,731.0,669.0,True,True,True,-0.0032816450475061654,-6.684095583972521,0.8343794336521578,-62.0
v500_s2_p0,500,0.0,h2+3,1,1.5147861176135466,1.4957415681524113,41.14718799997354,34.60175516700838,True,True,731.0,669.0,True,True,True,-0.01904454946113532,-6.545432832965162,0.8409263633527188,-62.0
v500_s2_p0,500,0.0,h2+3,2,1.4944866234327459,1.5108530618678508,40.31831224996131,34.193305834021885,True,True,731.0,669.0,True,True,True,0.01636643843510499,-6.125006415939424,0.8480837596086304,-62.0
v500_s2_p0,500,0.0,h2+3,3,1.5139961969754587,1.50291909750112,41.52085487503791,34.35073333303444,True,True,731.0,669.0,True,True,True,-0.01107709947433877,-7.170121542003471,0.8273127669557183,-62.0
v500_s2_p0,500,0.0,h2+3,4,1.498984536215022,1.520866053789058,40.638920541037805,33.692928790987935,True,True,731.0,669.0,True,True,True,0.02188151757403589,-6.9459917500498705,0.8290803087883276,-62.0
v500_s2_p0,500,0.0,h2+3+4,0,1.4868064096626408,1.4796477365826948,81.00881679099984,62.506360917002894,True,True,321.0,311.0,True,True,True,-0.0071586730799459986,-18.50245587399695,0.771599480069772,-10.0
v500_s2_p0,500,0.0,h2+3+4,1,1.481481475478915,,72.14312337501906,58.76223824999761,True,True,378.0,372.0,True,False,False,,-13.38088512502145,0.8145230688798423,-6.0
v500_s2_p0,500,0.0,h2+3+4,2,1.4778400407376324,1.4934692141407802,85.05369083298137,67.82474949996686,True,True,290.0,341.0,True,True,True,0.015629173403147734,-17.228941333014518,0.797434524424734,51.0
v500_s2_p0,500,0.0,h2+3+4,3,1.4891228848748925,1.4846869016350033,88.00707383302506,63.973813832970336,True,True,298.0,340.0,True,True,True,-0.004435983239889252,-24.033260000054725,0.726916724379988,42.0
v500_s2_p0,500,0.0,h2+3+4,4,1.4713945955271286,,103.7163860409637,57.83115866599837,True,True,263.0,375.0,True,False,False,,-45.885227374965325,0.5575894116013399,112.0
v500_s2_p10,500,0.1,h2,0,,2.397749919840454,10.785514417046215,5.083268541027792,True,True,658.0,450.0,False,True,False,,-5.702245876018424,0.47130515471694356,-208.0
v500_s2_p10,500,0.1,h2,1,,,10.861578000010923,4.8420119999791496,True,True,658.0,450.0,False,False,False,,-6.019566000031773,0.44579268316024434,-208.0
v500_s2_p10,500,0.1,h2,2,,,10.656953541969415,5.028099375020247,True,True,658.0,450.0,False,False,False,,-5.628854166949168,0.47181395276037297,-208.0
v500_s2_p10,500,0.1,h2,3,,,10.557350167015102,4.548067416995764,True,True,658.0,450.0,False,False,False,,-6.009282750019338,0.43079630258031376,-208.0
v500_s2_p10,500,0.1,h2,4,,2.4274433178028887,10.761426791956183,5.276134332991205,True,True,658.0,450.0,False,True,False,,-5.485292458964977,0.4902820448432493,-208.0
v500_s2_p10,500,0.1,h3,0,1.7389990384865568,1.6987682019148382,25.92143958300585,15.639565041987225,True,True,658.0,450.0,True,True,True,-0.04023083657171855,-10.281874541018624,0.6033447714933455,-208.0
v500_s2_p10,500,0.1,h3,1,1.8656273353402804,1.7129734529023264,24.636088583036326,16.069408957962878,True,True,658.0,450.0,True,True,True,-0.15265388243795397,-8.566679625073448,0.652271114539984,-208.0
v500_s2_p10,500,0.1,h3,2,1.8086847787096734,1.7296778194671212,24.654568624973763,16.16053304198431,True,True,658.0,450.0,True,True,True,-0.07900695924255219,-8.494035582989454,0.6554782315523684,-208.0
v500_s2_p10,500,0.1,h3,3,1.7822521785673886,1.6848428305489174,25.665416791045573,16.166251125046983,True,True,658.0,450.0,True,True,True,-0.09740934801847123,-9.49916566599859,0.629884613083207,-208.0
v500_s2_p10,500,0.1,h3,4,1.8167978848787434,1.7606883096302144,25.425702208012808,16.135937958024442,True,True,658.0,450.0,True,True,True,-0.056109575248529,-9.289764249988366,0.6346309661779672,-208.0
v500_s2_p10,500,0.1,h4,0,1.8285500754340787,1.7805422924490222,53.71464633301366,23.32087929203408,True,True,261.0,333.0,True,True,True,-0.04800778298505648,-30.393767040979583,0.4341623911558883,72.0
v500_s2_p10,500,0.1,h4,1,1.754850133125969,1.7574483874988895,56.5598070420092,30.804001084004994,True,True,261.0,246.0,True,True,True,0.0025982543729206053,-25.755805958004203,0.544627053998357,-15.0
v500_s2_p10,500,0.1,h4,2,,1.7562738723385858,58.747331040969584,24.60462275001919,True,True,276.0,287.0,False,True,False,,-34.142708290950395,0.418821116024152,11.0
v500_s2_p10,500,0.1,h4,3,,1.741409602788867,49.8186636249884,25.882876166026108,True,True,291.0,285.0,False,True,False,,-23.935787458962295,0.519541759707974,-6.0
v500_s2_p10,500,0.1,h4,4,,,57.06209641700843,22.64355258300202,True,True,275.0,330.0,False,False,False,,-34.418543834006414,0.39682300519636504,55.0
v500_s2_p10,500,0.1,h2+3,0,1.7816965827005768,1.7023886840795246,25.799493792001158,16.02288820798276,True,True,658.0,450.0,True,True,True,-0.07930789862105225,-9.776605584018398,0.6210543639794388,-208.0
v500_s2_p10,500,0.1,h2+3,1,1.8024767708095866,1.7040480943926535,25.491185916005634,16.526931041968055,True,True,658.0,450.0,True,True,True,-0.09842867641693309,-8.964254874037579,0.6483390414406329,-208.0
v500_s2_p10,500,0.1,h2+3,2,1.783741927691762,1.7422496177942046,25.207089665986132,16.567569208040368,True,True,658.0,450.0,True,True,True,-0.04149230989755748,-8.639520457945764,0.6572583121484376,-208.0
v500_s2_p10,500,0.1,h2+3,3,1.8404379521142107,1.7450309830764128,24.249334583000746,16.4508917920175,True,True,658.0,450.0,True,True,True,-0.09540696903779788,-7.798442790983245,0.6784059057665811,-208.0
v500_s2_p10,500,0.1,h2+3,4,1.803771530354814,1.7008102047166216,25.9877961659804,16.15866187500069,True,True,658.0,450.0,True,True,True,-0.10296132563819249,-9.82913429097971,0.621778844646833,-208.0
v500_s2_p10,500,0.1,h2+3+4,0,1.8043625140721125,1.7811239138966277,57.6661952919676,26.25535866699647,True,True,261.0,333.0,True,True,True,-0.023238600175484736,-31.410836624971125,0.4552989586717821,72.0
v500_s2_p10,500,0.1,h2+3+4,1,,1.7366299237691494,59.52565733296797,34.24507458298467,True,True,261.0,247.0,False,True,False,,-25.280582749983296,0.5752993938635301,-14.0
v500_s2_p10,500,0.1,h2+3+4,2,1.766402211673491,1.7800548454021925,63.52482870896347,27.032250791962724,True,True,276.0,289.0,True,True,True,0.013652633728701513,-36.492577917000744,0.4255383499861122,13.0
v500_s2_p10,500,0.1,h2+3+4,3,,1.716352054965447,53.52933070802828,28.829216916987207,True,True,291.0,286.0,False,True,False,,-24.700113791041076,0.5385686040842544,-5.0
v500_s2_p10,500,0.1,h2+3+4,4,,1.8063589071488706,61.675818583986256,25.889918208005838,True,True,275.0,330.0,False,True,False,,-35.78590037598042,0.419774213012683,55.0
v500_s2_p30,500,0.3,h2,0,,3.4981706472291645,5.150796458008699,0.8184541250229813,True,True,543.0,105.0,False,True,False,,-4.332342332985718,0.15889855708633382,-438.0
v500_s2_p30,500,0.3,h2,1,,3.134717826341683,5.1390698330360465,0.8499053329578601,True,True,543.0,105.0,False,True,False,,-4.289164500078186,0.1653811605155315,-438.0
v500_s2_p30,500,0.3,h2,2,,3.0757855706508104,5.6452641249634326,0.8832455420051701,True,True,543.0,105.0,False,True,False,,-4.762018582958262,0.15645778876836722,-438.0
v500_s2_p30,500,0.3,h2,3,,3.288094270690078,5.490721917012706,0.8640649169683456,True,True,543.0,105.0,False,True,False,,-4.626657000044361,0.15736818036460506,-438.0
v500_s2_p30,500,0.3,h2,4,,2.9742173691944718,5.260612458048854,0.8263877500430681,True,True,543.0,105.0,False,True,False,,-4.434224708005786,0.1570896462404632,-438.0
v500_s2_p30,500,0.3,h3,0,,2.6139978796074477,5.198436750040855,1.2835227909963578,True,True,543.0,105.0,False,True,False,,-3.9149139590444975,0.24690553193443596,-438.0
v500_s2_p30,500,0.3,h3,1,,2.61914497779339,5.368544291995931,1.3788267080090009,True,True,543.0,105.0,False,True,False,,-3.9897175839869305,0.2568343731586085,-438.0
v500_s2_p30,500,0.3,h3,2,,2.627092599090169,5.363034125010017,1.3469557919888757,True,True,543.0,105.0,False,True,False,,-4.016078333021142,0.25115555124056943,-438.0
v500_s2_p30,500,0.3,h3,3,,2.5889123457755403,5.722256167035084,1.372784958977718,True,True,543.0,105.0,False,True,False,,-4.349471208057366,0.23990274446049648,-438.0
v500_s2_p30,500,0.3,h3,4,,2.6300734579411067,5.301315790973604,1.302978958003223,True,True,543.0,105.0,False,True,False,,-3.998336832970381,0.245784067461472,-438.0
v500_s2_p30,500,0.3,h4,0,,3.160296811989896,3.758902041008696,2.402411250048317,True,True,1376.0,82.0,False,True,False,,-1.356490790960379,0.639125793606378,-1294.0
v500_s2_p30,500,0.3,h4,1,,3.1457868246130825,3.9676023749634624,2.3941757500288077,True,True,1376.0,82.0,False,True,False,,-1.5734266249346547,0.6034313733494666,-1294.0
v500_s2_p30,500,0.3,h4,2,,3.3528357181577886,3.9722292500082403,2.374820124998223,True,True,1376.0,82.0,False,True,False,,-1.5974091250100173,0.5978557569388263,-1294.0
v500_s2_p30,500,0.3,h4,3,,2.9798133064239676,4.012699332961347,2.450710083008744,True,True,1376.0,86.0,False,True,False,,-1.5619892499526031,0.6107385277730577,-1290.0
v500_s2_p30,500,0.3,h4,4,,3.343927882183649,3.874003958015237,2.402970750001259,True,True,1376.0,86.0,False,True,False,,-1.4710332080139779,0.6202809227981196,-1290.0
v500_s2_p30,500,0.3,h2+3,0,,2.6820962919400775,5.566098709008656,1.4119489169679582,True,True,543.0,105.0,False,True,False,,-4.154149792040698,0.2536693994813167,-438.0
v500_s2_p30,500,0.3,h2+3,1,,2.7190742112605752,5.639144332963042,1.4471546249696985,True,True,543.0,105.0,False,True,False,,-4.1919897079933435,0.25662663331926155,-438.0
v500_s2_p30,500,0.3,h2+3,2,,2.6447713936500303,6.262038916000165,1.449455833004322,True,True,543.0,105.0,False,True,False,,-4.812583082995843,0.23146707525256838,-438.0
v500_s2_p30,500,0.3,h2+3,3,,2.6030061153155537,5.679906416044105,1.3819254579721019,True,True,543.0,105.0,False,True,False,,-4.297980958072003,0.24330074419334785,-438.0
v500_s2_p30,500,0.3,h2+3,4,,2.6046985877397475,5.5252704579615965,1.417583458009176,True,True,543.0,105.0,False,True,False,,-4.107686999952421,0.25656363227731593,-438.0
v500_s2_p30,500,0.3,h2+3+4,0,,3.4142084444806615,4.894722333992831,2.7429346659919247,True,True,1376.0,83.0,False,True,False,,-2.1517876680009067,0.5603861626517224,-1293.0
v500_s2_p30,500,0.3,h2+3+4,1,,3.2131071146686185,4.903013708011713,2.850931292050518,True,True,1376.0,83.0,False,True,False,,-2.052082415961195,0.5814650869509067,-1293.0
v500_s2_p30,500,0.3,h2+3+4,2,,3.356150198366258,4.898699500015937,2.731491582992021,True,True,1376.0,83.0,False,True,False,,-2.167207917023916,0.5575952521650154,-1293.0
v500_s2_p30,500,0.3,h2+3+4,3,,2.975557934776075,4.954113584011793,2.8093629170325585,True,True,1376.0,86.0,False,True,False,,-2.1447506669792347,0.5670768078671228,-1290.0
v500_s2_p30,500,0.3,h2+3+4,4,,3.2050077612892323,4.8202400840236805,2.756691917020362,True,True,1376.0,86.0,False,True,False,,-2.0635481670033187,0.5718992973311035,-1290.0
v500_s2_p50,500,0.5,h2,0,,3.0197858394546837,5.263432957988698,0.8275983339990489,True,True,543.0,105.0,False,True,False,,-4.435834623989649,0.15723546601708724,-438.0
v500_s2_p50,500,0.5,h2,1,,3.1149521651697576,5.262338250002358,0.8551009579678066,True,True,543.0,105.0,False,True,False,,-4.4072372920345515,0.16249448768661412,-438.0
v500_s2_p50,500,0.5,h2,2,,,5.3684935830533504,0.6573012500302866,True,True,543.0,105.0,False,False,False,,-4.711192333023064,0.1224368139519027,-438.0
v500_s2_p50,500,0.5,h2,3,,3.426394235647075,5.3470052080228925,0.8586777080199681,True,True,543.0,105.0,False,True,False,,-4.488327500002924,0.16059040053515725,-438.0
v500_s2_p50,500,0.5,h2,4,,3.1171424811744406,5.303568958013784,0.8181590420426801,True,True,543.0,105.0,False,True,False,,-4.485409915971104,0.15426574982237717,-438.0
v500_s2_p50,500,0.5,h3,0,,2.6593756627600085,5.606233875034377,1.3583918329677545,True,True,543.0,105.0,False,True,False,,-4.2478420420666225,0.2423002434873313,-438.0
v500_s2_p50,500,0.5,h3,1,,2.740657651238828,5.289559958036989,1.3948217920260504,True,True,543.0,105.0,False,True,False,,-3.8947381660109386,0.2636933512601081,-438.0
v500_s2_p50,500,0.5,h3,2,,2.6781932551770704,5.381019374995958,1.3731967500061728,True,True,543.0,105.0,False,True,False,,-4.007822624989785,0.2551926789907171,-438.0
v500_s2_p50,500,0.5,h3,3,,2.595292191114389,5.473780083004385,1.376971792022232,True,True,543.0,105.0,False,True,False,,-4.096808290982153,0.251557748236472,-438.0
v500_s2_p50,500,0.5,h3,4,,2.69581699177497,5.548309208999854,1.376653624989558,True,True,543.0,105.0,False,True,False,,-4.171655584010296,0.24812128760893548,-438.0
v500_s2_p50,500,0.5,h4,0,,3.192647209806294,3.869409959006589,2.305825666000601,True,True,1376.0,82.0,False,True,False,,-1.563584293005988,0.5959114413900423,-1294.0
v500_s2_p50,500,0.5,h4,1,,3.358370578890299,3.9320689999731258,2.452954374952242,True,True,1376.0,86.0,False,True,False,,-1.479114625020884,0.6238329935128317,-1290.0
v500_s2_p50,500,0.5,h4,2,,3.3086257722342984,3.8841692499700002,2.368634333019145,True,True,1376.0,82.0,False,True,False,,-1.5155349169508554,0.6098174874942536,-1294.0
v500_s2_p50,500,0.5,h4,3,,3.4386661197967894,3.9811384589993395,2.413502708019223,True,True,1376.0,82.0,False,True,False,,-1.5676357509801164,0.6062343053061907,-1294.0
v500_s2_p50,500,0.5,h4,4,,3.47068216142736,3.9814584580017254,2.4234713329933584,True,True,1376.0,82.0,False,True,False,,-1.557987125008367,0.608689343002636,-1294.0
v500_s2_p50,500,0.5,h2+3,0,,2.6499952687112,5.857900834002066,1.3598585409927182,True,True,543.0,105.0,False,True,False,,-4.498042293009348,0.23214092889716517,-438.0
v500_s2_p50,500,0.5,h2+3,1,,2.7466424071916333,5.837492249964271,1.451791166968178,True,True,543.0,105.0,False,True,False,,-4.385701082996093,0.24870117249013288,-438.0
v500_s2_p50,500,0.5,h2+3,2,,2.6456865432447634,5.675797207979485,1.4663127919775434,True,True,543.0,105.0,False,True,False,,-4.209484416001942,0.25834481716790103,-438.0
v500_s2_p50,500,0.5,h2+3,3,,2.8287787981253687,6.0002974169910885,1.413612042029854,True,True,543.0,105.0,False,True,False,,-4.586685374961235,0.23559032891051662,-438.0
v500_s2_p50,500,0.5,h2+3,4,,2.591033548136982,5.747495791991241,1.4657684999983758,True,True,543.0,105.0,False,True,False,,-4.2817272919928655,0.25502732895269414,-438.0
v500_s2_p50,500,0.5,h2+3+4,0,,3.069303082063189,4.876790791982785,2.876343709009234,True,True,1376.0,83.0,False,True,False,,-2.000447082973551,0.5898025631400485,-1293.0
v500_s2_p50,500,0.5,h2+3+4,1,,3.126145055122616,4.819084124988876,2.8131592919817194,True,True,1376.0,86.0,False,True,False,,-2.005924833007157,0.5837539289663704,-1290.0
v500_s2_p50,500,0.5,h2+3+4,2,,3.3278718046397886,4.876070540980436,2.7475062499870546,True,True,1376.0,83.0,False,True,False,,-2.1285642909933813,0.5634672892641563,-1293.0
v500_s2_p50,500,0.5,h2+3+4,3,,3.158385601138033,4.981264625035692,2.7421777499839664,True,True,1376.0,83.0,False,True,False,,-2.2390868750517257,0.5504983084419688,-1293.0
v500_s2_p50,500,0.5,h2+3+4,4,,3.347402777403422,4.854109291976783,2.788010167016182,True,True,1376.0,83.0,False,True,False,,-2.0660991249606013,0.5743608145833065,-1293.0
v500_s3_p0,500,0.0,h2,0,2.231047167566715,2.1189393432209704,14.421688375005033,12.434494749992155,True,True,731.0,669.0,True,True,True,-0.11210782434574451,-1.9871936250128783,0.8622079763935973,-62.0
v500_s3_p0,500,0.0,h2,1,2.2255796274600743,1.9223929107200393,14.942037208005786,13.090867833001539,True,True,731.0,669.0,True,True,True,-0.30318671674003506,-1.8511693750042468,0.8761099742133951,-62.0
v500_s3_p0,500,0.0,h2,2,2.092109689199451,,15.100032499991357,11.567142457992304,True,True,731.0,669.0,True,False,False,,-3.532890041999053,0.766034275621521,-62.0
v500_s3_p0,500,0.0,h2,3,2.1164171254471245,1.9593880543148168,15.022940333001316,12.125483790994622,True,True,731.0,669.0,True,True,True,-0.15702907113230768,-2.897456542006694,0.8071311955062639,-62.0
v500_s3_p0,500,0.0,h2,4,2.6210642455531965,2.47703890467714,14.130140750028659,11.730749082984403,True,True,731.0,669.0,True,True,True,-0.14402534087605634,-2.399391667044256,0.8301933639946658,-62.0
v500_s3_p0,500,0.0,h3,0,1.5154391614053222,1.4994623655347281,40.68753829103662,33.28950654203072,True,True,731.0,669.0,True,True,True,-0.015976795870594085,-7.398031749005895,0.8181745060099724,-62.0
v500_s3_p0,500,0.0,h3,1,1.5065215879695655,1.5237142679749667,39.75763550004922,33.55982033297187,True,True,731.0,669.0,True,True,True,0.017192680005401195,-6.197815167077351,0.8441100661766046,-62.0
v500_s3_p0,500,0.0,h3,2,1.519292755805095,1.5002476393696946,40.23878216702724,33.817589209007565,True,True,731.0,669.0,True,True,True,-0.01904511643540041,-6.421192958019674,0.8404227809041056,-62.0
v500_s3_p0,500,0.0,h3,3,1.4897854810458027,1.4984293845607046,40.688512000022456,34.292278875014745,True,True,731.0,669.0,True,True,True,0.008643903514901963,-6.396233125007711,0.8428000236281882,-62.0
v500_s3_p0,500,0.0,h3,4,1.5045465082341503,1.5149586475301853,40.25295750005171,33.52917824999895,True,True,731.0,669.0,True,True,True,0.010412139296035017,-6.723779250052758,0.8329618575220437,-62.0
v500_s3_p0,500,0.0,h4,0,1.4936641026257018,1.481893725329412,83.1937518750201,61.91495883296011,True,True,299.0,292.0,True,True,True,-0.011770377296289825,-21.278793042059988,0.7442260679140112,-7.0
v500_s3_p0,500,0.0,h4,1,1.4737606063410533,1.5028685455297475,82.50130645901663,64.24621816701256,True,True,299.0,326.0,True,True,True,0.029107939188694143,-18.255088292004075,0.778729706528072,27.0
v500_s3_p0,500,0.0,h4,2,1.4865693765942913,1.501965483949345,87.91863370797364,54.59542304195929,True,True,289.0,357.0,True,True,True,0.015396107355053701,-33.32321066601435,0.6209767001532446,68.0
v500_s3_p0,500,0.0,h4,3,1.4881917602478367,1.49135179658057,83.99016887502512,59.279267958016135,True,True,314.0,358.0,True,True,True,0.003160036332733318,-24.710900917008985,0.7057881744019581,44.0
v500_s3_p0,500,0.0,h4,4,1.4958260594245647,1.476360635344813,77.99531812500209,63.63181612500921,True,True,309.0,323.0,True,True,True,-0.019465424079751603,-14.363501999992877,0.8158414845238188,14.0
v500_s3_p0,500,0.0,h2+3,0,1.5097699346215439,1.5215052084638268,40.930067708017305,33.644050249946304,True,True,731.0,669.0,True,True,True,0.0117352738422829,-7.286017458071001,0.8219886292383575,-62.0
v500_s3_p0,500,0.0,h2+3,1,1.5142964315827436,1.5018455616979576,41.72857895900961,34.267724375007674,True,True,731.0,669.0,True,True,True,-0.012450869884786053,-7.460854584001936,0.8212051603451245,-62.0
v500_s3_p0,500,0.0,h2+3,2,1.5134477381963445,1.4952965754817917,40.99603770801332,34.124955583014525,True,True,731.0,669.0,True,True,True,-0.01815116271455275,-6.871082124998793,0.832396433676425,-62.0
v500_s3_p0,500,0.0,h2+3,3,1.513671589578031,1.495254438300755,41.74333420896437,34.580639542022254,True,True,731.0,669.0,True,True,True,-0.018417151277275945,-7.162694666942116,0.8284110552576817,-62.0
v500_s3_p0,500,0.0,h2+3,4,1.5204012277089543,1.5140300560820152,41.44192504097009,33.64743900002213,True,True,731.0,669.0,True,True,True,-0.0063711716269390095,-7.794486040947959,0.8119178577432825,-62.0
v500_s3_p0,500,0.0,h2+3+4,0,1.516363085745682,1.500746258704333,84.95013266603928,64.37634745897958,True,True,299.0,292.0,True,True,True,-0.015616827041349035,-20.5737852070597,0.7578133834358974,-7.0
v500_s3_p0,500,0.0,h2+3+4,1,1.4781886812430034,1.5005095481730182,84.50546033401042,68.80938904196955,True,True,299.0,326.0,True,True,True,0.022320866930014782,-15.69607129204087,0.8142596794337116,27.0
v500_s3_p0,500,0.0,h2+3+4,2,1.4899300659138215,1.501356649159812,90.54450437496416,59.541492707969155,True,True,289.0,357.0,True,True,True,0.011426583245990551,-31.003011666995008,0.6575936675449136,68.0
v500_s3_p0,500,0.0,h2+3+4,3,1.4826610935139344,1.4850153185458224,88.92988949996652,63.818329375004396,True,True,314.0,358.0,True,True,True,0.00235422503188798,-25.111560124962125,0.7176251959137813,44.0
v500_s3_p0,500,0.0,h2+3+4,4,1.4934860390762392,,82.23891441698652,66.09774575004121,True,True,309.0,323.0,True,False,False,,-16.141168666945305,0.8037283349205868,14.0
v500_s3_p10,500,0.1,h2,0,2.6521221841792006,,10.208704749995377,4.645892875036225,True,True,658.0,450.0,True,False,False,,-5.562811874959152,0.4550913155793176,-208.0
v500_s3_p10,500,0.1,h2,1,,,9.952849166991655,4.390258666011505,True,True,658.0,450.0,False,False,False,,-5.56259050098015,0.4411057168003384,-208.0
v500_s3_p10,500,0.1,h2,2,,,9.530251666961703,4.397300333017483,True,True,658.0,450.0,False,False,False,,-5.13295133394422,0.4614044294613436,-208.0
v500_s3_p10,500,0.1,h2,3,,,10.227875666983891,4.457253459026106,True,True,658.0,450.0,False,False,False,,-5.770622207957786,0.43579464633250764,-208.0
v500_s3_p10,500,0.1,h2,4,2.6176393300487386,,10.449494459026027,4.491998500016052,True,True,658.0,450.0,True,False,False,,-5.957495959009975,0.4298771120105212,-208.0
v500_s3_p10,500,0.1,h3,0,1.870141547812129,1.764244043595085,19.40196837496478,11.115636250004172,True,True,658.0,450.0,True,True,True,-0.10589750421704403,-8.286332124960609,0.5729128114829406,-208.0
v500_s3_p10,500,0.1,h3,1,1.8210898361919023,1.7995569003579992,18.72644004196627,10.294584958988708,True,True,658.0,450.0,True,True,True,-0.021532935833903144,-8.431855082977563,0.5497352906328361,-208.0
v500_s3_p10,500,0.1,h3,2,1.8689226550843916,1.724993112557665,18.20800679200329,10.740426832984667,True,True,658.0,450.0,True,True,True,-0.14392954252672663,-7.467579959018622,0.5898738371353046,-208.0
v500_s3_p10,500,0.1,h3,3,1.9233891229841387,1.8705449948067878,18.687426874996163,10.94191520800814,True,True,658.0,450.0,True,True,True,-0.052844128177350846,-7.745511666988023,0.5855228374243678,-208.0
v500_s3_p10,500,0.1,h3,4,1.8534091785974967,1.7518215458438982,18.506318082974758,10.856586500012781,True,True,658.0,450.0,True,True,True,-0.1015876327535985,-7.6497315829619765,0.5866421646562158,-208.0
v500_s3_p10,500,0.1,h4,0,,1.794600073040214,48.38886133400956,34.12030666600913,True,True,313.0,227.0,False,True,False,,-14.268554668000434,0.7051272901523735,-86.0
v500_s3_p10,500,0.1,h4,1,,1.6825612835420738,49.84667154197814,32.761788707983214,True,True,407.0,224.0,False,True,False,,-17.084882833994925,0.6572512806676175,-183.0
v500_s3_p10,500,0.1,h4,2,,1.7185483949738718,46.76532012503594,34.00931249995483,True,True,425.0,224.0,False,True,False,,-12.75600762508111,0.7272336083453399,-201.0
v500_s3_p10,500,0.1,h4,3,,1.7304080151827872,45.16159545799019,37.83940487500513,True,True,438.0,221.0,False,True,False,,-7.322190582985058,0.8378668754119584,-217.0
v500_s3_p10,500,0.1,h4,4,,1.8433027701250435,49.42274416604778,23.71139499999117,True,True,325.0,301.0,False,True,False,,-25.711349166056607,0.47976686442838845,-24.0
v500_s3_p10,500,0.1,h2+3,0,1.865143711864881,1.7841026683826176,18.722882416972425,10.115591125038918,True,True,658.0,450.0,True,True,True,-0.08104104348226349,-8.607291291933507,0.540279584080978,-208.0
v500_s3_p10,500,0.1,h2+3,1,1.8700312141751299,1.793126366574742,20.80768916697707,11.306327041005716,True,True,658.0,450.0,True,True,True,-0.07690484760038796,-9.501362125971355,0.5433725460946173,-208.0
v500_s3_p10,500,0.1,h2+3,2,1.8257639263599317,1.7883779458310294,20.419385624991264,11.213028499973007,True,True,658.0,450.0,True,True,True,-0.037385980528902296,-9.206357125018258,0.5491364287791985,-208.0
v500_s3_p10,500,0.1,h2+3,3,1.8567127508634267,1.792749296383941,19.024632750020828,10.812776167003904,True,True,658.0,450.0,True,True,True,-0.06396345447948559,-8.211856583016925,0.5683566305369057,-208.0
v500_s3_p10,500,0.1,h2+3,4,1.8479271360684384,1.8049548708492642,20.42189854197204,11.188224666984752,True,True,658.0,450.0,True,True,True,-0.04297226521917419,-9.23367387498729,0.5478542871021609,-208.0
v500_s3_p10,500,0.1,h2+3+4,0,,1.7364205672471809,53.20090087503195,37.35172616702039,True,True,313.0,227.0,False,True,False,,-15.84917470801156,0.7020882269410998,-86.0
v500_s3_p10,500,0.1,h2+3+4,1,,1.7355392046620421,54.732739457977004,36.14071858301759,True,True,407.0,224.0,False,True,False,,-18.592020874959417,0.6603126198491471,-183.0
v500_s3_p10,500,0.1,h2+3+4,2,,1.7357337166599767,50.64340845798142,35.98124962503789,True,True,402.0,224.0,False,True,False,,-14.662158832943533,0.710482384985824,-178.0
v500_s3_p10,500,0.1,h2+3+4,3,,1.7187391646564636,51.7177956670057,40.80199679202633,True,True,400.0,221.0,False,True,False,,-10.915798874979373,0.7889353416131132,-179.0
v500_s3_p10,500,0.1,h2+3+4,4,,1.8097353206610602,53.522277166950516,26.859946958953515,True,True,325.0,301.0,False,True,False,,-26.662330207997,0.501846116807961,-24.0
v500_s3_p30,500,0.3,h2,0,,,4.863487750000786,0.5753805839922279,True,True,546.0,114.0,False,False,False,,-4.288107166008558,0.11830616495171288,-432.0
v500_s3_p30,500,0.3,h2,1,,,4.952051542000845,0.6418120840098709,True,True,546.0,114.0,False,False,False,,-4.310239457990974,0.12960529157791253,-432.0
v500_s3_p30,500,0.3,h2,2,,3.3626250143579774,4.84894566697767,0.9228346250019968,True,True,546.0,114.0,False,True,False,,-3.9261110419756733,0.19031655299557032,-432.0
v500_s3_p30,500,0.3,h2,3,3.080949699146256,3.4567612570004767,5.383779499970842,0.9310400840477087,True,True,546.0,114.0,True,True,True,0.3758115578542207,-4.4527394159231335,0.17293428975922046,-432.0
v500_s3_p30,500,0.3,h2,4,,3.247389559615048,4.485793375002686,0.8718414999893866,True,True,546.0,114.0,False,True,False,,-3.6139518750132993,0.19435614329624903,-432.0
v500_s3_p30,500,0.3,h3,0,,2.655251727671788,4.845733084017411,1.3208132080035284,True,True,546.0,114.0,False,True,False,,-3.5249198760138825,0.27257242301684786,-432.0
v500_s3_p30,500,0.3,h3,1,,2.7699816913375925,4.955492459004745,1.2938829169725068,True,True,546.0,114.0,False,True,False,,-3.661609542032238,0.2611007740757149,-432.0
v500_s3_p30,500,0.3,h3,2,,2.687508837201821,4.963856749993283,1.2972724580322392,True,True,546.0,114.0,False,True,False,,-3.666584291961044,0.26134365340699944,-432.0
v500_s3_p30,500,0.3,h3,3,,2.490993020065135,5.20682887500152,1.3824007079820149,True,True,546.0,114.0,False,True,False,,-3.824428167019505,0.26549762651487396,-432.0
v500_s3_p30,500,0.3,h3,4,,2.7474522810664523,4.936098584032152,1.2566005840199068,True,True,546.0,114.0,False,True,False,,-3.679498000012245,0.2545736400170167,-432.0
v500_s3_p30,500,0.3,h4,0,,3.2974973844444553,17.183856667019427,2.2023509580176324,True,True,678.0,100.0,False,True,False,,-14.981505709001794,0.12816395065983954,-578.0
v500_s3_p30,500,0.3,h4,1,,2.9709512932889894,17.508158167009242,2.269956916978117,True,True,678.0,75.0,False,True,False,,-15.238201250031125,0.12965138281966257,-603.0
v500_s3_p30,500,0.3,h4,2,,2.821179960735047,16.934391458053142,2.2986675829743035,True,True,571.0,81.0,False,True,False,,-14.635723875078838,0.13573960355576717,-490.0
v500_s3_p30,500,0.3,h4,3,,3.0957675856455777,17.317000165989157,2.239151540969033,True,True,571.0,81.0,False,True,False,,-15.077848625020124,0.12930366226863932,-490.0
v500_s3_p30,500,0.3,h4,4,,2.9465905420444245,17.23573979199864,2.190316208987497,True,True,678.0,81.0,False,True,False,,-15.045423583011143,0.12707990695034216,-597.0
v500_s3_p30,500,0.3,h2+3,0,,2.7596954127174502,5.287273875030223,1.3033542499761097,True,True,546.0,114.0,False,True,False,,-3.9839196250541136,0.24650779981936521,-432.0
v500_s3_p30,500,0.3,h2+3,1,,2.8375338991369263,5.238611790991854,1.3579232919728383,True,True,546.0,114.0,False,True,False,,-3.8806884990190156,0.2592143388650938,-432.0
v500_s3_p30,500,0.3,h2+3,2,,2.722089918165095,5.197940124955494,1.3392234579659998,True,True,546.0,114.0,False,True,False,,-3.858716666989494,0.25764503356557356,-432.0
v500_s3_p30,500,0.3,h2+3,3,,2.8167550727001345,5.45906629197998,1.4761064579943195,True,True,546.0,114.0,False,True,False,,-3.9829598339856602,0.2703954081237109,-432.0
v500_s3_p30,500,0.3,h2+3,4,,2.7890665835191717,5.286802041984629,1.3795823749969713,True,True,546.0,114.0,False,True,False,,-3.9072196669876575,0.2609483699297138,-432.0
v500_s3_p30,500,0.3,h2+3+4,0,,3.322174335809047,19.994850916962605,2.744524084031582,True,True,678.0,101.0,False,True,False,,-17.250326832931023,0.13726154275565358,-577.0
v500_s3_p30,500,0.3,h2+3+4,1,,3.3454052800535217,20.063068584015127,2.6274873340153135,True,True,678.0,77.0,False,True,False,,-17.435581249999814,0.13096138923179051,-601.0
v500_s3_p30,500,0.3,h2+3+4,2,,3.1226488339049747,19.8487382500316,2.699227375036571,True,True,571.0,83.0,False,True,False,,-17.14951087499503,0.13598987205306481,-488.0
v500_s3_p30,500,0.3,h2+3+4,3,,3.0321781849630285,19.9662297089817,2.6314093749970198,True,True,571.0,83.0,False,True,False,,-17.33482033398468,0.13179300315338427,-488.0
v500_s3_p30,500,0.3,h2+3+4,4,,3.1504841602017803,20.135620041983202,2.6217100409558043,True,True,678.0,83.0,False,True,False,,-17.513910001027398,0.1302025979577228,-595.0
v500_s3_p50,500,0.5,h2,0,,3.1637208716702396,4.833148250007071,0.8920103749842383,True,True,546.0,114.0,False,True,False,,-3.9411378750228323,0.1845609380972192,-432.0
v500_s3_p50,500,0.5,h2,1,,2.8567525014462776,5.058560541947372,0.8719278750359081,True,True,546.0,114.0,False,True,False,,-4.186632666911464,0.1723667964049405,-432.0
v500_s3_p50,500,0.5,h2,2,,,4.697301790991332,0.5949029579642229,True,True,546.0,114.0,False,False,False,,-4.1023988330271095,0.12664780430015182,-432.0
v500_s3_p50,500,0.5,h2,3,,3.4294849276876516,4.9028149159858,0.9090180000057444,True,True,546.0,114.0,False,True,False,,-3.993796915980056,0.1854073660912345,-432.0
v500_s3_p50,500,0.5,h2,4,,3.2314133739840063,4.876051833038218,0.9214619999984279,True,True,546.0,114.0,False,True,False,,-3.9545898330397904,0.18897707234261993,-432.0
v500_s3_p50,500,0.5,h3,0,,2.71407476728915,5.158694041951094,1.316258916980587,True,True,546.0,114.0,False,True,False,,-3.842435124970507,0.25515351487733484,-432.0
v500_s3_p50,500,0.5,h3,1,,2.5220268528661705,4.944820792006794,1.2873747090343386,True,True,546.0,114.0,False,True,False,,-3.6574460829724558,0.26034810222351323,-432.0
v500_s3_p50,500,0.5,h3,2,,2.6915498992709073,5.048025291995145,1.3021718749660067,True,True,546.0,114.0,False,True,False,,-3.7458534170291387,0.25795668596013427,-432.0
v500_s3_p50,500,0.5,h3,3,,2.6438897769703105,4.971409833000507,1.3252520830137655,True,True,546.0,114.0,False,True,False,,-3.6461577499867417,0.266574699638856,-432.0
v500_s3_p50,500,0.5,h3,4,,2.537957080337072,5.0557259999914095,1.3363020420074463,True,True,546.0,114.0,False,True,False,,-3.719423957983963,0.26431456966016686,-432.0
v500_s3_p50,500,0.5,h4,0,,2.9715352127592745,17.565240124997217,2.237814374966547,True,True,678.0,89.0,False,True,False,,-15.32742575003067,0.12740015844029923,-589.0
v500_s3_p50,500,0.5,h4,1,,3.093674547614085,17.825284374994226,2.3468374160001986,True,True,678.0,89.0,False,True,False,,-15.478446958994027,0.13165778265464329,-589.0
v500_s3_p50,500,0.5,h4,2,,3.0537247576206497,17.576427749998402,2.2421360830194317,True,True,571.0,89.0,False,True,False,,-15.33429166697897,0.127564947491656,-482.0
v500_s3_p50,500,0.5,h4,3,,3.1628527151962826,18.07626225001877,2.2996742500108667,True,True,678.0,86.0,False,True,False,,-15.776588000007905,0.12722067306854207,-592.0
v500_s3_p50,500,0.5,h4,4,,3.035764526721016,17.096115958993323,2.1050567079801112,True,True,571.0,81.0,False,True,False,,-14.991059251013212,0.12313069898620786,-490.0
v500_s3_p50,500,0.5,h2+3,0,,2.6126549973298845,5.383950666000601,1.3493940000189468,True,True,546.0,114.0,False,True,False,,-4.034556665981654,0.25063268289962376,-432.0
v500_s3_p50,500,0.5,h2+3,1,,2.879087984448021,5.233120875025634,1.3644855410093442,True,True,546.0,114.0,False,True,False,,-3.8686353340162896,0.2607403065197993,-432.0
v500_s3_p50,500,0.5,h2+3,2,,3.020541393645104,5.415213291998953,1.4301687080296688,True,True,546.0,114.0,False,True,False,,-3.985044583969284,0.2641020087136293,-432.0
v500_s3_p50,500,0.5,h2+3,3,,2.8458404036620655,5.608769792015664,1.4143733750097454,True,True,546.0,114.0,False,True,False,,-4.194396417005919,0.2521717644791144,-432.0
v500_s3_p50,500,0.5,h2+3,4,,2.9297287429962395,5.3225853749900125,1.3878629169776104,True,True,546.0,114.0,False,True,False,,-3.934722458012402,0.26074977087243334,-432.0
v500_s3_p50,500,0.5,h2+3+4,0,,3.242840024726227,20.727738749992568,2.7556657920358703,True,True,678.0,90.0,False,True,False,,-17.972072957956698,0.13294579911843293,-588.0
v500_s3_p50,500,0.5,h2+3+4,1,,3.2962150270160415,21.22366245801095,2.6767018330283463,True,True,678.0,90.0,False,True,False,,-18.546960624982603,0.12611875251615753,-588.0
v500_s3_p50,500,0.5,h2+3+4,2,,3.0705873799322,20.904970999981742,2.7593959579826333,True,True,571.0,90.0,False,True,False,,-18.14557504199911,0.1319971196317394,-481.0
v500_s3_p50,500,0.5,h2+3+4,3,,3.2617835629875076,21.477204542024992,2.8305391669855453,True,True,678.0,88.0,False,True,False,,-18.646665375039447,0.1317927182491072,-590.0
v500_s3_p50,500,0.5,h2+3+4,4,,3.058133308583622,19.856714249996003,2.5856397909810767,True,True,571.0,83.0,False,True,False,,-17.271074459014926,0.13021488643226042,-488.0
v500_s4_p0,500,0.0,h2,0,1.952096109670839,1.8476155871457571,14.981361499987543,12.150451041990891,True,True,731.0,669.0,True,True,True,-0.10448052252508178,-2.8309104579966515,0.8110378380496989,-62.0
v500_s4_p0,500,0.0,h2,1,2.28638623945418,2.0824585511918645,14.844960874994285,12.123426417005248,True,True,731.0,669.0,True,True,True,-0.20392768826231533,-2.721534457989037,0.81666947586414,-62.0
v500_s4_p0,500,0.0,h2,2,2.5065062718325146,1.9116825002694358,14.447554084006697,12.635329041979276,True,True,731.0,669.0,True,True,True,-0.5948237715630789,-1.8122250420274213,0.8745652702533547,-62.0
v500_s4_p0,500,0.0,h2,3,1.9060087676126864,,15.600034333998337,11.714565083035268,True,True,731.0,669.0,True,False,False,,-3.8854692509630695,0.75093200644468,-62.0
v500_s4_p0,500,0.0,h2,4,1.9651957500307606,2.729972165519083,14.620022624963894,12.270091000013053,True,True,731.0,669.0,True,True,True,0.7647764154883223,-2.349931624950841,0.8392662114668482,-62.0
v500_s4_p0,500,0.0,h3,0,1.4977908097135781,1.5026294654329053,40.032812375051435,33.23900850000791,True,True,731.0,669.0,True,True,True,0.004838655719327178,-6.793803875043523,0.830294114453037,-62.0
v500_s4_p0,500,0.0,h3,1,1.5094182210913463,1.4994771988583921,41.26631412503775,33.559273416991346,True,True,731.0,669.0,True,True,True,-0.009941022232954122,-7.7070407080464065,0.8132365133291546,-62.0
v500_s4_p0,500,0.0,h3,2,1.501600363873824,1.4966721620150611,40.84970004099887,33.70274416700704,True,True,731.0,669.0,True,True,True,-0.0049282018587628595,-7.146955873991828,0.8250426351523077,-62.0
v500_s4_p0,500,0.0,h3,3,1.512895280414794,1.531360849872566,41.474123666994274,33.93743487499887,True,True,731.0,669.0,True,True,True,0.018465569457772002,-7.536688791995402,0.8182797338285122,-62.0
v500_s4_p0,500,0.0,h3,4,1.5126191612855058,1.4994137869051858,40.46739449998131,33.662748707982246,True,True,731.0,669.0,True,True,True,-0.01320537438031999,-6.804645791999064,0.8318486802504123,-62.0
v500_s4_p0,500,0.0,h4,0,1.4708116052498104,1.4938259181952627,79.52993404201698,58.540602958004456,True,True,306.0,377.0,True,True,True,0.02301431294545231,-20.98933108401252,0.736082629303785,71.0
v500_s4_p0,500,0.0,h4,1,1.5144192653867612,1.5287787731766942,76.62015991599765,59.86712808301672,True,True,354.0,378.0,True,True,True,0.014359507789933001,-16.753031832980923,0.7813495579838508,24.0
v500_s4_p0,500,0.0,h4,2,1.4932989372471361,1.501264175922127,71.20995583297918,64.06132020795485,True,True,362.0,341.0,True,True,True,0.007965238674990882,-7.148635625024326,0.8996118514412333,-21.0
v500_s4_p0,500,0.0,h4,3,1.4870373259216627,1.4707173092702701,83.03993025003001,66.65456624998478,True,True,287.0,308.0,True,True,True,-0.0163200166513926,-16.38536400004523,0.8026809036242019,21.0
v500_s4_p0,500,0.0,h4,4,1.4798433843239434,1.4986896511086925,79.24672045902116,58.563242957985494,True,True,301.0,348.0,True,True,True,0.0188462667847491,-20.683477501035668,0.7389989468178536,47.0
v500_s4_p0,500,0.0,h2+3,0,1.5031417094345791,1.5202133529249982,40.73911974998191,33.74360812501982,True,True,731.0,669.0,True,True,True,0.01707164349041901,-6.9955116249620914,0.8282851552047784,-62.0
v500_s4_p0,500,0.0,h2+3,1,1.5096269127812159,1.5081422500667874,41.63973066699691,33.863429874996655,True,True,731.0,669.0,True,True,True,-0.0014846627144284863,-7.7763007920002565,0.8132480525825387,-62.0
v500_s4_p0,500,0.0,h2+3,2,1.50780323588523,1.5237843536553126,40.679263041995,33.92724929202814,True,True,731.0,669.0,True,True,True,0.015981117770082598,-6.7520137499668635,0.8340182873274655,-62.0
v500_s4_p0,500,0.0,h2+3,3,1.5054331943148707,1.5117531227822154,41.17137020803057,34.412836832983885,True,True,731.0,669.0,True,True,True,0.006319928467344749,-6.758533375046682,0.8358438560364354,-62.0
v500_s4_p0,500,0.0,h2+3,4,1.5074315049028515,1.5008034274026107,40.92409824999049,33.94516000000294,True,True,731.0,669.0,True,True,True,-0.006628077500240748,-6.97893824998755,0.8294662912947832,-62.0
v500_s4_p0,500,0.0,h2+3+4,0,1.4817676673427074,1.4861325326699568,84.53749699995387,62.57761987496633,True,True,306.0,377.0,True,True,True,0.004364865327249445,-21.959877124987543,0.7402350684099445,71.0
v500_s4_p0,500,0.0,h2+3+4,1,1.5116583424692611,1.4905950440484788,82.13767708302476,64.49659433303168,True,True,354.0,378.0,True,True,True,-0.02106329842078236,-17.641082749993075,0.7852254485823665,24.0
v500_s4_p0,500,0.0,h2+3+4,2,1.4968716567773046,,75.16356108401669,65.92635812499793,True,True,362.0,341.0,True,False,False,,-9.23720295901876,0.8771053044081619,-21.0
v500_s4_p0,500,0.0,h2+3+4,3,1.4886643553441627,1.480861752990049,87.65312170801917,70.21440916700521,True,True,287.0,308.0,True,True,True,-0.007802602354113786,-17.438712541013956,0.8010485855928331,21.0
v500_s4_p0,500,0.0,h2+3+4,4,1.4904663765452577,1.4884679065725435,84.37204233399825,62.074270665994845,True,True,301.0,348.0,True,True,True,-0.001998469972714245,-22.297771668003406,0.7357208495708255,47.0
v500_s4_p10,500,0.1,h2,0,,2.2932655339147514,10.433630582992919,5.3452954580425285,True,True,658.0,450.0,False,True,False,,-5.08833512495039,0.5123140421279142,-208.0
v500_s4_p10,500,0.1,h2,1,,,10.81133754196344,4.890941207995638,True,True,658.0,450.0,False,False,False,,-5.920396333967801,0.4523900201072991,-208.0
v500_s4_p10,500,0.1,h2,2,,,10.401027209009044,4.976534874993376,True,True,658.0,450.0,False,False,False,,-5.424492334015667,0.47846571064470034,-208.0
v500_s4_p10,500,0.1,h2,3,,,10.051916916039772,4.977122542040888,True,True,658.0,450.0,False,False,False,,-5.074794373998884,0.4951416315527767,-208.0
v500_s4_p10,500,0.1,h2,4,,,10.460770165955182,4.88620233302936,True,True,658.0,450.0,False,False,False,,-5.574567832925823,0.46709776197278646,-208.0
v500_s4_p10,500,0.1,h3,0,1.851033263252978,1.7381665337619512,18.727274624980055,15.754660125006922,True,True,658.0,450.0,True,True,True,-0.11286672949102683,-2.972614499973133,0.8412681738533377,-208.0
v500_s4_p10,500,0.1,h3,1,1.8290570540151783,1.712975971580582,19.438389458984602,15.900256665947381,True,True,658.0,450.0,True,True,True,-0.11608108243459636,-3.538132793037221,0.8179822047241746,-208.0
v500_s4_p10,500,0.1,h3,2,1.773853292502352,1.751258413785934,20.51673833298264,16.027544000011403,True,True,658.0,450.0,True,True,True,-0.022594878716418076,-4.489194332971238,0.7811935669250885,-208.0
v500_s4_p10,500,0.1,h3,3,1.8558430948101188,1.7316351519094062,19.216317792015616,16.054432833974715,True,True,658.0,450.0,True,True,True,-0.12420794290071258,-3.1618849580409005,0.8354583332632715,-208.0
v500_s4_p10,500,0.1,h3,4,1.7692626687716277,1.7458588618681214,20.026233915996272,15.971820084028877,True,True,658.0,450.0,True,True,True,-0.023403806903506297,-4.054413831967395,0.7975448679479936,-208.0
v500_s4_p10,500,0.1,h4,0,,1.7297784889471735,54.156785333005246,26.88243587501347,True,True,291.0,238.0,False,True,False,,-27.274349457991775,0.496381676085753,-53.0
v500_s4_p10,500,0.1,h4,1,,1.706379666608631,44.882766583992634,32.63966287497897,True,True,343.0,226.0,False,True,False,,-12.243103709013667,0.7272203867802537,-117.0
v500_s4_p10,500,0.1,h4,2,,1.7343518716283965,44.1496972500463,26.743918291991577,True,True,380.0,242.0,False,True,False,,-17.405778958054725,0.6057554175405705,-138.0
v500_s4_p10,500,0.1,h4,3,,1.7021934334132498,45.68668325000908,28.496741708018817,True,True,311.0,236.0,False,True,False,,-17.189941541990265,0.6237428432280243,-75.0
v500_s4_p10,500,0.1,h4,4,,1.7371045850777875,45.51265012496151,26.96968866698444,True,True,299.0,265.0,False,True,False,,-18.54296145797707,0.5925756595789367,-34.0
v500_s4_p10,500,0.1,h2+3,0,1.7885012749847349,1.8052985716981247,18.74467016599374,16.102189374971204,True,True,658.0,450.0,True,True,True,0.01679729671338981,-2.6424807910225354,0.8590276186445532,-208.0
v500_s4_p10,500,0.1,h2+3,1,1.8602346841012238,1.7489637680965295,19.387672832992394,16.305968458007555,True,True,658.0,450.0,True,True,True,-0.1112709160046943,-3.081704374984838,0.8410482577496027,-208.0
v500_s4_p10,500,0.1,h2+3,2,1.8166750817588242,1.7628939974253925,20.899248040979728,16.289309874991886,True,True,658.0,450.0,True,True,True,-0.05378108433343165,-4.609938165987842,0.7794208596908095,-208.0
v500_s4_p10,500,0.1,h2+3,3,1.8369801459142203,1.744930519270783,20.101905791962054,16.356368292006664,True,True,658.0,450.0,True,True,True,-0.09204962664343741,-3.7455374999553896,0.8136725174857261,-208.0
v500_s4_p10,500,0.1,h2+3,4,1.815858735791778,1.748595544771386,19.579808874987066,16.16891124995891,True,True,658.0,450.0,True,True,True,-0.06726319102039202,-3.4108976250281557,0.8257951521995942,-208.0
v500_s4_p10,500,0.1,h2+3+4,0,,1.729573752137321,58.4696912500076,30.100180667010136,True,True,291.0,238.0,False,True,False,,-28.369510582997464,0.5147997197095893,-53.0
v500_s4_p10,500,0.1,h2+3+4,1,1.8334028253713974,1.708671358916942,49.76693945802981,34.936591875040904,True,True,343.0,226.0,True,True,True,-0.12473146645445543,-14.830347582988907,0.7020040262774074,-117.0
v500_s4_p10,500,0.1,h2+3+4,2,,1.742360827642032,51.061871999991126,28.739273333980236,True,True,343.0,244.0,False,True,False,,-22.32259866601089,0.5628323484494503,-99.0
v500_s4_p10,500,0.1,h2+3+4,3,1.7556675601434253,1.738460797725473,50.42279837501701,31.18315412499942,True,True,311.0,236.0,True,True,True,-0.01720676241795238,-19.23964425001759,0.6184336278418403,-75.0
v500_s4_p10,500,0.1,h2+3+4,4,,1.7480258157162774,50.40162908297498,29.848901042016223,True,True,303.0,265.0,False,True,False,,-20.552728040958755,0.5922209576376332,-38.0
v500_s4_p30,500,0.3,h2,0,,,4.065990958013572,0.5143071669735946,True,True,546.0,114.0,False,False,False,,-3.5516837910399772,0.12648999279252157,-432.0
v500_s4_p30,500,0.3,h2,1,,,4.005248916975688,0.5256451249588281,True,True,546.0,114.0,False,False,False,,-3.47960379201686,0.1312390655000129,-432.0
v500_s4_p30,500,0.3,h2,2,,,4.051067292049993,0.5771622499451041,True,True,546.0,114.0,False,False,False,,-3.4739050421048887,0.14247165211936982,-432.0
v500_s4_p30,500,0.3,h2,3,,,4.132979792018887,0.6296328330063261,True,True,546.0,114.0,False,False,False,,-3.5033469590125605,0.15234355469683092,-432.0
v500_s4_p30,500,0.3,h2,4,,3.9237380487758133,3.9075765410088934,0.8501807909924537,True,True,546.0,114.0,False,True,False,,-3.0573957500164397,0.21757239610537388,-432.0
v500_s4_p30,500,0.3,h3,0,,2.8402585310634954,4.167371042014565,1.1014094999991357,True,True,546.0,114.0,False,True,False,,-3.0659615420154296,0.2642936011444517,-432.0
v500_s4_p30,500,0.3,h3,1,,3.023589040844484,4.131362333020661,1.0611174160148948,True,True,546.0,114.0,False,True,False,,-3.070244917005766,0.25684443301758403,-432.0
v500_s4_p30,500,0.3,h3,2,,3.132885484520932,4.134809834009502,1.0847985000000335,True,True,546.0,114.0,False,True,False,,-3.0500113340094686,0.262357531192217,-432.0
v500_s4_p30,500,0.3,h3,3,,3.163451942878066,4.351352334022522,1.0997471250011586,True,True,546.0,114.0,False,True,False,,-3.2516052090213634,0.2527368598498479,-432.0
v500_s4_p30,500,0.3,h3,4,,2.8290233503209143,4.151141749985982,1.0553560000262223,True,True,546.0,114.0,False,True,False,,-3.0957857499597594,0.25423270598499464,-432.0
v500_s4_p30,500,0.3,h4,0,,3.67455992981237,3.9100902909995057,2.1496370839886367,True,True,1401.0,74.0,False,True,False,,-1.760453207010869,0.549766609977475,-1327.0
v500_s4_p30,500,0.3,h4,1,,3.668472775372046,4.011599250021391,1.9960802079876885,True,True,1401.0,74.0,False,True,False,,-2.015519042033702,0.49757717149265224,-1327.0
v500_s4_p30,500,0.3,h4,2,,3.4335391827955193,3.905382541997824,2.0981514580198564,True,True,1401.0,74.0,False,True,False,,-1.8072310839779675,0.5372460790861562,-1327.0
v500_s4_p30,500,0.3,h4,3,,3.8917199723471763,4.063211458036676,2.038259792025201,True,True,1401.0,74.0,False,True,False,,-2.024951666011475,0.5016376364054846,-1327.0
v500_s4_p30,500,0.3,h4,4,,3.509790029340326,3.9870812500012107,2.0731984580052085,True,True,1401.0,74.0,False,True,False,,-1.9138827919960022,0.5199789841264406,-1327.0
v500_s4_p30,500,0.3,h2+3,0,,2.804869511069118,4.218824625015259,1.1005349999759346,True,True,546.0,114.0,False,True,False,,-3.118289625039324,0.26086294117332604,-432.0
v500_s4_p30,500,0.3,h2+3,1,,3.1757839032117534,4.698237625008915,1.0961754170130007,True,True,546.0,114.0,False,True,False,,-3.602062207995914,0.23331629953708882,-432.0
v500_s4_p30,500,0.3,h2+3,2,,2.937850079358973,4.385638292005751,1.1577978749992326,True,True,546.0,114.0,False,True,False,,-3.2278404170065187,0.26399757524684486,-432.0
v500_s4_p30,500,0.3,h2+3,3,,3.171058471833125,4.857949250028469,1.0638651250046678,True,True,546.0,114.0,False,True,False,,-3.794084125023801,0.21899469719623632,-432.0
v500_s4_p30,500,0.3,h2+3,4,,2.9842860471827866,4.637698583013844,1.1362815420143306,True,True,546.0,114.0,False,True,False,,-3.501417040999513,0.2450097870042924,-432.0
v500_s4_p30,500,0.3,h2+3+4,0,,3.639586240350275,22.030293999996502,2.6135193750378676,True,True,519.0,77.0,False,True,False,,-19.416774624958634,0.11863297761883171,-442.0
v500_s4_p30,500,0.3,h2+3+4,1,,3.38359173235933,22.373579457984306,2.4453621670254506,True,True,519.0,77.0,False,True,False,,-19.928217290958855,0.10929686828241474,-442.0
v500_s4_p30,500,0.3,h2+3+4,2,,,22.539483791042585,2.378723750007339,True,True,481.0,77.0,False,False,False,,-20.160760041035246,0.1055358575227294,-404.0
v500_s4_p30,500,0.3,h2+3+4,3,,3.509793679206776,22.553898125013802,2.6497031250037253,True,True,519.0,77.0,False,True,False,,-19.904195000010077,0.11748315569737476,-442.0
v500_s4_p30,500,0.3,h2+3+4,4,,3.2251474503930453,22.20568283298053,2.616273584018927,True,True,519.0,77.0,False,True,False,,-19.5894092489616,0.11782000146976616,-442.0
v500_s4_p50,500,0.5,h2,0,,3.649428950934822,4.015132458007429,0.8731726250262,True,True,546.0,114.0,False,True,False,,-3.141959832981229,0.21747044067869314,-432.0
v500_s4_p50,500,0.5,h2,1,,,4.096474707999732,0.5887912919861265,True,True,546.0,114.0,False,False,False,,-3.507683416013606,0.14373121621776772,-432.0
v500_s4_p50,500,0.5,h2,2,,3.7983843343579506,3.9667759589501657,0.8398640420055017,True,True,546.0,114.0,False,True,False,,-3.126911916944664,0.21172459717835374,-432.0
v500_s4_p50,500,0.5,h2,3,,,4.098216874990612,0.5688986249733716,True,True,546.0,114.0,False,False,False,,-3.5293182500172406,0.13881613451085964,-432.0
v500_s4_p50,500,0.5,h2,4,,,4.0180290000280365,0.5443082920392044,True,True,546.0,114.0,False,False,False,,-3.473720707988832,0.1354664916642977,-432.0
v500_s4_p50,500,0.5,h3,0,,2.977845219516261,4.1428321250132285,1.0930420830263756,True,True,546.0,114.0,False,True,False,,-3.049790041986853,0.26383933744910926,-432.0
v500_s4_p50,500,0.5,h3,1,,3.084227018338427,4.170920624979772,1.0912700420012698,True,True,546.0,114.0,False,True,False,,-3.079650582978502,0.26163769108086593,-432.0
v500_s4_p50,500,0.5,h3,2,,3.145670972403876,4.146781917021144,1.1048491249675862,True,True,546.0,114.0,False,True,False,,-3.041932792053558,0.2664353098561929,-432.0
v500_s4_p50,500,0.5,h3,3,,3.207557468614863,4.300045458017848,1.0657799170003273,True,True,546.0,114.0,False,True,False,,-3.234265541017521,0.24785317443867438,-432.0
v500_s4_p50,500,0.5,h3,4,,3.110323620084571,4.1179168339585885,1.0972831249819137,True,True,546.0,114.0,False,True,False,,-3.020633708976675,0.2664655866609832,-432.0
v500_s4_p50,500,0.5,h4,0,,3.7056667926299545,3.9384847920155153,2.127939499972854,True,True,1401.0,74.0,False,True,False,,-1.8105452920426615,0.5402939486491919,-1327.0
v500_s4_p50,500,0.5,h4,1,,3.6455544790078216,4.030091791995801,2.1580808750004508,True,True,1401.0,74.0,False,True,False,,-1.8720109169953503,0.5354917422195279,-1327.0
v500_s4_p50,500,0.5,h4,2,,3.757227595878234,3.9791675829910673,2.175179374986328,True,True,1401.0,74.0,False,True,False,,-1.8039882080047391,0.5466418112884016,-1327.0
v500_s4_p50,500,0.5,h4,3,,3.49839483658704,4.029931791010313,2.138846833957359,True,True,1401.0,74.0,False,True,False,,-1.8910849570529535,0.5307402072483082,-1327.0
v500_s4_p50,500,0.5,h4,4,,4.047873283428367,3.9065759170334786,2.1326626670197584,True,True,1401.0,74.0,False,True,False,,-1.7739132500137202,0.5459160943784321,-1327.0
v500_s4_p50,500,0.5,h2+3,0,,2.9365439795821136,4.519760583003517,1.1201409159693867,True,True,546.0,114.0,False,True,False,,-3.3996196670341305,0.24783191396943846,-432.0
v500_s4_p50,500,0.5,h2+3,1,,3.147779835119168,4.5579985420336016,1.1202555419877172,True,True,546.0,114.0,False,True,False,,-3.4377430000458844,0.24577795092665886,-432.0
v500_s4_p50,500,0.5,h2+3,2,,2.9975927822567914,4.627842832996976,1.1903505839873105,True,True,546.0,114.0,False,True,False,,-3.437492249009665,0.25721499777390744,-432.0
v500_s4_p50,500,0.5,h2+3,3,,2.987473246702193,4.811491124972235,1.1358107919804752,True,True,546.0,114.0,False,True,False,,-3.6756803329917602,0.2360621193054844,-432.0
v500_s4_p50,500,0.5,h2+3,4,,3.08927419824933,4.515204249997623,1.1585714999819174,True,True,546.0,114.0,False,True,False,,-3.356632750015706,0.25659337558927203,-432.0
v500_s4_p50,500,0.5,h2+3+4,0,,,22.18633087503258,2.435931917047128,True,True,481.0,77.0,False,False,False,,-19.750398957985453,0.10979426615278723,-404.0
v500_s4_p50,500,0.5,h2+3+4,1,,,22.600738208042458,2.4096040410222486,True,True,481.0,77.0,False,False,False,,-20.19113416702021,0.10661616531467068,-404.0
v500_s4_p50,500,0.5,h2+3+4,2,,3.0590605327575098,22.13070312497439,2.593913958000485,True,True,519.0,77.0,False,True,False,,-19.536789166973904,0.11720883621963488,-442.0
v500_s4_p50,500,0.5,h2+3+4,3,,3.8945887133778685,22.611772750038654,2.6341647079680115,True,True,481.0,77.0,False,True,False,,-19.977608042070642,0.11649527602666662,-404.0
v500_s4_p50,500,0.5,h2+3+4,4,,3.51128781583857,22.33237875002669,2.6992492910358123,True,True,481.0,77.0,False,True,False,,-19.63312945899088,0.12086707471914904,-404.0
v500_s5_p0,500,0.0,h2,0,,1.8783841299745199,13.635489249951206,12.244936667033471,True,True,731.0,669.0,False,True,False,,-1.390552582917735,0.8980196047660914,-62.0
v500_s5_p0,500,0.0,h2,1,1.9461055708489106,1.9970786592896232,15.488269167020917,12.841892625030596,True,True,731.0,669.0,True,True,True,0.05097308844071269,-2.646376541990321,0.8291367154423404,-62.0
v500_s5_p0,500,0.0,h2,2,2.044432624867094,2.2035671949482043,14.263309917005245,11.941424040996935,True,True,731.0,669.0,True,True,True,0.1591345700811102,-2.3218858760083094,0.8372126883928904,-62.0
v500_s5_p0,500,0.0,h2,3,2.056433060530046,1.8106770375249193,14.74963683297392,12.207786415994633,True,True,731.0,669.0,True,True,True,-0.24575602300512678,-2.541850416979287,0.827666915073001,-62.0
v500_s5_p0,500,0.0,h2,4,2.0949818053167193,2.528050826802041,14.962689833017066,12.814227875031065,True,True,731.0,669.0,True,True,True,0.43306902148532167,-2.148461957986001,0.8564120501084539,-62.0
v500_s5_p0,500,0.0,h3,0,1.5060992325510554,1.5011803486243631,40.66452275001211,33.13038170902291,True,True,731.0,669.0,True,True,True,-0.0049188839266922635,-7.534141040989198,0.8147244691077321,-62.0
v500_s5_p0,500,0.0,h3,1,1.4972014151555655,1.5039268990003194,41.14046866702847,33.40419254201697,True,True,731.0,669.0,True,True,True,0.00672548384475391,-7.7362761250115,0.8119545942068559,-62.0
v500_s5_p0,500,0.0,h3,2,1.5134923236452897,1.5096704779565737,40.62482891703257,33.07941995799774,True,True,731.0,669.0,True,True,True,-0.003821845688716019,-7.54540895903483,0.8142660742167137,-62.0
v500_s5_p0,500,0.0,h3,3,1.5110360223599502,1.5171914483606967,40.25338158302475,33.74724737502402,True,True,731.0,669.0,True,True,True,0.006155426000746589,-6.506134208000731,0.8383704933067181,-62.0
v500_s5_p0,500,0.0,h3,4,1.51436362385337,1.5395206178994485,40.2145636670175,33.536739416013006,True,True,731.0,669.0,True,True,True,0.025156994046078518,-6.677824251004495,0.8339451272852825,-62.0
v500_s5_p0,500,0.0,h4,0,1.483875498359253,1.4797660973370848,89.3798112910008,62.588016041961964,True,True,294.0,370.0,True,True,True,-0.00410940102216828,-26.79179524903884,0.7002477979975734,76.0
v500_s5_p0,500,0.0,h4,1,1.4700396699278482,1.4967446988955657,87.02210449997801,62.46440029202495,True,True,285.0,320.0,True,True,True,0.026705028967717537,-24.557704207953066,0.7177992379170827,35.0
v500_s5_p0,500,0.0,h4,2,1.496103735681503,1.4902226724811858,90.34096979198512,54.870824666984845,True,True,273.0,375.0,True,True,True,-0.005881063200317227,-35.47014512500027,0.6073747580231631,102.0
v500_s5_p0,500,0.0,h4,3,1.5010875649325481,1.4877516761190095,79.69124075002037,55.267702499986626,True,True,338.0,365.0,True,True,True,-0.013335888813538643,-24.423538250033744,0.6935229264826386,27.0
v500_s5_p0,500,0.0,h4,4,1.4993805691576694,1.4961511427701522,71.07657108298736,62.91397733299527,True,True,321.0,351.0,True,True,True,-0.0032294263875172202,-8.162593749992084,0.8851577443084356,30.0
v500_s5_p0,500,0.0,h2+3,0,1.511710537566227,1.4962680994796969,40.98508595797466,33.56802412500838,True,True,731.0,669.0,True,True,True,-0.01544243808653012,-7.417061832966283,0.8190302238094218,-62.0
v500_s5_p0,500,0.0,h2+3,1,1.516716472773967,1.5093106034729378,41.01309849997051,33.84595791698666,True,True,731.0,669.0,True,True,True,-0.0074058693010292664,-7.167140582983848,0.8252475222522141,-62.0
v500_s5_p0,500,0.0,h2+3,2,1.5058509133478433,1.5035535009515355,40.759076291986275,34.125187334022485,True,True,731.0,669.0,True,True,True,-0.002297412396307763,-6.633888957963791,0.8372414303395759,-62.0
v500_s5_p0,500,0.0,h2+3,3,1.5281465139849395,1.4848186310852218,40.833834999997634,34.333843042026274,True,True,731.0,669.0,True,True,True,-0.043327882899717673,-6.4999919579713605,0.8408184791369281,-62.0
v500_s5_p0,500,0.0,h2+3,4,1.4927092985907429,1.49809414708891,40.625828915974125,34.01828583300812,True,True,731.0,669.0,True,True,True,0.005384848498167116,-6.607543082966004,0.8373561042500253,-62.0
v500_s5_p0,500,0.0,h2+3+4,0,1.484535487440683,1.475320898852438,93.57620512496214,65.86125866702059,True,True,294.0,370.0,True,True,True,-0.009214588588245087,-27.71494645794155,0.7038248514039347,76.0
v500_s5_p0,500,0.0,h2+3+4,1,1.476808583626815,1.4958562525474564,96.3989598749904,66.95341095799813,True,True,285.0,320.0,True,True,True,0.01904766892064136,-29.445548916992266,0.6945449519872716,35.0
v500_s5_p0,500,0.0,h2+3+4,2,1.4831475771722282,,94.97733262501424,57.92173050000565,True,True,273.0,375.0,True,False,False,,-37.05560212500859,0.6098479384411641,102.0
v500_s5_p0,500,0.0,h2+3+4,3,1.5140430865493926,1.4933069801569074,84.07792116695782,59.789826290973,True,True,338.0,365.0,True,True,True,-0.020736106392485132,-24.288094875984825,0.7111239842888751,27.0
v500_s5_p0,500,0.0,h2+3+4,4,1.5014896203276704,1.490748905573073,74.2797389170155,67.88848141598282,True,True,321.0,351.0,True,True,True,-0.01074071475459748,-6.391257501032669,0.9139569202286385,30.0
v500_s5_p10,500,0.1,h2,0,,,9.97686541598523,4.692802709003445,True,True,658.0,450.0,False,False,False,,-5.284062706981786,0.47036844873987144,-208.0
v500_s5_p10,500,0.1,h2,1,,,10.551161332987249,4.642666708969045,True,True,658.0,450.0,False,False,False,,-5.9084946240182035,0.4400147587976092,-208.0
v500_s5_p10,500,0.1,h2,2,,,9.88260829198407,4.805528541037347,True,True,658.0,450.0,False,False,False,,-5.077079750946723,0.4862611568785118,-208.0
v500_s5_p10,500,0.1,h2,3,,,10.232097707979847,4.870649709017016,True,True,658.0,450.0,False,False,False,,-5.361447998962831,0.4760167316637795,-208.0
v500_s5_p10,500,0.1,h2,4,,,10.029761707992293,4.422581083024852,True,True,658.0,450.0,False,False,False,,-5.607180624967441,0.4409457783529078,-208.0
v500_s5_p10,500,0.1,h3,0,1.8074741369351182,1.7847010004394115,18.794288165983744,12.451104415988084,True,True,658.0,450.0,True,True,True,-0.02277313649570667,-6.34318374999566,0.6624940676669868,-208.0
v500_s5_p10,500,0.1,h3,1,1.83385048442437,1.73072765935348,20.499694416008424,12.795356832968537,True,True,658.0,450.0,True,True,True,-0.10312282507088999,-7.704337583039887,0.6241730522078666,-208.0
v500_s5_p10,500,0.1,h3,2,1.860122329998267,1.8082395716500217,17.528053042013198,12.845442290999927,True,True,658.0,450.0,True,True,True,-0.051882758348245295,-4.6826107510132715,0.7328504917351935,-208.0
v500_s5_p10,500,0.1,h3,3,1.8116590723508745,1.8231607285221278,18.87534049997339,12.152617082989309,True,True,658.0,450.0,True,True,True,0.011501656171253316,-6.722723416984081,0.6438356480512996,-208.0
v500_s5_p10,500,0.1,h3,4,1.8767055551853777,1.78715473170631,17.64986195799429,12.870683083019685,True,True,658.0,450.0,True,True,True,-0.08955082347906784,-4.779178874974605,0.7292228751505938,-208.0
v500_s5_p10,500,0.1,h2+3,0,1.8237217855173538,1.7396330153805073,19.118633917008992,13.295631292043254,True,True,658.0,450.0,True,True,True,-0.08408877013684646,-5.8230026249657385,0.6954278924821468,-208.0
v500_s5_p10,500,0.1,h2+3,1,1.8734549045367945,1.8103576290172572,19.31832358299289,12.784955791023094,True,True,658.0,450.0,True,True,True,-0.06309727551953737,-6.533367791969795,0.6618046196450752,-208.0
v500_s5_p10,500,0.1,h2+3,2,1.8486099377225422,1.7983711953776509,17.120681374974083,12.424975832982454,True,True,658.0,450.0,True,True,True,-0.05023874234489134,-4.695705541991629,0.7257290501968274,-208.0
v500_s5_p10,500,0.1,h2+3,3,1.8497954226216395,1.82043756975822,19.587514916958753,13.015608541027177,True,True,658.0,450.0,True,True,True,-0.02935785286341952,-6.571906375931576,0.6644849331937632,-208.0
v500_s5_p10,500,0.1,h2+3,4,1.8764527457449087,1.8430039629677717,18.627628082991578,12.726655166014098,True,True,658.0,450.0,True,True,True,-0.03344878277713703,-5.90097291697748,0.6832139394942338,-208.0
v500_s5_p30,500,0.3,h2,0,,,4.19047499995213,0.5223008750472218,True,True,543.0,105.0,False,False,False,,-3.6681741249049082,0.1246400169558793,-438.0
v500_s5_p30,500,0.3,h2,1,,,4.2030275000142865,0.5646107500069775,True,True,543.0,105.0,False,False,False,,-3.638416750007309,0.13433429831355095,-438.0
v500_s5_p30,500,0.3,h2,2,,,4.277615207945928,0.5588609169935808,True,True,543.0,105.0,False,False,False,,-3.718754290952347,0.13064777681626505,-438.0
v500_s5_p30,500,0.3,h2,3,,3.2657157457128845,4.429833208036143,0.8122309999889694,True,True,543.0,105.0,False,True,False,,-3.617602208047174,0.18335475893663541,-438.0
v500_s5_p30,500,0.3,h2,4,,3.4847026031972685,4.286462499992922,0.8180700829834677,True,True,543.0,105.0,False,True,False,,-3.468392417009454,0.19084970018630015,-438.0
v500_s5_p30,500,0.3,h3,0,,3.392098315401493,4.274576625030022,1.0843573749880306,True,True,543.0,105.0,False,True,False,,-3.1902192500419915,0.25367597077065257,-438.0
v500_s5_p30,500,0.3,h3,1,,2.9019159392406175,4.549837208003737,1.0487678340286948,True,True,543.0,105.0,False,True,False,,-3.5010693739750423,0.2305066722351692,-438.0
v500_s5_p30,500,0.3,h3,2,,2.9143926009992045,4.391299875045661,1.0852905419887975,True,True,543.0,105.0,False,True,False,,-3.3060093330568634,0.24714562267909626,-438.0
v500_s5_p30,500,0.3,h3,3,,2.857941624137512,4.577102749957703,1.0878800420323387,True,True,543.0,105.0,False,True,False,,-3.4892227079253644,0.23767874602386668,-438.0
v500_s5_p30,500,0.3,h3,4,,3.4230517258348936,4.5938823749893345,1.1007928750477731,True,True,543.0,105.0,False,True,False,,-3.4930894999415614,0.23962147595264208,-438.0
v500_s5_p30,500,0.3,h4,0,,2.7440195043441746,3.868197458970826,2.0101566670346074,True,True,1367.0,73.0,False,True,False,,-1.8580407919362187,0.5196623720365687,-1294.0
v500_s5_p30,500,0.3,h4,1,,2.622430441586547,3.8957681250176392,2.006618250044994,True,True,1367.0,73.0,False,True,False,,-1.8891498749726452,0.515076407437855,-1294.0
v500_s5_p30,500,0.3,h4,2,,2.6683538640779076,3.8568204999901354,1.9952558749937452,True,True,1367.0,73.0,False,True,False,,-1.8615646249963902,0.5173317957107022,-1294.0
v500_s5_p30,500,0.3,h4,3,,2.7658638748326934,3.944478167046327,2.043952415988315,True,True,1367.0,73.0,False,True,False,,-1.9005257510580122,0.5181806894164789,-1294.0
v500_s5_p30,500,0.3,h4,4,,2.7306196615337233,3.7916517080157064,2.0547552909702063,True,True,1367.0,73.0,False,True,False,,-1.7368964170455001,0.5419156212650993,-1294.0
v500_s5_p30,500,0.3,h2+3,0,,3.212693654025971,5.207715333031956,1.096354166045785,True,True,543.0,105.0,False,True,False,,-4.111361166986171,0.21052497994499297,-438.0
v500_s5_p30,500,0.3,h2+3,1,,3.0630320338516563,4.919743917009328,1.1553590829716995,True,True,543.0,105.0,False,True,False,,-3.764384834037628,0.23484130525111416,-438.0
v500_s5_p30,500,0.3,h2+3,2,,3.2892491580218612,4.777527291967999,1.0824742499971762,True,True,543.0,105.0,False,True,False,,-3.695053041970823,0.22657625667927359,-438.0
v500_s5_p30,500,0.3,h2+3,3,,2.9797561136599935,4.890787791984621,1.125969916000031,True,True,543.0,105.0,False,True,False,,-3.7648178759845905,0.2302226070502082,-438.0
v500_s5_p30,500,0.3,h2+3,4,,3.0208443575493193,4.986557833966799,1.0630770840216428,True,True,543.0,105.0,False,True,False,,-3.9234807499451563,0.21318856000833075,-438.0
v500_s5_p30,500,0.3,h2+3+4,0,,2.677393034748133,4.916395084001124,2.577706083015073,True,True,1367.0,73.0,False,True,False,,-2.338689000986051,0.5243081646150478,-1294.0
v500_s5_p30,500,0.3,h2+3+4,1,,2.727203221131146,4.882538041973021,2.5580504999961704,True,True,1367.0,73.0,False,True,False,,-2.3244875419768505,0.5239181913188881,-1294.0
v500_s5_p30,500,0.3,h2+3+4,2,,2.8626356970467564,4.888790791039355,2.4562371249776334,True,True,1367.0,73.0,False,True,False,,-2.4325536660617217,0.5024222205375736,-1294.0
v500_s5_p30,500,0.3,h2+3+4,3,,2.61845421144362,4.94540045899339,2.4581901659839787,True,True,1367.0,73.0,False,True,False,,-2.4872102930094115,0.497065947715856,-1294.0
v500_s5_p30,500,0.3,h2+3+4,4,,2.971279613427832,4.783389666001312,2.4298863749718294,True,True,1367.0,73.0,False,True,False,,-2.353503291029483,0.507984200459901,-1294.0
v500_s5_p50,500,0.5,h2,0,,,4.292190250009298,0.649641459051054,True,True,543.0,105.0,False,False,False,,-3.6425487909582444,0.15135430193236346,-438.0
v500_s5_p50,500,0.5,h2,1,,,4.360937624995131,0.5817961249849759,True,True,543.0,105.0,False,False,False,,-3.779141500010155,0.13341078800356046,-438.0
v500_s5_p50,500,0.5,h2,2,,3.1063094539766913,4.257384709024336,0.8161053340299986,True,True,543.0,105.0,False,True,False,,-3.4412793749943376,0.19169170507426972,-438.0
v500_s5_p50,500,0.5,h2,3,,,4.486493500007782,0.5225384579971433,True,True,543.0,105.0,False,False,False,,-3.963955042010639,0.11646923326563093,-438.0
v500_s5_p50,500,0.5,h2,4,,,4.269504625000991,0.521843834023457,True,True,543.0,105.0,False,False,False,,-3.747660790977534,0.12222585050445657,-438.0
v500_s5_p50,500,0.5,h3,0,,3.1314524401032315,4.550544583005831,1.0723639170173556,True,True,543.0,105.0,False,True,False,,-3.478180665988475,0.23565617201557293,-438.0
v500_s5_p50,500,0.5,h3,1,,3.1764109439982,4.4227596670389175,1.1063003329909407,True,True,543.0,105.0,False,True,False,,-3.316459334047977,0.2501380170475372,-438.0
v500_s5_p50,500,0.5,h3,2,,2.710906569729996,4.537012749991845,1.1138475420302711,True,True,543.0,105.0,False,True,False,,-3.423165207961574,0.24550240508631438,-438.0
v500_s5_p50,500,0.5,h3,3,,2.962228144228015,4.564965875004418,1.1004305829992518,True,True,543.0,105.0,False,True,False,,-3.4645352920051664,0.24105998010295898,-438.0
v500_s5_p50,500,0.5,h3,4,,3.4616775373740407,4.487122834019829,1.0868934169993736,True,True,543.0,105.0,False,True,False,,-3.400229417020455,0.2422250197295514,-438.0
v500_s5_p50,500,0.5,h4,0,,2.6808162455256754,3.848356083035469,1.9862270840094425,True,True,1367.0,73.0,False,True,False,,-1.8621289990260266,0.516123519017701,-1294.0
v500_s5_p50,500,0.5,h4,1,,2.7752330689704476,3.9215813750051893,2.0729842919972725,True,True,1367.0,73.0,False,True,False,,-1.8485970830079168,0.5286092761480767,-1294.0
v500_s5_p50,500,0.5,h4,2,,2.6258868571980147,3.8357914999942295,1.9717777920304798,True,True,1367.0,73.0,False,True,False,,-1.8640137079637498,0.5140471769733694,-1294.0
v500_s5_p50,500,0.5,h4,3,,2.6827110882030456,3.8954336660099216,2.0457186669809744,True,True,1367.0,73.0,False,True,False,,-1.8497149990289472,0.5251581318997011,-1294.0
v500_s5_p50,500,0.5,h4,4,,2.676690545362185,3.8597147910040803,2.078892082965467,True,True,1367.0,73.0,False,True,False,,-1.7808227080386132,0.5386128757002422,-1294.0
v500_s5_p50,500,0.5,h2+3,0,,2.627552913447659,4.63107687496813,1.1289504999876954,True,True,543.0,105.0,False,True,False,,-3.5021263749804348,0.2437771020580315,-438.0
v500_s5_p50,500,0.5,h2+3,1,,2.9533498374992653,4.9807600830099545,1.087087000021711,True,True,543.0,105.0,False,True,False,,-3.8936730829882436,0.2182572502799144,-438.0
v500_s5_p50,500,0.5,h2+3,2,,2.777268881127414,4.8644544169656,1.1493642919813283,True,True,543.0,105.0,False,True,False,,-3.715090124984272,0.23627815032508634,-438.0
v500_s5_p50,500,0.5,h2+3,3,,2.977990900539863,5.1188503339653835,1.1041616250295192,True,True,543.0,105.0,False,True,False,,-4.014688708935864,0.21570500268449266,-438.0
v500_s5_p50,500,0.5,h2+3,4,,2.8384293045057762,4.6979631669819355,1.129578375024721,True,True,543.0,105.0,False,True,False,,-3.5683847919572145,0.24044002366037803,-438.0
v500_s5_p50,500,0.5,h2+3+4,0,,2.613501326827001,4.82300433301134,2.378805958025623,True,True,1367.0,73.0,False,True,False,,-2.4441983749857172,0.4932207797832036,-1294.0
v500_s5_p50,500,0.5,h2+3+4,1,,2.655677884785628,4.979667000006884,2.4048889160039835,True,True,1367.0,73.0,False,True,False,,-2.574778084002901,0.4829417139741791,-1294.0
v500_s5_p50,500,0.5,h2+3+4,2,,2.6305532403806673,4.874985624977853,2.4306314580026083,True,True,1367.0,73.0,False,True,False,,-2.444354166975245,0.49859253851925983,-1294.0
v500_s5_p50,500,0.5,h2+3+4,3,,2.556165208509193,4.853332708997186,2.461563709017355,True,True,1367.0,73.0,False,True,False,,-2.3917689999798313,0.5071903899054908,-1294.0
v500_s5_p50,500,0.5,h2+3+4,4,,2.634741565830911,4.881271583028138,2.4083398750517517,True,True,1367.0,73.0,False,True,False,,-2.472931707976386,0.49338370834054635,-1294.0
v500_s6_p0,500,0.0,h2,0,2.117080542221865,,14.143699457985349,11.098859500023536,True,True,731.0,669.0,True,False,False,,-3.0448399579618126,0.7847211073024649,-62.0
v500_s6_p0,500,0.0,h2,1,2.1234070916194034,2.107766822350789,14.317153666983359,12.58259383396944,True,True,731.0,669.0,True,True,True,-0.015640269268614393,-1.7345598330139183,0.8788474389980203,-62.0
v500_s6_p0,500,0.0,h2,2,2.218541358134884,2.054968400023113,14.342473917000461,12.198653833009303,True,True,731.0,669.0,True,True,True,-0.16357295811177108,-2.1438200839911588,0.8505264784585008,-62.0
v500_s6_p0,500,0.0,h2,3,2.1946974698334945,2.2873282015678678,14.28597266599536,11.953272332961205,True,True,731.0,669.0,True,True,True,0.0926307317343733,-2.332700333034154,0.8367139299806559,-62.0
v500_s6_p0,500,0.0,h2,4,,2.0040399027491382,13.47234091599239,12.506034207995981,True,True,731.0,669.0,False,True,False,,-0.9663067079964094,0.9282747731799638,-62.0
v500_s6_p0,500,0.0,h3,0,1.497184034054293,1.5159311618616982,40.14868987497175,33.20262916601496,True,True,731.0,669.0,True,True,True,0.018747127807405173,-6.946060708956793,0.8269915972205387,-62.0
v500_s6_p0,500,0.0,h3,1,1.5170939088480535,1.5015289358016832,39.58992154203588,33.306382499984466,True,True,731.0,669.0,True,True,True,-0.015564973046370278,-6.283539042051416,0.841284377505531,-62.0
v500_s6_p0,500,0.0,h3,2,1.4994459991279128,1.5228467512634156,40.42162550002104,33.07357579196105,True,True,731.0,669.0,True,True,True,0.023400752135502856,-7.348049708059989,0.8182148882642989,-62.0
v500_s6_p0,500,0.0,h3,3,1.5110317601984222,1.4978410997331428,41.15261508396361,33.69036025000969,True,True,731.0,669.0,True,True,True,-0.013190660465279391,-7.462254833953921,0.818668757289696,-62.0
v500_s6_p0,500,0.0,h3,4,1.4855521370962115,1.500932349863648,40.21360083302716,33.15119624999352,True,True,731.0,669.0,True,True,True,0.015380212767436507,-7.06240458303364,0.8243777120990037,-62.0
v500_s6_p0,500,0.0,h4,0,1.4636108403376702,1.5213086054625624,83.21849087497685,61.06978441699175,True,True,286.0,381.0,True,True,True,0.05769776512489222,-22.1487064579851,0.7338487369200174,95.0
v500_s6_p0,500,0.0,h4,1,1.491949423236767,1.5006828119076958,72.46466387499822,60.25406987499446,True,True,333.0,366.0,True,True,True,0.008733388670928877,-12.210594000003766,0.8314958857593395,33.0
v500_s6_p0,500,0.0,h4,2,1.4967133703807227,1.4893891746699215,75.1664553330047,57.82633483299287,True,True,387.0,384.0,True,True,True,-0.007324195710801229,-17.340120500011835,0.7693103868847998,-3.0
v500_s6_p0,500,0.0,h4,3,1.4896282138512573,1.4768795735844813,78.02376462501707,62.49332333303755,True,True,303.0,298.0,True,True,True,-0.012748640266776023,-15.530441291979514,0.8009524230647039,-5.0
v500_s6_p0,500,0.0,h4,4,1.4831063022506263,1.5166953912456274,82.80920491600409,54.879323708009906,True,True,310.0,377.0,True,True,True,0.033589088995001015,-27.929881207994185,0.6627200896769349,67.0
v500_s6_p0,500,0.0,h2+3,0,1.5083710860549804,1.5060834354482349,41.12819883303018,33.61730325000826,True,True,731.0,669.0,True,True,True,-0.002287650606745517,-7.51089558302192,0.8173784460264305,-62.0
v500_s6_p0,500,0.0,h2+3,1,1.5118538656783298,1.4999688229481294,41.09772008302389,34.20542479096912,True,True,731.0,669.0,True,True,True,-0.011885042730200412,-6.892295292054769,0.8322949477943973,-62.0
v500_s6_p0,500,0.0,h2+3,2,1.5071836447398579,1.5188319623658033,40.656038582965266,33.92027483403217,True,True,731.0,669.0,True,True,True,0.011648317625945426,-6.7357637489330955,0.8343231661592491,-62.0
v500_s6_p0,500,0.0,h2+3,3,1.5111302224244856,1.5019223203667225,41.347195749985985,34.04190275003202,True,True,731.0,669.0,True,True,True,-0.009207902057763118,-7.305292999953963,0.8233182960187466,-62.0
v500_s6_p0,500,0.0,h2+3,4,1.503140203390762,1.5078688889862937,41.38702141697286,33.914148916024715,True,True,731.0,669.0,True,True,True,0.004728685595531745,-7.472872500948142,0.8194392288911251,-62.0
v500_s6_p0,500,0.0,h2+3+4,0,1.495991123545906,,87.27297795802588,64.72722012503073,True,True,286.0,381.0,True,False,False,,-22.54575783299515,0.7416639335506738,95.0
v500_s6_p0,500,0.0,h2+3+4,1,1.5012847122066597,1.4978898662570899,78.04773466597544,64.83503666700562,True,True,333.0,366.0,True,True,True,-0.003394845949569847,-13.212697998969816,0.830710038471753,33.0
v500_s6_p0,500,0.0,h2+3+4,2,1.4991487511352632,1.4908500757165246,79.46963404200505,61.206079499970656,True,True,387.0,384.0,True,True,True,-0.008298675418738632,-18.2635545420344,0.7701819724955462,-3.0
v500_s6_p0,500,0.0,h2+3+4,3,1.4850258407580146,1.4792533135173853,82.92836008302402,65.69590737501858,True,True,303.0,298.0,True,True,True,-0.005772527240629266,-17.23245270800544,0.7922007297533303,-5.0
v500_s6_p0,500,0.0,h2+3+4,4,1.5057034829584441,1.4942393691486662,85.17384062497877,60.019424957979936,True,True,310.0,377.0,True,True,True,-0.011464113809777965,-25.15441566699883,0.7046697027817032,67.0
v500_s6_p10,500,0.1,h2,0,,,10.185517917037942,5.077935457986314,True,True,658.0,450.0,False,False,False,,-5.107582459051628,0.49854464930959863,-208.0
v500_s6_p10,500,0.1,h2,1,,,10.312351708998904,4.838798707991373,True,True,658.0,450.0,False,False,False,,-5.473553001007531,0.46922359172145717,-208.0
v500_s6_p10,500,0.1,h2,2,,,10.644391666981392,4.9595107909990475,True,True,658.0,450.0,False,False,False,,-5.684880875982344,0.46592712351832305,-208.0
v500_s6_p10,500,0.1,h2,3,,2.2073864990180034,11.259072332992218,5.1633022500318475,True,True,658.0,450.0,False,True,False,,-6.095770082960371,0.45859037914712864,-208.0
v500_s6_p10,500,0.1,h2,4,,2.3546830445257516,10.32361183402827,5.573030333034694,True,True,658.0,450.0,False,True,False,,-4.750581500993576,0.5398333860892656,-208.0
v500_s6_p10,500,0.1,h3,0,1.8162116541151296,1.7255414022434012,19.118748874985613,15.85092762496788,True,True,658.0,450.0,True,True,True,-0.09067025187172839,-3.2678212500177324,0.8290776623833764,-208.0
v500_s6_p10,500,0.1,h3,1,1.875653448354055,1.7093784169334498,17.42822466697544,15.801643042010255,True,True,658.0,450.0,True,True,True,-0.16627503142060518,-1.6265816249651834,0.9066696891940247,-208.0
v500_s6_p10,500,0.1,h3,2,1.821779023204691,1.758865484985184,17.5369538749801,15.77611454098951,True,True,658.0,450.0,True,True,True,-0.06291353821950718,-1.7608393339905888,0.8995926346990756,-208.0
v500_s6_p10,500,0.1,h3,3,1.8057602556083354,1.7140490245606097,18.024983790994156,15.917530291015282,True,True,658.0,450.0,True,True,True,-0.09171123104772572,-2.107453499978874,0.883081531477891,-208.0
v500_s6_p10,500,0.1,h3,4,1.8566864317468954,1.718321521136893,18.997691541037057,15.85090154199861,True,True,658.0,450.0,True,True,True,-0.13836491061000245,-3.1467899990384467,0.8343593487534503,-208.0
v500_s6_p10,500,0.1,h4,0,,1.7715847179801423,40.946022082993295,22.374436083016917,True,True,428.0,312.0,False,True,False,,-18.571585999976378,0.5464373569101848,-116.0
v500_s6_p10,500,0.1,h4,1,,1.760913595877039,45.59283812495414,25.273573875019792,True,True,380.0,292.0,False,True,False,,-20.31926424993435,0.5543321037780912,-88.0
v500_s6_p10,500,0.1,h4,2,,1.704334397857892,40.85083087498788,26.54230529203778,True,True,470.0,247.0,False,True,False,,-14.308525582950097,0.6497372201134124,-223.0
v500_s6_p10,500,0.1,h4,3,,1.7761658323619625,41.537063333031256,23.037520541984122,True,True,427.0,293.0,False,True,False,,-18.499542791047134,0.5546256449878617,-134.0
v500_s6_p10,500,0.1,h4,4,,1.7188334390484676,42.5017194999964,25.811419250036124,True,True,366.0,258.0,False,True,False,,-16.690300249960274,0.6073029410030883,-108.0
v500_s6_p10,500,0.1,h2+3,0,1.8459062073065042,1.7098078777500136,18.465213250019588,15.724969499977306,True,True,658.0,450.0,True,True,True,-0.1360983295564906,-2.740243750042282,0.8515996694465808,-208.0
v500_s6_p10,500,0.1,h2+3,1,1.7822148900979415,1.746262224563788,18.733354291995056,16.05780958296964,True,True,658.0,450.0,True,True,True,-0.03595266553415355,-2.6755447090254165,0.857177488488076,-208.0
v500_s6_p10,500,0.1,h2+3,2,1.8117949065168182,1.7204884961029823,18.324198207992595,16.295711165992543,True,True,658.0,450.0,True,True,True,-0.09130641041383591,-2.0284870420000516,0.8893000927530204,-208.0
v500_s6_p10,500,0.1,h2+3,3,1.912985981225368,1.736845041606813,18.427275708003435,16.030637249990832,True,True,658.0,450.0,True,True,True,-0.17614093961855493,-2.3966384580126032,0.8699407065922565,-208.0
v500_s6_p10,500,0.1,h2+3,4,1.841655891826132,1.6726557354647456,17.831302999984473,15.710657625051681,True,True,658.0,450.0,True,True,True,-0.16900015636138654,-2.120645374932792,0.8810717660434216,-208.0
v500_s6_p10,500,0.1,h2+3+4,0,,1.7567228870575013,44.95263233297737,25.364762708020862,True,True,428.0,312.0,False,True,False,,-19.58786962495651,0.564255337043148,-116.0
v500_s6_p10,500,0.1,h2+3+4,1,,1.7442037930137562,50.24268149997806,27.645680834015366,True,True,380.0,292.0,False,True,False,,-22.597000665962696,0.5502429410346548,-88.0
v500_s6_p10,500,0.1,h2+3+4,2,,1.7141617520349715,45.065185707993805,28.688991750008427,True,True,470.0,247.0,False,True,False,,-16.37619395798538,0.6366109736216949,-223.0
v500_s6_p10,500,0.1,h2+3+4,3,,,46.04084887501085,25.511968625010923,True,True,427.0,293.0,False,False,False,,-20.52888024999993,0.5541159480849148,-134.0
v500_s6_p10,500,0.1,h2+3+4,4,,1.7548216237486023,46.87931020895485,27.854926083004102,True,True,366.0,258.0,False,True,False,,-19.024384125950746,0.5941837872367686,-108.0
v500_s6_p30,500,0.3,h2,0,,3.1960451592150196,4.661691542016342,0.8972654169774614,True,True,546.0,114.0,False,True,False,,-3.764426125038881,0.192476359469585,-432.0
v500_s6_p30,500,0.3,h2,1,,3.309006122705013,4.977457917004358,0.8639342920505442,True,True,546.0,114.0,False,True,False,,-4.113523624953814,0.17356938149072204,-432.0
v500_s6_p30,500,0.3,h2,2,,3.5118227494645238,4.7201253329985775,0.8950786670320667,True,True,546.0,114.0,False,True,False,,-3.8250466659665108,0.18963027544513222,-432.0
v500_s6_p30,500,0.3,h2,3,,3.1127094298443745,5.135596500011161,0.8594011660316028,True,True,546.0,114.0,False,True,False,,-4.276195333979558,0.1673420343731707,-432.0
v500_s6_p30,500,0.3,h2,4,,,4.704838333011139,0.5838466249988414,True,True,546.0,114.0,False,False,False,,-4.120991708012298,0.12409493879998515,-432.0
v500_s6_p30,500,0.3,h3,0,,2.992658021659029,4.779726292006671,1.043728332966566,True,True,546.0,114.0,False,True,False,,-3.7359979590401053,0.21836571159148485,-432.0
v500_s6_p30,500,0.3,h3,1,,2.711900212050725,5.05534262501169,1.0307747920160182,True,True,546.0,114.0,False,True,False,,-4.024567832995672,0.20389810710676304,-432.0
v500_s6_p30,500,0.3,h3,2,,2.9690454656765652,4.817510415974539,1.001298165996559,True,True,546.0,114.0,False,True,False,,-3.81621224997798,0.20784556327606932,-432.0
v500_s6_p30,500,0.3,h3,3,,3.054403438002919,4.739814915985335,1.0441205420065671,True,True,546.0,114.0,False,True,False,,-3.6956943739787675,0.22028719697159535,-432.0
v500_s6_p30,500,0.3,h3,4,,2.920370727548888,5.119607125001494,1.0330199169693515,True,True,546.0,114.0,False,True,False,,-4.086587208032142,0.20177718558219446,-432.0
v500_s6_p30,500,0.3,h4,0,,3.2174213244040137,3.963886666984763,2.3488257079734467,True,True,1417.0,76.0,False,True,False,,-1.6150609590113163,0.5925562220375348,-1341.0
v500_s6_p30,500,0.3,h4,1,,3.3194004315775913,4.110453250003047,2.315085625043139,True,True,1417.0,73.0,False,True,False,,-1.7953676249599084,0.5632190622874552,-1344.0
v500_s6_p30,500,0.3,h4,2,,3.238446945788598,3.9338070829981007,2.217875417030882,True,True,1417.0,73.0,False,True,False,,-1.7159316659672186,0.5637987248069514,-1344.0
v500_s6_p30,500,0.3,h4,3,,3.1429120346500174,3.9889481250429526,2.385642875044141,True,True,1417.0,73.0,False,True,False,,-1.6033052499988116,0.5980631485445684,-1344.0
v500_s6_p30,500,0.3,h4,4,,3.134160662631816,3.9761444170144387,2.288156041991897,True,True,1417.0,73.0,False,True,False,,-1.6879883750225417,0.5754710599043082,-1344.0
v500_s6_p30,500,0.3,h2+3,0,,2.908701453975097,5.183728375006467,1.0476071250159293,True,True,546.0,114.0,False,True,False,,-4.136121249990538,0.2020952969038665,-432.0
v500_s6_p30,500,0.3,h2+3,1,,3.04372380864508,5.445622666971758,1.0741077910060994,True,True,546.0,114.0,False,True,False,,-4.371514875965659,0.19724241958971372,-432.0
v500_s6_p30,500,0.3,h2+3,2,,2.7956045734134376,5.386551791976672,1.1028222080203705,True,True,546.0,114.0,False,True,False,,-4.283729583956301,0.20473621170096912,-432.0
v500_s6_p30,500,0.3,h2+3,3,,3.234918402605645,5.333478750020731,1.1213103749905713,True,True,546.0,114.0,False,True,False,,-4.21216837503016,0.2102399629859241,-432.0
v500_s6_p30,500,0.3,h2+3,4,,3.0211504946289054,5.331393750035204,1.0970517079695128,True,True,546.0,114.0,False,True,False,,-4.234342042065691,0.20577202874244072,-432.0
v500_s6_p30,500,0.3,h2+3+4,0,,3.3002128890968647,5.0393764590262435,2.828236499975901,True,True,1417.0,76.0,False,True,False,,-2.2111399590503424,0.5612274699005916,-1341.0
v500_s6_p30,500,0.3,h2+3+4,1,,3.2459680094553653,5.088491874979809,2.9958070419961587,True,True,1417.0,73.0,False,True,False,,-2.0926848329836503,0.5887416381121855,-1344.0
v500_s6_p30,500,0.3,h2+3+4,2,,3.0583155664559185,4.983910708979238,2.760009999969043,True,True,1417.0,73.0,False,True,False,,-2.223900709010195,0.5537839983763121,-1344.0
v500_s6_p30,500,0.3,h2+3+4,3,,2.9501631782054996,5.0723418749985285,2.837790291989222,True,True,1417.0,73.0,False,True,False,,-2.2345515830093063,0.5594635302436205,-1344.0
v500_s6_p30,500,0.3,h2+3+4,4,,3.130873787779409,5.017371041001752,2.8773505840217695,True,True,1417.0,73.0,False,True,False,,-2.1400204569799826,0.5734777357520856,-1344.0
v500_s6_p50,500,0.5,h2,0,,,4.865420292015187,0.5556366670061834,True,True,546.0,114.0,False,False,False,,-4.309783625009004,0.11420116529666682,-432.0
v500_s6_p50,500,0.5,h2,1,,3.355009492059433,4.7302147499867715,0.887230291031301,True,True,546.0,114.0,False,True,False,,-3.8429844589554705,0.18756659854265226,-432.0
v500_s6_p50,500,0.5,h2,2,,3.259056046845759,5.0674829999916255,0.868765750026796,True,True,546.0,114.0,False,True,False,,-4.1987172499648295,0.17143930231798146,-432.0
v500_s6_p50,500,0.5,h2,3,,3.279435408543288,4.845229500031564,0.8983662499813363,True,True,546.0,114.0,False,True,False,,-3.946863250050228,0.18541252792576365,-432.0
v500_s6_p50,500,0.5,h2,4,,3.5951199683166455,4.719494750024751,0.8871415830217302,True,True,546.0,114.0,False,True,False,,-3.8323531670030206,0.18797384678033124,-432.0
v500_s6_p50,500,0.5,h3,0,,2.9562966177931242,4.994360040989704,1.030761583999265,True,True,546.0,114.0,False,True,False,,-3.9635984569904394,0.2063851175204831,-432.0
v500_s6_p50,500,0.5,h3,1,,3.156881471083529,5.053615749988239,1.0843176249763928,True,True,546.0,114.0,False,True,False,,-3.9692981250118464,0.21456273658695088,-432.0
v500_s6_p50,500,0.5,h3,2,,3.0236659729704782,5.089307583984919,1.0517939170240425,True,True,546.0,114.0,False,True,False,,-4.037513666960876,0.20666739034084666,-432.0
v500_s6_p50,500,0.5,h3,3,,2.9669199124263,5.054658540990204,1.0705955830053426,True,True,546.0,114.0,False,True,False,,-3.984062957984861,0.21180373992099846,-432.0
v500_s6_p50,500,0.5,h3,4,,2.738922863201685,4.897190666000824,1.0305508750025183,True,True,546.0,114.0,False,True,False,,-3.866639790998306,0.2104371557671234,-432.0
v500_s6_p50,500,0.5,h4,0,,3.253171924907771,3.9502381249913014,2.3699068329879083,True,True,1417.0,73.0,False,True,False,,-1.5803312920033932,0.5999402461321561,-1344.0
v500_s6_p50,500,0.5,h4,1,,3.1012468622286207,3.985295207996387,2.3520468340138905,True,True,1417.0,73.0,False,True,False,,-1.6332483739824966,0.5901813319361066,-1344.0
v500_s6_p50,500,0.5,h4,2,,3.002154490390938,3.9659587499918416,2.344784416956827,True,True,1417.0,76.0,False,True,False,,-1.6211743330350146,0.5912276361829659,-1341.0
v500_s6_p50,500,0.5,h4,3,,3.1326226022597985,4.047599207959138,2.3899842919781804,True,True,1417.0,73.0,False,True,False,,-1.6576149159809574,0.5904696016538771,-1344.0
v500_s6_p50,500,0.5,h4,4,,3.343103922851053,4.03633820899995,2.3316672919900157,True,True,1417.0,78.0,False,True,False,,-1.7046709170099348,0.5776689591548656,-1339.0
v500_s6_p50,500,0.5,h2+3,0,,3.1077780659566008,5.465819249977358,1.1111943330033682,True,True,546.0,114.0,False,True,False,,-4.3546249169739895,0.2032987704465294,-432.0
v500_s6_p50,500,0.5,h2+3,1,,2.8625882653424535,5.3850726669770665,1.1200041249976493,True,True,546.0,114.0,False,True,False,,-4.265068541979417,0.20798310334155035,-432.0
v500_s6_p50,500,0.5,h2+3,2,,2.8553680328618047,5.340996416984126,1.0690075830207206,True,True,546.0,114.0,False,True,False,,-4.271988833963405,0.20015133873172525,-432.0
v500_s6_p50,500,0.5,h2+3,3,,3.0558457742901974,5.491330959019251,1.1144665839965455,True,True,546.0,114.0,False,True,False,,-4.376864375022706,0.20295017588879558,-432.0
v500_s6_p50,500,0.5,h2+3,4,,2.900789741614965,5.299706542049535,1.105118624982424,True,True,546.0,114.0,False,True,False,,-4.1945879170671105,0.20852449399114198,-432.0
v500_s6_p50,500,0.5,h2+3+4,0,,3.1506443644934947,5.033039750007447,2.8719469579518773,True,True,1417.0,73.0,False,True,False,,-2.1610927920555696,0.570618771279847,-1344.0
v500_s6_p50,500,0.5,h2+3+4,1,,3.393970223003289,5.05855941696791,2.836915042018518,True,True,1417.0,73.0,False,True,False,,-2.221644374949392,0.5608148107349817,-1344.0
v500_s6_p50,500,0.5,h2+3+4,2,,3.2279057628662926,4.953149083012249,2.804828207998071,True,True,1417.0,76.0,False,True,False,,-2.1483208750141785,0.5662717113881659,-1341.0
v500_s6_p50,500,0.5,h2+3+4,3,,3.0611715485488906,5.058691166981589,2.8429477080353536,True,True,1417.0,73.0,False,True,False,,-2.2157434589462355,0.5619927396618835,-1344.0
v500_s6_p50,500,0.5,h2+3+4,4,,3.2931028504916418,4.935053541033994,2.8087412080494687,True,True,1417.0,78.0,False,True,False,,-2.1263123329845257,0.569140979868879,-1339.0
v500_s7_p0,500,0.0,h2,0,1.9308037366174737,2.2486702547919193,14.542948791000526,11.718121125013568,True,True,731.0,669.0,True,True,True,0.31786651817444556,-2.824827665986959,0.8057596360557207,-62.0
v500_s7_p0,500,0.0,h2,1,2.204406761243534,2.0220010435652105,15.099950500007253,12.085668290965259,True,True,731.0,669.0,True,True,True,-0.1824057176783236,-3.014282209041994,0.8003780072629678,-62.0
v500_s7_p0,500,0.0,h2,2,1.9927263775065407,2.0365467622269553,15.011759167013224,11.966960917052347,True,True,731.0,669.0,True,True,True,0.04382038472041461,-3.044798249960877,0.7971724555339588,-62.0
v500_s7_p0,500,0.0,h2,3,1.9342933327941976,,14.87032183300471,11.33716870797798,True,True,731.0,669.0,True,False,False,,-3.533153125026729,0.7624023767135363,-62.0
v500_s7_p0,500,0.0,h2,4,,,13.77370374999009,11.24961037497269,True,True,731.0,669.0,False,False,False,,-2.524093375017401,0.8167454868470496,-62.0
v500_s7_p0,500,0.0,h3,0,1.5189987452928482,1.508319643020606,40.16466016601771,33.43704762501875,True,True,731.0,669.0,True,True,True,-0.010679102272242114,-6.727612540998962,0.832499204196155,-62.0
v500_s7_p0,500,0.0,h3,1,1.5098656144963463,1.5098338732313341,41.58989024994662,34.269723667006474,True,True,731.0,669.0,True,True,True,-3.174126501215291e-05,-7.320166582940146,0.8239916831002086,-62.0
v500_s7_p0,500,0.0,h3,2,1.5188119003113347,1.5044867568169409,40.27486337500159,33.36827425000956,True,True,731.0,669.0,True,True,True,-0.014325143494393844,-6.906589124992024,0.8285136547656444,-62.0
v500_s7_p0,500,0.0,h3,3,1.5155843043596187,1.5002745762780887,40.39149466698291,33.662532249989454,True,True,731.0,669.0,True,True,True,-0.015309728081529972,-6.728962416993454,0.8334064517178195,-62.0
v500_s7_p0,500,0.0,h3,4,1.5115621405184232,1.5375555168342898,40.494108584010974,33.61129366699606,True,True,731.0,669.0,True,True,True,0.025993376315866623,-6.882814917014912,0.8300292275174918,-62.0
v500_s7_p0,500,0.0,h4,0,1.463033564367505,1.4974169814563394,88.88746237498708,53.59161291702185,True,True,280.0,364.0,True,True,True,0.03438341708883441,-35.29584945796523,0.6029153210712259,84.0
v500_s7_p0,500,0.0,h4,1,1.4997371273122109,1.4920500196528443,84.6332260830095,54.99368079099804,True,True,289.0,376.0,True,True,True,-0.007687107659366532,-29.639545292011462,0.649788308164685,87.0
v500_s7_p0,500,0.0,h4,2,1.4818171999597336,1.475405376972098,80.81358700001147,60.49699158302974,True,True,289.0,370.0,True,True,True,-0.00641182298763554,-20.316595416981727,0.7485992619412025,81.0
v500_s7_p0,500,0.0,h4,3,1.5042598821529487,1.4867992150733684,78.52592683403054,68.74241829197854,True,True,365.0,360.0,True,True,True,-0.017460667079580272,-9.783508542052004,0.8754104671348858,-5.0
v500_s7_p0,500,0.0,h4,4,1.4860590895974712,1.4859096201970678,83.80852908402449,67.91881887504132,True,True,289.0,360.0,True,True,True,-0.0001494694004033903,-15.88971020898316,0.8104046165390577,71.0
v500_s7_p0,500,0.0,h2+3,0,1.5143061083989082,1.5117247743290156,41.27142729202751,33.91706895898096,True,True,731.0,669.0,True,True,True,-0.0025813340698925824,-7.354358333046548,0.8218050885178084,-62.0
v500_s7_p0,500,0.0,h2+3,1,1.5083029270674124,1.503071836933489,41.333920583012514,34.59443937498145,True,True,731.0,669.0,True,True,True,-0.005231090133923422,-6.739481208031066,0.83695035184248,-62.0
v500_s7_p0,500,0.0,h2+3,2,1.495405514662898,1.5033202691482623,40.76038804097334,33.56381683296058,True,True,731.0,669.0,True,True,True,0.007914754485364384,-7.196571208012756,0.8234420339477979,-62.0
v500_s7_p0,500,0.0,h2+3,3,1.5081733063579457,1.5067572310737687,40.879691708949395,33.887412834039424,True,True,731.0,669.0,True,True,True,-0.0014160752841769764,-6.992278874909971,0.8289547062954191,-62.0
v500_s7_p0,500,0.0,h2+3,4,1.5175375297248146,1.506392910019579,40.41202979203081,33.54167750000488,True,True,731.0,669.0,True,True,True,-0.011144619705235614,-6.8703522920259275,0.8299923976256013,-62.0
v500_s7_p0,500,0.0,h2+3+4,0,1.4851082383019956,1.5066542318521323,92.00345224997727,58.20472158398479,True,True,280.0,364.0,True,True,True,0.021545993550136755,-33.79873066599248,0.6326362778848788,84.0
v500_s7_p0,500,0.0,h2+3+4,1,1.4960889435424265,1.4829566238030487,89.64594687498175,58.835692291962914,True,True,289.0,376.0,True,True,True,-0.013132319739377785,-30.810254583018832,0.6563117948211743,87.0
v500_s7_p0,500,0.0,h2+3+4,2,1.4815293848432485,1.4813050239422718,85.02784495899687,64.80220437498065,True,True,289.0,370.0,True,True,True,-0.00022436090097666117,-20.22564058401622,0.7621292108041823,81.0
v500_s7_p0,500,0.0,h2+3+4,3,1.497464999374986,1.4734439718687968,81.70042224996723,72.42334391601617,True,True,365.0,360.0,True,True,True,-0.024021027506189174,-9.277078333951067,0.886450056456657,-5.0
v500_s7_p0,500,0.0,h2+3+4,4,1.490145776025714,,88.80097245803336,72.67161824996583,True,True,289.0,360.0,True,False,False,,-16.129354208067525,0.8183651173900136,71.0
v500_s7_p10,500,0.1,h2,0,,,10.776626791979652,4.607485958025791,True,True,658.0,450.0,False,False,False,,-6.169140833953861,0.4275443556656193,-208.0
v500_s7_p10,500,0.1,h2,1,,,10.5338960410445,4.825120291963685,True,True,658.0,450.0,False,False,False,,-5.708775749080814,0.4580565702531127,-208.0
v500_s7_p10,500,0.1,h2,2,,,9.992702917021234,4.763695165980607,True,True,658.0,450.0,False,False,False,,-5.229007751040626,0.476717381226884,-208.0
v500_s7_p10,500,0.1,h2,3,,2.5378305138080237,10.615636625036132,5.473856416007038,True,True,658.0,450.0,False,True,False,,-5.141780209029093,0.515640899302957,-208.0
v500_s7_p10,500,0.1,h2,4,3.031897686367653,,11.219063624972478,4.796900207991712,True,True,658.0,450.0,True,False,False,,-6.422163416980766,0.4275668958070892,-208.0
v500_s7_p10,500,0.1,h3,0,1.886050387760736,1.7727672004142072,23.7393562910147,15.75690466701053,True,True,658.0,450.0,True,True,True,-0.11328318734652876,-7.98245162400417,0.6637460794577016,-208.0
v500_s7_p10,500,0.1,h3,1,1.748702662410121,1.7374808289251833,27.144638292025775,16.119071041990537,True,True,658.0,450.0,True,True,True,-0.01122183348493766,-11.025567250035238,0.5938215447404139,-208.0
v500_s7_p10,500,0.1,h3,2,1.789858449931071,1.748622268596109,26.269265334005468,15.74991533398861,True,True,658.0,450.0,True,True,True,-0.041236181334961985,-10.519350000016857,0.5995567494459163,-208.0
v500_s7_p10,500,0.1,h3,3,1.831465430247387,1.7400402602455305,25.883095666998997,15.637104750028811,True,True,658.0,450.0,True,True,True,-0.09142517000185646,-10.245990916970186,0.6041435287034137,-208.0
v500_s7_p10,500,0.1,h3,4,1.8371671060798003,1.7672905146510054,26.170529459021054,15.67059029196389,True,True,658.0,450.0,True,True,True,-0.06987659142879488,-10.499939167057164,0.598787667498343,-208.0
v500_s7_p10,500,0.1,h4,0,1.8065912101000678,1.732578390145245,48.68170208402444,34.703226499957964,True,True,297.0,203.0,True,True,True,-0.0740128199548229,-13.978475584066473,0.7128597607384459,-94.0
v500_s7_p10,500,0.1,h4,1,,1.748947208788981,49.00084212498041,29.741369458963163,True,True,294.0,229.0,False,True,False,,-19.259472666017246,0.606956292365456,-65.0
v500_s7_p10,500,0.1,h4,2,,1.7469653372335818,50.23569387500174,30.34578470798442,True,True,315.0,226.0,False,True,False,,-19.889909167017322,0.6040681907070278,-89.0
v500_s7_p10,500,0.1,h4,3,1.7919002760181846,1.7856073195248912,54.94220316701103,25.977395291964058,True,True,256.0,276.0,True,True,True,-0.006292956493293422,-28.964807875046972,0.4728131344314506,20.0
v500_s7_p10,500,0.1,h4,4,,1.738670906982087,47.76116812496912,27.167903000023216,True,True,296.0,299.0,False,True,False,,-20.5932651249459,0.5688282775860349,3.0
v500_s7_p10,500,0.1,h2+3,0,1.8445621795442888,1.802638029672055,25.016830084030516,15.98372516699601,True,True,658.0,450.0,True,True,True,-0.04192414987223381,-9.033104917034507,0.6389188843393557,-208.0
v500_s7_p10,500,0.1,h2+3,1,1.9229259114412631,1.7488489777826521,24.148098959005438,16.28459087497322,True,True,658.0,450.0,True,True,True,-0.174076933658611,-7.863508084032219,0.6743632657220118,-208.0
v500_s7_p10,500,0.1,h2+3,2,1.7965906322444776,1.7670676188294694,27.189772791985888,15.970214332977775,True,True,658.0,450.0,True,True,True,-0.02952301341500818,-11.219558459008113,0.5873610807694926,-208.0
v500_s7_p10,500,0.1,h2+3,3,1.8336084671443955,1.764844142112142,27.184489709034096,16.287206583016086,True,True,658.0,450.0,True,True,True,-0.0687643250322536,-10.89728312601801,0.5991360057644721,-208.0
v500_s7_p10,500,0.1,h2+3,4,1.8468019649556762,1.7351043402765478,26.335235167003702,16.521674291987438,True,True,658.0,450.0,True,True,True,-0.11169762467912836,-9.813560875016265,0.6273600439569265,-208.0
v500_s7_p10,500,0.1,h2+3+4,0,1.8561599066149514,1.7158749012838557,52.35624591703527,37.67334308399586,True,True,297.0,203.0,True,True,True,-0.14028500533109578,-14.682902833039407,0.7195577609535599,-94.0
v500_s7_p10,500,0.1,h2+3+4,1,,1.7353422130665144,52.27636012498988,32.334321665985044,True,True,294.0,229.0,False,True,False,,-19.942038459004834,0.618526645479438,-65.0
v500_s7_p10,500,0.1,h2+3+4,2,,1.7416064286793604,54.44939670799067,32.23562141699949,True,True,315.0,226.0,False,True,False,,-22.21377529099118,0.592028991429923,-89.0
v500_s7_p10,500,0.1,h2+3+4,3,1.809327786517698,1.848923740656282,58.532672375033144,28.42993695801124,True,True,256.0,276.0,True,True,True,0.039595954138583966,-30.102735417021904,0.48571055795733503,20.0
v500_s7_p10,500,0.1,h2+3+4,4,,1.809222647531244,51.72407091700006,29.405498500040267,True,True,296.0,299.0,False,True,False,,-22.318572416959796,0.5685070408944863,3.0
v500_s7_p30,500,0.3,h2,0,,3.0692858513597687,5.329379457980394,0.896035791025497,True,True,547.0,117.0,False,True,False,,-4.433343666954897,0.16813135527134263,-430.0
v500_s7_p30,500,0.3,h2,1,,3.278134227512194,4.840045291988645,0.9071765000117011,True,True,547.0,117.0,False,True,False,,-3.9328687919769436,0.18743140720465587,-430.0
v500_s7_p30,500,0.3,h2,2,,,5.47490154200932,0.5817846669815481,True,True,547.0,117.0,False,False,False,,-4.893116875027772,0.10626395059664027,-430.0
v500_s7_p30,500,0.3,h2,3,,,5.15060629096115,0.6469567920430563,True,True,547.0,117.0,False,False,False,,-4.503649498918094,0.12560789070180092,-430.0
v500_s7_p30,500,0.3,h2,4,,,5.5925332920160145,0.6163394590257667,True,True,547.0,117.0,False,False,False,,-4.976193832990248,0.11020756191217713,-430.0
v500_s7_p30,500,0.3,h3,0,,2.5014871971386414,5.060970374965109,1.5271253330283798,True,True,547.0,117.0,False,True,False,,-3.533845041936729,0.30174555863487107,-430.0
v500_s7_p30,500,0.3,h3,1,,2.7213273892063268,5.624210875015706,1.4675123330089264,True,True,547.0,117.0,False,True,False,,-4.1566985420067795,0.26092768667832505,-430.0
v500_s7_p30,500,0.3,h3,2,,2.542429654039087,5.4842764170025475,1.4964786660275422,True,True,547.0,117.0,False,True,False,,-3.9877977509750053,0.2728671117648458,-430.0
v500_s7_p30,500,0.3,h3,3,,2.6347518949199,5.641231500019785,1.4116583340219222,True,True,547.0,117.0,False,True,False,,-4.229573165997863,0.2502393908168759,-430.0
v500_s7_p30,500,0.3,h3,4,,2.6344440647611522,5.66873920802027,1.4381048340001144,True,True,547.0,117.0,False,True,False,,-4.2306343740201555,0.253690420608069,-430.0
v500_s7_p30,500,0.3,h4,0,,2.677878588961002,17.85343424999155,2.531380957982037,True,True,877.0,75.0,False,True,False,,-15.322053292009514,0.14178678020914856,-802.0
v500_s7_p30,500,0.3,h4,1,,2.644711339873065,18.529598541965242,2.7225252499920316,True,True,877.0,75.0,False,True,False,,-15.80707329197321,0.1469284530814925,-802.0
v500_s7_p30,500,0.3,h4,2,,2.6272642935754678,20.106742749980185,2.6779345420072787,True,True,653.0,75.0,False,True,False,,-17.428808207972907,0.1331858956622856,-578.0
v500_s7_p30,500,0.3,h4,3,,2.6974259827547367,18.09945645800326,2.627663749968633,True,True,877.0,75.0,False,True,False,,-15.471792708034627,0.1451791525378502,-802.0
v500_s7_p30,500,0.3,h4,4,,2.72568324706256,20.010428000008687,2.675121542008128,True,True,653.0,75.0,False,True,False,,-17.33530645800056,0.13368637302545286,-578.0
v500_s7_p30,500,0.3,h2+3,0,,2.5477557441519902,5.806518749974202,1.4661410839762539,True,True,547.0,117.0,False,True,False,,-4.3403776659979485,0.25249915605331813,-430.0
v500_s7_p30,500,0.3,h2+3,1,,2.7005017216783207,5.874048291996587,1.5361169169773348,True,True,547.0,117.0,False,True,False,,-4.337931375019252,0.2615090718730215,-430.0
v500_s7_p30,500,0.3,h2+3,2,,2.5674240181647097,5.7666548330453224,1.4191426250035875,True,True,547.0,117.0,False,True,False,,-4.347512208041735,0.2460946018255353,-430.0
v500_s7_p30,500,0.3,h2+3,3,,2.4766904573460664,5.748893167008646,1.512571208004374,True,True,547.0,117.0,False,True,False,,-4.236321959004272,0.2631065083422691,-430.0
v500_s7_p30,500,0.3,h2+3,4,,2.5254525260412515,5.999781624996103,1.5213647090131417,True,True,547.0,117.0,False,True,False,,-4.478416915982962,0.25357001372764626,-430.0
v500_s7_p30,500,0.3,h2+3+4,0,,2.561907476421765,20.89871687500272,3.1195993339642882,True,True,877.0,76.0,False,True,False,,-17.77911754103843,0.14927229038141043,-801.0
v500_s7_p30,500,0.3,h2+3+4,1,,2.6012598064167736,21.94912399997702,3.2360617090016603,True,True,877.0,76.0,False,True,False,,-18.71306229097536,0.14743466340638692,-801.0
v500_s7_p30,500,0.3,h2+3+4,2,,2.593693019998463,23.145989040960558,3.213541625009384,True,True,653.0,76.0,False,True,False,,-19.932447415951174,0.13883794809210806,-577.0
v500_s7_p30,500,0.3,h2+3+4,3,,2.5999614520593948,21.248879999970086,3.171035874984227,True,True,877.0,76.0,False,True,False,,-18.07784412498586,0.1492330831078481,-801.0
v500_s7_p30,500,0.3,h2+3+4,4,,2.5430068499071417,23.39596250001341,3.0889095829916187,True,True,653.0,76.0,False,True,False,,-20.307052917021792,0.1320274634133923,-577.0
v500_s7_p50,500,0.5,h2,0,,,5.308438041014597,0.5986448330222629,True,True,547.0,117.0,False,False,False,,-4.709793207992334,0.11277231238208904,-430.0
v500_s7_p50,500,0.5,h2,1,,3.7234133351155023,5.361758874962106,0.9084970419644378,True,True,547.0,117.0,False,True,False,,-4.4532618329976685,0.1694401152962811,-430.0
v500_s7_p50,500,0.5,h2,2,,3.2102435108959617,5.075480874977075,0.9283736669458449,True,True,547.0,117.0,False,True,False,,-4.14710720803123,0.18291344008857846,-430.0
v500_s7_p50,500,0.5,h2,3,,3.295906595902262,5.121175249980297,0.8804943329887465,True,True,547.0,117.0,False,True,False,,-4.2406809169915505,0.17193208394735837,-430.0
v500_s7_p50,500,0.5,h2,4,,3.1733469513397043,5.396992874972057,0.9145222910447046,True,True,547.0,117.0,False,True,False,,-4.482470583927352,0.16945034248344076,-430.0
v500_s7_p50,500,0.5,h3,0,,2.76058821242104,5.393557082978077,1.431868374987971,True,True,547.0,117.0,False,True,False,,-3.961688707990106,0.26547756016283014,-430.0
v500_s7_p50,500,0.5,h3,1,3.0500163201757364,2.630749215829289,6.364157875010278,1.4291958329849876,True,True,547.0,117.0,True,True,True,-0.41926710434644754,-4.93496204202529,0.224569512738978,-430.0
v500_s7_p50,500,0.5,h3,2,,2.55542408389649,5.225198041007388,1.4512713329750113,True,True,547.0,117.0,False,True,False,,-3.773926708032377,0.2777447517941759,-430.0
v500_s7_p50,500,0.5,h3,3,,2.539032755857897,5.074180083989631,1.4273627920192666,True,True,547.0,117.0,False,True,False,,-3.6468172919703647,0.28129919876572185,-430.0
v500_s7_p50,500,0.5,h3,4,,2.521691777990238,5.686235958011821,1.4534825420123525,True,True,547.0,117.0,False,True,False,,-4.232753415999468,0.2556141800560382,-430.0
v500_s7_p50,500,0.5,h4,0,,2.635602242171542,19.857485666987486,2.586078832973726,True,True,645.0,75.0,False,True,False,,-17.27140683401376,0.13023193753441856,-570.0
v500_s7_p50,500,0.5,h4,1,,2.5905236508748524,18.564269624999724,2.7572899580118246,True,True,877.0,75.0,False,True,False,,-15.8069796669879,0.1485267136121907,-802.0
v500_s7_p50,500,0.5,h4,2,,2.6000557907902446,17.876743665954564,2.6139210830442607,True,True,877.0,75.0,False,True,False,,-15.262822582910303,0.14621908396115527,-802.0
v500_s7_p50,500,0.5,h4,3,,2.523391547068009,19.87567575002322,2.5977803750429302,True,True,645.0,75.0,False,True,False,,-17.27789537498029,0.13070148696906042,-570.0
v500_s7_p50,500,0.5,h4,4,,2.6138533838971556,18.134470625023823,2.746892083028797,True,True,722.0,75.0,False,True,False,,-15.387578541995026,0.15147351912431073,-647.0
v500_s7_p50,500,0.5,h2+3,0,,2.667062655122701,5.94110112497583,1.4922628329950385,True,True,547.0,117.0,False,True,False,,-4.448838291980792,0.251176137487663,-430.0
v500_s7_p50,500,0.5,h2+3,1,,2.5960809472722044,5.851660166983493,1.5003604589728639,True,True,547.0,117.0,False,True,False,,-4.351299708010629,0.25639911002321475,-430.0
v500_s7_p50,500,0.5,h2+3,2,,2.628218782152598,5.8223691250314005,1.534305665991269,True,True,547.0,117.0,False,True,False,,-4.288063459040131,0.26351913337047217,-430.0
v500_s7_p50,500,0.5,h2+3,3,,2.521691777990238,6.1181274999980815,1.5473292090464383,True,True,547.0,117.0,False,True,False,,-4.570798290951643,0.2529089511532611,-430.0
v500_s7_p50,500,0.5,h2+3,4,,2.746448159117704,5.858546999981627,1.5263074170215987,True,True,547.0,117.0,False,True,False,,-4.332239582960028,0.2605266147094809,-430.0
v500_s7_p50,500,0.5,h2+3+4,0,,2.6408072485046983,23.195698250026908,3.048518707975745,True,True,645.0,76.0,False,True,False,,-20.147179542051163,0.13142603749694015,-569.0
v500_s7_p50,500,0.5,h2+3+4,1,,2.657397824970814,21.739629540999886,3.252611249976326,True,True,877.0,76.0,False,True,False,,-18.48701829102356,0.14961668246655532,-801.0
v500_s7_p50,500,0.5,h2+3+4,2,,2.6637984357386033,21.146434416994452,3.1052880830247886,True,True,877.0,76.0,False,True,False,,-18.041146333969664,0.14684688783888816,-801.0
v500_s7_p50,500,0.5,h2+3+4,3,,2.6802316004521005,23.27106337499572,3.112060458981432,True,True,645.0,76.0,False,True,False,,-20.159002916014288,0.1337309090191932,-569.0
v500_s7_p50,500,0.5,h2+3+4,4,,2.7218642892921716,21.452575291972607,3.2297140000155196,True,True,722.0,76.0,False,True,False,,-18.222861291957088,0.15055134202111642,-646.0
v500_s8_p0,500,0.0,h2,0,2.0578254601705526,2.135589983402652,14.46118858299451,11.996076958021149,True,True,731.0,669.0,True,True,True,0.07776452323209959,-2.4651116249733604,0.8295360294331419,-62.0
v500_s8_p0,500,0.0,h2,1,2.0630474876867866,2.1658928019171815,14.506427583051845,12.870623000024352,True,True,731.0,669.0,True,True,True,0.10284531423039489,-1.6358045830274932,0.8872358770853661,-62.0
v500_s8_p0,500,0.0,h2,2,1.9715218204355216,,14.854443875025027,11.262396624952089,True,True,731.0,669.0,True,False,False,,-3.5920472500729375,0.7581836600350759,-62.0
v500_s8_p0,500,0.0,h2,3,2.472431613085281,2.2459384565443674,14.633951249998063,12.364011207944714,True,True,731.0,669.0,True,True,True,-0.22649315654091362,-2.2699400420533493,0.8448853625876572,-62.0
v500_s8_p0,500,0.0,h2,4,2.2544239085782274,2.4095582534771065,14.906738292018417,12.475945750018582,True,True,731.0,669.0,True,True,True,0.15513434489887912,-2.4307925419998355,0.8369333053025177,-62.0
v500_s8_p0,500,0.0,h3,0,1.5149087479386196,1.4942847947870346,40.472982082981616,33.228347832977306,True,True,731.0,669.0,True,True,True,-0.02062395315158505,-7.24463425000431,0.8210007299400212,-62.0
v500_s8_p0,500,0.0,h3,1,1.5105115421725128,1.508573773370477,40.79523879196495,34.354115916998126,True,True,731.0,669.0,True,True,True,-0.0019377688020358885,-6.441122874966823,0.8421109162318356,-62.0
v500_s8_p0,500,0.0,h3,2,1.5046149119816108,1.5034514988470795,40.034046082990244,33.21320579200983,True,True,731.0,669.0,True,True,True,-0.001163413134531277,-6.820840290980414,0.8296240086040549,-62.0
v500_s8_p0,500,0.0,h3,3,1.5042341197323588,1.5194442380929516,41.13308129197685,33.681922083953395,True,True,731.0,669.0,True,True,True,0.015210118360592828,-7.451159208023455,0.8188523938886915,-62.0
v500_s8_p0,500,0.0,h3,4,1.505605134627058,1.5082506736187746,40.65201783302473,33.300321125017945,True,True,731.0,669.0,True,True,True,0.0026455389917166006,-7.351696708006784,0.8191554294253398,-62.0
v500_s8_p0,500,0.0,h4,0,1.4931161804599247,1.496333995768117,83.02504004200455,54.62612779199844,True,True,309.0,367.0,True,True,True,0.0032178153081923178,-28.398912250006106,0.6579476235646697,58.0
v500_s8_p0,500,0.0,h4,1,1.504760206800238,1.4936689040025528,80.18819366703974,59.04761054099072,True,True,323.0,365.0,True,True,True,-0.01109130279768511,-21.140583126049023,0.7363628963407044,42.0
v500_s8_p0,500,0.0,h4,2,1.5096581479707805,1.4895454813815754,76.52769658301258,60.03630625002552,True,True,333.0,346.0,True,True,True,-0.020112666589205075,-16.491390332987066,0.7845042896972835,13.0
v500_s8_p0,500,0.0,h4,3,1.4772683633062427,1.492690678251927,71.91618862503674,60.4439615830197,True,True,313.0,363.0,True,True,True,0.015422314945684246,-11.472227042017039,0.8404778220126209,50.0
v500_s8_p0,500,0.0,h4,4,1.4980881440922367,1.492677510194446,69.06761991698295,56.186763959005475,True,True,373.0,387.0,True,True,True,-0.005410633897790618,-12.880855957977474,0.8135036943004573,14.0
v500_s8_p0,500,0.0,h2+3,0,1.4957760098810544,1.514269079102666,40.78795479203109,33.97099054098362,True,True,731.0,669.0,True,True,True,0.018493069221611647,-6.816964251047466,0.8328682012666316,-62.0
v500_s8_p0,500,0.0,h2+3,1,1.5145930799560734,1.4970600742176532,41.76348949997919,34.45843891700497,True,True,731.0,669.0,True,True,True,-0.017533005738420204,-7.305050582974218,0.8250852438233673,-62.0
v500_s8_p0,500,0.0,h2+3,2,1.5074779150956057,1.5111557189861695,42.20983020897256,33.73348179203458,True,True,731.0,669.0,True,True,True,0.0036778038905638244,-8.47634841693798,0.799185441519825,-62.0
v500_s8_p0,500,0.0,h2+3,3,1.5005312734787646,1.511171316505455,40.06412333401386,34.01883249997627,True,True,731.0,669.0,True,True,True,0.010640043026690416,-6.045290834037587,0.8491096190065583,-62.0
v500_s8_p0,500,0.0,h2+3,4,1.522570910278006,1.5101715092960817,41.296091875003185,33.72753270796966,True,True,731.0,669.0,True,True,True,-0.01239940098192438,-7.568559167033527,0.8167245658513553,-62.0
v500_s8_p0,500,0.0,h2+3+4,0,1.4894277263123257,,87.41903362498851,58.18499024998164,True,True,309.0,367.0,True,False,False,,-29.234043375006877,0.665587204951092,58.0
v500_s8_p0,500,0.0,h2+3+4,1,1.4836222788453444,1.485693679706133,86.31530354201095,63.620292541978415,True,True,323.0,365.0,True,True,True,0.002071400860788719,-22.695011000032537,0.7370685142874284,42.0
v500_s8_p0,500,0.0,h2+3+4,2,1.4990050920373852,1.495296899580373,80.3064812500379,64.11439287505345,True,True,333.0,346.0,True,True,True,-0.0037081924570121494,-16.19208837498445,0.798371337867866,13.0
v500_s8_p0,500,0.0,h2+3+4,3,1.4906784788189318,1.4900292327726927,77.62885341601213,63.67534712498309,True,True,313.0,363.0,True,True,True,-0.0006492460462390603,-13.953506291029043,0.8202536083297229,50.0
v500_s8_p0,500,0.0,h2+3+4,4,1.4861715035223706,1.4920152559635864,74.46098441700451,60.76587845798349,True,True,373.0,387.0,True,True,True,0.0058437524412158215,-13.69510595902102,0.8160767539370122,14.0
v500_s8_p10,500,0.1,h2,0,2.3494160966599593,,11.221379209018778,4.87726624996867,True,True,658.0,450.0,True,False,False,,-6.344112959050108,0.43464053385244694,-208.0
v500_s8_p10,500,0.1,h2,1,,2.2796713670940347,10.819076374988072,5.398504875018261,True,True,658.0,450.0,False,True,False,,-5.42057149996981,0.49898019830035756,-208.0
v500_s8_p10,500,0.1,h2,2,3.1831570493783174,,11.298392082971986,4.9275438750046305,True,True,658.0,450.0,True,False,False,,-6.370848207967356,0.43612788782848333,-208.0
v500_s8_p10,500,0.1,h2,3,,,11.031611874990631,4.895662083989009,True,True,658.0,450.0,False,False,False,,-6.135949791001622,0.4437848375619331,-208.0
v500_s8_p10,500,0.1,h2,4,2.9743180052201605,,11.771397207980044,5.046190624998417,True,True,658.0,450.0,True,False,False,,-6.725206582981627,0.428682384583668,-208.0
v500_s8_p10,500,0.1,h3,0,1.7981970535883824,1.7157114965760782,22.442901958012953,15.49321908300044,True,True,658.0,450.0,True,True,True,-0.0824855570123042,-6.949682875012513,0.6903393826692177,-208.0
v500_s8_p10,500,0.1,h3,1,1.8062361885841296,1.766371649023356,24.429842917015776,16.266661583038513,True,True,658.0,450.0,True,True,True,-0.039864539560773515,-8.163181333977263,0.6658520743786086,-208.0
v500_s8_p10,500,0.1,h3,2,1.77180888947563,1.7462940527673319,22.180993749992922,16.176739666960202,True,True,658.0,450.0,True,True,True,-0.02551483670829824,-6.00425408303272,0.7293063534164408,-208.0
v500_s8_p10,500,0.1,h3,3,1.7705633759572141,1.7266474977839623,20.509550041984767,15.754060915962327,True,True,658.0,450.0,True,True,True,-0.04391587817325182,-4.7554891260224395,0.7681329372761687,-208.0
v500_s8_p10,500,0.1,h3,4,1.7819575356954436,1.6794768828089357,22.691417334019206,15.806472083029803,True,True,658.0,450.0,True,True,True,-0.10248065288650787,-6.884945250989404,0.6965837281275761,-208.0
v500_s8_p10,500,0.1,h4,0,,1.814264910540093,44.52422704099445,23.173099375038873,True,True,412.0,275.0,False,True,False,,-21.351127665955573,0.520460452995689,-137.0
v500_s8_p10,500,0.1,h4,1,,1.8157811649327247,47.01407633302733,23.85316416603746,True,True,362.0,267.0,False,True,False,,-23.160912166989874,0.5073621780224286,-95.0
v500_s8_p10,500,0.1,h4,2,,1.7495961028951226,46.013812832999974,25.796647916024085,True,True,406.0,258.0,False,True,False,,-20.21716491697589,0.5606283489188134,-148.0
v500_s8_p10,500,0.1,h4,3,,1.743165922208069,44.76701574999606,26.279986375011504,True,True,384.0,263.0,False,True,False,,-18.48702937498456,0.5870390495040718,-121.0
v500_s8_p10,500,0.1,h4,4,,1.744679198108109,47.63343041704502,21.859754125005566,True,True,381.0,318.0,False,True,False,,-25.773676292039454,0.4589162261381731,-63.0
v500_s8_p10,500,0.1,h2+3,0,1.7926688543309426,1.7403223756845987,22.132767333008815,16.30781166703673,True,True,658.0,450.0,True,True,True,-0.0523464786463439,-5.824955665972084,0.7368175620187927,-208.0
v500_s8_p10,500,0.1,h2+3,1,1.8070923007092838,1.7321872301747567,23.975651042012032,16.698687416967005,True,True,658.0,450.0,True,True,True,-0.07490507053452711,-7.276963625045028,0.6964852544653009,-208.0
v500_s8_p10,500,0.1,h2+3,2,1.8660882019366598,1.7317673253992332,22.225885707943235,16.117147334036417,True,True,658.0,450.0,True,True,True,-0.13432087653742664,-6.108738373906817,0.7251520837379436,-208.0
v500_s8_p10,500,0.1,h2+3,3,1.7952558271382864,1.708162631952589,23.26616841700161,16.2128889579908,True,True,658.0,450.0,True,True,True,-0.08709319518569725,-7.05327945901081,0.6968439610427358,-208.0
v500_s8_p10,500,0.1,h2+3,4,1.8347659053058862,1.740937737430612,21.74030387500534,16.047660999989603,True,True,658.0,450.0,True,True,True,-0.09382816787527415,-5.692642875015736,0.7381525618158207,-208.0
v500_s8_p10,500,0.1,h2+3+4,0,,1.826582914005258,48.87942445802037,25.491200375021435,True,True,412.0,276.0,False,True,False,,-23.38822408299893,0.5215118765752718,-136.0
v500_s8_p10,500,0.1,h2+3+4,1,,1.778243393673811,51.09571429097559,26.705954832956195,True,True,362.0,268.0,False,True,False,,-24.389759458019398,0.5226652607471804,-94.0
v500_s8_p10,500,0.1,h2+3+4,2,,1.73906921084514,50.144251459045336,28.394502874987666,True,True,406.0,259.0,False,True,False,,-21.74974858405767,0.5662563912870153,-147.0
v500_s8_p10,500,0.1,h2+3+4,3,,1.728835050518587,49.035541207995266,28.874904124997556,True,True,384.0,263.0,False,True,False,,-20.16063708299771,0.588856641808401,-121.0
v500_s8_p10,500,0.1,h2+3+4,4,,1.7332204435970773,51.29742850002367,24.9521281250054,True,True,381.0,319.0,False,True,False,,-26.34530037501827,0.4864206424108352,-62.0
v500_s8_p30,500,0.3,h2,0,,2.8592555591575186,4.7581307090003975,0.9236152500379831,True,True,548.0,120.0,False,True,False,,-3.8345154589624144,0.1941130470188405,-428.0
v500_s8_p30,500,0.3,h2,1,,3.165623119586644,5.0809545000083745,0.9836158330435865,True,True,548.0,120.0,False,True,False,,-4.097338666964788,0.19358878987047912,-428.0
v500_s8_p30,500,0.3,h2,2,,3.159700789577177,4.657815958024003,0.965998916013632,True,True,548.0,120.0,False,True,False,,-3.6918170420103706,0.20739310542090209,-428.0
v500_s8_p30,500,0.3,h2,3,,2.9838636333757314,5.053287582995836,0.9411656669690274,True,True,548.0,120.0,False,True,False,,-4.112121916026808,0.186248190215024,-428.0
v500_s8_p30,500,0.3,h2,4,,3.1027703734059595,4.941213250043802,0.9826803340110928,True,True,548.0,120.0,False,True,False,,-3.958532916032709,0.19887430157004085,-428.0
v500_s8_p30,500,0.3,h3,0,,2.7327225647656213,5.029862541006878,1.4093068749643862,True,True,548.0,120.0,False,True,False,,-3.620555666042492,0.28018795016260445,-428.0
v500_s8_p30,500,0.3,h3,1,,2.7993771559490823,5.122702208987903,1.4979700410040095,True,True,548.0,120.0,False,True,False,,-3.6247321679838933,0.29241794269746646,-428.0
v500_s8_p30,500,0.3,h3,2,,2.7626699243013357,5.0045935829984955,1.4856050409725867,True,True,548.0,120.0,False,True,False,,-3.518988542025909,0.2968482887440559,-428.0
v500_s8_p30,500,0.3,h3,3,,2.6818581416242284,5.08363583299797,1.5254790830076672,True,True,548.0,120.0,False,True,False,,-3.558156749990303,0.3000763888525916,-428.0
v500_s8_p30,500,0.3,h3,4,,2.6533033579370033,5.443424374971073,1.391449167043902,True,True,548.0,120.0,False,True,False,,-4.051975207927171,0.25562018890935656,-428.0
v500_s8_p30,500,0.3,h4,0,,2.7647114401808275,20.93284158402821,2.4197685419931076,True,True,436.0,83.0,False,True,False,,-18.513073042035103,0.11559675413773707,-353.0
v500_s8_p30,500,0.3,h4,1,,2.681920121246874,21.759215875004884,2.6082468749955297,True,True,436.0,83.0,False,True,False,,-19.150969000009354,0.11986860601864148,-353.0
v500_s8_p30,500,0.3,h4,2,,2.666008624202276,21.157156875007786,2.4805234159575775,True,True,415.0,87.0,False,True,False,,-18.67663345905021,0.11724275764517933,-328.0
v500_s8_p30,500,0.3,h4,3,,2.7259949014946248,21.70545145799406,2.365711582999211,True,True,377.0,102.0,False,True,False,,-19.339739874994848,0.108991586172603,-275.0
v500_s8_p30,500,0.3,h4,4,,2.9563385656831977,21.134501499996986,2.3744568749680184,True,True,546.0,94.0,False,True,False,,-18.760044625028968,0.11234979329738896,-452.0
v500_s8_p30,500,0.3,h2+3,0,,2.7740505101833812,5.47489079204388,1.479694457957521,True,True,548.0,120.0,False,True,False,,-3.9951963340863585,0.2702692189053005,-428.0
v500_s8_p30,500,0.3,h2+3,1,,2.9309591029758906,5.86695958400378,1.5871989169972949,True,True,548.0,120.0,False,True,False,,-4.279760667006485,0.2705317625375809,-428.0
v500_s8_p30,500,0.3,h2+3,2,,2.8223367804550743,5.536930833011866,1.4520125000271946,True,True,548.0,120.0,False,True,False,,-4.084918332984671,0.26224140120554096,-428.0
v500_s8_p30,500,0.3,h2+3,3,,2.752035277777357,5.693057083990425,1.4476657500490546,True,True,548.0,120.0,False,True,False,,-4.24539133394137,0.25428618204445347,-428.0
v500_s8_p30,500,0.3,h2+3,4,,2.8902177555074475,5.5198460829560645,1.4358520829700865,True,True,548.0,120.0,False,True,False,,-4.083993999985978,0.26012538418483205,-428.0
v500_s8_p30,500,0.3,h2+3+4,0,,2.6447120578678263,24.354339624987915,2.9533103330177255,True,True,436.0,83.0,False,True,False,,-21.40102929197019,0.12126423374615279,-353.0
v500_s8_p30,500,0.3,h2+3+4,1,,2.755139643763607,24.858557166007813,3.0106246669893153,True,True,436.0,83.0,False,True,False,,-21.847932499018498,0.1211101934389867,-353.0
v500_s8_p30,500,0.3,h2+3+4,2,,2.5831895702798167,24.153800375002902,2.9701459580101073,True,True,415.0,87.0,False,True,False,,-21.183654416992795,0.12296805934870406,-328.0
v500_s8_p30,500,0.3,h2+3+4,3,,2.809178933765877,24.83984883397352,2.8187144999974407,True,True,377.0,102.0,False,True,False,,-22.02113433397608,0.11347550940576893,-275.0
v500_s8_p30,500,0.3,h2+3+4,4,,3.0754024289521533,24.24616970901843,2.8885807499755174,True,True,546.0,94.0,False,True,False,,-21.357588959042914,0.11913554943489081,-452.0
v500_s8_p50,500,0.5,h2,0,,2.996664959666362,4.793154457991477,0.9825280419900082,True,True,548.0,120.0,False,True,False,,-3.810626416001469,0.2049856833534479,-428.0
v500_s8_p50,500,0.5,h2,1,,2.849330309069682,5.168570542009547,1.0435847080079839,True,True,548.0,120.0,False,True,False,,-4.1249858340015635,0.20190973491139325,-428.0
v500_s8_p50,500,0.5,h2,2,3.414655542404073,3.3234582512459925,5.625419959018473,0.9448259999626316,True,True,548.0,120.0,True,True,True,-0.0911972911580805,-4.680593959055841,0.1679565271296626,-428.0
v500_s8_p50,500,0.5,h2,3,,2.7738838270927153,4.936498540977482,0.9755357090034522,True,True,548.0,120.0,False,True,False,,-3.9609628319740295,0.19761693453479381,-428.0
v500_s8_p50,500,0.5,h2,4,,3.475217483372852,4.946280500036664,0.9783933750004508,True,True,548.0,120.0,False,True,False,,-3.9678871250362135,0.19780385988890004,-428.0
v500_s8_p50,500,0.5,h3,0,,2.8384638029322335,5.232030208979268,1.4594604579615407,True,True,548.0,120.0,False,True,False,,-3.772569751017727,0.2789472536792312,-428.0
v500_s8_p50,500,0.5,h3,1,,2.7599323872307506,5.468813582963776,1.4182431669905782,True,True,548.0,120.0,False,True,False,,-4.050570415973198,0.2593328782331567,-428.0
v500_s8_p50,500,0.5,h3,2,,2.8431481588443805,5.347844333969988,1.4784034169861116,True,True,548.0,120.0,False,True,False,,-3.8694409169838764,0.2764484761822928,-428.0
v500_s8_p50,500,0.5,h3,3,,2.6584661849465463,5.2587494169711135,1.433397957996931,True,True,548.0,120.0,False,True,False,,-3.8253514589741826,0.2725739228743336,-428.0
v500_s8_p50,500,0.5,h3,4,,2.8289689865598726,5.150547333003487,1.4660347499884665,True,True,548.0,120.0,False,True,False,,-3.684512583015021,0.2846366910550386,-428.0
v500_s8_p50,500,0.5,h4,0,,3.0360639495514015,21.320300000021234,2.342167375027202,True,True,436.0,101.0,False,True,False,,-18.978132624994032,0.10985621098318829,-335.0
v500_s8_p50,500,0.5,h4,1,,2.678329652825097,21.944935915991664,2.4177890829741955,True,True,436.0,102.0,False,True,False,,-19.52714683301747,0.11017526285926904,-334.0
v500_s8_p50,500,0.5,h4,2,,2.9822293980767363,21.28419545898214,2.4069337499677204,True,True,415.0,95.0,False,True,False,,-18.87726170901442,0.11308549362865256,-320.0
v500_s8_p50,500,0.5,h4,3,,2.551255437873745,21.507533791998867,2.4640008750138804,True,True,415.0,87.0,False,True,False,,-19.043532916984987,0.11456454742061252,-328.0
v500_s8_p50,500,0.5,h4,4,,3.076910343773327,21.32454520801548,2.404691375035327,True,True,436.0,101.0,False,True,False,,-18.919853832980152,0.11276636156026673,-335.0
v500_s8_p50,500,0.5,h2+3,0,,2.661113044436374,5.784087374981027,1.3943860420258716,True,True,548.0,120.0,False,True,False,,-4.3897013329551555,0.24107278324619802,-428.0
v500_s8_p50,500,0.5,h2+3,1,,2.6529368272653953,5.7713732499978505,1.5127681659650989,True,True,548.0,120.0,False,True,False,,-4.258605084032752,0.2621158085669927,-428.0
v500_s8_p50,500,0.5,h2+3,2,,2.7329024004677853,5.433199083025102,1.4762227080063894,True,True,548.0,120.0,False,True,False,,-3.956976375018712,0.27170414436285606,-428.0
v500_s8_p50,500,0.5,h2+3,3,,2.5675245393989314,5.671531457977835,1.478104958019685,True,True,548.0,120.0,False,True,False,,-4.19342649995815,0.26061831252659545,-428.0
v500_s8_p50,500,0.5,h2+3,4,,2.7222348707524406,5.606110833003186,1.4325386669952422,True,True,548.0,120.0,False,True,False,,-4.1735721660079435,0.2555316349726595,-428.0
v500_s8_p50,500,0.5,h2+3+4,0,,3.058240484733192,24.552542291989084,2.9353583750198595,True,True,436.0,101.0,False,True,False,,-21.617183916969225,0.11955415207563241,-335.0
v500_s8_p50,500,0.5,h2+3+4,1,,2.764742184006412,24.947972459020093,2.85346924996702,True,True,436.0,102.0,False,True,False,,-22.094503209053073,0.1143767997441143,-334.0
v500_s8_p50,500,0.5,h2+3+4,2,,3.1250279627107154,24.3012262909906,2.8727951669716276,True,True,415.0,95.0,False,True,False,,-21.42843112401897,0.11821605760021599,-320.0
v500_s8_p50,500,0.5,h2+3+4,3,,2.728236864576771,24.458695792010985,2.94310808298178,True,True,415.0,87.0,False,True,False,,-21.515587709029205,0.12032972272965986,-328.0
v500_s8_p50,500,0.5,h2+3+4,4,,3.226273242123933,24.648409916029777,2.835880749975331,True,True,436.0,101.0,False,True,False,,-21.812529166054446,0.11505329388939821,-335.0
v500_s9_p0,500,0.0,h2,0,2.009429499920285,2.0056625398268744,13.745272875006776,12.653860000020359,True,True,731.0,669.0,True,True,True,-0.0037669600934107095,-1.0914128749864176,0.9205972202290033,-62.0
v500_s9_p0,500,0.0,h2,1,1.8343189895578165,2.3146295471140017,14.704696332977619,12.437001166050322,True,True,731.0,669.0,True,True,True,0.48031055755618524,-2.2676951669272967,0.8457842912511134,-62.0
v500_s9_p0,500,0.0,h2,2,1.9993118624497466,,14.722123957995791,11.111608000006527,True,True,731.0,669.0,True,False,False,,-3.6105159579892643,0.7547557697319657,-62.0
v500_s9_p0,500,0.0,h2,3,2.2554140081006095,2.432261488604865,13.98315016698325,12.056733375007752,True,True,731.0,669.0,True,True,True,0.17684748050425547,-1.9264167919754982,0.8622329897790759,-62.0
v500_s9_p0,500,0.0,h2,4,2.387946510374184,1.8007127582288287,14.668835707998369,12.173562082985882,True,True,731.0,669.0,True,True,True,-0.5872337521453554,-2.495273625012487,0.8298928643906001,-62.0
v500_s9_p0,500,0.0,h3,0,1.5037900194075147,1.5148700491686529,39.52613429201301,33.23305149999214,True,True,731.0,669.0,True,True,True,0.0110800297611382,-6.2930827920208685,0.840786788165811,-62.0
v500_s9_p0,500,0.0,h3,1,1.505518888841873,1.51887409976408,41.02687462500762,33.7062014999683,True,True,731.0,669.0,True,True,True,0.01335521092220704,-7.32067312503932,0.8215639579677595,-62.0
v500_s9_p0,500,0.0,h3,2,1.5008460732611828,1.5011556468451877,40.72443104098784,33.22580300003756,True,True,731.0,669.0,True,True,True,0.0003095735840048519,-7.49862804095028,0.8158690533109437,-62.0
v500_s9_p0,500,0.0,h3,3,1.499687368591267,1.5077463633917407,40.328045542002656,33.47030629101209,True,True,731.0,669.0,True,True,True,0.008058994800473673,-6.857739250990562,0.8299511132061171,-62.0
v500_s9_p0,500,0.0,h3,4,1.5149175147299592,1.4912880065403786,40.150465167011134,33.31680487503763,True,True,731.0,669.0,True,True,True,-0.02362950818958054,-6.833660291973501,0.8297987267756926,-62.0
v500_s9_p0,500,0.0,h4,0,1.4696323868141168,1.5129545770209691,75.43101266695885,63.818569875031244,True,True,308.0,341.0,True,True,True,0.04332219020685235,-11.612442791927606,0.8460521424629605,33.0
v500_s9_p0,500,0.0,h4,1,1.4936739572560274,,79.91869316704106,60.583498666994274,True,True,311.0,339.0,True,False,False,,-19.335194500046782,0.7580641808089433,28.0
v500_s9_p0,500,0.0,h4,2,1.467268855343062,1.481918781155476,81.49483149999287,53.47616104205372,True,True,307.0,377.0,True,True,True,0.014649925812413978,-28.01867045793915,0.6561908290105293,70.0
v500_s9_p0,500,0.0,h4,3,1.5227048098923641,1.497423185383763,64.30741545796627,57.572048541973345,True,True,411.0,362.0,True,True,True,-0.025281624508601164,-6.735366915992927,0.8952629822233267,-49.0
v500_s9_p0,500,0.0,h4,4,1.4866152163761328,1.4966965180331417,74.45017399999779,59.79017929098336,True,True,316.0,357.0,True,True,True,0.010081301657008934,-14.659994709014427,0.8030898529664301,41.0
v500_s9_p0,500,0.0,h2+3,0,1.509575409702767,1.5001116671857186,40.58565904101124,33.47066441597417,True,True,731.0,669.0,True,True,True,-0.00946374251704829,-7.11499462503707,0.82469190366362,-62.0
v500_s9_p0,500,0.0,h2+3,1,1.5097424385843947,1.491621625239394,42.03933279198827,34.06097429199144,True,True,731.0,669.0,True,True,True,-0.01812081334500082,-7.97835849999683,0.8102168143468413,-62.0
v500_s9_p0,500,0.0,h2+3,2,1.502313041808068,1.5090649274442318,40.58494745899225,33.82358220795868,True,True,731.0,669.0,True,True,True,0.006751885636163912,-6.761365251033567,0.8334021435443432,-62.0
v500_s9_p0,500,0.0,h2+3,3,1.519541191739899,1.498378230247933,40.43063587497454,33.966304250003304,True,True,731.0,669.0,True,True,True,-0.02116296149196617,-6.464331624971237,0.8401130359423191,-62.0
v500_s9_p0,500,0.0,h2+3,4,1.5239471500189397,1.5094181689628061,41.61018249997869,33.933083417010494,True,True,731.0,669.0,True,True,True,-0.014528981056133539,-7.677099082968198,0.8154995094536744,-62.0
v500_s9_p0,500,0.0,h2+3+4,0,1.4733913699465806,1.5099702952212863,79.52790849999292,67.979926333006,True,True,308.0,341.0,True,True,True,0.03657892527470574,-11.547982166986912,0.8547933375239217,33.0
v500_s9_p0,500,0.0,h2+3+4,1,1.498331689265443,1.4910668471649569,83.36459691694472,66.34736637503374,True,True,311.0,339.0,True,True,True,-0.0072648421004861685,-17.017230541910976,0.7958698155901232,28.0
v500_s9_p0,500,0.0,h2+3+4,2,1.4665424776481133,,89.15243379201274,56.48378295794828,True,True,307.0,377.0,True,False,False,,-32.668650834064465,0.6335641165974396,70.0
v500_s9_p0,500,0.0,h2+3+4,3,,1.5109567068572658,67.99972229101695,61.6356740409974,True,True,411.0,362.0,False,True,False,,-6.36404825001955,0.9064106729321119,-49.0
v500_s9_p0,500,0.0,h2+3+4,4,1.49365471283755,1.4904139867208983,73.314131000021,62.324921042018104,True,True,316.0,357.0,True,True,True,-0.0032407261166516044,-10.989209958002903,0.8501078876867578,41.0
v500_s9_p10,500,0.1,h2,0,,,10.126868082967121,4.361764332978055,True,True,658.0,450.0,False,False,False,,-5.765103749989066,0.4307120718116514,-208.0
v500_s9_p10,500,0.1,h2,1,,2.5521504866505547,10.091996125003789,5.177764916035812,True,True,658.0,450.0,False,True,False,,-4.914231208967976,0.5130565699690921,-208.0
v500_s9_p10,500,0.1,h2,2,,2.694599385944998,9.656965834030416,4.98341258399887,True,True,658.0,450.0,False,True,False,,-4.673553250031546,0.5160433069399192,-208.0
v500_s9_p10,500,0.1,h2,3,,,10.223607916967012,4.3181387090007775,True,True,658.0,450.0,False,False,False,,-5.9054692079662345,0.42236935767405864,-208.0
v500_s9_p10,500,0.1,h2,4,,2.783939049818416,9.846765584021341,4.918136624968611,True,True,658.0,450.0,False,True,False,,-4.92862895905273,0.4994672192612595,-208.0
v500_s9_p10,500,0.1,h3,0,1.8283825914783312,1.8532413513575372,22.83690741698956,15.398763749981299,True,True,658.0,450.0,True,True,True,0.02485875987920605,-7.438143667008262,0.6742928658775119,-208.0
v500_s9_p10,500,0.1,h3,1,1.844970027255846,1.7882082365796037,22.904287791985553,16.2145252909977,True,True,658.0,450.0,True,True,True,-0.05676179067624232,-6.689762500987854,0.7079253211563002,-208.0
v500_s9_p10,500,0.1,h3,2,1.857275376125775,1.7825781570247918,23.50486812501913,15.90471533301752,True,True,658.0,450.0,True,True,True,-0.07469721910098315,-7.600152792001609,0.6766562249327479,-208.0
v500_s9_p10,500,0.1,h3,3,1.8222606132228312,1.7625530019030546,23.29124012502143,15.373461375012994,True,True,658.0,450.0,True,True,True,-0.05970761131977653,-7.917778750008438,0.6600533630881043,-208.0
v500_s9_p10,500,0.1,h3,4,1.8700551531817147,1.7883440664155166,22.65397933399072,15.606057375029195,True,True,658.0,450.0,True,True,True,-0.0817110867661981,-7.047921958961524,0.6888881262292578,-208.0
v500_s9_p10,500,0.1,h4,0,,1.7880531818966485,48.166579417011235,30.770912332984153,True,True,334.0,223.0,False,True,False,,-17.39566708402708,0.6388436277897,-111.0
v500_s9_p10,500,0.1,h4,1,,1.7358101064037634,52.94175041699782,28.025403084000573,True,True,361.0,259.0,False,True,False,,-24.916347332997248,0.5293629859847353,-102.0
v500_s9_p10,500,0.1,h4,2,,1.7224469180912343,50.26667066599475,33.448726708011236,True,True,343.0,221.0,False,True,False,,-16.817943957983516,0.6654255446967408,-122.0
v500_s9_p10,500,0.1,h4,3,,1.758728584769601,48.59750683401944,25.43978520896053,True,True,348.0,270.0,False,True,False,,-23.15772162505891,0.5234792248879743,-78.0
v500_s9_p10,500,0.1,h4,4,,1.7920589642014673,48.0832895420026,34.40040650003357,True,True,375.0,229.0,False,True,False,,-13.682883041969035,0.7154337156983299,-146.0
v500_s9_p10,500,0.1,h2+3,0,1.8964060292320015,1.8124344234010825,21.2369174999767,16.046770917018875,True,True,658.0,450.0,True,True,True,-0.083971605830919,-5.190146582957823,0.7556073482432882,-208.0
v500_s9_p10,500,0.1,h2+3,1,1.8608903671514894,1.7496530471390674,24.307553125021514,16.35396383400075,True,True,658.0,450.0,True,True,True,-0.11123732001242193,-7.953589291020762,0.6727935037264792,-208.0
v500_s9_p10,500,0.1,h2+3,2,1.867803088959515,1.8158177549646777,22.202709375007544,15.98084941698471,True,True,658.0,450.0,True,True,True,-0.05198533399483729,-6.221859958022833,0.7197702382653145,-208.0
v500_s9_p10,500,0.1,h2+3,3,1.872881872941592,1.79735810706049,22.25997549999738,16.269054542004596,True,True,658.0,450.0,True,True,True,-0.07552376588110188,-5.990920957992785,0.7308657883296642,-208.0
v500_s9_p10,500,0.1,h2+3,4,1.892505589163895,1.7699306737433609,21.088536125025712,16.06592141604051,True,True,658.0,450.0,True,True,True,-0.12257491542053423,-5.022614708985202,0.7618319887540759,-208.0
v500_s9_p10,500,0.1,h2+3+4,0,,1.7579275196928097,52.77115495898761,32.55683650000719,True,True,334.0,224.0,False,True,False,,-20.214318458980415,0.6169437929738232,-110.0
v500_s9_p10,500,0.1,h2+3+4,1,,1.762200631521345,57.2281187089975,30.844373457948677,True,True,361.0,259.0,False,True,False,,-26.383745251048822,0.5389723470518222,-102.0
v500_s9_p10,500,0.1,h2+3+4,2,,1.7556675048571024,55.29427308397135,36.006912207987625,True,True,343.0,221.0,False,True,False,,-19.287360875983723,0.6511870072567294,-122.0
v500_s9_p10,500,0.1,h2+3+4,3,,1.7714188098964616,53.26858037500642,28.02232374995947,True,True,348.0,270.0,False,True,False,,-25.246256625046954,0.5260572658907862,-78.0
v500_s9_p10,500,0.1,h2+3+4,4,,1.8361494298590064,44.72493966697948,33.84896012500394,True,True,375.0,229.0,False,True,False,,-10.87597954197554,0.7568251713035781,-146.0
v500_s9_p30,500,0.3,h2,0,,3.5436949545647027,5.318899000005331,0.8473973330110312,True,True,544.0,108.0,False,True,False,,-4.4715016669943,0.15931818464877445,-436.0
v500_s9_p30,500,0.3,h2,1,,3.2635072273988994,5.138299541955348,0.8637738749966957,True,True,544.0,108.0,False,True,False,,-4.274525666958652,0.16810500593509423,-436.0
v500_s9_p30,500,0.3,h2,2,,,5.2266502500278875,0.5559211669606157,True,True,544.0,108.0,False,False,False,,-4.670729083067272,0.10636280224751014,-436.0
v500_s9_p30,500,0.3,h2,3,,3.2851881219955446,5.232418624975253,0.8123461250215769,True,True,544.0,108.0,False,True,False,,-4.420072499953676,0.1552525100235876,-436.0
v500_s9_p30,500,0.3,h2,4,,3.1026308153819215,5.239723916980438,0.843482915952336,True,True,544.0,108.0,False,True,False,,-4.396241001028102,0.16097850369918357,-436.0
v500_s9_p30,500,0.3,h3,0,,2.752123183067325,5.314200999971945,1.14990762504749,True,True,544.0,108.0,False,True,False,,-4.164293374924455,0.21638391642573562,-436.0
v500_s9_p30,500,0.3,h3,1,,2.587432998639832,5.505411541031208,1.1882396249566227,True,True,544.0,108.0,False,True,False,,-4.317171916074585,0.21583120827585867,-436.0
v500_s9_p30,500,0.3,h3,2,,2.647161996459124,5.358598291990347,1.2043153749546036,True,True,544.0,108.0,False,True,False,,-4.154282917035744,0.22474447781516463,-436.0
v500_s9_p30,500,0.3,h3,3,,2.6088589870716348,5.331360374984797,1.1455815830267966,True,True,544.0,108.0,False,True,False,,-4.1857787919580005,0.2148760358429275,-436.0
v500_s9_p30,500,0.3,h3,4,,2.651908028787497,5.364105749991722,1.232663083996158,True,True,544.0,108.0,False,True,False,,-4.131442665995564,0.2297984308005226,-436.0
v500_s9_p30,500,0.3,h4,0,,3.3351073046806943,3.93528208398493,2.1970240410300903,True,True,1398.0,155.0,False,True,False,,-1.7382580429548398,0.5582888327042996,-1243.0
v500_s9_p30,500,0.3,h4,1,,3.0936175510377355,4.034435959008988,2.2181200420018286,True,True,1398.0,155.0,False,True,False,,-1.8163159170071594,0.5497968153512799,-1243.0
v500_s9_p30,500,0.3,h4,2,,,3.915180042036809,1.95114725001622,True,True,1398.0,155.0,False,False,False,,-1.9640327920205891,0.49835441258562585,-1243.0
v500_s9_p30,500,0.3,h4,3,,,3.9151312909671105,1.8278685829718597,True,True,1398.0,140.0,False,False,False,,-2.087262707995251,0.4668728701867727,-1258.0
v500_s9_p30,500,0.3,h4,4,,,3.960962000011932,2.003817207994871,True,True,1398.0,155.0,False,False,False,,-1.9571447920170613,0.5058915505851443,-1243.0
v500_s9_p30,500,0.3,h2+3,0,,2.7437055028843775,5.648174499976449,1.2353480409947224,True,True,544.0,108.0,False,True,False,,-4.412826458981726,0.21871633764145804,-436.0
v500_s9_p30,500,0.3,h2+3,1,,2.6075394853539446,5.929737458995078,1.216269625001587,True,True,544.0,108.0,False,True,False,,-4.713467833993491,0.20511357094850372,-436.0
v500_s9_p30,500,0.3,h2+3,2,,2.647161996459124,5.636529042036273,1.1848967499681748,True,True,544.0,108.0,False,True,False,,-4.451632292068098,0.2102174478533539,-436.0
v500_s9_p30,500,0.3,h2+3,3,,2.6404961640552815,5.830181833007373,1.241038625012152,True,True,544.0,108.0,False,True,False,,-4.589143207995221,0.21286448014126327,-436.0
v500_s9_p30,500,0.3,h2+3,4,,2.6519080287875303,5.860342291998677,1.1971425830270164,True,True,544.0,108.0,False,True,False,,-4.663199708971661,0.2042786109373706,-436.0
v500_s9_p30,500,0.3,h2+3+4,0,,,4.860762041993439,2.5063822920201346,True,True,1398.0,156.0,False,False,False,,-2.3543797499733046,0.5156356699560315,-1242.0
v500_s9_p30,500,0.3,h2+3+4,1,,,5.052412958000787,2.471238958009053,True,True,1398.0,156.0,False,False,False,,-2.5811739999917336,0.489120540730089,-1242.0
v500_s9_p30,500,0.3,h2+3+4,2,,,4.962278334016446,2.423754708026536,True,True,1398.0,156.0,False,False,False,,-2.53852362598991,0.4884358645124123,-1242.0
v500_s9_p30,500,0.3,h2+3+4,3,,3.0153817083693104,4.986433207988739,2.4698143750429153,True,True,1398.0,141.0,False,True,False,,-2.5166188329458237,0.4953068199301333,-1257.0
v500_s9_p30,500,0.3,h2+3+4,4,,,4.953799666953273,2.530934583977796,True,True,1398.0,156.0,False,False,False,,-2.422865082975477,0.5109077383289488,-1242.0
v500_s9_p50,500,0.5,h2,0,,3.467899876124122,4.997718708997127,0.8738597499905154,True,True,544.0,108.0,False,True,False,,-4.123858959006611,0.1748517275326745,-436.0
v500_s9_p50,500,0.5,h2,1,,3.5369449714285914,5.33928404096514,0.8799006670014933,True,True,544.0,108.0,False,True,False,,-4.459383373963647,0.16479750098525206,-436.0
v500_s9_p50,500,0.5,h2,2,,2.883110481241236,5.22100949997548,0.8501134169637226,True,True,544.0,108.0,False,True,False,,-4.370896083011758,0.16282548747856426,-436.0
v500_s9_p50,500,0.5,h2,3,,3.316987184744429,5.447252582991496,0.8493947919923812,True,True,544.0,108.0,False,True,False,,-4.5978577909991145,0.15593086221933822,-436.0
v500_s9_p50,500,0.5,h2,4,,,5.079579249955714,0.6049375000293367,True,True,544.0,108.0,False,False,False,,-4.474641749926377,0.11909204882168357,-436.0
v500_s9_p50,500,0.5,h3,0,,2.6023348916857185,5.53878912498476,1.1757241660379805,True,True,544.0,108.0,False,True,False,,-4.363064958946779,0.21227097466744874,-436.0
v500_s9_p50,500,0.5,h3,1,,2.737776267271501,5.570203041017521,1.2322434999514371,True,True,544.0,108.0,False,True,False,,-4.337959541066084,0.22122057147244323,-436.0
v500_s9_p50,500,0.5,h3,2,,2.808139419432952,5.3346278330427594,1.0964201249880716,True,True,544.0,108.0,False,True,False,,-4.238207708054688,0.20552888773174205,-436.0
v500_s9_p50,500,0.5,h3,3,,2.699184150391725,5.6315817079739645,1.1116874160361476,True,True,544.0,108.0,False,True,False,,-4.519894291937817,0.19740234159473677,-436.0
v500_s9_p50,500,0.5,h3,4,,2.7092461876836267,5.255773750017397,1.1103984159999527,True,True,544.0,108.0,False,True,False,,-4.145375334017444,0.2112721111703633,-436.0
v500_s9_p50,500,0.5,h4,0,,3.2629060147412994,3.913885832997039,2.1731146249803714,True,True,1398.0,155.0,False,True,False,,-1.7407712080166675,0.5552319913522668,-1243.0
v500_s9_p50,500,0.5,h4,1,,3.0867799330322363,4.12250470899744,2.0870492910034955,True,True,1398.0,123.0,False,True,False,,-2.035455417993944,0.5062575881231799,-1275.0
v500_s9_p50,500,0.5,h4,2,,,3.9403082079952583,1.996718917042017,True,True,1398.0,155.0,False,False,False,,-1.9435892909532413,0.5067418109554185,-1243.0
v500_s9_p50,500,0.5,h4,3,,3.0955071762332524,3.9498716660309583,2.1024654589709826,True,True,1398.0,131.0,False,True,False,,-1.8474062070599757,0.5322870302476567,-1267.0
v500_s9_p50,500,0.5,h4,4,,3.2545385167422882,3.930949292029254,1.9894275830010884,True,True,1398.0,131.0,False,True,False,,-1.9415217090281658,0.5060934230403406,-1267.0
v500_s9_p50,500,0.5,h2+3,0,,2.6309815170244253,5.667128500004765,1.1992090420098975,True,True,544.0,108.0,False,True,False,,-4.467919457994867,0.21160787901825223,-436.0
v500_s9_p50,500,0.5,h2+3,1,,2.6045036215186084,5.852002582978457,1.2026359169976786,True,True,544.0,108.0,False,True,False,,-4.649366665980779,0.20550843919579756,-436.0
v500_s9_p50,500,0.5,h2+3,2,,2.6044511280195737,5.611576374969445,1.2138490419602022,True,True,544.0,108.0,False,True,False,,-4.397727333009243,0.2163115960382543,-436.0
v500_s9_p50,500,0.5,h2+3,3,,2.7810565188763183,5.750216374988668,1.1967379999696277,True,True,544.0,108.0,False,True,False,,-4.55347837501904,0.20812051615570487,-436.0
v500_s9_p50,500,0.5,h2+3,4,,2.7129787008322506,5.156321083952207,1.252513999992516,True,True,544.0,108.0,False,True,False,,-3.9038070839596912,0.24290845732835772,-436.0
v500_s9_p50,500,0.5,h2+3+4,0,,,4.986310083011631,2.4768030419945717,True,True,1398.0,156.0,False,False,False,,-2.5095070410170592,0.496720621213078,-1242.0
v500_s9_p50,500,0.5,h2+3+4,1,,3.232834362403326,5.0951952079776675,2.562360833049752,True,True,1398.0,124.0,False,True,False,,-2.5328343749279156,0.502897480559293,-1274.0
v500_s9_p50,500,0.5,h2+3+4,2,,,4.993820499978028,2.4737146670231596,True,True,1398.0,156.0,False,False,False,,-2.5201058329548687,0.4953551428278296,-1242.0
v500_s9_p50,500,0.5,h2+3+4,3,,,5.0260462499572895,2.3328434170107357,True,True,1398.0,132.0,False,False,False,,-2.693202832946554,0.46415080582088947,-1266.0
v500_s9_p50,500,0.5,h2+3+4,4,,,4.155340833996888,2.063727792003192,True,True,1398.0,132.0,False,False,False,,-2.0916130419936962,0.49664464948791187,-1266.0
