candidate_id,graph_id,vertices,use_reduction,hop_key,target_k,rank,n_vertices,n_edges,n_directed,n_vars,n_couplings,max_degree,degeneracy,degeneracy_sec,tw_min_degree,tw_min_degree_sec,tw_min_fill_in,tw_min_fill_in_sec,embeddable,physical_qubits,max_chain_length,embed_sec,attempts,timeout_sec,rechecked,first_timeout_sec
v100_s0_p0__h2+3__nored__k12__max,v100_s0_p0,100,False,h2+3,12,max,24,35,17,35,249,23,11,0.0002653,14,0.0006534,14,0.00142,True,103,4,1.75836,1,60,,
v100_s0_p0__h2+3__nored__k12__mid,v100_s0_p0,100,False,h2+3,12,mid,12,11,11,11,38,9,5,0.0001374,6,0.0003332,6,0.0001584,True,16,2,0.170909,1,60,,
v100_s0_p0__h2+3__nored__k16__max,v100_s0_p0,100,False,h2+3,16,max,46,61,40,61,384,20,10,0.0003744,13,0.0020488,13,0.0057259,True,156,4,4.12919,1,60,,
v100_s0_p0__h2+3__nored__k16__mid,v100_s0_p0,100,False,h2+3,16,mid,11,10,10,10,32,9,5,0.0001127,5,0.0001874,5,0.0001124,True,14,2,0.12,1,60,,
v100_s0_p0__h2+3__nored__k16__min,v100_s0_p0,100,False,h2+3,16,min,4,1,4,0,0,0,0,9.00007e-07,0,1.33e-05,,,True,0,0,1.4e-06,0,60,,
v100_s0_p0__h2+3__nored__k24__max,v100_s0_p0,100,False,h2+3,24,max,16,17,14,17,79,13,7,0.0001406,9,0.0002501,9,0.0002818,True,31,3,0.287809,1,60,,
v100_s0_p0__h2+3__nored__k24__mid,v100_s0_p0,100,False,h2+3,24,mid,6,5,5,5,10,4,4,0.0001103,4,0.0001259,4,3.81e-05,True,6,2,0.0887844,1,60,,
v100_s0_p0__h2+3__nored__k2__max,v100_s0_p0,100,False,h2+3,2,max,92,222,30,222,2820,40,16,0.0032172,50,0.0274396,47,0.195357,True,1981,23,61.3619,1,60,,
v100_s0_p0__h2+3__nored__k2__min,v100_s0_p0,100,False,h2+3,2,min,19,32,11,32,280,24,12,0.0002697,18,0.0008226,17,0.003105,True,110,5,2.34778,1,60,,
v100_s0_p0__h2+3__nored__k32__max,v100_s0_p0,100,False,h2+3,32,max,12,13,10,13,56,11,7,0.0001509,8,0.0005391,8,0.0002749,True,23,2,0.162188,1,60,,
v100_s0_p0__h2+3__nored__k32__mid,v100_s0_p0,100,False,h2+3,32,mid,8,5,8,5,8,4,3,7.49e-05,3,0.0001075,3,4.63e-05,True,5,1,0.0838583,1,60,,
v100_s0_p0__h2+3__nored__k3__max,v100_s0_p0,100,False,h2+3,3,max,79,171,33,171,2059,38,16,0.0021767,34,0.0112289,28,0.0849083,True,1112,11,36.4195,1,60,,
v100_s0_p0__h2+3__nored__k3__min,v100_s0_p0,100,False,h2+3,3,min,40,77,20,77,765,35,13,0.0007596,24,0.0027774,22,0.0163752,True,332,7,17.1253,1,60,,
v100_s0_p0__h2+3__nored__k48__max,v100_s0_p0,100,False,h2+3,48,max,18,23,14,23,127,17,8,0.0001546,10,0.0003374,10,0.0025303,True,47,3,0.595783,1,60,,
v100_s0_p0__h2+3__nored__k48__mid,v100_s0_p0,100,False,h2+3,48,mid,6,3,6,3,3,2,2,8.71e-05,2,9.33e-05,2,3.13e-05,True,3,1,0.0922384,1,60,,
v100_s0_p0__h2+3__nored__k4__max,v100_s0_p0,100,False,h2+3,4,max,33,60,18,60,629,32,14,0.0005328,26,0.0023569,23,0.0099224,True,290,7,8.22128,1,60,,
v100_s0_p0__h2+3__nored__k4__mid,v100_s0_p0,100,False,h2+3,4,mid,31,54,18,54,487,27,13,0.0004729,23,0.001454,20,0.0045857,True,216,7,6.06643,1,60,,
v100_s0_p0__h2+3__nored__k4__min,v100_s0_p0,100,False,h2+3,4,min,4,1,4,0,0,0,0,8.00006e-07,0,1.22e-05,,,True,0,0,1.10001e-06,0,60,,
v100_s0_p0__h2+3__nored__k64__max,v100_s0_p0,100,False,h2+3,64,max,10,9,9,9,27,7,5,0.0001577,5,0.0002874,5,0.0001429,True,13,2,0.0970573,1,60,,
v100_s0_p0__h2+3__nored__k64__mid,v100_s0_p0,100,False,h2+3,64,mid,6,3,6,3,3,2,2,7.6e-05,2,8.16e-05,2,2.61e-05,True,3,1,0.121355,1,60,,
v100_s0_p0__h2+3__nored__k6__max,v100_s0_p0,100,False,h2+3,6,max,40,81,18,81,887,31,15,0.0011723,30,0.0078426,23,0.0284484,True,414,8,15.4395,1,60,,
v100_s0_p0__h2+3__nored__k6__mid,v100_s0_p0,100,False,h2+3,6,mid,22,37,13,37,342,27,13,0.0003413,22,0.0010369,21,0.0043847,True,140,6,3.41779,1,60,,
v100_s0_p0__h2+3__nored__k6__min,v100_s0_p0,100,False,h2+3,6,min,11,8,11,8,16,5,3,7.01e-05,3,0.0001135,3,7.54e-05,True,9,2,0.0726392,1,60,,
v100_s0_p0__h2+3__nored__k8__max,v100_s0_p0,100,False,h2+3,8,max,40,77,20,77,853,33,15,0.0008147,28,0.0053306,25,0.0180138,True,373,8,8.58498,1,60,,
v100_s0_p0__h2+3__nored__k8__mid,v100_s0_p0,100,False,h2+3,8,mid,18,19,16,19,99,16,8,0.0002197,9,0.0004283,9,0.0005774,True,41,4,0.371855,1,60,,
v100_s0_p0__h2+3__nored__k8__min,v100_s0_p0,100,False,h2+3,8,min,4,1,4,0,0,0,0,8.00006e-07,0,0.0002132,,,True,0,0,2.1e-06,0,60,,
v100_s0_p0__h2+3__nored__k96__max,v100_s0_p0,100,False,h2+3,96,max,9,6,9,6,13,5,4,6.91e-05,4,9.7e-05,4,4.89e-05,True,8,2,0.0752063,1,60,,
v100_s0_p0__h2+3__nored__k96__mid,v100_s0_p0,100,False,h2+3,96,mid,4,1,4,0,0,0,0,5.00004e-07,0,7.2e-06,,,True,0,0,8.00006e-07,0,60,,
v100_s0_p0__h2+3__nored__k96__min,v100_s0_p0,100,False,h2+3,96,min,4,1,4,0,0,0,0,6.00005e-07,0,6e-06,,,True,0,0,7.00005e-07,0,60,,
v100_s0_p0__h2+3__nored__whole__whole,v100_s0_p0,100,False,h2+3,,whole,100,284,0,284,4427,53,20,0.0041368,99,0.0907941,76,0.725125,True,3199,24,61.2386,1,60,,
v100_s0_p0__h2+3__red__k12__max,v100_s0_p0,100,True,h2+3,12,max,15,22,10,22,144,18,9,0.0003044,14,0.0004396,14,0.0006795,True,56,3,0.605432,1,60,,
v100_s0_p0__h2+3__red__k12__mid,v100_s0_p0,100,True,h2+3,12,mid,11,14,8,14,69,11,8,0.0001214,10,0.0002004,10,0.0002606,True,30,3,0.294231,1,60,,
v100_s0_p0__h2+3__red__k12__min,v100_s0_p0,100,True,h2+3,12,min,4,1,4,0,0,0,0,1.10001e-06,0,1.49e-05,,,True,0,0,1.00001e-06,0,60,,
v100_s0_p0__h2+3__red__k16__mid,v100_s0_p0,100,True,h2+3,16,mid,8,7,7,7,21,6,6,0.0001106,6,0.0001765,6,5.69e-05,True,10,2,0.0800209,1,60,,
v100_s0_p0__h2+3__red__k24__max,v100_s0_p0,100,True,h2+3,24,max,19,24,15,24,159,18,10,0.0001936,14,0.0004011,14,0.0007416,True,62,3,0.854837,1,60,,
v100_s0_p0__h2+3__red__k24__mid,v100_s0_p0,100,True,h2+3,24,mid,8,7,7,7,19,6,5,7.11e-05,5,0.0001004,5,5.99e-05,True,10,2,0.0786138,1,60,,
v100_s0_p0__h2+3__red__k2__max,v100_s0_p0,100,True,h2+3,2,max,57,130,19,130,1625,37,16,0.0018512,44,0.012486,36,0.0632657,True,796,10,35.572,1,60,,
v100_s0_p0__h2+3__red__k2__mid,v100_s0_p0,100,True,h2+3,2,mid,42,85,19,85,914,35,15,0.0007421,27,0.0034487,23,0.0156437,True,382,7,23.2166,1,60,,
v100_s0_p0__h2+3__red__k2__min,v100_s0_p0,100,True,h2+3,2,min,22,37,13,37,307,24,13,0.0005146,19,0.0012318,20,0.0059248,True,135,6,3.31623,1,60,,
v100_s0_p0__h2+3__red__k32__max,v100_s0_p0,100,True,h2+3,32,max,11,12,9,12,49,10,7,0.0001207,8,0.000198,8,0.0001582,True,20,2,0.155625,1,60,,
v100_s0_p0__h2+3__red__k32__mid,v100_s0_p0,100,True,h2+3,32,mid,6,5,5,5,10,4,4,8.53e-05,4,0.0001011,4,3.39e-05,True,6,2,0.0847619,1,60,,
v100_s0_p0__h2+3__red__k3__max,v100_s0_p0,100,True,h2+3,3,max,77,164,38,164,1974,38,16,0.0029267,42,0.0186387,32,0.125232,True,1111,12,28.4864,1,60,,
v100_s0_p0__h2+3__red__k3__min,v100_s0_p0,100,True,h2+3,3,min,39,76,19,76,763,33,13,0.0006768,27,0.0024798,26,0.0091153,True,361,8,10.9239,1,60,,
v100_s0_p0__h2+3__red__k48__mid,v100_s0_p0,100,True,h2+3,48,mid,6,3,6,3,3,2,2,7.93e-05,2,0.000101,2,6.13e-05,True,3,1,0.133611,1,60,,
v100_s0_p0__h2+3__red__k48__min,v100_s0_p0,100,True,h2+3,48,min,4,1,4,0,0,0,0,1.20001e-06,0,1.96e-05,,,True,0,0,1.19999e-06,0,60,,
v100_s0_p0__h2+3__red__k4__max,v100_s0_p0,100,True,h2+3,4,max,56,116,26,116,1319,37,15,0.0014869,38,0.00962,31,0.0461599,True,609,9,20.4692,1,60,,
v100_s0_p0__h2+3__red__k4__mid,v100_s0_p0,100,True,h2+3,4,mid,31,58,16,58,568,30,13,0.0004753,22,0.0019595,21,0.0068533,True,285,8,4.83967,1,60,,
v100_s0_p0__h2+3__red__k4__min,v100_s0_p0,100,True,h2+3,4,min,7,6,6,6,14,5,4,0.0001178,4,0.0001656,4,5.31e-05,True,8,2,0.071944,1,60,,
v100_s0_p0__h2+3__red__k64__max,v100_s0_p0,100,True,h2+3,64,max,14,13,13,13,49,10,7,0.0001167,7,0.0002123,7,0.000345,True,22,2,0.152717,1,60,,
v100_s0_p0__h2+3__red__k64__mid,v100_s0_p0,100,True,h2+3,64,mid,5,2,5,2,1,1,1,5.42e-05,1,6.19e-05,1,1.53e-05,True,2,1,0.0515255,1,60,,
v100_s0_p0__h2+3__red__k6__max,v100_s0_p0,100,True,h2+3,6,max,45,85,25,85,940,34,15,0.0012094,29,0.0112485,23,0.0325288,True,438,8,19.7522,1,60,,
v100_s0_p0__h2+3__red__k6__mid,v100_s0_p0,100,True,h2+3,6,mid,21,32,14,32,254,24,11,0.0002846,19,0.0006399,18,0.0019293,True,104,5,2.03365,1,60,,
v100_s0_p0__h2+3__red__k6__min,v100_s0_p0,100,True,h2+3,6,min,4,1,4,0,0,0,0,6.00005e-07,0,5.6e-06,,,True,0,0,7.00005e-07,0,60,,
v100_s0_p0__h2+3__red__k8__max,v100_s0_p0,100,True,h2+3,8,max,20,35,11,35,319,27,13,0.0003902,20,0.0010437,20,0.0031551,True,128,5,3.11466,1,60,,
v100_s0_p0__h2+3__red__k8__mid,v100_s0_p0,100,True,h2+3,8,mid,15,18,12,18,104,14,9,0.000211,13,0.0003336,13,0.000557,True,40,3,0.430454,1,60,,
v100_s0_p0__h2+3__red__k8__min,v100_s0_p0,100,True,h2+3,8,min,4,1,4,0,0,0,0,5.00004e-07,0,6.59999e-06,,,True,0,0,6.99991e-07,0,60,,
v100_s0_p0__h2+3__red__k96__max,v100_s0_p0,100,True,h2+3,96,max,10,9,9,9,26,8,5,0.0001145,5,0.00016,5,0.0002414,True,12,2,0.0854904,1,60,,
v100_s0_p0__h2+3__red__k96__mid,v100_s0_p0,100,True,h2+3,96,mid,4,1,4,0,0,0,0,7.99992e-07,0,9.9e-06,,,True,0,0,8.99992e-07,0,60,,
v100_s0_p0__h2+3__red__k96__min,v100_s0_p0,100,True,h2+3,96,min,4,1,4,0,0,0,0,8.00006e-07,0,1.22e-05,,,True,0,0,4.4e-06,0,60,,
v100_s0_p0__h2+3__red__whole__whole,v100_s0_p0,100,True,h2+3,,whole,100,284,0,284,4427,53,20,0.0042441,100,0.095787,76,0.71123,True,2862,19,60.8368,1,60,,
v100_s0_p0__h2__nored__k12__max,v100_s0_p0,100,False,h2,12,max,34,47,26,47,148,11,6,0.0002944,7,0.001052,6,0.0018428,True,69,2,0.423077,1,60,,
v100_s0_p0__h2__nored__k12__mid,v100_s0_p0,100,False,h2,12,mid,8,5,8,5,7,4,3,9.04e-05,3,0.0001151,3,4.38e-05,True,5,1,0.0805545,1,60,,
v100_s0_p0__h2__nored__k12__min,v100_s0_p0,100,False,h2,12,min,4,1,4,0,0,0,0,1.09999e-06,0,2.54e-05,,,True,0,0,1.9e-06,0,60,,
v100_s0_p0__h2__nored__k16__max,v100_s0_p0,100,False,h2,16,max,47,62,41,62,186,11,6,0.0002678,7,0.0013824,6,0.002044,True,94,3,0.462454,1,60,,
v100_s0_p0__h2__nored__k16__mid,v100_s0_p0,100,False,h2,16,mid,9,10,7,10,23,7,4,9.53e-05,4,0.0001584,4,9.92e-05,True,12,2,0.0888225,1,60,,
v100_s0_p0__h2__nored__k16__min,v100_s0_p0,100,False,h2,16,min,4,1,4,0,0,0,0,9.00007e-07,0,0.0001171,,,True,0,0,2e-06,0,60,,
v100_s0_p0__h2__nored__k24__max,v100_s0_p0,100,False,h2,24,max,25,28,22,28,74,9,5,0.0002214,5,0.00053,5,0.0006353,True,35,2,0.155212,1,60,,
v100_s0_p0__h2__nored__k24__mid,v100_s0_p0,100,False,h2,24,mid,10,7,10,7,15,6,4,7.2e-05,4,0.0001053,4,9.45e-05,True,8,2,0.0867216,1,60,,
v100_s0_p0__h2__nored__k2__max,v100_s0_p0,100,False,h2,2,max,62,127,28,127,523,13,7,0.0008288,18,0.0052528,11,0.0137553,True,294,5,6.7492,1,60,,
v100_s0_p0__h2__nored__k2__mid,v100_s0_p0,100,False,h2,2,mid,49,88,28,88,373,13,7,0.0004388,15,0.0021443,14,0.0092873,True,167,3,1.49239,1,60,,
v100_s0_p0__h2__nored__k2__min,v100_s0_p0,100,False,h2,2,min,19,28,13,28,87,10,5,0.0001635,7,0.0007233,7,0.0007147,True,45,3,0.234232,1,60,,
v100_s0_p0__h2__nored__k32__max,v100_s0_p0,100,False,h2,32,max,13,14,11,14,36,7,4,0.0001367,5,0.0002697,5,0.0009103,True,17,2,0.184788,1,60,,
v100_s0_p0__h2__nored__k32__mid,v100_s0_p0,100,False,h2,32,mid,8,5,8,5,6,4,2,9.67e-05,2,0.0001422,2,6.08e-05,True,5,1,0.071205,1,60,,
v100_s0_p0__h2__nored__k32__min,v100_s0_p0,100,False,h2,32,min,4,1,4,0,0,0,0,1.09999e-06,0,1.78e-05,,,True,0,0,1.7e-06,0,60,,
v100_s0_p0__h2__nored__k3__max,v100_s0_p0,100,False,h2,3,max,100,234,39,234,997,14,7,0.0022103,17,0.0083702,15,0.087648,True,591,6,5.4789,1,60,,
v100_s0_p0__h2__nored__k3__mid,v100_s0_p0,100,False,h2,3,mid,8,5,8,5,5,3,2,8.6e-05,2,0.0001214,2,5.83e-05,True,5,1,0.0683576,1,60,,
v100_s0_p0__h2__nored__k3__min,v100_s0_p0,100,False,h2,3,min,5,2,5,2,1,1,1,6.08e-05,1,6.91e-05,1,2.2e-05,True,2,1,0.0540084,1,60,,
v100_s0_p0__h2__nored__k48__max,v100_s0_p0,100,False,h2,48,max,8,9,6,9,21,7,4,9.92e-05,4,0.0001567,4,0.0001031,True,11,2,0.0783939,1,60,,
v100_s0_p0__h2__nored__k48__mid,v100_s0_p0,100,False,h2,48,mid,6,3,6,3,3,2,2,0.0001553,2,0.0001197,2,4.15e-05,True,3,1,0.0876395,1,60,,
v100_s0_p0__h2__nored__k4__max,v100_s0_p0,100,False,h2,4,max,34,59,20,59,219,11,7,0.0013134,9,0.0037366,8,0.0041686,True,117,4,1.10617,1,60,,
v100_s0_p0__h2__nored__k4__mid,v100_s0_p0,100,False,h2,4,mid,28,49,16,49,194,11,7,0.0002612,11,0.0009691,11,0.0028345,True,88,3,0.570615,1,60,,
v100_s0_p0__h2__nored__k4__min,v100_s0_p0,100,False,h2,4,min,4,1,4,0,0,0,0,1.7e-06,0,3.38e-05,,,True,0,0,2.99999e-06,0,60,,
v100_s0_p0__h2__nored__k64__max,v100_s0_p0,100,False,h2,64,max,9,8,8,8,17,6,4,0.0001405,4,0.0001951,4,0.0001774,True,9,2,0.0765479,1,60,,
v100_s0_p0__h2__nored__k64__mid,v100_s0_p0,100,False,h2,64,mid,6,3,6,3,2,2,1,8.78e-05,1,0.0001097,1,4.38e-05,True,3,1,0.0596958,1,60,,
v100_s0_p0__h2__nored__k6__max,v100_s0_p0,100,False,h2,6,max,42,87,18,87,346,11,7,0.0003459,13,0.0026037,9,0.0142298,True,178,4,1.26808,1,60,,
v100_s0_p0__h2__nored__k6__mid,v100_s0_p0,100,False,h2,6,mid,22,33,15,33,129,12,7,0.0002078,9,0.0005531,9,0.0010321,True,58,3,0.858047,1,60,,
v100_s0_p0__h2__nored__k6__min,v100_s0_p0,100,False,h2,6,min,4,1,4,0,0,0,0,1.09999e-06,0,1.91e-05,,,True,0,0,2e-06,0,60,,
v100_s0_p0__h2__nored__k8__max,v100_s0_p0,100,False,h2,8,max,39,56,29,56,184,13,7,0.0002502,10,0.0015155,10,0.0021935,True,99,3,0.458265,1,60,,
v100_s0_p0__h2__nored__k8__mid,v100_s0_p0,100,False,h2,8,mid,17,26,11,26,90,9,5,0.0001657,8,0.0004201,8,0.0007124,True,44,3,0.237932,1,60,,
v100_s0_p0__h2__nored__k8__min,v100_s0_p0,100,False,h2,8,min,4,1,4,0,0,0,0,9.99993e-07,0,1.91e-05,,,True,0,0,2.60001e-06,0,60,,
v100_s0_p0__h2__nored__k96__max,v100_s0_p0,100,False,h2,96,max,8,5,8,5,8,4,3,9.28e-05,3,0.0001208,3,4.84e-05,True,5,1,0.0860721,1,60,,
v100_s0_p0__h2__nored__k96__mid,v100_s0_p0,100,False,h2,96,mid,5,2,5,2,1,1,1,5.63e-05,1,6.01e-05,1,1.9e-05,True,2,1,0.0459244,1,60,,
v100_s0_p0__h2__nored__whole__whole,v100_s0_p0,100,False,h2,,whole,100,284,0,284,1412,15,9,0.0016553,39,0.0216767,37,0.227057,True,954,9,13.3104,1,60,,
v100_s0_p0__h2__red__k12__max,v100_s0_p0,100,True,h2,12,max,38,53,32,53,169,10,5,0.0002541,7,0.0007926,7,0.0016164,True,80,3,0.42564,1,60,,
v100_s0_p0__h2__red__k12__mid,v100_s0_p0,100,True,h2,12,mid,9,6,9,6,10,5,3,7.32e-05,3,9.84e-05,3,4.64e-05,True,6,1,0.10018,1,60,,
v100_s0_p0__h2__red__k12__min,v100_s0_p0,100,True,h2,12,min,4,1,4,0,0,0,0,8.00006e-07,0,1.3e-05,,,True,0,0,9.99993e-07,0,60,,
v100_s0_p0__h2__red__k16__max,v100_s0_p0,100,True,h2,16,max,24,27,21,27,77,11,6,0.0002011,6,0.0005022,6,0.0006238,True,37,2,0.167676,1,60,,
v100_s0_p0__h2__red__k16__mid,v100_s0_p0,100,True,h2,16,mid,7,4,7,4,4,3,2,0.0001462,2,0.0001387,2,5.47e-05,True,4,1,0.0727263,1,60,,
v100_s0_p0__h2__red__k24__max,v100_s0_p0,100,True,h2,24,max,28,35,26,35,97,10,5,0.0002314,6,0.0028758,6,0.0030728,True,52,3,0.267467,1,60,,
v100_s0_p0__h2__red__k24__mid,v100_s0_p0,100,True,h2,24,mid,7,4,7,4,4,3,2,8.84e-05,2,0.0001119,2,4.34e-05,True,4,1,0.138038,1,60,,
v100_s0_p0__h2__red__k24__min,v100_s0_p0,100,True,h2,24,min,4,1,4,0,0,0,0,6.00005e-07,0,8.2e-06,,,True,0,0,9.00007e-07,0,60,,
v100_s0_p0__h2__red__k2__max,v100_s0_p0,100,True,h2,2,max,55,126,18,126,551,13,7,0.0006792,16,0.0040104,15,0.0248142,True,278,4,2.6739,1,60,,
v100_s0_p0__h2__red__k2__mid,v100_s0_p0,100,True,h2,2,mid,44,87,21,87,363,13,7,0.0005479,12,0.0024548,11,0.0133242,True,161,3,1.8857,1,60,,
v100_s0_p0__h2__red__k2__min,v100_s0_p0,100,True,h2,2,min,22,37,13,37,129,11,7,0.0002016,11,0.0005694,10,0.0013139,True,67,3,0.352414,1,60,,
v100_s0_p0__h2__red__k32__max,v100_s0_p0,100,True,h2,32,max,16,17,14,17,49,9,5,0.0001696,6,0.0004488,6,0.0004603,True,24,2,0.155342,1,60,,
v100_s0_p0__h2__red__k32__mid,v100_s0_p0,100,True,h2,32,mid,8,5,8,5,7,4,2,6.18e-05,2,0.0001071,2,4.88e-05,True,5,1,0.079929,1,60,,
v100_s0_p0__h2__red__k3__max,v100_s0_p0,100,True,h2,3,max,77,163,37,163,709,13,7,0.0009964,16,0.0080009,14,0.0477213,True,342,4,3.63852,1,60,,
v100_s0_p0__h2__red__k3__min,v100_s0_p0,100,True,h2,3,min,41,78,21,78,300,12,7,0.0004383,13,0.0027381,11,0.0073106,True,142,3,1.17286,1,60,,
v100_s0_p0__h2__red__k48__max,v100_s0_p0,100,True,h2,48,max,18,15,18,15,33,7,5,0.0001116,5,0.0002176,5,0.0001783,True,20,2,0.109394,1,60,,
v100_s0_p0__h2__red__k48__mid,v100_s0_p0,100,True,h2,48,mid,7,4,7,4,5,3,2,7.02e-05,2,9.26e-05,2,3.92e-05,True,4,1,0.0700127,1,60,,
v100_s0_p0__h2__red__k48__min,v100_s0_p0,100,True,h2,48,min,4,1,4,0,0,0,0,5.9999e-07,0,5.9e-06,,,True,0,0,8.00006e-07,0,60,,
v100_s0_p0__h2__red__k4__max,v100_s0_p0,100,True,h2,4,max,33,66,15,66,274,14,7,0.0003653,13,0.001966,12,0.0073742,True,139,4,0.804171,1,60,,
v100_s0_p0__h2__red__k4__mid,v100_s0_p0,100,True,h2,4,mid,28,51,15,51,202,13,7,0.0003681,10,0.0013205,10,0.0037128,True,89,3,0.473983,1,60,,
v100_s0_p0__h2__red__k4__min,v100_s0_p0,100,True,h2,4,min,4,1,4,0,0,0,0,1.09999e-06,0,1.94e-05,,,True,0,0,1.6e-06,0,60,,
v100_s0_p0__h2__red__k64__max,v100_s0_p0,100,True,h2,64,max,14,11,14,11,15,4,2,9.05e-05,2,0.0002168,2,0.0002629,True,11,1,0.0785043,1,60,,
v100_s0_p0__h2__red__k64__mid,v100_s0_p0,100,True,h2,64,mid,5,2,5,2,1,1,1,5.28e-05,1,5.85e-05,1,1.73e-05,True,2,1,0.0475229,1,60,,
v100_s0_p0__h2__red__k64__min,v100_s0_p0,100,True,h2,64,min,4,1,4,0,0,0,0,5.00004e-07,0,5.4e-06,,,True,0,0,7.00005e-07,0,60,,
v100_s0_p0__h2__red__k6__max,v100_s0_p0,100,True,h2,6,max,26,45,15,45,187,13,7,0.000228,11,0.0009327,11,0.0021579,True,89,4,0.643392,1,60,,
v100_s0_p0__h2__red__k6__mid,v100_s0_p0,100,True,h2,6,mid,19,24,15,24,78,11,6,0.0001384,7,0.0003312,6,0.0004329,True,33,2,0.183276,1,60,,
v100_s0_p0__h2__red__k6__min,v100_s0_p0,100,True,h2,6,min,5,2,5,2,1,1,1,8.31e-05,1,8.74e-05,1,2.63e-05,True,2,1,0.0530994,1,60,,
v100_s0_p0__h2__red__k8__max,v100_s0_p0,100,True,h2,8,max,23,34,16,34,123,11,6,0.0001922,8,0.0005413,8,0.0010177,True,54,3,0.560509,1,60,,
v100_s0_p0__h2__red__k8__mid,v100_s0_p0,100,True,h2,8,mid,15,20,11,20,63,10,6,0.0001839,8,0.0004116,6,0.0008574,True,33,3,0.174028,1,60,,
v100_s0_p0__h2__red__k8__min,v100_s0_p0,100,True,h2,8,min,4,1,4,0,0,0,0,9.99993e-07,0,4.91e-05,,,True,0,0,1.19999e-06,0,60,,
v100_s0_p0__h2__red__k96__max,v100_s0_p0,100,True,h2,96,max,9,6,9,6,7,4,2,9.67e-05,2,0.0001054,2,5.24e-05,True,6,1,0.0864327,1,60,,
v100_s0_p0__h2__red__k96__mid,v100_s0_p0,100,True,h2,96,mid,4,1,4,0,0,0,0,1.3e-06,0,1.78e-05,,,True,0,0,1.9e-06,0,60,,
v100_s0_p0__h2__red__whole__whole,v100_s0_p0,100,True,h2,,whole,100,284,0,284,1412,15,9,0.0012667,33,0.0180316,34,0.214971,True,813,6,4.57254,1,60,,
v100_s0_p30__h2+3__nored__k12__max,v100_s0_p30,100,False,h2+3,12,max,57,42,45,42,151,11,6,0.0002241,8,0.0006114,8,0.0012227,True,66,3,0.300254,1,60,,
v100_s0_p30__h2+3__nored__k12__mid,v100_s0_p30,100,False,h2+3,12,mid,11,9,9,9,32,8,6,0.0003565,7,0.0001708,7,7.83e-05,True,14,2,0.106564,1,60,,
v100_s0_p30__h2+3__nored__k16__max,v100_s0_p30,100,False,h2+3,16,max,33,23,26,23,82,11,6,0.0001546,8,0.0004031,8,0.0004445,True,41,3,0.140634,1,60,,
v100_s0_p30__h2+3__nored__k16__mid,v100_s0_p30,100,False,h2+3,16,mid,11,4,11,4,2,1,1,6.95e-05,1,0.0001178,1,5.71e-05,True,4,1,0.0598442,1,60,,
v100_s0_p30__h2+3__nored__k16__min,v100_s0_p30,100,False,h2+3,16,min,4,1,4,0,0,0,0,3.00002e-07,0,3.09999e-06,,,True,0,0,4.00003e-07,0,60,,
v100_s0_p30__h2+3__nored__k24__max,v100_s0_p30,100,False,h2+3,24,max,55,41,43,41,136,15,8,0.0002042,10,0.0005176,10,0.0006058,True,63,3,0.590563,1,60,,
v100_s0_p30__h2+3__nored__k24__mid,v100_s0_p30,100,False,h2+3,24,mid,8,3,8,3,3,2,2,6.83e-05,2,7.6e-05,2,2.42e-05,True,3,1,0.0778302,1,60,,
v100_s0_p30__h2+3__nored__k24__min,v100_s0_p30,100,False,h2+3,24,min,4,1,4,0,0,0,0,3.00002e-07,0,3.10001e-06,,,True,0,0,3.99988e-07,0,60,,
v100_s0_p30__h2+3__nored__k2__max,v100_s0_p30,100,False,h2+3,2,max,100,165,32,165,1511,38,14,0.0014341,39,0.012244,37,0.0898397,True,865,11,13.6184,1,60,,
v100_s0_p30__h2+3__nored__k2__mid,v100_s0_p30,100,False,h2+3,2,mid,5,1,5,1,0,0,0,4.65e-05,0,4.60001e-06,,,True,1,1,4e-06,0,60,,
v100_s0_p30__h2+3__nored__k2__min,v100_s0_p30,100,False,h2+3,2,min,6,1,6,0,0,0,0,5.00004e-07,0,4.29999e-06,,,True,0,0,5.9999e-07,0,60,,
v100_s0_p30__h2+3__nored__k32__max,v100_s0_p30,100,False,h2+3,32,max,28,20,22,20,53,9,6,0.0001175,7,0.000231,7,0.0002243,True,30,3,0.112597,1,60,,
v100_s0_p30__h2+3__nored__k32__mid,v100_s0_p30,100,False,h2+3,32,mid,9,3,8,3,3,2,2,6.94e-05,2,7.74e-05,2,2.56e-05,True,3,1,0.138843,1,60,,
v100_s0_p30__h2+3__nored__k3__max,v100_s0_p30,100,False,h2+3,3,max,83,113,40,113,865,28,12,0.0006836,25,0.0036481,22,0.0251288,True,459,8,5.1239,1,60,,
v100_s0_p30__h2+3__nored__k3__mid,v100_s0_p30,100,False,h2+3,3,mid,32,42,16,42,301,23,11,0.000352,18,0.0009372,18,0.0030902,True,138,5,3.23204,1,60,,
v100_s0_p30__h2+3__nored__k3__min,v100_s0_p30,100,False,h2+3,3,min,5,1,5,1,0,0,0,1.43e-05,0,2.3e-06,,,True,1,1,2.3e-06,0,60,,
v100_s0_p30__h2+3__nored__k48__max,v100_s0_p30,100,False,h2+3,48,max,27,14,24,14,27,6,4,0.0001155,4,0.0002333,4,0.0002174,True,17,2,0.101696,1,60,,
v100_s0_p30__h2+3__nored__k48__mid,v100_s0_p30,100,False,h2+3,48,mid,10,3,10,3,3,2,2,0.0001752,2,0.0001029,2,2.81e-05,True,3,1,0.0724523,1,60,,
v100_s0_p30__h2+3__nored__k48__min,v100_s0_p30,100,False,h2+3,48,min,5,1,5,1,0,0,0,1.14e-05,0,2.29999e-06,,,True,1,1,9.5e-06,0,60,,
v100_s0_p30__h2+3__nored__k4__max,v100_s0_p30,100,False,h2+3,4,max,89,116,49,116,793,25,11,0.001074,19,0.0036088,19,0.0181813,True,408,7,3.89741,1,60,,
v100_s0_p30__h2+3__nored__k4__mid,v100_s0_p30,100,False,h2+3,4,mid,28,33,17,33,182,19,8,0.0002408,11,0.0006129,11,0.0015988,True,85,5,0.868643,1,60,,
v100_s0_p30__h2+3__nored__k64__max,v100_s0_p30,100,False,h2+3,64,max,28,17,24,17,37,6,4,0.0001265,4,0.0002634,4,0.0002556,True,21,2,0.169415,1,60,,
v100_s0_p30__h2+3__nored__k64__mid,v100_s0_p30,100,False,h2+3,64,mid,4,1,4,0,0,0,0,4.00003e-07,0,6.80001e-06,,,True,0,0,6.00005e-07,0,60,,
v100_s0_p30__h2+3__nored__k64__min,v100_s0_p30,100,False,h2+3,64,min,8,1,8,1,0,0,0,2.28e-05,0,3.9e-06,,,True,1,1,2.5e-06,0,60,,
v100_s0_p30__h2+3__nored__k6__max,v100_s0_p30,100,False,h2+3,6,max,57,46,43,46,178,13,6,0.000313,9,0.0021004,9,0.0027284,True,77,3,0.860921,1,60,,
v100_s0_p30__h2+3__nored__k6__mid,v100_s0_p30,100,False,h2+3,6,mid,24,24,17,24,120,17,8,0.000705,11,0.0013797,11,0.0014189,True,47,3,0.413729,1,60,,
v100_s0_p30__h2+3__nored__k6__min,v100_s0_p30,100,False,h2+3,6,min,4,1,4,0,0,0,0,2.99988e-07,0,3.20001e-06,,,True,0,0,3.99988e-07,0,60,,
v100_s0_p30__h2+3__nored__k8__max,v100_s0_p30,100,False,h2+3,8,max,34,34,23,34,176,17,8,0.000304,11,0.0007047,11,0.001035,True,72,3,1.13932,1,60,,
v100_s0_p30__h2+3__nored__k8__mid,v100_s0_p30,100,False,h2+3,8,mid,15,17,9,17,68,12,6,0.0002386,7,0.0003328,7,0.0003562,True,29,3,0.161453,1,60,,
v100_s0_p30__h2+3__nored__k8__min,v100_s0_p30,100,False,h2+3,8,min,6,2,6,2,1,1,1,9.58e-05,1,8.83e-05,1,2.75e-05,True,2,1,0.0478005,1,60,,
v100_s0_p30__h2+3__nored__k96__max,v100_s0_p30,100,False,h2+3,96,max,20,9,17,9,12,4,3,9.65e-05,3,0.0001685,3,9.59e-05,True,9,1,0.0734082,1,60,,
v100_s0_p30__h2+3__nored__k96__mid,v100_s0_p30,100,False,h2+3,96,mid,6,1,6,1,0,0,0,1.41e-05,0,2.4e-06,,,True,1,1,2.3e-06,0,60,,
v100_s0_p30__h2+3__nored__k96__min,v100_s0_p30,100,False,h2+3,96,min,4,1,4,0,0,0,0,5.00004e-07,0,7.99999e-06,,,True,0,0,5.00004e-07,0,60,,
v100_s0_p30__h2+3__nored__whole__whole,v100_s0_p30,100,False,h2+3,,whole,100,199,0,199,2062,42,14,0.001809,57,0.0272461,54,0.207714,True,1367,13,60.8701,1,60,,
v100_s0_p30__h2+3__red__k12__max,v100_s0_p30,100,True,h2+3,12,max,41,36,37,36,161,15,7,0.0002274,9,0.0012224,9,0.0013536,True,72,3,0.701681,1,60,,
v100_s0_p30__h2+3__red__k12__mid,v100_s0_p30,100,True,h2+3,12,mid,11,5,11,5,7,4,2,6.86e-05,2,9.8e-05,2,4.53e-05,True,5,1,0.0687235,1,60,,
v100_s0_p30__h2+3__red__k12__min,v100_s0_p30,100,True,h2+3,12,min,4,1,4,0,0,0,0,6.00005e-07,0,1.18e-05,,,True,0,0,6.00005e-07,0,60,,
v100_s0_p30__h2+3__red__k16__max,v100_s0_p30,100,True,h2+3,16,max,63,52,59,52,212,15,7,0.0005236,9,0.0011993,9,0.0037657,True,103,4,1.01957,1,60,,
v100_s0_p30__h2+3__red__k16__mid,v100_s0_p30,100,True,h2+3,16,mid,8,5,7,5,8,4,3,7.09e-05,3,9.32e-05,3,3.82e-05,True,5,1,0.0956395,1,60,,
v100_s0_p30__h2+3__red__k16__min,v100_s0_p30,100,True,h2+3,16,min,5,1,5,1,0,0,0,2.23e-05,0,3.2e-06,,,True,1,1,2.4e-06,0,60,,
v100_s0_p30__h2+3__red__k24__max,v100_s0_p30,100,True,h2+3,24,max,36,24,38,24,59,8,5,0.0001475,5,0.0003377,5,0.0003372,True,29,2,0.115651,1,60,,
v100_s0_p30__h2+3__red__k24__mid,v100_s0_p30,100,True,h2+3,24,mid,12,7,10,7,16,6,4,0.0001171,4,0.000177,4,0.0001054,True,9,2,0.0891651,1,60,,
v100_s0_p30__h2+3__red__k24__min,v100_s0_p30,100,True,h2+3,24,min,5,1,5,1,0,0,0,2.37e-05,0,3.9e-06,,,True,1,1,2.29999e-06,0,60,,
v100_s0_p30__h2+3__red__k2__max,v100_s0_p30,100,True,h2+3,2,max,83,150,29,150,1450,38,13,0.0013332,45,0.0080409,39,0.0800175,True,830,13,47.9126,1,60,,
v100_s0_p30__h2+3__red__k2__mid,v100_s0_p30,100,True,h2+3,2,mid,5,2,5,2,1,1,1,5.17e-05,1,5.45e-05,1,1.69e-05,True,2,1,0.0477888,1,60,,
v100_s0_p30__h2+3__red__k2__min,v100_s0_p30,100,True,h2+3,2,min,6,1,6,0,0,0,0,4.00003e-07,0,4.09999e-06,,,True,0,0,5.00004e-07,0,60,,
v100_s0_p30__h2+3__red__k32__max,v100_s0_p30,100,True,h2+3,32,max,19,11,18,11,28,7,4,0.0001337,4,0.0003296,4,0.0004124,True,15,2,0.111427,1,60,,
v100_s0_p30__h2+3__red__k32__mid,v100_s0_p30,100,True,h2+3,32,mid,8,4,9,4,6,3,3,7.03e-05,3,7.99e-05,3,2.83e-05,True,4,1,0.0712457,1,60,,
v100_s0_p30__h2+3__red__k3__max,v100_s0_p30,100,True,h2+3,3,max,48,68,31,68,508,26,11,0.0005166,16,0.0017019,15,0.0052153,True,242,6,3.13984,1,60,,
v100_s0_p30__h2+3__red__k3__mid,v100_s0_p30,100,True,h2+3,3,mid,59,67,39,67,384,19,9,0.0008123,12,0.0017167,12,0.0040238,True,165,4,2.24073,1,60,,
v100_s0_p30__h2+3__red__k3__min,v100_s0_p30,100,True,h2+3,3,min,4,1,4,0,0,0,0,3.00002e-07,0,3.3e-06,,,True,0,0,4.99989e-07,0,60,,
v100_s0_p30__h2+3__red__k48__max,v100_s0_p30,100,True,h2+3,48,max,22,17,20,17,54,10,7,0.0001003,7,0.0002672,7,0.0002183,True,23,2,0.141523,1,60,,
v100_s0_p30__h2+3__red__k48__mid,v100_s0_p30,100,True,h2+3,48,mid,5,2,5,2,1,1,1,5.24e-05,1,5.51e-05,1,1.61e-05,True,2,1,0.0464917,1,60,,
v100_s0_p30__h2+3__red__k48__min,v100_s0_p30,100,True,h2+3,48,min,5,1,5,1,0,0,0,4.78e-05,0,2.80001e-06,,,True,1,1,2.3e-06,0,60,,
v100_s0_p30__h2+3__red__k4__max,v100_s0_p30,100,True,h2+3,4,max,35,41,23,41,317,27,12,0.0003186,18,0.0007668,18,0.0017132,True,133,5,5.37126,1,60,,
v100_s0_p30__h2+3__red__k4__mid,v100_s0_p30,100,True,h2+3,4,mid,26,27,18,27,147,18,8,0.0006448,10,0.0006576,10,0.0010676,True,57,3,0.500339,1,60,,
v100_s0_p30__h2+3__red__k4__min,v100_s0_p30,100,True,h2+3,4,min,6,1,6,1,0,0,0,1.79e-05,0,2.70001e-06,,,True,1,1,2.19999e-06,0,60,,
v100_s0_p30__h2+3__red__k64__max,v100_s0_p30,100,True,h2+3,64,max,19,13,18,13,27,6,5,0.0001521,5,0.0002744,5,0.0002944,True,15,2,0.0995633,1,60,,
v100_s0_p30__h2+3__red__k64__min,v100_s0_p30,100,True,h2+3,64,min,6,1,6,1,0,0,0,4.9e-05,0,6.09999e-06,,,True,1,1,2.89999e-06,0,60,,
v100_s0_p30__h2+3__red__k6__max,v100_s0_p30,100,True,h2+3,6,max,70,82,50,82,503,23,9,0.0004923,14,0.0019382,14,0.0057333,True,228,5,4.49858,1,60,,
v100_s0_p30__h2+3__red__k6__mid,v100_s0_p30,100,True,h2+3,6,mid,20,22,14,22,135,17,9,0.0001669,14,0.0003204,13,0.0005426,True,49,3,0.359751,1,60,,
v100_s0_p30__h2+3__red__k6__min,v100_s0_p30,100,True,h2+3,6,min,6,1,6,1,0,0,0,2.19e-05,0,3.9e-06,,,True,1,1,2.80001e-06,0,60,,
v100_s0_p30__h2+3__red__k8__max,v100_s0_p30,100,True,h2+3,8,max,74,87,57,87,544,23,9,0.0007237,16,0.0034174,16,0.0131272,True,252,5,3.57605,1,60,,
v100_s0_p30__h2+3__red__k8__mid,v100_s0_p30,100,True,h2+3,8,mid,13,11,12,11,29,8,5,0.0001089,5,0.000368,5,0.000287,True,13,2,0.111949,1,60,,
v100_s0_p30__h2+3__red__k96__max,v100_s0_p30,100,True,h2+3,96,max,16,9,15,9,12,4,3,9.55e-05,3,0.0002419,3,9.77e-05,True,9,1,0.0733176,1,60,,
v100_s0_p30__h2+3__red__k96__mid,v100_s0_p30,100,True,h2+3,96,mid,5,1,5,1,0,0,0,3.86e-05,0,6.40001e-06,,,True,1,1,3.00001e-06,0,60,,
v100_s0_p30__h2+3__red__k96__min,v100_s0_p30,100,True,h2+3,96,min,6,1,6,1,0,0,0,3.58e-05,0,5.5e-06,,,True,1,1,3.09999e-06,0,60,,
v100_s0_p30__h2+3__red__whole__whole,v100_s0_p30,100,True,h2+3,,whole,83,182,0,182,2032,42,15,0.001754,56,0.0217528,57,0.166526,True,1243,15,31.8655,1,60,,
v100_s0_p30__h2__nored__k12__max,v100_s0_p30,100,False,h2,12,max,58,49,43,49,90,8,5,0.0002431,5,0.0008159,5,0.0012075,True,56,2,0.176807,1,60,,
v100_s0_p30__h2__nored__k12__mid,v100_s0_p30,100,False,h2,12,mid,13,8,11,7,9,4,2,0.0001041,2,0.0003319,2,0.0001072,True,7,1,0.079826,1,60,,
v100_s0_p30__h2__nored__k12__min,v100_s0_p30,100,False,h2,12,min,5,1,5,0,0,0,0,4.00003e-07,0,4.80001e-06,,,True,0,0,7.00005e-07,0,60,,
v100_s0_p30__h2__nored__k16__max,v100_s0_p30,100,False,h2,16,max,61,50,47,49,90,8,5,0.000267,5,0.0008263,5,0.0011366,True,56,2,0.201133,1,60,,
v100_s0_p30__h2__nored__k16__mid,v100_s0_p30,100,False,h2,16,mid,11,6,9,6,7,3,2,0.0003243,2,0.0003708,2,0.0003445,True,6,1,0.0911545,1,60,,
v100_s0_p30__h2__nored__k16__min,v100_s0_p30,100,False,h2,16,min,6,1,6,0,0,0,0,5.00004e-07,0,4.1e-06,,,True,0,0,5.00004e-07,0,60,,
v100_s0_p30__h2__nored__k24__max,v100_s0_p30,100,False,h2,24,max,24,18,21,18,36,8,4,9.75e-05,4,0.0002226,4,0.0001785,True,20,2,0.160908,1,60,,
v100_s0_p30__h2__nored__k24__mid,v100_s0_p30,100,False,h2,24,mid,8,7,6,7,11,4,3,8.8e-05,3,0.000129,3,7.78e-05,True,7,1,0.0658839,1,60,,
v100_s0_p30__h2__nored__k2__max,v100_s0_p30,100,False,h2,2,max,75,99,33,98,273,10,5,0.0004207,13,0.0019072,11,0.0080587,True,146,3,0.712235,1,60,,
v100_s0_p30__h2__nored__k2__min,v100_s0_p30,100,False,h2,2,min,42,64,18,64,194,11,6,0.0003094,7,0.0010728,7,0.0032076,True,92,3,0.437265,1,60,,
v100_s0_p30__h2__nored__k32__max,v100_s0_p30,100,False,h2,32,max,27,18,21,17,29,7,4,8.11e-05,4,0.000171,4,0.0001834,True,19,2,0.110041,1,60,,
v100_s0_p30__h2__nored__k32__mid,v100_s0_p30,100,False,h2,32,mid,7,4,6,4,6,3,3,9.98e-05,3,0.0001285,3,3.55e-05,True,4,1,0.0755841,1,60,,
v100_s0_p30__h2__nored__k32__min,v100_s0_p30,100,False,h2,32,min,4,1,4,0,0,0,0,4.00003e-07,0,4.29999e-06,,,True,0,0,5.9999e-07,0,60,,
v100_s0_p30__h2__nored__k3__max,v100_s0_p30,100,False,h2,3,max,79,112,37,112,335,10,6,0.0004284,10,0.0021741,10,0.0080409,True,213,4,0.935544,1,60,,
v100_s0_p30__h2__nored__k3__mid,v100_s0_p30,100,False,h2,3,mid,32,29,22,28,59,7,4,0.0001916,4,0.000492,4,0.0007415,True,33,2,0.126126,1,60,,
v100_s0_p30__h2__nored__k3__min,v100_s0_p30,100,False,h2,3,min,13,10,11,9,17,6,3,9.59e-05,3,0.0001565,3,9.73e-05,True,10,2,0.085827,1,60,,
v100_s0_p30__h2__nored__k48__max,v100_s0_p30,100,False,h2,48,max,25,14,22,13,14,4,2,0.00011,2,0.000201,2,0.0001178,True,13,1,0.0795539,1,60,,
v100_s0_p30__h2__nored__k48__mid,v100_s0_p30,100,False,h2,48,mid,6,3,5,3,3,2,2,7e-05,2,7.89e-05,2,2.58e-05,True,3,1,0.0900557,1,60,,
v100_s0_p30__h2__nored__k48__min,v100_s0_p30,100,False,h2,48,min,8,1,8,0,0,0,0,4.00003e-07,0,3.8e-06,,,True,0,0,5.00004e-07,0,60,,
v100_s0_p30__h2__nored__k4__max,v100_s0_p30,100,False,h2,4,max,83,99,49,99,252,10,6,0.0003569,7,0.0020489,7,0.0071915,True,132,2,0.542349,1,60,,
v100_s0_p30__h2__nored__k4__mid,v100_s0_p30,100,False,h2,4,mid,25,30,14,30,67,7,4,0.000176,6,0.0005802,5,0.0007324,True,37,2,0.146945,1,60,,
v100_s0_p30__h2__nored__k4__min,v100_s0_p30,100,False,h2,4,min,4,1,4,0,0,0,0,9.00007e-07,0,1.26e-05,,,True,0,0,8.99992e-07,0,60,,
v100_s0_p30__h2__nored__k64__max,v100_s0_p30,100,False,h2,64,max,25,13,22,11,12,4,2,8.59e-05,2,0.000163,2,9.71e-05,True,11,1,0.0739222,1,60,,
v100_s0_p30__h2__nored__k64__mid,v100_s0_p30,100,False,h2,64,mid,8,2,8,2,1,1,1,5.97e-05,1,6.51e-05,1,2.21e-05,True,2,1,0.0498444,1,60,,
v100_s0_p30__h2__nored__k64__min,v100_s0_p30,100,False,h2,64,min,4,1,4,0,0,0,0,1.10001e-06,0,1.86e-05,,,True,0,0,1.19999e-06,0,60,,
v100_s0_p30__h2__nored__k6__max,v100_s0_p30,100,False,h2,6,max,64,61,46,61,129,9,5,0.0002305,5,0.0024049,5,0.0030242,True,74,2,0.453868,1,60,,
v100_s0_p30__h2__nored__k6__mid,v100_s0_p30,100,False,h2,6,mid,23,25,14,25,57,7,4,0.0007519,4,0.0003808,4,0.0004133,True,33,2,0.123812,1,60,,
v100_s0_p30__h2__nored__k6__min,v100_s0_p30,100,False,h2,6,min,4,1,4,0,0,0,0,7.99992e-07,0,1.39e-05,,,True,0,0,1.00001e-06,0,60,,
v100_s0_p30__h2__nored__k8__max,v100_s0_p30,100,False,h2,8,max,69,65,47,65,129,7,4,0.0004505,4,0.0012421,4,0.003606,True,77,2,0.474146,1,60,,
v100_s0_p30__h2__nored__k8__mid,v100_s0_p30,100,False,h2,8,mid,14,11,10,11,19,6,3,0.0001176,3,0.000217,3,0.0001704,True,12,2,0.080504,1,60,,
v100_s0_p30__h2__nored__k8__min,v100_s0_p30,100,False,h2,8,min,4,1,4,0,0,0,0,5.00004e-07,0,6.2e-06,,,True,0,0,7.99992e-07,0,60,,
v100_s0_p30__h2__nored__k96__max,v100_s0_p30,100,False,h2,96,max,21,10,18,9,7,3,2,9.41e-05,2,0.0001732,2,0.0001012,True,9,1,0.0853951,1,60,,
v100_s0_p30__h2__nored__k96__mid,v100_s0_p30,100,False,h2,96,mid,4,1,4,0,0,0,0,5.00004e-07,0,7.99999e-06,,,True,0,0,7.99992e-07,0,60,,
v100_s0_p30__h2__nored__whole__whole,v100_s0_p30,100,False,h2,,whole,100,199,0,199,699,13,7,0.0011237,23,0.0079978,21,0.0633692,True,500,6,3.37813,1,60,,
v100_s0_p30__h2__red__k12__max,v100_s0_p30,100,True,h2,12,max,36,30,30,30,67,11,6,0.000155,6,0.0003705,6,0.0003832,True,36,2,0.161455,1,60,,
v100_s0_p30__h2__red__k12__mid,v100_s0_p30,100,True,h2,12,mid,14,9,13,8,12,4,3,7.57e-05,3,0.0001188,3,6.87e-05,True,9,2,0.0688228,1,60,,
v100_s0_p30__h2__red__k12__min,v100_s0_p30,100,True,h2,12,min,5,1,5,0,0,0,0,8.00006e-07,0,1.12e-05,,,True,0,0,8.00006e-07,0,60,,
v100_s0_p30__h2__red__k16__max,v100_s0_p30,100,True,h2,16,max,16,15,14,15,30,6,4,9.24e-05,4,0.0002001,4,0.0001732,True,16,2,0.0872514,1,60,,
v100_s0_p30__h2__red__k16__mid,v100_s0_p30,100,True,h2,16,mid,13,8,12,7,11,4,3,9.52e-05,3,0.0001505,3,9.18e-05,True,8,2,0.0652598,1,60,,
v100_s0_p30__h2__red__k16__min,v100_s0_p30,100,True,h2,16,min,4,1,4,0,0,0,0,7.00005e-07,0,1.15e-05,,,True,0,0,6.00005e-07,0,60,,
v100_s0_p30__h2__red__k24__max,v100_s0_p30,100,True,h2,24,max,18,17,14,17,33,6,3,0.000162,4,0.0004378,4,0.0003607,True,19,2,0.10529,1,60,,
v100_s0_p30__h2__red__k24__mid,v100_s0_p30,100,True,h2,24,mid,15,7,14,5,4,2,2,7.99e-05,2,0.0001253,2,5.48e-05,True,5,1,0.0957286,1,60,,
v100_s0_p30__h2__red__k24__min,v100_s0_p30,100,True,h2,24,min,5,1,5,0,0,0,0,5.00004e-07,0,1.04e-05,,,True,0,0,8.00006e-07,0,60,,
v100_s0_p30__h2__red__k2__max,v100_s0_p30,100,True,h2,2,max,83,150,29,150,501,11,6,0.0006135,17,0.0038618,13,0.0315556,True,343,7,4.43064,1,60,,
v100_s0_p30__h2__red__k2__mid,v100_s0_p30,100,True,h2,2,mid,5,2,5,2,1,1,1,4.78e-05,1,5.67e-05,1,1.84e-05,True,2,1,0.046799,1,60,,
v100_s0_p30__h2__red__k2__min,v100_s0_p30,100,True,h2,2,min,6,1,6,0,0,0,0,4.00003e-07,0,5.7e-06,,,True,0,0,6.00005e-07,0,60,,
v100_s0_p30__h2__red__k32__max,v100_s0_p30,100,True,h2,32,max,15,13,13,13,22,5,3,0.0001374,3,0.0001641,3,0.0001158,True,14,2,0.0756356,1,60,,
v100_s0_p30__h2__red__k32__mid,v100_s0_p30,100,True,h2,32,mid,8,4,8,4,2,1,1,6.01e-05,1,0.0001073,1,8.07e-05,True,4,1,0.0594695,1,60,,
v100_s0_p30__h2__red__k3__max,v100_s0_p30,100,True,h2,3,max,68,101,36,100,308,11,6,0.0003896,8,0.0057896,8,0.0127713,True,159,3,1.0923,1,60,,
v100_s0_p30__h2__red__k3__mid,v100_s0_p30,100,True,h2,3,mid,29,40,15,40,101,8,5,0.000423,8,0.0012684,6,0.0032869,True,54,2,0.374277,1,60,,
v100_s0_p30__h2__red__k3__min,v100_s0_p30,100,True,h2,3,min,5,2,5,2,1,1,1,7.78e-05,1,8.81e-05,1,2.54e-05,True,2,1,0.0502796,1,60,,
v100_s0_p30__h2__red__k48__max,v100_s0_p30,100,True,h2,48,max,15,10,14,10,22,7,4,7.77e-05,4,0.0001499,4,7.15e-05,True,12,2,0.0817624,1,60,,
v100_s0_p30__h2__red__k48__mid,v100_s0_p30,100,True,h2,48,mid,8,3,8,2,1,1,1,9.31e-05,1,0.000125,1,3.52e-05,True,2,1,0.0439255,1,60,,
v100_s0_p30__h2__red__k4__max,v100_s0_p30,100,True,h2,4,max,77,94,55,94,240,11,6,0.0005845,6,0.0022639,6,0.003814,True,125,3,0.700794,1,60,,
v100_s0_p30__h2__red__k4__mid,v100_s0_p30,100,True,h2,4,mid,27,22,23,22,49,7,4,0.0001348,5,0.000288,5,0.0002948,True,26,2,0.129839,1,60,,
v100_s0_p30__h2__red__k4__min,v100_s0_p30,100,True,h2,4,min,11,8,10,8,16,6,4,7.56e-05,4,0.0001212,4,8.57e-05,True,9,2,0.0802115,1,60,,
v100_s0_p30__h2__red__k64__max,v100_s0_p30,100,True,h2,64,max,18,9,17,7,7,4,2,0.000215,2,0.0003547,2,0.0001145,True,7,1,0.0756792,1,60,,
v100_s0_p30__h2__red__k64__mid,v100_s0_p30,100,True,h2,64,mid,7,2,7,0,0,0,0,4.00003e-07,0,6.50001e-06,,,True,0,0,5.00004e-07,0,60,,
v100_s0_p30__h2__red__k64__min,v100_s0_p30,100,True,h2,64,min,5,1,5,0,0,0,0,3.00002e-07,0,3.9e-06,,,True,0,0,4.00003e-07,0,60,,
v100_s0_p30__h2__red__k6__max,v100_s0_p30,100,True,h2,6,max,48,52,34,51,117,11,6,0.000209,6,0.0006969,6,0.0012037,True,66,3,0.291435,1,60,,
v100_s0_p30__h2__red__k6__mid,v100_s0_p30,100,True,h2,6,mid,17,16,13,16,35,7,4,0.0002641,4,0.0004056,4,0.0008103,True,19,2,0.111942,1,60,,
v100_s0_p30__h2__red__k6__min,v100_s0_p30,100,True,h2,6,min,6,1,6,0,0,0,0,8.00006e-07,0,1.61e-05,,,True,0,0,8.99992e-07,0,60,,
v100_s0_p30__h2__red__k8__max,v100_s0_p30,100,True,h2,8,max,18,21,11,21,48,7,4,0.0001623,5,0.0003985,5,0.0006536,True,28,2,0.176501,1,60,,
v100_s0_p30__h2__red__k8__mid,v100_s0_p30,100,True,h2,8,mid,15,11,14,11,16,5,3,7.97e-05,3,0.0001393,3,8.6e-05,True,11,1,0.0939805,1,60,,
v100_s0_p30__h2__red__k8__min,v100_s0_p30,100,True,h2,8,min,7,2,7,2,1,1,1,6.88e-05,1,7.44e-05,1,2.47e-05,True,2,1,0.0515318,1,60,,
v100_s0_p30__h2__red__k96__mid,v100_s0_p30,100,True,h2,96,mid,3,1,3,1,0,0,0,4.61e-05,0,3.40001e-06,,,True,1,1,3.9e-06,0,60,,
v100_s0_p30__h2__red__k96__min,v100_s0_p30,100,True,h2,96,min,6,1,6,0,0,0,0,7.00005e-07,0,8.90001e-06,,,True,0,0,5.9999e-07,0,60,,
v100_s0_p30__h2__red__whole__whole,v100_s0_p30,100,True,h2,,whole,83,182,0,182,676,13,7,0.000731,27,0.0066445,21,0.0539922,True,439,6,6.34451,1,60,,
v200_s0_p0__h2+3__nored__k12__max,v200_s0_p0,200,False,h2+3,12,max,68,115,46,115,1004,29,14,0.0008392,28,0.0049244,24,0.0181951,True,465,7,13.9194,1,60,,
v200_s0_p0__h2+3__nored__k12__mid,v200_s0_p0,200,False,h2+3,12,mid,24,29,20,29,198,19,10,0.0004992,12,0.0007418,12,0.0027258,True,79,4,1.10353,1,60,,
v200_s0_p0__h2+3__nored__k16__max,v200_s0_p0,200,False,h2+3,16,max,42,64,31,64,460,21,12,0.0004335,17,0.0016212,17,0.0102231,True,219,6,1.67356,1,60,,
v200_s0_p0__h2+3__nored__k16__mid,v200_s0_p0,200,False,h2+3,16,mid,25,28,22,28,174,19,9,0.0004323,13,0.0005383,12,0.0008635,True,69,4,0.97657,1,60,,
v200_s0_p0__h2+3__nored__k24__max,v200_s0_p0,200,False,h2+3,24,max,32,45,27,45,342,24,12,0.0009602,21,0.0013635,20,0.0043459,True,142,5,2.58733,1,60,,
v200_s0_p0__h2+3__nored__k24__mid,v200_s0_p0,200,False,h2+3,24,mid,8,7,7,7,19,6,5,6.75e-05,5,9.66e-05,5,5.81e-05,True,10,2,0.0743073,1,60,,
v200_s0_p0__h2+3__nored__k24__min,v200_s0_p0,200,False,h2+3,24,min,4,1,4,0,0,0,0,5.9999e-07,0,1.02e-05,,,True,0,0,8.00006e-07,0,60,,
v200_s0_p0__h2+3__nored__k2__max,v200_s0_p0,200,False,h2+3,2,max,108,255,33,255,3558,47,17,0.0054035,80,0.0389917,53,0.39832,True,2146,16,69.4681,1,300,True,60
v200_s0_p0__h2+3__nored__k2__min,v200_s0_p0,200,False,h2+3,2,min,56,113,26,113,1241,35,15,0.0010468,35,0.004872,30,0.0230129,True,547,8,27.1894,1,60,,
v200_s0_p0__h2+3__nored__k32__max,v200_s0_p0,200,False,h2+3,32,max,24,35,17,35,243,23,11,0.0002722,14,0.0011121,14,0.0015501,True,97,4,2.21312,1,60,,
v200_s0_p0__h2+3__nored__k32__mid,v200_s0_p0,200,False,h2+3,32,mid,5,4,4,4,6,3,3,9.48e-05,3,0.0001344,3,3.57e-05,True,4,1,0.0702487,1,60,,
v200_s0_p0__h2+3__nored__k3__max,v200_s0_p0,200,False,h2+3,3,max,150,372,42,372,5194,52,19,0.0063851,71,0.11563,54,1.05265,True,3536,24,124.98,2,60,,
v200_s0_p0__h2+3__nored__k3__mid,v200_s0_p0,200,False,h2+3,3,mid,69,164,20,164,2213,47,17,0.0020596,59,0.0202714,50,0.152865,True,1145,13,23.0465,1,60,,
v200_s0_p0__h2+3__nored__k3__min,v200_s0_p0,200,False,h2+3,3,min,4,1,4,0,0,0,0,5.00004e-07,0,6.59999e-06,,,True,0,0,5.9999e-07,0,60,,
v200_s0_p0__h2+3__nored__k48__max,v200_s0_p0,200,False,h2+3,48,max,19,20,20,20,88,14,6,0.0002026,9,0.0003251,9,0.0003783,True,42,3,0.235589,1,60,,
v200_s0_p0__h2+3__nored__k48__mid,v200_s0_p0,200,False,h2+3,48,mid,5,4,4,4,5,3,2,7.37e-05,2,0.0001016,2,4.49e-05,True,4,1,0.081897,1,60,,
v200_s0_p0__h2+3__nored__k4__max,v200_s0_p0,200,False,h2+3,4,max,67,142,28,142,1823,48,16,0.0016391,42,0.0153372,36,0.0816998,True,1030,13,28.0394,1,60,,
v200_s0_p0__h2+3__nored__k4__mid,v200_s0_p0,200,False,h2+3,4,mid,6,5,5,5,10,4,4,0.0001066,4,0.000125,4,3.79e-05,True,6,2,0.0806306,1,60,,
v200_s0_p0__h2+3__nored__k64__max,v200_s0_p0,200,False,h2+3,64,max,21,28,16,28,205,22,10,0.0002593,14,0.0005036,14,0.0010872,True,80,4,1.24388,1,60,,
v200_s0_p0__h2+3__nored__k64__mid,v200_s0_p0,200,False,h2+3,64,mid,5,2,5,2,1,1,1,0.0001041,1,9.65e-05,1,2.16e-05,True,2,1,0.0505827,1,60,,
v200_s0_p0__h2+3__nored__k6__max,v200_s0_p0,200,False,h2+3,6,max,77,160,34,160,1913,42,16,0.0023367,34,0.0118516,35,0.089841,True,909,10,42.1767,1,60,,
v200_s0_p0__h2+3__nored__k6__mid,v200_s0_p0,200,False,h2+3,6,mid,40,69,24,69,733,35,14,0.0009746,29,0.0040205,29,0.0112629,True,307,7,17.9599,1,60,,
v200_s0_p0__h2+3__nored__k6__min,v200_s0_p0,200,False,h2+3,6,min,4,1,4,0,0,0,0,6.99991e-07,0,1.29e-05,,,True,0,0,9.99993e-07,0,60,,
v200_s0_p0__h2+3__nored__k8__max,v200_s0_p0,200,False,h2+3,8,max,37,70,19,70,783,37,15,0.0006924,30,0.0029139,30,0.0118568,True,385,10,4.72061,1,60,,
v200_s0_p0__h2+3__nored__k8__mid,v200_s0_p0,200,False,h2+3,8,mid,28,45,18,45,379,26,13,0.0005024,20,0.0013147,18,0.0030368,True,169,6,4.18097,1,60,,
v200_s0_p0__h2+3__nored__k96__max,v200_s0_p0,200,False,h2+3,96,max,15,16,13,16,86,13,8,0.0001184,11,0.0002106,11,0.000243,True,35,3,0.333592,1,60,,
v200_s0_p0__h2+3__nored__k96__mid,v200_s0_p0,200,False,h2+3,96,mid,5,2,5,2,1,1,1,0.0001244,1,9.31e-05,1,2.7e-05,True,2,1,0.0481856,1,60,,
v200_s0_p0__h2+3__nored__whole__whole,v200_s0_p0,200,False,h2+3,,whole,200,583,0,583,9710,56,21,0.0091817,140,0.383041,124,3.7493,False,,,148.677,2,60,,
v200_s0_p0__h2+3__red__k12__max,v200_s0_p0,200,True,h2+3,12,max,34,53,23,53,508,32,14,0.0006422,26,0.0021143,22,0.0089319,True,214,6,16.4789,1,60,,
v200_s0_p0__h2+3__red__k12__mid,v200_s0_p0,200,True,h2+3,12,mid,13,12,12,12,41,9,5,0.0001099,6,0.0002053,6,0.0001599,True,19,2,0.159937,1,60,,
v200_s0_p0__h2+3__red__k16__max,v200_s0_p0,200,True,h2+3,16,max,30,47,20,47,438,30,13,0.0006752,21,0.0020885,21,0.0063204,True,178,6,8.80547,1,60,,
v200_s0_p0__h2+3__red__k16__mid,v200_s0_p0,200,True,h2+3,16,mid,11,12,9,12,50,10,7,0.0001092,8,0.0001679,8,0.0001189,True,22,2,0.179614,1,60,,
v200_s0_p0__h2+3__red__k24__max,v200_s0_p0,200,True,h2+3,24,max,27,38,20,38,277,22,11,0.0003348,17,0.0006251,17,0.0018906,True,115,5,1.45455,1,60,,
v200_s0_p0__h2+3__red__k24__mid,v200_s0_p0,200,True,h2+3,24,mid,6,5,5,5,10,4,4,8.41e-05,4,0.000156,4,4.79e-05,True,6,2,0.0962474,1,60,,
v200_s0_p0__h2+3__red__k24__min,v200_s0_p0,200,True,h2+3,24,min,4,1,4,0,0,0,0,5.9999e-07,0,8.3e-06,,,True,0,0,1.09999e-06,0,60,,
v200_s0_p0__h2+3__red__k2__max,v200_s0_p0,200,True,h2+3,2,max,176,444,42,444,6256,48,18,0.005446,80,0.105869,62,1.23832,True,3951,27,243.097,1,300,True,60
v200_s0_p0__h2+3__red__k2__min,v200_s0_p0,200,True,h2+3,2,min,60,121,28,121,1385,38,16,0.0012177,35,0.0062638,30,0.0306404,True,672,10,13.5873,1,60,,
v200_s0_p0__h2+3__red__k32__max,v200_s0_p0,200,True,h2+3,32,max,27,32,23,32,200,20,9,0.0002515,11,0.0005929,11,0.0010301,True,82,4,1.40168,1,60,,
v200_s0_p0__h2+3__red__k32__mid,v200_s0_p0,200,True,h2+3,32,mid,7,6,6,6,14,5,4,8.07e-05,4,0.0001117,4,4.32e-05,True,8,2,0.0720295,1,60,,
v200_s0_p0__h2+3__red__k3__max,v200_s0_p0,200,True,h2+3,3,max,152,373,46,373,5181,52,18,0.006051,75,0.097965,55,0.949141,True,3109,18,128.37,2,60,,
v200_s0_p0__h2+3__red__k3__mid,v200_s0_p0,200,True,h2+3,3,mid,69,160,22,160,2136,47,17,0.0030361,55,0.0174728,47,0.149039,True,1140,13,48.939,1,60,,
v200_s0_p0__h2+3__red__k3__min,v200_s0_p0,200,True,h2+3,3,min,4,1,4,0,0,0,0,7.99992e-07,0,1.14e-05,,,True,0,0,8.99992e-07,0,60,,
v200_s0_p0__h2+3__red__k48__max,v200_s0_p0,200,True,h2+3,48,max,23,24,21,24,100,13,7,0.000168,9,0.0004739,9,0.00094,True,44,3,0.367556,1,60,,
v200_s0_p0__h2+3__red__k48__mid,v200_s0_p0,200,True,h2+3,48,mid,8,5,8,5,10,4,4,9.69e-05,4,7.14e-05,4,2.29e-05,True,6,2,0.0934438,1,60,,
v200_s0_p0__h2+3__red__k4__max,v200_s0_p0,200,True,h2+3,4,max,99,234,33,234,3159,43,18,0.0024597,66,0.0310857,49,0.223633,True,1816,14,60.4176,1,60,,
v200_s0_p0__h2+3__red__k4__mid,v200_s0_p0,200,True,h2+3,4,mid,6,5,5,5,10,4,4,0.0001136,4,0.0001403,4,4.33e-05,True,6,2,0.0965063,1,60,,
v200_s0_p0__h2+3__red__k4__min,v200_s0_p0,200,True,h2+3,4,min,4,1,4,0,0,0,0,7.00005e-07,0,1.21e-05,,,True,0,0,8.00006e-07,0,60,,
v200_s0_p0__h2+3__red__k64__max,v200_s0_p0,200,True,h2+3,64,max,20,20,20,20,84,13,6,0.0002011,7,0.0004251,7,0.0005747,True,39,3,0.211617,1,60,,
v200_s0_p0__h2+3__red__k64__mid,v200_s0_p0,200,True,h2+3,64,mid,7,4,7,4,6,3,3,7.32e-05,3,7.78e-05,3,2.52e-05,True,4,1,0.0668507,1,60,,
v200_s0_p0__h2+3__red__k6__max,v200_s0_p0,200,True,h2+3,6,max,48,99,21,99,1092,36,14,0.0032039,32,0.006406,28,0.0278002,True,561,10,7.64325,1,60,,
v200_s0_p0__h2+3__red__k6__mid,v200_s0_p0,200,True,h2+3,6,mid,42,71,26,71,747,36,14,0.0008029,32,0.0039942,31,0.0085248,True,358,9,7.97138,1,60,,
v200_s0_p0__h2+3__red__k6__min,v200_s0_p0,200,True,h2+3,6,min,4,1,4,0,0,0,0,1.00001e-06,0,2.01e-05,,,True,0,0,1.9e-06,0,60,,
v200_s0_p0__h2+3__red__k8__max,v200_s0_p0,200,True,h2+3,8,max,40,75,21,75,835,39,14,0.0007075,26,0.0031974,25,0.0139892,True,355,8,13.4843,1,60,,
v200_s0_p0__h2+3__red__k8__mid,v200_s0_p0,200,True,h2+3,8,mid,28,45,18,45,398,26,13,0.0003749,23,0.0011458,21,0.0044595,True,170,6,3.48676,1,60,,
v200_s0_p0__h2+3__red__k8__min,v200_s0_p0,200,True,h2+3,8,min,4,1,4,0,0,0,0,9.00007e-07,0,1.46e-05,,,True,0,0,9.99993e-07,0,60,,
v200_s0_p0__h2+3__red__k96__max,v200_s0_p0,200,True,h2+3,96,max,14,16,13,16,60,10,6,0.0001523,7,0.000286,7,0.000252,True,29,3,0.165853,1,60,,
v200_s0_p0__h2+3__red__k96__mid,v200_s0_p0,200,True,h2+3,96,mid,5,2,5,2,1,1,1,6.45e-05,1,7.09e-05,1,2.24e-05,True,2,1,0.0494524,1,60,,
v200_s0_p0__h2+3__red__whole__whole,v200_s0_p0,200,True,h2+3,,whole,200,583,0,583,9710,56,21,0.0113963,136,0.402642,124,3.95701,False,,,141.18,2,60,,
v200_s0_p0__h2__nored__k12__max,v200_s0_p0,200,False,h2,12,max,31,52,19,52,192,12,6,0.0003202,10,0.0008989,10,0.0023392,True,90,3,0.41016,1,60,,
v200_s0_p0__h2__nored__k12__mid,v200_s0_p0,200,False,h2,12,mid,14,15,12,15,39,8,4,0.0002448,6,0.0006976,5,0.0007412,True,20,2,0.140391,1,60,,
v200_s0_p0__h2__nored__k12__min,v200_s0_p0,200,False,h2,12,min,4,1,4,0,0,0,0,1.00001e-06,0,1.67e-05,,,True,0,0,1.7e-06,0,60,,
v200_s0_p0__h2__nored__k16__max,v200_s0_p0,200,False,h2,16,max,34,50,29,50,150,10,5,0.0003934,8,0.0008107,8,0.0029293,True,79,3,0.374967,1,60,,
v200_s0_p0__h2__nored__k16__mid,v200_s0_p0,200,False,h2,16,mid,9,6,9,6,5,2,1,0.000103,1,0.0001695,1,8.92e-05,True,6,1,0.0728371,1,60,,
v200_s0_p0__h2__nored__k24__max,v200_s0_p0,200,False,h2,24,max,25,40,16,40,148,12,6,0.0002314,9,0.0007037,8,0.0013842,True,63,3,0.387477,1,60,,
v200_s0_p0__h2__nored__k24__mid,v200_s0_p0,200,False,h2,24,mid,10,7,10,7,15,6,4,0.0001473,4,0.0002556,4,0.0001385,True,8,2,0.0740993,1,60,,
v200_s0_p0__h2__nored__k2__max,v200_s0_p0,200,False,h2,2,max,178,449,47,449,2076,14,8,0.0024586,28,0.0329719,24,0.45427,True,1341,10,12.0338,1,60,,
v200_s0_p0__h2__nored__k2__min,v200_s0_p0,200,False,h2,2,min,46,87,24,87,368,14,8,0.0004303,14,0.0021033,13,0.007507,True,180,4,1.31371,1,60,,
v200_s0_p0__h2__nored__k32__max,v200_s0_p0,200,False,h2,32,max,30,41,23,41,143,11,6,0.0004527,8,0.0009049,8,0.0028729,True,68,3,0.367599,1,60,,
v200_s0_p0__h2__nored__k32__mid,v200_s0_p0,200,False,h2,32,mid,9,6,9,6,9,5,3,0.0001057,3,0.0001749,3,6.3e-05,True,6,1,0.07155,1,60,,
v200_s0_p0__h2__nored__k3__max,v200_s0_p0,200,False,h2,3,max,145,356,44,356,1632,14,8,0.0018072,22,0.0215419,20,0.256494,True,899,6,7.16031,1,60,,
v200_s0_p0__h2__nored__k3__mid,v200_s0_p0,200,False,h2,3,mid,74,175,22,175,811,14,8,0.0007691,23,0.0063597,21,0.0469504,True,517,7,5.06124,1,60,,
v200_s0_p0__h2__nored__k3__min,v200_s0_p0,200,False,h2,3,min,5,2,5,2,1,1,1,5.5e-05,1,6.64e-05,1,2.35e-05,True,2,1,0.0471276,1,60,,
v200_s0_p0__h2__nored__k48__max,v200_s0_p0,200,False,h2,48,max,17,20,14,20,52,9,6,0.0001284,6,0.0002814,6,0.0002715,True,29,2,0.135517,1,60,,
v200_s0_p0__h2__nored__k48__mid,v200_s0_p0,200,False,h2,48,mid,7,4,7,4,5,3,2,5.95e-05,2,8.33e-05,2,3.41e-05,True,4,1,0.0603807,1,60,,
v200_s0_p0__h2__nored__k48__min,v200_s0_p0,200,False,h2,48,min,4,1,4,0,0,0,0,6.00005e-07,0,6.19999e-06,,,True,0,0,8.00006e-07,0,60,,
v200_s0_p0__h2__nored__k4__max,v200_s0_p0,200,False,h2,4,max,70,149,29,149,644,14,8,0.0007315,19,0.0045221,18,0.0268122,True,344,5,1.64547,1,60,,
v200_s0_p0__h2__nored__k4__mid,v200_s0_p0,200,False,h2,4,mid,53,108,24,108,472,15,8,0.0005588,19,0.0033906,14,0.0161545,True,211,3,2.1586,1,60,,
v200_s0_p0__h2__nored__k4__min,v200_s0_p0,200,False,h2,4,min,4,1,4,0,0,0,0,1.4e-06,0,2.24e-05,,,True,0,0,2.2e-06,0,60,,
v200_s0_p0__h2__nored__k64__max,v200_s0_p0,200,False,h2,64,max,16,23,11,23,74,10,5,0.0001536,7,0.000366,7,0.0005482,True,36,2,0.169045,1,60,,
v200_s0_p0__h2__nored__k64__min,v200_s0_p0,200,False,h2,64,min,4,1,4,0,0,0,0,7.99992e-07,0,1.03e-05,,,True,0,0,8.00006e-07,0,60,,
v200_s0_p0__h2__nored__k6__max,v200_s0_p0,200,False,h2,6,max,49,98,23,98,422,13,7,0.0007716,13,0.0038673,11,0.0154527,True,200,4,2.43478,1,60,,
v200_s0_p0__h2__nored__k6__mid,v200_s0_p0,200,False,h2,6,mid,6,3,6,3,3,2,2,0.0001738,2,0.0001301,2,3e-05,True,3,1,0.0900321,1,60,,
v200_s0_p0__h2__nored__k8__max,v200_s0_p0,200,False,h2,8,max,48,95,23,95,368,12,6,0.0004362,10,0.002895,10,0.008098,True,195,4,0.849776,1,60,,
v200_s0_p0__h2__nored__k8__mid,v200_s0_p0,200,False,h2,8,mid,28,39,21,39,138,13,8,0.0002324,8,0.0005919,8,0.0013189,True,69,4,0.460061,1,60,,
v200_s0_p0__h2__nored__k8__min,v200_s0_p0,200,False,h2,8,min,4,1,4,0,0,0,0,6.99991e-07,0,1.14e-05,,,True,0,0,7.99992e-07,0,60,,
v200_s0_p0__h2__nored__k96__max,v200_s0_p0,200,False,h2,96,max,13,12,12,12,24,7,4,0.0001211,4,0.0002128,4,0.0001354,True,15,2,0.0814671,1,60,,
v200_s0_p0__h2__nored__k96__mid,v200_s0_p0,200,False,h2,96,mid,5,2,5,2,1,1,1,8.25e-05,1,9.5e-05,1,2.69e-05,True,2,1,0.0483105,1,60,,
v200_s0_p0__h2__nored__whole__whole,v200_s0_p0,200,False,h2,,whole,200,583,0,583,2996,17,10,0.0037822,52,0.0668033,42,1.04862,True,2397,13,39.2354,1,60,,
v200_s0_p0__h2__red__k12__max,v200_s0_p0,200,True,h2,12,max,28,53,14,53,205,11,6,0.0002782,10,0.0009033,10,0.002282,True,95,3,0.977563,1,60,,
v200_s0_p0__h2__red__k12__mid,v200_s0_p0,200,True,h2,12,mid,7,4,7,4,3,2,1,0.0001091,1,0.0001351,1,5.44e-05,True,4,1,0.0977371,1,60,,
v200_s0_p0__h2__red__k16__max,v200_s0_p0,200,True,h2,16,max,33,49,25,49,164,12,6,0.0002929,9,0.0011619,7,0.0024126,True,78,3,0.509402,1,60,,
v200_s0_p0__h2__red__k16__mid,v200_s0_p0,200,True,h2,16,mid,7,4,7,4,6,3,3,8.68e-05,3,0.0001021,3,2.96e-05,True,4,1,0.0753259,1,60,,
v200_s0_p0__h2__red__k24__max,v200_s0_p0,200,True,h2,24,max,20,33,12,33,119,11,7,0.0003705,8,0.0011247,8,0.0016844,True,53,3,0.35482,1,60,,
v200_s0_p0__h2__red__k24__mid,v200_s0_p0,200,True,h2,24,mid,12,9,12,9,11,4,2,0.0001183,2,0.0002278,2,0.0001137,True,9,1,0.0788528,1,60,,
v200_s0_p0__h2__red__k2__max,v200_s0_p0,200,True,h2,2,max,174,437,44,437,2015,14,8,0.0018277,29,0.0334797,20,0.434591,True,1343,11,7.38097,1,60,,
v200_s0_p0__h2__red__k2__mid,v200_s0_p0,200,True,h2,2,mid,51,100,25,100,419,14,8,0.0004308,12,0.002205,11,0.0121823,True,215,4,1.2555,1,60,,
v200_s0_p0__h2__red__k2__min,v200_s0_p0,200,True,h2,2,min,5,2,5,2,1,1,1,5.55e-05,1,5.83e-05,1,1.84e-05,True,2,1,0.0413946,1,60,,
v200_s0_p0__h2__red__k32__max,v200_s0_p0,200,True,h2,32,max,27,37,22,37,113,10,5,0.000317,6,0.000872,6,0.0016622,True,54,3,0.252249,1,60,,
v200_s0_p0__h2__red__k32__mid,v200_s0_p0,200,True,h2,32,mid,8,5,8,5,10,4,4,6.55e-05,4,6.84e-05,4,2.36e-05,True,6,2,0.0864367,1,60,,
v200_s0_p0__h2__red__k3__max,v200_s0_p0,200,True,h2,3,max,149,351,54,351,1592,14,8,0.0014118,25,0.0211429,20,0.205836,True,1058,13,49.4975,1,60,,
v200_s0_p0__h2__red__k3__min,v200_s0_p0,200,True,h2,3,min,79,172,31,172,781,14,8,0.0008317,22,0.0082859,20,0.0490015,True,368,4,5.64633,1,60,,
v200_s0_p0__h2__red__k48__max,v200_s0_p0,200,True,h2,48,max,21,32,14,32,111,11,7,0.0001641,8,0.0004508,8,0.0010305,True,48,3,0.274499,1,60,,
v200_s0_p0__h2__red__k48__mid,v200_s0_p0,200,True,h2,48,mid,5,2,5,2,1,1,1,6.87e-05,1,7.3e-05,1,2.5e-05,True,2,1,0.0470501,1,60,,
v200_s0_p0__h2__red__k48__min,v200_s0_p0,200,True,h2,48,min,4,1,4,0,0,0,0,6.00005e-07,0,1.01e-05,,,True,0,0,8.99992e-07,0,60,,
v200_s0_p0__h2__red__k4__max,v200_s0_p0,200,True,h2,4,max,108,256,34,256,1181,14,8,0.0010513,19,0.009839,17,0.114318,True,599,4,5.73318,1,60,,
v200_s0_p0__h2__red__k4__mid,v200_s0_p0,200,True,h2,4,mid,8,5,8,5,8,4,3,7.03e-05,3,9.52e-05,3,3.65e-05,True,6,2,0.0829943,1,60,,
v200_s0_p0__h2__red__k4__min,v200_s0_p0,200,True,h2,4,min,4,1,4,0,0,0,0,1.19999e-06,0,2.1e-05,,,True,0,0,1.3e-06,0,60,,
v200_s0_p0__h2__red__k64__max,v200_s0_p0,200,True,h2,64,max,17,19,16,19,49,8,4,0.0001333,5,0.0004186,5,0.0003469,True,27,2,0.1509,1,60,,
v200_s0_p0__h2__red__k64__mid,v200_s0_p0,200,True,h2,64,mid,6,3,6,3,3,2,2,7.43e-05,2,8.24e-05,2,2.66e-05,True,3,1,0.0769055,1,60,,
v200_s0_p0__h2__red__k6__max,v200_s0_p0,200,True,h2,6,max,46,104,17,104,448,13,7,0.0008038,17,0.0024646,14,0.0113997,True,224,4,1.63374,1,60,,
v200_s0_p0__h2__red__k6__mid,v200_s0_p0,200,True,h2,6,mid,5,2,5,2,1,1,1,5.86e-05,1,6.14e-05,1,1.85e-05,True,2,1,0.0479972,1,60,,
v200_s0_p0__h2__red__k6__min,v200_s0_p0,200,True,h2,6,min,4,1,4,0,0,0,0,4.00003e-07,0,5.1e-06,,,True,0,0,5.9999e-07,0,60,,
v200_s0_p0__h2__red__k8__max,v200_s0_p0,200,True,h2,8,max,36,65,20,65,250,11,6,0.0003301,9,0.0011563,9,0.0036087,True,115,3,0.659727,1,60,,
v200_s0_p0__h2__red__k8__mid,v200_s0_p0,200,True,h2,8,mid,42,57,33,57,200,14,8,0.0002371,8,0.0009342,8,0.0020016,True,98,3,0.799174,1,60,,
v200_s0_p0__h2__red__k8__min,v200_s0_p0,200,True,h2,8,min,4,1,4,0,0,0,0,4.00003e-07,0,3.80001e-06,,,True,0,0,5.00004e-07,0,60,,
v200_s0_p0__h2__red__k96__max,v200_s0_p0,200,True,h2,96,max,15,17,14,17,42,8,4,0.001212,4,0.0016665,4,0.0021413,True,22,2,0.218885,1,60,,
v200_s0_p0__h2__red__k96__mid,v200_s0_p0,200,True,h2,96,mid,5,2,5,2,1,1,1,5.26e-05,1,5.53e-05,1,1.7e-05,True,2,1,0.0479145,1,60,,
v200_s0_p0__h2__red__k96__min,v200_s0_p0,200,True,h2,96,min,4,1,4,0,0,0,0,9.99993e-07,0,1.41e-05,,,True,0,0,1.10001e-06,0,60,,
v200_s0_p0__h2__red__whole__whole,v200_s0_p0,200,True,h2,,whole,200,583,0,583,2996,17,10,0.0030246,52,0.0729115,48,1.07821,True,1936,11,20.5046,1,60,,
v200_s0_p30__h2+3__nored__k12__max,v200_s0_p30,200,False,h2+3,12,max,94,118,54,118,765,25,10,0.0007771,16,0.0035236,15,0.0134092,True,327,5,5.28836,1,60,,
v200_s0_p30__h2+3__nored__k12__mid,v200_s0_p30,200,False,h2+3,12,mid,23,21,18,21,74,13,6,0.0001825,7,0.0003817,7,0.0005527,True,32,2,0.188319,1,60,,
v200_s0_p30__h2+3__nored__k12__min,v200_s0_p30,200,False,h2+3,12,min,6,1,6,1,0,0,0,3.9e-05,0,6.1e-06,,,True,1,1,3.8e-06,0,60,,
v200_s0_p30__h2+3__nored__k16__max,v200_s0_p30,200,False,h2+3,16,max,48,64,26,64,429,24,10,0.0003935,12,0.0014523,12,0.0045053,True,175,4,3.47694,1,60,,
v200_s0_p30__h2+3__nored__k16__mid,v200_s0_p30,200,False,h2+3,16,mid,23,13,20,13,34,8,5,0.0001023,6,0.0001718,6,0.0001391,True,17,2,0.105684,1,60,,
v200_s0_p30__h2+3__nored__k16__min,v200_s0_p30,200,False,h2+3,16,min,5,1,5,1,0,0,0,4.24e-05,0,6.1e-06,,,True,1,1,3.7e-06,0,60,,
v200_s0_p30__h2+3__nored__k24__max,v200_s0_p30,200,False,h2+3,24,max,63,63,51,63,313,17,7,0.0004405,9,0.0011743,9,0.0023773,True,130,3,0.944671,1,60,,
v200_s0_p30__h2+3__nored__k24__mid,v200_s0_p30,200,False,h2+3,24,mid,15,8,14,8,19,6,4,0.0001202,4,0.000157,4,9.86e-05,True,10,2,0.0751917,1,60,,
v200_s0_p30__h2+3__nored__k24__min,v200_s0_p30,200,False,h2+3,24,min,4,1,4,0,0,0,0,8.99992e-07,0,1.56e-05,,,True,0,0,1.00001e-06,0,60,,
v200_s0_p30__h2+3__nored__k2__max,v200_s0_p30,200,False,h2+3,2,max,110,179,37,179,1592,35,13,0.0017644,36,0.0131311,32,0.0879843,True,783,8,18.2065,1,60,,
v200_s0_p30__h2+3__nored__k2__mid,v200_s0_p30,200,False,h2+3,2,mid,90,145,24,145,1190,28,12,0.002149,35,0.0108137,31,0.0512307,True,630,8,11.4217,1,60,,
v200_s0_p30__h2+3__nored__k2__min,v200_s0_p30,200,False,h2+3,2,min,27,32,15,32,194,19,10,0.0002333,16,0.000552,16,0.0014656,True,86,4,1.61563,1,60,,
v200_s0_p30__h2+3__nored__k32__max,v200_s0_p30,200,False,h2+3,32,max,52,50,41,50,243,17,7,0.0003021,8,0.0016759,8,0.0027251,True,108,4,1.1071,1,60,,
v200_s0_p30__h2+3__nored__k32__mid,v200_s0_p30,200,False,h2+3,32,mid,12,3,12,3,3,2,2,8e-05,2,0.0001027,2,3.23e-05,True,3,1,0.105655,1,60,,
v200_s0_p30__h2+3__nored__k32__min,v200_s0_p30,200,False,h2+3,32,min,7,1,7,0,0,0,0,8.99992e-07,0,1.76e-05,,,True,0,0,1.60001e-06,0,60,,
v200_s0_p30__h2+3__nored__k3__max,v200_s0_p30,200,False,h2+3,3,max,78,119,27,119,962,28,12,0.000818,30,0.0048864,28,0.0315531,True,465,7,11.775,1,60,,
v200_s0_p30__h2+3__nored__k3__mid,v200_s0_p30,200,False,h2+3,3,mid,82,117,36,117,977,30,12,0.000797,27,0.0049511,25,0.0247135,True,499,8,7.67247,1,60,,
v200_s0_p30__h2+3__nored__k3__min,v200_s0_p30,200,False,h2+3,3,min,16,9,14,9,17,6,3,9.73e-05,4,0.0001439,4,8.34e-05,True,11,2,0.071546,1,60,,
v200_s0_p30__h2+3__nored__k48__max,v200_s0_p30,200,False,h2+3,48,max,46,39,37,39,170,15,8,0.0002822,8,0.0006693,8,0.0012272,True,78,4,0.442798,1,60,,
v200_s0_p30__h2+3__nored__k48__mid,v200_s0_p30,200,False,h2+3,48,mid,14,5,14,4,6,3,3,9.19e-05,3,9.5e-05,3,3.04e-05,True,4,1,0.0685005,1,60,,
v200_s0_p30__h2+3__nored__k48__min,v200_s0_p30,200,False,h2+3,48,min,4,1,4,0,0,0,0,8.00006e-07,0,1.3e-05,,,True,0,0,8.99992e-07,0,60,,
v200_s0_p30__h2+3__nored__k4__max,v200_s0_p30,200,False,h2+3,4,max,134,209,52,209,1654,30,11,0.0025659,28,0.011917,27,0.069936,True,851,9,9.38678,1,60,,
v200_s0_p30__h2+3__nored__k4__mid,v200_s0_p30,200,False,h2+3,4,mid,23,21,15,21,98,15,8,0.0004038,10,0.0008018,10,0.000646,True,42,3,0.381293,1,60,,
v200_s0_p30__h2+3__nored__k4__min,v200_s0_p30,200,False,h2+3,4,min,8,1,8,1,0,0,0,5.6e-05,0,8.49999e-06,,,True,1,1,5.6e-06,0,60,,
v200_s0_p30__h2+3__nored__k64__max,v200_s0_p30,200,False,h2+3,64,max,23,18,21,18,72,12,6,0.0001541,9,0.0002488,9,0.0003763,True,35,3,0.19826,1,60,,
v200_s0_p30__h2+3__nored__k64__mid,v200_s0_p30,200,False,h2+3,64,mid,8,3,8,3,3,2,2,7.61e-05,2,8.05e-05,2,5.49e-05,True,3,1,0.0685696,1,60,,
v200_s0_p30__h2+3__nored__k64__min,v200_s0_p30,200,False,h2+3,64,min,5,1,5,1,0,0,0,4.65e-05,0,6.40001e-06,,,True,1,1,4.2e-06,0,60,,
v200_s0_p30__h2+3__nored__k6__max,v200_s0_p30,200,False,h2+3,6,max,124,188,53,188,1545,31,12,0.0012635,25,0.0068808,27,0.0539476,True,753,8,6.4905,1,60,,
v200_s0_p30__h2+3__nored__k6__mid,v200_s0_p30,200,False,h2+3,6,mid,43,44,26,44,290,21,10,0.0003059,17,0.0009792,17,0.0039954,True,125,4,3.06403,1,60,,
v200_s0_p30__h2+3__nored__k6__min,v200_s0_p30,200,False,h2+3,6,min,5,1,5,1,0,0,0,5.68e-05,0,7.5e-06,,,True,1,1,4.2e-06,0,60,,
v200_s0_p30__h2+3__nored__k8__max,v200_s0_p30,200,False,h2+3,8,max,68,94,37,94,682,28,12,0.0008404,19,0.0025508,17,0.0085941,True,309,6,7.25329,1,60,,
v200_s0_p30__h2+3__nored__k8__mid,v200_s0_p30,200,False,h2+3,8,mid,40,33,34,33,179,16,8,0.0002429,12,0.0005477,12,0.0012142,True,82,4,0.970312,1,60,,
v200_s0_p30__h2+3__nored__k96__max,v200_s0_p30,200,False,h2+3,96,max,23,18,20,18,70,11,7,0.0001436,8,0.000267,8,0.0002635,True,31,3,0.194026,1,60,,
v200_s0_p30__h2+3__nored__k96__mid,v200_s0_p30,200,False,h2+3,96,mid,5,2,5,2,1,1,1,6.3e-05,1,6.61e-05,1,2.12e-05,True,2,1,0.0537616,1,60,,
v200_s0_p30__h2+3__nored__k96__min,v200_s0_p30,200,False,h2+3,96,min,8,1,8,1,0,0,0,4.46e-05,0,5.8e-06,,,True,1,1,3.5e-06,0,60,,
v200_s0_p30__h2+3__nored__whole__whole,v200_s0_p30,200,False,h2+3,,whole,200,408,0,408,4140,35,13,0.005,75,0.0902641,68,0.915274,True,2555,13,60.393,1,60,,
v200_s0_p30__h2+3__red__k12__max,v200_s0_p30,200,True,h2+3,12,max,46,56,35,56,364,20,10,0.0005103,14,0.001698,14,0.0051249,True,145,4,3.09553,1,60,,
v200_s0_p30__h2+3__red__k12__mid,v200_s0_p30,200,True,h2+3,12,mid,18,11,16,11,27,7,4,0.0002374,4,0.0005094,4,0.0002223,True,14,2,0.100011,1,60,,
v200_s0_p30__h2+3__red__k16__max,v200_s0_p30,200,True,h2+3,16,max,65,58,53,58,261,15,8,0.0002996,10,0.0010306,10,0.0024263,True,128,4,0.82632,1,60,,
v200_s0_p30__h2+3__red__k16__mid,v200_s0_p30,200,True,h2+3,16,mid,9,4,9,4,4,3,2,7.79e-05,2,0.0001045,2,4.51e-05,True,4,1,0.0917088,1,60,,
v200_s0_p30__h2+3__red__k16__min,v200_s0_p30,200,True,h2+3,16,min,7,1,7,1,0,0,0,4.05e-05,0,5.7e-06,,,True,1,1,3.5e-06,0,60,,
v200_s0_p30__h2+3__red__k24__max,v200_s0_p30,200,True,h2+3,24,max,40,43,31,43,215,18,8,0.000377,10,0.0025189,9,0.0098339,True,92,4,1.13968,1,60,,
v200_s0_p30__h2+3__red__k24__mid,v200_s0_p30,200,True,h2+3,24,mid,11,6,10,6,11,5,3,9.08e-05,3,0.0001173,3,5.02e-05,True,7,2,0.0655019,1,60,,
v200_s0_p30__h2+3__red__k2__max,v200_s0_p30,200,True,h2+3,2,max,122,212,47,212,1850,35,13,0.0016129,34,0.0113656,29,0.107116,True,980,10,18.659,1,60,,
v200_s0_p30__h2+3__red__k2__min,v200_s0_p30,200,True,h2+3,2,min,74,122,23,122,999,28,12,0.000968,34,0.005444,28,0.0305703,True,485,7,10.4795,1,60,,
v200_s0_p30__h2+3__red__k32__max,v200_s0_p30,200,True,h2+3,32,max,33,30,28,30,123,15,6,0.0003826,7,0.0005247,7,0.0005719,True,50,3,0.516951,1,60,,
v200_s0_p30__h2+3__red__k3__max,v200_s0_p30,200,True,h2+3,3,max,71,120,28,120,1045,30,11,0.0009067,29,0.0053496,31,0.0343412,True,508,9,6.91385,1,60,,
v200_s0_p30__h2+3__red__k3__mid,v200_s0_p30,200,True,h2+3,3,mid,60,85,31,85,635,26,11,0.0006751,27,0.0055966,28,0.0117994,True,293,6,4.79073,1,60,,
v200_s0_p30__h2+3__red__k3__min,v200_s0_p30,200,True,h2+3,3,min,5,2,5,2,1,1,1,8.1e-05,1,9.14e-05,1,2.79e-05,True,2,1,0.0518174,1,60,,
v200_s0_p30__h2+3__red__k48__max,v200_s0_p30,200,True,h2+3,48,max,40,31,34,31,115,13,6,0.0001944,7,0.0004692,7,0.0005049,True,51,3,0.253774,1,60,,
v200_s0_p30__h2+3__red__k48__mid,v200_s0_p30,200,True,h2+3,48,mid,13,3,13,3,3,2,2,7.48e-05,2,8.6e-05,2,2.7e-05,True,3,1,0.0828442,1,60,,
v200_s0_p30__h2+3__red__k4__max,v200_s0_p30,200,True,h2+3,4,max,59,97,26,97,809,30,11,0.0007096,28,0.0033293,27,0.0184364,True,349,6,8.6194,1,60,,
v200_s0_p30__h2+3__red__k4__mid,v200_s0_p30,200,True,h2+3,4,mid,34,42,22,42,247,23,9,0.0003048,12,0.000792,12,0.0019807,True,101,4,1.47977,1,60,,
v200_s0_p30__h2+3__red__k4__min,v200_s0_p30,200,True,h2+3,4,min,7,1,7,1,0,0,0,2.59e-05,0,3.8e-06,,,True,1,1,3.3e-06,0,60,,
v200_s0_p30__h2+3__red__k64__max,v200_s0_p30,200,True,h2+3,64,max,17,12,14,12,39,9,6,8.57e-05,6,0.0001491,6,0.0001284,True,17,2,0.147433,1,60,,
v200_s0_p30__h2+3__red__k64__mid,v200_s0_p30,200,True,h2+3,64,mid,11,3,11,3,2,2,1,5.71e-05,1,9.29e-05,1,3.47e-05,True,3,1,0.0591934,1,60,,
v200_s0_p30__h2+3__red__k6__max,v200_s0_p30,200,True,h2+3,6,max,142,212,76,212,1585,25,11,0.0040366,25,0.0087879,20,0.0584088,True,796,9,9.79739,1,60,,
v200_s0_p30__h2+3__red__k6__mid,v200_s0_p30,200,True,h2+3,6,mid,31,32,20,32,156,17,8,0.0002211,12,0.000525,12,0.0011472,True,72,4,0.493035,1,60,,
v200_s0_p30__h2+3__red__k6__min,v200_s0_p30,200,True,h2+3,6,min,9,6,8,6,10,5,3,9.42e-05,3,0.0002052,3,7.82e-05,True,6,1,0.0986016,1,60,,
v200_s0_p30__h2+3__red__k8__max,v200_s0_p30,200,True,h2+3,8,max,55,82,31,82,632,27,11,0.0009372,17,0.0040574,15,0.0139645,True,286,6,3.8186,1,60,,
v200_s0_p30__h2+3__red__k8__mid,v200_s0_p30,200,True,h2+3,8,mid,24,25,17,25,127,17,8,0.0004579,9,0.0020538,9,0.0017809,True,53,4,0.580198,1,60,,
v200_s0_p30__h2+3__red__k96__max,v200_s0_p30,200,True,h2+3,96,max,14,12,13,12,40,9,6,0.0001466,6,0.0002305,6,0.0001857,True,20,2,0.123679,1,60,,
v200_s0_p30__h2+3__red__k96__mid,v200_s0_p30,200,True,h2+3,96,mid,6,2,6,2,1,1,1,6.48e-05,1,7.15e-05,1,2.21e-05,True,2,1,0.0484989,1,60,,
v200_s0_p30__h2+3__red__whole__whole,v200_s0_p30,200,True,h2+3,,whole,173,381,0,381,4040,35,14,0.0037334,72,0.0758232,66,0.744003,True,2499,14,25.9565,1,60,,
v200_s0_p30__h2__nored__k12__max,v200_s0_p30,200,False,h2,12,max,55,41,44,39,84,8,4,0.0003441,4,0.0007084,4,0.0008269,True,52,2,0.181178,1,60,,
v200_s0_p30__h2__nored__k12__mid,v200_s0_p30,200,False,h2,12,mid,20,15,17,15,23,6,3,0.0001013,3,0.0002024,3,0.0001194,True,16,2,0.0822217,1,60,,
v200_s0_p30__h2__nored__k12__min,v200_s0_p30,200,False,h2,12,min,4,1,4,0,0,0,0,5.00004e-07,0,6e-06,,,True,0,0,6.00005e-07,0,60,,
v200_s0_p30__h2__nored__k16__max,v200_s0_p30,200,False,h2,16,max,65,51,54,50,97,8,4,0.000193,6,0.0006343,5,0.0008667,True,59,2,0.236178,1,60,,
v200_s0_p30__h2__nored__k16__mid,v200_s0_p30,200,False,h2,16,mid,13,9,11,7,13,5,3,8.48e-05,3,0.0001649,3,8.91e-05,True,8,2,0.0753941,1,60,,
v200_s0_p30__h2__nored__k16__min,v200_s0_p30,200,False,h2,16,min,5,1,5,0,0,0,0,5.9999e-07,0,5.30001e-06,,,True,0,0,6.00005e-07,0,60,,
v200_s0_p30__h2__nored__k24__max,v200_s0_p30,200,False,h2,24,max,38,27,30,25,41,6,3,0.0001484,4,0.0004034,4,0.0004249,True,27,2,0.134797,1,60,,
v200_s0_p30__h2__nored__k24__mid,v200_s0_p30,200,False,h2,24,mid,8,3,7,3,3,2,2,8.39e-05,2,9.44e-05,2,3.03e-05,True,3,1,0.0771096,1,60,,
v200_s0_p30__h2__nored__k2__max,v200_s0_p30,200,False,h2,2,max,192,335,47,335,1070,10,6,0.0015709,17,0.0136176,14,0.121205,True,609,4,3.94118,1,60,,
v200_s0_p30__h2__nored__k2__min,v200_s0_p30,200,False,h2,2,min,27,26,19,26,54,8,5,0.0001413,5,0.0003258,5,0.0003442,True,33,2,0.156916,1,60,,
v200_s0_p30__h2__nored__k32__max,v200_s0_p30,200,False,h2,32,max,34,29,27,29,68,8,4,0.0001418,6,0.0005384,6,0.0007985,True,37,2,0.239438,1,60,,
v200_s0_p30__h2__nored__k32__mid,v200_s0_p30,200,False,h2,32,mid,6,4,5,4,4,3,2,7.82e-05,2,0.0001145,2,4.76e-05,True,4,1,0.0924559,1,60,,
v200_s0_p30__h2__nored__k32__min,v200_s0_p30,200,False,h2,32,min,7,1,7,0,0,0,0,7.99992e-07,0,1.78e-05,,,True,0,0,1.4e-06,0,60,,
v200_s0_p30__h2__nored__k3__max,v200_s0_p30,200,False,h2,3,max,160,255,58,254,799,10,6,0.0014439,16,0.0128327,12,0.0700734,True,446,4,2.8368,1,60,,
v200_s0_p30__h2__nored__k3__mid,v200_s0_p30,200,False,h2,3,mid,61,80,28,80,226,10,5,0.0003954,9,0.0022893,8,0.0042931,True,126,3,1.06875,1,60,,
v200_s0_p30__h2__nored__k3__min,v200_s0_p30,200,False,h2,3,min,10,1,10,0,0,0,0,6.00005e-07,0,9.4e-06,,,True,0,0,7.00005e-07,0,60,,
v200_s0_p30__h2__nored__k48__max,v200_s0_p30,200,False,h2,48,max,19,20,13,19,51,8,4,0.0002468,7,0.0004044,6,0.0005072,True,26,2,0.15606,1,60,,
v200_s0_p30__h2__nored__k48__mid,v200_s0_p30,200,False,h2,48,mid,5,3,4,3,3,2,2,0.0001837,2,0.0001091,2,2.87e-05,True,3,1,0.101173,1,60,,
v200_s0_p30__h2__nored__k48__min,v200_s0_p30,200,False,h2,48,min,7,1,7,0,0,0,0,8.99992e-07,0,1.35e-05,,,True,0,0,9.99993e-07,0,60,,
v200_s0_p30__h2__nored__k4__max,v200_s0_p30,200,False,h2,4,max,75,114,34,114,344,10,5,0.0005007,9,0.0036654,9,0.0098023,True,179,3,1.24019,1,60,,
v200_s0_p30__h2__nored__k4__mid,v200_s0_p30,200,False,h2,4,mid,57,75,26,73,209,10,6,0.0003741,9,0.0030073,8,0.0083805,True,109,3,0.58742,1,60,,
v200_s0_p30__h2__nored__k4__min,v200_s0_p30,200,False,h2,4,min,8,1,8,0,0,0,0,8.00006e-07,0,1.34e-05,,,True,0,0,9.99993e-07,0,60,,
v200_s0_p30__h2__nored__k64__mid,v200_s0_p30,200,False,h2,64,mid,6,2,6,2,1,1,1,5.95e-05,1,6.81e-05,1,2.41e-05,True,2,1,0.0483299,1,60,,
v200_s0_p30__h2__nored__k64__min,v200_s0_p30,200,False,h2,64,min,5,1,5,0,0,0,0,6.00005e-07,0,8.90001e-06,,,True,0,0,9.00007e-07,0,60,,
v200_s0_p30__h2__nored__k6__max,v200_s0_p30,200,False,h2,6,max,69,86,35,86,228,9,5,0.0003167,9,0.0013261,7,0.0048756,True,123,3,0.67132,1,60,,
v200_s0_p30__h2__nored__k6__mid,v200_s0_p30,200,False,h2,6,mid,47,55,31,55,139,10,6,0.0002233,8,0.000741,7,0.002709,True,80,3,0.452237,1,60,,
v200_s0_p30__h2__nored__k6__min,v200_s0_p30,200,False,h2,6,min,13,1,13,0,0,0,0,5.00004e-07,0,6.40001e-06,,,True,0,0,6.00005e-07,0,60,,
v200_s0_p30__h2__nored__k8__max,v200_s0_p30,200,False,h2,8,max,62,67,40,67,154,10,6,0.0002699,6,0.0009564,6,0.0018054,True,86,2,0.409175,1,60,,
v200_s0_p30__h2__nored__k8__mid,v200_s0_p30,200,False,h2,8,mid,30,29,22,28,60,8,5,0.0001366,5,0.0003497,5,0.0004796,True,33,2,0.14841,1,60,,
v200_s0_p30__h2__nored__k8__min,v200_s0_p30,200,False,h2,8,min,5,1,5,0,0,0,0,8.99992e-07,0,1.33e-05,,,True,0,0,1.00001e-06,0,60,,
v200_s0_p30__h2__nored__k96__max,v200_s0_p30,200,False,h2,96,max,24,16,21,16,30,6,4,0.0001193,4,0.0002352,4,0.0001796,True,18,2,0.116389,1,60,,
v200_s0_p30__h2__nored__k96__mid,v200_s0_p30,200,False,h2,96,mid,11,2,11,0,0,0,0,6.99991e-07,0,6.70001e-06,,,True,0,0,8.99992e-07,0,60,,
v200_s0_p30__h2__nored__whole__whole,v200_s0_p30,200,False,h2,,whole,200,408,0,408,1439,13,8,0.0022318,26,0.0259512,24,0.329394,True,999,9,32.0332,1,60,,
v200_s0_p30__h2__red__k12__max,v200_s0_p30,200,True,h2,12,max,50,63,36,63,187,10,5,0.0002464,7,0.0009047,7,0.0020986,True,96,3,0.641792,1,60,,
v200_s0_p30__h2__red__k12__mid,v200_s0_p30,200,True,h2,12,mid,11,8,10,8,16,6,5,0.0001191,5,0.0001737,5,7.71e-05,True,9,2,0.0943811,1,60,,
v200_s0_p30__h2__red__k12__min,v200_s0_p30,200,True,h2,12,min,5,1,5,0,0,0,0,4.99989e-07,0,7.1e-06,,,True,0,0,6.99991e-07,0,60,,
v200_s0_p30__h2__red__k16__max,v200_s0_p30,200,True,h2,16,max,83,99,65,98,246,9,5,0.0003298,7,0.0015236,6,0.0033646,True,138,3,0.454774,1,60,,
v200_s0_p30__h2__red__k16__mid,v200_s0_p30,200,True,h2,16,mid,8,4,8,4,5,3,2,0.00011,2,0.0001322,2,4.97e-05,True,4,1,0.0585263,1,60,,
v200_s0_p30__h2__red__k24__max,v200_s0_p30,200,True,h2,24,max,54,56,39,55,133,8,5,0.0001911,5,0.0006832,5,0.00128,True,71,2,0.536045,1,60,,
v200_s0_p30__h2__red__k24__mid,v200_s0_p30,200,True,h2,24,mid,5,2,5,2,1,1,1,6.05e-05,1,6.68e-05,1,2.29e-05,True,2,1,0.0440037,1,60,,
v200_s0_p30__h2__red__k24__min,v200_s0_p30,200,True,h2,24,min,5,1,5,0,0,0,0,8.99992e-07,0,1.38e-05,,,True,0,0,9.99993e-07,0,60,,
v200_s0_p30__h2__red__k2__max,v200_s0_p30,200,True,h2,2,max,162,304,42,304,1007,10,6,0.0016939,19,0.011653,14,0.0946253,True,677,9,11.5065,1,60,,
v200_s0_p30__h2__red__k2__min,v200_s0_p30,200,True,h2,2,min,28,35,17,35,98,10,5,0.0001812,7,0.000494,7,0.0007903,True,53,3,0.252814,1,60,,
v200_s0_p30__h2__red__k32__max,v200_s0_p30,200,True,h2,32,max,23,24,18,23,55,8,4,0.0001538,5,0.0003778,5,0.0005026,True,30,2,0.111182,1,60,,
v200_s0_p30__h2__red__k32__mid,v200_s0_p30,200,True,h2,32,mid,8,3,8,2,1,1,1,6.17e-05,1,6.75e-05,1,2.14e-05,True,2,1,0.0500896,1,60,,
v200_s0_p30__h2__red__k32__min,v200_s0_p30,200,True,h2,32,min,10,1,10,0,0,0,0,7.99992e-07,0,1.33e-05,,,True,0,0,2e-06,0,60,,
v200_s0_p30__h2__red__k3__max,v200_s0_p30,200,True,h2,3,max,80,126,32,126,373,10,5,0.0004787,12,0.0025113,11,0.0130284,True,208,3,1.19844,1,60,,
v200_s0_p30__h2__red__k3__mid,v200_s0_p30,200,True,h2,3,mid,58,79,29,79,249,10,5,0.000361,10,0.0017574,10,0.0069494,True,124,3,0.61965,1,60,,
v200_s0_p30__h2__red__k3__min,v200_s0_p30,200,True,h2,3,min,9,6,8,6,10,5,3,8.76e-05,3,0.0001264,3,5.92e-05,True,6,1,0.0995124,1,60,,
v200_s0_p30__h2__red__k48__max,v200_s0_p30,200,True,h2,48,max,20,21,17,21,42,8,5,0.0001473,5,0.0003266,5,0.0003241,True,25,2,0.145548,1,60,,
v200_s0_p30__h2__red__k48__mid,v200_s0_p30,200,True,h2,48,mid,11,3,11,2,1,1,1,5.64e-05,1,5.88e-05,1,1.83e-05,True,2,1,0.0524959,1,60,,
v200_s0_p30__h2__red__k4__max,v200_s0_p30,200,True,h2,4,max,52,78,26,78,246,10,6,0.00033,9,0.001415,9,0.0064054,True,127,3,1.06638,1,60,,
v200_s0_p30__h2__red__k4__mid,v200_s0_p30,200,True,h2,4,mid,14,14,10,14,30,7,4,0.0001223,4,0.0002265,4,0.0001833,True,17,2,0.0958311,1,60,,
v200_s0_p30__h2__red__k4__min,v200_s0_p30,200,True,h2,4,min,7,1,7,0,0,0,0,1.00001e-06,0,1.66e-05,,,True,0,0,1.09999e-06,0,60,,
v200_s0_p30__h2__red__k64__max,v200_s0_p30,200,True,h2,64,max,24,21,19,21,39,6,4,0.0001134,4,0.0002777,4,0.0002348,True,23,2,0.161231,1,60,,
v200_s0_p30__h2__red__k64__mid,v200_s0_p30,200,True,h2,64,mid,5,2,5,2,1,1,1,6.81e-05,1,8.14e-05,1,2.43e-05,True,2,1,0.0489914,1,60,,
v200_s0_p30__h2__red__k64__min,v200_s0_p30,200,True,h2,64,min,6,1,6,0,0,0,0,6.00005e-07,0,7.8e-06,,,True,0,0,7.00005e-07,0,60,,
v200_s0_p30__h2__red__k6__max,v200_s0_p30,200,True,h2,6,max,36,58,15,58,185,10,5,0.0002482,9,0.0008699,9,0.0026438,True,95,3,0.470267,1,60,,
v200_s0_p30__h2__red__k6__mid,v200_s0_p30,200,True,h2,6,mid,30,35,18,34,95,9,5,0.0001702,6,0.0004504,6,0.0005252,True,49,2,0.262979,1,60,,
v200_s0_p30__h2__red__k6__min,v200_s0_p30,200,True,h2,6,min,3,1,3,1,0,0,0,4.97e-05,0,6.39999e-06,,,True,1,1,4.99999e-06,0,60,,
v200_s0_p30__h2__red__k8__max,v200_s0_p30,200,True,h2,8,max,57,78,33,78,219,10,5,0.0008068,9,0.0012681,8,0.0048249,True,107,2,0.907783,1,60,,
v200_s0_p30__h2__red__k8__mid,v200_s0_p30,200,True,h2,8,mid,24,20,20,20,47,8,5,0.0002683,5,0.0003787,5,0.0003505,True,25,2,0.179709,1,60,,
v200_s0_p30__h2__red__k8__min,v200_s0_p30,200,True,h2,8,min,7,1,7,0,0,0,0,5.9999e-07,0,8.3e-06,,,True,0,0,9.00007e-07,0,60,,
v200_s0_p30__h2__red__k96__max,v200_s0_p30,200,True,h2,96,max,46,23,45,20,24,5,3,0.0001666,3,0.0003155,3,0.0002574,True,20,1,0.0822893,1,60,,
v200_s0_p30__h2__red__k96__mid,v200_s0_p30,200,True,h2,96,mid,9,3,9,2,1,1,1,4.84e-05,1,5.36e-05,1,1.7e-05,True,2,1,0.0503974,1,60,,
v200_s0_p30__h2__red__k96__min,v200_s0_p30,200,True,h2,96,min,6,1,6,0,0,0,0,6.00005e-07,0,5.7e-06,,,True,0,0,7.00005e-07,0,60,,
v200_s0_p30__h2__red__whole__whole,v200_s0_p30,200,True,h2,,whole,173,381,0,381,1401,13,8,0.0017669,29,0.0216071,24,0.271377,True,963,7,5.04304,1,60,,
v300_s0_p0__h2+3__nored__k12__max,v300_s0_p0,300,False,h2+3,12,max,61,105,39,105,1030,32,14,0.0008245,27,0.0040467,23,0.0233846,True,458,8,8.36065,1,60,,
v300_s0_p0__h2+3__nored__k12__mid,v300_s0_p0,300,False,h2+3,12,mid,38,55,28,55,518,30,12,0.0007486,21,0.002414,19,0.0082898,True,255,8,7.25262,1,60,,
v300_s0_p0__h2+3__nored__k12__min,v300_s0_p0,300,False,h2+3,12,min,4,1,4,0,0,0,0,5.00004e-07,0,7.3e-06,,,True,0,0,8.00006e-07,0,60,,
v300_s0_p0__h2+3__nored__k16__max,v300_s0_p0,300,False,h2+3,16,max,59,97,40,97,914,35,14,0.0008407,23,0.0031797,20,0.0132411,True,417,7,11.0749,1,60,,
v300_s0_p0__h2+3__nored__k16__mid,v300_s0_p0,300,False,h2+3,16,mid,26,33,21,33,234,22,12,0.0002793,16,0.0006164,16,0.0017855,True,96,4,3.02938,1,60,,
v300_s0_p0__h2+3__nored__k24__max,v300_s0_p0,300,False,h2+3,24,max,39,60,27,60,474,24,12,0.0007787,16,0.003184,16,0.0066514,True,217,6,2.70874,1,60,,
v300_s0_p0__h2+3__nored__k24__mid,v300_s0_p0,300,False,h2+3,24,mid,6,5,5,5,10,4,4,0.0001043,4,0.0001138,4,3.38e-05,True,6,2,0.0976691,1,60,,
v300_s0_p0__h2+3__nored__k24__min,v300_s0_p0,300,False,h2+3,24,min,4,1,4,0,0,0,0,5.00004e-07,0,6.69999e-06,,,True,0,0,7.99992e-07,0,60,,
v300_s0_p0__h2+3__nored__k2__max,v300_s0_p0,300,False,h2+3,2,max,172,429,42,429,6414,51,19,0.0054893,103,0.139233,99,1.48762,False,,,305.012,1,300,True,60
v300_s0_p0__h2+3__nored__k2__mid,v300_s0_p0,300,False,h2+3,2,mid,144,351,39,351,5050,54,18,0.0042625,77,0.0939731,72,0.824292,True,3002,17,60.6055,1,60,,
v300_s0_p0__h2+3__nored__k2__min,v300_s0_p0,300,False,h2+3,2,min,23,46,10,46,462,28,14,0.0005822,24,0.0026114,23,0.0075676,True,207,7,11.0971,1,60,,
v300_s0_p0__h2+3__nored__k32__max,v300_s0_p0,300,False,h2+3,32,max,38,55,31,55,401,24,12,0.0003987,18,0.0013268,20,0.0038835,True,172,5,2.7839,1,60,,
v300_s0_p0__h2+3__nored__k32__mid,v300_s0_p0,300,False,h2+3,32,mid,8,5,8,5,10,4,4,8.27e-05,4,0.0001216,4,3.31e-05,True,6,2,0.0868074,1,60,,
v300_s0_p0__h2+3__nored__k32__min,v300_s0_p0,300,False,h2+3,32,min,4,1,4,0,0,0,0,6.00005e-07,0,5.8e-06,,,True,0,0,8.00006e-07,0,60,,
v300_s0_p0__h2+3__nored__k3__max,v300_s0_p0,300,False,h2+3,3,max,222,567,57,567,8259,48,18,0.0071763,81,0.145683,76,2.46478,False,,,306.718,1,300,True,60
v300_s0_p0__h2+3__nored__k3__mid,v300_s0_p0,300,False,h2+3,3,mid,104,249,30,249,3549,48,19,0.0041611,65,0.0649399,59,0.380241,True,2581,25,60.1653,1,60,,
v300_s0_p0__h2+3__nored__k3__min,v300_s0_p0,300,False,h2+3,3,min,4,1,4,0,0,0,0,7.99992e-07,0,1.25e-05,,,True,0,0,9.00007e-07,0,60,,
v300_s0_p0__h2+3__nored__k48__max,v300_s0_p0,300,False,h2+3,48,max,31,45,24,45,306,20,10,0.0003115,12,0.0012984,12,0.0028717,True,133,5,2.87814,1,60,,
v300_s0_p0__h2+3__nored__k48__mid,v300_s0_p0,300,False,h2+3,48,mid,7,4,7,4,5,3,2,8.18e-05,2,0.0001629,2,6.28e-05,True,4,1,0.0804424,1,60,,
v300_s0_p0__h2+3__nored__k48__min,v300_s0_p0,300,False,h2+3,48,min,4,1,4,0,0,0,0,7.00005e-07,0,1.2e-05,,,True,0,0,7.99992e-07,0,60,,
v300_s0_p0__h2+3__nored__k4__max,v300_s0_p0,300,False,h2+3,4,max,98,217,37,217,2926,45,17,0.0035063,64,0.0400266,57,0.218395,True,1694,16,48.3324,1,60,,
v300_s0_p0__h2+3__nored__k4__mid,v300_s0_p0,300,False,h2+3,4,mid,53,118,19,118,1477,40,16,0.0012662,49,0.0068944,43,0.0462874,True,767,12,27.3681,1,60,,
v300_s0_p0__h2+3__nored__k4__min,v300_s0_p0,300,False,h2+3,4,min,4,1,4,0,0,0,0,6.00005e-07,0,9.6e-06,,,True,0,0,9.99993e-07,0,60,,
v300_s0_p0__h2+3__nored__k64__max,v300_s0_p0,300,False,h2+3,64,max,19,32,11,32,252,23,11,0.000268,16,0.0006366,16,0.0017323,True,101,5,1.49716,1,60,,
v300_s0_p0__h2+3__nored__k64__mid,v300_s0_p0,300,False,h2+3,64,mid,6,3,6,3,3,2,2,0.0001041,2,0.00012,2,3.56e-05,True,3,1,0.0776631,1,60,,
v300_s0_p0__h2+3__nored__k6__max,v300_s0_p0,300,False,h2+3,6,max,77,152,38,152,1965,44,17,0.0027469,52,0.0171105,47,0.0819266,True,958,11,49.1228,1,60,,
v300_s0_p0__h2+3__nored__k6__mid,v300_s0_p0,300,False,h2+3,6,mid,52,119,17,119,1532,42,16,0.0012841,48,0.0099613,43,0.0781359,True,861,12,18.4479,1,60,,
v300_s0_p0__h2+3__nored__k6__min,v300_s0_p0,300,False,h2+3,6,min,5,2,5,2,1,1,1,6.73e-05,1,7.04e-05,1,2.24e-05,True,2,1,0.0470523,1,60,,
v300_s0_p0__h2+3__nored__k8__max,v300_s0_p0,300,False,h2+3,8,max,46,99,18,99,1124,35,15,0.0006263,36,0.0086795,31,0.0416712,True,493,9,28.6578,1,60,,
v300_s0_p0__h2+3__nored__k8__mid,v300_s0_p0,300,False,h2+3,8,mid,45,82,25,82,897,35,14,0.0009005,25,0.0078594,23,0.0267447,True,451,10,9.05387,1,60,,
v300_s0_p0__h2+3__nored__k8__min,v300_s0_p0,300,False,h2+3,8,min,4,1,4,0,0,0,0,9.99993e-07,0,1.59e-05,,,True,0,0,1.09999e-06,0,60,,
v300_s0_p0__h2+3__nored__k96__max,v300_s0_p0,300,False,h2+3,96,max,25,36,18,36,210,18,9,0.0003026,11,0.0008054,11,0.0014234,True,85,4,0.632195,1,60,,
v300_s0_p0__h2+3__nored__k96__mid,v300_s0_p0,300,False,h2+3,96,mid,5,2,5,2,1,1,1,6.46e-05,1,7.24e-05,1,2.34e-05,True,2,1,0.0501216,1,60,,
v300_s0_p0__h2+3__nored__k96__min,v300_s0_p0,300,False,h2+3,96,min,4,1,4,0,0,0,0,1.00001e-06,0,1.55e-05,,,True,0,0,1.10001e-06,0,60,,
v300_s0_p0__h2+3__nored__whole__whole,v300_s0_p0,300,False,h2+3,,whole,300,881,0,881,14795,54,21,0.0139296,168,0.976637,,,False,,,170.906,2,60,,
v300_s0_p0__h2+3__red__k12__max,v300_s0_p0,300,True,h2+3,12,max,40,75,21,75,811,35,14,0.0010392,30,0.0037106,30,0.0161987,True,355,7,15.4522,1,60,,
v300_s0_p0__h2+3__red__k12__mid,v300_s0_p0,300,True,h2+3,12,mid,7,6,6,6,15,5,5,8.2e-05,5,0.0001112,5,3.04e-05,True,8,2,0.0722483,1,60,,
v300_s0_p0__h2+3__red__k12__min,v300_s0_p0,300,True,h2+3,12,min,4,1,4,0,0,0,0,5.9999e-07,0,8.80001e-06,,,True,0,0,9.99993e-07,0,60,,
v300_s0_p0__h2+3__red__k16__max,v300_s0_p0,300,True,h2+3,16,max,39,58,28,58,529,30,13,0.0005099,21,0.0015669,21,0.0061146,True,224,6,11.1989,1,60,,
v300_s0_p0__h2+3__red__k16__mid,v300_s0_p0,300,True,h2+3,16,mid,24,35,17,35,289,27,11,0.0011319,18,0.0022837,17,0.0043459,True,118,5,1.81271,1,60,,
v300_s0_p0__h2+3__red__k24__max,v300_s0_p0,300,True,h2+3,24,max,45,60,36,60,429,23,12,0.000418,19,0.0013149,18,0.0038508,True,186,5,2.37235,1,60,,
v300_s0_p0__h2+3__red__k24__mid,v300_s0_p0,300,True,h2+3,24,mid,7,4,7,4,6,3,3,7.43e-05,3,8.73e-05,3,3.3e-05,True,4,1,0.0683391,1,60,,
v300_s0_p0__h2+3__red__k2__max,v300_s0_p0,300,True,h2+3,2,max,169,430,37,430,6233,47,18,0.0052332,92,0.113121,71,1.26367,True,4548,31,113.518,1,300,True,60
v300_s0_p0__h2+3__red__k2__mid,v300_s0_p0,300,True,h2+3,2,mid,149,356,44,356,5121,54,18,0.0066329,71,0.108245,72,0.870219,True,3699,28,61.3174,1,60,,
v300_s0_p0__h2+3__red__k2__min,v300_s0_p0,300,True,h2+3,2,min,23,46,10,46,462,28,14,0.0004388,24,0.0070316,23,0.0050469,True,216,7,5.57349,1,60,,
v300_s0_p0__h2+3__red__k32__max,v300_s0_p0,300,True,h2+3,32,max,22,31,16,31,238,23,11,0.0002997,15,0.0010034,14,0.0029264,True,102,5,1.10632,1,60,,
v300_s0_p0__h2+3__red__k32__mid,v300_s0_p0,300,True,h2+3,32,mid,8,7,7,7,20,6,5,8.09e-05,5,0.000112,5,4.75e-05,True,10,2,0.0785134,1,60,,
v300_s0_p0__h2+3__red__k3__max,v300_s0_p0,300,True,h2+3,3,max,117,276,36,276,3859,50,17,0.003277,71,0.0471713,68,0.492442,True,2429,18,50.4665,1,300,True,60
v300_s0_p0__h2+3__red__k3__mid,v300_s0_p0,300,True,h2+3,3,mid,111,262,34,262,3777,50,18,0.0042248,63,0.0444448,64,0.392006,True,2707,25,62.8031,1,60,,
v300_s0_p0__h2+3__red__k3__min,v300_s0_p0,300,True,h2+3,3,min,4,1,4,0,0,0,0,7.99992e-07,0,9.32e-05,,,True,0,0,9.99993e-07,0,60,,
v300_s0_p0__h2+3__red__k48__max,v300_s0_p0,300,True,h2+3,48,max,25,39,18,39,277,20,10,0.0002936,15,0.0008034,15,0.0019359,True,115,4,1.50315,1,60,,
v300_s0_p0__h2+3__red__k48__mid,v300_s0_p0,300,True,h2+3,48,mid,7,4,7,4,5,3,2,9.35e-05,2,0.0001404,2,5.16e-05,True,4,1,0.0783328,1,60,,
v300_s0_p0__h2+3__red__k48__min,v300_s0_p0,300,True,h2+3,48,min,4,1,4,0,0,0,0,9.99993e-07,0,1.36e-05,,,True,0,0,1.00001e-06,0,60,,
v300_s0_p0__h2+3__red__k4__max,v300_s0_p0,300,True,h2+3,4,max,156,344,62,344,4383,44,16,0.0034424,51,0.0490977,40,0.464041,True,2399,14,124.859,2,60,,
v300_s0_p0__h2+3__red__k4__mid,v300_s0_p0,300,True,h2+3,4,mid,17,24,12,24,150,17,9,0.0002631,13,0.0005617,13,0.0010207,True,61,3,0.84299,1,60,,
v300_s0_p0__h2+3__red__k4__min,v300_s0_p0,300,True,h2+3,4,min,4,1,4,0,0,0,0,6.99991e-07,0,1.14e-05,,,True,0,0,7.00005e-07,0,60,,
v300_s0_p0__h2+3__red__k64__max,v300_s0_p0,300,True,h2+3,64,max,26,33,21,33,212,22,10,0.0002555,15,0.0005781,14,0.0012141,True,91,4,1.312,1,60,,
v300_s0_p0__h2+3__red__k64__mid,v300_s0_p0,300,True,h2+3,64,mid,6,3,6,3,3,2,2,9.72e-05,2,0.0001758,2,5.85e-05,True,3,1,0.0723752,1,60,,
v300_s0_p0__h2+3__red__k6__max,v300_s0_p0,300,True,h2+3,6,max,70,145,31,145,1743,38,16,0.002105,36,0.0143858,30,0.0563501,True,927,11,15.733,1,60,,
v300_s0_p0__h2+3__red__k6__mid,v300_s0_p0,300,True,h2+3,6,mid,47,100,19,100,1233,40,16,0.001954,42,0.0082744,43,0.0403314,True,592,10,29.204,1,60,,
v300_s0_p0__h2+3__red__k6__min,v300_s0_p0,300,True,h2+3,6,min,4,1,4,0,0,0,0,8.99992e-07,0,1.39e-05,,,True,0,0,9.99993e-07,0,60,,
v300_s0_p0__h2+3__red__k8__max,v300_s0_p0,300,True,h2+3,8,max,52,99,27,99,1113,36,15,0.0009298,28,0.0067916,28,0.0270925,True,531,10,20.03,1,60,,
v300_s0_p0__h2+3__red__k8__mid,v300_s0_p0,300,True,h2+3,8,mid,5,2,5,2,1,1,1,9.33e-05,1,0.0001055,1,2.8e-05,True,2,1,0.0480147,1,60,,
v300_s0_p0__h2+3__red__k8__min,v300_s0_p0,300,True,h2+3,8,min,4,1,4,0,0,0,0,7.99992e-07,0,1.18e-05,,,True,0,0,8.00006e-07,0,60,,
v300_s0_p0__h2+3__red__k96__max,v300_s0_p0,300,True,h2+3,96,max,16,17,14,17,69,12,6,0.0001355,8,0.0002396,8,0.0002217,True,30,3,0.202946,1,60,,
v300_s0_p0__h2+3__red__k96__mid,v300_s0_p0,300,True,h2+3,96,mid,6,3,6,3,3,2,2,0.0001062,2,0.0001301,2,5.01e-05,True,3,1,0.0899595,1,60,,
v300_s0_p0__h2+3__red__whole__whole,v300_s0_p0,300,True,h2+3,,whole,300,881,0,881,14795,54,21,0.0146327,164,1.0651,,,False,,,155.239,2,60,,
v300_s0_p0__h2__nored__k12__max,v300_s0_p0,300,False,h2,12,max,43,80,23,80,333,13,7,0.0005513,11,0.0029714,10,0.0130588,True,145,3,1.45523,1,60,,
v300_s0_p0__h2__nored__k12__mid,v300_s0_p0,300,False,h2,12,mid,16,19,13,19,53,9,5,0.0001192,5,0.0002642,5,0.0002585,True,26,2,0.169582,1,60,,
v300_s0_p0__h2__nored__k12__min,v300_s0_p0,300,False,h2,12,min,4,1,4,0,0,0,0,7.99992e-07,0,1.41e-05,,,True,0,0,1.00001e-06,0,60,,
v300_s0_p0__h2__nored__k16__max,v300_s0_p0,300,False,h2,16,max,38,65,23,65,253,12,6,0.0003289,11,0.0012254,11,0.0039958,True,113,3,0.601724,1,60,,
v300_s0_p0__h2__nored__k16__mid,v300_s0_p0,300,False,h2,16,mid,12,13,10,13,32,8,5,0.0001641,5,0.0007872,5,0.0006002,True,17,3,0.106416,1,60,,
v300_s0_p0__h2__nored__k16__min,v300_s0_p0,300,False,h2,16,min,4,1,4,0,0,0,0,5.00004e-07,0,4.1e-06,,,True,0,0,6.99991e-07,0,60,,
v300_s0_p0__h2__nored__k24__max,v300_s0_p0,300,False,h2,24,max,29,42,21,42,137,10,5,0.0003285,8,0.0039471,7,0.001297,True,66,3,0.268465,1,60,,
v300_s0_p0__h2__nored__k24__mid,v300_s0_p0,300,False,h2,24,mid,15,16,13,16,37,7,4,0.0001388,4,0.0012568,4,0.0009626,True,20,2,0.196396,1,60,,
v300_s0_p0__h2__nored__k2__max,v300_s0_p0,300,False,h2,2,max,174,435,42,435,2038,14,8,0.0018634,29,0.0258038,28,0.362559,True,1203,8,37.74,1,60,,
v300_s0_p0__h2__nored__k2__mid,v300_s0_p0,300,False,h2,2,mid,142,345,39,345,1618,15,9,0.0016834,28,0.0189431,25,0.220189,True,1062,7,17.0257,1,60,,
v300_s0_p0__h2__nored__k2__min,v300_s0_p0,300,False,h2,2,min,23,46,10,46,180,10,5,0.00027,12,0.0010354,10,0.0035257,True,86,3,0.534978,1,60,,
v300_s0_p0__h2__nored__k32__max,v300_s0_p0,300,False,h2,32,max,37,62,23,62,215,10,5,0.0005353,8,0.0028459,8,0.0061328,True,103,3,1.56588,1,60,,
v300_s0_p0__h2__nored__k32__mid,v300_s0_p0,300,False,h2,32,mid,6,3,6,3,2,2,1,5.7e-05,1,7.72e-05,1,3.18e-05,True,3,1,0.0568266,1,60,,
v300_s0_p0__h2__nored__k3__max,v300_s0_p0,300,False,h2,3,max,218,539,71,539,2492,15,9,0.0036163,31,0.0501784,27,0.68333,True,1587,8,27.6906,1,60,,
v300_s0_p0__h2__nored__k3__mid,v300_s0_p0,300,False,h2,3,mid,108,253,34,253,1168,17,10,0.0010886,21,0.0133658,21,0.0993338,True,684,9,11.8757,1,60,,
v300_s0_p0__h2__nored__k3__min,v300_s0_p0,300,False,h2,3,min,4,1,4,0,0,0,0,8.00006e-07,0,1.24e-05,,,True,0,0,7.99992e-07,0,60,,
v300_s0_p0__h2__nored__k48__max,v300_s0_p0,300,False,h2,48,max,22,35,14,35,121,11,7,0.0001991,8,0.000589,8,0.000969,True,56,2,0.355083,1,60,,
v300_s0_p0__h2__nored__k48__mid,v300_s0_p0,300,False,h2,48,mid,7,4,7,4,5,3,2,7.9e-05,2,0.0001109,2,5.03e-05,True,4,1,0.0722757,1,60,,
v300_s0_p0__h2__nored__k48__min,v300_s0_p0,300,False,h2,48,min,4,1,4,0,0,0,0,9.00007e-07,0,1.22e-05,,,True,0,0,8.99992e-07,0,60,,
v300_s0_p0__h2__nored__k4__max,v300_s0_p0,300,False,h2,4,max,158,391,43,391,1810,13,8,0.0024489,28,0.0201187,24,0.283987,True,1249,10,8.15882,1,300,True,60
v300_s0_p0__h2__nored__k4__mid,v300_s0_p0,300,False,h2,4,mid,7,6,6,6,11,5,3,8.65e-05,3,0.0001281,3,8.2e-05,True,7,2,0.0695908,1,60,,
v300_s0_p0__h2__nored__k4__min,v300_s0_p0,300,False,h2,4,min,4,1,4,0,0,0,0,6.00005e-07,0,6.2e-06,,,True,0,0,7.99992e-07,0,60,,
v300_s0_p0__h2__nored__k64__max,v300_s0_p0,300,False,h2,64,max,23,34,16,34,111,10,5,0.0001707,9,0.000587,9,0.0011116,True,54,3,0.3964,1,60,,
v300_s0_p0__h2__nored__k64__mid,v300_s0_p0,300,False,h2,64,mid,7,4,7,4,4,3,2,0.0001003,2,0.0001459,2,0.0001011,True,4,1,0.0796088,1,60,,
v300_s0_p0__h2__nored__k6__max,v300_s0_p0,300,False,h2,6,max,71,162,24,162,717,13,8,0.0014438,24,0.0061766,17,0.0421208,True,351,4,2.07862,1,60,,
v300_s0_p0__h2__nored__k8__max,v300_s0_p0,300,False,h2,8,max,50,107,20,107,454,13,7,0.00068,15,0.0040632,14,0.0181495,True,233,4,1.74396,1,60,,
v300_s0_p0__h2__nored__k8__mid,v300_s0_p0,300,False,h2,8,mid,5,2,5,2,1,1,1,6.35e-05,1,6.34e-05,1,1.98e-05,True,2,1,0.0498691,1,60,,
v300_s0_p0__h2__nored__k8__min,v300_s0_p0,300,False,h2,8,min,4,1,4,0,0,0,0,4.99989e-07,0,4.70001e-06,,,True,0,0,6.99991e-07,0,60,,
v300_s0_p0__h2__nored__k96__max,v300_s0_p0,300,False,h2,96,max,28,31,25,31,77,10,5,0.0001195,6,0.0004009,6,0.000451,True,44,2,0.166767,1,60,,
v300_s0_p0__h2__nored__k96__mid,v300_s0_p0,300,False,h2,96,mid,6,3,6,3,3,2,2,7.71e-05,2,0.0002538,2,6.36e-05,True,3,1,0.0974952,1,60,,
v300_s0_p0__h2__nored__k96__min,v300_s0_p0,300,False,h2,96,min,4,1,4,0,0,0,0,9.00007e-07,0,1.29e-05,,,True,0,0,1.09999e-06,0,60,,
v300_s0_p0__h2__nored__whole__whole,v300_s0_p0,300,False,h2,,whole,300,881,0,881,4536,17,10,0.004405,65,0.123495,,,True,3160,14,111.037,1,300,True,60
v300_s0_p0__h2__red__k12__max,v300_s0_p0,300,True,h2,12,max,61,89,47,89,306,13,7,0.0009081,9,0.0028298,8,0.0060501,True,147,3,1.07036,1,60,,
v300_s0_p0__h2__red__k12__mid,v300_s0_p0,300,True,h2,12,mid,33,56,20,56,212,10,6,0.0009798,10,0.0038894,9,0.007622,True,107,3,0.669614,1,60,,
v300_s0_p0__h2__red__k12__min,v300_s0_p0,300,True,h2,12,min,4,1,4,0,0,0,0,6.00005e-07,0,8.49999e-06,,,True,0,0,8.99992e-07,0,60,,
v300_s0_p0__h2__red__k16__max,v300_s0_p0,300,True,h2,16,max,63,106,40,106,386,14,7,0.0004561,14,0.0021171,11,0.0071991,True,201,4,1.12644,1,60,,
v300_s0_p0__h2__red__k16__mid,v300_s0_p0,300,True,h2,16,mid,16,23,11,23,75,10,5,0.0001224,6,0.0002983,6,0.0005417,True,36,2,0.169834,1,60,,
v300_s0_p0__h2__red__k16__min,v300_s0_p0,300,True,h2,16,min,4,1,4,0,0,0,0,7.00005e-07,0,1.22e-05,,,True,0,0,9.00007e-07,0,60,,
v300_s0_p0__h2__red__k24__max,v300_s0_p0,300,True,h2,24,max,38,56,29,56,190,11,6,0.0002619,9,0.0008521,9,0.0017908,True,98,4,0.477704,1,60,,
v300_s0_p0__h2__red__k24__mid,v300_s0_p0,300,True,h2,24,mid,5,2,5,2,1,1,1,0.000107,1,0.0001175,1,2.1e-05,True,2,1,0.0468895,1,60,,
v300_s0_p0__h2__red__k24__min,v300_s0_p0,300,True,h2,24,min,4,1,4,0,0,0,0,5.9999e-07,0,8.50001e-06,,,True,0,0,9.00007e-07,0,60,,
v300_s0_p0__h2__red__k2__max,v300_s0_p0,300,True,h2,2,max,171,426,42,426,2013,14,8,0.0021347,33,0.0413625,28,0.418426,True,1410,12,36.9791,1,60,,
v300_s0_p0__h2__red__k2__mid,v300_s0_p0,300,True,h2,2,mid,145,354,39,354,1697,17,10,0.0018582,30,0.0221532,27,0.258672,True,1185,9,11.989,1,60,,
v300_s0_p0__h2__red__k2__min,v300_s0_p0,300,True,h2,2,min,23,46,10,46,180,10,5,0.0002618,12,0.0008457,10,0.0023632,True,88,3,0.596905,1,60,,
v300_s0_p0__h2__red__k32__max,v300_s0_p0,300,True,h2,32,max,30,47,20,47,174,13,7,0.0003365,10,0.0011643,10,0.0051322,True,82,3,0.608404,1,60,,
v300_s0_p0__h2__red__k32__mid,v300_s0_p0,300,True,h2,32,mid,8,5,8,5,5,3,2,7.83e-05,2,0.0001197,2,4.98e-05,True,5,1,0.0749434,1,60,,
v300_s0_p0__h2__red__k3__max,v300_s0_p0,300,True,h2,3,max,220,549,66,549,2571,15,9,0.0036345,30,0.0434902,28,0.702617,True,1628,7,10.3321,1,60,,
v300_s0_p0__h2__red__k3__mid,v300_s0_p0,300,True,h2,3,mid,108,255,33,255,1201,17,10,0.0012116,26,0.0110317,24,0.134385,True,665,5,4.39667,1,60,,
v300_s0_p0__h2__red__k3__min,v300_s0_p0,300,True,h2,3,min,5,2,5,2,1,1,1,6.77e-05,1,7.44e-05,1,2.33e-05,True,2,1,0.0511252,1,60,,
v300_s0_p0__h2__red__k48__max,v300_s0_p0,300,True,h2,48,max,30,37,28,37,101,11,7,0.0007667,7,0.0014216,7,0.0009867,True,50,2,0.321401,1,60,,
v300_s0_p0__h2__red__k48__mid,v300_s0_p0,300,True,h2,48,mid,6,3,6,3,2,2,1,0.0001419,1,0.0001437,1,5.06e-05,True,3,1,0.0536982,1,60,,
v300_s0_p0__h2__red__k48__min,v300_s0_p0,300,True,h2,48,min,4,1,4,0,0,0,0,1.20001e-06,0,2.43e-05,,,True,0,0,1.9e-06,0,60,,
v300_s0_p0__h2__red__k4__max,v300_s0_p0,300,True,h2,4,max,88,211,25,211,976,14,8,0.0011198,26,0.0157226,23,0.0758127,True,534,8,11.1507,1,60,,
v300_s0_p0__h2__red__k4__mid,v300_s0_p0,300,True,h2,4,mid,89,179,44,179,771,15,9,0.0007169,19,0.0053971,17,0.0425224,True,494,8,4.04414,1,60,,
v300_s0_p0__h2__red__k4__min,v300_s0_p0,300,True,h2,4,min,4,1,4,0,0,0,0,1.8e-06,0,2.89e-05,,,True,0,0,4.2e-06,0,60,,
v300_s0_p0__h2__red__k64__max,v300_s0_p0,300,True,h2,64,max,29,34,25,34,90,8,4,0.0001785,6,0.0004632,6,0.0005904,True,48,2,0.204907,1,60,,
v300_s0_p0__h2__red__k64__mid,v300_s0_p0,300,True,h2,64,mid,6,3,6,3,2,2,1,9.12e-05,1,0.0001637,1,0.0001022,True,3,1,0.0511382,1,60,,
v300_s0_p0__h2__red__k6__max,v300_s0_p0,300,True,h2,6,max,61,132,24,132,579,13,7,0.000862,19,0.0049119,15,0.0235135,True,352,7,3.58066,1,60,,
v300_s0_p0__h2__red__k6__mid,v300_s0_p0,300,True,h2,6,mid,56,101,32,101,414,15,9,0.000834,14,0.0036143,13,0.0162047,True,244,5,3.79665,1,60,,
v300_s0_p0__h2__red__k6__min,v300_s0_p0,300,True,h2,6,min,4,1,4,0,0,0,0,8.00006e-07,0,1.24e-05,,,True,0,0,8.99992e-07,0,60,,
v300_s0_p0__h2__red__k8__max,v300_s0_p0,300,True,h2,8,max,51,112,19,112,518,17,10,0.0006353,17,0.0045167,17,0.0199033,True,237,4,3.03695,1,60,,
v300_s0_p0__h2__red__k8__mid,v300_s0_p0,300,True,h2,8,mid,42,79,22,79,330,12,7,0.0005416,15,0.0037989,12,0.0103539,True,148,3,1.42083,1,60,,
v300_s0_p0__h2__red__k96__max,v300_s0_p0,300,True,h2,96,max,18,23,14,23,65,8,4,0.000201,5,0.0004525,5,0.0005755,True,34,2,0.168826,1,60,,
v300_s0_p0__h2__red__k96__mid,v300_s0_p0,300,True,h2,96,mid,5,2,5,2,1,1,1,6.6e-05,1,7.08e-05,1,2.61e-05,True,2,1,0.0463012,1,60,,
v300_s0_p0__h2__red__whole__whole,v300_s0_p0,300,True,h2,,whole,300,881,0,881,4536,17,10,0.0084256,65,0.15263,,,True,3112,11,25.8553,1,60,,
v300_s0_p30__h2+3__nored__k12__max,v300_s0_p30,300,False,h2+3,12,max,82,103,43,103,753,25,10,0.0011258,19,0.005484,19,0.0158809,True,370,7,4.21588,1,60,,
v300_s0_p30__h2+3__nored__k12__mid,v300_s0_p30,300,False,h2+3,12,mid,23,14,19,14,44,9,7,9.35e-05,7,0.000155,7,9.96e-05,True,19,2,0.147191,1,60,,
v300_s0_p30__h2+3__nored__k12__min,v300_s0_p30,300,False,h2+3,12,min,4,1,4,0,0,0,0,6.00005e-07,0,6.50001e-06,,,True,0,0,8.00006e-07,0,60,,
v300_s0_p30__h2+3__nored__k16__max,v300_s0_p30,300,False,h2+3,16,max,71,71,53,71,357,19,9,0.0004126,15,0.0017511,15,0.0032018,True,166,5,1.05581,1,60,,
v300_s0_p30__h2+3__nored__k16__mid,v300_s0_p30,300,False,h2+3,16,mid,27,17,26,17,61,12,9,0.0001718,9,0.0014259,9,0.0001658,True,26,2,0.135378,1,60,,
v300_s0_p30__h2+3__nored__k16__min,v300_s0_p30,300,False,h2+3,16,min,7,1,7,0,0,0,0,1.00001e-06,0,1.33e-05,,,True,0,0,8.00006e-07,0,60,,
v300_s0_p30__h2+3__nored__k24__max,v300_s0_p30,300,False,h2+3,24,max,54,57,38,57,307,19,9,0.0003111,15,0.0014814,15,0.0045431,True,131,4,1.98639,1,60,,
v300_s0_p30__h2+3__nored__k24__mid,v300_s0_p30,300,False,h2+3,24,mid,13,3,13,2,1,1,1,6.62e-05,1,9.22e-05,1,2.48e-05,True,2,1,0.0549595,1,60,,
v300_s0_p30__h2+3__nored__k24__min,v300_s0_p30,300,False,h2+3,24,min,4,1,4,0,0,0,0,6.00005e-07,0,9e-06,,,True,0,0,9.99993e-07,0,60,,
v300_s0_p30__h2+3__nored__k2__max,v300_s0_p30,300,False,h2+3,2,max,292,543,52,543,5163,36,13,0.0048309,65,0.13373,54,1.35153,True,3422,20,54.2959,1,60,,
v300_s0_p30__h2+3__nored__k2__mid,v300_s0_p30,300,False,h2+3,2,mid,24,17,17,17,45,8,5,0.0001385,6,0.0009085,6,0.0002184,True,22,2,0.181245,1,60,,
v300_s0_p30__h2+3__nored__k2__min,v300_s0_p30,300,False,h2+3,2,min,6,2,5,2,1,1,1,8.46e-05,1,9.09e-05,1,2.65e-05,True,2,1,0.0546279,1,60,,
v300_s0_p30__h2+3__nored__k32__max,v300_s0_p30,300,False,h2+3,32,max,50,53,32,53,288,16,9,0.0004261,12,0.0035928,11,0.0028311,True,124,4,1.26106,1,60,,
v300_s0_p30__h2+3__nored__k32__mid,v300_s0_p30,300,False,h2+3,32,mid,11,7,10,7,16,6,4,0.0001172,4,0.0001909,4,7.4e-05,True,9,2,0.0875739,1,60,,
v300_s0_p30__h2+3__nored__k32__min,v300_s0_p30,300,False,h2+3,32,min,6,1,6,1,0,0,0,5.12e-05,0,6e-06,,,True,1,1,4.09999e-06,0,60,,
v300_s0_p30__h2+3__nored__k3__max,v300_s0_p30,300,False,h2+3,3,max,213,374,48,374,3484,33,13,0.0063645,52,0.0432354,45,0.41093,True,1880,11,46.1181,1,60,,
v300_s0_p30__h2+3__nored__k3__mid,v300_s0_p30,300,False,h2+3,3,mid,93,130,39,130,995,31,12,0.0014387,25,0.0091918,23,0.0462438,True,460,7,8.71716,1,60,,
v300_s0_p30__h2+3__nored__k48__max,v300_s0_p30,300,False,h2+3,48,max,38,29,33,29,108,14,7,0.0001711,9,0.000401,9,0.0005545,True,49,3,0.300699,1,60,,
v300_s0_p30__h2+3__nored__k48__mid,v300_s0_p30,300,False,h2+3,48,mid,15,7,13,7,19,6,5,8.92e-05,5,0.0001218,5,4.58e-05,True,9,2,0.0736348,1,60,,
v300_s0_p30__h2+3__nored__k48__min,v300_s0_p30,300,False,h2+3,48,min,6,1,6,1,0,0,0,5.61e-05,0,1.2e-05,,,True,1,1,4.70001e-06,0,60,,
v300_s0_p30__h2+3__nored__k4__max,v300_s0_p30,300,False,h2+3,4,max,254,432,70,432,3865,35,12,0.0032144,41,0.044514,35,0.59232,True,2096,10,42.2248,1,60,,
v300_s0_p30__h2+3__nored__k4__mid,v300_s0_p30,300,False,h2+3,4,mid,82,108,38,108,732,29,10,0.0011663,25,0.0064331,21,0.0202232,True,348,6,5.51696,1,60,,
v300_s0_p30__h2+3__nored__k4__min,v300_s0_p30,300,False,h2+3,4,min,7,1,7,1,0,0,0,5.43e-05,0,6.1e-06,,,True,1,1,3.7e-06,0,60,,
v300_s0_p30__h2+3__nored__k64__max,v300_s0_p30,300,False,h2+3,64,max,35,24,32,24,84,11,6,0.0001964,7,0.0004551,7,0.0005265,True,36,3,0.176886,1,60,,
v300_s0_p30__h2+3__nored__k64__mid,v300_s0_p30,300,False,h2+3,64,mid,10,5,9,5,8,4,3,7.55e-05,3,0.0001104,3,4.89e-05,True,5,1,0.0882198,1,60,,
v300_s0_p30__h2+3__nored__k6__max,v300_s0_p30,300,False,h2+3,6,max,106,116,66,116,638,20,8,0.0025834,13,0.0043203,13,0.0099077,True,306,5,2.90241,1,60,,
v300_s0_p30__h2+3__nored__k6__mid,v300_s0_p30,300,False,h2+3,6,mid,21,18,12,18,58,9,6,0.0001073,8,0.000223,7,0.0002872,True,26,2,0.114845,1,60,,
v300_s0_p30__h2+3__nored__k6__min,v300_s0_p30,300,False,h2+3,6,min,5,2,4,2,1,1,1,6.84e-05,1,8.27e-05,1,4.31e-05,True,2,1,0.0497416,1,60,,
v300_s0_p30__h2+3__nored__k8__max,v300_s0_p30,300,False,h2+3,8,max,135,163,80,163,1136,28,12,0.001422,22,0.0081792,24,0.0304372,True,508,6,11.3702,1,60,,
v300_s0_p30__h2+3__nored__k8__mid,v300_s0_p30,300,False,h2+3,8,mid,48,55,27,55,390,27,12,0.0004383,16,0.0011096,16,0.0030888,True,169,6,1.60378,1,60,,
v300_s0_p30__h2+3__nored__k8__min,v300_s0_p30,300,False,h2+3,8,min,9,2,9,2,1,1,1,5.47e-05,1,6.14e-05,1,1.7e-05,True,2,1,0.0542048,1,60,,
v300_s0_p30__h2+3__nored__k96__max,v300_s0_p30,300,False,h2+3,96,max,29,25,23,25,103,13,8,0.0095697,9,0.0005651,9,0.0005765,True,44,3,0.37921,1,60,,
v300_s0_p30__h2+3__nored__k96__min,v300_s0_p30,300,False,h2+3,96,min,10,1,10,1,0,0,0,6.42e-05,0,6.1e-06,,,True,1,1,5.9e-06,0,60,,
v300_s0_p30__h2+3__nored__whole__whole,v300_s0_p30,300,False,h2+3,,whole,300,617,0,617,6499,37,14,0.0064737,99,0.163447,,,True,3860,14,120.846,1,300,True,60
v300_s0_p30__h2+3__red__k12__max,v300_s0_p30,300,True,h2+3,12,max,62,65,46,65,375,20,8,0.0004099,13,0.0014142,13,0.0045713,True,175,5,2.05451,1,60,,
v300_s0_p30__h2+3__red__k12__mid,v300_s0_p30,300,True,h2+3,12,mid,33,19,31,19,75,12,6,0.0001567,8,0.0003334,8,0.000362,True,30,3,0.271917,1,60,,
v300_s0_p30__h2+3__red__k12__min,v300_s0_p30,300,True,h2+3,12,min,5,1,5,1,0,0,0,5.8e-05,0,4.99999e-06,,,True,1,1,3.6e-06,0,60,,
v300_s0_p30__h2+3__red__k16__max,v300_s0_p30,300,True,h2+3,16,max,87,96,60,96,562,19,9,0.000814,16,0.0035201,16,0.008946,True,249,5,3.06402,1,60,,
v300_s0_p30__h2+3__red__k16__mid,v300_s0_p30,300,True,h2+3,16,mid,18,20,13,20,109,16,8,0.0002773,10,0.0004698,10,0.0007017,True,45,3,0.471053,1,60,,
v300_s0_p30__h2+3__red__k24__max,v300_s0_p30,300,True,h2+3,24,max,28,35,18,35,218,20,9,0.0011217,16,0.0039285,14,0.0117723,True,95,4,2.12696,1,60,,
v300_s0_p30__h2+3__red__k24__mid,v300_s0_p30,300,True,h2+3,24,mid,18,13,15,13,49,10,6,0.0002816,7,0.0003257,7,0.0002958,True,19,2,0.127062,1,60,,
v300_s0_p30__h2+3__red__k2__max,v300_s0_p30,300,True,h2+3,2,max,136,239,43,239,2184,34,13,0.0026938,39,0.0197195,34,0.157946,True,1230,11,11.4758,1,60,,
v300_s0_p30__h2+3__red__k2__mid,v300_s0_p30,300,True,h2+3,2,mid,101,157,40,157,1335,32,12,0.001729,37,0.0112403,31,0.0592598,True,654,8,12.774,1,60,,
v300_s0_p30__h2+3__red__k2__min,v300_s0_p30,300,True,h2+3,2,min,10,2,10,2,0,0,0,4.12e-05,0,5.7e-06,,,True,2,1,4e-06,0,60,,
v300_s0_p30__h2+3__red__k32__max,v300_s0_p30,300,True,h2+3,32,max,100,78,87,78,310,15,8,0.0006917,10,0.0020292,10,0.0068739,True,140,3,1.58349,1,60,,
v300_s0_p30__h2+3__red__k32__mid,v300_s0_p30,300,True,h2+3,32,mid,17,7,16,7,12,5,3,9.33e-05,3,0.0001674,3,8.14e-05,True,7,2,0.076484,1,60,,
v300_s0_p30__h2+3__red__k3__max,v300_s0_p30,300,True,h2+3,3,max,192,324,79,324,2806,34,13,0.0031474,33,0.0380423,28,0.264342,True,1626,16,58.206,1,60,,
v300_s0_p30__h2+3__red__k3__mid,v300_s0_p30,300,True,h2+3,3,mid,14,15,10,15,68,12,7,0.0001363,9,0.0002361,9,0.0002815,True,32,3,0.180884,1,60,,
v300_s0_p30__h2+3__red__k3__min,v300_s0_p30,300,True,h2+3,3,min,4,1,4,0,0,0,0,6.00005e-07,0,8.50001e-06,,,True,0,0,8.99992e-07,0,60,,
v300_s0_p30__h2+3__red__k48__max,v300_s0_p30,300,True,h2+3,48,max,46,35,44,35,137,13,7,0.0002497,9,0.0005855,9,0.0008068,True,62,3,0.346761,1,60,,
v300_s0_p30__h2+3__red__k48__mid,v300_s0_p30,300,True,h2+3,48,mid,11,6,11,6,12,5,3,9.39e-05,3,0.000124,3,5.24e-05,True,7,2,0.0678489,1,60,,
v300_s0_p30__h2+3__red__k48__min,v300_s0_p30,300,True,h2+3,48,min,6,1,6,1,0,0,0,4.05e-05,0,5.7e-06,,,True,1,1,3.8e-06,0,60,,
v300_s0_p30__h2+3__red__k4__max,v300_s0_p30,300,True,h2+3,4,max,93,147,40,147,1260,33,12,0.0012417,39,0.006842,26,0.0468394,True,688,10,12.041,1,60,,
v300_s0_p30__h2+3__red__k4__mid,v300_s0_p30,300,True,h2+3,4,mid,15,3,15,3,1,1,1,5.91e-05,1,7.9e-05,1,3.25e-05,True,2,1,0.0516641,1,60,,
v300_s0_p30__h2+3__red__k4__min,v300_s0_p30,300,True,h2+3,4,min,4,1,4,0,0,0,0,6.00005e-07,0,5.50001e-06,,,True,0,0,8.00006e-07,0,60,,
v300_s0_p30__h2+3__red__k64__max,v300_s0_p30,300,True,h2+3,64,max,36,26,33,26,109,14,8,0.0001802,9,0.0003866,9,0.0006114,True,49,3,0.278705,1,60,,
v300_s0_p30__h2+3__red__k64__mid,v300_s0_p30,300,True,h2+3,64,mid,8,4,7,4,5,3,2,9.87e-05,2,0.0001664,2,5.75e-05,True,4,1,0.0770258,1,60,,
v300_s0_p30__h2+3__red__k6__max,v300_s0_p30,300,True,h2+3,6,max,62,87,31,87,708,31,11,0.0011396,23,0.0032179,21,0.0173262,True,346,7,6.76246,1,60,,
v300_s0_p30__h2+3__red__k6__mid,v300_s0_p30,300,True,h2+3,6,mid,21,24,12,24,132,15,9,0.0002435,11,0.0005287,11,0.001004,True,54,4,0.517927,1,60,,
v300_s0_p30__h2+3__red__k6__min,v300_s0_p30,300,True,h2+3,6,min,11,1,11,0,0,0,0,8.00006e-07,0,1.36e-05,,,True,0,0,2.18e-05,0,60,,
v300_s0_p30__h2+3__red__k8__max,v300_s0_p30,300,True,h2+3,8,max,88,101,57,101,666,23,12,0.000653,17,0.0031973,15,0.0104708,True,308,6,4.5648,1,60,,
v300_s0_p30__h2+3__red__k8__mid,v300_s0_p30,300,True,h2+3,8,mid,10,7,8,7,19,6,5,0.0001065,5,0.0001757,5,6.08e-05,True,9,2,0.075963,1,60,,
v300_s0_p30__h2+3__red__k8__min,v300_s0_p30,300,True,h2+3,8,min,7,1,7,0,0,0,0,7.00005e-07,0,9.9e-06,,,True,0,0,8.99992e-07,0,60,,
v300_s0_p30__h2+3__red__k96__max,v300_s0_p30,300,True,h2+3,96,max,27,28,23,28,114,12,7,0.0005212,8,0.0006634,8,0.000977,True,48,3,0.400894,1,60,,
v300_s0_p30__h2+3__red__k96__mid,v300_s0_p30,300,True,h2+3,96,mid,5,2,5,2,1,1,1,7.2e-05,1,0.0001128,1,3.22e-05,True,2,1,0.0570609,1,60,,
v300_s0_p30__h2+3__red__k96__min,v300_s0_p30,300,True,h2+3,96,min,7,1,7,1,0,0,0,3.73e-05,0,4.90001e-06,,,True,1,1,4.90001e-06,0,60,,
v300_s0_p30__h2+3__red__whole__whole,v300_s0_p30,300,True,h2+3,,whole,259,576,0,576,6260,37,14,0.0053836,87,0.133715,77,1.96652,True,4468,24,149.657,1,300,True,60
v300_s0_p30__h2__nored__k12__max,v300_s0_p30,300,False,h2,12,max,157,169,101,168,442,10,5,0.0005499,7,0.0030629,6,0.0128228,True,230,3,1.15762,1,60,,
v300_s0_p30__h2__nored__k12__mid,v300_s0_p30,300,False,h2,12,mid,16,16,9,15,30,6,3,0.0001471,5,0.0002621,5,0.0002368,True,19,2,0.107409,1,60,,
v300_s0_p30__h2__nored__k16__max,v300_s0_p30,300,False,h2,16,max,60,76,35,75,203,10,5,0.0003104,7,0.0012562,6,0.005237,True,108,3,0.41704,1,60,,
v300_s0_p30__h2__nored__k16__mid,v300_s0_p30,300,False,h2,16,mid,23,16,20,15,25,5,3,0.0001222,3,0.0002519,3,0.0003513,True,16,2,0.0882441,1,60,,
v300_s0_p30__h2__nored__k16__min,v300_s0_p30,300,False,h2,16,min,7,1,7,0,0,0,0,5.9999e-07,0,7.10001e-06,,,True,0,0,5.9999e-07,0,60,,
v300_s0_p30__h2__nored__k24__max,v300_s0_p30,300,False,h2,24,max,112,109,78,108,251,10,5,0.0005642,5,0.0022686,5,0.0059787,True,140,3,0.65026,1,60,,
v300_s0_p30__h2__nored__k24__mid,v300_s0_p30,300,False,h2,24,mid,21,11,19,11,11,3,3,0.0001313,3,0.0002374,3,0.0001227,True,11,1,0.0773657,1,60,,
v300_s0_p30__h2__nored__k24__min,v300_s0_p30,300,False,h2,24,min,4,1,4,0,0,0,0,1.00001e-06,0,1.85e-05,,,True,0,0,1.19999e-06,0,60,,
v300_s0_p30__h2__nored__k2__max,v300_s0_p30,300,False,h2,2,max,241,422,57,422,1370,13,7,0.0020655,18,0.0254444,17,0.242143,True,872,7,11.6067,1,60,,
v300_s0_p30__h2__nored__k2__mid,v300_s0_p30,300,False,h2,2,mid,93,137,34,137,427,12,7,0.0005466,13,0.0034139,10,0.0143579,True,213,3,1.4921,1,60,,
v300_s0_p30__h2__nored__k2__min,v300_s0_p30,300,False,h2,2,min,4,1,4,0,0,0,0,7.99992e-07,0,1.27e-05,,,True,0,0,8.99992e-07,0,60,,
v300_s0_p30__h2__nored__k32__max,v300_s0_p30,300,False,h2,32,max,68,53,60,50,102,8,5,0.0002007,5,0.0007811,5,0.0010673,True,58,2,0.341962,1,60,,
v300_s0_p30__h2__nored__k32__mid,v300_s0_p30,300,False,h2,32,mid,11,6,11,6,6,3,2,8.9e-05,2,0.000134,2,7.18e-05,True,6,1,0.0745961,1,60,,
v300_s0_p30__h2__nored__k32__min,v300_s0_p30,300,False,h2,32,min,4,1,4,0,0,0,0,1.10001e-06,0,1.44e-05,,,True,0,0,8.99992e-07,0,60,,
v300_s0_p30__h2__nored__k3__max,v300_s0_p30,300,False,h2,3,max,222,386,59,386,1249,12,7,0.0014334,18,0.014231,13,0.164127,True,782,5,9.29255,1,60,,
v300_s0_p30__h2__nored__k3__mid,v300_s0_p30,300,False,h2,3,mid,101,152,35,151,464,13,7,0.0005321,13,0.0036697,12,0.01529,True,308,5,2.64031,1,60,,
v300_s0_p30__h2__nored__k3__min,v300_s0_p30,300,False,h2,3,min,10,6,8,6,9,4,2,8.84e-05,3,0.0001358,3,6.7e-05,True,6,1,0.0719092,1,60,,
v300_s0_p30__h2__nored__k48__max,v300_s0_p30,300,False,h2,48,max,64,49,53,47,94,6,5,0.0002485,5,0.0008175,5,0.0011472,True,54,2,0.182135,1,60,,
v300_s0_p30__h2__nored__k48__mid,v300_s0_p30,300,False,h2,48,mid,11,6,10,6,9,5,3,7.01e-05,3,0.0001021,3,4.5e-05,True,6,1,0.0643912,1,60,,
v300_s0_p30__h2__nored__k48__min,v300_s0_p30,300,False,h2,48,min,4,1,4,0,0,0,0,9.00007e-07,0,1.39e-05,,,True,0,0,1.00001e-06,0,60,,
v300_s0_p30__h2__nored__k4__max,v300_s0_p30,300,False,h2,4,max,143,218,54,218,703,13,7,0.0011421,13,0.0087838,13,0.0476122,True,391,4,3.26053,1,60,,
v300_s0_p30__h2__nored__k4__mid,v300_s0_p30,300,False,h2,4,mid,88,133,29,133,383,11,6,0.0009179,11,0.0035502,9,0.0128262,True,228,4,1.68253,1,60,,
v300_s0_p30__h2__nored__k4__min,v300_s0_p30,300,False,h2,4,min,4,1,4,0,0,0,0,9.00007e-07,0,1.24e-05,,,True,0,0,9.99993e-07,0,60,,
v300_s0_p30__h2__nored__k64__max,v300_s0_p30,300,False,h2,64,max,30,19,26,19,23,4,3,0.0001138,3,0.0002359,3,0.0001663,True,20,2,0.0852221,1,60,,
v300_s0_p30__h2__nored__k64__mid,v300_s0_p30,300,False,h2,64,mid,9,5,9,4,6,3,3,7.81e-05,3,8.21e-05,3,2.8e-05,True,4,1,0.0654608,1,60,,
v300_s0_p30__h2__nored__k64__min,v300_s0_p30,300,False,h2,64,min,4,1,4,0,0,0,0,1.09999e-06,0,1.42e-05,,,True,0,0,1.09999e-06,0,60,,
v300_s0_p30__h2__nored__k6__max,v300_s0_p30,300,False,h2,6,max,105,158,45,158,479,10,5,0.000619,10,0.00382,10,0.017864,True,243,3,1.69417,1,60,,
v300_s0_p30__h2__nored__k6__mid,v300_s0_p30,300,False,h2,6,mid,22,25,13,25,59,9,5,0.0001886,5,0.0004475,5,0.0005513,True,33,2,0.134286,1,60,,
v300_s0_p30__h2__nored__k6__min,v300_s0_p30,300,False,h2,6,min,4,1,4,0,0,0,0,7.99992e-07,0,1.17e-05,,,True,0,0,8.99992e-07,0,60,,
v300_s0_p30__h2__nored__k8__max,v300_s0_p30,300,False,h2,8,max,138,166,75,166,423,10,6,0.0004849,7,0.0028991,7,0.020012,True,229,3,1.36136,1,60,,
v300_s0_p30__h2__nored__k8__mid,v300_s0_p30,300,False,h2,8,mid,15,12,12,12,16,4,3,0.0001013,3,0.0001756,3,8.92e-05,True,12,1,0.0910889,1,60,,
v300_s0_p30__h2__nored__k96__max,v300_s0_p30,300,False,h2,96,max,35,19,33,18,27,5,3,0.0001238,3,0.00028,3,0.0002776,True,20,2,0.0909579,1,60,,
v300_s0_p30__h2__nored__k96__mid,v300_s0_p30,300,False,h2,96,mid,10,3,10,3,3,2,2,9.35e-05,2,0.0001234,2,2.67e-05,True,3,1,0.0932229,1,60,,
v300_s0_p30__h2__nored__k96__min,v300_s0_p30,300,False,h2,96,min,9,1,9,0,0,0,0,9.00007e-07,0,1.38e-05,,,True,0,0,1.09999e-06,0,60,,
v300_s0_p30__h2__nored__whole__whole,v300_s0_p30,300,False,h2,,whole,300,617,0,617,2209,13,7,0.0026797,35,0.0386172,,,True,1566,8,21.9373,1,60,,
v300_s0_p30__h2__red__k12__max,v300_s0_p30,300,True,h2,12,max,97,101,76,98,268,12,7,0.0003202,7,0.0014631,7,0.0043219,True,145,3,0.43638,1,60,,
v300_s0_p30__h2__red__k12__mid,v300_s0_p30,300,True,h2,12,mid,37,29,29,28,68,9,5,0.000146,5,0.0005864,5,0.0006053,True,37,3,0.182175,1,60,,
v300_s0_p30__h2__red__k12__min,v300_s0_p30,300,True,h2,12,min,9,1,9,0,0,0,0,1.19999e-06,0,1.39e-05,,,True,0,0,1.7e-06,0,60,,
v300_s0_p30__h2__red__k16__max,v300_s0_p30,300,True,h2,16,max,60,61,41,59,157,8,5,0.0002324,5,0.0007954,5,0.0014435,True,85,3,0.408559,1,60,,
v300_s0_p30__h2__red__k16__mid,v300_s0_p30,300,True,h2,16,mid,23,20,19,20,41,7,5,0.000172,5,0.0003708,5,0.0004034,True,24,2,0.129116,1,60,,
v300_s0_p30__h2__red__k24__max,v300_s0_p30,300,True,h2,24,max,59,71,42,70,189,10,6,0.0003277,8,0.0010152,6,0.0027461,True,102,3,0.363772,1,60,,
v300_s0_p30__h2__red__k24__mid,v300_s0_p30,300,True,h2,24,mid,16,16,13,16,38,9,5,0.000133,5,0.0003115,5,0.0005707,True,19,2,0.10715,1,60,,
v300_s0_p30__h2__red__k24__min,v300_s0_p30,300,True,h2,24,min,4,1,4,0,0,0,0,8.99992e-07,0,1.4e-05,,,True,0,0,8.99992e-07,0,60,,
v300_s0_p30__h2__red__k2__max,v300_s0_p30,300,True,h2,2,max,144,273,36,273,940,12,7,0.0010372,18,0.0095414,12,0.0863653,True,551,5,6.90268,1,60,,
v300_s0_p30__h2__red__k2__mid,v300_s0_p30,300,True,h2,2,mid,92,135,38,134,388,10,5,0.0006711,10,0.0042646,9,0.01187,True,202,3,1.48365,1,60,,
v300_s0_p30__h2__red__k2__min,v300_s0_p30,300,True,h2,2,min,63,111,21,110,371,11,6,0.0004311,11,0.0026461,11,0.0098248,True,223,4,1.44974,1,60,,
v300_s0_p30__h2__red__k32__max,v300_s0_p30,300,True,h2,32,max,41,41,34,41,105,10,6,0.0001686,6,0.0005742,6,0.0006872,True,56,3,0.273926,1,60,,
v300_s0_p30__h2__red__k32__mid,v300_s0_p30,300,True,h2,32,mid,21,10,19,10,18,6,3,7.81e-05,3,0.0001313,3,0.0001319,True,12,2,0.0757953,1,60,,
v300_s0_p30__h2__red__k3__max,v300_s0_p30,300,True,h2,3,max,191,347,59,347,1164,11,6,0.0013472,19,0.0123361,15,0.12688,True,708,5,10.6324,1,60,,
v300_s0_p30__h2__red__k3__mid,v300_s0_p30,300,True,h2,3,mid,74,101,37,101,288,9,5,0.0027308,8,0.003264,8,0.0134237,True,156,3,1.46752,1,60,,
v300_s0_p30__h2__red__k3__min,v300_s0_p30,300,True,h2,3,min,34,56,13,56,170,9,5,0.0002491,9,0.0028298,9,0.0043528,True,90,3,0.339407,1,60,,
v300_s0_p30__h2__red__k48__max,v300_s0_p30,300,True,h2,48,max,25,29,16,29,63,7,4,0.0001488,4,0.0004548,4,0.0005104,True,35,2,0.140396,1,60,,
v300_s0_p30__h2__red__k48__mid,v300_s0_p30,300,True,h2,48,mid,9,6,9,6,7,4,2,0.0001324,2,0.0002778,2,0.000116,True,6,1,0.0709785,1,60,,
v300_s0_p30__h2__red__k48__min,v300_s0_p30,300,True,h2,48,min,7,1,7,0,0,0,0,9.00007e-07,0,1.38e-05,,,True,0,0,1.09999e-06,0,60,,
v300_s0_p30__h2__red__k4__max,v300_s0_p30,300,True,h2,4,max,204,350,79,350,1163,13,7,0.0015628,15,0.0131692,12,0.134073,True,619,4,4.64187,1,60,,
v300_s0_p30__h2__red__k4__mid,v300_s0_p30,300,True,h2,4,mid,25,26,16,26,71,10,5,0.0001273,7,0.0003239,6,0.0004201,True,35,3,0.142914,1,60,,
v300_s0_p30__h2__red__k4__min,v300_s0_p30,300,True,h2,4,min,6,2,6,0,0,0,0,8.99992e-07,0,1.22e-05,,,True,0,0,9.99993e-07,0,60,,
v300_s0_p30__h2__red__k64__max,v300_s0_p30,300,True,h2,64,max,27,19,24,18,36,6,3,0.0001226,4,0.0002417,4,0.0002039,True,22,2,0.155634,1,60,,
v300_s0_p30__h2__red__k64__min,v300_s0_p30,300,True,h2,64,min,4,1,4,0,0,0,0,1.6e-06,0,1.89e-05,,,True,0,0,1.30001e-06,0,60,,
v300_s0_p30__h2__red__k6__max,v300_s0_p30,300,True,h2,6,max,103,132,57,132,361,9,5,0.0003967,8,0.0026189,8,0.0100759,True,198,3,1.26722,1,60,,
v300_s0_p30__h2__red__k6__mid,v300_s0_p30,300,True,h2,6,mid,46,54,29,54,167,10,5,0.0003316,10,0.0011799,8,0.0018428,True,82,3,0.716923,1,60,,
v300_s0_p30__h2__red__k6__min,v300_s0_p30,300,True,h2,6,min,4,1,4,1,0,0,0,6.17e-05,0,5.00001e-06,,,True,1,1,4.19999e-06,0,60,,
v300_s0_p30__h2__red__k8__max,v300_s0_p30,300,True,h2,8,max,39,67,14,67,214,11,6,0.0002616,12,0.0011285,10,0.0038996,True,107,3,0.867689,1,60,,
v300_s0_p30__h2__red__k8__mid,v300_s0_p30,300,True,h2,8,mid,32,44,17,44,130,10,5,0.0003569,6,0.0009972,6,0.0013216,True,66,3,0.385137,1,60,,
v300_s0_p30__h2__red__k8__min,v300_s0_p30,300,True,h2,8,min,4,1,4,0,0,0,0,7.99992e-07,0,8.1e-06,,,True,0,0,9.00007e-07,0,60,,
v300_s0_p30__h2__red__k96__max,v300_s0_p30,300,True,h2,96,max,23,21,19,21,36,6,3,0.0001859,3,0.0004903,3,0.0011192,True,22,2,0.148742,1,60,,
v300_s0_p30__h2__red__k96__mid,v300_s0_p30,300,True,h2,96,mid,13,4,13,3,2,2,1,0.0001315,1,0.0001821,1,0.0001054,True,3,1,0.0539762,1,60,,
v300_s0_p30__h2__red__whole__whole,v300_s0_p30,300,True,h2,,whole,259,576,0,576,2155,13,7,0.0025423,33,0.0382434,25,0.623651,True,1573,12,32.1668,1,60,,
v500_s0_p0__h2+3__nored__k12__max,v500_s0_p0,500,False,h2+3,12,max,64,133,28,133,1575,42,17,0.0021764,37,0.0112482,34,0.0500446,True,768,10,33.0748,1,60,,
v500_s0_p0__h2+3__nored__k12__mid,v500_s0_p0,500,False,h2+3,12,mid,53,96,30,96,881,28,13,0.000713,20,0.0032442,18,0.010467,True,381,6,8.07194,1,60,,
v500_s0_p0__h2+3__nored__k16__max,v500_s0_p0,500,False,h2+3,16,max,63,112,37,112,1005,31,13,0.0010456,26,0.0069206,21,0.028077,True,471,8,12.107,1,60,,
v500_s0_p0__h2+3__nored__k16__mid,v500_s0_p0,500,False,h2+3,16,mid,16,19,13,19,99,15,7,0.0001939,9,0.0004582,9,0.0005054,True,40,3,0.420704,1,60,,
v500_s0_p0__h2+3__nored__k16__min,v500_s0_p0,500,False,h2+3,16,min,4,1,4,0,0,0,0,1.30001e-06,0,1.87e-05,,,True,0,0,1.30001e-06,0,60,,
v500_s0_p0__h2+3__nored__k24__max,v500_s0_p0,500,False,h2+3,24,max,53,89,35,89,773,28,14,0.0006356,22,0.0038253,22,0.0181605,True,357,7,7.15056,1,60,,
v500_s0_p0__h2+3__nored__k24__mid,v500_s0_p0,500,False,h2+3,24,mid,10,9,9,9,30,8,6,9.48e-05,6,0.0001442,6,7.56e-05,True,15,2,0.112475,1,60,,
v500_s0_p0__h2+3__nored__k24__min,v500_s0_p0,500,False,h2+3,24,min,4,1,4,0,0,0,0,1.4e-06,0,2.54e-05,,,True,0,0,1.20001e-06,0,60,,
v500_s0_p0__h2+3__nored__k2__max,v500_s0_p0,500,False,h2+3,2,max,278,736,49,736,11554,53,19,0.0109995,135,0.414721,,,False,,,141.39,2,60,,
v500_s0_p0__h2+3__nored__k2__mid,v500_s0_p0,500,False,h2+3,2,mid,256,675,45,675,10493,50,19,0.0124307,126,0.379882,,,False,,,142.217,2,60,,
v500_s0_p0__h2+3__nored__k2__min,v500_s0_p0,500,False,h2+3,2,min,7,6,6,6,15,5,5,9.8e-05,5,0.0001243,5,3.95e-05,True,8,2,0.070905,1,60,,
v500_s0_p0__h2+3__nored__k32__max,v500_s0_p0,500,False,h2+3,32,max,73,136,43,136,1440,36,15,0.0018696,34,0.0088838,26,0.0442478,True,677,8,25.8371,1,60,,
v500_s0_p0__h2+3__nored__k32__mid,v500_s0_p0,500,False,h2+3,32,mid,8,5,8,5,9,4,3,8.37e-05,3,0.0001548,3,6.36e-05,True,6,2,0.0732069,1,60,,
v500_s0_p0__h2+3__nored__k32__min,v500_s0_p0,500,False,h2+3,32,min,4,1,4,0,0,0,0,1.09999e-06,0,1.79e-05,,,True,0,0,1.3e-06,0,60,,
v500_s0_p0__h2+3__nored__k3__max,v500_s0_p0,500,False,h2+3,3,max,355,928,82,928,14569,53,19,0.0204326,122,0.786053,,,False,,,160.519,2,60,,
v500_s0_p0__h2+3__nored__k3__mid,v500_s0_p0,500,False,h2+3,3,mid,5,2,5,2,1,1,1,7.17e-05,1,7.84e-05,1,2.47e-05,True,2,1,0.0584893,1,60,,
v500_s0_p0__h2+3__nored__k3__min,v500_s0_p0,500,False,h2+3,3,min,4,1,4,0,0,0,0,5.00004e-07,0,8.9e-06,,,True,0,0,9.99993e-07,0,60,,
v500_s0_p0__h2+3__nored__k48__max,v500_s0_p0,500,False,h2+3,48,max,34,53,23,53,448,27,14,0.0004321,21,0.001378,18,0.0039015,True,190,5,5.56567,1,60,,
v500_s0_p0__h2+3__nored__k48__mid,v500_s0_p0,500,False,h2+3,48,mid,7,4,7,4,5,3,2,8.41e-05,2,0.0001116,2,4.38e-05,True,4,1,0.0705599,1,60,,
v500_s0_p0__h2+3__nored__k48__min,v500_s0_p0,500,False,h2+3,48,min,4,1,4,0,0,0,0,1.09999e-06,0,1.93e-05,,,True,0,0,1.4e-06,0,60,,
v500_s0_p0__h2+3__nored__k4__max,v500_s0_p0,500,False,h2+3,4,max,257,631,73,631,9365,53,18,0.0082711,78,0.182151,,,False,,,143.253,2,60,,
v500_s0_p0__h2+3__nored__k4__mid,v500_s0_p0,500,False,h2+3,4,mid,5,2,5,2,1,1,1,8.29e-05,1,9.23e-05,1,2.75e-05,True,2,1,0.0589561,1,60,,
v500_s0_p0__h2+3__nored__k4__min,v500_s0_p0,500,False,h2+3,4,min,4,1,4,0,0,0,0,9.00007e-07,0,1.34e-05,,,True,0,0,9.00007e-07,0,60,,
v500_s0_p0__h2+3__nored__k64__max,v500_s0_p0,500,False,h2+3,64,max,49,81,33,81,782,30,14,0.0010182,19,0.0044043,19,0.0111021,True,332,7,10.0494,1,60,,
v500_s0_p0__h2+3__nored__k64__mid,v500_s0_p0,500,False,h2+3,64,mid,7,4,7,4,5,3,2,8.63e-05,2,0.0001106,2,4.54e-05,True,4,1,0.0727021,1,60,,
v500_s0_p0__h2+3__nored__k64__min,v500_s0_p0,500,False,h2+3,64,min,4,1,4,0,0,0,0,1.19999e-06,0,1.99e-05,,,True,0,0,1.3e-06,0,60,,
v500_s0_p0__h2+3__nored__k6__max,v500_s0_p0,500,False,h2+3,6,max,101,232,34,232,3272,46,17,0.0027112,56,0.0427601,51,0.331005,True,2076,17,44.4274,1,60,,
v500_s0_p0__h2+3__nored__k6__mid,v500_s0_p0,500,False,h2+3,6,mid,95,196,43,196,2496,47,17,0.0029274,43,0.0242408,42,0.134975,True,1283,12,45.7083,1,60,,
v500_s0_p0__h2+3__nored__k6__min,v500_s0_p0,500,False,h2+3,6,min,4,1,4,0,0,0,0,7.00005e-07,0,1.2e-05,,,True,0,0,1.00001e-06,0,60,,
v500_s0_p0__h2+3__nored__k8__max,v500_s0_p0,500,False,h2+3,8,max,80,179,29,179,2370,45,17,0.0021009,64,0.0241606,53,0.144967,True,1601,19,48.937,1,60,,
v500_s0_p0__h2+3__nored__k8__mid,v500_s0_p0,500,False,h2+3,8,mid,68,147,27,147,1973,48,17,0.0025588,56,0.0114394,45,0.116767,True,1164,16,44.6872,1,60,,
v500_s0_p0__h2+3__nored__k96__max,v500_s0_p0,500,False,h2+3,96,max,33,47,26,47,349,21,11,0.0005422,15,0.00148,15,0.0051535,True,149,5,1.47847,1,60,,
v500_s0_p0__h2+3__nored__k96__mid,v500_s0_p0,500,False,h2+3,96,mid,6,3,6,3,3,2,2,7.88e-05,2,9.68e-05,2,2.91e-05,True,3,1,0.0688432,1,60,,
v500_s0_p0__h2+3__nored__k96__min,v500_s0_p0,500,False,h2+3,96,min,4,1,4,0,0,0,0,1.8e-06,0,3.39e-05,,,True,0,0,1.4e-06,0,60,,
v500_s0_p0__h2+3__nored__whole__whole,v500_s0_p0,500,False,h2+3,,whole,500,1481,0,1481,25647,64,21,0.0521944,223,3.0958,,,False,,,200.278,2,60,,
v500_s0_p0__h2+3__red__k12__max,v500_s0_p0,500,True,h2+3,12,max,113,228,54,228,2611,43,16,0.0068457,41,0.0347007,30,0.265789,True,1336,11,36.6017,1,60,,
v500_s0_p0__h2+3__red__k12__mid,v500_s0_p0,500,True,h2+3,12,mid,16,15,15,15,53,9,5,0.000136,6,0.0003242,6,0.0002415,True,21,2,0.191679,1,60,,
v500_s0_p0__h2+3__red__k16__max,v500_s0_p0,500,True,h2+3,16,max,54,99,30,99,1017,37,14,0.0011944,32,0.0051578,28,0.0268762,True,475,8,19.5034,1,60,,
v500_s0_p0__h2+3__red__k16__mid,v500_s0_p0,500,True,h2+3,16,mid,10,9,9,9,29,8,5,0.0001026,5,0.0001612,5,9.75e-05,True,12,2,0.111363,1,60,,
v500_s0_p0__h2+3__red__k24__max,v500_s0_p0,500,True,h2+3,24,max,78,128,53,128,1154,33,14,0.0011162,25,0.0062653,22,0.0221979,True,566,9,7.47029,1,60,,
v500_s0_p0__h2+3__red__k24__mid,v500_s0_p0,500,True,h2+3,24,mid,8,7,7,7,19,6,5,9.16e-05,5,0.0001264,5,5.02e-05,True,9,2,0.082113,1,60,,
v500_s0_p0__h2+3__red__k2__max,v500_s0_p0,500,True,h2+3,2,max,268,717,42,717,11243,53,19,0.0115267,130,0.475546,,,False,,,143.394,2,60,,
v500_s0_p0__h2+3__red__k2__mid,v500_s0_p0,500,True,h2+3,2,mid,259,686,44,686,10833,52,20,0.0260091,136,0.477387,,,False,,,144.476,2,60,,
v500_s0_p0__h2+3__red__k2__min,v500_s0_p0,500,True,h2+3,2,min,7,6,6,6,15,5,5,9.73e-05,5,0.0001086,5,4.47e-05,True,8,2,0.0767727,1,60,,
v500_s0_p0__h2+3__red__k32__max,v500_s0_p0,500,True,h2+3,32,max,64,127,31,127,1484,42,15,0.0017234,34,0.0083388,32,0.0406212,True,722,11,35.6415,1,60,,
v500_s0_p0__h2+3__red__k32__mid,v500_s0_p0,500,True,h2+3,32,mid,6,3,6,3,3,2,2,6.84e-05,2,7.72e-05,2,2.65e-05,True,3,1,0.0647801,1,60,,
v500_s0_p0__h2+3__red__k3__max,v500_s0_p0,500,True,h2+3,3,max,360,938,80,938,14568,53,19,0.020766,117,0.618055,,,False,,,173.04,2,60,,
v500_s0_p0__h2+3__red__k3__mid,v500_s0_p0,500,True,h2+3,3,mid,185,452,50,452,6743,54,19,0.0089194,85,0.179557,83,1.85535,True,4128,20,60.6996,1,60,,
v500_s0_p0__h2+3__red__k3__min,v500_s0_p0,500,True,h2+3,3,min,5,2,5,2,1,1,1,5.97e-05,1,6.58e-05,1,1.89e-05,True,2,1,0.0668812,1,60,,
v500_s0_p0__h2+3__red__k48__max,v500_s0_p0,500,True,h2+3,48,max,38,55,28,55,355,21,11,0.0003427,14,0.0018355,14,0.0025955,True,147,4,2.2138,1,60,,
v500_s0_p0__h2+3__red__k48__mid,v500_s0_p0,500,True,h2+3,48,mid,5,2,5,2,1,1,1,6.78e-05,1,7.74e-05,1,2.49e-05,True,2,1,0.0779449,1,60,,
v500_s0_p0__h2+3__red__k4__max,v500_s0_p0,500,True,h2+3,4,max,143,354,36,354,5314,54,19,0.0071017,97,0.121073,78,1.05673,True,3125,17,91.4174,1,300,True,60
v500_s0_p0__h2+3__red__k4__mid,v500_s0_p0,500,True,h2+3,4,mid,6,5,5,5,8,4,3,6.46e-05,3,8.92e-05,3,4.2e-05,True,6,2,0.106094,1,60,,
v500_s0_p0__h2+3__red__k4__min,v500_s0_p0,500,True,h2+3,4,min,4,1,4,0,0,0,0,1.09999e-06,0,1.93e-05,,,True,0,0,1.4e-06,0,60,,
v500_s0_p0__h2+3__red__k64__max,v500_s0_p0,500,True,h2+3,64,max,36,57,27,57,427,25,12,0.0003969,21,0.001244,19,0.0044544,True,199,6,3.06733,1,60,,
v500_s0_p0__h2+3__red__k64__mid,v500_s0_p0,500,True,h2+3,64,mid,7,4,7,4,6,3,3,9.51e-05,3,6.39e-05,3,2.16e-05,True,4,1,0.0692534,1,60,,
v500_s0_p0__h2+3__red__k6__max,v500_s0_p0,500,True,h2+3,6,max,164,367,64,367,4929,50,17,0.0046237,71,0.0869144,50,0.797376,True,3049,21,61.2459,1,60,,
v500_s0_p0__h2+3__red__k6__mid,v500_s0_p0,500,True,h2+3,6,mid,10,11,8,11,42,9,7,0.0002126,7,0.0002636,7,0.0003829,True,17,2,0.14782,1,60,,
v500_s0_p0__h2+3__red__k8__max,v500_s0_p0,500,True,h2+3,8,max,79,178,28,178,2330,43,17,0.0020269,60,0.018091,55,0.156287,True,1331,13,19.2476,1,60,,
v500_s0_p0__h2+3__red__k8__mid,v500_s0_p0,500,True,h2+3,8,mid,5,2,5,2,1,1,1,7.52e-05,1,0.0014354,1,9.19e-05,True,2,1,0.0568907,1,60,,
v500_s0_p0__h2+3__red__k96__max,v500_s0_p0,500,True,h2+3,96,max,32,46,25,46,330,22,10,0.0003407,16,0.001067,15,0.0025868,True,144,5,1.92516,1,60,,
v500_s0_p0__h2+3__red__k96__mid,v500_s0_p0,500,True,h2+3,96,mid,5,2,5,2,1,1,1,6.31e-05,1,7.61e-05,1,2.37e-05,True,2,1,0.0759667,1,60,,
v500_s0_p0__h2+3__red__k96__min,v500_s0_p0,500,True,h2+3,96,min,4,1,4,0,0,0,0,1.00001e-06,0,1.86e-05,,,True,0,0,1.6e-06,0,60,,
v500_s0_p0__h2+3__red__whole__whole,v500_s0_p0,500,True,h2+3,,whole,500,1481,0,1481,25647,64,21,0.0313028,251,3.41298,,,False,,,195.419,2,60,,
v500_s0_p0__h2__nored__k12__max,v500_s0_p0,500,False,h2,12,max,111,224,53,224,984,15,8,0.0018272,17,0.0080079,16,0.0579907,True,533,5,7.66471,1,60,,
v500_s0_p0__h2__nored__k16__max,v500_s0_p0,500,False,h2,16,max,60,118,31,118,500,13,8,0.0005639,17,0.0030689,16,0.0234624,True,223,3,2.76204,1,60,,
v500_s0_p0__h2__nored__k16__mid,v500_s0_p0,500,False,h2,16,mid,10,7,10,7,10,4,2,9.08e-05,2,0.0001414,2,6.97e-05,True,7,1,0.0814446,1,60,,
v500_s0_p0__h2__nored__k24__max,v500_s0_p0,500,False,h2,24,max,69,120,45,120,480,13,8,0.0009193,11,0.0055417,11,0.0244333,True,238,4,2.68391,1,60,,
v500_s0_p0__h2__nored__k24__mid,v500_s0_p0,500,False,h2,24,mid,6,3,6,3,3,2,2,6.92e-05,2,0.0002673,2,4.31e-05,True,3,1,0.0713328,1,60,,
v500_s0_p0__h2__nored__k24__min,v500_s0_p0,500,False,h2,24,min,4,1,4,0,0,0,0,1.5e-06,0,2.1e-05,,,True,0,0,1.9e-06,0,60,,
v500_s0_p0__h2__nored__k2__max,v500_s0_p0,500,False,h2,2,max,268,711,45,711,3519,16,8,0.0036853,44,0.0668465,,,True,2100,16,78.4826,1,300,True,60
v500_s0_p0__h2__nored__k2__mid,v500_s0_p0,500,False,h2,2,mid,262,689,47,689,3424,16,9,0.003977,51,0.079284,,,True,1992,6,17.7899,1,300,True,60
v500_s0_p0__h2__nored__k2__min,v500_s0_p0,500,False,h2,2,min,7,6,6,6,11,5,3,8.56e-05,3,0.0001235,3,6.33e-05,True,7,2,0.0722101,1,60,,
v500_s0_p0__h2__nored__k32__max,v500_s0_p0,500,False,h2,32,max,58,106,34,106,438,13,7,0.0006217,16,0.0028545,12,0.0132921,True,225,5,1.85687,1,60,,
v500_s0_p0__h2__nored__k32__mid,v500_s0_p0,500,False,h2,32,mid,5,4,4,4,5,3,2,8.17e-05,2,0.0001053,2,4.38e-05,True,4,1,0.0708637,1,60,,
v500_s0_p0__h2__nored__k32__min,v500_s0_p0,500,False,h2,32,min,4,1,4,0,0,0,0,8.00006e-07,0,1.23e-05,,,True,0,0,8.99992e-07,0,60,,
v500_s0_p0__h2__nored__k3__max,v500_s0_p0,500,False,h2,3,max,356,929,80,929,4526,16,10,0.0048692,47,0.102731,,,True,2955,14,60.2383,1,60,,
v500_s0_p0__h2__nored__k3__min,v500_s0_p0,500,False,h2,3,min,4,1,4,0,0,0,0,6.00005e-07,0,6.29999e-06,,,True,0,0,6.99991e-07,0,60,,
v500_s0_p0__h2__nored__k48__max,v500_s0_p0,500,False,h2,48,max,39,57,30,57,200,13,7,0.0003946,10,0.001432,9,0.0037457,True,94,3,0.893883,1,60,,
v500_s0_p0__h2__nored__k48__mid,v500_s0_p0,500,False,h2,48,mid,6,3,6,3,3,2,2,0.0001067,2,9.81e-05,2,5.57e-05,True,3,1,0.0795071,1,60,,
v500_s0_p0__h2__nored__k48__min,v500_s0_p0,500,False,h2,48,min,4,1,4,0,0,0,0,7.99992e-07,0,1.25e-05,,,True,0,0,8.99992e-07,0,60,,
v500_s0_p0__h2__nored__k4__max,v500_s0_p0,500,False,h2,4,max,212,529,52,529,2494,16,9,0.0043566,32,0.0413156,27,0.552982,True,1515,8,16.27,1,60,,
v500_s0_p0__h2__nored__k4__mid,v500_s0_p0,500,False,h2,4,mid,73,164,26,164,732,15,8,0.0010385,18,0.0059907,16,0.0351347,True,384,5,2.382,1,60,,
v500_s0_p0__h2__nored__k4__min,v500_s0_p0,500,False,h2,4,min,4,1,4,0,0,0,0,3.99988e-07,0,5.2e-06,,,True,0,0,7.00005e-07,0,60,,
v500_s0_p0__h2__nored__k64__max,v500_s0_p0,500,False,h2,64,max,31,49,22,49,156,9,5,0.0003048,8,0.0014322,7,0.0014362,True,77,2,0.312789,1,60,,
v500_s0_p0__h2__nored__k64__mid,v500_s0_p0,500,False,h2,64,mid,7,4,7,4,3,2,1,9.63e-05,1,0.0001506,1,5.72e-05,True,4,1,0.0790257,1,60,,
v500_s0_p0__h2__nored__k64__min,v500_s0_p0,500,False,h2,64,min,4,1,4,0,0,0,0,5.9999e-07,0,1.01e-05,,,True,0,0,1.00001e-06,0,60,,
v500_s0_p0__h2__nored__k6__max,v500_s0_p0,500,False,h2,6,max,108,237,42,237,1072,16,8,0.0011418,25,0.0111828,22,0.0942707,True,636,6,10.2981,1,60,,
v500_s0_p0__h2__nored__k6__mid,v500_s0_p0,500,False,h2,6,mid,5,2,5,2,1,1,1,8.33e-05,1,8.78e-05,1,2.74e-05,True,2,1,0.0567492,1,60,,
v500_s0_p0__h2__nored__k6__min,v500_s0_p0,500,False,h2,6,min,4,1,4,0,0,0,0,8.00006e-07,0,1.26e-05,,,True,0,0,9.00007e-07,0,60,,
v500_s0_p0__h2__nored__k8__max,v500_s0_p0,500,False,h2,8,max,82,181,31,181,806,15,8,0.00068,21,0.0060622,19,0.0501924,True,403,4,5.36963,1,60,,
v500_s0_p0__h2__nored__k8__mid,v500_s0_p0,500,False,h2,8,mid,5,2,5,2,1,1,1,7.45e-05,1,6.48e-05,1,1.88e-05,True,2,1,0.0610121,1,60,,
v500_s0_p0__h2__nored__k8__min,v500_s0_p0,500,False,h2,8,min,4,1,4,0,0,0,0,8.00006e-07,0,1.33e-05,,,True,0,0,9.99993e-07,0,60,,
v500_s0_p0__h2__nored__k96__max,v500_s0_p0,500,False,h2,96,max,33,40,31,40,109,10,6,0.0007386,6,0.0005811,6,0.0007572,True,53,3,0.242524,1,60,,
v500_s0_p0__h2__nored__k96__mid,v500_s0_p0,500,False,h2,96,mid,5,2,5,2,1,1,1,8.02e-05,1,8.8e-05,1,2.97e-05,True,2,1,0.055155,1,60,,
v500_s0_p0__h2__nored__whole__whole,v500_s0_p0,500,False,h2,,whole,500,1481,0,1481,7751,17,10,0.0068292,88,0.26535,,,False,,,308.668,1,300,True,60
v500_s0_p0__h2__red__k12__max,v500_s0_p0,500,True,h2,12,max,126,251,65,251,1077,17,9,0.0011396,20,0.0085426,17,0.0753525,True,594,5,3.33157,1,60,,
v500_s0_p0__h2__red__k12__mid,v500_s0_p0,500,True,h2,12,mid,6,5,5,5,8,4,3,8.32e-05,3,0.000133,3,5.69e-05,True,5,1,0.0893867,1,60,,
v500_s0_p0__h2__red__k16__max,v500_s0_p0,500,True,h2,16,max,94,185,50,185,779,14,7,0.0021085,17,0.0063731,13,0.0376353,True,380,4,2.77017,1,60,,
v500_s0_p0__h2__red__k16__mid,v500_s0_p0,500,True,h2,16,mid,9,6,9,6,6,3,2,8.47e-05,2,0.0001245,2,0.0001415,True,6,1,0.0698449,1,60,,
v500_s0_p0__h2__red__k24__max,v500_s0_p0,500,True,h2,24,max,55,94,34,94,364,14,9,0.0003244,12,0.0029747,10,0.0077747,True,157,3,1.93352,1,60,,
v500_s0_p0__h2__red__k24__mid,v500_s0_p0,500,True,h2,24,mid,8,5,8,5,8,4,3,9.87e-05,3,0.0001355,3,5.43e-05,True,5,1,0.102818,1,60,,
v500_s0_p0__h2__red__k2__max,v500_s0_p0,500,True,h2,2,max,268,709,46,709,3479,16,8,0.0041371,47,0.0749855,,,True,2466,23,60.2956,1,60,,
v500_s0_p0__h2__red__k2__mid,v500_s0_p0,500,True,h2,2,mid,263,690,48,690,3410,17,9,0.0032478,45,0.0619265,,,True,1852,6,38.6362,1,60,,
v500_s0_p0__h2__red__k2__min,v500_s0_p0,500,True,h2,2,min,7,6,6,6,11,5,3,0.0001199,3,0.0005654,3,0.0001749,True,7,2,0.0844074,1,60,,
v500_s0_p0__h2__red__k32__max,v500_s0_p0,500,True,h2,32,max,67,103,49,103,367,11,6,0.0005609,12,0.0029309,11,0.0086651,True,164,3,1.03465,1,60,,
v500_s0_p0__h2__red__k32__mid,v500_s0_p0,500,True,h2,32,mid,5,2,5,2,1,1,1,6.59e-05,1,7.88e-05,1,2.4e-05,True,2,1,0.066149,1,60,,
v500_s0_p0__h2__red__k3__max,v500_s0_p0,500,True,h2,3,max,360,947,74,947,4649,16,10,0.0052094,44,0.105445,,,True,3095,11,121.986,2,60,,
v500_s0_p0__h2__red__k3__min,v500_s0_p0,500,True,h2,3,min,183,454,46,454,2204,17,9,0.0032988,38,0.046454,30,0.565415,True,1157,5,8.47473,1,60,,
v500_s0_p0__h2__red__k48__max,v500_s0_p0,500,True,h2,48,max,44,69,30,69,236,10,5,0.0003064,8,0.0011231,7,0.0035617,True,118,3,0.575599,1,60,,
v500_s0_p0__h2__red__k48__mid,v500_s0_p0,500,True,h2,48,mid,6,3,6,3,3,2,2,9.87e-05,2,0.000107,2,3.12e-05,True,3,1,0.0742419,1,60,,
v500_s0_p0__h2__red__k4__max,v500_s0_p0,500,True,h2,4,max,265,674,62,674,3234,16,8,0.0058392,32,0.0717818,,,True,2176,13,42.0022,1,60,,
v500_s0_p0__h2__red__k4__mid,v500_s0_p0,500,True,h2,4,mid,7,4,7,4,4,3,2,0.0001426,2,0.0001116,2,4.34e-05,True,4,1,0.152276,1,60,,
v500_s0_p0__h2__red__k4__min,v500_s0_p0,500,True,h2,4,min,4,1,4,0,0,0,0,1.09999e-06,0,1.72e-05,,,True,0,0,1.10001e-06,0,60,,
v500_s0_p0__h2__red__k64__max,v500_s0_p0,500,True,h2,64,max,57,92,38,92,323,12,6,0.0004565,9,0.0016649,9,0.0050687,True,167,3,2.10337,1,60,,
v500_s0_p0__h2__red__k64__mid,v500_s0_p0,500,True,h2,64,mid,5,2,5,2,1,1,1,7.1e-05,1,7.74e-05,1,2.61e-05,True,2,1,0.0648838,1,60,,
v500_s0_p0__h2__red__k6__max,v500_s0_p0,500,True,h2,6,max,110,253,37,253,1173,15,8,0.001369,24,0.0107403,20,0.111133,True,619,5,4.68607,1,60,,
v500_s0_p0__h2__red__k6__mid,v500_s0_p0,500,True,h2,6,mid,5,2,5,2,1,1,1,9.15e-05,1,0.0001423,1,2.44e-05,True,2,1,0.0578623,1,60,,
v500_s0_p0__h2__red__k8__max,v500_s0_p0,500,True,h2,8,max,87,192,33,192,882,14,8,0.0013359,26,0.0141102,21,0.0881051,True,480,5,5.30323,1,60,,
v500_s0_p0__h2__red__k8__min,v500_s0_p0,500,True,h2,8,min,4,1,4,0,0,0,0,1.19999e-06,0,2.03e-05,,,True,0,0,1.9e-06,0,60,,
v500_s0_p0__h2__red__k96__max,v500_s0_p0,500,True,h2,96,max,37,47,32,47,138,11,6,0.0002427,7,0.0006852,7,0.0011154,True,66,3,0.336632,1,60,,
v500_s0_p0__h2__red__k96__mid,v500_s0_p0,500,True,h2,96,mid,6,3,6,3,2,2,1,6.83e-05,1,0.0001482,1,5.03e-05,True,3,1,0.054053,1,60,,
v500_s0_p0__h2__red__whole__whole,v500_s0_p0,500,True,h2,,whole,500,1481,0,1481,7751,17,10,0.0078479,92,0.283337,,,False,,,308.956,1,300,True,60
v500_s0_p30__h2+3__nored__k12__max,v500_s0_p30,500,False,h2+3,12,max,175,220,89,220,1524,30,11,0.0013809,23,0.0089414,19,0.0689906,True,821,9,10.4598,1,60,,
v500_s0_p30__h2+3__nored__k12__mid,v500_s0_p30,500,False,h2+3,12,mid,13,6,12,6,7,4,2,8.46e-05,2,0.0013411,2,0.0001511,True,6,1,0.0801903,1,60,,
v500_s0_p30__h2+3__nored__k12__min,v500_s0_p30,500,False,h2+3,12,min,5,1,5,1,0,0,0,6.2e-05,0,1.16e-05,,,True,1,1,6.29999e-06,0,60,,
v500_s0_p30__h2+3__nored__k16__max,v500_s0_p30,500,False,h2+3,16,max,141,173,81,173,1066,25,10,0.001486,18,0.0070473,14,0.0307639,True,549,7,3.03508,1,60,,
v500_s0_p30__h2+3__nored__k16__mid,v500_s0_p30,500,False,h2+3,16,mid,16,7,15,7,17,6,4,9.15e-05,4,0.0001358,4,5.79e-05,True,8,2,0.0685446,1,60,,
v500_s0_p30__h2+3__nored__k16__min,v500_s0_p30,500,False,h2+3,16,min,6,1,6,0,0,0,0,1.00001e-06,0,1.7e-05,,,True,0,0,1.40001e-06,0,60,,
v500_s0_p30__h2+3__nored__k24__max,v500_s0_p30,500,False,h2+3,24,max,102,108,70,108,667,21,10,0.0008337,14,0.0039383,12,0.0088136,True,285,5,3.23711,1,60,,
v500_s0_p30__h2+3__nored__k24__mid,v500_s0_p30,500,False,h2+3,24,mid,17,8,15,8,12,4,3,0.0001559,3,0.0002723,3,0.0001306,True,8,1,0.0620618,1,60,,
v500_s0_p30__h2+3__nored__k24__min,v500_s0_p30,500,False,h2+3,24,min,4,1,4,0,0,0,0,1.10001e-06,0,2.06e-05,,,True,0,0,1.60001e-06,0,60,,
v500_s0_p30__h2+3__nored__k2__max,v500_s0_p30,500,False,h2+3,2,max,251,471,42,471,4850,36,14,0.0047506,75,0.0830924,77,0.904578,True,3401,19,124.077,2,60,,
v500_s0_p30__h2+3__nored__k2__mid,v500_s0_p30,500,False,h2+3,2,mid,199,352,39,352,3403,36,13,0.0054744,54,0.0611072,42,0.423499,True,2078,15,60.479,1,60,,
v500_s0_p30__h2+3__nored__k2__min,v500_s0_p30,500,False,h2+3,2,min,105,133,53,133,910,25,10,0.0009129,20,0.0047427,18,0.0193204,True,497,8,12.0029,1,60,,
v500_s0_p30__h2+3__nored__k32__max,v500_s0_p30,500,False,h2+3,32,max,62,66,35,66,326,18,7,0.0003564,11,0.0012616,11,0.0031091,True,158,4,1.03688,1,60,,
v500_s0_p30__h2+3__nored__k32__mid,v500_s0_p30,500,False,h2+3,32,mid,9,5,8,5,9,4,3,7.28e-05,3,9.72e-05,3,3.98e-05,True,6,2,0.068784,1,60,,
v500_s0_p30__h2+3__nored__k32__min,v500_s0_p30,500,False,h2+3,32,min,13,1,13,1,0,0,0,7.42e-05,0,1.5e-05,,,True,1,1,5.4e-06,0,60,,
v500_s0_p30__h2+3__nored__k3__max,v500_s0_p30,500,False,h2+3,3,max,358,623,82,623,5967,36,13,0.0079146,54,0.114254,,,True,3734,24,59.6813,1,300,True,60
v500_s0_p30__h2+3__nored__k3__mid,v500_s0_p30,500,False,h2+3,3,mid,69,102,25,102,901,32,13,0.0009271,27,0.0049526,25,0.0235044,True,449,8,18.7758,1,60,,
v500_s0_p30__h2+3__nored__k3__min,v500_s0_p30,500,False,h2+3,3,min,4,1,4,0,0,0,0,1.20001e-06,0,1.99e-05,,,True,0,0,1.6e-06,0,60,,
v500_s0_p30__h2+3__nored__k48__max,v500_s0_p30,500,False,h2+3,48,max,94,82,76,82,369,18,9,0.0006583,11,0.0020482,11,0.0052589,True,167,4,2.03149,1,60,,
v500_s0_p30__h2+3__nored__k48__mid,v500_s0_p30,500,False,h2+3,48,mid,13,7,12,7,14,5,3,8.24e-05,4,0.000147,4,8.15e-05,True,8,2,0.0719576,1,60,,
v500_s0_p30__h2+3__nored__k48__min,v500_s0_p30,500,False,h2+3,48,min,6,1,6,1,0,0,0,6.15e-05,0,8.40001e-06,,,True,1,1,4.2e-06,0,60,,
v500_s0_p30__h2+3__nored__k4__max,v500_s0_p30,500,False,h2+3,4,max,270,452,68,452,4052,34,13,0.0043442,48,0.0406724,44,0.5452,True,2498,22,94.2458,1,300,True,60
v500_s0_p30__h2+3__nored__k4__mid,v500_s0_p30,500,False,h2+3,4,mid,17,4,16,4,5,3,2,6.56e-05,2,0.0002368,2,7.38e-05,True,4,1,0.0689923,1,60,,
v500_s0_p30__h2+3__nored__k4__min,v500_s0_p30,500,False,h2+3,4,min,5,1,5,1,0,0,0,6.52e-05,0,7.5e-06,,,True,1,1,4.3e-06,0,60,,
v500_s0_p30__h2+3__nored__k64__max,v500_s0_p30,500,False,h2+3,64,max,65,67,45,67,327,16,9,0.0002928,11,0.0016008,10,0.0042156,True,133,3,2.09904,1,60,,
v500_s0_p30__h2+3__nored__k64__mid,v500_s0_p30,500,False,h2+3,64,mid,14,5,13,5,5,3,2,7.74e-05,2,0.0001221,2,5.92e-05,True,5,1,0.0746211,1,60,,
v500_s0_p30__h2+3__nored__k64__min,v500_s0_p30,500,False,h2+3,64,min,5,1,5,1,0,0,0,7.54e-05,0,1.03e-05,,,True,1,1,6.2e-06,0,60,,
v500_s0_p30__h2+3__nored__k6__max,v500_s0_p30,500,False,h2+3,6,max,127,160,70,160,1147,30,10,0.001736,25,0.0496807,22,0.0458459,True,564,7,8.98824,1,60,,
v500_s0_p30__h2+3__nored__k6__mid,v500_s0_p30,500,False,h2+3,6,mid,4,2,3,2,1,1,1,7.48e-05,1,9.07e-05,1,3.42e-05,True,2,1,0.0830531,1,60,,
v500_s0_p30__h2+3__nored__k6__min,v500_s0_p30,500,False,h2+3,6,min,5,1,5,1,0,0,0,7.54e-05,0,1.37e-05,,,True,1,1,1.46e-05,0,60,,
v500_s0_p30__h2+3__nored__k8__max,v500_s0_p30,500,False,h2+3,8,max,107,166,42,166,1398,33,12,0.0012179,33,0.0087916,32,0.060444,True,670,8,15.2068,1,60,,
v500_s0_p30__h2+3__nored__k8__mid,v500_s0_p30,500,False,h2+3,8,mid,15,5,14,5,8,4,3,9.11e-05,3,0.0001198,3,5.41e-05,True,5,1,0.0820086,1,60,,
v500_s0_p30__h2+3__nored__k96__max,v500_s0_p30,500,False,h2+3,96,max,57,45,51,45,159,12,6,0.0003311,7,0.0011296,7,0.0015954,True,72,3,0.353819,1,60,,
v500_s0_p30__h2+3__nored__k96__mid,v500_s0_p30,500,False,h2+3,96,mid,8,4,7,4,6,3,3,8.27e-05,3,0.0001041,3,3.55e-05,True,4,1,0.058409,1,60,,
v500_s0_p30__h2+3__nored__k96__min,v500_s0_p30,500,False,h2+3,96,min,4,1,4,0,0,0,0,1.4e-06,0,2.05e-05,,,True,0,0,1.9e-06,0,60,,
v500_s0_p30__h2+3__nored__whole__whole,v500_s0_p30,500,False,h2+3,,whole,500,1037,0,1037,11353,38,15,0.0135077,109,0.578463,,,False,,,145.014,2,60,,
v500_s0_p30__h2+3__red__k12__max,v500_s0_p30,500,True,h2+3,12,max,98,117,63,117,852,29,12,0.0007926,27,0.0038761,22,0.022935,True,425,7,5.30304,1,60,,
v500_s0_p30__h2+3__red__k12__mid,v500_s0_p30,500,True,h2+3,12,mid,33,35,23,35,204,19,9,0.0002542,14,0.0006644,14,0.0012961,True,83,4,1.00622,1,60,,
v500_s0_p30__h2+3__red__k12__min,v500_s0_p30,500,True,h2+3,12,min,5,1,5,1,0,0,0,4.46e-05,0,6.59999e-06,,,True,1,1,4.2e-06,0,60,,
v500_s0_p30__h2+3__red__k16__max,v500_s0_p30,500,True,h2+3,16,max,103,124,72,124,900,33,12,0.0018325,27,0.0125806,25,0.0292353,True,439,7,11.8063,1,60,,
v500_s0_p30__h2+3__red__k16__mid,v500_s0_p30,500,True,h2+3,16,mid,31,30,25,30,176,21,10,0.0002618,13,0.000614,12,0.0013554,True,77,4,0.851205,1,60,,
v500_s0_p30__h2+3__red__k24__max,v500_s0_p30,500,True,h2+3,24,max,98,97,80,97,614,25,10,0.0013673,16,0.0046486,16,0.0130087,True,277,5,4.46957,1,60,,
v500_s0_p30__h2+3__red__k24__mid,v500_s0_p30,500,True,h2+3,24,mid,10,4,10,4,5,3,2,8.59e-05,2,0.0001266,2,7.19e-05,True,4,1,0.060056,1,60,,
v500_s0_p30__h2+3__red__k2__max,v500_s0_p30,500,True,h2+3,2,max,235,462,47,462,4760,35,14,0.0061853,69,0.0925134,52,1.00676,True,3243,25,51.0709,1,60,,
v500_s0_p30__h2+3__red__k2__mid,v500_s0_p30,500,True,h2+3,2,mid,11,8,9,8,14,5,3,0.0001055,3,0.0002136,3,9.95e-05,True,9,2,0.0699897,1,60,,
v500_s0_p30__h2+3__red__k2__min,v500_s0_p30,500,True,h2+3,2,min,7,5,6,5,9,4,3,8.48e-05,3,0.0001241,3,5.36e-05,True,6,2,0.0716406,1,60,,
v500_s0_p30__h2+3__red__k32__max,v500_s0_p30,500,True,h2+3,32,max,84,100,56,100,589,25,10,0.0005778,15,0.0031111,15,0.0093057,True,273,5,3.09221,1,60,,
v500_s0_p30__h2+3__red__k32__mid,v500_s0_p30,500,True,h2+3,32,mid,14,8,11,8,22,7,4,8.29e-05,5,0.0005151,5,0.0001696,True,11,2,0.0937766,1,60,,
v500_s0_p30__h2+3__red__k3__max,v500_s0_p30,500,True,h2+3,3,max,316,601,87,601,5965,39,14,0.0091655,56,0.1062,,,True,3550,16,69.7107,1,300,True,60
v500_s0_p30__h2+3__red__k3__mid,v500_s0_p30,500,True,h2+3,3,mid,56,92,22,92,838,32,14,0.0008175,25,0.0053073,25,0.0237117,True,484,10,12.0014,1,60,,
v500_s0_p30__h2+3__red__k3__min,v500_s0_p30,500,True,h2+3,3,min,7,1,7,1,0,0,0,7.16e-05,0,8.29999e-06,,,True,1,1,4.60001e-06,0,60,,
v500_s0_p30__h2+3__red__k48__max,v500_s0_p30,500,True,h2+3,48,max,58,70,36,70,452,25,10,0.0004462,15,0.0012788,15,0.0043827,True,207,5,2.03524,1,60,,
v500_s0_p30__h2+3__red__k48__mid,v500_s0_p30,500,True,h2+3,48,mid,15,11,12,11,37,9,5,0.0001196,5,0.0001936,5,0.0001216,True,16,2,0.184439,1,60,,
v500_s0_p30__h2+3__red__k4__max,v500_s0_p30,500,True,h2+3,4,max,293,497,118,497,4722,39,14,0.0061643,46,0.0639115,44,1.18881,True,2733,17,60.4293,1,60,,
v500_s0_p30__h2+3__red__k4__mid,v500_s0_p30,500,True,h2+3,4,mid,10,5,9,5,8,4,3,9.79e-05,3,0.0001459,3,0.0001607,True,6,2,0.0838685,1,60,,
v500_s0_p30__h2+3__red__k4__min,v500_s0_p30,500,True,h2+3,4,min,4,1,4,0,0,0,0,1.19999e-06,0,1.91e-05,,,True,0,0,1.4e-06,0,60,,
v500_s0_p30__h2+3__red__k64__max,v500_s0_p30,500,True,h2+3,64,max,96,96,71,96,475,20,9,0.0006836,14,0.0029719,14,0.0066915,True,234,5,2.2641,1,60,,
v500_s0_p30__h2+3__red__k64__mid,v500_s0_p30,500,True,h2+3,64,mid,8,4,8,4,5,3,2,9.61e-05,2,0.0001467,2,6.3e-05,True,4,1,0.0765548,1,60,,
v500_s0_p30__h2+3__red__k6__max,v500_s0_p30,500,True,h2+3,6,max,158,289,49,289,2731,32,14,0.0032736,42,0.0433704,35,0.419995,True,1326,9,35.4186,1,60,,
v500_s0_p30__h2+3__red__k6__mid,v500_s0_p30,500,True,h2+3,6,mid,8,5,7,5,8,4,3,8.53e-05,3,0.0001089,3,4.94e-05,True,5,1,0.0876129,1,60,,
v500_s0_p30__h2+3__red__k8__max,v500_s0_p30,500,True,h2+3,8,max,114,164,64,164,1299,37,12,0.001588,30,0.010374,28,0.0623996,True,662,8,15.2036,1,60,,
v500_s0_p30__h2+3__red__k8__mid,v500_s0_p30,500,True,h2+3,8,mid,59,91,25,91,714,28,11,0.0006867,21,0.0034837,22,0.0237266,True,357,7,6.64418,1,60,,
v500_s0_p30__h2+3__red__k8__min,v500_s0_p30,500,True,h2+3,8,min,6,2,6,2,1,1,1,6.28e-05,1,7.18e-05,1,2.15e-05,True,2,1,0.0801824,1,60,,
v500_s0_p30__h2+3__red__k96__max,v500_s0_p30,500,True,h2+3,96,max,62,56,52,56,266,17,9,0.0002918,11,0.0008906,10,0.0017054,True,107,4,1.03553,1,60,,
v500_s0_p30__h2+3__red__k96__mid,v500_s0_p30,500,True,h2+3,96,mid,9,4,9,4,3,2,1,9.96e-05,1,0.0001423,1,6.09e-05,True,4,1,0.0631997,1,60,,
v500_s0_p30__h2+3__red__whole__whole,v500_s0_p30,500,True,h2+3,,whole,423,960,0,960,10998,41,15,0.0101687,113,0.567297,,,False,,,146.439,2,60,,
v500_s0_p30__h2__nored__k12__max,v500_s0_p30,500,False,h2,12,max,256,291,160,288,782,11,6,0.0016344,10,0.0119365,8,0.0356557,True,444,4,1.53232,1,60,,
v500_s0_p30__h2__nored__k12__mid,v500_s0_p30,500,False,h2,12,mid,29,19,25,19,34,6,4,0.0001201,4,0.0002424,4,0.0002198,True,23,2,0.111078,1,60,,
v500_s0_p30__h2__nored__k12__min,v500_s0_p30,500,False,h2,12,min,4,1,4,0,0,0,0,9.99993e-07,0,1.52e-05,,,True,0,0,1.09999e-06,0,60,,
v500_s0_p30__h2__nored__k16__max,v500_s0_p30,500,False,h2,16,max,119,142,71,141,409,10,7,0.0007189,9,0.005391,8,0.0187632,True,222,3,3.83868,1,60,,
v500_s0_p30__h2__nored__k16__mid,v500_s0_p30,500,False,h2,16,mid,15,9,13,8,9,4,2,0.0001128,2,0.0001883,2,0.0001008,True,8,1,0.0785459,1,60,,
v500_s0_p30__h2__nored__k16__min,v500_s0_p30,500,False,h2,16,min,5,1,5,0,0,0,0,5.9999e-07,0,1.46e-05,,,True,0,0,1.30001e-06,0,60,,
v500_s0_p30__h2__nored__k24__max,v500_s0_p30,500,False,h2,24,max,118,122,85,121,300,10,5,0.0004685,6,0.001952,6,0.0094696,True,167,3,0.771938,1,60,,
v500_s0_p30__h2__nored__k24__mid,v500_s0_p30,500,False,h2,24,mid,11,13,7,13,33,8,4,0.0001338,4,0.00025,4,0.0001798,True,17,2,0.093101,1,60,,
v500_s0_p30__h2__nored__k24__min,v500_s0_p30,500,False,h2,24,min,5,1,6,0,0,0,0,1.9e-06,0,2.59e-05,,,True,0,0,1.7e-06,0,60,,
v500_s0_p30__h2__nored__k2__max,v500_s0_p30,500,False,h2,2,max,470,875,75,875,3029,13,8,0.0042217,33,0.058301,,,True,2128,12,44.3002,1,60,,
v500_s0_p30__h2__nored__k2__min,v500_s0_p30,500,False,h2,2,min,77,87,47,86,228,11,6,0.000298,6,0.0013566,6,0.0032741,True,115,3,0.779046,1,60,,
v500_s0_p30__h2__nored__k32__mid,v500_s0_p30,500,False,h2,32,mid,10,6,9,6,11,5,4,9.24e-05,4,0.0001161,4,3.87e-05,True,7,2,0.0926355,1,60,,
v500_s0_p30__h2__nored__k32__min,v500_s0_p30,500,False,h2,32,min,4,1,4,0,0,0,0,1.4e-06,0,3.02e-05,,,True,0,0,4.70001e-06,0,60,,
v500_s0_p30__h2__nored__k3__max,v500_s0_p30,500,False,h2,3,max,358,645,83,644,2237,13,8,0.003221,29,0.049126,,,True,1719,12,22.8176,1,60,,
v500_s0_p30__h2__nored__k3__mid,v500_s0_p30,500,False,h2,3,mid,179,287,51,287,914,13,7,0.0009897,19,0.0091317,15,0.0996621,True,641,7,8.95403,1,60,,
v500_s0_p30__h2__nored__k3__min,v500_s0_p30,500,False,h2,3,min,10,5,9,5,8,4,3,8.47e-05,3,0.0001422,3,0.00013,True,6,2,0.0862495,1,60,,
v500_s0_p30__h2__nored__k48__max,v500_s0_p30,500,False,h2,48,max,51,58,41,58,134,8,4,0.0002004,6,0.0007143,6,0.0011568,True,74,2,0.290797,1,60,,
v500_s0_p30__h2__nored__k48__mid,v500_s0_p30,500,False,h2,48,mid,10,8,8,8,17,6,4,7.3e-05,4,0.0001113,4,7.96e-05,True,9,2,0.0773995,1,60,,
v500_s0_p30__h2__nored__k4__max,v500_s0_p30,500,False,h2,4,max,209,335,76,335,1064,12,6,0.0023004,18,0.0117319,16,0.130812,True,667,5,3.91639,1,60,,
v500_s0_p30__h2__nored__k4__mid,v500_s0_p30,500,False,h2,4,mid,82,133,30,133,432,11,6,0.0008533,12,0.0041379,11,0.0178535,True,276,4,2.62132,1,60,,
v500_s0_p30__h2__nored__k4__min,v500_s0_p30,500,False,h2,4,min,5,1,5,0,0,0,0,1.10001e-06,0,1.7e-05,,,True,0,0,1.10001e-06,0,60,,
v500_s0_p30__h2__nored__k64__max,v500_s0_p30,500,False,h2,64,max,86,82,69,81,170,7,4,0.0004094,4,0.0016768,4,0.002749,True,99,2,0.375216,1,60,,
v500_s0_p30__h2__nored__k64__mid,v500_s0_p30,500,False,h2,64,mid,10,3,10,2,1,1,1,6.64e-05,1,6.8e-05,1,1.95e-05,True,2,1,0.0836055,1,60,,
v500_s0_p30__h2__nored__k6__max,v500_s0_p30,500,False,h2,6,max,278,393,118,393,1220,12,7,0.0012889,14,0.0153973,12,0.139809,True,720,4,8.97215,1,60,,
v500_s0_p30__h2__nored__k6__mid,v500_s0_p30,500,False,h2,6,mid,7,5,6,5,7,4,2,7.68e-05,2,0.0001022,2,4.4e-05,True,5,1,0.0669909,1,60,,
v500_s0_p30__h2__nored__k6__min,v500_s0_p30,500,False,h2,6,min,7,1,7,0,0,0,0,1.5e-06,0,2.34e-05,,,True,0,0,1.8e-06,0,60,,
v500_s0_p30__h2__nored__k8__max,v500_s0_p30,500,False,h2,8,max,169,237,73,236,730,12,7,0.001088,12,0.0078335,10,0.0394514,True,410,4,1.76209,1,60,,
v500_s0_p30__h2__nored__k8__mid,v500_s0_p30,500,False,h2,8,mid,16,17,9,17,48,9,5,0.0001246,6,0.0002854,6,0.0005792,True,25,2,0.180264,1,60,,
v500_s0_p30__h2__nored__k8__min,v500_s0_p30,500,False,h2,8,min,10,1,10,0,0,0,0,1.09999e-06,0,1.69e-05,,,True,0,0,1.10001e-06,0,60,,
v500_s0_p30__h2__nored__k96__max,v500_s0_p30,500,False,h2,96,max,48,44,40,43,95,7,4,0.0002457,4,0.0007912,4,0.0010846,True,54,2,0.161519,1,60,,
v500_s0_p30__h2__nored__k96__mid,v500_s0_p30,500,False,h2,96,mid,7,3,7,3,2,2,1,8.41e-05,1,0.0001208,1,4.5e-05,True,3,1,0.0553244,1,60,,
v500_s0_p30__h2__nored__whole__whole,v500_s0_p30,500,False,h2,,whole,500,1037,0,1037,3800,15,8,0.0045522,47,0.119385,,,True,2961,15,34.4985,1,300,True,60
v500_s0_p30__h2__red__k12__max,v500_s0_p30,500,True,h2,12,max,83,124,40,124,381,11,6,0.000604,8,0.0042663,8,0.0098445,True,235,5,1.66537,1,60,,
v500_s0_p30__h2__red__k12__mid,v500_s0_p30,500,True,h2,12,mid,8,2,8,0,0,0,0,3.3e-06,0,3.66e-05,,,True,0,0,2e-06,0,60,,
v500_s0_p30__h2__red__k16__max,v500_s0_p30,500,True,h2,16,max,80,95,54,94,228,9,5,0.0003501,6,0.0014925,5,0.0078417,True,124,3,0.758868,1,60,,
v500_s0_p30__h2__red__k16__mid,v500_s0_p30,500,True,h2,16,mid,24,27,16,27,79,9,5,0.0001803,7,0.0004445,6,0.0008467,True,40,2,0.178283,1,60,,
v500_s0_p30__h2__red__k16__min,v500_s0_p30,500,True,h2,16,min,5,1,5,0,0,0,0,1.50001e-06,0,2.47e-05,,,True,0,0,1.8e-06,0,60,,
v500_s0_p30__h2__red__k24__max,v500_s0_p30,500,True,h2,24,max,70,79,52,79,224,10,5,0.0008843,7,0.0042062,7,0.0047809,True,118,3,0.931764,1,60,,
v500_s0_p30__h2__red__k24__mid,v500_s0_p30,500,True,h2,24,mid,24,19,21,19,36,7,4,0.0002796,5,0.0005487,5,0.0003416,True,23,2,0.133842,1,60,,
v500_s0_p30__h2__red__k24__min,v500_s0_p30,500,True,h2,24,min,5,1,5,0,0,0,0,1.4e-06,0,2.81e-05,,,True,0,0,1.6e-06,0,60,,
v500_s0_p30__h2__red__k2__max,v500_s0_p30,500,True,h2,2,max,230,437,53,437,1574,12,7,0.0026064,31,0.0196272,23,0.27722,True,1146,13,12.6634,1,60,,
v500_s0_p30__h2__red__k2__mid,v500_s0_p30,500,True,h2,2,mid,11,8,9,8,11,4,3,8.33e-05,3,0.0001281,3,6.85e-05,True,9,2,0.0814623,1,60,,
v500_s0_p30__h2__red__k2__min,v500_s0_p30,500,True,h2,2,min,7,5,6,5,7,4,2,9.84e-05,2,0.0001241,2,6.26e-05,True,5,1,0.0766496,1,60,,
v500_s0_p30__h2__red__k32__max,v500_s0_p30,500,True,h2,32,max,97,104,67,104,247,9,5,0.0003256,8,0.0014494,7,0.0037657,True,141,3,0.483182,1,60,,
v500_s0_p30__h2__red__k32__mid,v500_s0_p30,500,True,h2,32,mid,15,13,13,13,27,6,4,8.56e-05,4,0.0001747,4,0.000164,True,16,2,0.0873804,1,60,,
v500_s0_p30__h2__red__k3__max,v500_s0_p30,500,True,h2,3,max,163,292,58,291,978,12,6,0.0029855,17,0.009462,16,0.0815703,True,650,7,4.96768,1,60,,
v500_s0_p30__h2__red__k3__mid,v500_s0_p30,500,True,h2,3,mid,153,279,43,279,1000,12,7,0.0011102,20,0.0090803,14,0.0911098,True,570,5,6.56675,1,60,,
v500_s0_p30__h2__red__k3__min,v500_s0_p30,500,True,h2,3,min,27,27,20,27,69,9,5,0.0001983,7,0.0004966,6,0.0006297,True,36,2,0.15648,1,60,,
v500_s0_p30__h2__red__k48__max,v500_s0_p30,500,True,h2,48,max,82,90,61,89,227,9,5,0.0003541,6,0.0013315,6,0.0038779,True,117,3,1.03766,1,60,,
v500_s0_p30__h2__red__k48__mid,v500_s0_p30,500,True,h2,48,mid,8,4,8,4,4,3,2,9.49e-05,2,0.0001554,2,4.3e-05,True,4,1,0.0953262,1,60,,
v500_s0_p30__h2__red__k4__max,v500_s0_p30,500,True,h2,4,max,339,620,110,620,2113,13,8,0.0023807,18,0.0294864,,,True,1329,6,12.1408,1,60,,
v500_s0_p30__h2__red__k4__min,v500_s0_p30,500,True,h2,4,min,4,1,4,0,0,0,0,1.5e-06,0,2.63e-05,,,True,0,0,1.5e-06,0,60,,
v500_s0_p30__h2__red__k64__max,v500_s0_p30,500,True,h2,64,max,52,55,39,54,138,10,6,0.0002946,6,0.0010716,6,0.0022545,True,70,2,0.55886,1,60,,
v500_s0_p30__h2__red__k64__mid,v500_s0_p30,500,True,h2,64,mid,5,3,5,3,3,2,2,7.04e-05,2,9.17e-05,2,3.82e-05,True,3,1,0.0641515,1,60,,
v500_s0_p30__h2__red__k64__min,v500_s0_p30,500,True,h2,64,min,4,1,4,0,0,0,0,1.3e-06,0,2.37e-05,,,True,0,0,1.4e-06,0,60,,
v500_s0_p30__h2__red__k6__max,v500_s0_p30,500,True,h2,6,max,188,275,95,274,873,12,7,0.0015841,11,0.0075726,10,0.0429738,True,485,5,22.7182,1,60,,
v500_s0_p30__h2__red__k6__mid,v500_s0_p30,500,True,h2,6,mid,75,113,34,113,350,11,7,0.0006514,13,0.0048091,10,0.0138611,True,203,4,2.75246,1,60,,
v500_s0_p30__h2__red__k8__max,v500_s0_p30,500,True,h2,8,max,123,185,60,185,564,11,6,0.0011968,10,0.0064798,10,0.0255724,True,324,4,1.09825,1,60,,
v500_s0_p30__h2__red__k8__mid,v500_s0_p30,500,True,h2,8,mid,57,83,30,82,262,11,6,0.000351,10,0.0014742,8,0.0044569,True,127,3,0.922681,1,60,,
v500_s0_p30__h2__red__k8__min,v500_s0_p30,500,True,h2,8,min,7,1,7,1,0,0,0,7.3e-05,0,7.4e-06,,,True,1,1,5.3e-06,0,60,,
v500_s0_p30__h2__red__k96__max,v500_s0_p30,500,True,h2,96,max,59,56,47,56,119,10,6,0.000308,6,0.0008128,6,0.0009704,True,66,2,0.409481,1,60,,
v500_s0_p30__h2__red__k96__mid,v500_s0_p30,500,True,h2,96,mid,10,4,10,4,6,3,3,6.64e-05,3,9.99e-05,3,3.22e-05,True,4,1,0.0762839,1,60,,
v500_s0_p30__h2__red__whole__whole,v500_s0_p30,500,True,h2,,whole,423,960,0,960,3692,15,8,0.0044154,43,0.0810535,,,True,2725,13,141.669,1,300,True,60
