run_id,graph_id,vertices,graph_seed,remove_ratio_target,remove_ratio_actual,n_vertices,n_edges,hop_key,hops,use_reduction,use_dnc,rep,run_seed,status,error_type,error_message,elapsed_sec,timeout_sec,started_at,hostname,python_version,git_sha,sampler,num_reads,contraction_sec,n_edges_contracted,n_super_edges,n_cycle_chains,n_subgraphs,partition_target_k,qubo_vars_total,qubo_vars_max,qubo_couplings_total,n_edges_solved,peak_rss_mb,apsp_sum,strong_connect_rate,flow_score,sample_score,strongly_connected,ok
v100_s0_p0__h2__nored__r0,v100_s0_p0,100,0,0.0,0.0,100,148,h2,2,False,True,0,151413802,ok,,,0.6143688750453293,,2026-08-29T17:55:35+00:00,iyohwan-ui-Macmini.local,3.12.14,f88372a,dwave.samplers.SimulatedAnnealingSampler,100,0.0001853749854490161,144,4,0,1.0,,148.0,148.0,292.0,148.0,161.59375,2.2976312895858375,0.08,96.0,-100.0,True,True
v100_s0_p0__h2__red__r0,v100_s0_p0,100,0,0.0,0.0,100,148,h2,2,True,True,0,151413802,ok,,,0.5888981660245918,,2026-08-29T17:55:35+00:00,iyohwan-ui-Macmini.local,3.12.14,f88372a,dwave.samplers.SimulatedAnnealingSampler,100,0.00017604196909815073,144,4,0,1.0,,144.0,144.0,288.0,144.0,161.1875,2.1718679774210172,1.0,96.0,,True,True
v100_s0_p0__h3__nored__r0,v100_s0_p0,100,0,0.0,0.0,100,148,h3,3,False,True,0,151413802,ok,,,1.2772459170082584,,2026-08-29T17:55:35+00:00,iyohwan-ui-Macmini.local,3.12.14,f88372a,dwave.samplers.SimulatedAnnealingSampler,100,0.0002192090032622218,144,4,0,1.0,,148.0,148.0,839.0,148.0,237.140625,1.8221257507924218,1.0,96.0,-188.0,True,True
v100_s0_p0__h3__red__r0,v100_s0_p0,100,0,0.0,0.0,100,148,h3,3,True,True,0,151413802,ok,,,1.2168250830145553,,2026-08-29T17:55:35+00:00,iyohwan-ui-Macmini.local,3.12.14,f88372a,dwave.samplers.SimulatedAnnealingSampler,100,0.00022466701921075583,144,4,0,1.0,,144.0,144.0,819.0,144.0,233.5,1.7782636238621086,1.0,96.0,,True,True
v100_s0_p0__h4__nored__r0,v100_s0_p0,100,0,0.0,0.0,100,148,h4,4,False,True,0,151413802,ok,,,2.0787438330007717,,2026-08-29T17:55:36+00:00,iyohwan-ui-Macmini.local,3.12.14,f88372a,dwave.samplers.SimulatedAnnealingSampler,100,0.00019045895896852016,144,4,0,2.0,21.0,112.0,93.0,399.0,148.0,205.421875,1.8501937080876583,1.0,96.0,,True,True
v100_s0_p0__h4__red__r0,v100_s0_p0,100,0,0.0,0.0,100,148,h4,4,True,True,0,151413802,ok,,,2.022869708016515,,2026-08-29T17:55:36+00:00,iyohwan-ui-Macmini.local,3.12.14,f88372a,dwave.samplers.SimulatedAnnealingSampler,100,0.00018400000408291817,144,4,0,3.0,13.0,100.0,83.0,329.0,144.0,214.046875,1.8382060560090858,1.0,96.0,,True,True
v100_s0_p0__h2+3__nored__r0,v100_s0_p0,100,0,0.0,0.0,100,148,h2+3,2+3,False,True,0,151413802,ok,,,1.3135017500026152,,2026-08-29T17:55:37+00:00,iyohwan-ui-Macmini.local,3.12.14,f88372a,dwave.samplers.SimulatedAnnealingSampler,100,0.00015224999515339732,144,4,0,1.0,,148.0,148.0,839.0,148.0,235.578125,1.7794616758101705,0.98,96.0,-384.0,True,True
v100_s0_p0__h2+3__red__r0,v100_s0_p0,100,0,0.0,0.0,100,148,h2+3,2+3,True,True,0,151413802,ok,,,1.2520392919541337,,2026-08-29T17:55:37+00:00,iyohwan-ui-Macmini.local,3.12.14,f88372a,dwave.samplers.SimulatedAnnealingSampler,100,0.00015708396676927805,144,4,0,1.0,,144.0,144.0,819.0,144.0,233.546875,1.7846666804015339,1.0,96.0,,True,True
v100_s0_p0__h2+3+4__nored__r0,v100_s0_p0,100,0,0.0,0.0,100,148,h2+3+4,2+3+4,False,True,0,151413802,ok,,,2.514112541975919,,2026-08-29T17:55:39+00:00,iyohwan-ui-Macmini.local,3.12.14,f88372a,dwave.samplers.SimulatedAnnealingSampler,100,0.00017274997662752867,144,4,0,2.0,21.0,112.0,93.0,400.0,148.0,207.015625,1.8453988676867537,1.0,96.0,,True,True
v100_s0_p0__h2+3+4__red__r0,v100_s0_p0,100,0,0.0,0.0,100,148,h2+3+4,2+3+4,True,True,0,151413802,ok,,,2.4296586660202593,,2026-08-29T17:55:39+00:00,iyohwan-ui-Macmini.local,3.12.14,f88372a,dwave.samplers.SimulatedAnnealingSampler,100,0.00016695796512067318,144,4,0,3.0,13.0,100.0,83.0,330.0,144.0,212.21875,1.8183224920421888,1.0,96.0,,True,True
v100_s0_p10__h2__nored__r0,v100_s0_p10,100,0,0.1,0.10135135135135136,100,133,h2,2,False,True,0,2002666364,ok,,,0.4915205420111306,,2026-08-29T17:55:39+00:00,iyohwan-ui-Macmini.local,3.12.14,f88372a,dwave.samplers.SimulatedAnnealingSampler,100,0.00020662503084167838,99,26,0,1.0,,133.0,133.0,232.0,133.0,154.8125,2.352686247996415,0.01,66.0,-100.0,True,True
v100_s0_p10__h2__red__r0,v100_s0_p10,100,0,0.1,0.10135135135135136,100,133,h2,2,True,True,0,2002666364,ok,,,0.3452467499882914,,2026-08-29T17:55:39+00:00,iyohwan-ui-Macmini.local,3.12.14,f88372a,dwave.samplers.SimulatedAnnealingSampler,100,0.00017912499606609344,99,26,0,1.0,,99.0,99.0,197.0,99.0,155.25,2.2584263159927165,1.0,66.0,,True,True
v100_s0_p10__h3__nored__r0,v100_s0_p10,100,0,0.1,0.10135135135135136,100,133,h3,3,False,True,0,2002666364,ok,,,0.7458236670354381,,2026-08-29T17:55:40+00:00,iyohwan-ui-Macmini.local,3.12.14,f88372a,dwave.samplers.SimulatedAnnealingSampler,100,0.0002085830201394856,99,26,0,1.0,,133.0,133.0,615.0,133.0,177.328125,2.043034726092882,0.27,66.0,-157.0,True,True
v100_s0_p10__h3__red__r0,v100_s0_p10,100,0,0.1,0.10135135135135136,100,133,h3,3,True,True,0,2002666364,ok,,,0.6406600420014001,,2026-08-29T17:55:40+00:00,iyohwan-ui-Macmini.local,3.12.14,f88372a,dwave.samplers.SimulatedAnnealingSampler,100,0.00021016603568568826,99,26,0,1.0,,99.0,99.0,514.0,99.0,181.625,2.018903368953955,1.0,66.0,,True,True
v100_s0_p10__h4__nored__r0,v100_s0_p10,100,0,0.1,0.10135135135135136,100,133,h4,4,False,True,0,2002666364,ok,,,1.490636624977924,,2026-08-29T17:55:41+00:00,iyohwan-ui-Macmini.local,3.12.14,f88372a,dwave.samplers.SimulatedAnnealingSampler,100,0.00021587504306808114,99,26,0,3.0,8.0,135.0,132.0,629.0,133.0,161.8125,,0.0,70.0,,False,True
v100_s0_p10__h4__red__r0,v100_s0_p10,100,0,0.1,0.10135135135135136,100,133,h4,4,True,True,0,2002666364,error,RuntimeError,"RuntimeError: DnC partition failed: input graph is not embeddable and no embeddable subgraph partition was found (vertices=66, edges=99)
",0.8617637919960544,,2026-08-29T17:55:41+00:00,iyohwan-ui-Macmini.local,3.12.14,f88372a,dwave.samplers.SimulatedAnnealingSampler,100,0.00019679201068356633,99,26,0,,,,,,,163.171875,,,,,False,False
v100_s0_p10__h2+3__nored__r0,v100_s0_p10,100,0,0.1,0.10135135135135136,100,133,h2+3,2+3,False,True,0,2002666364,ok,,,0.8523194580338895,,2026-08-29T17:55:42+00:00,iyohwan-ui-Macmini.local,3.12.14,f88372a,dwave.samplers.SimulatedAnnealingSampler,100,0.0002300000051036477,99,26,0,1.0,,133.0,133.0,615.0,133.0,186.921875,2.028948497696272,0.39,66.0,-323.0,True,True
v100_s0_p10__h2+3__red__r0,v100_s0_p10,100,0,0.1,0.10135135135135136,100,133,h2+3,2+3,True,True,0,2002666364,ok,,,0.6844319590018131,,2026-08-29T17:55:42+00:00,iyohwan-ui-Macmini.local,3.12.14,f88372a,dwave.samplers.SimulatedAnnealingSampler,100,0.00021254201419651508,99,26,0,1.0,,99.0,99.0,514.0,99.0,184.109375,2.0760237246248856,1.0,66.0,,True,True
v100_s0_p10__h2+3+4__nored__r0,v100_s0_p10,100,0,0.1,0.10135135135135136,100,133,h2+3+4,2+3+4,False,True,0,2002666364,ok,,,1.8816156669636257,,2026-08-29T17:55:43+00:00,iyohwan-ui-Macmini.local,3.12.14,f88372a,dwave.samplers.SimulatedAnnealingSampler,100,0.0002139579737558961,99,26,0,3.0,8.0,135.0,132.0,634.0,133.0,162.828125,,0.0,74.0,,False,True
v100_s0_p10__h2+3+4__red__r0,v100_s0_p10,100,0,0.1,0.10135135135135136,100,133,h2+3+4,2+3+4,True,True,0,2002666364,error,RuntimeError,"RuntimeError: DnC partition failed: input graph is not embeddable and no embeddable subgraph partition was found (vertices=66, edges=99)
",1.105405125010293,,2026-08-29T17:55:43+00:00,iyohwan-ui-Macmini.local,3.12.14,f88372a,dwave.samplers.SimulatedAnnealingSampler,100,0.0002175410045310855,99,26,0,,,,,,,163.203125,,,,,False,False
v100_s0_p30__h2__nored__r0,v100_s0_p30,100,0,0.3,0.25,100,111,h2,2,False,True,0,822628483,ok,,,0.46096816699719056,,2026-08-29T17:55:44+00:00,iyohwan-ui-Macmini.local,3.12.14,f88372a,dwave.samplers.SimulatedAnnealingSampler,100,0.00019862496992573142,33,30,0,1.0,,111.0,111.0,144.0,111.0,159.671875,2.7906920713151577,0.06,22.0,-100.0,True,True
v100_s0_p30__h2__red__r0,v100_s0_p30,100,0,0.3,0.25,100,111,h2,2,True,True,0,822628483,ok,,,0.16764016699744388,,2026-08-29T17:55:44+00:00,iyohwan-ui-Macmini.local,3.12.14,f88372a,dwave.samplers.SimulatedAnnealingSampler,100,0.00019062496721744537,33,30,0,1.0,,33.0,33.0,63.0,33.0,155.359375,2.716002207209742,1.0,22.0,,True,True
v100_s0_p30__h3__nored__r0,v100_s0_p30,100,0,0.3,0.25,100,111,h3,3,False,True,0,822628483,ok,,,0.45326387498062104,,2026-08-29T17:55:44+00:00,iyohwan-ui-Macmini.local,3.12.14,f88372a,dwave.samplers.SimulatedAnnealingSampler,100,0.0002322500222362578,33,30,0,1.0,,111.0,111.0,324.0,111.0,159.171875,2.750716687337919,0.06,22.0,-113.0,True,True
v100_s0_p30__h3__red__r0,v100_s0_p30,100,0,0.3,0.25,100,111,h3,3,True,True,0,822628483,ok,,,0.2042885419796221,,2026-08-29T17:55:44+00:00,iyohwan-ui-Macmini.local,3.12.14,f88372a,dwave.samplers.SimulatedAnnealingSampler,100,0.00023925001733005047,33,30,0,1.0,,33.0,33.0,149.0,33.0,158.171875,2.6919214927246893,1.0,22.0,,True,True
v100_s0_p30__h4__nored__r0,v100_s0_p30,100,0,0.3,0.25,100,111,h4,4,False,True,0,822628483,ok,,,0.46393550001084805,,2026-08-29T17:55:45+00:00,iyohwan-ui-Macmini.local,3.12.14,f88372a,dwave.samplers.SimulatedAnnealingSampler,100,0.0002425829879939556,33,30,0,1.0,,316.0,316.0,1633.0,111.0,154.75,,0.0,102.0,15.0,False,True
v100_s0_p30__h4__red__r0,v100_s0_p30,100,0,0.3,0.25,100,111,h4,4,True,True,0,822628483,error,RuntimeError,"RuntimeError: DnC partition failed: input graph is not embeddable and no embeddable subgraph partition was found (vertices=22, edges=33)
",0.15413033298682421,,2026-08-29T17:55:45+00:00,iyohwan-ui-Macmini.local,3.12.14,f88372a,dwave.samplers.SimulatedAnnealingSampler,100,0.0002547920448705554,33,30,0,,,,,,,153.65625,,,,,False,False
v100_s0_p30__h2+3__nored__r0,v100_s0_p30,100,0,0.3,0.25,100,111,h2+3,2+3,False,True,0,822628483,ok,,,0.5023487499565817,,2026-08-29T17:55:46+00:00,iyohwan-ui-Macmini.local,3.12.14,f88372a,dwave.samplers.SimulatedAnnealingSampler,100,0.0002210829989053309,33,30,0,1.0,,111.0,111.0,324.0,111.0,162.109375,2.9170202543607338,0.09,22.0,-235.0,True,True
v100_s0_p30__h2+3__red__r0,v100_s0_p30,100,0,0.3,0.25,100,111,h2+3,2+3,True,True,0,822628483,ok,,,0.21204170800046995,,2026-08-29T17:55:46+00:00,iyohwan-ui-Macmini.local,3.12.14,f88372a,dwave.samplers.SimulatedAnnealingSampler,100,0.00021370803005993366,33,30,0,1.0,,33.0,33.0,149.0,33.0,158.90625,2.609172983039251,1.0,22.0,,True,True
v100_s0_p30__h2+3+4__nored__r0,v100_s0_p30,100,0,0.3,0.25,100,111,h2+3+4,2+3+4,False,True,0,822628483,ok,,,0.5548998750164174,,2026-08-29T17:55:46+00:00,iyohwan-ui-Macmini.local,3.12.14,f88372a,dwave.samplers.SimulatedAnnealingSampler,100,0.00023458298528566957,33,30,0,1.0,,316.0,316.0,1668.0,111.0,154.21875,,0.0,110.0,-154.0,False,True
v100_s0_p30__h2+3+4__red__r0,v100_s0_p30,100,0,0.3,0.25,100,111,h2+3+4,2+3+4,True,True,0,822628483,error,RuntimeError,"RuntimeError: DnC partition failed: input graph is not embeddable and no embeddable subgraph partition was found (vertices=22, edges=33)
",0.17616016702959314,,2026-08-29T17:55:46+00:00,iyohwan-ui-Macmini.local,3.12.14,f88372a,dwave.samplers.SimulatedAnnealingSampler,100,0.00022545800311490893,33,30,0,,,,,,,154.84375,,,,,False,False
v100_s0_p50__h2__nored__r0,v100_s0_p50,100,0,0.5,0.25,100,111,h2,2,False,True,0,1450776837,ok,,,0.4853935420396738,,2026-08-29T17:55:47+00:00,iyohwan-ui-Macmini.local,3.12.14,f88372a,dwave.samplers.SimulatedAnnealingSampler,100,0.00024304201360791922,33,30,0,1.0,,111.0,111.0,144.0,111.0,163.078125,2.735722049390402,0.11,22.0,-100.0,True,True
v100_s0_p50__h2__red__r0,v100_s0_p50,100,0,0.5,0.25,100,111,h2,2,True,True,0,1450776837,ok,,,0.17778262495994568,,2026-08-29T17:55:46+00:00,iyohwan-ui-Macmini.local,3.12.14,f88372a,dwave.samplers.SimulatedAnnealingSampler,100,0.00019629200687631965,33,30,0,1.0,,33.0,33.0,63.0,33.0,155.65625,2.6891865590319233,1.0,22.0,,True,True
v100_s0_p50__h3__nored__r0,v100_s0_p50,100,0,0.5,0.25,100,111,h3,3,False,True,0,1450776837,ok,,,0.5055355000076815,,2026-08-29T17:55:47+00:00,iyohwan-ui-Macmini.local,3.12.14,f88372a,dwave.samplers.SimulatedAnnealingSampler,100,0.00023866695119068027,33,30,0,1.0,,111.0,111.0,324.0,111.0,166.53125,2.536975012048449,0.14,22.0,-113.0,True,True
v100_s0_p50__h3__red__r0,v100_s0_p50,100,0,0.5,0.25,100,111,h3,3,True,True,0,1450776837,ok,,,0.20257299998775125,,2026-08-29T17:55:47+00:00,iyohwan-ui-Macmini.local,3.12.14,f88372a,dwave.samplers.SimulatedAnnealingSampler,100,0.00021316698985174298,33,30,0,1.0,,33.0,33.0,149.0,33.0,158.34375,2.609172983039251,1.0,22.0,,True,True
v100_s0_p50__h4__nored__r0,v100_s0_p50,100,0,0.5,0.25,100,111,h4,4,False,True,0,1450776837,ok,,,0.46409200003836304,,2026-08-29T17:55:48+00:00,iyohwan-ui-Macmini.local,3.12.14,f88372a,dwave.samplers.SimulatedAnnealingSampler,100,0.00023216597037389874,33,30,0,1.0,,316.0,316.0,1633.0,111.0,154.015625,,0.0,130.0,50.0,False,True
v100_s0_p50__h4__red__r0,v100_s0_p50,100,0,0.5,0.25,100,111,h4,4,True,True,0,1450776837,error,RuntimeError,"RuntimeError: DnC partition failed: input graph is not embeddable and no embeddable subgraph partition was found (vertices=22, edges=33)
",0.15311175002716482,,2026-08-29T17:55:48+00:00,iyohwan-ui-Macmini.local,3.12.14,f88372a,dwave.samplers.SimulatedAnnealingSampler,100,0.00020750000840052962,33,30,0,,,,,,,153.25,,,,,False,False
v100_s0_p50__h2+3__nored__r0,v100_s0_p50,100,0,0.5,0.25,100,111,h2+3,2+3,False,True,0,1450776837,ok,,,0.5132057919981889,,2026-08-29T17:55:48+00:00,iyohwan-ui-Macmini.local,3.12.14,f88372a,dwave.samplers.SimulatedAnnealingSampler,100,0.00024066597688943148,33,30,0,1.0,,111.0,111.0,324.0,111.0,163.171875,2.8249524902168113,0.11,22.0,-235.0,True,True
v100_s0_p50__h2+3__red__r0,v100_s0_p50,100,0,0.5,0.25,100,111,h2+3,2+3,True,True,0,1450776837,ok,,,0.2182955410098657,,2026-08-29T17:55:48+00:00,iyohwan-ui-Macmini.local,3.12.14,f88372a,dwave.samplers.SimulatedAnnealingSampler,100,0.00023229100042954087,33,30,0,1.0,,33.0,33.0,149.0,33.0,159.234375,2.691921492724679,1.0,22.0,,True,True
v100_s0_p50__h2+3+4__nored__r0,v100_s0_p50,100,0,0.5,0.25,100,111,h2+3+4,2+3+4,False,True,0,1450776837,ok,,,0.5545962089672685,,2026-08-29T17:55:49+00:00,iyohwan-ui-Macmini.local,3.12.14,f88372a,dwave.samplers.SimulatedAnnealingSampler,100,0.0002055829972960055,33,30,0,1.0,,316.0,316.0,1668.0,111.0,154.828125,,0.0,98.0,-198.0,False,True
v100_s0_p50__h2+3+4__red__r0,v100_s0_p50,100,0,0.5,0.25,100,111,h2+3+4,2+3+4,True,True,0,1450776837,error,RuntimeError,"RuntimeError: DnC partition failed: input graph is not embeddable and no embeddable subgraph partition was found (vertices=22, edges=33)
",0.1736567919724621,,2026-08-29T17:55:48+00:00,iyohwan-ui-Macmini.local,3.12.14,f88372a,dwave.samplers.SimulatedAnnealingSampler,100,0.00020208396017551422,33,30,0,,,,,,,153.765625,,,,,False,False
v100_s1_p0__h2__nored__r0,v100_s1_p0,100,1,0.0,0.0,100,148,h2,2,False,True,0,1849447674,ok,,,0.6372581250034273,,2026-08-29T17:55:49+00:00,iyohwan-ui-Macmini.local,3.12.14,f88372a,dwave.samplers.SimulatedAnnealingSampler,100,0.00018337497022002935,144,4,0,1.0,,148.0,148.0,292.0,148.0,165.0,2.100751095985956,0.13,96.0,-100.0,True,True
v100_s1_p0__h2__red__r0,v100_s1_p0,100,1,0.0,0.0,100,148,h2,2,True,True,0,1849447674,ok,,,0.6231372079928406,,2026-08-29T17:55:49+00:00,iyohwan-ui-Macmini.local,3.12.14,f88372a,dwave.samplers.SimulatedAnnealingSampler,100,0.0001776670105755329,144,4,0,1.0,,144.0,144.0,288.0,144.0,165.875,2.036138164585135,1.0,96.0,,True,True
v100_s1_p0__h3__nored__r0,v100_s1_p0,100,1,0.0,0.0,100,148,h3,3,False,True,0,1849447674,ok,,,1.2843057499849238,,2026-08-29T17:55:50+00:00,iyohwan-ui-Macmini.local,3.12.14,f88372a,dwave.samplers.SimulatedAnnealingSampler,100,0.00014837499475106597,144,4,0,1.0,,148.0,148.0,835.0,148.0,236.3125,1.7716787981939492,1.0,96.0,-190.0,True,True
v100_s1_p0__h3__red__r0,v100_s1_p0,100,1,0.0,0.0,100,148,h3,3,True,True,0,1849447674,ok,,,1.2216531250160187,,2026-08-29T17:55:50+00:00,iyohwan-ui-Macmini.local,3.12.14,f88372a,dwave.samplers.SimulatedAnnealingSampler,100,0.00018516700947657228,144,4,0,1.0,,144.0,144.0,825.0,144.0,232.734375,1.7677357362054336,1.0,96.0,,True,True
v100_s1_p0__h4__nored__r0,v100_s1_p0,100,1,0.0,0.0,100,148,h4,4,False,True,0,1849447674,ok,,,1.8707969170063734,,2026-08-29T17:55:51+00:00,iyohwan-ui-Macmini.local,3.12.14,f88372a,dwave.samplers.SimulatedAnnealingSampler,100,0.00015045801410451531,144,4,0,4.0,14.0,114.0,102.0,441.0,148.0,188.328125,1.7863412008866593,1.0,96.0,,True,True
v100_s1_p0__h4__red__r0,v100_s1_p0,100,1,0.0,0.0,100,148,h4,4,True,True,0,1849447674,ok,,,2.127542416972574,,2026-08-29T17:55:50+00:00,iyohwan-ui-Macmini.local,3.12.14,f88372a,dwave.samplers.SimulatedAnnealingSampler,100,0.00016116700135171413,144,4,0,3.0,20.0,101.0,75.0,339.0,144.0,226.375,1.7605324907976554,1.0,96.0,,True,True
v100_s1_p0__h2+3__nored__r0,v100_s1_p0,100,1,0.0,0.0,100,148,h2+3,2+3,False,True,0,1849447674,ok,,,1.3275561250047758,,2026-08-29T17:55:52+00:00,iyohwan-ui-Macmini.local,3.12.14,f88372a,dwave.samplers.SimulatedAnnealingSampler,100,0.0001697090337984264,144,4,0,1.0,,148.0,148.0,835.0,148.0,236.484375,1.7719967117618614,1.0,96.0,-386.0,True,True
v100_s1_p0__h2+3__red__r0,v100_s1_p0,100,1,0.0,0.0,100,148,h2+3,2+3,True,True,0,1849447674,ok,,,1.2641550419502892,,2026-08-29T17:55:51+00:00,iyohwan-ui-Macmini.local,3.12.14,f88372a,dwave.samplers.SimulatedAnnealingSampler,100,0.00015929096844047308,144,4,0,1.0,,144.0,144.0,825.0,144.0,233.046875,1.7403433398812183,1.0,96.0,,True,True
v100_s1_p0__h2+3+4__nored__r0,v100_s1_p0,100,1,0.0,0.0,100,148,h2+3+4,2+3+4,False,True,0,1849447674,ok,,,2.2961981660337187,,2026-08-29T17:55:53+00:00,iyohwan-ui-Macmini.local,3.12.14,f88372a,dwave.samplers.SimulatedAnnealingSampler,100,0.00018016697140410542,144,4,0,4.0,14.0,114.0,102.0,444.0,148.0,188.390625,1.7477733181521105,1.0,96.0,,True,True
v100_s1_p0__h2+3+4__red__r0,v100_s1_p0,100,1,0.0,0.0,100,148,h2+3+4,2+3+4,True,True,0,1849447674,ok,,,2.5114682499552146,,2026-08-29T17:55:53+00:00,iyohwan-ui-Macmini.local,3.12.14,f88372a,dwave.samplers.SimulatedAnnealingSampler,100,0.00018841703422367573,144,4,0,3.0,20.0,101.0,75.0,348.0,144.0,213.28125,1.7317117391587162,1.0,96.0,,True,True
v100_s1_p10__h2__nored__r0,v100_s1_p10,100,1,0.1,0.10135135135135136,100,133,h2,2,False,True,0,1870773349,ok,,,0.5016040420159698,,2026-08-29T17:55:54+00:00,iyohwan-ui-Macmini.local,3.12.14,f88372a,dwave.samplers.SimulatedAnnealingSampler,100,0.0001837909803725779,99,25,0,1.0,,133.0,133.0,232.0,133.0,156.671875,2.866604399668803,0.03,66.0,-100.0,True,True
v100_s1_p10__h2__red__r0,v100_s1_p10,100,1,0.1,0.10135135135135136,100,133,h2,2,True,True,0,1870773349,ok,,,0.3413716669892892,,2026-08-29T17:55:53+00:00,iyohwan-ui-Macmini.local,3.12.14,f88372a,dwave.samplers.SimulatedAnnealingSampler,100,0.00021845899755135179,99,25,0,1.0,,99.0,99.0,198.0,99.0,154.75,2.841431422673849,1.0,66.0,,True,True
v100_s1_p10__h3__nored__r0,v100_s1_p10,100,1,0.1,0.10135135135135136,100,133,h3,3,False,True,0,1870773349,ok,,,0.7846177500323392,,2026-08-29T17:55:55+00:00,iyohwan-ui-Macmini.local,3.12.14,f88372a,dwave.samplers.SimulatedAnnealingSampler,100,0.00020470900926738977,99,25,0,1.0,,133.0,133.0,616.0,133.0,183.109375,2.0648180413202755,0.35,66.0,-157.0,True,True
v100_s1_p10__h3__red__r0,v100_s1_p10,100,1,0.1,0.10135135135135136,100,133,h3,3,True,True,0,1870773349,ok,,,0.5151417090091854,,2026-08-29T17:55:54+00:00,iyohwan-ui-Macmini.local,3.12.14,f88372a,dwave.samplers.SimulatedAnnealingSampler,100,0.0001997079816646874,99,25,0,1.0,,99.0,99.0,520.0,99.0,166.375,2.2094536313195055,1.0,66.0,,True,True
v100_s1_p10__h4__nored__r0,v100_s1_p10,100,1,0.1,0.10135135135135136,100,133,h4,4,False,True,0,1870773349,ok,,,1.4987223750213161,,2026-08-29T17:55:56+00:00,iyohwan-ui-Macmini.local,3.12.14,f88372a,dwave.samplers.SimulatedAnnealingSampler,100,0.00022541696671396494,99,25,0,4.0,11.0,135.0,135.0,617.0,133.0,165.953125,2.49538664947155,1.0,66.0,,True,True
v100_s1_p10__h4__red__r0,v100_s1_p10,100,1,0.1,0.10135135135135136,100,133,h4,4,True,True,0,1870773349,ok,,,1.144054332980886,,2026-08-29T17:55:56+00:00,iyohwan-ui-Macmini.local,3.12.14,f88372a,dwave.samplers.SimulatedAnnealingSampler,100,0.0002399589866399765,99,25,0,4.0,19.0,114.0,114.0,515.0,99.0,164.3125,2.372373890625461,1.0,66.0,,True,True
v100_s1_p10__h2+3__nored__r0,v100_s1_p10,100,1,0.1,0.10135135135135136,100,133,h2+3,2+3,False,True,0,1870773349,ok,,,0.8447557920007966,,2026-08-29T17:55:56+00:00,iyohwan-ui-Macmini.local,3.12.14,f88372a,dwave.samplers.SimulatedAnnealingSampler,100,0.00022458401508629322,99,25,0,1.0,,133.0,133.0,616.0,133.0,187.03125,2.08019290682416,0.4,66.0,-325.0,True,True
v100_s1_p10__h2+3__red__r0,v100_s1_p10,100,1,0.1,0.10135135135135136,100,133,h2+3,2+3,True,True,0,1870773349,ok,,,0.5521514999563806,,2026-08-29T17:55:56+00:00,iyohwan-ui-Macmini.local,3.12.14,f88372a,dwave.samplers.SimulatedAnnealingSampler,100,0.00021174998255446553,99,25,0,1.0,,99.0,99.0,520.0,99.0,167.765625,2.1974794096443033,1.0,66.0,,True,True
v100_s1_p10__h2+3+4__nored__r0,v100_s1_p10,100,1,0.1,0.10135135135135136,100,133,h2+3+4,2+3+4,False,True,0,1870773349,ok,,,1.877322959015146,,2026-08-29T17:55:57+00:00,iyohwan-ui-Macmini.local,3.12.14,f88372a,dwave.samplers.SimulatedAnnealingSampler,100,0.0002282910281792283,99,25,0,4.0,11.0,135.0,135.0,624.0,133.0,166.5625,2.3736469348964793,1.0,66.0,,True,True
v100_s1_p10__h2+3+4__red__r0,v100_s1_p10,100,1,0.1,0.10135135135135136,100,133,h2+3+4,2+3+4,True,True,0,1870773349,ok,,,1.423489500011783,,2026-08-29T17:55:57+00:00,iyohwan-ui-Macmini.local,3.12.14,f88372a,dwave.samplers.SimulatedAnnealingSampler,100,0.00020716700237244368,99,25,0,4.0,19.0,114.0,114.0,519.0,99.0,161.359375,2.2805215856385592,1.0,66.0,,True,True
v100_s1_p30__h2__nored__r0,v100_s1_p30,100,1,0.3,0.2905405405405405,100,105,h2,2,False,True,0,505601101,ok,,,0.47307829197961837,,2026-08-29T17:55:58+00:00,iyohwan-ui-Macmini.local,3.12.14,f88372a,dwave.samplers.SimulatedAnnealingSampler,100,0.0002086249878630042,15,14,0,1.0,,105.0,105.0,120.0,105.0,168.09375,2.8622758975662093,0.17,10.0,-100.0,True,True
v100_s1_p30__h2__red__r0,v100_s1_p30,100,1,0.3,0.2905405405405405,100,105,h2,2,True,True,0,505601101,ok,,,0.12852004199521616,,2026-08-29T17:55:58+00:00,iyohwan-ui-Macmini.local,3.12.14,f88372a,dwave.samplers.SimulatedAnnealingSampler,100,0.00017950002802535892,15,14,0,1.0,,15.0,15.0,27.0,15.0,153.53125,2.881318519806652,1.0,10.0,,True,True
v100_s1_p30__h3__nored__r0,v100_s1_p30,100,1,0.3,0.2905405405405405,100,105,h3,3,False,True,0,505601101,ok,,,0.4834792499896139,,2026-08-29T17:55:59+00:00,iyohwan-ui-Macmini.local,3.12.14,f88372a,dwave.samplers.SimulatedAnnealingSampler,100,0.000210291997063905,15,14,0,1.0,,105.0,105.0,256.0,105.0,169.296875,2.8691300302261884,0.18,10.0,-106.0,True,True
v100_s1_p30__h3__red__r0,v100_s1_p30,100,1,0.3,0.2905405405405405,100,105,h3,3,True,True,0,505601101,ok,,,0.1425638750079088,,2026-08-29T17:55:59+00:00,iyohwan-ui-Macmini.local,3.12.14,f88372a,dwave.samplers.SimulatedAnnealingSampler,100,0.00019062496721744537,15,14,0,1.0,,15.0,15.0,60.0,15.0,154.328125,2.9616776905986835,1.0,10.0,,True,True
v100_s1_p30__h4__nored__r0,v100_s1_p30,100,1,0.3,0.2905405405405405,100,105,h4,4,False,True,0,505601101,ok,,,0.39516779204132035,,2026-08-29T17:55:59+00:00,iyohwan-ui-Macmini.local,3.12.14,f88372a,dwave.samplers.SimulatedAnnealingSampler,100,0.00021754199406132102,15,14,0,1.0,,249.0,249.0,1148.0,105.0,154.546875,,0.0,114.0,55.0,False,True
v100_s1_p30__h4__red__r0,v100_s1_p30,100,1,0.3,0.2905405405405405,100,105,h4,4,True,True,0,505601101,error,RuntimeError,"RuntimeError: DnC partition failed: input graph is not embeddable and no embeddable subgraph partition was found (vertices=10, edges=15)
",0.10879612504504621,,2026-08-29T17:55:59+00:00,iyohwan-ui-Macmini.local,3.12.14,f88372a,dwave.samplers.SimulatedAnnealingSampler,100,0.00020849995780736208,15,14,0,,,,,,,153.28125,,,,,False,False
v100_s1_p30__h2+3__nored__r0,v100_s1_p30,100,1,0.3,0.2905405405405405,100,105,h2+3,2+3,False,True,0,505601101,ok,,,0.5038367090164684,,2026-08-29T17:56:00+00:00,iyohwan-ui-Macmini.local,3.12.14,f88372a,dwave.samplers.SimulatedAnnealingSampler,100,0.0002133329981006682,15,14,0,1.0,,105.0,105.0,256.0,105.0,167.296875,2.8326941710486158,0.16,10.0,-216.0,True,True
v100_s1_p30__h2+3__red__r0,v100_s1_p30,100,1,0.3,0.2905405405405405,100,105,h2+3,2+3,True,True,0,505601101,ok,,,0.14198195899371058,,2026-08-29T17:56:00+00:00,iyohwan-ui-Macmini.local,3.12.14,f88372a,dwave.samplers.SimulatedAnnealingSampler,100,0.00017741596093401313,15,14,0,1.0,,15.0,15.0,60.0,15.0,154.515625,2.9616776905986835,1.0,10.0,,True,True
v100_s1_p30__h2+3+4__nored__r0,v100_s1_p30,100,1,0.3,0.2905405405405405,100,105,h2+3+4,2+3+4,False,True,0,505601101,ok,,,0.47554595803376287,,2026-08-29T17:56:01+00:00,iyohwan-ui-Macmini.local,3.12.14,f88372a,dwave.samplers.SimulatedAnnealingSampler,100,0.0001753329997882247,15,14,0,1.0,,249.0,249.0,1178.0,105.0,153.796875,,0.0,98.0,-133.0,False,True
v100_s1_p30__h2+3+4__red__r0,v100_s1_p30,100,1,0.3,0.2905405405405405,100,105,h2+3+4,2+3+4,True,True,0,505601101,error,RuntimeError,"RuntimeError: DnC partition failed: input graph is not embeddable and no embeddable subgraph partition was found (vertices=10, edges=15)
",0.11189804098103195,,2026-08-29T17:56:00+00:00,iyohwan-ui-Macmini.local,3.12.14,f88372a,dwave.samplers.SimulatedAnnealingSampler,100,0.00020341703202575445,15,14,0,,,,,,,152.6875,,,,,False,False
v100_s1_p50__h2__nored__r0,v100_s1_p50,100,1,0.5,0.2905405405405405,100,105,h2,2,False,True,0,1355844551,ok,,,0.47242558299330994,,2026-08-29T17:56:01+00:00,iyohwan-ui-Macmini.local,3.12.14,f88372a,dwave.samplers.SimulatedAnnealingSampler,100,0.00019737501861527562,15,14,0,1.0,,105.0,105.0,120.0,105.0,167.078125,2.853951264502905,0.16,10.0,-100.0,True,True
v100_s1_p50__h2__red__r0,v100_s1_p50,100,1,0.5,0.2905405405405405,100,105,h2,2,True,True,0,1355844551,ok,,,0.12959654198493809,,2026-08-29T17:56:01+00:00,iyohwan-ui-Macmini.local,3.12.14,f88372a,dwave.samplers.SimulatedAnnealingSampler,100,0.000208458979614079,15,14,0,1.0,,15.0,15.0,27.0,15.0,154.609375,2.9859806844662957,1.0,10.0,,True,True
v100_s1_p50__h3__nored__r0,v100_s1_p50,100,1,0.5,0.2905405405405405,100,105,h3,3,False,True,0,1355844551,ok,,,0.47062662499956787,,2026-08-29T17:56:02+00:00,iyohwan-ui-Macmini.local,3.12.14,f88372a,dwave.samplers.SimulatedAnnealingSampler,100,0.00018854200607165694,15,14,0,1.0,,105.0,105.0,256.0,105.0,167.28125,2.8691300302261884,0.16,10.0,-106.0,True,True
v100_s1_p50__h3__red__r0,v100_s1_p50,100,1,0.5,0.2905405405405405,100,105,h3,3,True,True,0,1355844551,ok,,,0.13775337499100715,,2026-08-29T17:56:01+00:00,iyohwan-ui-Macmini.local,3.12.14,f88372a,dwave.samplers.SimulatedAnnealingSampler,100,0.00021683401428163052,15,14,0,1.0,,15.0,15.0,60.0,15.0,154.390625,2.9616776905986835,1.0,10.0,,True,True
v100_s1_p50__h4__nored__r0,v100_s1_p50,100,1,0.5,0.2905405405405405,100,105,h4,4,False,True,0,1355844551,ok,,,0.3970382919651456,,2026-08-29T17:56:02+00:00,iyohwan-ui-Macmini.local,3.12.14,f88372a,dwave.samplers.SimulatedAnnealingSampler,100,0.00019637495279312134,15,14,0,1.0,,249.0,249.0,1148.0,105.0,153.828125,,0.0,106.0,38.0,False,True
v100_s1_p50__h4__red__r0,v100_s1_p50,100,1,0.5,0.2905405405405405,100,105,h4,4,True,True,0,1355844551,error,RuntimeError,"RuntimeError: DnC partition failed: input graph is not embeddable and no embeddable subgraph partition was found (vertices=10, edges=15)
",0.1089054589974694,,2026-08-29T17:56:02+00:00,iyohwan-ui-Macmini.local,3.12.14,f88372a,dwave.samplers.SimulatedAnnealingSampler,100,0.00018391699995845556,15,14,0,,,,,,,152.625,,,,,False,False
v100_s1_p50__h2+3__nored__r0,v100_s1_p50,100,1,0.5,0.2905405405405405,100,105,h2+3,2+3,False,True,0,1355844551,ok,,,0.49347054201643914,,2026-08-29T17:56:02+00:00,iyohwan-ui-Macmini.local,3.12.14,f88372a,dwave.samplers.SimulatedAnnealingSampler,100,0.00021074997493997216,15,14,0,1.0,,105.0,105.0,256.0,105.0,166.75,2.8865788914338175,0.15,10.0,-216.0,True,True
v100_s1_p50__h2+3__red__r0,v100_s1_p50,100,1,0.5,0.2905405405405405,100,105,h2+3,2+3,True,True,0,1355844551,ok,,,0.13827991700964049,,2026-08-29T17:56:02+00:00,iyohwan-ui-Macmini.local,3.12.14,f88372a,dwave.samplers.SimulatedAnnealingSampler,100,0.00020116596715524793,15,14,0,1.0,,15.0,15.0,60.0,15.0,154.296875,2.9616776905986835,1.0,10.0,,True,True
v100_s1_p50__h2+3+4__nored__r0,v100_s1_p50,100,1,0.5,0.2905405405405405,100,105,h2+3+4,2+3+4,False,True,0,1355844551,ok,,,0.4677589160273783,,2026-08-29T17:56:03+00:00,iyohwan-ui-Macmini.local,3.12.14,f88372a,dwave.samplers.SimulatedAnnealingSampler,100,0.00020329200197011232,15,14,0,1.0,,249.0,249.0,1178.0,105.0,153.6875,,0.0,98.0,-126.0,False,True
v100_s1_p50__h2+3+4__red__r0,v100_s1_p50,100,1,0.5,0.2905405405405405,100,105,h2+3+4,2+3+4,True,True,0,1355844551,error,RuntimeError,"RuntimeError: DnC partition failed: input graph is not embeddable and no embeddable subgraph partition was found (vertices=10, edges=15)
",0.11456170800374821,,2026-08-29T17:56:03+00:00,iyohwan-ui-Macmini.local,3.12.14,f88372a,dwave.samplers.SimulatedAnnealingSampler,100,0.00018612499115988612,15,14,0,,,,,,,153.546875,,,,,False,False
v200_s0_p0__h2__nored__r0,v200_s0_p0,200,0,0.0,0.0,200,298,h2,2,False,True,0,331455054,ok,,,1.5536373329814523,,2026-08-29T17:56:03+00:00,iyohwan-ui-Macmini.local,3.12.14,f88372a,dwave.samplers.SimulatedAnnealingSampler,100,0.00021091604139655828,294,4,0,1.0,,298.0,298.0,592.0,298.0,157.515625,,0.0,196.0,-200.0,False,True
v200_s0_p0__h2__red__r0,v200_s0_p0,200,0,0.0,0.0,200,298,h2,2,True,True,0,331455054,ok,,,1.5114736670511775,,2026-08-29T17:56:03+00:00,iyohwan-ui-Macmini.local,3.12.14,f88372a,dwave.samplers.SimulatedAnnealingSampler,100,0.0002484159776940942,294,4,0,1.0,,294.0,294.0,588.0,294.0,157.53125,,0.0,196.0,,False,True
v200_s0_p0__h3__nored__r0,v200_s0_p0,200,0,0.0,0.0,200,298,h3,3,False,True,0,331455054,ok,,,4.381414333998691,,2026-08-29T17:56:04+00:00,iyohwan-ui-Macmini.local,3.12.14,f88372a,dwave.samplers.SimulatedAnnealingSampler,100,0.0002055420191027224,294,4,0,1.0,,298.0,298.0,1703.0,298.0,484.96875,1.7332620645923467,0.98,196.0,-383.0,True,True
v200_s0_p0__h3__red__r0,v200_s0_p0,200,0,0.0,0.0,200,298,h3,3,True,True,0,331455054,ok,,,4.249837958021089,,2026-08-29T17:56:04+00:00,iyohwan-ui-Macmini.local,3.12.14,f88372a,dwave.samplers.SimulatedAnnealingSampler,100,0.00020399998174980283,294,4,0,1.0,,294.0,294.0,1681.0,294.0,479.8125,1.6793275000977277,1.0,196.0,,True,True
v200_s0_p0__h4__nored__r0,v200_s0_p0,200,0,0.0,0.0,200,298,h4,4,False,True,0,331455054,ok,,,7.414794582989998,,2026-08-29T17:56:06+00:00,iyohwan-ui-Macmini.local,3.12.14,f88372a,dwave.samplers.SimulatedAnnealingSampler,100,0.0002252080012112856,294,4,0,8.0,40.0,158.0,129.0,472.0,298.0,368.328125,1.699694345562016,1.0,196.0,,True,True
v200_s0_p0__h4__red__r0,v200_s0_p0,200,0,0.0,0.0,200,298,h4,4,True,True,0,331455054,ok,,,7.1669439999968745,,2026-08-29T17:56:05+00:00,iyohwan-ui-Macmini.local,3.12.14,f88372a,dwave.samplers.SimulatedAnnealingSampler,100,0.00020716700237244368,294,4,0,7.0,54.0,195.0,158.0,678.0,294.0,280.546875,1.7155929865064363,1.0,196.0,,True,True
v200_s0_p0__h2+3__nored__r0,v200_s0_p0,200,0,0.0,0.0,200,298,h2+3,2+3,False,True,0,331455054,ok,,,4.601301874965429,,2026-08-29T17:56:09+00:00,iyohwan-ui-Macmini.local,3.12.14,f88372a,dwave.samplers.SimulatedAnnealingSampler,100,0.00019458297174423933,294,4,0,1.0,,298.0,298.0,1703.0,298.0,491.265625,1.7196503611100669,1.0,196.0,-779.0,True,True
v200_s0_p0__h2+3__red__r0,v200_s0_p0,200,0,0.0,0.0,200,298,h2+3,2+3,True,True,0,331455054,ok,,,4.488981582981069,,2026-08-29T17:56:09+00:00,iyohwan-ui-Macmini.local,3.12.14,f88372a,dwave.samplers.SimulatedAnnealingSampler,100,0.00021079200087115169,294,4,0,1.0,,294.0,294.0,1681.0,294.0,487.8125,1.7307247564708248,1.0,196.0,,True,True
v200_s0_p0__h2+3+4__nored__r0,v200_s0_p0,200,0,0.0,0.0,200,298,h2+3+4,2+3+4,False,True,0,331455054,ok,,,8.404117292026058,,2026-08-29T17:56:14+00:00,iyohwan-ui-Macmini.local,3.12.14,f88372a,dwave.samplers.SimulatedAnnealingSampler,100,0.00022483302745968103,294,4,0,8.0,40.0,158.0,129.0,482.0,298.0,336.359375,1.6914284433493993,1.0,196.0,,True,True
v200_s0_p0__h2+3+4__red__r0,v200_s0_p0,200,0,0.0,0.0,200,298,h2+3+4,2+3+4,True,True,0,331455054,ok,,,8.338444416993298,,2026-08-29T17:56:13+00:00,iyohwan-ui-Macmini.local,3.12.14,f88372a,dwave.samplers.SimulatedAnnealingSampler,100,0.00021974998526275158,294,4,0,7.0,54.0,195.0,158.0,683.0,294.0,264.15625,1.7319524927142678,1.0,196.0,,True,True
v200_s0_p10__h2__nored__r0,v200_s0_p10,200,0,0.1,0.10067114093959731,200,268,h2,2,False,True,0,1640257663,ok,,,1.4896985000232235,,2026-08-29T17:56:15+00:00,iyohwan-ui-Macmini.local,3.12.14,f88372a,dwave.samplers.SimulatedAnnealingSampler,100,0.0003649169811978936,204,48,0,1.0,,268.0,268.0,472.0,268.0,158.265625,,0.0,136.0,-200.0,False,True
v200_s0_p10__h2__red__r0,v200_s0_p10,200,0,0.1,0.10067114093959731,200,268,h2,2,True,True,0,1640257663,ok,,,0.8337395829730667,,2026-08-29T17:56:14+00:00,iyohwan-ui-Macmini.local,3.12.14,f88372a,dwave.samplers.SimulatedAnnealingSampler,100,0.0003226660192012787,204,48,0,1.0,,204.0,204.0,405.0,204.0,154.71875,,0.0,136.0,,False,True
v200_s0_p10__h3__nored__r0,v200_s0_p10,200,0,0.1,0.10067114093959731,200,268,h3,3,False,True,0,1640257663,ok,,,2.5146564170136116,,2026-08-29T17:56:17+00:00,iyohwan-ui-Macmini.local,3.12.14,f88372a,dwave.samplers.SimulatedAnnealingSampler,100,0.0003173750010319054,204,48,0,1.0,,268.0,268.0,1255.0,268.0,256.015625,1.9725677447721968,0.28,136.0,-317.0,True,True
v200_s0_p10__h3__red__r0,v200_s0_p10,200,0,0.1,0.10067114093959731,200,268,h3,3,True,True,0,1640257663,ok,,,2.2293501250096597,,2026-08-29T17:56:15+00:00,iyohwan-ui-Macmini.local,3.12.14,f88372a,dwave.samplers.SimulatedAnnealingSampler,100,0.0003096250002272427,204,48,0,1.0,,204.0,204.0,1104.0,204.0,282.40625,1.9215594572419852,1.0,136.0,,True,True
v200_s0_p10__h4__nored__r0,v200_s0_p10,200,0,0.1,0.10067114093959731,200,268,h4,4,False,True,0,1640257663,ok,,,4.710642958001699,,2026-08-29T17:56:20+00:00,iyohwan-ui-Macmini.local,3.12.14,f88372a,dwave.samplers.SimulatedAnnealingSampler,100,0.0003298330120742321,204,48,0,6.0,17.0,205.0,179.0,804.0,268.0,200.5,,0.0,152.0,,False,True
v200_s0_p10__h4__red__r0,v200_s0_p10,200,0,0.1,0.10067114093959731,200,268,h4,4,True,True,0,1640257663,ok,,,3.306534958013799,,2026-08-29T17:56:18+00:00,iyohwan-ui-Macmini.local,3.12.14,f88372a,dwave.samplers.SimulatedAnnealingSampler,100,0.00034025002969428897,204,48,0,4.0,20.0,136.0,113.0,485.0,204.0,205.734375,1.8794736029229746,1.0,136.0,,True,True
v200_s0_p10__h2+3__nored__r0,v200_s0_p10,200,0,0.1,0.10067114093959731,200,268,h2+3,2+3,False,True,0,1640257663,ok,,,2.6923844999982975,,2026-08-29T17:56:22+00:00,iyohwan-ui-Macmini.local,3.12.14,f88372a,dwave.samplers.SimulatedAnnealingSampler,100,0.00032537500374019146,204,48,0,1.0,,268.0,268.0,1255.0,268.0,255.4375,2.0504842836834034,0.28,136.0,-654.0,True,True
v200_s0_p10__h2+3__red__r0,v200_s0_p10,200,0,0.1,0.10067114093959731,200,268,h2+3,2+3,True,True,0,1640257663,ok,,,2.3112973329843953,,2026-08-29T17:56:22+00:00,iyohwan-ui-Macmini.local,3.12.14,f88372a,dwave.samplers.SimulatedAnnealingSampler,100,0.00033716700272634625,204,48,0,1.0,,204.0,204.0,1104.0,204.0,283.40625,1.9349040385793141,1.0,136.0,,True,True
v200_s0_p10__h2+3+4__nored__r0,v200_s0_p10,200,0,0.1,0.10067114093959731,200,268,h2+3+4,2+3+4,False,True,0,1640257663,ok,,,5.608100833022036,,2026-08-29T17:56:25+00:00,iyohwan-ui-Macmini.local,3.12.14,f88372a,dwave.samplers.SimulatedAnnealingSampler,100,0.0003262090031057596,204,48,0,6.0,17.0,205.0,179.0,809.0,268.0,201.21875,,0.0,148.0,,False,True
v200_s0_p10__h2+3+4__red__r0,v200_s0_p10,200,0,0.1,0.10067114093959731,200,268,h2+3+4,2+3+4,True,True,0,1640257663,ok,,,3.8948189159855247,,2026-08-29T17:56:23+00:00,iyohwan-ui-Macmini.local,3.12.14,f88372a,dwave.samplers.SimulatedAnnealingSampler,100,0.00033604202326387167,204,48,0,4.0,20.0,136.0,113.0,491.0,204.0,199.140625,1.894418372070605,1.0,136.0,,True,True
v200_s0_p30__h2__nored__r0,v200_s0_p30,200,0,0.3,0.2751677852348993,200,216,h2,2,False,True,0,759745484,ok,,,0.965562375029549,,2026-08-29T17:56:26+00:00,iyohwan-ui-Macmini.local,3.12.14,f88372a,dwave.samplers.SimulatedAnnealingSampler,100,0.0003501659957692027,48,46,0,1.0,,216.0,216.0,264.0,216.0,163.84375,3.2124203468465047,0.01,32.0,-200.0,True,True
v200_s0_p30__h2__red__r0,v200_s0_p30,200,0,0.3,0.2751677852348993,200,216,h2,2,True,True,0,759745484,ok,,,0.23247312498278916,,2026-08-29T17:56:25+00:00,iyohwan-ui-Macmini.local,3.12.14,f88372a,dwave.samplers.SimulatedAnnealingSampler,100,0.000350042013451457,48,46,0,1.0,,48.0,48.0,89.0,48.0,160.265625,3.07185994135581,1.0,32.0,,True,True
v200_s0_p30__h3__nored__r0,v200_s0_p30,200,0,0.3,0.2751677852348993,200,216,h3,3,False,True,0,759745484,ok,,,0.9222008750075474,,2026-08-29T17:56:27+00:00,iyohwan-ui-Macmini.local,3.12.14,f88372a,dwave.samplers.SimulatedAnnealingSampler,100,0.00036045804154127836,48,46,0,1.0,,216.0,216.0,576.0,216.0,156.9375,,0.0,32.0,-218.0,False,True
v200_s0_p30__h3__red__r0,v200_s0_p30,200,0,0.3,0.2751677852348993,200,216,h3,3,True,True,0,759745484,ok,,,0.2880953749991022,,2026-08-29T17:56:26+00:00,iyohwan-ui-Macmini.local,3.12.14,f88372a,dwave.samplers.SimulatedAnnealingSampler,100,0.0003352499916218221,48,46,0,1.0,,48.0,48.0,208.0,48.0,165.65625,3.1235915063689164,1.0,32.0,,True,True
v200_s0_p30__h4__nored__r0,v200_s0_p30,200,0,0.3,0.2751677852348993,200,216,h4,4,False,True,0,759745484,ok,,,0.8893461659899913,,2026-08-29T17:56:27+00:00,iyohwan-ui-Macmini.local,3.12.14,f88372a,dwave.samplers.SimulatedAnnealingSampler,100,0.00034783402225002646,48,46,0,1.0,,566.0,566.0,2764.0,216.0,154.203125,,0.0,260.0,140.0,False,True
v200_s0_p30__h4__red__r0,v200_s0_p30,200,0,0.3,0.2751677852348993,200,216,h4,4,True,True,0,759745484,ok,,,0.44255845801671967,,2026-08-29T17:56:27+00:00,iyohwan-ui-Macmini.local,3.12.14,f88372a,dwave.samplers.SimulatedAnnealingSampler,100,0.00033604103373363614,48,46,0,4.0,15.0,30.0,30.0,98.0,48.0,167.234375,3.044681791654355,1.0,32.0,,True,True
v200_s0_p30__h2+3__nored__r0,v200_s0_p30,200,0,0.3,0.2751677852348993,200,216,h2+3,2+3,False,True,0,759745484,ok,,,0.9880770840100013,,2026-08-29T17:56:29+00:00,iyohwan-ui-Macmini.local,3.12.14,f88372a,dwave.samplers.SimulatedAnnealingSampler,100,0.0003643750096671283,48,46,0,1.0,,216.0,216.0,576.0,216.0,156.78125,,0.0,32.0,-450.0,False,True
v200_s0_p30__h2+3__red__r0,v200_s0_p30,200,0,0.3,0.2751677852348993,200,216,h2+3,2+3,True,True,0,759745484,ok,,,0.29874441702850163,,2026-08-29T17:56:28+00:00,iyohwan-ui-Macmini.local,3.12.14,f88372a,dwave.samplers.SimulatedAnnealingSampler,100,0.0003667909768410027,48,46,0,1.0,,48.0,48.0,208.0,48.0,164.96875,2.9735921153163063,1.0,32.0,,True,True
v200_s0_p30__h2+3+4__nored__r0,v200_s0_p30,200,0,0.3,0.2751677852348993,200,216,h2+3+4,2+3+4,False,True,0,759745484,ok,,,1.1141714580007829,,2026-08-29T17:56:29+00:00,iyohwan-ui-Macmini.local,3.12.14,f88372a,dwave.samplers.SimulatedAnnealingSampler,100,0.00035458296770229936,48,46,0,1.0,,566.0,566.0,2828.0,216.0,156.421875,,0.0,248.0,-179.0,False,True
v200_s0_p30__h2+3+4__red__r0,v200_s0_p30,200,0,0.3,0.2751677852348993,200,216,h2+3+4,2+3+4,True,True,0,759745484,ok,,,0.5227107089594938,,2026-08-29T17:56:29+00:00,iyohwan-ui-Macmini.local,3.12.14,f88372a,dwave.samplers.SimulatedAnnealingSampler,100,0.00034737499663606286,48,46,0,4.0,15.0,31.0,30.0,99.0,48.0,166.21875,2.997204793795438,1.0,32.0,,True,True
v200_s0_p50__h2__nored__r0,v200_s0_p50,200,0,0.5,0.2751677852348993,200,216,h2,2,False,True,0,1203408389,ok,,,0.8825340830371715,,2026-08-29T17:56:31+00:00,iyohwan-ui-Macmini.local,3.12.14,f88372a,dwave.samplers.SimulatedAnnealingSampler,100,0.0003916659625247121,48,46,0,1.0,,216.0,216.0,264.0,216.0,156.640625,,0.0,32.0,-200.0,False,True
v200_s0_p50__h2__red__r0,v200_s0_p50,200,0,0.5,0.2751677852348993,200,216,h2,2,True,True,0,1203408389,ok,,,0.24518816597992554,,2026-08-29T17:56:30+00:00,iyohwan-ui-Macmini.local,3.12.14,f88372a,dwave.samplers.SimulatedAnnealingSampler,100,0.0003802920109592378,48,46,0,1.0,,48.0,48.0,89.0,48.0,161.578125,3.12553872542554,1.0,32.0,,True,True
v200_s0_p50__h3__nored__r0,v200_s0_p50,200,0,0.5,0.2751677852348993,200,216,h3,3,False,True,0,1203408389,ok,,,0.9273746249964461,,2026-08-29T17:56:31+00:00,iyohwan-ui-Macmini.local,3.12.14,f88372a,dwave.samplers.SimulatedAnnealingSampler,100,0.00036670896224677563,48,46,0,1.0,,216.0,216.0,576.0,216.0,156.375,,0.0,32.0,-218.0,False,True
v200_s0_p50__h3__red__r0,v200_s0_p50,200,0,0.5,0.2751677852348993,200,216,h3,3,True,True,0,1203408389,ok,,,0.2895162500208244,,2026-08-29T17:56:31+00:00,iyohwan-ui-Macmini.local,3.12.14,f88372a,dwave.samplers.SimulatedAnnealingSampler,100,0.00033775001065805554,48,46,0,1.0,,48.0,48.0,208.0,48.0,164.96875,3.0962413983051316,1.0,32.0,,True,True
v200_s0_p50__h4__nored__r0,v200_s0_p50,200,0,0.5,0.2751677852348993,200,216,h4,4,False,True,0,1203408389,ok,,,0.8873892500414513,,2026-08-29T17:56:32+00:00,iyohwan-ui-Macmini.local,3.12.14,f88372a,dwave.samplers.SimulatedAnnealingSampler,100,0.0003593749715946615,48,46,0,1.0,,566.0,566.0,2764.0,216.0,154.375,,0.0,276.0,153.0,False,True
v200_s0_p50__h4__red__r0,v200_s0_p50,200,0,0.5,0.2751677852348993,200,216,h4,4,True,True,0,1203408389,ok,,,0.445442333992105,,2026-08-29T17:56:31+00:00,iyohwan-ui-Macmini.local,3.12.14,f88372a,dwave.samplers.SimulatedAnnealingSampler,100,0.00035612500505521894,48,46,0,4.0,15.0,30.0,30.0,98.0,48.0,168.09375,2.928805914170156,1.0,32.0,,True,True
v200_s0_p50__h2+3__nored__r0,v200_s0_p50,200,0,0.5,0.2751677852348993,200,216,h2+3,2+3,False,True,0,1203408389,ok,,,0.9985940830083564,,2026-08-29T17:56:33+00:00,iyohwan-ui-Macmini.local,3.12.14,f88372a,dwave.samplers.SimulatedAnnealingSampler,100,0.00036220799665898085,48,46,0,1.0,,216.0,216.0,576.0,216.0,157.421875,,0.0,32.0,-450.0,False,True
v200_s0_p50__h2+3__red__r0,v200_s0_p50,200,0,0.5,0.2751677852348993,200,216,h2+3,2+3,True,True,0,1203408389,ok,,,0.3074619580293074,,2026-08-29T17:56:32+00:00,iyohwan-ui-Macmini.local,3.12.14,f88372a,dwave.samplers.SimulatedAnnealingSampler,100,0.00037233304465189576,48,46,0,1.0,,48.0,48.0,208.0,48.0,164.5625,3.0886555457524425,1.0,32.0,,True,True
v200_s0_p50__h2+3+4__nored__r0,v200_s0_p50,200,0,0.5,0.2751677852348993,200,216,h2+3+4,2+3+4,False,True,0,1203408389,ok,,,1.1079619160154834,,2026-08-29T17:56:33+00:00,iyohwan-ui-Macmini.local,3.12.14,f88372a,dwave.samplers.SimulatedAnnealingSampler,100,0.00036270898999646306,48,46,0,1.0,,566.0,566.0,2828.0,216.0,156.3125,,0.0,228.0,-233.0,False,True
v200_s0_p50__h2+3+4__red__r0,v200_s0_p50,200,0,0.5,0.2751677852348993,200,216,h2+3+4,2+3+4,True,True,0,1203408389,ok,,,0.5233710420434363,,2026-08-29T17:56:33+00:00,iyohwan-ui-Macmini.local,3.12.14,f88372a,dwave.samplers.SimulatedAnnealingSampler,100,0.0003540419857017696,48,46,0,4.0,15.0,31.0,30.0,99.0,48.0,166.625,2.903217758144105,1.0,32.0,,True,True
v200_s1_p0__h2__nored__r0,v200_s1_p0,200,1,0.0,0.0,200,298,h2,2,False,True,0,1198994972,ok,,,1.812693500018213,,2026-08-29T17:56:34+00:00,iyohwan-ui-Macmini.local,3.12.14,f88372a,dwave.samplers.SimulatedAnnealingSampler,100,0.0002163330209441483,294,4,0,1.0,,298.0,298.0,592.0,298.0,181.140625,2.2195574948933547,0.06,196.0,-200.0,True,True
v200_s1_p0__h2__red__r0,v200_s1_p0,200,1,0.0,0.0,200,298,h2,2,True,True,0,1198994972,ok,,,1.7449937500059605,,2026-08-29T17:56:34+00:00,iyohwan-ui-Macmini.local,3.12.14,f88372a,dwave.samplers.SimulatedAnnealingSampler,100,0.00022541702492162585,294,4,0,1.0,,294.0,294.0,588.0,294.0,175.109375,2.2304689312426316,1.0,196.0,,True,True
v200_s1_p0__h3__nored__r0,v200_s1_p0,200,1,0.0,0.0,200,298,h3,3,False,True,0,1198994972,ok,,,4.571419832995161,,2026-08-29T17:56:35+00:00,iyohwan-ui-Macmini.local,3.12.14,f88372a,dwave.samplers.SimulatedAnnealingSampler,100,0.0002164160250686109,294,4,0,1.0,,298.0,298.0,1723.0,298.0,490.546875,1.711143684084593,1.0,196.0,-384.0,True,True
v200_s1_p0__h3__red__r0,v200_s1_p0,200,1,0.0,0.0,200,298,h3,3,True,True,0,1198994972,ok,,,4.501575667003635,,2026-08-29T17:56:34+00:00,iyohwan-ui-Macmini.local,3.12.14,f88372a,dwave.samplers.SimulatedAnnealingSampler,100,0.00020599999697878957,294,4,0,1.0,,294.0,294.0,1715.0,294.0,488.859375,1.6722436828045257,1.0,196.0,,True,True
v200_s1_p0__h4__nored__r0,v200_s1_p0,200,1,0.0,0.0,200,298,h4,4,False,True,0,1198994972,ok,,,6.6891450000111945,,2026-08-29T17:56:36+00:00,iyohwan-ui-Macmini.local,3.12.14,f88372a,dwave.samplers.SimulatedAnnealingSampler,100,0.00025116599863395095,294,4,0,5.0,35.0,235.0,207.0,927.0,298.0,273.90625,1.7214073860603378,1.0,196.0,,True,True
v200_s1_p0__h4__red__r0,v200_s1_p0,200,1,0.0,0.0,200,298,h4,4,True,True,0,1198994972,ok,,,5.866367916984018,,2026-08-29T17:56:36+00:00,iyohwan-ui-Macmini.local,3.12.14,f88372a,dwave.samplers.SimulatedAnnealingSampler,100,0.00022329197963699698,294,4,0,7.0,34.0,236.0,195.0,921.0,294.0,225.78125,1.779540127712569,1.0,196.0,,True,True
v200_s1_p0__h2+3__nored__r0,v200_s1_p0,200,1,0.0,0.0,200,298,h2+3,2+3,False,True,0,1198994972,ok,,,4.731522375019267,,2026-08-29T17:56:40+00:00,iyohwan-ui-Macmini.local,3.12.14,f88372a,dwave.samplers.SimulatedAnnealingSampler,100,0.00020825001411139965,294,4,0,1.0,,298.0,298.0,1723.0,298.0,490.375,1.7165152709016511,1.0,196.0,-780.0,True,True
v200_s1_p0__h2+3__red__r0,v200_s1_p0,200,1,0.0,0.0,200,298,h2+3,2+3,True,True,0,1198994972,ok,,,4.620624083036091,,2026-08-29T17:56:39+00:00,iyohwan-ui-Macmini.local,3.12.14,f88372a,dwave.samplers.SimulatedAnnealingSampler,100,0.00021662499057129025,294,4,0,1.0,,294.0,294.0,1715.0,294.0,487.84375,1.7244484189248548,1.0,196.0,,True,True
v200_s1_p0__h2+3+4__nored__r0,v200_s1_p0,200,1,0.0,0.0,200,298,h2+3+4,2+3+4,False,True,0,1198994972,ok,,,7.881853166036308,,2026-08-29T17:56:44+00:00,iyohwan-ui-Macmini.local,3.12.14,f88372a,dwave.samplers.SimulatedAnnealingSampler,100,0.0002090419875457883,294,4,0,5.0,35.0,235.0,207.0,935.0,298.0,270.21875,1.7403040087778394,1.0,196.0,,True,True
v200_s1_p0__h2+3+4__red__r0,v200_s1_p0,200,1,0.0,0.0,200,298,h2+3+4,2+3+4,True,True,0,1198994972,ok,,,6.8094406250165775,,2026-08-29T17:56:43+00:00,iyohwan-ui-Macmini.local,3.12.14,f88372a,dwave.samplers.SimulatedAnnealingSampler,100,0.000226916978135705,294,4,0,7.0,34.0,236.0,195.0,930.0,294.0,216.921875,,0.0,204.0,,False,True
v200_s1_p10__h2__nored__r0,v200_s1_p10,200,1,0.1,0.10067114093959731,200,268,h2,2,False,True,0,1379733369,ok,,,1.3653810829855502,,2026-08-29T17:56:46+00:00,iyohwan-ui-Macmini.local,3.12.14,f88372a,dwave.samplers.SimulatedAnnealingSampler,100,0.0003216660115867853,204,46,0,1.0,,268.0,268.0,472.0,268.0,164.71875,2.970370555269701,0.01,136.0,-200.0,True,True
v200_s1_p10__h2__red__r0,v200_s1_p10,200,1,0.1,0.10067114093959731,200,268,h2,2,True,True,0,1379733369,ok,,,0.8683262499980628,,2026-08-29T17:56:45+00:00,iyohwan-ui-Macmini.local,3.12.14,f88372a,dwave.samplers.SimulatedAnnealingSampler,100,0.0003212090232409537,204,46,0,1.0,,204.0,204.0,407.0,204.0,164.296875,2.4450944967160484,1.0,136.0,,True,True
v200_s1_p10__h3__nored__r0,v200_s1_p10,200,1,0.1,0.10067114093959731,200,268,h3,3,False,True,0,1379733369,ok,,,3.2186330420081504,,2026-08-29T17:56:48+00:00,iyohwan-ui-Macmini.local,3.12.14,f88372a,dwave.samplers.SimulatedAnnealingSampler,100,0.0003446670016273856,204,46,0,1.0,,268.0,268.0,1281.0,268.0,348.4375,1.9526150594929816,0.56,136.0,-320.0,True,True
v200_s1_p10__h3__red__r0,v200_s1_p10,200,1,0.1,0.10067114093959731,200,268,h3,3,True,True,0,1379733369,ok,,,2.3381168749765493,,2026-08-29T17:56:46+00:00,iyohwan-ui-Macmini.local,3.12.14,f88372a,dwave.samplers.SimulatedAnnealingSampler,100,0.0003144580405205488,204,46,0,1.0,,204.0,204.0,1096.0,204.0,287.5625,1.9106595639282469,1.0,136.0,,True,True
v200_s1_p10__h4__nored__r0,v200_s1_p10,200,1,0.1,0.10067114093959731,200,268,h4,4,False,True,0,1379733369,ok,,,4.908003917022143,,2026-08-29T17:56:50+00:00,iyohwan-ui-Macmini.local,3.12.14,f88372a,dwave.samplers.SimulatedAnnealingSampler,100,0.0003439169959165156,204,46,0,6.0,30.0,189.0,171.0,757.0,268.0,208.65625,,0.0,140.0,,False,True
v200_s1_p10__h4__red__r0,v200_s1_p10,200,1,0.1,0.10067114093959731,200,268,h4,4,True,True,0,1379733369,ok,,,3.37316291697789,,2026-08-29T17:56:49+00:00,iyohwan-ui-Macmini.local,3.12.14,f88372a,dwave.samplers.SimulatedAnnealingSampler,100,0.00033279205672442913,204,46,0,3.0,24.0,189.0,171.0,808.0,204.0,192.890625,1.9036619399030534,1.0,136.0,,True,True
v200_s1_p10__h2+3__nored__r0,v200_s1_p10,200,1,0.1,0.10067114093959731,200,268,h2+3,2+3,False,True,0,1379733369,ok,,,3.072080834012013,,2026-08-29T17:56:52+00:00,iyohwan-ui-Macmini.local,3.12.14,f88372a,dwave.samplers.SimulatedAnnealingSampler,100,0.00030262500513345003,204,46,0,1.0,,268.0,268.0,1281.0,268.0,334.671875,1.9261029395467872,0.52,136.0,-655.0,True,True
v200_s1_p10__h2+3__red__r0,v200_s1_p10,200,1,0.1,0.10067114093959731,200,268,h2+3,2+3,True,True,0,1379733369,ok,,,2.2678381669684313,,2026-08-29T17:56:51+00:00,iyohwan-ui-Macmini.local,3.12.14,f88372a,dwave.samplers.SimulatedAnnealingSampler,100,0.00034199998481199145,204,46,0,1.0,,204.0,204.0,1096.0,204.0,286.75,1.9172511270988948,1.0,136.0,,True,True
v200_s1_p10__h2+3+4__nored__r0,v200_s1_p10,200,1,0.1,0.10067114093959731,200,268,h2+3+4,2+3+4,False,True,0,1379733369,ok,,,5.790005499962717,,2026-08-29T17:56:54+00:00,iyohwan-ui-Macmini.local,3.12.14,f88372a,dwave.samplers.SimulatedAnnealingSampler,100,0.0003048339858651161,204,46,0,6.0,30.0,189.0,171.0,763.0,268.0,209.359375,,0.0,140.0,,False,True
v200_s1_p10__h2+3+4__red__r0,v200_s1_p10,200,1,0.1,0.10067114093959731,200,268,h2+3+4,2+3+4,True,True,0,1379733369,ok,,,4.001693375001196,,2026-08-29T17:56:53+00:00,iyohwan-ui-Macmini.local,3.12.14,f88372a,dwave.samplers.SimulatedAnnealingSampler,100,0.0003119580214843154,204,46,0,3.0,24.0,189.0,171.0,814.0,204.0,192.546875,1.8864012722276116,1.0,136.0,,True,True
v200_s1_p30__h2__nored__r0,v200_s1_p30,200,1,0.3,0.28523489932885904,200,213,h2,2,False,True,0,1623346134,ok,,,0.828055249992758,,2026-08-29T17:56:56+00:00,iyohwan-ui-Macmini.local,3.12.14,f88372a,dwave.samplers.SimulatedAnnealingSampler,100,0.00033729098504409194,39,37,0,1.0,,213.0,213.0,252.0,213.0,164.671875,3.728331053274752,0.01,26.0,-200.0,True,True
v200_s1_p30__h2__red__r0,v200_s1_p30,200,1,0.3,0.28523489932885904,200,213,h2,2,True,True,0,1623346134,ok,,,0.20956454100087285,,2026-08-29T17:56:56+00:00,iyohwan-ui-Macmini.local,3.12.14,f88372a,dwave.samplers.SimulatedAnnealingSampler,100,0.00031766697065904737,39,37,0,1.0,,39.0,39.0,70.0,39.0,162.078125,3.321666881074589,1.0,26.0,,True,True
v200_s1_p30__h3__nored__r0,v200_s1_p30,200,1,0.3,0.28523489932885904,200,213,h3,3,False,True,0,1623346134,ok,,,0.8693603330175392,,2026-08-29T17:56:57+00:00,iyohwan-ui-Macmini.local,3.12.14,f88372a,dwave.samplers.SimulatedAnnealingSampler,100,0.0003761250409297645,39,37,0,1.0,,213.0,213.0,545.0,213.0,164.890625,3.720030398314945,0.01,26.0,-215.0,True,True
v200_s1_p30__h3__red__r0,v200_s1_p30,200,1,0.3,0.28523489932885904,200,213,h3,3,True,True,0,1623346134,ok,,,0.24301737500354648,,2026-08-29T17:56:56+00:00,iyohwan-ui-Macmini.local,3.12.14,f88372a,dwave.samplers.SimulatedAnnealingSampler,100,0.0003104159841313958,39,37,0,1.0,,39.0,39.0,152.0,39.0,164.375,2.980079301963408,1.0,26.0,,True,True
v200_s1_p30__h4__nored__r0,v200_s1_p30,200,1,0.3,0.28523489932885904,200,213,h4,4,False,True,0,1623346134,ok,,,0.7839350000140257,,2026-08-29T17:56:58+00:00,iyohwan-ui-Macmini.local,3.12.14,f88372a,dwave.samplers.SimulatedAnnealingSampler,100,0.00031841598683968186,39,37,0,1.0,,535.0,535.0,2526.0,213.0,154.6875,,0.0,262.0,146.0,False,True
v200_s1_p30__h4__red__r0,v200_s1_p30,200,1,0.3,0.28523489932885904,200,213,h4,4,True,True,0,1623346134,error,RuntimeError,"RuntimeError: DnC partition failed: input graph is not embeddable and no embeddable subgraph partition was found (vertices=26, edges=39)
",0.15800108399707824,,2026-08-29T17:56:58+00:00,iyohwan-ui-Macmini.local,3.12.14,f88372a,dwave.samplers.SimulatedAnnealingSampler,100,0.0003190829884260893,39,37,0,,,,,,,154.625,,,,,False,False
v200_s1_p30__h2+3__nored__r0,v200_s1_p30,200,1,0.3,0.28523489932885904,200,213,h2+3,2+3,False,True,0,1623346134,ok,,,0.8608857080107555,,2026-08-29T17:56:59+00:00,iyohwan-ui-Macmini.local,3.12.14,f88372a,dwave.samplers.SimulatedAnnealingSampler,100,0.0003327499725855887,39,37,0,1.0,,213.0,213.0,545.0,213.0,157.140625,,0.0,26.0,-441.0,False,True
v200_s1_p30__h2+3__red__r0,v200_s1_p30,200,1,0.3,0.28523489932885904,200,213,h2+3,2+3,True,True,0,1623346134,ok,,,0.24663654097821563,,2026-08-29T17:56:58+00:00,iyohwan-ui-Macmini.local,3.12.14,f88372a,dwave.samplers.SimulatedAnnealingSampler,100,0.00031054101418703794,39,37,0,1.0,,39.0,39.0,152.0,39.0,164.28125,3.141078419913499,1.0,26.0,,True,True
v200_s1_p30__h2+3+4__nored__r0,v200_s1_p30,200,1,0.3,0.28523489932885904,200,213,h2+3+4,2+3+4,False,True,0,1623346134,ok,,,0.9829409589874558,,2026-08-29T17:56:59+00:00,iyohwan-ui-Macmini.local,3.12.14,f88372a,dwave.samplers.SimulatedAnnealingSampler,100,0.00032679096329957247,39,37,0,1.0,,535.0,535.0,2593.0,213.0,156.03125,,0.0,250.0,-172.0,False,True
v200_s1_p30__h2+3+4__red__r0,v200_s1_p30,200,1,0.3,0.28523489932885904,200,213,h2+3+4,2+3+4,True,True,0,1623346134,error,RuntimeError,"RuntimeError: DnC partition failed: input graph is not embeddable and no embeddable subgraph partition was found (vertices=26, edges=39)
",0.1745935829821974,,2026-08-29T17:56:59+00:00,iyohwan-ui-Macmini.local,3.12.14,f88372a,dwave.samplers.SimulatedAnnealingSampler,100,0.00034970801789313555,39,37,0,,,,,,,154.65625,,,,,False,False
v200_s1_p50__h2__nored__r0,v200_s1_p50,200,1,0.5,0.28523489932885904,200,213,h2,2,False,True,0,1206257853,ok,,,0.8350899170036428,,2026-08-29T17:57:00+00:00,iyohwan-ui-Macmini.local,3.12.14,f88372a,dwave.samplers.SimulatedAnnealingSampler,100,0.00035074999323114753,39,37,0,1.0,,213.0,213.0,252.0,213.0,163.875,3.341658159387059,0.01,26.0,-200.0,True,True
v200_s1_p50__h2__red__r0,v200_s1_p50,200,1,0.5,0.28523489932885904,200,213,h2,2,True,True,0,1206257853,ok,,,0.2147615000139922,,2026-08-29T17:57:00+00:00,iyohwan-ui-Macmini.local,3.12.14,f88372a,dwave.samplers.SimulatedAnnealingSampler,100,0.00032012496376410127,39,37,0,1.0,,39.0,39.0,70.0,39.0,161.546875,3.1270855256005223,1.0,26.0,,True,True
v200_s1_p50__h3__nored__r0,v200_s1_p50,200,1,0.5,0.28523489932885904,200,213,h3,3,False,True,0,1206257853,ok,,,0.8235613330034539,,2026-08-29T17:57:01+00:00,iyohwan-ui-Macmini.local,3.12.14,f88372a,dwave.samplers.SimulatedAnnealingSampler,100,0.0003327499725855887,39,37,0,1.0,,213.0,213.0,545.0,213.0,157.90625,,0.0,26.0,-215.0,False,True
v200_s1_p50__h3__red__r0,v200_s1_p50,200,1,0.5,0.28523489932885904,200,213,h3,3,True,True,0,1206257853,ok,,,0.24476433399831876,,2026-08-29T17:57:01+00:00,iyohwan-ui-Macmini.local,3.12.14,f88372a,dwave.samplers.SimulatedAnnealingSampler,100,0.0003308749874122441,39,37,0,1.0,,39.0,39.0,152.0,39.0,165.578125,3.1402767285089435,1.0,26.0,,True,True
v200_s1_p50__h4__nored__r0,v200_s1_p50,200,1,0.5,0.28523489932885904,200,213,h4,4,False,True,0,1206257853,ok,,,0.7816810419899411,,2026-08-29T17:57:02+00:00,iyohwan-ui-Macmini.local,3.12.14,f88372a,dwave.samplers.SimulatedAnnealingSampler,100,0.00033191597322002053,39,37,0,1.0,,535.0,535.0,2526.0,213.0,154.828125,,0.0,258.0,146.0,False,True
v200_s1_p50__h4__red__r0,v200_s1_p50,200,1,0.5,0.28523489932885904,200,213,h4,4,True,True,0,1206257853,error,RuntimeError,"RuntimeError: DnC partition failed: input graph is not embeddable and no embeddable subgraph partition was found (vertices=26, edges=39)
",0.16880512499483302,,2026-08-29T17:57:01+00:00,iyohwan-ui-Macmini.local,3.12.14,f88372a,dwave.samplers.SimulatedAnnealingSampler,100,0.0003160830237902701,39,37,0,,,,,,,154.703125,,,,,False,False
v200_s1_p50__h2+3__nored__r0,v200_s1_p50,200,1,0.5,0.28523489932885904,200,213,h2+3,2+3,False,True,0,1206257853,ok,,,0.9383437910000794,,2026-08-29T17:57:02+00:00,iyohwan-ui-Macmini.local,3.12.14,f88372a,dwave.samplers.SimulatedAnnealingSampler,100,0.0003476249985396862,39,37,0,1.0,,213.0,213.0,545.0,213.0,167.21875,3.2937863285350555,0.02,26.0,-441.0,True,True
v200_s1_p50__h2+3__red__r0,v200_s1_p50,200,1,0.5,0.28523489932885904,200,213,h2+3,2+3,True,True,0,1206257853,ok,,,0.25812133302679285,,2026-08-29T17:57:02+00:00,iyohwan-ui-Macmini.local,3.12.14,f88372a,dwave.samplers.SimulatedAnnealingSampler,100,0.000339832971803844,39,37,0,1.0,,39.0,39.0,152.0,39.0,164.46875,2.9853455677175984,1.0,26.0,,True,True
v200_s1_p50__h2+3+4__nored__r0,v200_s1_p50,200,1,0.5,0.28523489932885904,200,213,h2+3+4,2+3+4,False,True,0,1206257853,ok,,,0.9898206670186482,,2026-08-29T17:57:03+00:00,iyohwan-ui-Macmini.local,3.12.14,f88372a,dwave.samplers.SimulatedAnnealingSampler,100,0.00037516700103878975,39,37,0,1.0,,535.0,535.0,2593.0,213.0,156.1875,,0.0,254.0,-163.0,False,True
v200_s1_p50__h2+3+4__red__r0,v200_s1_p50,200,1,0.5,0.28523489932885904,200,213,h2+3+4,2+3+4,True,True,0,1206257853,error,RuntimeError,"RuntimeError: DnC partition failed: input graph is not embeddable and no embeddable subgraph partition was found (vertices=26, edges=39)
",0.18264554196503013,,2026-08-29T17:57:02+00:00,iyohwan-ui-Macmini.local,3.12.14,f88372a,dwave.samplers.SimulatedAnnealingSampler,100,0.0003463749890215695,39,37,0,,,,,,,154.03125,,,,,False,False
v300_s0_p0__h2__nored__r0,v300_s0_p0,300,0,0.0,0.0,300,448,h2,2,False,True,0,791404282,ok,,,3.313897875021212,,2026-08-29T17:57:03+00:00,iyohwan-ui-Macmini.local,3.12.14,f88372a,dwave.samplers.SimulatedAnnealingSampler,100,0.0002726670354604721,444,4,0,1.0,,448.0,448.0,892.0,448.0,176.078125,2.3564943818888855,0.02,296.0,-300.0,True,True
v300_s0_p0__h2__red__r0,v300_s0_p0,300,0,0.0,0.0,300,448,h2,2,True,True,0,791404282,ok,,,3.293225583038293,,2026-08-29T17:57:03+00:00,iyohwan-ui-Macmini.local,3.12.14,f88372a,dwave.samplers.SimulatedAnnealingSampler,100,0.00029399996856227517,444,4,0,1.0,,444.0,444.0,888.0,444.0,174.140625,2.371221143191037,1.0,296.0,,True,True
v300_s0_p0__h3__nored__r0,v300_s0_p0,300,0,0.0,0.0,300,448,h3,3,False,True,0,791404282,ok,,,9.7611907919636,,2026-08-29T17:57:04+00:00,iyohwan-ui-Macmini.local,3.12.14,f88372a,dwave.samplers.SimulatedAnnealingSampler,100,0.0002857499639503658,444,4,0,1.0,,448.0,448.0,2574.0,448.0,756.265625,1.6949206554749094,1.0,296.0,-575.0,True,True
v300_s0_p0__h3__red__r0,v300_s0_p0,300,0,0.0,0.0,300,448,h3,3,True,True,0,791404282,ok,,,9.569059375033248,,2026-08-29T17:57:03+00:00,iyohwan-ui-Macmini.local,3.12.14,f88372a,dwave.samplers.SimulatedAnnealingSampler,100,0.00026300002355128527,444,4,0,1.0,,444.0,444.0,2547.0,444.0,744.296875,1.6953338430771372,1.0,296.0,,True,True
v300_s0_p0__h4__nored__r0,v300_s0_p0,300,0,0.0,0.0,300,448,h4,4,False,True,0,791404282,ok,,,13.224854291998781,,2026-08-29T17:57:07+00:00,iyohwan-ui-Macmini.local,3.12.14,f88372a,dwave.samplers.SimulatedAnnealingSampler,100,0.000311249983496964,444,4,0,12.0,57.0,314.0,249.0,1148.0,448.0,329.65625,1.689007693767628,1.0,296.0,,True,True
v300_s0_p0__h4__red__r0,v300_s0_p0,300,0,0.0,0.0,300,448,h4,4,True,True,0,791404282,ok,,,15.24898266600212,,2026-08-29T17:57:07+00:00,iyohwan-ui-Macmini.local,3.12.14,f88372a,dwave.samplers.SimulatedAnnealingSampler,100,0.0002958340337499976,444,4,0,10.0,66.0,298.0,214.0,989.0,444.0,394.265625,1.690731558897153,1.0,296.0,,True,True
v300_s0_p0__h2+3__nored__r0,v300_s0_p0,300,0,0.0,0.0,300,448,h2+3,2+3,False,True,0,791404282,ok,,,10.065594959014561,,2026-08-29T17:57:15+00:00,iyohwan-ui-Macmini.local,3.12.14,f88372a,dwave.samplers.SimulatedAnnealingSampler,100,0.00026050000451505184,444,4,0,1.0,,448.0,448.0,2574.0,448.0,755.921875,1.7076533249583037,1.0,296.0,-1171.0,True,True
v300_s0_p0__h2+3__red__r0,v300_s0_p0,300,0,0.0,0.0,300,448,h2+3,2+3,True,True,0,791404282,ok,,,9.814014166011475,,2026-08-29T17:57:14+00:00,iyohwan-ui-Macmini.local,3.12.14,f88372a,dwave.samplers.SimulatedAnnealingSampler,100,0.0002810420119203627,444,4,0,1.0,,444.0,444.0,2547.0,444.0,744.6875,1.7081487362391299,1.0,296.0,,True,True
v300_s0_p0__h2+3+4__nored__r0,v300_s0_p0,300,0,0.0,0.0,300,448,h2+3+4,2+3+4,False,True,0,791404282,ok,,,15.034475874970667,,2026-08-29T17:57:23+00:00,iyohwan-ui-Macmini.local,3.12.14,f88372a,dwave.samplers.SimulatedAnnealingSampler,100,0.00028545799432322383,444,4,0,12.0,57.0,314.0,249.0,1160.0,448.0,324.6875,1.706711754468803,1.0,296.0,,True,True
v300_s0_p0__h2+3+4__red__r0,v300_s0_p0,300,0,0.0,0.0,300,448,h2+3+4,2+3+4,True,True,0,791404282,ok,,,17.123745125019923,,2026-08-29T17:57:21+00:00,iyohwan-ui-Macmini.local,3.12.14,f88372a,dwave.samplers.SimulatedAnnealingSampler,100,0.0003081670147366822,444,4,0,10.0,66.0,298.0,214.0,994.0,444.0,384.53125,1.6647271811775186,1.0,296.0,,True,True
v300_s0_p10__h2__nored__r0,v300_s0_p10,300,0,0.1,0.10044642857142858,300,403,h2,2,False,True,0,1653470055,ok,,,2.64446116698673,,2026-08-29T17:57:26+00:00,iyohwan-ui-Macmini.local,3.12.14,f88372a,dwave.samplers.SimulatedAnnealingSampler,100,0.00044404203072190285,309,74,0,1.0,,403.0,403.0,712.0,403.0,161.1875,,0.0,206.0,-300.0,False,True
v300_s0_p10__h2__red__r0,v300_s0_p10,300,0,0.1,0.10044642857142858,300,403,h2,2,True,True,0,1653470055,ok,,,1.6981097499956377,,2026-08-29T17:57:24+00:00,iyohwan-ui-Macmini.local,3.12.14,f88372a,dwave.samplers.SimulatedAnnealingSampler,100,0.0004414999857544899,309,74,0,1.0,,309.0,309.0,616.0,309.0,173.140625,3.0103939577650727,1.0,206.0,,True,True
v300_s0_p10__h3__nored__r0,v300_s0_p10,300,0,0.1,0.10044642857142858,300,403,h3,3,False,True,0,1653470055,ok,,,5.677390166034456,,2026-08-29T17:57:29+00:00,iyohwan-ui-Macmini.local,3.12.14,f88372a,dwave.samplers.SimulatedAnnealingSampler,100,0.0004354999982751906,309,74,0,1.0,,403.0,403.0,1907.0,403.0,358.703125,1.9991045697074472,0.33,206.0,-479.0,True,True
v300_s0_p10__h3__red__r0,v300_s0_p10,300,0,0.1,0.10044642857142858,300,403,h3,3,True,True,0,1653470055,ok,,,4.762097708997317,,2026-08-29T17:57:27+00:00,iyohwan-ui-Macmini.local,3.12.14,f88372a,dwave.samplers.SimulatedAnnealingSampler,100,0.0004509580321609974,309,74,0,1.0,,309.0,309.0,1702.0,309.0,482.875,1.9705714947217128,1.0,206.0,,True,True
v300_s0_p10__h4__nored__r0,v300_s0_p10,300,0,0.1,0.10044642857142858,300,403,h4,4,False,True,0,1653470055,ok,,,12.670064791978803,,2026-08-29T17:57:35+00:00,iyohwan-ui-Macmini.local,3.12.14,f88372a,dwave.samplers.SimulatedAnnealingSampler,100,0.0004412920097820461,309,74,0,9.0,66.0,176.0,140.0,450.0,403.0,461.921875,1.9442665362096314,1.0,206.0,,True,True
v300_s0_p10__h4__red__r0,v300_s0_p10,300,0,0.1,0.10044642857142858,300,403,h4,4,True,True,0,1653470055,ok,,,7.736784458043985,,2026-08-29T17:57:32+00:00,iyohwan-ui-Macmini.local,3.12.14,f88372a,dwave.samplers.SimulatedAnnealingSampler,100,0.0004456669557839632,309,74,0,7.0,54.0,187.0,159.0,596.0,309.0,327.359375,1.9001374113048128,1.0,206.0,,True,True
v300_s0_p10__h2+3__nored__r0,v300_s0_p10,300,0,0.1,0.10044642857142858,300,403,h2+3,2+3,False,True,0,1653470055,ok,,,5.418027375009842,,2026-08-29T17:57:39+00:00,iyohwan-ui-Macmini.local,3.12.14,f88372a,dwave.samplers.SimulatedAnnealingSampler,100,0.00044158397940918803,309,74,0,1.0,,403.0,403.0,1907.0,403.0,320.53125,1.9301002851480458,0.26,206.0,-983.0,True,True
v300_s0_p10__h2+3__red__r0,v300_s0_p10,300,0,0.1,0.10044642857142858,300,403,h2+3,2+3,True,True,0,1653470055,ok,,,4.820592333038803,,2026-08-29T17:57:39+00:00,iyohwan-ui-Macmini.local,3.12.14,f88372a,dwave.samplers.SimulatedAnnealingSampler,100,0.0004342499887570739,309,74,0,1.0,,309.0,309.0,1702.0,309.0,476.953125,1.9302116736591692,1.0,206.0,,True,True
v300_s0_p10__h2+3+4__nored__r0,v300_s0_p10,300,0,0.1,0.10044642857142858,300,403,h2+3+4,2+3+4,False,True,0,1653470055,ok,,,13.912872165965382,,2026-08-29T17:57:44+00:00,iyohwan-ui-Macmini.local,3.12.14,f88372a,dwave.samplers.SimulatedAnnealingSampler,100,0.0004649590118788183,309,74,0,9.0,66.0,176.0,140.0,455.0,403.0,423.328125,1.9216449930434154,1.0,206.0,,True,True
v300_s0_p10__h2+3+4__red__r0,v300_s0_p10,300,0,0.1,0.10044642857142858,300,403,h2+3+4,2+3+4,True,True,0,1653470055,ok,,,8.824315750040114,,2026-08-29T17:57:40+00:00,iyohwan-ui-Macmini.local,3.12.14,f88372a,dwave.samplers.SimulatedAnnealingSampler,100,0.00044691702350974083,309,74,0,7.0,54.0,187.0,159.0,607.0,309.0,319.796875,1.8909601470285704,1.0,206.0,,True,True
v300_s0_p30__h2__nored__r0,v300_s0_p30,300,0,0.3,0.29464285714285715,300,316,h2,2,False,True,0,1348495661,ok,,,1.6960582920000888,,2026-08-29T17:57:46+00:00,iyohwan-ui-Macmini.local,3.12.14,f88372a,dwave.samplers.SimulatedAnnealingSampler,100,0.00038608303293585777,48,46,0,1.0,,316.0,316.0,364.0,316.0,160.84375,,0.0,32.0,-300.0,False,True
v300_s0_p30__h2__red__r0,v300_s0_p30,300,0,0.3,0.29464285714285715,300,316,h2,2,True,True,0,1348495661,ok,,,0.26164133299607784,,2026-08-29T17:57:45+00:00,iyohwan-ui-Macmini.local,3.12.14,f88372a,dwave.samplers.SimulatedAnnealingSampler,100,0.0003830839996226132,48,46,0,1.0,,48.0,48.0,93.0,48.0,164.03125,2.761291781342171,1.0,32.0,,True,True
v300_s0_p30__h3__nored__r0,v300_s0_p30,300,0,0.3,0.29464285714285715,300,316,h3,3,False,True,0,1348495661,ok,,,1.6622455000178888,,2026-08-29T17:57:49+00:00,iyohwan-ui-Macmini.local,3.12.14,f88372a,dwave.samplers.SimulatedAnnealingSampler,100,0.00044299999717622995,48,46,0,1.0,,316.0,316.0,776.0,316.0,161.53125,,0.0,32.0,-317.0,False,True
v300_s0_p30__h3__red__r0,v300_s0_p30,300,0,0.3,0.29464285714285715,300,316,h3,3,True,True,0,1348495661,ok,,,0.31978004198754206,,2026-08-29T17:57:48+00:00,iyohwan-ui-Macmini.local,3.12.14,f88372a,dwave.samplers.SimulatedAnnealingSampler,100,0.00040487502701580524,48,46,0,1.0,,48.0,48.0,215.0,48.0,170.5,3.0417531911409608,1.0,32.0,,True,True
v300_s0_p30__h4__nored__r0,v300_s0_p30,300,0,0.3,0.29464285714285715,300,316,h4,4,False,True,0,1348495661,ok,,,1.209078500047326,,2026-08-29T17:57:50+00:00,iyohwan-ui-Macmini.local,3.12.14,f88372a,dwave.samplers.SimulatedAnnealingSampler,100,0.0003712089965119958,48,46,0,1.0,,762.0,762.0,3534.0,316.0,155.90625,,0.0,372.0,199.0,False,True
v300_s0_p30__h4__red__r0,v300_s0_p30,300,0,0.3,0.29464285714285715,300,316,h4,4,True,True,0,1348495661,error,RuntimeError,"RuntimeError: DnC partition failed: input graph is not embeddable and no embeddable subgraph partition was found (vertices=32, edges=48)
",0.20442983403336257,,2026-08-29T17:57:49+00:00,iyohwan-ui-Macmini.local,3.12.14,f88372a,dwave.samplers.SimulatedAnnealingSampler,100,0.0003719170344993472,48,46,0,,,,,,,154.265625,,,,,False,False
v300_s0_p30__h2+3__nored__r0,v300_s0_p30,300,0,0.3,0.29464285714285715,300,316,h2+3,2+3,False,True,0,1348495661,ok,,,1.8500224169692956,,2026-08-29T17:57:51+00:00,iyohwan-ui-Macmini.local,3.12.14,f88372a,dwave.samplers.SimulatedAnnealingSampler,100,0.0003820419660769403,48,46,0,1.0,,316.0,316.0,776.0,316.0,161.390625,,0.0,32.0,-649.0,False,True
v300_s0_p30__h2+3__red__r0,v300_s0_p30,300,0,0.3,0.29464285714285715,300,316,h2+3,2+3,True,True,0,1348495661,ok,,,0.337854209006764,,2026-08-29T17:57:50+00:00,iyohwan-ui-Macmini.local,3.12.14,f88372a,dwave.samplers.SimulatedAnnealingSampler,100,0.0003612080472521484,48,46,0,1.0,,48.0,48.0,215.0,48.0,169.328125,3.038589134298469,1.0,32.0,,True,True
v300_s0_p30__h2+3+4__nored__r0,v300_s0_p30,300,0,0.3,0.29464285714285715,300,316,h2+3+4,2+3+4,False,True,0,1348495661,ok,,,1.5689440840505995,,2026-08-29T17:57:52+00:00,iyohwan-ui-Macmini.local,3.12.14,f88372a,dwave.samplers.SimulatedAnnealingSampler,100,0.0003843750455416739,48,46,0,1.0,,762.0,762.0,3629.0,316.0,155.765625,,0.0,364.0,-246.0,False,True
v300_s0_p30__h2+3+4__red__r0,v300_s0_p30,300,0,0.3,0.29464285714285715,300,316,h2+3+4,2+3+4,True,True,0,1348495661,error,RuntimeError,"RuntimeError: DnC partition failed: input graph is not embeddable and no embeddable subgraph partition was found (vertices=32, edges=48)
",0.2270274999900721,,2026-08-29T17:57:51+00:00,iyohwan-ui-Macmini.local,3.12.14,f88372a,dwave.samplers.SimulatedAnnealingSampler,100,0.00036687502870336175,48,46,0,,,,,,,153.984375,,,,,False,False
v300_s0_p50__h2__nored__r0,v300_s0_p50,300,0,0.5,0.29464285714285715,300,316,h2,2,False,True,0,1944936874,ok,,,1.8714392500114627,,2026-08-29T17:57:53+00:00,iyohwan-ui-Macmini.local,3.12.14,f88372a,dwave.samplers.SimulatedAnnealingSampler,100,0.00041783397318795323,48,46,0,1.0,,316.0,316.0,364.0,316.0,173.078125,3.3784333778337996,0.01,32.0,-300.0,True,True
v300_s0_p50__h2__red__r0,v300_s0_p50,300,0,0.5,0.29464285714285715,300,316,h2,2,True,True,0,1944936874,ok,,,0.26528787502320483,,2026-08-29T17:57:52+00:00,iyohwan-ui-Macmini.local,3.12.14,f88372a,dwave.samplers.SimulatedAnnealingSampler,100,0.00037608295679092407,48,46,0,1.0,,48.0,48.0,93.0,48.0,163.953125,3.134483977320803,1.0,32.0,,True,True
v300_s0_p50__h3__nored__r0,v300_s0_p50,300,0,0.5,0.29464285714285715,300,316,h3,3,False,True,0,1944936874,ok,,,1.6854196249623783,,2026-08-29T17:57:54+00:00,iyohwan-ui-Macmini.local,3.12.14,f88372a,dwave.samplers.SimulatedAnnealingSampler,100,0.00037412496749311686,48,46,0,1.0,,316.0,316.0,776.0,316.0,160.84375,,0.0,32.0,-317.0,False,True
v300_s0_p50__h3__red__r0,v300_s0_p50,300,0,0.5,0.29464285714285715,300,316,h3,3,True,True,0,1944936874,ok,,,0.32654587499564514,,2026-08-29T17:57:53+00:00,iyohwan-ui-Macmini.local,3.12.14,f88372a,dwave.samplers.SimulatedAnnealingSampler,100,0.0004510409780777991,48,46,0,1.0,,48.0,48.0,215.0,48.0,169.609375,2.978524875665319,1.0,32.0,,True,True
v300_s0_p50__h4__nored__r0,v300_s0_p50,300,0,0.5,0.29464285714285715,300,316,h4,4,False,True,0,1944936874,ok,,,1.2189876670017838,,2026-08-29T17:57:55+00:00,iyohwan-ui-Macmini.local,3.12.14,f88372a,dwave.samplers.SimulatedAnnealingSampler,100,0.00039741600630804896,48,46,0,1.0,,762.0,762.0,3534.0,316.0,156.5625,,0.0,336.0,162.0,False,True
v300_s0_p50__h4__red__r0,v300_s0_p50,300,0,0.5,0.29464285714285715,300,316,h4,4,True,True,0,1944936874,error,RuntimeError,"RuntimeError: DnC partition failed: input graph is not embeddable and no embeddable subgraph partition was found (vertices=32, edges=48)
",0.19762299995636567,,2026-08-29T17:57:54+00:00,iyohwan-ui-Macmini.local,3.12.14,f88372a,dwave.samplers.SimulatedAnnealingSampler,100,0.00037037499714642763,48,46,0,,,,,,,154.140625,,,,,False,False
v300_s0_p50__h2+3__nored__r0,v300_s0_p50,300,0,0.5,0.29464285714285715,300,316,h2+3,2+3,False,True,0,1944936874,ok,,,1.880596124974545,,2026-08-29T17:57:56+00:00,iyohwan-ui-Macmini.local,3.12.14,f88372a,dwave.samplers.SimulatedAnnealingSampler,100,0.0003559580072760582,48,46,0,1.0,,316.0,316.0,776.0,316.0,160.125,,0.0,32.0,-649.0,False,True
v300_s0_p50__h2+3__red__r0,v300_s0_p50,300,0,0.5,0.29464285714285715,300,316,h2+3,2+3,True,True,0,1944936874,ok,,,0.32737558300141245,,2026-08-29T17:57:55+00:00,iyohwan-ui-Macmini.local,3.12.14,f88372a,dwave.samplers.SimulatedAnnealingSampler,100,0.0003665419644676149,48,46,0,1.0,,48.0,48.0,215.0,48.0,170.234375,3.0322603614427623,1.0,32.0,,True,True
v300_s0_p50__h2+3+4__nored__r0,v300_s0_p50,300,0,0.5,0.29464285714285715,300,316,h2+3+4,2+3+4,False,True,0,1944936874,ok,,,1.553681332967244,,2026-08-29T17:57:57+00:00,iyohwan-ui-Macmini.local,3.12.14,f88372a,dwave.samplers.SimulatedAnnealingSampler,100,0.0003879170399159193,48,46,0,1.0,,762.0,762.0,3629.0,316.0,156.046875,,0.0,368.0,-245.0,False,True
v300_s0_p50__h2+3+4__red__r0,v300_s0_p50,300,0,0.5,0.29464285714285715,300,316,h2+3+4,2+3+4,True,True,0,1944936874,error,RuntimeError,"RuntimeError: DnC partition failed: input graph is not embeddable and no embeddable subgraph partition was found (vertices=32, edges=48)
",0.21729383297497407,,2026-08-29T17:57:56+00:00,iyohwan-ui-Macmini.local,3.12.14,f88372a,dwave.samplers.SimulatedAnnealingSampler,100,0.0003671250306069851,48,46,0,,,,,,,154.15625,,,,,False,False
v300_s1_p0__h2__nored__r0,v300_s1_p0,300,1,0.0,0.0,300,448,h2,2,False,True,0,1947543261,ok,,,3.2982822909834795,,2026-08-29T17:57:59+00:00,iyohwan-ui-Macmini.local,3.12.14,f88372a,dwave.samplers.SimulatedAnnealingSampler,100,0.00030770798912271857,444,4,0,1.0,,448.0,448.0,892.0,448.0,160.671875,,0.0,296.0,-300.0,False,True
v300_s1_p0__h2__red__r0,v300_s1_p0,300,1,0.0,0.0,300,448,h2,2,True,True,0,1947543261,ok,,,3.433379750000313,,2026-08-29T17:57:57+00:00,iyohwan-ui-Macmini.local,3.12.14,f88372a,dwave.samplers.SimulatedAnnealingSampler,100,0.0002883330453187227,444,4,0,1.0,,444.0,444.0,888.0,444.0,181.421875,2.109720905815224,1.0,296.0,,True,True
v300_s1_p0__h3__nored__r0,v300_s1_p0,300,1,0.0,0.0,300,448,h3,3,False,True,0,1947543261,ok,,,10.004946833010763,,2026-08-29T17:57:59+00:00,iyohwan-ui-Macmini.local,3.12.14,f88372a,dwave.samplers.SimulatedAnnealingSampler,100,0.0002851670142263174,444,4,0,1.0,,448.0,448.0,2581.0,448.0,756.1875,1.7074676700369615,1.0,296.0,-574.0,True,True
v300_s1_p0__h3__red__r0,v300_s1_p0,300,1,0.0,0.0,300,448,h3,3,True,True,0,1947543261,ok,,,9.813400625018403,,2026-08-29T17:57:59+00:00,iyohwan-ui-Macmini.local,3.12.14,f88372a,dwave.samplers.SimulatedAnnealingSampler,100,0.00028720899717882276,444,4,0,1.0,,444.0,444.0,2566.0,444.0,755.015625,1.7110993595416006,1.0,296.0,,True,True
v300_s1_p0__h4__nored__r0,v300_s1_p0,300,1,0.0,0.0,300,448,h4,4,False,True,0,1947543261,ok,,,15.644574082980398,,2026-08-29T17:58:03+00:00,iyohwan-ui-Macmini.local,3.12.14,f88372a,dwave.samplers.SimulatedAnnealingSampler,100,0.0002972499933093786,444,4,0,8.0,63.0,277.0,179.0,901.0,448.0,570.390625,1.657229512204714,1.0,296.0,,True,True
v300_s1_p0__h4__red__r0,v300_s1_p0,300,1,0.0,0.0,300,448,h4,4,True,True,0,1947543261,ok,,,19.07763645797968,,2026-08-29T17:58:01+00:00,iyohwan-ui-Macmini.local,3.12.14,f88372a,dwave.samplers.SimulatedAnnealingSampler,100,0.0002937910030595958,444,4,0,8.0,111.0,199.0,144.0,492.0,444.0,748.65625,1.6295577663468095,1.0,296.0,,True,True
v300_s1_p0__h2+3__nored__r0,v300_s1_p0,300,1,0.0,0.0,300,448,h2+3,2+3,False,True,0,1947543261,ok,,,10.196069833997171,,2026-08-29T17:58:10+00:00,iyohwan-ui-Macmini.local,3.12.14,f88372a,dwave.samplers.SimulatedAnnealingSampler,100,0.0002872080076485872,444,4,0,1.0,,448.0,448.0,2581.0,448.0,756.09375,1.68546983508544,1.0,296.0,-1170.0,True,True
v300_s1_p0__h2+3__red__r0,v300_s1_p0,300,1,0.0,0.0,300,448,h2+3,2+3,True,True,0,1947543261,ok,,,10.103000250004698,,2026-08-29T17:58:09+00:00,iyohwan-ui-Macmini.local,3.12.14,f88372a,dwave.samplers.SimulatedAnnealingSampler,100,0.00029987498419359326,444,4,0,1.0,,444.0,444.0,2566.0,444.0,750.328125,1.7090755393950867,1.0,296.0,,True,True
v300_s1_p0__h2+3+4__nored__r0,v300_s1_p0,300,1,0.0,0.0,300,448,h2+3+4,2+3+4,False,True,0,1947543261,ok,,,17.390647375024855,,2026-08-29T17:58:20+00:00,iyohwan-ui-Macmini.local,3.12.14,f88372a,dwave.samplers.SimulatedAnnealingSampler,100,0.0003232500166632235,444,4,0,8.0,63.0,277.0,179.0,910.0,448.0,550.921875,1.6292505311400252,1.0,296.0,,True,True
v300_s1_p0__h2+3+4__red__r0,v300_s1_p0,300,1,0.0,0.0,300,448,h2+3+4,2+3+4,True,True,0,1947543261,ok,,,20.424464000039734,,2026-08-29T17:58:19+00:00,iyohwan-ui-Macmini.local,3.12.14,f88372a,dwave.samplers.SimulatedAnnealingSampler,100,0.0002894580247811973,444,4,0,8.0,111.0,199.0,144.0,504.0,444.0,698.328125,1.6138361933828196,1.0,296.0,,True,True
v300_s1_p10__h2__nored__r0,v300_s1_p10,300,1,0.1,0.10044642857142858,300,403,h2,2,False,True,0,2135052157,ok,,,2.7821150419767946,,2026-08-29T17:58:21+00:00,iyohwan-ui-Macmini.local,3.12.14,f88372a,dwave.samplers.SimulatedAnnealingSampler,100,0.00046741595724597573,309,69,0,1.0,,403.0,403.0,712.0,403.0,168.96875,2.6013561122016484,0.01,206.0,-300.0,True,True
v300_s1_p10__h2__red__r0,v300_s1_p10,300,1,0.1,0.10044642857142858,300,403,h2,2,True,True,0,2135052157,ok,,,1.556725375005044,,2026-08-29T17:58:21+00:00,iyohwan-ui-Macmini.local,3.12.14,f88372a,dwave.samplers.SimulatedAnnealingSampler,100,0.00046454102266579866,309,69,0,1.0,,309.0,309.0,616.0,309.0,157.390625,,0.0,206.0,,False,True
v300_s1_p10__h3__nored__r0,v300_s1_p10,300,1,0.1,0.10044642857142858,300,403,h3,3,False,True,0,2135052157,ok,,,5.486344625009224,,2026-08-29T17:58:25+00:00,iyohwan-ui-Macmini.local,3.12.14,f88372a,dwave.samplers.SimulatedAnnealingSampler,100,0.00045362499076873064,309,69,0,1.0,,403.0,403.0,1937.0,403.0,332.484375,1.8958353751701573,0.28,206.0,-479.0,True,True
v300_s1_p10__h3__red__r0,v300_s1_p10,300,1,0.1,0.10044642857142858,300,403,h3,3,True,True,0,2135052157,ok,,,4.919281291018706,,2026-08-29T17:58:23+00:00,iyohwan-ui-Macmini.local,3.12.14,f88372a,dwave.samplers.SimulatedAnnealingSampler,100,0.00043170800199732184,309,69,0,1.0,,309.0,309.0,1760.0,309.0,501.28125,1.8146016375577012,1.0,206.0,,True,True
v300_s1_p10__h4__nored__r0,v300_s1_p10,300,1,0.1,0.10044642857142858,300,403,h4,4,False,True,0,2135052157,ok,,,10.983431959000882,,2026-08-29T17:58:31+00:00,iyohwan-ui-Macmini.local,3.12.14,f88372a,dwave.samplers.SimulatedAnnealingSampler,100,0.00043483299668878317,309,69,0,6.0,50.0,249.0,186.0,820.0,403.0,316.328125,1.9084506795177976,1.0,206.0,,True,True
v300_s1_p10__h4__red__r0,v300_s1_p10,300,1,0.1,0.10044642857142858,300,403,h4,4,True,True,0,2135052157,ok,,,9.27390666701831,,2026-08-29T17:58:29+00:00,iyohwan-ui-Macmini.local,3.12.14,f88372a,dwave.samplers.SimulatedAnnealingSampler,100,0.00045016699004918337,309,69,0,5.0,93.0,153.0,111.0,397.0,309.0,401.4375,1.7722043716344085,1.0,206.0,,True,True
v300_s1_p10__h2+3__nored__r0,v300_s1_p10,300,1,0.1,0.10044642857142858,300,403,h2+3,2+3,False,True,0,2135052157,ok,,,6.004044541972689,,2026-08-29T17:58:39+00:00,iyohwan-ui-Macmini.local,3.12.14,f88372a,dwave.samplers.SimulatedAnnealingSampler,100,0.00045658298768103123,309,69,0,1.0,,403.0,403.0,1937.0,403.0,377.40625,1.8780248344437451,0.36,206.0,-985.0,True,True
v300_s1_p10__h2+3__red__r0,v300_s1_p10,300,1,0.1,0.10044642857142858,300,403,h2+3,2+3,True,True,0,2135052157,ok,,,5.073030375002418,,2026-08-29T17:58:38+00:00,iyohwan-ui-Macmini.local,3.12.14,f88372a,dwave.samplers.SimulatedAnnealingSampler,100,0.0004128339933231473,309,69,0,1.0,,309.0,309.0,1760.0,309.0,512.0,1.831846516041625,1.0,206.0,,True,True
v300_s1_p10__h2+3+4__nored__r0,v300_s1_p10,300,1,0.1,0.10044642857142858,300,403,h2+3+4,2+3+4,False,True,0,2135052157,ok,,,12.376450290961657,,2026-08-29T17:58:42+00:00,iyohwan-ui-Macmini.local,3.12.14,f88372a,dwave.samplers.SimulatedAnnealingSampler,100,0.00041895901085808873,309,69,0,6.0,50.0,251.0,188.0,827.0,403.0,305.171875,1.9645403382459055,1.0,206.0,,True,True
v300_s1_p10__h2+3+4__red__r0,v300_s1_p10,300,1,0.1,0.10044642857142858,300,403,h2+3+4,2+3+4,True,True,0,2135052157,ok,,,10.31320895801764,,2026-08-29T17:58:40+00:00,iyohwan-ui-Macmini.local,3.12.14,f88372a,dwave.samplers.SimulatedAnnealingSampler,100,0.0004480000352486968,309,69,0,5.0,93.0,155.0,112.0,408.0,309.0,376.9375,1.7807245545269539,1.0,206.0,,True,True
v300_s1_p30__h2__nored__r0,v300_s1_p30,300,1,0.3,0.2857142857142857,300,320,h2,2,False,True,0,816737930,ok,,,1.9891319170128554,,2026-08-29T17:58:45+00:00,iyohwan-ui-Macmini.local,3.12.14,f88372a,dwave.samplers.SimulatedAnnealingSampler,100,0.00040008395444601774,60,58,0,1.0,,320.0,320.0,380.0,320.0,172.140625,3.1251043520824764,0.01,40.0,-300.0,True,True
v300_s1_p30__h2__red__r0,v300_s1_p30,300,1,0.3,0.2857142857142857,300,320,h2,2,True,True,0,816737930,ok,,,0.2979067499982193,,2026-08-29T17:58:44+00:00,iyohwan-ui-Macmini.local,3.12.14,f88372a,dwave.samplers.SimulatedAnnealingSampler,100,0.0003917080466635525,60,58,0,1.0,,60.0,60.0,117.0,60.0,164.859375,2.829507335669013,1.0,40.0,,True,True
v300_s1_p30__h3__nored__r0,v300_s1_p30,300,1,0.3,0.2857142857142857,300,320,h3,3,False,True,0,816737930,ok,,,2.386027083033696,,2026-08-29T17:58:46+00:00,iyohwan-ui-Macmini.local,3.12.14,f88372a,dwave.samplers.SimulatedAnnealingSampler,100,0.00040791602805256844,60,58,0,1.0,,320.0,320.0,822.0,320.0,190.109375,2.7533913407220263,0.04,40.0,-322.0,True,True
v300_s1_p30__h3__red__r0,v300_s1_p30,300,1,0.3,0.2857142857142857,300,320,h3,3,True,True,0,816737930,ok,,,0.43995020899455994,,2026-08-29T17:58:45+00:00,iyohwan-ui-Macmini.local,3.12.14,f88372a,dwave.samplers.SimulatedAnnealingSampler,100,0.00038666598265990615,60,58,0,1.0,,60.0,60.0,293.0,60.0,174.40625,2.608662495307922,1.0,40.0,,True,True
v300_s1_p30__h4__nored__r0,v300_s1_p30,300,1,0.3,0.2857142857142857,300,320,h4,4,False,True,0,816737930,ok,,,1.3076652499730699,,2026-08-29T17:58:49+00:00,iyohwan-ui-Macmini.local,3.12.14,f88372a,dwave.samplers.SimulatedAnnealingSampler,100,0.0003864159807562828,60,58,0,1.0,,819.0,819.0,3873.0,320.0,154.796875,,0.0,392.0,256.0,False,True
v300_s1_p30__h4__red__r0,v300_s1_p30,300,1,0.3,0.2857142857142857,300,320,h4,4,True,True,0,816737930,ok,,,0.6372780419769697,,2026-08-29T17:58:48+00:00,iyohwan-ui-Macmini.local,3.12.14,f88372a,dwave.samplers.SimulatedAnnealingSampler,100,0.00038116704672574997,60,58,0,2.0,11.0,57.0,57.0,234.0,60.0,176.40625,2.5838996637772835,1.0,40.0,,True,True
v300_s1_p30__h2+3__nored__r0,v300_s1_p30,300,1,0.3,0.2857142857142857,300,320,h2+3,2+3,False,True,0,816737930,ok,,,2.2819189590518363,,2026-08-29T17:58:51+00:00,iyohwan-ui-Macmini.local,3.12.14,f88372a,dwave.samplers.SimulatedAnnealingSampler,100,0.0004307499621063471,60,58,0,1.0,,320.0,320.0,822.0,320.0,170.046875,3.0202921278876094,0.01,40.0,-662.0,True,True
v300_s1_p30__h2+3__red__r0,v300_s1_p30,300,1,0.3,0.2857142857142857,300,320,h2+3,2+3,True,True,0,816737930,ok,,,0.45726370898773894,,2026-08-29T17:58:50+00:00,iyohwan-ui-Macmini.local,3.12.14,f88372a,dwave.samplers.SimulatedAnnealingSampler,100,0.0003967920201830566,60,58,0,1.0,,60.0,60.0,293.0,60.0,173.859375,2.5603543369853834,1.0,40.0,,True,True
v300_s1_p30__h2+3+4__nored__r0,v300_s1_p30,300,1,0.3,0.2857142857142857,300,320,h2+3+4,2+3+4,False,True,0,816737930,ok,,,1.6813705840031616,,2026-08-29T17:58:51+00:00,iyohwan-ui-Macmini.local,3.12.14,f88372a,dwave.samplers.SimulatedAnnealingSampler,100,0.0003974169958382845,60,58,0,1.0,,819.0,819.0,3978.0,320.0,155.65625,,0.0,396.0,-224.0,False,True
v300_s1_p30__h2+3+4__red__r0,v300_s1_p30,300,1,0.3,0.2857142857142857,300,320,h2+3+4,2+3+4,True,True,0,816737930,ok,,,0.7249548329855315,,2026-08-29T17:58:51+00:00,iyohwan-ui-Macmini.local,3.12.14,f88372a,dwave.samplers.SimulatedAnnealingSampler,100,0.0004029999836347997,60,58,0,2.0,11.0,57.0,57.0,237.0,60.0,173.984375,2.7391375057328715,1.0,40.0,,True,True
v300_s1_p50__h2__nored__r0,v300_s1_p50,300,1,0.5,0.2857142857142857,300,320,h2,2,False,True,0,1029945452,ok,,,2.126508042041678,,2026-08-29T17:58:53+00:00,iyohwan-ui-Macmini.local,3.12.14,f88372a,dwave.samplers.SimulatedAnnealingSampler,100,0.0003974580322392285,60,58,0,1.0,,320.0,320.0,380.0,320.0,173.078125,3.6078025900245336,0.01,40.0,-300.0,True,True
v300_s1_p50__h2__red__r0,v300_s1_p50,300,1,0.5,0.2857142857142857,300,320,h2,2,True,True,0,1029945452,ok,,,0.3065789999673143,,2026-08-29T17:58:52+00:00,iyohwan-ui-Macmini.local,3.12.14,f88372a,dwave.samplers.SimulatedAnnealingSampler,100,0.0003856670227833092,60,58,0,1.0,,60.0,60.0,117.0,60.0,165.140625,2.617814432669898,1.0,40.0,,True,True
v300_s1_p50__h3__nored__r0,v300_s1_p50,300,1,0.5,0.2857142857142857,300,320,h3,3,False,True,0,1029945452,ok,,,2.1826962499762885,,2026-08-29T17:58:54+00:00,iyohwan-ui-Macmini.local,3.12.14,f88372a,dwave.samplers.SimulatedAnnealingSampler,100,0.000423500023316592,60,58,0,1.0,,320.0,320.0,822.0,320.0,178.015625,2.773676073031455,0.02,40.0,-322.0,True,True
v300_s1_p50__h3__red__r0,v300_s1_p50,300,1,0.5,0.2857142857142857,300,320,h3,3,True,True,0,1029945452,ok,,,0.448353165993467,,2026-08-29T17:58:54+00:00,iyohwan-ui-Macmini.local,3.12.14,f88372a,dwave.samplers.SimulatedAnnealingSampler,100,0.00040133402217179537,60,58,0,1.0,,60.0,60.0,293.0,60.0,174.390625,2.6790602582753915,1.0,40.0,,True,True
v300_s1_p50__h4__nored__r0,v300_s1_p50,300,1,0.5,0.2857142857142857,300,320,h4,4,False,True,0,1029945452,ok,,,1.2939264169544913,,2026-08-29T17:58:55+00:00,iyohwan-ui-Macmini.local,3.12.14,f88372a,dwave.samplers.SimulatedAnnealingSampler,100,0.00040608301060274243,60,58,0,1.0,,819.0,819.0,3873.0,320.0,156.203125,,0.0,408.0,255.0,False,True
v300_s1_p50__h4__red__r0,v300_s1_p50,300,1,0.5,0.2857142857142857,300,320,h4,4,True,True,0,1029945452,ok,,,0.6135587500175461,,2026-08-29T17:58:55+00:00,iyohwan-ui-Macmini.local,3.12.14,f88372a,dwave.samplers.SimulatedAnnealingSampler,100,0.0004051249707117677,60,58,0,2.0,12.0,57.0,57.0,234.0,60.0,176.09375,2.69798718572283,1.0,40.0,,True,True
v300_s1_p50__h2+3__nored__r0,v300_s1_p50,300,1,0.5,0.2857142857142857,300,320,h2+3,2+3,False,True,0,1029945452,ok,,,2.3380910420091823,,2026-08-29T17:58:56+00:00,iyohwan-ui-Macmini.local,3.12.14,f88372a,dwave.samplers.SimulatedAnnealingSampler,100,0.00038650003261864185,60,58,0,1.0,,320.0,320.0,822.0,320.0,184.21875,3.3604304401059917,0.03,40.0,-662.0,True,True
v300_s1_p50__h2+3__red__r0,v300_s1_p50,300,1,0.5,0.2857142857142857,300,320,h2+3,2+3,True,True,0,1029945452,ok,,,0.4480607499717735,,2026-08-29T17:58:56+00:00,iyohwan-ui-Macmini.local,3.12.14,f88372a,dwave.samplers.SimulatedAnnealingSampler,100,0.0004096659831702709,60,58,0,1.0,,60.0,60.0,293.0,60.0,173.921875,2.6685648865506,1.0,40.0,,True,True
v300_s1_p50__h2+3+4__nored__r0,v300_s1_p50,300,1,0.5,0.2857142857142857,300,320,h2+3+4,2+3+4,False,True,0,1029945452,ok,,,1.6535814169910736,,2026-08-29T17:58:57+00:00,iyohwan-ui-Macmini.local,3.12.14,f88372a,dwave.samplers.SimulatedAnnealingSampler,100,0.00041504204273223877,60,58,0,1.0,,819.0,819.0,3978.0,320.0,157.4375,,0.0,372.0,-267.0,False,True
v300_s1_p50__h2+3+4__red__r0,v300_s1_p50,300,1,0.5,0.2857142857142857,300,320,h2+3+4,2+3+4,True,True,0,1029945452,ok,,,0.6638444159762003,,2026-08-29T17:58:56+00:00,iyohwan-ui-Macmini.local,3.12.14,f88372a,dwave.samplers.SimulatedAnnealingSampler,100,0.00045641703763976693,60,58,0,2.0,12.0,57.0,57.0,237.0,60.0,172.40625,2.7368253504497364,1.0,40.0,,True,True
v400_s0_p0__h2__nored__r0,v400_s0_p0,400,0,0.0,0.0,400,598,h2,2,False,True,0,2123453403,ok,,,5.631029749987647,,2026-08-29T17:58:58+00:00,iyohwan-ui-Macmini.local,3.12.14,f88372a,dwave.samplers.SimulatedAnnealingSampler,100,0.0003825839958153665,594,4,0,1.0,,598.0,598.0,1192.0,598.0,171.828125,,0.0,396.0,-400.0,False,True
v400_s0_p0__h2__red__r0,v400_s0_p0,400,0,0.0,0.0,400,598,h2,2,True,True,0,2123453403,ok,,,5.55162395798834,,2026-08-29T17:58:57+00:00,iyohwan-ui-Macmini.local,3.12.14,f88372a,dwave.samplers.SimulatedAnnealingSampler,100,0.00034075003350153565,594,4,0,1.0,,594.0,594.0,1188.0,594.0,171.984375,,0.0,396.0,,False,True
v400_s0_p0__h3__nored__r0,v400_s0_p0,400,0,0.0,0.0,400,598,h3,3,False,True,0,2123453403,ok,,,18.346210208022967,,2026-08-29T17:58:59+00:00,iyohwan-ui-Macmini.local,3.12.14,f88372a,dwave.samplers.SimulatedAnnealingSampler,100,0.0003855419927276671,594,4,0,1.0,,598.0,598.0,3464.0,598.0,1510.53125,1.672744617681715,1.0,396.0,-768.0,True,True
v400_s0_p0__h3__red__r0,v400_s0_p0,400,0,0.0,0.0,400,598,h3,3,True,True,0,2123453403,ok,,,18.088724833040033,,2026-08-29T17:58:59+00:00,iyohwan-ui-Macmini.local,3.12.14,f88372a,dwave.samplers.SimulatedAnnealingSampler,100,0.00035574997309595346,594,4,0,1.0,,594.0,594.0,3447.0,594.0,1505.515625,1.6850982653591915,1.0,396.0,,True,True
v400_s0_p0__h4__nored__r0,v400_s0_p0,400,0,0.0,0.0,400,598,h4,4,False,True,0,2123453403,ok,,,37.79197266604751,,2026-08-29T17:59:04+00:00,iyohwan-ui-Macmini.local,3.12.14,f88372a,dwave.samplers.SimulatedAnnealingSampler,100,0.00037833303213119507,594,4,0,13.0,74.0,350.0,204.0,1147.0,598.0,622.1875,1.6587028177897114,1.0,396.0,,True,True
v400_s0_p0__h4__red__r0,v400_s0_p0,400,0,0.0,0.0,400,598,h4,4,True,True,0,2123453403,ok,,,31.59910549997585,,2026-08-29T17:59:04+00:00,iyohwan-ui-Macmini.local,3.12.14,f88372a,dwave.samplers.SimulatedAnnealingSampler,100,0.00037854205584153533,594,4,0,9.0,71.0,456.0,328.0,1723.0,594.0,450.078125,,0.0,412.0,,False,True
v400_s0_p0__h2+3__nored__r0,v400_s0_p0,400,0,0.0,0.0,400,598,h2+3,2+3,False,True,0,2123453403,ok,,,29.757108625024557,,2026-08-29T17:59:19+00:00,iyohwan-ui-Macmini.local,3.12.14,f88372a,dwave.samplers.SimulatedAnnealingSampler,100,0.0008121249848045409,594,4,0,1.0,,598.0,598.0,3464.0,598.0,1511.609375,1.6738114609983417,1.0,396.0,-1565.0,True,True
v400_s0_p0__h2+3__red__r0,v400_s0_p0,400,0,0.0,0.0,400,598,h2+3,2+3,True,True,0,2123453403,ok,,,29.660191375005525,,2026-08-29T17:59:18+00:00,iyohwan-ui-Macmini.local,3.12.14,f88372a,dwave.samplers.SimulatedAnnealingSampler,100,0.0007742089801467955,594,4,0,1.0,,594.0,594.0,3447.0,594.0,1506.53125,1.6647085028600028,1.0,396.0,,True,True
v400_s0_p0__h2+3+4__nored__r0,v400_s0_p0,400,0,0.0,0.0,400,598,h2+3+4,2+3+4,False,True,0,2123453403,ok,,,50.43776133301435,,2026-08-29T17:59:43+00:00,iyohwan-ui-Macmini.local,3.12.14,f88372a,dwave.samplers.SimulatedAnnealingSampler,100,0.0008801670046523213,594,4,0,13.0,74.0,350.0,204.0,1162.0,598.0,522.234375,1.6605885666594287,1.0,396.0,,True,True
v400_s0_p0__h2+3+4__red__r0,v400_s0_p0,400,0,0.0,0.0,400,598,h2+3+4,2+3+4,True,True,0,2123453403,ok,,,45.69929725001566,,2026-08-29T17:59:36+00:00,iyohwan-ui-Macmini.local,3.12.14,f88372a,dwave.samplers.SimulatedAnnealingSampler,100,0.0007876669988036156,594,4,0,9.0,71.0,456.0,328.0,1740.0,594.0,403.421875,,0.0,404.0,,False,True
v400_s0_p10__h2__nored__r0,v400_s0_p10,400,0,0.1,0.10033444816053512,400,538,h2,2,False,True,0,803517079,ok,,,6.071963833004702,,2026-08-29T17:59:50+00:00,iyohwan-ui-Macmini.local,3.12.14,f88372a,dwave.samplers.SimulatedAnnealingSampler,100,0.0013288329937495291,414,105,0,1.0,,538.0,538.0,952.0,538.0,172.59375,,0.0,276.0,-400.0,False,True
v400_s0_p10__h2__red__r0,v400_s0_p10,400,0,0.1,0.10033444816053512,400,538,h2,2,True,True,0,803517079,ok,,,3.7735364999971353,,2026-08-29T17:59:49+00:00,iyohwan-ui-Macmini.local,3.12.14,f88372a,dwave.samplers.SimulatedAnnealingSampler,100,0.0013409999664872885,414,105,0,1.0,,414.0,414.0,823.0,414.0,166.828125,,0.0,276.0,,False,True
v400_s0_p10__h3__nored__r0,v400_s0_p10,400,0,0.1,0.10033444816053512,400,538,h3,3,False,True,0,803517079,ok,,,13.080901167006232,,2026-08-29T17:59:57+00:00,iyohwan-ui-Macmini.local,3.12.14,f88372a,dwave.samplers.SimulatedAnnealingSampler,100,0.001302249962463975,414,105,0,1.0,,538.0,538.0,2539.0,538.0,343.53125,2.020003330195871,0.12,276.0,-636.0,True,True
v400_s0_p10__h3__red__r0,v400_s0_p10,400,0,0.1,0.10033444816053512,400,538,h3,3,True,True,0,803517079,ok,,,14.061654457997065,,2026-08-29T17:59:54+00:00,iyohwan-ui-Macmini.local,3.12.14,f88372a,dwave.samplers.SimulatedAnnealingSampler,100,0.0013542079832404852,414,105,0,1.0,,414.0,414.0,2231.0,414.0,680.484375,1.88907453315076,1.0,276.0,,True,True
v400_s0_p10__h4__nored__r0,v400_s0_p10,400,0,0.1,0.10033444816053512,400,538,h4,4,False,True,0,803517079,ok,,,32.26446700002998,,2026-08-29T18:00:11+00:00,iyohwan-ui-Macmini.local,3.12.14,f88372a,dwave.samplers.SimulatedAnnealingSampler,100,0.0013007919769734144,414,105,0,12.0,60.0,303.0,246.0,988.0,538.0,322.265625,,0.0,280.0,,False,True
v400_s0_p10__h4__red__r0,v400_s0_p10,400,0,0.1,0.10033444816053512,400,538,h4,4,True,True,0,803517079,ok,,,19.999281542026438,,2026-08-29T18:00:09+00:00,iyohwan-ui-Macmini.local,3.12.14,f88372a,dwave.samplers.SimulatedAnnealingSampler,100,0.0013100829673931003,414,105,0,11.0,37.0,291.0,241.0,1018.0,414.0,298.375,1.8364247252412398,1.0,276.0,,True,True
v400_s0_p10__h2+3__nored__r0,v400_s0_p10,400,0,0.1,0.10033444816053512,400,538,h2+3,2+3,False,True,0,803517079,ok,,,12.938474832975771,,2026-08-29T18:00:30+00:00,iyohwan-ui-Macmini.local,3.12.14,f88372a,dwave.samplers.SimulatedAnnealingSampler,100,0.0012954999692738056,414,105,0,1.0,,538.0,538.0,2539.0,538.0,316.96875,2.082816135475486,0.1,276.0,-1310.0,True,True
v400_s0_p10__h2+3__red__r0,v400_s0_p10,400,0,0.1,0.10033444816053512,400,538,h2+3,2+3,True,True,0,803517079,ok,,,14.010467625048477,,2026-08-29T18:00:23+00:00,iyohwan-ui-Macmini.local,3.12.14,f88372a,dwave.samplers.SimulatedAnnealingSampler,100,0.001334875007160008,414,105,0,1.0,,414.0,414.0,2231.0,414.0,675.921875,1.8363151730221055,1.0,276.0,,True,True
v400_s0_p10__h2+3+4__nored__r0,v400_s0_p10,400,0,0.1,0.10033444816053512,400,538,h2+3+4,2+3+4,False,True,0,803517079,ok,,,35.965907958045136,,2026-08-29T18:00:38+00:00,iyohwan-ui-Macmini.local,3.12.14,f88372a,dwave.samplers.SimulatedAnnealingSampler,100,0.0013430410181172192,414,105,0,12.0,60.0,303.0,246.0,1000.0,538.0,328.0625,,0.0,288.0,,False,True
v400_s0_p10__h2+3+4__red__r0,v400_s0_p10,400,0,0.1,0.10033444816053512,400,538,h2+3+4,2+3+4,True,True,0,803517079,ok,,,22.46390724997036,,2026-08-29T18:00:34+00:00,iyohwan-ui-Macmini.local,3.12.14,f88372a,dwave.samplers.SimulatedAnnealingSampler,100,0.001296584028750658,414,105,0,11.0,37.0,291.0,241.0,1034.0,414.0,297.796875,1.873408840851764,1.0,276.0,,True,True
v400_s0_p30__h2__nored__r0,v400_s0_p30,400,0,0.3,0.2709030100334448,400,436,h2,2,False,True,0,1261094667,ok,,,3.2058680420159362,,2026-08-29T18:00:44+00:00,iyohwan-ui-Macmini.local,3.12.14,f88372a,dwave.samplers.SimulatedAnnealingSampler,100,0.0012102500186301768,108,95,0,1.0,,436.0,436.0,544.0,436.0,166.6875,,0.0,72.0,-400.0,False,True
v400_s0_p30__h2__red__r0,v400_s0_p30,400,0,0.3,0.2709030100334448,400,436,h2,2,True,True,0,1261094667,ok,,,0.7851707080262713,,2026-08-29T18:00:44+00:00,iyohwan-ui-Macmini.local,3.12.14,f88372a,dwave.samplers.SimulatedAnnealingSampler,100,0.001282041019294411,108,95,0,1.0,,108.0,108.0,195.0,108.0,182.28125,2.950693010372719,1.0,72.0,,True,True
v400_s0_p30__h3__nored__r0,v400_s0_p30,400,0,0.3,0.2709030100334448,400,436,h3,3,False,True,0,1261094667,ok,,,3.484588249993976,,2026-08-29T18:00:48+00:00,iyohwan-ui-Macmini.local,3.12.14,f88372a,dwave.samplers.SimulatedAnnealingSampler,100,0.0011999590205959976,108,95,0,1.0,,436.0,436.0,1201.0,436.0,165.578125,,0.0,72.0,-441.0,False,True
v400_s0_p30__h3__red__r0,v400_s0_p30,400,0,0.3,0.2709030100334448,400,436,h3,3,True,True,0,1261094667,ok,,,1.1027136250049807,,2026-08-29T18:00:46+00:00,iyohwan-ui-Macmini.local,3.12.14,f88372a,dwave.samplers.SimulatedAnnealingSampler,100,0.0012103330227546394,108,95,0,1.0,,108.0,108.0,466.0,108.0,194.640625,2.720034076403033,1.0,72.0,,True,True
v400_s0_p30__h4__nored__r0,v400_s0_p30,400,0,0.3,0.2709030100334448,400,436,h4,4,False,True,0,1261094667,ok,,,3.078509583021514,,2026-08-29T18:00:50+00:00,iyohwan-ui-Macmini.local,3.12.14,f88372a,dwave.samplers.SimulatedAnnealingSampler,100,0.0012667080154642463,108,95,0,1.0,,1147.0,1147.0,5750.0,436.0,159.5,,0.0,556.0,329.0,False,True
v400_s0_p30__h4__red__r0,v400_s0_p30,400,0,0.3,0.2709030100334448,400,436,h4,4,True,True,0,1261094667,error,RuntimeError,"RuntimeError: DnC partition failed: input graph is not embeddable and no embeddable subgraph partition was found (vertices=72, edges=108)
",0.8368264999589883,,2026-08-29T18:00:48+00:00,iyohwan-ui-Macmini.local,3.12.14,f88372a,dwave.samplers.SimulatedAnnealingSampler,100,0.0012185829691588879,108,95,0,,,,,,,163.65625,,,,,False,False
v400_s0_p30__h2+3__nored__r0,v400_s0_p30,400,0,0.3,0.2709030100334448,400,436,h2+3,2+3,False,True,0,1261094667,ok,,,3.6107211249764077,,2026-08-29T18:00:54+00:00,iyohwan-ui-Macmini.local,3.12.14,f88372a,dwave.samplers.SimulatedAnnealingSampler,100,0.0012601249618455768,108,95,0,1.0,,436.0,436.0,1201.0,436.0,163.703125,,0.0,72.0,-914.0,False,True
v400_s0_p30__h2+3__red__r0,v400_s0_p30,400,0,0.3,0.2709030100334448,400,436,h2+3,2+3,True,True,0,1261094667,ok,,,1.1374056249624118,,2026-08-29T18:00:52+00:00,iyohwan-ui-Macmini.local,3.12.14,f88372a,dwave.samplers.SimulatedAnnealingSampler,100,0.001233207993209362,108,95,0,1.0,,108.0,108.0,466.0,108.0,192.78125,2.848690502912245,1.0,72.0,,True,True
v400_s0_p30__h2+3+4__nored__r0,v400_s0_p30,400,0,0.3,0.2709030100334448,400,436,h2+3+4,2+3+4,False,True,0,1261094667,ok,,,14.788267458963674,,2026-08-29T18:00:56+00:00,iyohwan-ui-Macmini.local,3.12.14,f88372a,dwave.samplers.SimulatedAnnealingSampler,100,0.0012197089963592589,108,95,0,12.0,35.0,332.0,329.0,1177.0,436.0,248.78125,,0.0,172.0,,False,True
v400_s0_p30__h2+3+4__red__r0,v400_s0_p30,400,0,0.3,0.2709030100334448,400,436,h2+3+4,2+3+4,True,True,0,1261094667,error,RuntimeError,"RuntimeError: DnC partition failed: input graph is not embeddable and no embeddable subgraph partition was found (vertices=72, edges=108)
",0.9640521669643931,,2026-08-29T18:00:54+00:00,iyohwan-ui-Macmini.local,3.12.14,f88372a,dwave.samplers.SimulatedAnnealingSampler,100,0.0012902909656986594,108,95,0,,,,,,,164.640625,,,,,False,False
v400_s0_p50__h2__nored__r0,v400_s0_p50,400,0,0.5,0.2709030100334448,400,436,h2,2,False,True,0,1995264793,ok,,,3.3191930419998243,,2026-08-29T18:00:59+00:00,iyohwan-ui-Macmini.local,3.12.14,f88372a,dwave.samplers.SimulatedAnnealingSampler,100,0.00135704199783504,108,95,0,1.0,,436.0,436.0,544.0,436.0,166.609375,,0.0,72.0,-400.0,False,True
v400_s0_p50__h2__red__r0,v400_s0_p50,400,0,0.5,0.2709030100334448,400,436,h2,2,True,True,0,1995264793,ok,,,0.7977008339948952,,2026-08-29T18:00:58+00:00,iyohwan-ui-Macmini.local,3.12.14,f88372a,dwave.samplers.SimulatedAnnealingSampler,100,0.0012219169875606894,108,95,0,1.0,,108.0,108.0,195.0,108.0,180.609375,2.920184063225733,1.0,72.0,,True,True
v400_s0_p50__h3__nored__r0,v400_s0_p50,400,0,0.5,0.2709030100334448,400,436,h3,3,False,True,0,1995264793,ok,,,3.524968124984298,,2026-08-29T18:01:02+00:00,iyohwan-ui-Macmini.local,3.12.14,f88372a,dwave.samplers.SimulatedAnnealingSampler,100,0.001263874990399927,108,95,0,1.0,,436.0,436.0,1201.0,436.0,167.234375,,0.0,72.0,-441.0,False,True
v400_s0_p50__h3__red__r0,v400_s0_p50,400,0,0.5,0.2709030100334448,400,436,h3,3,True,True,0,1995264793,ok,,,1.1089219579589553,,2026-08-29T18:01:00+00:00,iyohwan-ui-Macmini.local,3.12.14,f88372a,dwave.samplers.SimulatedAnnealingSampler,100,0.0013042499776929617,108,95,0,1.0,,108.0,108.0,466.0,108.0,193.5625,2.806824741259841,1.0,72.0,,True,True
v400_s0_p50__h4__nored__r0,v400_s0_p50,400,0,0.5,0.2709030100334448,400,436,h4,4,False,True,0,1995264793,ok,,,3.0635624999995343,,2026-08-29T18:01:05+00:00,iyohwan-ui-Macmini.local,3.12.14,f88372a,dwave.samplers.SimulatedAnnealingSampler,100,0.0011820829822681844,108,95,0,1.0,,1147.0,1147.0,5750.0,436.0,159.421875,,0.0,564.0,327.0,False,True
v400_s0_p50__h4__red__r0,v400_s0_p50,400,0,0.5,0.2709030100334448,400,436,h4,4,True,True,0,1995264793,error,RuntimeError,"RuntimeError: DnC partition failed: input graph is not embeddable and no embeddable subgraph partition was found (vertices=72, edges=108)
",0.8384052499895915,,2026-08-29T18:01:03+00:00,iyohwan-ui-Macmini.local,3.12.14,f88372a,dwave.samplers.SimulatedAnnealingSampler,100,0.0012643749942071736,108,95,0,,,,,,,164.015625,,,,,False,False
v400_s0_p50__h2+3__nored__r0,v400_s0_p50,400,0,0.5,0.2709030100334448,400,436,h2+3,2+3,False,True,0,1995264793,ok,,,3.646427208033856,,2026-08-29T18:01:08+00:00,iyohwan-ui-Macmini.local,3.12.14,f88372a,dwave.samplers.SimulatedAnnealingSampler,100,0.001232834008987993,108,95,0,1.0,,436.0,436.0,1201.0,436.0,162.84375,,0.0,72.0,-914.0,False,True
v400_s0_p50__h2+3__red__r0,v400_s0_p50,400,0,0.5,0.2709030100334448,400,436,h2+3,2+3,True,True,0,1995264793,ok,,,1.1215802090009674,,2026-08-29T18:01:06+00:00,iyohwan-ui-Macmini.local,3.12.14,f88372a,dwave.samplers.SimulatedAnnealingSampler,100,0.0006675409968011081,108,95,0,1.0,,108.0,108.0,466.0,108.0,194.234375,2.9234500782074515,1.0,72.0,,True,True
v400_s0_p50__h2+3+4__nored__r0,v400_s0_p50,400,0,0.5,0.2709030100334448,400,436,h2+3+4,2+3+4,False,True,0,1995264793,ok,,,14.545770708005875,,2026-08-29T18:01:10+00:00,iyohwan-ui-Macmini.local,3.12.14,f88372a,dwave.samplers.SimulatedAnnealingSampler,100,0.0013111659791320562,108,95,0,12.0,35.0,332.0,329.0,1177.0,436.0,248.765625,,0.0,176.0,,False,True
v400_s0_p50__h2+3+4__red__r0,v400_s0_p50,400,0,0.5,0.2709030100334448,400,436,h2+3+4,2+3+4,True,True,0,1995264793,error,RuntimeError,"RuntimeError: DnC partition failed: input graph is not embeddable and no embeddable subgraph partition was found (vertices=72, edges=108)
",0.9113095829961821,,2026-08-29T18:01:09+00:00,iyohwan-ui-Macmini.local,3.12.14,f88372a,dwave.samplers.SimulatedAnnealingSampler,100,0.0012168329558335245,108,95,0,,,,,,,164.671875,,,,,False,False
v400_s1_p0__h2__nored__r0,v400_s1_p0,400,1,0.0,0.0,400,598,h2,2,False,True,0,1393096903,ok,,,9.045183708018158,,2026-08-29T18:01:13+00:00,iyohwan-ui-Macmini.local,3.12.14,f88372a,dwave.samplers.SimulatedAnnealingSampler,100,0.0007767079514451325,594,4,0,1.0,,598.0,598.0,1192.0,598.0,173.0625,,0.0,396.0,-400.0,False,True
v400_s1_p0__h2__red__r0,v400_s1_p0,400,1,0.0,0.0,400,598,h2,2,True,True,0,1393096903,ok,,,9.334587624995038,,2026-08-29T18:01:12+00:00,iyohwan-ui-Macmini.local,3.12.14,f88372a,dwave.samplers.SimulatedAnnealingSampler,100,0.0007880830089561641,594,4,0,1.0,,594.0,594.0,1187.0,594.0,175.328125,,0.0,396.0,,False,True
v400_s1_p0__h3__nored__r0,v400_s1_p0,400,1,0.0,0.0,400,598,h3,3,False,True,0,1393096903,ok,,,29.369275582954288,,2026-08-29T18:01:22+00:00,iyohwan-ui-Macmini.local,3.12.14,f88372a,dwave.samplers.SimulatedAnnealingSampler,100,0.0008393750176765025,594,4,0,1.0,,598.0,598.0,3448.0,598.0,1510.953125,1.6757850595684682,1.0,396.0,-766.0,True,True
v400_s1_p0__h3__red__r0,v400_s1_p0,400,1,0.0,0.0,400,598,h3,3,True,True,0,1393096903,ok,,,28.834744125022553,,2026-08-29T18:01:15+00:00,iyohwan-ui-Macmini.local,3.12.14,f88372a,dwave.samplers.SimulatedAnnealingSampler,100,0.0008337500039488077,594,4,0,1.0,,594.0,594.0,3434.0,594.0,1479.96875,1.6869077751820092,1.0,396.0,,True,True
v400_s1_p0__h4__nored__r0,v400_s1_p0,400,1,0.0,0.0,400,598,h4,4,False,True,0,1393096903,ok,,,53.89112570800353,,2026-08-29T18:01:26+00:00,iyohwan-ui-Macmini.local,3.12.14,f88372a,dwave.samplers.SimulatedAnnealingSampler,100,0.0008019169908948243,594,4,0,10.0,112.0,351.0,273.0,1141.0,598.0,561.796875,1.6385287132733897,1.0,396.0,,True,True
v400_s1_p0__h4__red__r0,v400_s1_p0,400,1,0.0,0.0,400,598,h4,4,True,True,0,1393096903,ok,,,52.28012316703098,,2026-08-29T18:01:23+00:00,iyohwan-ui-Macmini.local,3.12.14,f88372a,dwave.samplers.SimulatedAnnealingSampler,100,0.0007780420128256083,594,4,0,8.0,84.0,350.0,238.0,1038.0,594.0,806.3125,1.6352126561641664,1.0,396.0,,True,True
v400_s1_p0__h2+3__nored__r0,v400_s1_p0,400,1,0.0,0.0,400,598,h2+3,2+3,False,True,0,1393096903,ok,,,29.63386979198549,,2026-08-29T18:01:53+00:00,iyohwan-ui-Macmini.local,3.12.14,f88372a,dwave.samplers.SimulatedAnnealingSampler,100,0.000800583977252245,594,4,0,1.0,,598.0,598.0,3448.0,598.0,1511.359375,1.6688503080270896,1.0,396.0,-1562.0,True,True
v400_s1_p0__h2+3__red__r0,v400_s1_p0,400,1,0.0,0.0,400,598,h2+3,2+3,True,True,0,1393096903,ok,,,29.305312749987934,,2026-08-29T18:01:45+00:00,iyohwan-ui-Macmini.local,3.12.14,f88372a,dwave.samplers.SimulatedAnnealingSampler,100,0.0007868750253692269,594,4,0,1.0,,594.0,594.0,3434.0,594.0,1493.140625,1.6787236864685642,1.0,396.0,,True,True
v400_s1_p0__h2+3+4__nored__r0,v400_s1_p0,400,1,0.0,0.0,400,598,h2+3+4,2+3+4,False,True,0,1393096903,ok,,,57.18819091696059,,2026-08-29T18:02:16+00:00,iyohwan-ui-Macmini.local,3.12.14,f88372a,dwave.samplers.SimulatedAnnealingSampler,100,0.0007800839957781136,594,4,0,10.0,112.0,351.0,273.0,1151.0,598.0,515.984375,1.6420020015066599,1.0,396.0,,True,True
v400_s1_p0__h2+3+4__red__r0,v400_s1_p0,400,1,0.0,0.0,400,598,h2+3+4,2+3+4,True,True,0,1393096903,ok,,,55.62946516595548,,2026-08-29T18:02:15+00:00,iyohwan-ui-Macmini.local,3.12.14,f88372a,dwave.samplers.SimulatedAnnealingSampler,100,0.0008174169925041497,594,4,0,8.0,84.0,350.0,238.0,1047.0,594.0,760.71875,1.6224903980544225,1.0,396.0,,True,True
v400_s1_p10__h2__nored__r0,v400_s1_p10,400,1,0.1,0.10033444816053512,400,538,h2,2,False,True,0,987913145,ok,,,5.883481417025905,,2026-08-29T18:02:23+00:00,iyohwan-ui-Macmini.local,3.12.14,f88372a,dwave.samplers.SimulatedAnnealingSampler,100,0.0007150830351747572,414,108,0,1.0,,538.0,538.0,952.0,538.0,172.921875,,0.0,276.0,-400.0,False,True
v400_s1_p10__h2__red__r0,v400_s1_p10,400,1,0.1,0.10033444816053512,400,538,h2,2,True,True,0,987913145,ok,,,3.7982370419777,,2026-08-29T18:02:21+00:00,iyohwan-ui-Macmini.local,3.12.14,f88372a,dwave.samplers.SimulatedAnnealingSampler,100,0.0009974170243367553,414,108,0,1.0,,414.0,414.0,823.0,414.0,162.53125,,0.0,276.0,,False,True
v400_s1_p10__h3__nored__r0,v400_s1_p10,400,1,0.1,0.10033444816053512,400,538,h3,3,False,True,0,987913145,ok,,,11.389409583003726,,2026-08-29T18:02:30+00:00,iyohwan-ui-Macmini.local,3.12.14,f88372a,dwave.samplers.SimulatedAnnealingSampler,100,0.001349708007182926,414,108,0,1.0,,538.0,538.0,2547.0,538.0,250.34375,2.1463369984987146,0.05,276.0,-636.0,True,True
v400_s1_p10__h3__red__r0,v400_s1_p10,400,1,0.1,0.10033444816053512,400,538,h3,3,True,True,0,987913145,ok,,,12.104051541013177,,2026-08-29T18:02:25+00:00,iyohwan-ui-Macmini.local,3.12.14,f88372a,dwave.samplers.SimulatedAnnealingSampler,100,0.0013169590383768082,414,108,0,1.0,,414.0,414.0,2258.0,414.0,560.96875,1.9158345678493105,1.0,276.0,,True,True
v400_s1_p10__h4__nored__r0,v400_s1_p10,400,1,0.1,0.10033444816053512,400,538,h4,4,False,True,0,987913145,ok,,,30.5177372500184,,2026-08-29T18:02:43+00:00,iyohwan-ui-Macmini.local,3.12.14,f88372a,dwave.samplers.SimulatedAnnealingSampler,100,0.0013528330018743873,414,108,0,14.0,57.0,343.0,290.0,1188.0,538.0,344.25,,0.0,296.0,,False,True
v400_s1_p10__h4__red__r0,v400_s1_p10,400,1,0.1,0.10033444816053512,400,538,h4,4,True,True,0,987913145,ok,,,22.17168924998259,,2026-08-29T18:02:39+00:00,iyohwan-ui-Macmini.local,3.12.14,f88372a,dwave.samplers.SimulatedAnnealingSampler,100,0.0013450420228764415,414,108,0,14.0,98.0,221.0,173.0,624.0,414.0,362.890625,1.8578361519287798,1.0,276.0,,True,True
v400_s1_p10__h2+3__nored__r0,v400_s1_p10,400,1,0.1,0.10033444816053512,400,538,h2+3,2+3,False,True,0,987913145,ok,,,11.450174542027526,,2026-08-29T18:03:12+00:00,iyohwan-ui-Macmini.local,3.12.14,f88372a,dwave.samplers.SimulatedAnnealingSampler,100,0.0013379590236581862,414,108,0,1.0,,538.0,538.0,2547.0,538.0,223.78125,2.1820366338004833,0.03,276.0,-1307.0,True,True
v400_s1_p10__h2+3__red__r0,v400_s1_p10,400,1,0.1,0.10033444816053512,400,538,h2+3,2+3,True,True,0,987913145,ok,,,11.351490708009806,,2026-08-29T18:03:02+00:00,iyohwan-ui-Macmini.local,3.12.14,f88372a,dwave.samplers.SimulatedAnnealingSampler,100,0.0013187499716877937,414,108,0,1.0,,414.0,414.0,2258.0,414.0,508.390625,1.936466590513611,1.0,276.0,,True,True
v400_s1_p10__h2+3+4__nored__r0,v400_s1_p10,400,1,0.1,0.10033444816053512,400,538,h2+3+4,2+3+4,False,True,0,987913145,ok,,,34.22378870897228,,2026-08-29T18:03:14+00:00,iyohwan-ui-Macmini.local,3.12.14,f88372a,dwave.samplers.SimulatedAnnealingSampler,100,0.0013222499983385205,414,108,0,14.0,57.0,343.0,290.0,1198.0,538.0,328.109375,,0.0,300.0,,False,True
v400_s1_p10__h2+3+4__red__r0,v400_s1_p10,400,1,0.1,0.10033444816053512,400,538,h2+3+4,2+3+4,True,True,0,987913145,ok,,,24.871624874998815,,2026-08-29T18:03:14+00:00,iyohwan-ui-Macmini.local,3.12.14,f88372a,dwave.samplers.SimulatedAnnealingSampler,100,0.0013557499623857439,414,108,0,14.0,98.0,222.0,173.0,635.0,414.0,378.640625,1.8072100273938643,1.0,276.0,,True,True
v400_s1_p30__h2__nored__r0,v400_s1_p30,400,1,0.3,0.2792642140468227,400,431,h2,2,False,True,0,310999946,ok,,,3.151180166983977,,2026-08-29T18:03:16+00:00,iyohwan-ui-Macmini.local,3.12.14,f88372a,dwave.samplers.SimulatedAnnealingSampler,100,0.0011784579837694764,93,88,0,1.0,,431.0,431.0,524.0,431.0,167.15625,,0.0,62.0,-400.0,False,True
v400_s1_p30__h2__red__r0,v400_s1_p30,400,1,0.3,0.2792642140468227,400,431,h2,2,True,True,0,310999946,ok,,,0.49350604199571535,,2026-08-29T18:03:14+00:00,iyohwan-ui-Macmini.local,3.12.14,f88372a,dwave.samplers.SimulatedAnnealingSampler,100,0.001195250020828098,93,88,0,1.0,,93.0,93.0,171.0,93.0,159.734375,,0.0,62.0,,False,True
v400_s1_p30__h3__nored__r0,v400_s1_p30,400,1,0.3,0.2792642140468227,400,431,h3,3,False,True,0,310999946,ok,,,3.2773864589980803,,2026-08-29T18:03:21+00:00,iyohwan-ui-Macmini.local,3.12.14,f88372a,dwave.samplers.SimulatedAnnealingSampler,100,0.0011989580234512687,93,88,0,1.0,,431.0,431.0,1142.0,431.0,169.0,,0.0,62.0,-434.0,False,True
v400_s1_p30__h3__red__r0,v400_s1_p30,400,1,0.3,0.2792642140468227,400,431,h3,3,True,True,0,310999946,ok,,,0.8431340000242926,,2026-08-29T18:03:20+00:00,iyohwan-ui-Macmini.local,3.12.14,f88372a,dwave.samplers.SimulatedAnnealingSampler,100,0.001193000003695488,93,88,0,1.0,,93.0,93.0,401.0,93.0,188.453125,3.144850455813031,1.0,62.0,,True,True
v400_s1_p30__h4__nored__r0,v400_s1_p30,400,1,0.3,0.2792642140468227,400,431,h4,4,False,True,0,310999946,ok,,,2.9938766669947654,,2026-08-29T18:03:26+00:00,iyohwan-ui-Macmini.local,3.12.14,f88372a,dwave.samplers.SimulatedAnnealingSampler,100,0.0011483749840408564,93,88,0,1.0,,1104.0,1104.0,5381.0,431.0,158.140625,,0.0,570.0,358.0,False,True
v400_s1_p30__h4__red__r0,v400_s1_p30,400,1,0.3,0.2792642140468227,400,431,h4,4,True,True,0,310999946,ok,,,1.750384707993362,,2026-08-29T18:03:24+00:00,iyohwan-ui-Macmini.local,3.12.14,f88372a,dwave.samplers.SimulatedAnnealingSampler,100,0.0011685829958878458,93,88,0,7.0,18.0,72.0,71.0,275.0,93.0,186.46875,3.1500899896687073,1.0,62.0,,True,True
v400_s1_p30__h2+3__nored__r0,v400_s1_p30,400,1,0.3,0.2792642140468227,400,431,h2+3,2+3,False,True,0,310999946,ok,,,3.5215442089829594,,2026-08-29T18:03:29+00:00,iyohwan-ui-Macmini.local,3.12.14,f88372a,dwave.samplers.SimulatedAnnealingSampler,100,0.0011575419921427965,93,88,0,1.0,,431.0,431.0,1142.0,431.0,169.25,,0.0,62.0,-896.0,False,True
v400_s1_p30__h2+3__red__r0,v400_s1_p30,400,1,0.3,0.2792642140468227,400,431,h2+3,2+3,True,True,0,310999946,ok,,,0.9016347920405678,,2026-08-29T18:03:27+00:00,iyohwan-ui-Macmini.local,3.12.14,f88372a,dwave.samplers.SimulatedAnnealingSampler,100,0.0012268749997019768,93,88,0,1.0,,93.0,93.0,401.0,93.0,186.734375,3.2675392779381616,1.0,62.0,,True,True
v400_s1_p30__h2+3+4__nored__r0,v400_s1_p30,400,1,0.3,0.2792642140468227,400,431,h2+3+4,2+3+4,False,True,0,310999946,ok,,,3.805251165991649,,2026-08-29T18:03:33+00:00,iyohwan-ui-Macmini.local,3.12.14,f88372a,dwave.samplers.SimulatedAnnealingSampler,100,0.0012398750404827297,93,88,0,1.0,,1104.0,1104.0,5521.0,431.0,158.515625,,0.0,470.0,-444.0,False,True
v400_s1_p30__h2+3+4__red__r0,v400_s1_p30,400,1,0.3,0.2792642140468227,400,431,h2+3+4,2+3+4,True,True,0,310999946,ok,,,2.139752666989807,,2026-08-29T18:03:30+00:00,iyohwan-ui-Macmini.local,3.12.14,f88372a,dwave.samplers.SimulatedAnnealingSampler,100,0.0012219580239616334,93,88,0,7.0,18.0,73.0,71.0,277.0,93.0,184.875,3.137369558098338,1.0,62.0,,True,True
v400_s1_p50__h2__nored__r0,v400_s1_p50,400,1,0.5,0.2792642140468227,400,431,h2,2,False,True,0,1935590764,ok,,,3.0903947500046343,,2026-08-29T18:03:35+00:00,iyohwan-ui-Macmini.local,3.12.14,f88372a,dwave.samplers.SimulatedAnnealingSampler,100,0.001183000043965876,93,88,0,1.0,,431.0,431.0,524.0,431.0,170.359375,,0.0,62.0,-400.0,False,True
v400_s1_p50__h2__red__r0,v400_s1_p50,400,1,0.5,0.2792642140468227,400,431,h2,2,True,True,0,1935590764,ok,,,0.6536319580045529,,2026-08-29T18:03:33+00:00,iyohwan-ui-Macmini.local,3.12.14,f88372a,dwave.samplers.SimulatedAnnealingSampler,100,0.0012587920064106584,93,88,0,1.0,,93.0,93.0,171.0,93.0,180.203125,3.809743686022928,1.0,62.0,,True,True
v400_s1_p50__h3__nored__r0,v400_s1_p50,400,1,0.5,0.2792642140468227,400,431,h3,3,False,True,0,1935590764,ok,,,3.2841773339896463,,2026-08-29T18:03:39+00:00,iyohwan-ui-Macmini.local,3.12.14,f88372a,dwave.samplers.SimulatedAnnealingSampler,100,0.001229124958626926,93,88,0,1.0,,431.0,431.0,1142.0,431.0,162.296875,,0.0,62.0,-434.0,False,True
v400_s1_p50__h3__red__r0,v400_s1_p50,400,1,0.5,0.2792642140468227,400,431,h3,3,True,True,0,1935590764,ok,,,0.8346977919572964,,2026-08-29T18:03:37+00:00,iyohwan-ui-Macmini.local,3.12.14,f88372a,dwave.samplers.SimulatedAnnealingSampler,100,0.0011545419692993164,93,88,0,1.0,,93.0,93.0,401.0,93.0,187.546875,3.290136871059489,1.0,62.0,,True,True
v400_s1_p50__h4__nored__r0,v400_s1_p50,400,1,0.5,0.2792642140468227,400,431,h4,4,False,True,0,1935590764,ok,,,2.9482987499795854,,2026-08-29T18:03:40+00:00,iyohwan-ui-Macmini.local,3.12.14,f88372a,dwave.samplers.SimulatedAnnealingSampler,100,0.001211166032589972,93,88,0,1.0,,1104.0,1104.0,5381.0,431.0,158.5,,0.0,562.0,345.0,False,True
v400_s1_p50__h4__red__r0,v400_s1_p50,400,1,0.5,0.2792642140468227,400,431,h4,4,True,True,0,1935590764,ok,,,1.7491796250105835,,2026-08-29T18:03:39+00:00,iyohwan-ui-Macmini.local,3.12.14,f88372a,dwave.samplers.SimulatedAnnealingSampler,100,0.001202707993797958,93,88,0,7.0,18.0,58.0,56.0,183.0,93.0,190.96875,3.1969244018412346,1.0,62.0,,True,True
v400_s1_p50__h2+3__nored__r0,v400_s1_p50,400,1,0.5,0.2792642140468227,400,431,h2+3,2+3,False,True,0,1935590764,ok,,,3.6118046659976244,,2026-08-29T18:03:43+00:00,iyohwan-ui-Macmini.local,3.12.14,f88372a,dwave.samplers.SimulatedAnnealingSampler,100,0.00121629104251042,93,88,0,1.0,,431.0,431.0,1142.0,431.0,164.734375,,0.0,62.0,-897.0,False,True
v400_s1_p50__h2+3__red__r0,v400_s1_p50,400,1,0.5,0.2792642140468227,400,431,h2+3,2+3,True,True,0,1935590764,ok,,,0.8702517919591628,,2026-08-29T18:03:42+00:00,iyohwan-ui-Macmini.local,3.12.14,f88372a,dwave.samplers.SimulatedAnnealingSampler,100,0.001151624950580299,93,88,0,1.0,,93.0,93.0,401.0,93.0,184.265625,3.1758782061907938,1.0,62.0,,True,True
v400_s1_p50__h2+3+4__nored__r0,v400_s1_p50,400,1,0.5,0.2792642140468227,400,431,h2+3+4,2+3+4,False,True,0,1935590764,ok,,,3.769308999995701,,2026-08-29T18:03:44+00:00,iyohwan-ui-Macmini.local,3.12.14,f88372a,dwave.samplers.SimulatedAnnealingSampler,100,0.0011883339611813426,93,88,0,1.0,,1104.0,1104.0,5521.0,431.0,159.859375,,0.0,514.0,-356.0,False,True
v400_s1_p50__h2+3+4__red__r0,v400_s1_p50,400,1,0.5,0.2792642140468227,400,431,h2+3+4,2+3+4,True,True,0,1935590764,ok,,,2.121965290978551,,2026-08-29T18:03:43+00:00,iyohwan-ui-Macmini.local,3.12.14,f88372a,dwave.samplers.SimulatedAnnealingSampler,100,0.0006329999887384474,93,88,0,7.0,18.0,59.0,56.0,185.0,93.0,186.171875,3.12846611520674,1.0,62.0,,True,True
v500_s0_p0__h2__nored__r0,v500_s0_p0,500,0,0.0,0.0,500,748,h2,2,False,True,0,1477687778,ok,,,15.315123667009175,,2026-08-29T18:03:48+00:00,iyohwan-ui-Macmini.local,3.12.14,f88372a,dwave.samplers.SimulatedAnnealingSampler,100,0.00089291698532179,744,4,0,1.0,,748.0,748.0,1492.0,748.0,229.9375,2.2598422986858284,0.02,496.0,-500.0,True,True
v500_s0_p0__h2__red__r0,v500_s0_p0,500,0,0.0,0.0,500,748,h2,2,True,True,0,1477687778,ok,,,13.674054291972425,,2026-08-29T18:03:47+00:00,iyohwan-ui-Macmini.local,3.12.14,f88372a,dwave.samplers.SimulatedAnnealingSampler,100,0.0009192079887725413,744,4,0,1.0,,744.0,744.0,1488.0,744.0,178.734375,,0.0,496.0,,False,True
v500_s0_p0__h3__nored__r0,v500_s0_p0,500,0,0.0,0.0,500,748,h3,3,False,True,0,1477687778,ok,,,43.94567379099317,,2026-08-29T18:03:49+00:00,iyohwan-ui-Macmini.local,3.12.14,f88372a,dwave.samplers.SimulatedAnnealingSampler,100,0.0009197500185109675,744,4,0,1.0,,748.0,748.0,4386.0,748.0,1987.765625,1.6355670315967512,0.99,496.0,-962.0,True,True
v500_s0_p0__h3__red__r0,v500_s0_p0,500,0,0.0,0.0,500,748,h3,3,True,True,0,1477687778,ok,,,44.261917916999664,,2026-08-29T18:03:48+00:00,iyohwan-ui-Macmini.local,3.12.14,f88372a,dwave.samplers.SimulatedAnnealingSampler,100,0.0017489580204710364,744,4,0,1.0,,744.0,744.0,4369.0,744.0,2003.53125,1.6536414842015201,1.0,496.0,,True,True
v500_s0_p0__h4__nored__r0,v500_s0_p0,500,0,0.0,0.0,500,748,h4,4,False,True,0,1477687778,ok,,,80.25611116702203,,2026-08-29T18:04:04+00:00,iyohwan-ui-Macmini.local,3.12.14,f88372a,dwave.samplers.SimulatedAnnealingSampler,100,0.0008912920020520687,744,4,0,20.0,159.0,327.0,217.0,860.0,748.0,718.453125,1.5678475411927888,1.0,496.0,,True,True
v500_s0_p0__h4__red__r0,v500_s0_p0,500,0,0.0,0.0,500,748,h4,4,True,True,0,1477687778,ok,,,74.99570470897015,,2026-08-29T18:04:01+00:00,iyohwan-ui-Macmini.local,3.12.14,f88372a,dwave.samplers.SimulatedAnnealingSampler,100,0.0009015830000862479,744,4,0,14.0,123.0,414.0,283.0,1263.0,744.0,619.46875,1.6119716472698715,1.0,496.0,,True,True
v500_s0_p0__h2+3__nored__r0,v500_s0_p0,500,0,0.0,0.0,500,748,h2+3,2+3,False,True,0,1477687778,ok,,,45.427676249993965,,2026-08-29T18:04:34+00:00,iyohwan-ui-Macmini.local,3.12.14,f88372a,dwave.samplers.SimulatedAnnealingSampler,100,0.0009579579927958548,744,4,0,1.0,,748.0,748.0,4386.0,748.0,2005.96875,1.6432582104566213,1.0,496.0,-1958.0,True,True
v500_s0_p0__h2+3__red__r0,v500_s0_p0,500,0,0.0,0.0,500,748,h2+3,2+3,True,True,0,1477687778,ok,,,44.752622209023684,,2026-08-29T18:04:34+00:00,iyohwan-ui-Macmini.local,3.12.14,f88372a,dwave.samplers.SimulatedAnnealingSampler,100,0.000953375012613833,744,4,0,1.0,,744.0,744.0,4369.0,744.0,2004.09375,1.648787358458229,1.0,496.0,,True,True
v500_s0_p0__h2+3+4__nored__r0,v500_s0_p0,500,0,0.0,0.0,500,748,h2+3+4,2+3+4,False,True,0,1477687778,ok,,,88.25813324999763,,2026-08-29T18:05:20+00:00,iyohwan-ui-Macmini.local,3.12.14,f88372a,dwave.samplers.SimulatedAnnealingSampler,100,0.0009009999921545386,744,4,0,20.0,159.0,329.0,217.0,877.0,748.0,914.140625,1.5672441566109352,1.0,496.0,,True,True
v500_s0_p0__h2+3+4__red__r0,v500_s0_p0,500,0,0.0,0.0,500,748,h2+3+4,2+3+4,True,True,0,1477687778,ok,,,79.56799570797011,,2026-08-29T18:05:17+00:00,iyohwan-ui-Macmini.local,3.12.14,f88372a,dwave.samplers.SimulatedAnnealingSampler,100,0.0009061250020749867,744,4,0,14.0,123.0,414.0,283.0,1276.0,744.0,609.390625,1.5821374138280913,1.0,496.0,,True,True
v500_s0_p10__h2__nored__r0,v500_s0_p10,500,0,0.1,0.10026737967914438,500,673,h2,2,False,True,0,911241612,ok,,,9.721965917036869,,2026-08-29T18:05:25+00:00,iyohwan-ui-Macmini.local,3.12.14,f88372a,dwave.samplers.SimulatedAnnealingSampler,100,0.0010058750049211085,519,122,0,1.0,,673.0,673.0,1192.0,673.0,178.84375,,0.0,346.0,-500.0,False,True
v500_s0_p10__h2__red__r0,v500_s0_p10,500,0,0.1,0.10026737967914438,500,673,h2,2,True,True,0,911241612,ok,,,5.818809124990366,,2026-08-29T18:05:21+00:00,iyohwan-ui-Macmini.local,3.12.14,f88372a,dwave.samplers.SimulatedAnnealingSampler,100,0.0014856249908916652,519,122,0,1.0,,519.0,519.0,1032.0,519.0,175.140625,,0.0,346.0,,False,True
v500_s0_p10__h3__nored__r0,v500_s0_p10,500,0,0.1,0.10026737967914438,500,673,h3,3,False,True,0,911241612,ok,,,20.92534675000934,,2026-08-29T18:05:36+00:00,iyohwan-ui-Macmini.local,3.12.14,f88372a,dwave.samplers.SimulatedAnnealingSampler,100,0.0015584999928250909,519,122,0,1.0,,673.0,673.0,3253.0,673.0,465.546875,1.9010551465981054,0.15,346.0,-798.0,True,True
v500_s0_p10__h3__red__r0,v500_s0_p10,500,0,0.1,0.10026737967914438,500,673,h3,3,True,True,0,911241612,ok,,,20.815783375001047,,2026-08-29T18:05:28+00:00,iyohwan-ui-Macmini.local,3.12.14,f88372a,dwave.samplers.SimulatedAnnealingSampler,100,0.0014810420107096434,519,122,0,1.0,,519.0,519.0,2879.0,519.0,1178.34375,1.8390743772722455,1.0,346.0,,True,True
v500_s0_p10__h4__nored__r0,v500_s0_p10,500,0,0.1,0.10026737967914438,500,673,h4,4,False,True,0,911241612,ok,,,55.0070782090188,,2026-08-29T18:05:58+00:00,iyohwan-ui-Macmini.local,3.12.14,f88372a,dwave.samplers.SimulatedAnnealingSampler,100,0.0016072500147856772,519,122,0,16.0,92.0,449.0,380.0,1656.0,673.0,363.96875,,0.0,362.0,,False,True
v500_s0_p10__h4__red__r0,v500_s0_p10,500,0,0.1,0.10026737967914438,500,673,h4,4,True,True,0,911241612,ok,,,37.61263874999713,,2026-08-29T18:05:50+00:00,iyohwan-ui-Macmini.local,3.12.14,f88372a,dwave.samplers.SimulatedAnnealingSampler,100,0.0015447079786099494,519,122,0,15.0,116.0,265.0,203.0,729.0,519.0,471.015625,1.7941817951662853,1.0,346.0,,True,True
v500_s0_p10__h2+3__nored__r0,v500_s0_p10,500,0,0.1,0.10026737967914438,500,673,h2+3,2+3,False,True,0,911241612,ok,,,19.918842250015587,,2026-08-29T18:06:38+00:00,iyohwan-ui-Macmini.local,3.12.14,f88372a,dwave.samplers.SimulatedAnnealingSampler,100,0.0020082080154679716,519,122,0,1.0,,673.0,673.0,3253.0,673.0,375.078125,1.919482252253617,0.1,346.0,-1642.0,True,True
v500_s0_p10__h2+3__red__r0,v500_s0_p10,500,0,0.1,0.10026737967914438,500,673,h2+3,2+3,True,True,0,911241612,ok,,,21.812712166982237,,2026-08-29T18:06:28+00:00,iyohwan-ui-Macmini.local,3.12.14,f88372a,dwave.samplers.SimulatedAnnealingSampler,100,0.0015205839881673455,519,122,0,1.0,,519.0,519.0,2879.0,519.0,1222.15625,1.8586168815870119,1.0,346.0,,True,True
v500_s0_p10__h2+3+4__nored__r0,v500_s0_p10,500,0,0.1,0.10026737967914438,500,673,h2+3+4,2+3+4,False,True,0,911241612,ok,,,59.547910334018525,,2026-08-29T18:06:51+00:00,iyohwan-ui-Macmini.local,3.12.14,f88372a,dwave.samplers.SimulatedAnnealingSampler,100,0.0016531670116819441,519,122,0,16.0,92.0,449.0,380.0,1664.0,673.0,372.015625,,0.0,366.0,,False,True
v500_s0_p10__h2+3+4__red__r0,v500_s0_p10,500,0,0.1,0.10026737967914438,500,673,h2+3+4,2+3+4,True,True,0,911241612,ok,,,41.124108999967575,,2026-08-29T18:06:49+00:00,iyohwan-ui-Macmini.local,3.12.14,f88372a,dwave.samplers.SimulatedAnnealingSampler,100,0.0014786669635213912,519,122,0,15.0,116.0,265.0,203.0,742.0,519.0,506.234375,1.780096860510414,1.0,346.0,,True,True
v500_s0_p30__h2__nored__r0,v500_s0_p30,500,0,0.3,0.28475935828877,500,535,h2,2,False,True,0,184397383,ok,,,4.850850499991793,,2026-08-29T18:06:55+00:00,iyohwan-ui-Macmini.local,3.12.14,f88372a,dwave.samplers.SimulatedAnnealingSampler,100,0.001329125021584332,105,97,0,1.0,,535.0,535.0,640.0,535.0,171.390625,,0.0,70.0,-500.0,False,True
v500_s0_p30__h2__red__r0,v500_s0_p30,500,0,0.3,0.28475935828877,500,535,h2,2,True,True,0,184397383,ok,,,0.8778224589768797,,2026-08-29T18:06:53+00:00,iyohwan-ui-Macmini.local,3.12.14,f88372a,dwave.samplers.SimulatedAnnealingSampler,100,0.0013926249812357128,105,97,0,1.0,,105.0,105.0,194.0,105.0,191.46875,3.0893926552325786,1.0,70.0,,True,True
v500_s0_p30__h3__nored__r0,v500_s0_p30,500,0,0.3,0.28475935828877,500,535,h3,3,False,True,0,184397383,ok,,,5.202460333995987,,2026-08-29T18:07:01+00:00,iyohwan-ui-Macmini.local,3.12.14,f88372a,dwave.samplers.SimulatedAnnealingSampler,100,0.0006716659991070628,105,97,0,1.0,,535.0,535.0,1393.0,535.0,175.140625,,0.0,70.0,-540.0,False,True
v500_s0_p30__h3__red__r0,v500_s0_p30,500,0,0.3,0.28475935828877,500,535,h3,3,True,True,0,184397383,ok,,,1.191488999989815,,2026-08-29T18:06:59+00:00,iyohwan-ui-Macmini.local,3.12.14,f88372a,dwave.samplers.SimulatedAnnealingSampler,100,0.0013539160136133432,105,97,0,1.0,,105.0,105.0,453.0,105.0,206.140625,2.972339170161593,1.0,70.0,,True,True
v500_s0_p30__h4__nored__r0,v500_s0_p30,500,0,0.3,0.28475935828877,500,535,h4,4,False,True,0,184397383,ok,,,3.801331583003048,,2026-08-29T18:07:04+00:00,iyohwan-ui-Macmini.local,3.12.14,f88372a,dwave.samplers.SimulatedAnnealingSampler,100,0.0013284999877214432,105,97,0,1.0,,1372.0,1372.0,6517.0,535.0,159.375,,0.0,726.0,457.0,False,True
v500_s0_p30__h4__red__r0,v500_s0_p30,500,0,0.3,0.28475935828877,500,535,h4,4,True,True,0,184397383,ok,,,1.9307352080359124,,2026-08-29T18:07:01+00:00,iyohwan-ui-Macmini.local,3.12.14,f88372a,dwave.samplers.SimulatedAnnealingSampler,100,0.002927957975771278,105,97,0,3.0,2.0,113.0,111.0,522.0,105.0,195.078125,3.374558366408686,1.0,70.0,,True,True
v500_s0_p30__h2+3__nored__r0,v500_s0_p30,500,0,0.3,0.28475935828877,500,535,h2+3,2+3,False,True,0,184397383,ok,,,5.473414917010814,,2026-08-29T18:07:09+00:00,iyohwan-ui-Macmini.local,3.12.14,f88372a,dwave.samplers.SimulatedAnnealingSampler,100,0.001393916958477348,105,97,0,1.0,,535.0,535.0,1393.0,535.0,172.609375,,0.0,70.0,-1111.0,False,True
v500_s0_p30__h2+3__red__r0,v500_s0_p30,500,0,0.3,0.28475935828877,500,535,h2+3,2+3,True,True,0,184397383,ok,,,1.2149419170455076,,2026-08-29T18:07:07+00:00,iyohwan-ui-Macmini.local,3.12.14,f88372a,dwave.samplers.SimulatedAnnealingSampler,100,0.001393500017002225,105,97,0,1.0,,105.0,105.0,453.0,105.0,204.046875,2.9711682151178525,1.0,70.0,,True,True
v500_s0_p30__h2+3+4__nored__r0,v500_s0_p30,500,0,0.3,0.28475935828877,500,535,h2+3+4,2+3+4,False,True,0,184397383,ok,,,4.916295832954347,,2026-08-29T18:07:12+00:00,iyohwan-ui-Macmini.local,3.12.14,f88372a,dwave.samplers.SimulatedAnnealingSampler,100,0.0013654170325025916,105,97,0,1.0,,1372.0,1372.0,6681.0,535.0,158.203125,,0.0,714.0,-276.0,False,True
v500_s0_p30__h2+3+4__red__r0,v500_s0_p30,500,0,0.3,0.28475935828877,500,535,h2+3+4,2+3+4,True,True,0,184397383,ok,,,2.0783962919958867,,2026-08-29T18:07:09+00:00,iyohwan-ui-Macmini.local,3.12.14,f88372a,dwave.samplers.SimulatedAnnealingSampler,100,0.0014056250220164657,105,97,0,3.0,2.0,113.0,111.0,526.0,105.0,173.875,,0.0,78.0,,False,True
v500_s0_p50__h2__nored__r0,v500_s0_p50,500,0,0.5,0.28475935828877,500,535,h2,2,False,True,0,685105769,ok,,,4.908233374997508,,2026-08-29T18:07:17+00:00,iyohwan-ui-Macmini.local,3.12.14,f88372a,dwave.samplers.SimulatedAnnealingSampler,100,0.0013055410236120224,105,97,0,1.0,,535.0,535.0,640.0,535.0,175.59375,,0.0,70.0,-500.0,False,True
v500_s0_p50__h2__red__r0,v500_s0_p50,500,0,0.5,0.28475935828877,500,535,h2,2,True,True,0,685105769,ok,,,0.8481595419580117,,2026-08-29T18:07:15+00:00,iyohwan-ui-Macmini.local,3.12.14,f88372a,dwave.samplers.SimulatedAnnealingSampler,100,0.0013259159750305116,105,97,0,1.0,,105.0,105.0,194.0,105.0,191.734375,3.192559932833137,1.0,70.0,,True,True
v500_s0_p50__h3__nored__r0,v500_s0_p50,500,0,0.5,0.28475935828877,500,535,h3,3,False,True,0,685105769,ok,,,5.039423374983016,,2026-08-29T18:07:20+00:00,iyohwan-ui-Macmini.local,3.12.14,f88372a,dwave.samplers.SimulatedAnnealingSampler,100,0.0013598750228993595,105,97,0,1.0,,535.0,535.0,1393.0,535.0,175.21875,,0.0,70.0,-539.0,False,True
v500_s0_p50__h3__red__r0,v500_s0_p50,500,0,0.5,0.28475935828877,500,535,h3,3,True,True,0,685105769,ok,,,1.3028141669929028,,2026-08-29T18:07:18+00:00,iyohwan-ui-Macmini.local,3.12.14,f88372a,dwave.samplers.SimulatedAnnealingSampler,100,0.001324125041719526,105,97,0,1.0,,105.0,105.0,453.0,105.0,212.65625,2.93240996814747,1.0,70.0,,True,True
v500_s0_p50__h4__nored__r0,v500_s0_p50,500,0,0.5,0.28475935828877,500,535,h4,4,False,True,0,685105769,ok,,,3.8117472080048174,,2026-08-29T18:07:26+00:00,iyohwan-ui-Macmini.local,3.12.14,f88372a,dwave.samplers.SimulatedAnnealingSampler,100,0.0013364169863052666,105,97,0,1.0,,1372.0,1372.0,6517.0,535.0,159.109375,,0.0,730.0,478.0,False,True
v500_s0_p50__h4__red__r0,v500_s0_p50,500,0,0.5,0.28475935828877,500,535,h4,4,True,True,0,685105769,ok,,,1.9072284169960767,,2026-08-29T18:07:23+00:00,iyohwan-ui-Macmini.local,3.12.14,f88372a,dwave.samplers.SimulatedAnnealingSampler,100,0.0013182080001570284,105,97,0,3.0,2.0,113.0,111.0,522.0,105.0,194.1875,3.1421077634510906,1.0,70.0,,True,True
v500_s0_p50__h2+3__nored__r0,v500_s0_p50,500,0,0.5,0.28475935828877,500,535,h2+3,2+3,False,True,0,685105769,ok,,,5.414250792004168,,2026-08-29T18:07:28+00:00,iyohwan-ui-Macmini.local,3.12.14,f88372a,dwave.samplers.SimulatedAnnealingSampler,100,0.0013251250493340194,105,97,0,1.0,,535.0,535.0,1393.0,535.0,172.296875,,0.0,70.0,-1109.0,False,True
v500_s0_p50__h2+3__red__r0,v500_s0_p50,500,0,0.5,0.28475935828877,500,535,h2+3,2+3,True,True,0,685105769,ok,,,1.3049332920345478,,2026-08-29T18:07:26+00:00,iyohwan-ui-Macmini.local,3.12.14,f88372a,dwave.samplers.SimulatedAnnealingSampler,100,0.0013339589932002127,105,97,0,1.0,,105.0,105.0,453.0,105.0,209.875,2.984128732880983,1.0,70.0,,True,True
v500_s0_p50__h2+3+4__nored__r0,v500_s0_p50,500,0,0.5,0.28475935828877,500,535,h2+3+4,2+3+4,False,True,0,685105769,ok,,,4.9700824589817785,,2026-08-29T18:07:31+00:00,iyohwan-ui-Macmini.local,3.12.14,f88372a,dwave.samplers.SimulatedAnnealingSampler,100,0.0013537079794332385,105,97,0,1.0,,1372.0,1372.0,6681.0,535.0,157.84375,,0.0,698.0,-295.0,False,True
v500_s0_p50__h2+3+4__red__r0,v500_s0_p50,500,0,0.5,0.28475935828877,500,535,h2+3+4,2+3+4,True,True,0,685105769,ok,,,2.3219620829913765,,2026-08-29T18:07:30+00:00,iyohwan-ui-Macmini.local,3.12.14,f88372a,dwave.samplers.SimulatedAnnealingSampler,100,0.001307833008468151,105,97,0,3.0,2.0,113.0,111.0,526.0,105.0,192.625,3.7367577223594206,1.0,70.0,,True,True
v500_s1_p0__h2__nored__r0,v500_s1_p0,500,1,0.0,0.0,500,748,h2,2,False,True,0,1191480925,ok,,,13.48214429197833,,2026-08-29T18:07:35+00:00,iyohwan-ui-Macmini.local,3.12.14,f88372a,dwave.samplers.SimulatedAnnealingSampler,100,0.0009068750077858567,744,4,0,1.0,,748.0,748.0,1492.0,748.0,179.625,,0.0,496.0,-500.0,False,True
v500_s1_p0__h2__red__r0,v500_s1_p0,500,1,0.0,0.0,500,748,h2,2,True,True,0,1191480925,ok,,,13.097184417012613,,2026-08-29T18:07:33+00:00,iyohwan-ui-Macmini.local,3.12.14,f88372a,dwave.samplers.SimulatedAnnealingSampler,100,0.0009162079659290612,744,4,0,1.0,,744.0,744.0,1488.0,744.0,178.203125,,0.0,496.0,,False,True
v500_s1_p0__h3__nored__r0,v500_s1_p0,500,1,0.0,0.0,500,748,h3,3,False,True,0,1191480925,ok,,,44.2409533750033,,2026-08-29T18:07:47+00:00,iyohwan-ui-Macmini.local,3.12.14,f88372a,dwave.samplers.SimulatedAnnealingSampler,100,0.0009850839851424098,744,4,0,1.0,,748.0,748.0,4347.0,748.0,1987.96875,1.669436786628296,0.99,496.0,-957.0,True,True
v500_s1_p0__h3__red__r0,v500_s1_p0,500,1,0.0,0.0,500,748,h3,3,True,True,0,1191480925,ok,,,43.60921091603814,,2026-08-29T18:07:37+00:00,iyohwan-ui-Macmini.local,3.12.14,f88372a,dwave.samplers.SimulatedAnnealingSampler,100,0.0009318329975940287,744,4,0,1.0,,744.0,744.0,4327.0,744.0,1967.6875,1.6671778719703576,1.0,496.0,,True,True
v500_s1_p0__h4__nored__r0,v500_s1_p0,500,1,0.0,0.0,500,748,h4,4,False,True,0,1191480925,ok,,,89.83148754196009,,2026-08-29T18:07:52+00:00,iyohwan-ui-Macmini.local,3.12.14,f88372a,dwave.samplers.SimulatedAnnealingSampler,100,0.0009973749984055758,744,4,0,16.0,177.0,333.0,231.0,854.0,748.0,1050.6875,1.5897924187829562,1.0,496.0,,True,True
v500_s1_p0__h4__red__r0,v500_s1_p0,500,1,0.0,0.0,500,748,h4,4,True,True,0,1191480925,ok,,,91.30158312502317,,2026-08-29T18:07:49+00:00,iyohwan-ui-Macmini.local,3.12.14,f88372a,dwave.samplers.SimulatedAnnealingSampler,100,0.0009453750099055469,744,4,0,15.0,153.0,380.0,263.0,1048.0,744.0,911.515625,1.61433313819822,1.0,496.0,,True,True
v500_s1_p0__h2+3__nored__r0,v500_s1_p0,500,1,0.0,0.0,500,748,h2+3,2+3,False,True,0,1191480925,ok,,,45.07657900004415,,2026-08-29T18:08:33+00:00,iyohwan-ui-Macmini.local,3.12.14,f88372a,dwave.samplers.SimulatedAnnealingSampler,100,0.0009223750093951821,744,4,0,1.0,,748.0,748.0,4347.0,748.0,1987.890625,1.657470858889439,0.99,496.0,-1953.0,True,True
v500_s1_p0__h2+3__red__r0,v500_s1_p0,500,1,0.0,0.0,500,748,h2+3,2+3,True,True,0,1191480925,ok,,,45.03776120796101,,2026-08-29T18:08:22+00:00,iyohwan-ui-Macmini.local,3.12.14,f88372a,dwave.samplers.SimulatedAnnealingSampler,100,0.0012698749778792262,744,4,0,1.0,,744.0,744.0,4327.0,744.0,2004.46875,1.6706071986407982,1.0,496.0,,True,True
v500_s1_p0__h2+3+4__nored__r0,v500_s1_p0,500,1,0.0,0.0,500,748,h2+3+4,2+3+4,False,True,0,1191480925,ok,,,95.36565262498334,,2026-08-29T18:09:19+00:00,iyohwan-ui-Macmini.local,3.12.14,f88372a,dwave.samplers.SimulatedAnnealingSampler,100,0.000890083028934896,744,4,0,16.0,177.0,334.0,232.0,867.0,748.0,1042.40625,1.607740405798753,1.0,496.0,,True,True
v500_s1_p0__h2+3+4__red__r0,v500_s1_p0,500,1,0.0,0.0,500,748,h2+3+4,2+3+4,True,True,0,1191480925,ok,,,97.49211704201298,,2026-08-29T18:09:08+00:00,iyohwan-ui-Macmini.local,3.12.14,f88372a,dwave.samplers.SimulatedAnnealingSampler,100,0.0008884579874575138,744,4,0,15.0,153.0,380.0,263.0,1060.0,744.0,900.390625,1.598020239460898,1.0,496.0,,True,True
v500_s1_p10__h2__nored__r0,v500_s1_p10,500,1,0.1,0.10026737967914438,500,673,h2,2,False,True,0,963496587,ok,,,9.288373416988179,,2026-08-29T18:09:22+00:00,iyohwan-ui-Macmini.local,3.12.14,f88372a,dwave.samplers.SimulatedAnnealingSampler,100,0.0016182080144062638,519,116,0,1.0,,673.0,673.0,1192.0,673.0,177.0625,,0.0,346.0,-500.0,False,True
v500_s1_p10__h2__red__r0,v500_s1_p10,500,1,0.1,0.10026737967914438,500,673,h2,2,True,True,0,963496587,ok,,,5.701162207988091,,2026-08-29T18:09:21+00:00,iyohwan-ui-Macmini.local,3.12.14,f88372a,dwave.samplers.SimulatedAnnealingSampler,100,0.001486542052589357,519,116,0,1.0,,519.0,519.0,1031.0,519.0,172.8125,,0.0,346.0,,False,True
v500_s1_p10__h3__nored__r0,v500_s1_p10,500,1,0.1,0.10026737967914438,500,673,h3,3,False,True,0,963496587,ok,,,22.536390124994796,,2026-08-29T18:09:33+00:00,iyohwan-ui-Macmini.local,3.12.14,f88372a,dwave.samplers.SimulatedAnnealingSampler,100,0.0014550829655490816,519,116,0,1.0,,673.0,673.0,3218.0,673.0,612.0,1.9343240342568944,0.23,346.0,-798.0,True,True
v500_s1_p10__h3__red__r0,v500_s1_p10,500,1,0.1,0.10026737967914438,500,673,h3,3,True,True,0,963496587,ok,,,21.1205450000125,,2026-08-29T18:09:28+00:00,iyohwan-ui-Macmini.local,3.12.14,f88372a,dwave.samplers.SimulatedAnnealingSampler,100,0.0014976669917814434,519,116,0,1.0,,519.0,519.0,2871.0,519.0,1200.296875,1.9238013624272317,1.0,346.0,,True,True
v500_s1_p10__h4__nored__r0,v500_s1_p10,500,1,0.1,0.10026737967914438,500,673,h4,4,False,True,0,963496587,error,RuntimeError,"RuntimeError: DnC partition failed: input graph is not embeddable and no embeddable subgraph partition was found (vertices=500, edges=673)
",55.30343066598289,,2026-08-29T18:09:56+00:00,iyohwan-ui-Macmini.local,3.12.14,f88372a,dwave.samplers.SimulatedAnnealingSampler,100,0.001654834020882845,519,116,0,,,,,,,318.984375,,,,,False,False
v500_s1_p10__h4__red__r0,v500_s1_p10,500,1,0.1,0.10026737967914438,500,673,h4,4,True,True,0,963496587,ok,,,39.00968079199083,,2026-08-29T18:09:50+00:00,iyohwan-ui-Macmini.local,3.12.14,f88372a,dwave.samplers.SimulatedAnnealingSampler,100,0.0014970829943194985,519,116,0,15.0,114.0,270.0,203.0,735.0,519.0,523.78125,1.8458445209481995,1.0,346.0,,True,True
v500_s1_p10__h2+3__nored__r0,v500_s1_p10,500,1,0.1,0.10026737967914438,500,673,h2+3,2+3,False,True,0,963496587,ok,,,26.024952040985227,,2026-08-29T18:10:47+00:00,iyohwan-ui-Macmini.local,3.12.14,f88372a,dwave.samplers.SimulatedAnnealingSampler,100,0.0015194169827736914,519,116,0,1.0,,673.0,673.0,3218.0,673.0,830.453125,1.9618046130925224,0.35,346.0,-1646.0,True,True
v500_s1_p10__h2+3__red__r0,v500_s1_p10,500,1,0.1,0.10026737967914438,500,673,h2+3,2+3,True,True,0,963496587,ok,,,22.2359169999836,,2026-08-29T18:10:30+00:00,iyohwan-ui-Macmini.local,3.12.14,f88372a,dwave.samplers.SimulatedAnnealingSampler,100,0.0015106669743545353,519,116,0,1.0,,519.0,519.0,2871.0,519.0,1244.25,1.8627638607213715,1.0,346.0,,True,True
v500_s1_p10__h2+3+4__nored__r0,v500_s1_p10,500,1,0.1,0.10026737967914438,500,673,h2+3+4,2+3+4,False,True,0,963496587,error,RuntimeError,"RuntimeError: DnC partition failed: input graph is not embeddable and no embeddable subgraph partition was found (vertices=500, edges=673)
",57.14867587498156,,2026-08-29T18:10:53+00:00,iyohwan-ui-Macmini.local,3.12.14,f88372a,dwave.samplers.SimulatedAnnealingSampler,100,0.0014722080086357892,519,116,0,,,,,,,280.5,,,,,False,False
v500_s1_p10__h2+3+4__red__r0,v500_s1_p10,500,1,0.1,0.10026737967914438,500,673,h2+3+4,2+3+4,True,True,0,963496587,ok,,,41.25628916703863,,2026-08-29T18:10:52+00:00,iyohwan-ui-Macmini.local,3.12.14,f88372a,dwave.samplers.SimulatedAnnealingSampler,100,0.0014955000369809568,519,116,0,15.0,114.0,270.0,203.0,747.0,519.0,406.078125,1.8758165785626724,1.0,346.0,,True,True
v500_s1_p30__h2__nored__r0,v500_s1_p30,500,1,0.3,0.2807486631016043,500,538,h2,2,False,True,0,1410917815,ok,,,4.82707716699224,,2026-08-29T18:10:57+00:00,iyohwan-ui-Macmini.local,3.12.14,f88372a,dwave.samplers.SimulatedAnnealingSampler,100,0.0013823750196024776,114,106,0,1.0,,538.0,538.0,652.0,538.0,171.8125,,0.0,76.0,-500.0,False,True
v500_s1_p30__h2__red__r0,v500_s1_p30,500,1,0.3,0.2807486631016043,500,538,h2,2,True,True,0,1410917815,ok,,,0.6372331670136191,,2026-08-29T18:10:56+00:00,iyohwan-ui-Macmini.local,3.12.14,f88372a,dwave.samplers.SimulatedAnnealingSampler,100,0.0014183329767547548,114,106,0,1.0,,114.0,114.0,210.0,114.0,168.640625,,0.0,76.0,,False,True
v500_s1_p30__h3__nored__r0,v500_s1_p30,500,1,0.3,0.2807486631016043,500,538,h3,3,False,True,0,1410917815,ok,,,4.887237875023857,,2026-08-29T18:11:05+00:00,iyohwan-ui-Macmini.local,3.12.14,f88372a,dwave.samplers.SimulatedAnnealingSampler,100,0.0014838339993730187,114,106,0,1.0,,538.0,538.0,1424.0,538.0,172.5,,0.0,76.0,-542.0,False,True
v500_s1_p30__h3__red__r0,v500_s1_p30,500,1,0.3,0.2807486631016043,500,538,h3,3,True,True,0,1410917815,ok,,,1.1352655840455554,,2026-08-29T18:11:03+00:00,iyohwan-ui-Macmini.local,3.12.14,f88372a,dwave.samplers.SimulatedAnnealingSampler,100,0.0013956250040791929,114,106,0,1.0,,114.0,114.0,497.0,114.0,196.75,2.992140275049531,1.0,76.0,,True,True
v500_s1_p30__h4__nored__r0,v500_s1_p30,500,1,0.3,0.2807486631016043,500,538,h4,4,False,True,0,1410917815,ok,,,4.117318249947857,,2026-08-29T18:11:14+00:00,iyohwan-ui-Macmini.local,3.12.14,f88372a,dwave.samplers.SimulatedAnnealingSampler,100,0.001445207977667451,114,106,0,1.0,,1392.0,1392.0,6777.0,538.0,159.96875,,0.0,712.0,447.0,False,True
v500_s1_p30__h4__red__r0,v500_s1_p30,500,1,0.3,0.2807486631016043,500,538,h4,4,True,True,0,1410917815,ok,,,2.2147776249912567,,2026-08-29T18:11:11+00:00,iyohwan-ui-Macmini.local,3.12.14,f88372a,dwave.samplers.SimulatedAnnealingSampler,100,0.0013952080043964088,114,106,0,6.0,13.0,96.0,94.0,374.0,114.0,197.453125,3.3617201039526132,1.0,76.0,,True,True
v500_s1_p30__h2+3__nored__r0,v500_s1_p30,500,1,0.3,0.2807486631016043,500,538,h2+3,2+3,False,True,0,1410917815,ok,,,5.605596332985442,,2026-08-29T18:11:16+00:00,iyohwan-ui-Macmini.local,3.12.14,f88372a,dwave.samplers.SimulatedAnnealingSampler,100,0.001385292038321495,114,106,0,1.0,,538.0,538.0,1424.0,538.0,172.078125,,0.0,76.0,-1120.0,False,True
v500_s1_p30__h2+3__red__r0,v500_s1_p30,500,1,0.3,0.2807486631016043,500,538,h2+3,2+3,True,True,0,1410917815,ok,,,1.2060974170453846,,2026-08-29T18:11:14+00:00,iyohwan-ui-Macmini.local,3.12.14,f88372a,dwave.samplers.SimulatedAnnealingSampler,100,0.0014023330295458436,114,106,0,1.0,,114.0,114.0,497.0,114.0,196.375,2.930000539473549,1.0,76.0,,True,True
v500_s1_p30__h2+3+4__nored__r0,v500_s1_p30,500,1,0.3,0.2807486631016043,500,538,h2+3+4,2+3+4,False,True,0,1410917815,ok,,,5.245946166978683,,2026-08-29T18:11:23+00:00,iyohwan-ui-Macmini.local,3.12.14,f88372a,dwave.samplers.SimulatedAnnealingSampler,100,0.0014549160259775817,114,106,0,1.0,,1392.0,1392.0,6927.0,538.0,158.609375,,0.0,636.0,-471.0,False,True
v500_s1_p30__h2+3+4__red__r0,v500_s1_p30,500,1,0.3,0.2807486631016043,500,538,h2+3+4,2+3+4,True,True,0,1410917815,ok,,,2.7332084579975344,,2026-08-29T18:11:19+00:00,iyohwan-ui-Macmini.local,3.12.14,f88372a,dwave.samplers.SimulatedAnnealingSampler,100,0.0014354170416481793,114,106,0,6.0,13.0,97.0,94.0,381.0,114.0,196.0,2.9039961708411965,1.0,76.0,,True,True
v500_s1_p50__h2__nored__r0,v500_s1_p50,500,1,0.5,0.2807486631016043,500,538,h2,2,False,True,0,368592400,ok,,,4.985036332975142,,2026-08-29T18:11:25+00:00,iyohwan-ui-Macmini.local,3.12.14,f88372a,dwave.samplers.SimulatedAnnealingSampler,100,0.0015117080183699727,114,106,0,1.0,,538.0,538.0,652.0,538.0,170.65625,,0.0,76.0,-500.0,False,True
v500_s1_p50__h2__red__r0,v500_s1_p50,500,1,0.5,0.2807486631016043,500,538,h2,2,True,True,0,368592400,ok,,,0.887983292050194,,2026-08-29T18:11:23+00:00,iyohwan-ui-Macmini.local,3.12.14,f88372a,dwave.samplers.SimulatedAnnealingSampler,100,0.0013979579671286047,114,106,0,1.0,,114.0,114.0,210.0,114.0,190.703125,3.4650054324549515,1.0,76.0,,True,True
v500_s1_p50__h3__nored__r0,v500_s1_p50,500,1,0.5,0.2807486631016043,500,538,h3,3,False,True,0,368592400,ok,,,5.253310957981739,,2026-08-29T18:11:31+00:00,iyohwan-ui-Macmini.local,3.12.14,f88372a,dwave.samplers.SimulatedAnnealingSampler,100,0.0014338340261019766,114,106,0,1.0,,538.0,538.0,1424.0,538.0,175.140625,,0.0,76.0,-542.0,False,True
v500_s1_p50__h3__red__r0,v500_s1_p50,500,1,0.5,0.2807486631016043,500,538,h3,3,True,True,0,368592400,ok,,,1.1038701249635778,,2026-08-29T18:11:29+00:00,iyohwan-ui-Macmini.local,3.12.14,f88372a,dwave.samplers.SimulatedAnnealingSampler,100,0.0007143749971874058,114,106,0,1.0,,114.0,114.0,497.0,114.0,195.5,2.8160141671021806,1.0,76.0,,True,True
v500_s1_p50__h4__nored__r0,v500_s1_p50,500,1,0.5,0.2807486631016043,500,538,h4,4,False,True,0,368592400,ok,,,3.987807708035689,,2026-08-29T18:11:34+00:00,iyohwan-ui-Macmini.local,3.12.14,f88372a,dwave.samplers.SimulatedAnnealingSampler,100,0.0014002920361235738,114,106,0,1.0,,1392.0,1392.0,6777.0,538.0,159.078125,,0.0,692.0,421.0,False,True
v500_s1_p50__h4__red__r0,v500_s1_p50,500,1,0.5,0.2807486631016043,500,538,h4,4,True,True,0,368592400,ok,,,2.1273167080362327,,2026-08-29T18:11:31+00:00,iyohwan-ui-Macmini.local,3.12.14,f88372a,dwave.samplers.SimulatedAnnealingSampler,100,0.0014169999631121755,114,106,0,5.0,14.0,102.0,100.0,406.0,114.0,194.5,3.442737930537732,1.0,76.0,,True,True
v500_s1_p50__h2+3__nored__r0,v500_s1_p50,500,1,0.5,0.2807486631016043,500,538,h2+3,2+3,False,True,0,368592400,ok,,,5.180259249988012,,2026-08-29T18:11:37+00:00,iyohwan-ui-Macmini.local,3.12.14,f88372a,dwave.samplers.SimulatedAnnealingSampler,100,0.0014433340402320027,114,106,0,1.0,,538.0,538.0,1424.0,538.0,171.265625,,0.0,76.0,-1119.0,False,True
v500_s1_p50__h2+3__red__r0,v500_s1_p50,500,1,0.5,0.2807486631016043,500,538,h2+3,2+3,True,True,0,368592400,ok,,,1.155867791036144,,2026-08-29T18:11:34+00:00,iyohwan-ui-Macmini.local,3.12.14,f88372a,dwave.samplers.SimulatedAnnealingSampler,100,0.0013375420239754021,114,106,0,1.0,,114.0,114.0,497.0,114.0,196.109375,3.1119751366601203,1.0,76.0,,True,True
v500_s1_p50__h2+3+4__nored__r0,v500_s1_p50,500,1,0.5,0.2807486631016043,500,538,h2+3+4,2+3+4,False,True,0,368592400,ok,,,4.828339209023397,,2026-08-29T18:11:39+00:00,iyohwan-ui-Macmini.local,3.12.14,f88372a,dwave.samplers.SimulatedAnnealingSampler,100,0.0014345420058816671,114,106,0,1.0,,1392.0,1392.0,6927.0,538.0,158.4375,,0.0,660.0,-400.0,False,True
v500_s1_p50__h2+3+4__red__r0,v500_s1_p50,500,1,0.5,0.2807486631016043,500,538,h2+3+4,2+3+4,True,True,0,368592400,ok,,,2.647726082999725,,2026-08-29T18:11:37+00:00,iyohwan-ui-Macmini.local,3.12.14,f88372a,dwave.samplers.SimulatedAnnealingSampler,100,0.0013721249997615814,114,106,0,5.0,14.0,103.0,100.0,413.0,114.0,194.21875,3.2896622436068133,1.0,76.0,,True,True
