graph_id,vertices,remove_ratio_target,run_id,hop_key,use_reduction,rep,apsp_sum,flow_score,elapsed_sec,orientation_bits
v100_s0_p0,100,0.0,v100_s0_p0__h2__nored__r1,h2,False,1,1.3011614184323599,32.0,2.0914963329560123,100100100100010001001101010111011101111010010001000100011010001001010110101011101110010001011010100010010011011101110110101011101101010110100000100101100101100100100100101111110110
v100_s1_p0,100,0.0,v100_s1_p0__h2__red__r4,h2,True,4,1.2950690374687683,32.0,2.013795625010971,011001011001001001011011011010100000100110010110111001100111011111011101110101000101000100010010100101110111011010101010111011011011100000001000101000100100001001101101100110010111
v100_s2_p0,100,0.0,v100_s2_p0__h2__red__r3,h2,True,3,1.296308375852046,32.0,2.0576948749949224,100110110110100110101010001100100100111011101101010000101000100011011100100110111011101110111010101001001010001001011001000110101101010010100010000010100010111011010001010001001001
v100_s3_p0,100,0.0,v100_s3_p0__h2__nored__r1,h2,False,1,1.2996710073283109,32.0,2.090979792003054,101001101011110100010011001001011111010101001001000110010111110101110110110101101001010001100101110011011101101101010010010100011010110100101010001000010000101111101110101000010100
v100_s4_p0,100,0.0,v100_s4_p0__h2__nored__r0,h2,False,0,1.305726680858582,32.0,2.0380235000047833,010100010001101110101100101000100100101001101110111001010000100101011011011110110100000101000101011110100101110111000101101001010001000101101000110011011001011001100110011011011100
v100_s5_p0,100,0.0,v100_s5_p0__h2__red__r4,h2,True,4,1.3035911881575832,32.0,1.9453052079770714,100110010001000110110111011011001010010110011011011011010100101000101000110101101110111110111011001100110110110010011001010001100110110011011101101010000101001001011011010110001001
v100_s6_p0,100,0.0,v100_s6_p0__h2__nored__r2,h2,False,2,1.3029561273710095,32.0,2.161121000011917,011011100110111110110011001100101101010101001001101101001010100000100101101011111010111001011001011100101001011101010100010100000100111111011111001010001011011011010110010011001101
v100_s7_p0,100,0.0,v100_s7_p0__h2__nored__r4,h2,False,4,1.3054080739357012,32.0,2.1538597919861786,100101100101100110100011010111110111011011010001010010010010101001011100110110111110010100010000101101011111011100101101000110101101000010100010000101100001010010010000010011111111
v100_s8_p0,100,0.0,v100_s8_p0__h2__nored__r0,h2,False,0,1.2993210113646765,32.0,2.0761426659883,010100101001010001001100100001011101111110111010010100010100110101011110110101101001000110111011110010100010001001100110111011101110100100101000100100100100011010111001101111100010
v100_s9_p0,100,0.0,v100_s9_p0__h2__nored__r3,h2,False,3,1.296717482655981,32.0,2.0409023329848424,010110101110111110101010000010001010001111100101000110101010100011010111010101101011100101000011110010100101110101100110111001100100010110101000100010000001011001101011101011111010
v100_s0_p10,100,0.1,v100_s0_p10__h2__nored__r4,h2,False,4,1.437184825819848,40.0,1.8394200829789042,101010110110100101001011001101010111010101100100001101001011011010001111001101111101101000100010110111101010001100100101101011011111001010001000101010001010001101
v100_s1_p10,100,0.1,v100_s1_p10__h2__red__r4,h2,True,4,1.4486153968827704,50.0,1.3425668749841861,101111101110010101000000010111111010101101101010100100100101110110110110100101000101001101110111001010110101001011011100010111001000001101010110110010111000010100
v100_s2_p10,100,0.1,v100_s2_p10__h2__red__r1,h2,True,1,1.478393006758869,50.0,1.4891049999860115,101110010100001001001010011010101001011011010011011110111101101101101011011010100010100110101111010100111010001101110001010100110111101100000101001010010000001111
v100_s3_p10,100,0.1,v100_s3_p10__h3__nored__r1,h3,False,1,1.451698248341739,50.0,3.407705374993384,101110101110111011110111101010010100010101101100110111010010111011100010100100000101011011101110011001100101000100101000101011111110011101111101111110111000000000
v100_s4_p10,100,0.1,v100_s4_p10__h2__nored__r0,h2,False,0,1.4480983616139564,44.0,1.8000367079512216,010010100100101101111101011101011010110101011010001110100000011101111111001001001000100110101010111011101001001000001000111101010110001010111001111101111000000000
v100_s5_p10,100,0.1,v100_s5_p10__h2+3__nored__r2,h2+3,False,2,1.4621815081828395,58.0,3.9694724589935504,101011111101011111001010101011010100101101001100001100111011011001000110011001001101010011011001000011000100010001010110101101101111100100001110111110011000000000
v100_s6_p10,100,0.1,v100_s6_p10__h2__red__r0,h2,True,0,1.4750177548898509,42.0,1.4666176669998094,100100010011001101101111010010011001001101111100110010100010010010010010101001110110110101011110011011100100001000100101011010110101101010010101001000110000111111
v100_s7_p10,100,0.1,v100_s7_p10__h2__nored__r4,h2,False,4,1.4558059397029957,42.0,1.74518608400831,010001011010110111110010000101000110100100010010010110011010111111010010110100010110110100101010010110011011111100111100110110100001000011001100100101010110111000
v100_s8_p10,100,0.1,v100_s8_p10__h2+3__nored__r0,h2+3,False,0,1.4633384216133718,46.0,3.724086875037756,101010111010111101100100100101011010001000010001001101101000101011001000110100101010100101000010100001011111010101110011011111001000101000110110110101001100000000
v100_s9_p10,100,0.1,v100_s9_p10__h2__nored__r4,h2,False,4,1.4307546102144977,42.0,1.7500303339911625,101001001011101101000101001101011010101000001000010010111001100101011010111011011110100010001000101000010001001011111101101110101011110101000100000001010111110110
v100_s0_p30,100,0.3,v100_s0_p30__h2+3__nored__r3,h2+3,False,3,2.035753478245612,36.0,0.9761303749983199,100100001001001000010010010101101111010001011011111011010100010100111110001000101010001101010111001110011000110101011100111100
v100_s1_p30,100,0.3,v100_s1_p30__h2+3__nored__r4,h2+3,False,4,2.0795885102647267,46.0,1.0632628750172444,100100001101011011101100001101011001110101001011010110111110001000001010101000101101010001101110101111010010101010010000000101
v100_s2_p30,100,0.3,v100_s2_p30__h3__red__r3,h3,True,3,1.8941793101466997,40.0,0.6587760000256822,010010101001000010101100110111110111101011010001010010001111100101000110111011110101110111110000000101100000010011101100001111
v100_s3_p30,100,0.3,v100_s3_p30__h2__nored__r3,h2,False,3,1.887024405280669,36.0,0.8768133340054192,101001000100000000101010000010110110110111101101000010010001110011001101110011010110010010011011101101110101000011001111110000
v100_s4_p30,100,0.3,v100_s4_p30__h2+3__nored__r4,h2+3,False,4,1.9081450122301498,30.0,1.4715623329975642,101111101101001000000100001010010010001010010101011110010110101010001101100111101101101000110110101101010100101101000000000111
v100_s5_p30,100,0.3,v100_s5_p30__h2+3__nored__r3,h2+3,False,3,1.926530991618381,36.0,1.3186296669882722,101010101001101101111010101001000111000011000010000000100101011100011100111111010010010111101101110010000101011100101000010000
v100_s6_p30,100,0.3,v100_s6_p30__h2+3__nored__r1,h2+3,False,1,1.9721632922825607,36.0,1.0628520830068737,010001010101011011010011010110101011101001100000000101010100001101110010010000010101011100101011110001001110001010110111110010
v100_s7_p30,100,0.3,v100_s7_p30__h3__nored__r3,h3,False,3,1.9965515704322065,30.0,0.9887158329947852,011010101011011110101111010111001100001001000110111010100110111110010101010101010100001011011110100000110110111111010111001100
v100_s8_p30,100,0.3,v100_s8_p30__h3__red__r1,h3,True,1,2.0728751854995724,30.0,0.5438821669667959,101101101001001010111011101100101101010100000101010010111000011101110101010001111011110100011001001101110001000010101101110000
v100_s9_p30,100,0.3,v100_s9_p30__h2+3__nored__r3,h2+3,False,3,1.928024334261157,34.0,0.9685223749838769,011011011111010101010101010100100100111010010111111101101000101110011001000010101111101010000101010111000011110001011101111111
v100_s0_p50,100,0.5,v100_s0_p50__h3__nored__r3,h3,False,3,2.670994271967027,16.0,0.7349092080257833,1011111101110010010000101001010011101001000011101010001110111011101010110010110110110011010110010111111000000
v100_s1_p50,100,0.5,v100_s1_p50__h2__red__r0,h2,True,0,2.4287532221830026,16.0,0.15606637502787635,010000101101111110010010101000010101110100011010000010011101000001101111010011011010110011011100001100011100
v100_s2_p50,100,0.5,v100_s2_p50__h2__nored__r2,h2,False,2,2.5103065349834597,18.0,0.6528245420195162,10110110110101001011001000010001101001000010000011010101110111011010000101111110110010100110101001011010000000
v100_s3_p50,100,0.5,v100_s3_p50__h3__nored__r4,h3,False,4,2.7317755310356873,10.0,0.7210614589857869,1011101000000000101000010111110110000110100101011111100000101101110111101011001000000101110111110110000100
v100_s4_p50,100,0.5,v100_s4_p50__h2__nored__r4,h2,False,4,2.6813285478408546,16.0,0.6846246670465916,010000010000011011010101001101111001011001010100111111011101101010000001101110101010110100010010111100000000111
v100_s5_p50,100,0.5,v100_s5_p50__h2+3__nored__r2,h2+3,False,2,2.4917706351949866,16.0,0.7469433749793097,1011011111011010100001111101110001010111001000000101000100000100101011111111010000101001010100111010000000011
v100_s6_p50,100,0.5,v100_s6_p50__h2+3__nored__r0,h2+3,False,0,2.407290108349357,18.0,0.7938950829557143,101110101011100110111001010100100001000110010001101101110000110010010001010101101001101000100100101110011111111
v100_s7_p50,100,0.5,v100_s7_p50__h3__nored__r4,h3,False,4,3.064299090606183,16.0,0.6192909170058556,101111110110100010001111011100001000100100010101011000010111101111010010111110100100001001011010111110110011
v100_s8_p50,100,0.5,v100_s8_p50__h2__nored__r2,h2,False,2,2.7180319915039863,12.0,0.8904358329600655,01001001000001010101000010100101110111010110110110010010010101001101000010001111011000010100001011111110000
v100_s9_p50,100,0.5,v100_s9_p50__h2__nored__r1,h2,False,1,2.8466307739977608,10.0,0.8381043749977835,0110110111111011011101101100101111101000100010101001010101010101110110000010011110000110101110101011111110
v200_s0_p0,200,0.0,v200_s0_p0__h2__nored__r1,h2,False,1,1.2429544467870077,48.0,7.1402039579697885,0100101110011001010000010101110011010110110111010111101001100100101110110100011011011010100000100101110110110001011001000100000100011010110111011101110010100100101010111011101101101110101110100100110101111101101000101110011001000101000101001010100010001000110010110100100100010010011010111110011011110111001100100011001010001110110110010100010001101001111011110111
v200_s1_p0,200,0.0,v200_s1_p0__h2__nored__r4,h2,False,4,1.2451514618030497,48.0,7.1459813339752145,0100101101010001100110011011110010101101011101110110101001011011010001000100101110001101011110110101110011010110100110111101000100010001001000100011011011010110100110010100100101100100011010100101101000101000100100101010101111101111101110011010100000101000110101110111011101000110101101001001010001111101101001011010001101011111011011010001101011101011110011111100
v200_s2_p0,200,0.0,v200_s2_p0__h2__red__r0,h2,True,0,1.2343791350482949,48.0,6.8316414169967175,0100101110010110011010110101001000100101110110100010101011101110011001011001101101011101110111011110110101100001000100101011111101000100001001001000001011011101100101000001000001100110101111011101011010001001001000111011100101010010010001000100001001011111010110110010100101000001010000011010111101111100101100100100100010100110011011101110101110111101110001100011
v200_s3_p0,200,0.0,v200_s3_p0__h2__nored__r1,h2,False,1,1.2450037671687932,48.0,7.155750957957935,0100011001000100011011101011101101011011010111011010010110100101101010110101100100100000101000000010110011010100000110101001011010111011110011010101011111001100101010111010100101100101000100100010000000101000110101111101010000001011101101000111011111010100101000110011010010110100000110010100100101001011010101110111110010100110110100001001011001101101011000110101
v200_s4_p0,200,0.0,v200_s4_p0__h2__red__r0,h2,True,0,1.2464980515474606,48.0,6.954264291038271,1001101011010110100100010001011100101101110101101101010001001011011010011011100100010010001100100100101001011010111011101110101111100111001101011010100000110010110110010001101101000100010111110111011101111011010111111001010001000101100100010100101010010010101001010111110110111010111111100100010111101010000010110010100010100101100100010100010100011011101011011110
v200_s5_p0,200,0.0,v200_s5_p0__h2__nored__r3,h2,False,3,1.24086537794349,48.0,7.152897082967684,0110010001010100100101101011010110110111101000110100100000010100101111101101000101010111110010110010101000100100010100010100011011101101010111110111110111011101110000010100010100100101000100100101110111101000110101100100000100010101001010011011010010100101111100100100100100011010101111101101000101101101001000110010110101111111100110010100011001001011101011000100
v200_s6_p0,200,0.0,v200_s6_p0__h2__red__r4,h2,True,4,1.2340832520619456,48.0,6.888883416017052,1001101010010110010000011011011010000011001010000010010110111001101011111001100101010111011010001010010101100100010001101011111001000101110111011010010110110101111101010001010000010100000100110110110111010111110101110100101101010000011001001011110010110111001101011010000100101101010010101011110101110010110110100000001011001001101110111101000001010000000000100011
v200_s7_p0,200,0.0,v200_s7_p0__h2__red__r3,h2,True,3,1.236045548877001,48.0,7.0016890409751795,0110010101100110111011110101101011011010100010001011001011111011111110111011111000001010001010100100101101010001101011111110101111100100110100101101110101111101111110010110010100000101000111001010100011001001011011011011111110111011100101100100001010100010001000110011010001010100101011010100010000010111110010001101110111011001011010111011101101100100010000000101
v200_s8_p0,200,0.0,v200_s8_p0__h2__nored__r3,h2,False,3,1.2426217551447107,48.0,7.389170166978147,1010011010010110100110111111001100100011010101101011011011101110110100000110111010010011010111110101101100111001100100010100000101000101011101101011001000110101100110101111111011101101000101101000101101011010101001001011011011010001011011100101011111011111011111011101100101100101010001100110011010110011011110110011001101011101100101010100010001000011100111111100
v200_s9_p0,200,0.0,v200_s9_p0__h2__nored__r0,h2,False,0,1.2419646799482984,48.0,7.009726541989949,0110010101010010011001100101001010101101001100110101110001010110100110011010101110110111110010100010000001010100011001101110111010010011110111011101110111001100101110110101001001010010011011001011011100110111001010000110111011101110111011111000100010001000100010001100101010110110011001101011011000100011010110110010001010000100010000011001101011111011110010110000
v200_s0_p10,200,0.1,v200_s0_p10__h2+3__nored__r0,h2+3,False,0,1.3770416205853464,116.0,6.26288024999667,1010111011101110111101011110010100000011011010010100110010100110001100100110110110010010001010111010001100110101110101011101101110010010101010001001000101010010010101110110100010100011010100101101011110101001000110100111001011010100111011010001000100010111011010110101001110100110101101101100110100100100101011011010100000000001
v200_s1_p10,200,0.1,v200_s1_p10__h2__red__r3,h2,True,3,1.3865576441412337,72.0,5.178582708002068,1001000000010000010001001101010010011001000100010111001000100101011011101111010110111001001001101010001011001101001000010000101100101001101001010011011011100110111100111101101000010001010000100100110100110011111011111010100001010111110101110110110100000011110010100100011010100110011010111101010111010011010100001000010000111111
v200_s2_p10,200,0.1,v200_s2_p10__h2+3__nored__r0,h2+3,False,0,1.377775984355346,116.0,11.662922707968391,1011101011111101111011010001000001011010111111011100110101111010001010000011011010010010100011001000100101100110100010010101011001101101101011100100010001101101010000001000011011100100011101011110110110110010010001101011011101110011011010000001001011110011111001000110110101010101101001001001000001101000101110101010000100000001
v200_s3_p10,200,0.1,v200_s3_p10__h2+3__red__r4,h2+3,True,4,1.3803927451646396,102.0,9.197305542009417,1010111011111101011101110100001000100101010011001110010101110100101110001101110011001101001101111011011001000010011001100011001101111011001001010110100101101010000000101011101000110111101110010001100110010001000001001101100110011011101110110111110110110100101001010100111101111101011110100111010110111001011110101110000000000000
v200_s4_p10,200,0.1,v200_s4_p10__h2+3__nored__r3,h2+3,False,3,1.3829645856162651,96.0,10.372161334031262,1011110101011111101110111100101000000010110001001010010110100010010000101001101110110101111010100110101011101001001000000100110000011001001011010110100101011011010101010110010001010001010110110010010001110010001011011011011101101011111010010010001001001001010111011111011100110011010011001110001010101110011000110111000000000000
v200_s5_p10,200,0.1,v200_s5_p10__h4__nored__r3,h4,False,3,1.3822424029236715,112.0,10.972356624959502,0101010111011111011110111101001000100010000110010110011010101001010010101001010011110011011110100110011001001001101001010001101101101001100011110010001100101101000101101101101110110101010101110110010010110110100100101001000100110101111001101100110101100100101100110101000111011111001100100011010100111001100110110011000000000000
v200_s6_p10,200,0.1,v200_s6_p10__h3__nored__r2,h3,False,2,1.3753497902447933,108.0,7.983872833021451,1010101111101110111111011100100010100010010111101100100101100110101111101110010110110101101000000101101001100010010100110111001110101110110100000110010010001001101101000101011110110110010101011001011001011001101100011010011001011101000100100100011011011001001101011101101100110010000110000100101001010010110110110111100000000000
v200_s7_p10,200,0.1,v200_s7_p10__h2__nored__r3,h2,False,3,1.3849790790067258,76.0,6.099951833020896,1010100101110010110101110101011011011011100100010010110100011011011010011110101001010000010001010100001011101011111011011011101001010010010100100100000000100101001101101101010101001010100100100010101100100101101001100101001010010101111010011000001101011010110010010101000100000001101110110100111101101011011010101011110010001100
v200_s8_p10,200,0.1,v200_s8_p10__h2+3__nored__r3,h2+3,False,3,1.3857164936558966,116.0,10.071662415983155,1010111010111011011011101100100100100110101001010100011001000010001101001010010011001101110110101000011001100110101010101010101011101000101111011101100101001000010000010011010111111001100100000011010000100001011110100100110010111110011011010101011011010111011001000000110110010011001110101110100010001100111010001001010000000000
v200_s9_p10,200,0.1,v200_s9_p10__h3__red__r1,h3,True,1,1.3727008049235219,100.0,9.8414191249758,1011010111011101011101110101001001011010010100011001101001011100101001010001011100101001011001001000101001010101110100100110111001010000100100010010001001101101100111011111111001100101100110100010010100101011100100010111111100100010010111010001001011101101101011010110111010110101100010000100101010111101110111101001000000000000
v200_s0_p30,200,0.3,v200_s0_p30__h3__nored__r3,h3,False,3,1.8312574678084437,78.0,2.6609450000105426,100101001001101110101000010101110111110100011011111101011011000000010001110110000001011001010111011010100111010011101111000101001010101101001001000100000111010110111100100101111100000101101010111111010011000010011011010110111110010011001001000101011111000
v200_s1_p30,200,0.3,v200_s1_p30__h3__red__r3,h3,True,3,1.862572403390577,66.0,1.6509575000382029,101011111011101001000000101100100101000000000100000001010000000100000100110100011011010101111000101111101010110101000010101010111110000110111011111110101010000000101010100010101010111011111010100000001100100101011101111010001010000010100001100111110000111
v200_s2_p30,200,0.3,v200_s2_p30__h3__red__r1,h3,True,1,2.0348869384467427,76.0,1.4285374589962885,101110101000100001000101101000011001000000101101110111110100111110010010011011100010011000100000110010101110111010010010000111100010101100000100101111011011110111000011011100101110100100010000011011011111001101010110011101011001010101001000011111000001000
v200_s3_p30,200,0.3,v200_s3_p30__h3__nored__r2,h3,False,2,1.9320905063499207,70.0,2.6528774579637684,100100000001001101101001011100100100001010101101010000001010010101101101000000010100000101010010111101101110000101110010010110101111111001101111101011101101101111101001001010010100011011011101000010100101110101001001111010101011010001000001010100000111110
v200_s4_p30,200,0.3,v200_s4_p30__h3__nored__r0,h3,False,0,2.1754365733403995,68.0,2.2400318749714643,010101010000010001010100101110100010110110101101010010000100010111110100110111110110111101101001101111110010110101101001001101100010110101011111100000000100001010101110100101101101000100101001011100100101101000101101101110011011011110110111010110001110100
v200_s5_p30,200,0.3,v200_s5_p30__h3__nored__r4,h3,False,4,1.844916442905054,68.0,8.236297417024616,010101011110110101101011001000110110110101011110001000101100010010001010100101010011111011111011111001010100011001010010111010001000110101011111111010100010110101011101001100011001110100101010101011000110101110001011110010101000001010101101111111000000000
v200_s6_p30,200,0.3,v200_s6_p30__h3__nored__r3,h3,False,3,1.8138404615436687,66.0,8.251994458027184,010100010000100001000111001001001001001010011010111110100010110100001001010010010110011000110101011110110010100010010000101111100100101101110101111011110111101011010000010000100001110101000100100000010101001011000100100101101001110110101101100000111011111
v200_s7_p30,200,0.3,v200_s7_p30__h2+3__nored__r0,h2+3,False,0,1.8065967516182435,70.0,9.077410416968632,010101011101111011101111010110101100110111000010101101001110010010101010100110101010111000001100110100100011111010110001000001010100011001111011111010111010010110111101011011110000101011100011100010101101001101001010000001011100110110001010101111110000000
v200_s8_p30,200,0.3,v200_s8_p30__h4__red__r1,h4,True,1,1.8912240644482603,96.0,3.0666349999955855,010010010101010001010100010000001010001010110101101101111011001000100001011010101101011101101110100000100011101010100110101001000110001010001000101000011110010000011011100011100101010001101111011100000001010111011011110010100101101100011101011011111111111
v200_s9_p30,200,0.3,v200_s9_p30__h2+3__red__r2,h2+3,True,2,2.0692472979989507,78.0,3.4506733330199495,010001010000010010000010011110100001000001000010100101011101110101010011100110011111101010101010111011110101110101010101110111111011110110001010110101101011101111011110000010101000000111011000111101101011111010001111101000111111100010110000010011111111000
v200_s0_p50,200,0.5,v200_s0_p50__h2__red__r2,h2,True,2,2.7851309044487453,30.0,0.3466692919610068,1001010111101011101101101101101110000010000100011010010100010101011111010100110010010010011110010101100100011101010100000111111111011000000101111111010100010110111101100111101101110100000110100100101010111111111
v200_s1_p50,200,0.5,v200_s1_p50__h2__nored__r3,h2,False,3,2.827024337714401,28.0,1.4645816669799387,011011111011110110110000101010111100100000000101100100001000100101011001001001101101010110101000100101111101101111111111101011111111101100001011010110110100101111101000101000100000111101011111010101000000000000
v200_s2_p50,200,0.5,v200_s2_p50__h2+3__red__r4,h2+3,True,4,2.4270997250899393,32.0,0.3999079579953104,1011011011010010111011111111011110010001000000101011001101101101000111011000111000001111011001000100111111110001000110100010001001001011111100100010101101101101000000111010001011010010010011100100000100111111111111
v200_s3_p50,200,0.5,v200_s3_p50__h2__red__r4,h2,True,4,2.2183928682205742,30.0,0.32961950002936646,0100000001001000001111010011101000010100100011111011001010001011111110100000010011010100101010101100101011110101011011010000000000001110100001000010010010000010100111110010000010010010000010110111111010000000011111
v200_s4_p50,200,0.5,v200_s4_p50__h2__red__r2,h2,True,2,2.5316192228795864,30.0,0.37917191605083644,10111010000010000000011101001010101111100010110000010111010001010101000101010110011111101001011001011011100011101101001000000001001001001000001101101001011100011011100100101101011100101010111110101101010100001111101
v200_s5_p50,200,0.5,v200_s5_p50__h3__red__r3,h3,True,3,2.8326391297271396,32.0,0.4666773750213906,0100101001011011101111011100110101110001010111110100100100100000111100000011110011101010111110100110000101000111011100000001111110100101010101001110000111011101000000001011111110100001110100111010000001111111110000
v200_s6_p50,200,0.5,v200_s6_p50__h2+3__red__r0,h2+3,True,0,2.559308629069606,34.0,0.48136158304987475,101011010001000000000011110110101001010100000010000010110111010001011100101011111000010011011110101001110101110001010110101001001010110110110100001011010011111011101001101110001011101000101000101001011011110000000000
v200_s7_p50,200,0.5,v200_s7_p50__h2__red__r4,h2,True,4,2.6979955653568903,30.0,0.3408455830067396,101101001001001001011101011001100110000110100100110010111010000110000011111001101101000000010110010111100111001010001101011110100001010100001111010010010110111101010110010010010110100110101000011101000111111111111
v200_s8_p50,200,0.5,v200_s8_p50__h2__red__r3,h2,True,3,2.521741873342829,30.0,0.31342195899924263,01001001001001001011100010100100101110110100000010100101110101111011000110001100010111011111111011110000101110001011111101101111101111010001011100010111010001110010010000000100101101111010110111110101000000011111
v200_s9_p50,200,0.5,v200_s9_p50__h2+3__red__r1,h2+3,True,1,2.8439330792706112,38.0,0.4812952500069514,010010111110111110100010111010001101111010100011110001010001001010000100000011010111001010110111110111000100100100110010001010100110100000111110110111000010100001011100110110111001010010111011101010000100001010011110000
v300_s0_p0,300,0.0,v300_s0_p0__h2__red__r0,h2,True,0,1.2082004695025885,62.0,10.626762125000823,0101010100010010010110101110010001001010101001010010110010001001001100010101101010011011101110111010111001011111010010100010010101110101110110111110101111101110100101000010011000110010001101011100110111001000100110010100100100010001000100100101010010110010010101101101011100101101011011010100000001101001100110110101001010110101001010000010001000110100011011010000101101001010110110101001010111110100110111001000110010000100000101000001000100101011010100011101011111001101011010000011011100111001101110111001011010101101101011010111011101101011001000001010000100101000111100110
v300_s1_p0,300,0.0,v300_s1_p0__h2__red__r1,h2,True,1,1.2132831487180409,62.0,16.78370733297197,1010011001101110010001100101100101001001001100110010100101011110110111010000101011011011010000010110010101101000000010100010100000110011011001100100000110011011101011101101101110110100110010100010000101011110100110010010011011101110100100010101010101110010100010001000001001011110010001001011101110111001010000101101001010000100110010100011010100101001101110101011010110011001000001101101011101001011011101110111001010000000010000010100101011011001011001001001010010110010000010100010100100110100000110011001000110010110101010110100101000100101011101111100100010011111001011011
v300_s2_p0,300,0.0,v300_s2_p0__h2__nored__r0,h2,False,0,1.2057730312046464,62.0,16.83199495804729,0110010110011001101010110101100100010011011101110111001000110110101000001010110101000100010001000110111011010010101010010101110110110011001001000101101110010001000101000100101111011111011101110111011111011010001001101110111011011001011001011010100100101001001010100101101101110101100101101001101111101011111011100110001100100010001010000011001101011100100110101101011010010100010000011101011010001101101001011011010010101001101101010001101001101101000110000100101101110111010110110111011101100101010010011001000110010100010010001011010101101100101000110101110100111000011010000
v300_s3_p0,300,0.0,v300_s3_p0__h2__red__r3,h2,True,3,1.2134925327031103,62.0,16.960025916981976,1011010110100101101001010010101111101101111100101101010111110010001011110101100101101001000110011001010101011110110110100101011101101101111000011011101111101001010001101011110011001101011110100101101101001010101001010000010101000001010000010110101101101001011111010111110101111010010010110100011001000101000001101111010011011101110110101010000010001010010100101011101111111110101101101011011101001010001010110101011111011010110100010100011011101001010100100000110011011011001010000010110010010010101101010100011001000110011001010100101101111101110110110101110000001011011110011
v300_s4_p0,300,0.0,v300_s4_p0__h2__nored__r1,h2,False,1,1.2020678756712506,62.0,16.871862458006945,0110011001100110010001000110011001011010100100101000100010010011001101010110101011111011101110011010111011011010000010100100101001010010100010111110011011100110111010011011101000101001010111011011010011001100100110111010010100101101000100101011111011001000110100101010010010000010011001010001000001101110101110101101010111110111010111011101011101011010010110101110101110111010111010110001011100101000001000100000100000100100100110111010110110100110100110101000010011001000110010010010001001101010011001100101000100000100010001001001010111011111011100110010100000000111100011111
v300_s5_p0,300,0.0,v300_s5_p0__h2__nored__r4,h2,False,4,1.2106288267094683,62.0,16.87609199999133,1001011001000110100110110110101111100101101100110100110011011010010111100101100101000001000100010100001010110111011111010111011101111101001111101101010100000100101011111010111100101101111101011101001010100000110001010001101001100100011011010001010111101100100010010101110111101010101111110110101110100110011011111100001101111101011010001001001101111000010001010000101101101001010001100101110111110100101010000010100010000110010110101011111101001011011010101000110010000010101101001010100000100110101110010101101001011011101010101000001000101100100101110110100011100001111010011
v300_s6_p0,300,0.0,v300_s6_p0__h2__red__r0,h2,True,0,1.212919775811237,62.0,16.542359334009234,0101011001010101001011110100100100001011001101111110100010110010010010101101010001010101000110101110010100101010100011011111011010001001011101011011101101010100011010111010111011010110110111111101101001001000111110011011101111110110111010110110110011001010001010110101110010110010001001101101101111010001000110011001010111011110110111110111011101110100000100010101000101001010111011010010010010101010010111001000100011001010010101101110011001010010101110100001011110110101101101110100101000000000101111010001101011101011111000100000001011001101001010000010100011101101000100111
v300_s7_p0,300,0.0,v300_s7_p0__h2__red__r4,h2,True,4,1.2040586351592828,62.0,16.692476416996215,1001100101010010101101001001010001000100101101101000001101001101101100000010110101101010111010111011110101001000101010000001001000100010110001010001101110101010111011010110101111110111011101010010100011011010011111010100010000000101000100011001001011011101110010001101011101101101111101101011101110111001101011110100101010000010010011001010000010101010111110101110101101101110101111111101111010001000001100101000001011010001011001100100100101010000011010100101101101011010001101110101110101010001010000101110111011101011010001110111110100110011010110100101101011110000100011001
v300_s8_p0,300,0.0,v300_s8_p0__h2__red__r2,h2,True,2,1.2102449959156456,62.0,17.068922957987525,0101001001001001010001001001011010101100100010000010100100100101101000010010101110011011100110010010111001110101011101110111011101110011010111100100100110010100010010011001000100110101011010110101101001010111010101000000011011010001100100000100010111010010100011001010010010010010000100000110101101101110010100000100101000010010001100101000110101011010111010011010110110111011101001100101110101101000110101110111001010000110010010110110010010010100011001010101110011011101110101111011001100000001001001100101000001010100100100000010000010001010000011011100101000100101110101011
v300_s9_p0,300,0.0,v300_s9_p0__h2__nored__r3,h2,False,3,1.2156808610852057,62.0,17.024852625036146,1010111001001011101011110110101111101001001101001010000011011010001010100100101010111101001001011010111110110100100000101100100101101001011110010001000001100101000001101001011101110111001010010110100010000010101011101101101101000110101101001011101010001101011111011100110111010111011010111010111101100110010100000110100000100000101100110011011100101010010001000010110110101110110110110010100101010010101000001000110101111111101001000101101010111011100110101100100100101101010010100010010010111011101011111010010110101110011011110110100011001000110010001001001010010111110101101
v300_s0_p10,300,0.1,v300_s0_p10__h2__red__r3,h2,True,3,1.3430213813465068,120.0,12.714172334002797,101011010101001101100110101000000000110111010100010010101101011001010101111101100110110010000110111000101000000010110110100010001100110111110101000110010001101100110101111101011110110110101011010101011111001010100010001100010110101001010100010010010010110110100000101000101010111010101001000010111101110101010010111010101100010110010001111100011010000101101101011001000101000101010000101100101010001001010000101110101111010101110111010110100010111000101011101010010101000101001000101010110010100111111000000010000001111
v300_s1_p10,300,0.1,v300_s1_p10__h2__nored__r3,h2,False,3,1.3398465821536554,110.0,13.573017042013817,100101101110100001010000101001010101101111110111111001011010010010010011011110101101110111110011011101011010101101110110110110101001001000110101010101111010011011001011101011010010001010010100101001000101100100000011010100100011011110111010101011001101010101110010001000001000010011001100000010010011010011001000001010101010000101110011011001001101101110010000100000100010101101000011001101110110010010101111000100010110110101101100100010100000101101010100101101000101111010011011111101101010011010101000100111001100111
v300_s2_p10,300,0.1,v300_s2_p10__h3__nored__r2,h3,False,2,1.3431937559136409,174.0,27.517176459019538,101101011110111011111101110111111010010001100110010010000010010111001000100110111011011001000110010110010000100001011010100111011001100100110100100110110101001001001100110010101111101101010101100110011110001010001011110101101001101111001011011001011000110010010010100111100101111101101010001001101110101001001010001101111100101000000011010100110001000100100100101010110100001011011101110100000000010011101010010010101010010000010110100100110010110110011101101110000101101011101110111101101101110100110100000000000000000
v300_s3_p10,300,0.1,v300_s3_p10__h3__nored__r3,h3,False,3,1.3351436932996865,166.0,19.06192333297804,101010110101110111011101111011101100100100100100010001000100001010001100110001001010111011010000110101100100001011010010110100100100011011011010111001101110010110010110011001000100111010000010010111011100101010101101110011010110110011010000111010100001010000011001010011001100101010010011100111001100110010010111101011100010010011001000000101000011101101000101001101110011010100101000110101100110010011011110001010010111101100110110010111010110111001101101001010010010010010001000101011110110101111001100100000000000000
v300_s4_p10,300,0.1,v300_s4_p10__h2__red__r1,h2,True,1,1.318759097953956,102.0,11.54934729199158,101111110110111010110100110100101010101101110111111110100010001010001010110011011111110111110011010010100010000010000011010111101101011011101010101011101011000110101000110111110100101000000001010110011001010101011011010100101010010010110010110110010010010101101001011001101000101010101111000001010010100101010000111111101011110110101110001010110111010001011001000100001010100100001011010111110111011101101010111011011001010110011101001000001101001001100101100110110111001010101010100101101110101011110011001111001000001
v300_s5_p10,300,0.1,v300_s5_p10__h2+3__red__r3,h2+3,True,3,1.3395904756970645,206.0,24.29054079100024,101011101110111011101111011101011110011001000010010101111001000011001011001010100100010001000001101000110110010010111101110101101100010111101110100000101010111001000100010100010010100101001010010011011011110100100101000001001010100101001011010110111011101100100100001010011010110100110110110101101011110100100101010001010001101000010001101110100110011010001111011110111001000110100100110010101011101001101100011001011011101000101110110110101001011101101101011101111100110011100111011110000100010110101100000000000000000
v300_s6_p10,300,0.1,v300_s6_p10__h2+3__red__r3,h2+3,True,3,1.351449761283096,176.0,18.944763291976415,010001001000010100010100010001000111011010010011011101110111011100100101011111101010111101101011100100000100100100101110110101011010010011001001010010001101100110010010011001111000001001000001010010100110110100101101101001110011001001001010100110101110010101010010100110010000010010011100110110010010101111101010010101110110011000110111000010001001001001010011001011011011100101110101101001001101000100011010110110000011010111110110011010101101010010100010001000010000000100110101001101101101011010000100111111111111111
v300_s7_p10,300,0.1,v300_s7_p10__h2+3__red__r4,h2+3,True,4,1.341748550285247,184.0,24.010652916971594,010010001010000010001000010100000010011010111010111110010110010001101001100100111111011100100011001011011100101100110011001100010110100010010110001011011010111011101101001101101101011001000001010110011011010101011001110111101101000101000111010010000101111010010011011010010111101110100101011010101101111000001001000010011001010000000110101001101110100110011011010000100101001110110001001010010111101011110100100110010011111001110000101111110110110011011011011010010110110111110111101101011001000010001100111111111111111
v300_s8_p10,300,0.1,v300_s8_p10__h2__red__r1,h2,True,1,1.3585606072522025,118.0,13.487050540978089,101011111100110101010011011110101000110101100100010001001011101101011011111010101010111101000010010111110110010100100010110101111001010101000101001000011000010100010101100100101001101010011101000001010010111000101101111101111100011010111101011010110101101110101110010010111001011001001011001100100000101111011000010011001011010001011110011001010100111010000100010100101010101010110111101001011110101111000101010011011100100101101001011100011100101001001010000011001000110101100101100000110101011010100101111110111000111
v300_s9_p10,300,0.1,v300_s9_p10__h2__red__r3,h2,True,3,1.3222374155458492,104.0,12.492118708032649,011010101111110100001101110011011110010001011011110101101100110011101010101101001000001010000001010101000001101110011101000101101110101010010001101011101010101010000001101011010101010011101111010110110101101010101001010000101000001101001001101000101110010100010100110011010100000001010111110101011010111111010101011101111001000000011110010000111101110111101010111110010100001110011101111100101010001101110111010010001010000101111010100100101111011011011101011111111100101010100010101010001001011001010000111100110000111
v300_s0_p30,300,0.3,v300_s0_p30__h2+3__nored__r1,h2+3,False,1,1.8262718770910646,122.0,6.174667416024022,10010100110110111010111011011011011101010010100001011111110101011111011011010110100101100101110011001101000110101101001010010010111010101011011010110010110000101011010100011011011111010010000101010010000100010001011101011010010100010010100001000010110110011001000011011110010110111011101010100011011110001010010100001110011011101011011000100001001100110000110011001001101010111111001001001010011111111111
v300_s1_p30,300,0.3,v300_s1_p30__h2+3__red__r0,h2+3,True,0,1.8074490740699185,124.0,5.8716548749944195,01000100000100010000000000101000001101010100000001001000100000101101000000110101000010011110111100111110101111000010101001010100110100101000010100000001101000101110111100000110100101000011111001101010111011110111010101001011010000000111111100100000100000001001010011010000101010000100100011011111100010111011111011011110101101101010000010001001111000100101111010110110010101001010000101000111111111111111
v300_s2_p30,300,0.3,v300_s2_p30__h3__red__r4,h3,True,4,1.8659994592744162,120.0,3.1197480830014683,01000001001100101010000010000111001000100000110100110100111000101001100001111010111110000000010111111011011000101001101111101011101101001000100100010111011001010000010101110011100100010111010100101101011111000111101111000010111011110101110010111100101011101111010010110011010111011111010110101000000000010000110010110100010001001000000011101100001000101011010110100010101101000010101101101000000011100111
v300_s3_p30,300,0.3,v300_s3_p30__h3__nored__r2,h3,False,2,1.7861727485050998,108.0,5.543591708992608,10011010101001010110101101010101101001010001101010011010111101011010010011001101111011110111000110011001001010110111011010111110100100100001000100001000010011010001001011001000100010010110010100000110101011001000001110001010010111010110100111011010011000011011110110110101101010111011010101110101000011001111010100101110101010000110111011011100101010001010011101101001010001111100100101000101110111000111
v300_s4_p30,300,0.3,v300_s4_p30__h2+3__red__r4,h2+3,True,4,1.8962937434292544,106.0,3.110506125027314,10111011101000100101000100000000111111010101111001000010100001011101101111101001110100100001011101010000110110111010011101100010110111011110111011110110100110010000010001101011010000011000100000101100100110110100000001101011111101100000001110100010111010111101000101010101101010100010010110010111000010111111101110101111010000010100000001000011010000010010000001100011100111010011111010000100001110111110
v300_s5_p30,300,0.3,v300_s5_p30__h3__red__r3,h3,True,3,1.7297378858142207,128.0,3.9590127079864033,01001000010101111110110100001001101011010111110111010101101010000101010000011011111011101101000000100000100000101111110100111001110100000011100010101010110101100101000100101001110101011011100100011010101010010111001111101100001000000100111001011011011110000110110111010011011111100010010010100010101010100101110111000111010111001001001000101111111101111010011101111010111111110001101100011111111000000000
v300_s6_p30,300,0.3,v300_s6_p30__h2+3+4__red__r4,h2+3+4,True,4,1.775571368930919,132.0,9.011976749985479,10100100100010101111111111111001010101100010010100100011111001001001101111010100010011011100110110001101110010100010010001100110001101110100100110110101010001001101000000101110100101000101001101101010111101101111111010110110001111010111100010001001000001101000110010110110010100111001010000011010010011110111110010011011110110100101101101101000010001011111011101011001001000010000101000110101000000000000
v300_s7_p30,300,0.3,v300_s7_p30__h2+3+4__red__r3,h2+3+4,True,3,1.733958228823171,128.0,8.304689707991201,01010111110110110101101110111000010110101101110011010100011000100010111101000001010101001100011010111101100001111000101010010001010010111101110111011111010010010111111100101011011010001001001011010101001101111001101000011011110100101101011011010100110101001000101101110101101010110011101011010110101000100000110111100001100100101010110100110111101110010000011011000010000110101011010100010110000000000000
v300_s8_p30,300,0.3,v300_s8_p30__h2+3__red__r4,h2+3,True,4,1.8482621428073382,116.0,3.2183427499840036,10101011110101111101010000101000000111001000101110101010000100100001101010111010001111110101010000111011010101111011011010001011101101001000100011011110101011010000110010001001111011110101011101011010111111010111111000000110010101011101111100100000011001001011100001010010010101000010010011010010000011100101000011011001101101001101100010001011001001110110010101000101111010011000111100101000111111111111
v300_s9_p30,300,0.3,v300_s9_p30__h3__nored__r3,h3,False,3,1.8329082195379065,108.0,17.72347508301027,10110110111101101111011010010011010110101010110100101100010011011110010010010010110101011001010010100000111000010001010111100011100011001000010101011001011001001010101000100100100001011011001100111110001010001101010001101010000001101010110010011101101011100111010000010101100101101001001110101100010010110011010101110110010010101001101011101011010101011000100100101110100101011101110000011110000000000000
v300_s0_p50,300,0.5,v300_s0_p50__h2+3__red__r1,h2+3,True,1,2.674224934268249,38.0,0.6161407919717021,01000000100100010000010001110001010000110101000001111100000011011110111111101010001011010000000111101001001101101110001110101111101010111101100011011111111111110000101000010000100111100100110000101101001001010000111111110101011010000010101010010101101000001110000110011001000111101000110100110011101010100001000100110000000000000
v300_s1_p50,300,0.5,v300_s1_p50__h3__red__r2,h3,True,2,2.558692053691131,40.0,0.6051549579715356,10110111101110111111110100101001010101101110110001111101001011110100101110111010100000100000100011111100000010110100001000110110110100101100000001011010110010000011111000100001000000010110010000111101010100011100100100001011010001000000000100010111101111101110110010010010010000011001011100100101001100101100000000011000111111111
v300_s2_p50,300,0.5,v300_s2_p50__h3__red__r3,h3,True,3,2.7063866644065353,44.0,0.6678984579630196,101111011011110010000100000010101011101001100001001000101000101010000011011101101100010100011110000001100100100100010111101001001011111010111011110110100111101010111011100001111100010001010111110111001101010000001011011011101010000000111110011111111100001111000100010010111001010100010001000000001010010101101001010101010000111100000
v300_s3_p50,300,0.5,v300_s3_p50__h3__red__r1,h3,True,1,2.590739040909524,44.0,0.6616724589839578,10111101011011011011110110101101110111110011001110101001010011011000000011001001011001010111010110111110001001000010000100000100101000101101010000111111010101111100100000101100001110010000011011100010011010100011000010000001010111111110001011101000011111101000001001010101011110100110000100101101011000110011011111110010010000000111110
v300_s4_p50,300,0.5,v300_s4_p50__h2__red__r1,h2,True,1,2.9594232226619703,52.0,0.5805851250188425,0100000001001011011110111111110010011011111101111101000010110101011111010000011010000000111010001010001000001011101000000010000010010111110110110010001000011011010111011000011001011111110001000000100111111100101111110100101110110010101000001011010101111110000111010001011100010100101011010111110110001011110001001111011000101110001111000
v300_s5_p50,300,0.5,v300_s5_p50__h3__red__r4,h3,True,4,2.7483817566723663,50.0,0.7028350419714116,01001000001001001011011101010100000001001110110111100010001000111101011001101111000101111110000010100001111011010001000000010101110101101110110111111110101101010101011011011101100101110111011101011001011001111101111000111000001011100100100100010100011111101111110001000001000001100010100100010100000101100101010010000011000000111111000
v300_s6_p50,300,0.5,v300_s6_p50__h2+3__red__r0,h2+3,True,0,2.6617352305128037,48.0,0.6171967500122264,010000100010000000000011011101001010101101110000010101011101110100001010100101111111101001001000010010101110010101110101000011101111000100110000111101000101010100010110110100110001011001110001000100001011101111011001011000011011100100010000111101110010001011000011110101010000000101010111111110101101001000100001010011011000000000000
v300_s7_p50,300,0.5,v300_s7_p50__h3__red__r3,h3,True,3,2.5601324274892963,48.0,0.7225836249999702,0101011101010101101101101110001011001101010011100100110111010101111010000011001100110101111101011000110110011110011010010110001000010111101101101001010001101000100110100101111011011001000010010100100110101010010101110101101110000100001110110101010010000001110111111010100001010101011011000100101111111101111010001000100001011111110000000
v300_s8_p50,300,0.5,v300_s8_p50__h2+3__red__r0,h2+3,True,0,2.500069099008176,40.0,0.6394545419607311,01001000101000001000010110010011011011110110111010110101001011110111000001011110001101001101001001100000100110111011100011001100100101111000001010010001110111110111011010111010010010110110000101001100111010110100011110001101110111000101000000001101101000011110001001010100001000001011011101011111001001101010100001000000001111111
v300_s9_p50,300,0.5,v300_s9_p50__h2__red__r0,h2,True,0,2.670955097076756,36.0,0.5194764580228366,01000010001011111101010010001101001000100101101011010100111110010100001010010011010011000000101011001111011110010001010100011011011110100001101101010101111010110011010110110010000010101000101110011010000110111111100110111000111111111101011010000000111100100000010100101101110111010001010101000100000001101000110100100000000000111111
v400_s0_p0,400,0.0,v400_s0_p0__h2__nored__r1,h2,False,1,1.1932277418552892,72.0,29.34575479099294,1010101101100100000101100100100101101111010010110011001000101000100001011101111001011010110110101111101101000001000100101101001011001001011101111101011101100101000010110101000001000110100101000101011100100011011100101001010101111101110101000100010001001011101001000101000101111101110110110101011100101000110011011011101101101110101011010110101101101010010010110011001000001011001001011100111001101110111011101011111011010001001010101000100010010010001100101100101000011011011010110100101011011011101111101010001100100101101000001010001000101000010010011001000110100110110101000110100101001010010101101000100010110011010010101011111010011011011001101101101010111100010111001010010111011010110101001101101001100110110100100101101110010001001010001001100101011110
v400_s1_p0,400,0.0,v400_s1_p0__h2__red__r1,h2,True,1,1.1895640772474279,72.0,29.371109667001292,1011101111101001010100010010111011011010010011011101011111101101001010001010000000010010010001010110100110110110110101001100100100101101101000100101110111100010011010010101000110101110101101010100000010000101111101101000100000110111111001010000001011011011011010010100101110110110100000001010001010000010100000111001101101000001100101101001011010010100101001011101011010110010010110100011011111010010100101101110111001011010111011011110100000110101110110101010000010011011111110101101000100011011111001010000001101101001011101110111011111011110100101000101000001000100010001010001011001011010110101011011001100110111011111000001010100000001101011101101100101010000001101101000001000010010110010110111010101001011101011100100010100011001101011110100101001011110
v400_s2_p0,400,0.0,v400_s2_p0__h2__nored__r2,h2,False,2,1.1922217927084275,72.0,29.070754957967438,0110101110010000101110111010111001010001110011010111010101110110100100110110101101101001101001000100010100000100011001111100101000010101101101110010100010000101001011100100000101000100101101100100110100110011001000110011001000110011011010011010111011101110110110101101100101010111001100101001001011010010110011011001010010101111100110110100010100010010110111001001011101101011010111110110111001010001000001000110111010111101011010010110110101011101110111001010110111011010111110010010010100010001011010111010100101110110100101110111011110100100101010011001101101000100010001011001001000100010001000110101110110110110110101011101101011101110101101010100011001000000101000010101110010110111110111011101011011100100000100101101011010110110100110111000000011011100
v400_s3_p0,400,0.0,v400_s3_p0__h2__red__r0,h2,True,0,1.189826667872214,72.0,28.827994999999646,1011011001100110100110010100101110010000110111011010100000100010100001001100100100010001101101001001011010100110101111101101011010101000001101010010100000110101000001101111101011100100010100000100110010001000110010001000100101110011010100101011101101100110101101001001101011010010001000101000100001011100101000010100101011010110101110010001000101000001001000001101101001001100101000110101010110010001001011101011011011101110010001001100101000001000010110101001010110100110101111101011101001101111100100101100100000110100101000010010101001010010101110011010011011101001010110100100011001001010000010001000010111110101110111010110111001010001000000011001001010111011001100101101011101001100110101001100100101000110010010010001000100000010101111101011010111111000
v400_s4_p0,400,0.0,v400_s4_p0__h2__red__r0,h2,True,0,1.1949038063433781,72.0,29.572394749964587,1010010100010110101110100101101110111011001011001011001001010011011101101010000101100110111011101010110110101111111010110101110111011100100011001001011110101110101101100101001010111011101011111101110010110101111101001100101000001011011001101101001011100101000110010001101010001000101000001001011010100101011010010110010110010001000001011001000001010011101101110111011100101010010010001010000110010100010001000101010000010001100100100101110111011011011111010111011101101010011001010001100101100100010001001000100010001010001000101000100010010101000100100101101011101111011010110100000001110010110010010010101101001011010101011001011001100100101111010010111010100100010110110010100001011111010110100001000100011001011010101011111001011010101011010111000011111100
v400_s5_p0,400,0.0,v400_s5_p0__h2__red__r4,h2,True,4,1.1905931507026843,72.0,28.944221750018187,0110111011100110010100011010010010011011110110101000100101110111001010000010011101101111101110011010110110111010110100110011011011010111010111110111001011001101010010110100010000010100010010111011011111001101110111001101110111001010000001010010101110111011011001100101101010010111010101110110101101011010110100111010111001000100010110010001010100001011010110110101101010100100101101101000010100011001000110111110101111011011100110100100101001001011010011011110110011011110101111101011110100010001010100100111001000110100101011010111011111110011011011101110010101101001100110111101100110101001001010101000001000100010110010100110010001101111100110011001011010111111001100101001011101110111011110100010100001000110100101000100100101101101011010101111101101100010
v400_s6_p0,400,0.0,v400_s6_p0__h2__red__r0,h2,True,0,1.1905014844139965,72.0,28.74059533397667,1010011011100101001010111011110101000101001101011011011101001010010111111011000010010001010010010001101001010101101011001101011110100100101000001010110100100010010001011001001011100110111110101111010111011111011010010011001101110101111001010001010010111010111011101110101110010110101100100100100010010010100001010100010110010100000100010000101110010000100011010111110101110111010101110111011010111001011010011010111010101101100101010111011111001100100010000000101000100000010001101011011010111001000110011010100100101000001100100010010011010111011010010110100110101110110100100100100110100101110011001000100011010101110010101001000100100101001010111010011010111111011101110011011101010111010111001010110110101110111011100100010000010001011011000000101010000010
v400_s7_p0,400,0.0,v400_s7_p0__h2__red__r3,h2,True,3,1.1959722441001344,72.0,28.605500000005122,1001101011110100010010101111101010011011011010010111110111001000101000000101010101101001011001010010011011101010101011111010001010010110100101011010000000010101100101101001101110010001100100000011011101111101011101101101011101110010001011010110100101000101000010011001100100110111101000101000110101001010001001011001011011011011101110010010111011010011011110101101011011001010000010001101010001011011101011110110111010111011010000101100101000001101110111001100110111000110101111010010011001100101001001101011110011011111010110101000110101011100111101101011111001010110010100000001001011011100101010001011010111110010001000010110101111111011111001101101101011010001110010101010010110110101111101011110101001101111111010111101000101000001011010100111011100110010
v400_s8_p0,400,0.0,v400_s8_p0__h2__nored__r2,h2,False,2,1.1875216076684276,72.0,29.895523375016637,0101000100100101101110111001010010011010110010100000110010100010001010000010011101011010101101101110111011111001100100101100100000110101110110110111011010100110101101001001001001011001010010111101101001011101011010001101011111010111100110100101000001010010010001100100101111110011011101011111001010010101101000101001100110100101010001100100000110101110110101110101111111011011010101101000110100001001000101010001101010010110101111110010001001011110110101001101110011011101100101000001011001000001000100010000101000110010001010001000001001001101011111101110111011111011100110010010010000110010100010001010001001010110100010000100011010110101100110100100011001010001110110100010110011010010100010010111011001101101101110111010111101101001100110000100000000100100
v400_s9_p0,400,0.0,v400_s9_p0__h2__red__r1,h2,True,1,1.1949150530031565,72.0,29.314214874990284,1011010100001010111111100110010000011010110111110010000010110011010110100101011001101101101010111110110100101110010010110101111100100101101101110011001101011010010110101110101111101101010001000010000101110010100000101000101101011100101001000100101110101111011011100101001010110011001000100000101010001000101000011010111011101101001011110101000101000001001010010101111010001010101001011100100010111001000110111011111111101011101100100010010010100010001101111101011011001101100100101101100110101111010010111011111011010010101001001001011111010110110101101001101111100101000001100100101111011010001000110101111101011101101000100010110110101110010101000001001011101100000011010010100101111101011010001001010100010000011001000110010001101011100111011110100000111100
v400_s0_p10,400,0.1,v400_s0_p10__h3__red__r2,h3,True,2,1.323580404782517,184.0,32.62291587499203,101101010111101111011110101110111101101001010010100000110101010101001010010000011100010010010100101011011101110011010011101110010101100101100100100000011001100110111010010111011001101010010011001100110011100101101001100001010110011001010001010100001011010001011101100101110011100110101010111110010001001000100101000100011010011001101010110010000010101011010010111101000110011010100110100101010100010110011001010001001100111001010010100100101010111011110110100100001101110010010010010100011001100100011001101011101010010111101011001100110111010001000100100010000100100110010010111011101001101011001010010100010011001100001101000010101000001101011101101011010101111001111000000000000000
v400_s1_p10,400,0.1,v400_s1_p10__h2__nored__r1,h2,False,1,1.3164922431798982,152.0,17.820042333973106,011001000001010111010101101010001011101001101101001001000001101111000110011001010101010111010111111110010100001000110110100001010010101010010011011001110100101000110110001000011101101111010101001101111101101111111110110100001011011001010100010010111111011110000001010010111011010100010001000101010000011001000100010000001101100100110010001001001010101001111110101110111100110101011100100101100100011001001010000000000100101101101101010010011110010100110010010101001011010010110111111001100101000101001011110111101010001001011101110000011010111111111010100101101010111110101101000110111101001101000110100101100101000110100101001010111100110110101101100101000110100000110000010001011110
v400_s2_p10,400,0.1,v400_s2_p10__h2+3__nored__r0,h2+3,False,0,1.3153495641168784,224.0,47.547823458968196,101011110101110111011110111011101011110011010100010001100100010110100101000110010100100010011011011001101001001110111001101100110101011110011101010001011001101001101100100100010100101101011010111011010001011001010000011011110110101011001101101111010110100010000101010011000100011010101100110011011100100110110100010010010001001001001100100010011011110011110101101101011101101000101000100110100001001000100011011100111010110101110010010010110100010010010111110101110011001001011111101101110101100100100110010010001001001100101010011010011010000111110011010010111001011001100110100101011011000100010011011011001101111001001110110110101011010111011100110101110111110110000000000000000000
v400_s3_p10,400,0.1,v400_s3_p10__h2__nored__r4,h2,False,4,1.3161942230144086,144.0,22.803990665997844,100101010101100100011001100110101011101011101001010010011001001110101011101010100101101001100101000010000001011010010001101001010111110110101010100010011001011010001010110100100010000001001010001101011111010010111011001011101101100101101001101001100010100000001011010110010010101110111011100100000000101000010000010001010111011100100000101000011001010010000100101011100110111011010110101010110111010010001001010111010110100000101110011011011100100100000101000000000010111010010100011011011111010010100110010010001010111010110010000100010010101010000000001010111100110101011111010001000101110010001000100000010101101010110110011001101011101000101101001101101101010010111011111111000000
v400_s4_p10,400,0.1,v400_s4_p10__h2__nored__r4,h2,False,4,1.3149920583014847,140.0,21.931806000007782,101011001010111101101101010101111011011011001001001001001011011100100011001001000001001001011101110111101010101011101011100110011001111010011010010010111110101101010010111110101011010000110010001001000010110010110101000001011101101101000100000100110100100001000110011010011000001010110001011000001000001110110101011101001001011011001100100011010101000010101101001101101001100110000110100011010010010100001011010000101001010110101011111110101011111001100110110100001011101000001011001001001010111011101001001101000110010101001000001001001001001010110101101111000100100100001001010111101000110100100100110100000100110111110101101101100100101111101010110011110100101101001011000111111111
v400_s5_p10,400,0.1,v400_s5_p10__h3__red__r4,h3,True,4,1.3230174082457433,198.0,32.48097624996444,010000000101000100000101000010001001111101101111101110101100100010001100010100000010100100100101011011011100111111001101110111001010010101011100101000110110101001011100101001001011010001001101110110100100101100100010011010111010010110010101101010100110101010100101001101001010101011001011101001101110111001011011010010111001001001001100101010111011101010101010001100101011011100110101000010011011101011011101100101011101110110011011011010011110110110111011011001100101100100100110110100100011001001001011010101101100100110111101100110100101101001110010110011011100010000100000101100100010010011010110110111001101010110111001010000011101101011001010100010001001011101011111111111111111
v400_s6_p10,400,0.1,v400_s6_p10__h2__red__r3,h2,True,3,1.3297824217069885,154.0,15.58200295799179,010010011011011011010011001010001101111010011000001001000100011010111100101011001101101011101110101110110000110111001000100010100100101101101010101000100010011011010100011001110010011110110101101011111110110101001101011111010100101000001000001011010100000101000101111100101000000011001110101111010000011010111110010000000010101011110010010100110110111011101001001001011011010001000100010001010110110000101000001101011011101111010110110101111010010010001001010110010010110011101001101100100010000010100110110010000110101110111010001110101110010101101100000100011010001000010011010001010001010010100011100101011110111110101111101111010001001010010100111101011101110101110000101111110000
v400_s7_p10,400,0.1,v400_s7_p10__h2__red__r4,h2,True,4,1.3219061352407424,140.0,21.56479566701455,010110101010010111010110101001011111111010011011010000000110111000101011110011001011001010110101001011110110101110111111001000101011100101010010010011101001001110010101011110110110010001111100110011011010010101010110100110111011010111110001100111000001010010010011101010111101101000011010101110010110100101000101111001010000111011010000001011010001010110111011001011001000000101111000110101000100001101011100100000100101110111110111110111010110101000001010011001010100011001101010101101011001100010110110010100001011001011010101000000011001011010101010000100001110100100101010001101111111101111100100100101001001010101011011011111001011110101101111011111110010001100100111000011111101
v400_s8_p10,400,0.1,v400_s8_p10__h2__nored__r0,h2,False,0,1.3296668319362708,156.0,19.183847458974924,100110111110111101110110010110010110101010010111011101010100101101011001001101001101111010001101000110110110011101011011101111101111111110111100110100010001000010110101001011011010111101101110100010110111011001101101101111110010011011010111010100101010011111101110010101000110110111010101110010101111111101010011010100101010000010101000000110010111111110010110100111110100011101101001101110010011001101101101100100011111011010110110101011111111011001101111101010110100000101011010010001001010111001011000101111111001100110101111110011011010010101110110110010001100101010000000101100100011001100101101111111001001011010110110010010101001111110010010111011011011011011000111110001010101
v400_s9_p10,400,0.1,v400_s9_p10__h3__red__r1,h3,True,1,1.3202032399686818,256.0,33.68063912499929,101111011110111011010101110111010111000101000100101001010100010100010001001010010101000100100110101110111010110101011111101110100100101101111100011001010010010010100000010010111101010011011001100110111101110010110111101101011110110011100001000110000110001010001100110101001001101101010010010111101101101000011010001101100100001010010010110100001000100000011100101100001110100001010110101010001000110010110101110100100100011110111011110001011010111010101100100110111001100110100101000110010010011001100110010010010110110101111001100111001101011101001011000110001000100010010001001101001101010111011011011100010111011001000110011010011001101110011101110111111011110110000000000000000000
v400_s0_p30,400,0.3,v400_s0_p30__h3__red__r0,h3,True,0,1.7688979000662155,144.0,4.05985508399317,1010101001000000100001010000001010011010010111001110110101111101111011101100010001110010101100000110101000000111000111110111110111111100111010000001000010110100000010110110001011001010111110000100101010100110010011111010111010001010101010001001100101110110010001001011011010101011011001011011110111100010000100110001000010001010111100001111101101100111001011111000010100001100000110101011101101110101010110011100010100111110111010010000000111110100101111010000001101000100010000111101100101011101110110000100110111000001111111111111
v400_s1_p30,400,0.3,v400_s1_p30__h4__red__r4,h4,True,4,1.741016870619387,194.0,11.643034374981653,1011110111011101111011111011101011111001100010010001001000010010101010000010111110101101011011111011000111001111101010001000110110000101000011101101111011100011100100110110110110101110010001001010011010101000010001101110110100101010100010011100010110101111000011011010011010110000110110110101010010100101011010011010101101111100011001101010000010010001000100010101110010100010101101000101111011011110110001101101011001011010100000011010100011011011011010110100100101001010010011011011010110110000101001010111101011111000010000000000
v400_s2_p30,400,0.3,v400_s2_p30__h2+3__red__r3,h2+3,True,3,1.851632826859246,168.0,13.857326207973529,1011111110110111110110111010100101111111010001011011101001111001010101011000000101011100010010001110001001100111010100000011010001001001001010101010100100000000000100111111111000000010000110010010101010110100101010001010110101000101000001111100101011000001101000010101101010100000010110100101000101110111110111111110111001000010001010111010001011010001010000010010011011010101110111101110000100000110101101111101101001101010000101011101111001010111011110110100101111101101110111110100101000110101101101010010010101001000000000000000
v400_s3_p30,400,0.3,v400_s3_p30__h3__red__r1,h3,True,1,1.8122454351971713,146.0,13.823801042046398,1011111011111010100101011011101001001000011111101011110101110000101101111011011111000100010001000110010101000110011000111011101000111001110000101111110101001001010000100101000001101000101110110100100111110010001010101110110011001100100001011100001000101001110010000001110101111000100010010010001011001101110010101100110001000101110111010010010100011011111000010101101011101111100100001010101110100000010101111100000010001010001000111001011100011101110110100101000100100011110101101011110100010010000010001101011110001011000000000000
v400_s4_p30,400,0.3,v400_s4_p30__h4__red__r0,h4,True,0,1.79140199686859,192.0,14.244341667043045,0100010000100000010100000100000101011100111010100101101000111001010011001000010010111110110100101011111110100010101001011010111100111011001101001101110000110111101011011010011010001000011100010011111010011001110101011100100111000011010111001000010100101100010101001010000101011100001001010101010000011000111100100101011011100100110101110110110010000001101101111010001101011101110001001000011110100000000011110110101001011011111011011110100000111101001000100111100100111000100101000010001010010001011101011010110010110111111111111111
v400_s5_p30,400,0.3,v400_s5_p30__h3__red__r3,h3,True,3,1.7337193984007158,164.0,14.363404000003356,0100100001000010100101001010000010110110111001010010001011010010000011001000101101111111101010101111101011000000010000110010110010100100011110011010011110010000110010101111000100010100000001100101010101011101101110110001011110100001110010100101111001011110000000010110010111010101011010100010110010100110000011010010111110111100101101001011000010011001010100100001010010010001101101101010011101010110110001010010001011011001011011001100110010111011010101010110111110100001111010101110101010111111010111101101010101000001110011110111
v400_s6_p30,400,0.3,v400_s6_p30__h4__red__r4,h4,True,4,1.8291451965052758,200.0,16.921597832988482,0101010010010101000101000010001011011111010000011011101011010011110111010101101010111111101101010111011100100000110100101110000011111101101101100100110101110111011010010001001001011000100010000100110010001101010101010010011010010010011101111101001001111001100010011011111101011010100110011001110010011001110110010001010110010001100011011110010101101001110010011110110011110110101010001001000100101111100010000110110101110010011101010110100110011111001101100101011101100010110101010011001000101101110111011100011101101011001111111111
v400_s7_p30,400,0.3,v400_s7_p30__h2+3+4__red__r0,h2+3+4,True,0,1.7755362339438219,182.0,16.869710250000935,0100010111011011101110111011011110010011011001001000011101011111010100000100110111010001011001101110010110100100111100101000100101101001101100100110010110010101101001001001101011110111000011111000100111101100001001010100010100100010000010110110101011001001110101000001010101110111101011010111100111001001010100101001001010110000101001010100110101100101000110011100101010100101001110001101110110111101010110111011011011001101110010111110100100010000111101101010111001101001010001010101101001001111110000100100100110110100000000000110
v400_s8_p30,400,0.3,v400_s8_p30__h3__nored__r2,h3,False,2,1.73171385947829,148.0,11.783805291983299,1010101000010101111011010010101000010101000111010111111001101101001001011101010101010111010110101010100101101001000110111111010111101110111001000100001001101101101111011010110101101000010000011111101111010101011101111001111001010100101011110010101011010000001101111001001010001110111001001100010101011110010111011001010000011011001010101010111100000000100000110101101101101010101110101000100100101001000100011010100101011100101010101011111000001100011011110111010001011010110011110010110101010111101111110110110010011011000001000000
v400_s9_p30,400,0.3,v400_s9_p30__h4__red__r1,h4,True,1,1.74211475682813,162.0,13.848382791969925,1011010100010000100001000000000001011010110111001010011011110100100110101000010010111010000111100110111101010101101001010110110010101010010110011001001000110101011011001010100101101010010110001110011101101100100101010010110011000010010110101100010011001000111101001101010000011101001010101000101101111100110010100011010110000101011101110101010100001010100101101110010101001101111110011000101001111111001010010010011100010000000101110010101001011001011010011011001101101101010110100001111110111101111000101110010001101111111111111111
v400_s0_p50,400,0.5,v400_s0_p50__h4__red__r2,h4,True,2,2.4701219418179368,72.0,1.920907708001323,010101010100000000001010000101011101000101001011010000111110011111100011000110101000000000100110001110000001011011010000011111111010101001101000011110101101101111001000111100100001010110111011010100011000100000111001101010111010101001000011011010001101110100100100001011011111110010100010001001001111111111010100100100010001011010000010110110000111011101011011011011111010100110000000001101111110111011010100010011011111111000000010001111111
v400_s1_p50,400,0.5,v400_s1_p50__h2+3__red__r1,h2+3,True,1,2.407516574248654,76.0,1.0396159999654628,010001001011101111111010011001000101001001000111010011000101000001100001000101011111010010011010111101101100110101010101011101110111101100001001010110101101011010000001011000100000101111000010100110111100000011000111110110011000011010101000011011011101000010011001000111110010000101000110001001010100001101010101110111100010010010110000011110001011000010110111011110101010100000101111100110100101000000010110011101110010000100010111111100000000
v400_s2_p50,400,0.5,v400_s2_p50__h4__red__r2,h4,True,2,2.5312519588562465,74.0,2.0428916250239126,10111111101101010001011101101010111101111110101101000110101010111010101011010001001111111101011011011010010101010110110010101010110111110110100010000100000010100001010010010110100100010011011101000101101110000100000001110101011011111011110101001010000101101111010111101100000001000010001001000100101011011001101101001001000101111001010100101111001011110101011011111101000010100100101101111000001111001000010010101000000101000000000000000
v400_s3_p50,400,0.5,v400_s3_p50__h3__red__r4,h3,True,4,2.631526527495197,60.0,0.8615497080027126,01000010000001001010001011101111011110010000001010100111010110110101111110000110010101011011010100011010000000111111010000000100101010110100100001010100010100010101010100000001001000111001100100100000011010000011101011111101011111100001000011111101101111101101010010001010111111011101010001111001011011101110110111100001101001001101000001000010001000010001111110011101010001010111011100011111101100001101101010100101000110101110000111111
v400_s4_p50,400,0.5,v400_s4_p50__h3__red__r2,h3,True,2,2.321208432169746,64.0,1.075111582991667,0100001001000001101111011110100011010111000001011111101111110101100011110100010010000100001110110100001000110100101111111010101001110001011010100100100000110011101101101001010101011001111011100000101001010010011111110101111110010010010111111010011010111000010000010110101010101111001100111111101101111011010111010100100100011010000100010110111001010100101000101100000010110110010111101100100101010100000000101011001001110101000000000001111
v400_s5_p50,400,0.5,v400_s5_p50__h3__red__r2,h3,True,2,2.804230644761194,52.0,0.7058778339996934,0100000001001000010010111110110111101001110100001010100000000010100001111011111010101110101101010111000101010101111111110000011010000101001010110011111101110110111011111011010101110010110111110010101101001000101000011111110111100101001010111101001001111010000101110100101010110101001011010001010101010000101111011100001110101000100110110100101010100011011011101011010000001001001010010011101010101101111000010110000010100011111111100
v400_s6_p50,400,0.5,v400_s6_p50__h3__red__r4,h3,True,4,2.8590107516532175,60.0,0.7370260000461712,01000101010101000100001001000110010000110111010100010101010011101101111110100101011011111111100101101010001010010010101001011111101110111001000100100010010000010101010100001110101001110101111101111111010010010100000010001010110010011111011001100101100101100111000110111110011011011111101101100110001011110111101010111111101110111101111000000000010101011010000001001000010111111010010010010001000001111010001011001001101111110001100000
v400_s7_p50,400,0.5,v400_s7_p50__h3__red__r1,h3,True,1,2.5971511105935763,64.0,1.020832042035181,0100010001001010111011110111101101000011011001100100010101001011011110010010001000000100111111010110001000000101011101011011000000011101111101101101101000111101000000111011110001011011001001001001111110110110010010100000110100100111101001010000101010011110100101000111111000010111111000101101111110101101000001101011100100111000100010101111100100011100011100010001000001111100111011110110101001011100100011000100100101110011110000000111
v400_s8_p50,400,0.5,v400_s8_p50__h4__red__r1,h4,True,1,2.784912966882052,80.0,1.655084042053204,101101101101101111011111011111010101111110110101110100010001111000011010100101010101110011010111000001101111110100010001011000101011111111000100000100000100011000011111101000101000011000010011101000010011001100101111110000010001001101111100100100110100110010110100001001110101110111010010110110101110101111010100001101000000100101010000010011100001001011100010101111011101011000100000010001101101110101010110011110110100000000000001111111
v400_s9_p50,400,0.5,v400_s9_p50__h3__red__r2,h3,True,2,2.4002557875316617,54.0,0.7860055000055581,101101000000010111101111110110100011011010110010000111010010101010111100001010101111000000101001011100100101110101010100000010100110111110111101010101100010011001001001110011010101010111111010111100001010111100111101010000000110101100010111111110100101010001011101010000101001001001011010100001011010110000011011100100011000001100000011011001111111101100011101000111101100101000010010100000001100010001110011010101101001000111110001111111
v500_s0_p0,500,0.0,v500_s0_p0__h2__nored__r2,h2,False,2,1.1823546534702134,82.0,47.89170712500345,1010010101000010111110011001010110011001101110100010110100100010100010001011010111011011011101101110101101101101101011111001010010111010101000100000110101111010001010010110100100101111101110011010010110110110110100101110011000101001010110100101110111110111110011001010001111100100011001001001010100101110111011111001011101101100101000001011010010100010001101010010011011101111010010110100010100100110100100100100101001011110100011010111110101101001011101000110010010111110110100101110010110010001011101110110100101101011010011010111110111010010010100011001001011111001100100101110110110000101110111011100110111011101101000100011010100000100010001001001100110010110010100010001110011010111011100101000100010100011010111001010110100100101000110101101101101100100010000100010100000101001001000110010101001010111001010111101001011010010011001101111010000100100000011011100110111001101011101111111010011001001101011011010111011101011011011111001101010100010011100110010110
v500_s1_p0,500,0.0,v500_s1_p0__h2__red__r0,h2,True,0,1.1788796745613128,82.0,34.44167950004339,1010111101000110100110111001101011111011111010100011011101101001010111011010001100110110111010110101001011100100100110111011011001010101001101111101011101101001001101011111011111100010011011100101001011100110100110111011111100100010001001011100101001001000100010001101101110111011010010011011100110010100010010101100100100101100100101011101101011001101001000101110101111011010010001000110111011101011101111001000110110100010001000100010001000001000111011101110111110110110101101100110010001000100001000100101110111110011011101101100110101110110101110011001011001100110010110010100000100100001001010001010001000100010100101101001001110010001010001100110101110111110101111101000100010010111011101110011010111110010101000001101010000010001001001100100011001010110101010110111001100110010010011001010001101110100111010111011101101100100101011111011101110101110000010010010110010100000001010010011010010100100101001101101101110100101100100101001011001100111111111101100011
v500_s2_p0,500,0.0,v500_s2_p0__h2__red__r1,h2,True,1,1.174132350524616,82.0,46.53878495801473,0110011011011011101011011001010000101110010100100101011110101000001101011111001000100011001010010010111111100110010001010010011001101000000010000011011010100100110110100010010010000100101001010001011001000100011001101010111011110100101101011110110101110110110010000010000100001011100110111110010100011010111010110101010010001000100011010111110110100100100101110100100101000100100100011010111110101110010101001001011101110011010110100010100000100011010101000001001010111010111110111101001001010011111101011101001100100011010111111100101101010110101011100101001010111001010110101111010001010101011101111101010110110111110101111111000100000001001011010000011010111110011011111011110101011100101100100010000011001010010110100100000001001011101110111001100101010000101101110010010100101000100100110010101101010011011001010000000110011001001001011011100100100100110111010011010111011100101010001000100001011010111001100100010001001011110110011010100100000101010111111110001
v500_s3_p0,500,0.0,v500_s3_p0__h2__nored__r3,h2,False,3,1.182197758170829,82.0,45.80293858400546,1011010000011010011011111010110110101101000100110110100101010110101010000010100000101000101010111110010000010101101001010100000110101111001011010110100101111100101101110101110010101011111001010100000101000110011010011010111100110111011111110010110011001100100100100101101001010001011010111110111011101110101110011000101010001101001011010111011010100000100100101011110110100110110100010001011010011001000100001101110011010111101100101010000010001000100001000100010000010110010101100100101011011010010011010110100010100011011010100000001100100100101001101110111110111011111110010010011011010010001000100101101010010111110111001010001001010010101101001011111001101110110110111010110111001000101000001100110010100011001010001101100101000110010001000100011010110110110100110010110101110111011101110111010111101011001110111110101101101011010100010000011011111001101011001000110010010111101101001100101100100101101011101110111001101111101011101111010101111101000000110000001
v500_s4_p0,500,0.0,v500_s4_p0__h2__nored__r3,h2,False,3,1.1826260965172546,82.0,46.39182424999308,0101100110100101001010110110111110111001000101011101110011011100100010100101101100101001000101001001010010101101011001001011010110010001011010010111001000101101011101011111101101010101101001010001000110100101000001101111100101011010001101011101110010110100101000101000100110111011010001000100011001001011011011101110100010001100101001001101011010001100110011011110111011010110101011010001100101000100010000100010001101110010001100110011011101110111011010111011101101101011101101101011101110111011001101011011011100110011011010001001001100111011010001101011101110111011111011100110101110001100101000010011010111011110101000100000100101001011010000100100010001010110011010101100110010001010000000100100110111110110100000101001100110111010101110011001101101101110101111011101101100100000100100101000110011001000110010010110101110010100000101001001010001000111010111110101101101101000110100110110110010110000010100000110011011101101000100011001101110001100010101100011100
v500_s5_p0,500,0.0,v500_s5_p0__h2__nored__r1,h2,False,1,1.1828699597016357,82.0,47.81390954204835,0100100100101101000101000000011001100110100101001000100000110011011101001010001001001000101011101101000100100110010010111011101011011011011101111011001001010111001010001000001101010010101111111011101001010010110110101011100100100000101101011101011111010111110101011101110100001011010001000010111001010100000001000111010010001100110010000010001101110100101000101001100101001010111010110110101101001011101100110101111100100010000010100000110100110101101101000110011010111010111110011010101101001011011101110111001010000010100100100000110101010001001001010001100100011010101101000100000010110100110111011011001101010101111101101000011001001010110110110110101001001011010110010011011101001010100011001000001000010111101010000001000001010100100101000010100100010101010001011010001101110011011101010010100010110111011011111011101101100101000000011001101101101010001010010011011010110101001010001001011010011011110100100101011010010001100101000001010010000000011011111110110
v500_s6_p0,500,0.0,v500_s6_p0__h2__red__r2,h2,True,2,1.1764758708868464,82.0,46.5762127499911,0110101011111001000100100110100100010110010101110100101100110011010101110011001010100010101001000110011001101001000100100110111101101111011101110111011101011011010011001010110101110110101101010001000010110100010001011010011011001001011111011100100011010111011111001101010110010010111011011010110100010001101011010010100010000010001100100011001010010100101010011110111010110110101110110110111010010110111011010111001010100000100011010111001010100010000000100110111101000100010000010001101110110100100001001101111011001101001010010011010111111110101011010101101011010001010000101001010101010100110111111010010111011111010010001011010100000100010101010000010001101010110101100110100001001011011111001101011100100010110011011110010010110101010001000001000100010100010001001010000011011111011101011101110111110111010101010000100101100101000001000100011001100110110111010011011101111010010101101010010010111001101001010001000110111001000110110100011010000111111000101111000
v500_s7_p0,500,0.0,v500_s7_p0__h2__nored__r4,h2,False,4,1.1779323549552612,82.0,46.440650832955725,1010011011101101101011011011101110101101100101001010010101111010001100110101110010110011010010110100000110110110010100000100011010110100000011010010100010100101101001001100100011001001101001011010111101000110010001001001100100010010001101001101111011010111011101011010100100101011100101001011111001010001000001011001010010001000101000010110110111011100110111001001010001001011101001010100100101000100101000110110110100101000010111101000110101110101001001011010010101000000011011101110101110100100110110100101111101010111011101110010100001010100101110011011101010110101000100011010010011101001001010001000000011011101110111001010011111100110110110101001100101000100010010111010110011001011010101011010110011010111001010001101010010110100000001011010111010110101101000110111001011010010010110100010000010110101011101100101010000101001011001101001011010101011011011011111010100101101011101011110100000010010110110111001000101000001000001101110100110011110111110110101000
v500_s8_p0,500,0.0,v500_s8_p0__h2__nored__r2,h2,False,2,1.183471060918189,82.0,47.17408720799722,0101000001001001010001101001010001100110100101111100110100110110110010001101011101110101111011011001001001010100010001000010101110010100110110101000001010100101011101010101101010101101101111100101101110100110100100000101101101011010101001011011010011001001010011011011011011111111101011111010111011100100100101010000001011011101011111010111011011010010110111010001010001000001010000010001101001011010111010110110110101011111001101011100101101001010001101011010101011110101000001001011010001101010101100100000001011011100110010010110110100110110011010010001101011101101101001101101001010100101010110101000001000110101011101111100101001000000010110010001001010100110010101001001011101010111110111011101010010100101111101000101000000011001010001000000101110010101000001011101001010001100110100100000100011011100100110010001100101001001000100001001100101000101001010001001011100101001010010010101111101110010111011100101001011101010111001000101000100000001111100000000101
v500_s9_p0,500,0.0,v500_s9_p0__h2__red__r1,h2,True,1,1.1820541325945553,82.0,46.586837207956705,1001001011010100101001010000011001000110110100101000010111101000010110100010001001001101101111101001101111101010111110111011101011011001011100101000101000000010100100110010001010000001000101001011100100101110010100101011110100010010110100101001010011010111110100101011000100101101001011010000010000010100000110111001001001011010010111001101010111110101110111001011010001101001100110100100101110011001100100101100110100101001010101110101101101011010100110101101001011101010010100000101000001010101110011011101011010000010100000101000001101100100101011101011110100011010101111010010011011010100101000010111110111001000101101010110101001001011101001010100100110010110101001011001011100101000001101110011010111101000001101010010010110010010010100010000101111010001000000100011001101010111110111010010110111011101011001010010010000010100010000010100010010100100001100100100100010100101010111101101001000100110101101000100011001000000101111101011011001101100010110000110011
v500_s0_p10,500,0.1,v500_s0_p10__h2__nored__r1,h2,False,1,1.2819121056166014,170.0,41.75203058304032,101010001010110011001010101011010100110100011001001010100010010100000011000010011011101101001010111001010010010101101101001100111010101011101111111010010100101111001011011110100111111111010111111010110110111011110010101011011110100011011100101011010000001001010100010111110110100101101011001000010001101110100010100101010010011011101110111010111101011100101011010110010001000100010010110110110101101001010101010101110110110001110111110001100100001101011010101000000101111010100010010010010011010010101101011010110110101000010010011001001100100000001100101001011110101011100010100110110011001111001011101001101010010000010010011001000110011001001000100111111010111011001110110111011101000100010111001011011010100010100101011010111000100101110111111101010110100110010001000011011100101000101101010010101001001001100101101101001110101011111100100011010111111111111011000001
v500_s1_p10,500,0.1,v500_s1_p10__h3__nored__r3,h3,False,3,1.3104972017406746,276.0,61.80016858398449,101011101110101110111101110111101011101110000100001010010000010000101001001001001011100110100100011100110010010110100010001110011010010011010100100001100110010000110111100110011010110101100111001100011101010110100100110010100110011010110101111010101111011011001100110010110010010101010100010100101011011010010100110010110100111101111100100010101110010010110101011110010010101001010110011001010010001000100010010010100000100011001100110010010100101000110010000100101001001100101011011001101110111011101101110010101101001011110110110011000101101101100110010010110010100010000100100100011001101110101101000010010100100110111101101100100101101101101011011111000010001000010001000011001001001000110101101110110011011110111001101100100100101100110101100101101100100100001101011101001010101100100000110011010111010100001010011011101110111110111010101110011000000000000000000000
v500_s2_p10,500,0.1,v500_s2_p10__h2__red__r1,h2,True,1,1.309205241560955,206.0,30.36099870799808,101110110111011111010100110010001000110111101100100010001101010100101100110101101101101101000010010101110011001001001011010001001010101000101000101000010100101010010101011010001000101110111110010001011111111100101011010101011010110011001000101011101011011110010001101110111111010110101110100100110101100110101110111110000101011101110011010100010100101000110000011011110110111111011101001010010100100110111010000110101010101001101001110010101010101100111001010100100010001011010101000101100101100110111110011010010101111111001101101101100101101111010010110111111010111110101100110111010101101001000101001000101101101101110101101011011010101001001011101101010110101010000100010111101011101101110111110100010010001001011100010110110011011010110010001001011010001001011010111011010101010111011010001011001000101000100010111110011001011110010001010100100100111000000001110001
v500_s3_p10,500,0.1,v500_s3_p10__h2__nored__r3,h2,False,3,1.2976450012988365,184.0,29.52665795799112,100101011101011001010110010000101010001001101110110110111011010010101110010101000101110110010100011011110100001101111111001010100011010010100010010000010010110010000111111011010001001010111011111111010100001111101101110111100100010000101001101110001101110110000100101011100111001010001010001010000100110100101010111101011011011010101110101011100111001000101001101101001010010111101001011001000100011011100101010111001011011100110100110110001000100000100101011001101011101001010011011011011011100100110010001000011010110110111001001010011010110110101101011010010101001010111101010111001011001010111100101011000000010101001001011001010001001000101011101000001101001101001010010010111101111111001001000100110110100100101000001010100101110010100100101101000001101010110001010100110100101011110101111110111011110110100101011010000000100010110010101000101011000110110000000100
v500_s4_p10,500,0.1,v500_s4_p10__h2__red__r4,h2,True,4,1.304894182549564,182.0,26.83346283400897,101001001001000010101010100001011110010101000001000010010000001011110100100100111101001001000001001000010111001010110011011110010101110110111101001110111111010100101111001001011111011110100100100010101101110010110110011010111111010001000110110010001101101111001000000010100101011011011101100001111011100011011111000011010111101101000101101101001001101011010001110111100100010000100000101010010110101111010100010011001100100000100100100101011011101101011010011001010000110010010111101100101001101100101001011110010001000001010100100011011110101101011011101110110100111110101010001101111101011010101111110110110010001111010110001010101001010100101101101001111000011010101000001000100100010100000111101010100100010000100101000001001011010001111101001001010001011101011101010100010100110101011010111001001000101101010111011000111001100110101110010100001101111101001101011001
v500_s5_p10,500,0.1,v500_s5_p10__h2__red__r2,h2,True,2,1.2916862376710723,178.0,32.60339149995707,011001010111001001010100010010101111001101110101000100000101101101010110010001000010001010011010010101011100011101110111000100110101110011011010011011111010100010011101101001010111011100100000011011011110100011100100010100100100100001001000110110101110010100110010100010000010010010100010010100110101110111010111101111001101110011011011001000110100011010011001100110101010011101010001000110101101001010100100100010100101010010101101000110101111101011000001011100101010001001011001011011110101001001001011110101110101101101110110111010111011101001000001000001100101000100011010100101011010111011010110100100101001010001101000001001011011011001101011001101000101110101110010010110110100100010010100011001011101101000010111001101100101101101101010010110100000010100011001010101100101101011010110100000100001001010101010101111111100101001000101001010100110000000000001111111
v500_s6_p10,500,0.1,v500_s6_p10__h2__nored__r3,h2,False,3,1.2974331862708373,164.0,28.444213707989547,101010100101101010001011110110110011011010100000000101101010011011111101000010011101101001001010000010111001110100101001101101111010111010010010110101001001100100010010010100100101101000110110111101011010011001000001000100110101100110101101001001010010010010010100100000101010101001001101101110010101000100000100011001000100010010000010111110110100101110101101011110011010100100101101011010010101001000100011011001010000010101000000011001011111101100110110001111110100100110010101010110111011011101011111111010110101011010100001001010100100010011010011011110001010001011011101110110011011010100101110100010111010101100101000100011011100110011010101001001000101000100010010100010001010101011001010111101000000010110110011011001101101110010101101010101001001001001010010010101010110110100100010110100101101001010100101011011110010100001110010110100101001111110111100001001
v500_s7_p10,500,0.1,v500_s7_p10__h2+3__red__r0,h2+3,True,0,1.2963885811694948,276.0,59.12870245904196,010100010010000100010000101000100000010011010110101110101111001010101111110010011010110101101000111101110010001100100101101110010100110100100100100101010011100010010010110101000011101001010100000110010110110101010110101110011010011001010010001001010011011010010011001100110110100110101100110010100101010001001001100110010010010100101110100100010101011001100010010100000110001000011010100010111010001110010001110101110001101111000010011100101111010100010001000001101101100110101101001000010100101011101101000101001001010110110101111000010001100100110010010110101010010101001001101010000010001100011001000001001101001100101101110101110110100100111110110010001001011001000010001110011011101010111011001101110110100101010001001101010101101001010001001010000101111100110010011110101010101000100010100000001010001010011011001010111010010110101001010010100010111111111111111111
v500_s8_p10,500,0.1,v500_s8_p10__h3__nored__r2,h3,False,2,1.312850195997611,280.0,64.8242100419593,101110111011010111011010111101110111111111000101011100100100100010000100010101101010010001100101101010101000010100101101100110011001000001110010110100100101011011110110110011001000100110101001010100011011100101110111011010001011010010011000011100110000010001001001101001010111111011100010001101011101100110010100010001001011011101101000100011001001111011010100100010010010100100101010010100001011101101101101000110100110110100000100100010010010100011011100010001101110010100101110101101101001100101010110100111001010101001000110011001110101100100101110111011010001010101010100001001101011001010011011011010111101110100000100110011011011010010000101000101010010100010100101000011010110010010011010010010011100011010010100011011100110010011101010110010110010101111011011010010110110100101101100110100100100100101110111001101110110111010110101011110110000000000000000000000
v500_s9_p10,500,0.1,v500_s9_p10__h2__red__r2,h2,True,2,1.305266683224411,188.0,31.90827266598353,101111101101010010101101011101011011111001001010010111010011001001111110111101101011001010001000100010010010001011001010011110111011011010100000010101010010100101111010101010111111001001011111110100101010101011111001010010011010010111110011011111110110111011011100101110111011011010101101011010110110010100010010001011101011100101010001001010010101111111001100010101001101110111011111001000101001010111010110101110111011010110101110111000000100111110010100010001011010001100111100100011111011110110110110110101000101001010101111101111011011101101101011000110010000010100101100101001011100110011001101001001011010110101111000100000100101011100100000101101110001101001101001110010001001010010000100000001000011010111110110110010000100101110010001001001010111101110010010001011101010100100000000010100011010011001011001011001001001000001101011101000000101111111110000110001
v500_s0_p30,500,0.3,v500_s0_p30__h4__nored__r4,h4,False,4,1.6463276356535197,210.0,38.79329566704109,10110111101101011111111101011110111101100101010010010011010110000100011100010000100001100110100001010011011011111100101011011010101010010100000011010100101000110101001101110101100110011101001001011100010100110110100011101111000111011110101000101001000100001010011010101010101110011101111111001100111010111010101011010110010100100101001010011011100010011001101010001100010001100100001100110010000110111001110111011001010100100110100110110010101000110110001010010100010110100100101100100000010101010100001001010110100110101010101101111111110010010111001101110010001000101000110110101101001101111101110110101010001001010010010100110101100001100001010101010100110000000000000000000
v500_s1_p30,500,0.3,v500_s1_p30__h4__red__r3,h4,True,3,1.6959577710924236,220.0,23.97487562499009,01000010001010010000010100001010010101110101011110110110110001101101010100110001001101011010101001000010100100000100011011001010010001011101011001110001101101010101101000101000000100010011011101010100110110100101011011001011000111100101001011000011100110111010110010101010011101010000100101001000101111011000010010010101011010100101110001000111100101010111110001001011101011010111001010101111000001001000011100111001100101011011110010100101011011011011000110111111011110110101100100000010000010001001001101100110010010001101011010100010011101011011111011111101101010100010001010010000000111010000110111000100001010000101101001010100010010011101011001010101100111111111111111111
v500_s2_p30,500,0.3,v500_s2_p30__h2+3+4__red__r2,h2+3+4,True,2,1.7346639935288035,244.0,25.72012483299477,10010000101011111101111111111010110010010001000010100010010100011111101111101011100010010101110100010010000100110010000101100101011010111100010011010011001010101001100100011010101001011100101000110001101111001100101010011011011011101001001110000101101010100100111111000101010010110001010000011110001101101000101101011101010011101100000100100100011110010101100110111101011110001110111011001110001111011101000101101011100011000101001001100101110001010011011100110111001001000100100011011010001011011111011110111110101011101111111010010011101111011100100101011111100010011101011011010100000100101000010011011111111110111101111110100110001000100110100101010100001000000000000001100
v500_s3_p30,500,0.3,v500_s3_p30__h2+3+4__red__r0,h2+3+4,True,0,1.6833897768075017,254.0,28.27589020796586,01000010000001001001000001001010100110100111011100010110001100110111011011011110101001010101010000110011010100111001100011101001001010011001011010100011110110101010100100110010111010100100011100110111100110011011000111011110101000000111010010110100100000111101000101000010101101010000110110100101011010110101100110100110001001010011101011010011011000111101001100101010001011010100101010001001111110001010010110011000101000010110110111010100011110011110101101100010010001100101101011011101010000101001110011001101101001001110111011110111011010001011001001011011100100111101110010001100111001001101011101010010101101100100010100001101011111010110011000101011101001001111111001111
v500_s4_p30,500,0.3,v500_s4_p30__h3__nored__r1,h3,False,1,1.738444901959119,210.0,47.54377133300295,10111110110111011011110110110101011100001110101000010010001110001101101001001001100100001000011010101000100001101011010011001101000010110111001001101010100010000111000100100100010001111100011100010110011111000001011111110110001001001100100001001011100101101011011101001101010000111100110010010101110111000111000101101001010100101110100010101111100000100101001010110110100001011011011010000101101101011010001000010010111110101011100001110111101100101000101011110110001010101100110100000010011011101100001011011101010101010100011010111101011111100100010100101011001001110001010101101100011000000100111001101110011010010100101011101110001000110100100110000100010110000000000000000
v500_s5_p30,500,0.3,v500_s5_p30__h2+3+4__red__r1,h2+3+4,True,1,1.7186011880413723,250.0,23.522108250006568,01001000010001001001010010010100101000101111010010001000101010100111001101100110111010000110111001101101001010011101111011101000100010010101001010010100001100100000111111110111011010011101011101001101011010100001010110011101000000011110111011100100110111010101010110100100101010111001010011110101101110101100001000001001001010011110101011111001101101101110110001010000110111011110011011001000001001010010000101001010101111001000001111101100101010111011001010111000111011010010000011010101101101000010101110011010101001101011110101001101101110000110001101100110011111000101001001011010100010100001010110110101101000101100111011011011010100000001001101001011010111111111111111111
v500_s6_p30,500,0.3,v500_s6_p30__h4__red__r1,h4,True,1,1.8368048509769803,266.0,23.698726332979277,01000010010000010000001001010000101001001000011010110101100000010101011011011001010100001010101010101111011100100011011110111001001001001001000100011001010011011011011010101010110000111010111101110100110110101011010101010000101100100101011110011001101100111010110110010010100101110101011010011111001110010111110000000111010101010101001010110101001011010011101010000010101101111010101010111010101101101010000000101101001001011111011100000000011111010111100001000011110101010011101110110110111101001010010100010100100100110011001101010101000100101001100110011110011111010010011010001101010000001010111110001000001011010110111100000110111110011011100100010010001111111111111111111
v500_s7_p30,500,0.3,v500_s7_p30__h4__red__r3,h4,True,3,1.7144127338844344,232.0,22.664611917047296,01101101111110110111101110101111111001101111001001110110100100010110110010101110010101100110110101100010010010001110010010101010110100101001111010011100100101101101110011001100100011010100001011001001011011001100100101111010011001011010010101100010101011001000101110010010010101100101001011011001101010110100101011100011100001010110001101111001011100100001100100010010000000100111111001101110111110101111110110101011011110010101111101010000010100101101101001011110101010111010001101101101001001010100000110101001010001101110110011010010010111100101000001101101111110011010001100111000010000010100001101001000011010010001010111101101100111111000111010000101010100000000111000000
v500_s8_p30,500,0.3,v500_s8_p30__h2+3__red__r2,h2+3,True,2,1.828630881572247,198.0,9.306697791966144,01010101110101010010111111011010111110101110101100000001110110101000001011110101000010010000010011101000001010110000100001101110001011100101111010010010010011010010001101111010100000101101110000010001001011101101110110111101100100000000100100100001000111010010010001010101100110000000011010110010000101000100100100000101000100011001010100100100101010000110100011110100110100111100011011110110101010001010010010011111000010100101000110110101110110011101110111101110110101101011110111111011011000010001101101010101111111111111110000101110111100010100110101111100001001111111001010111111111111000110101111010110101101110100001101101000111101000101011010110101110000001110001111001
v500_s9_p30,500,0.3,v500_s9_p30__h4__red__r2,h4,True,2,1.6425216957481632,224.0,21.09728033299325,01000101000010010001001001011101010011010110110100001001000001100110010100000100101111000001010111010111011000010110111100000111110100010010000111011110100101111101001001000100100101101110010010111111001001010100100010100101011001010101110111110101000110010010010010110000010110101101010110110010111011011110101100110110110100000110000100110101101010101010100010111001011110100100110100100101011110100010101001100110111110101010011010101001100100100101001011011011000010100100101101011010001011110110111101110001000101010110101001010010110110010110010100010101100110010001011001001011110101011011101101010000101010011001000001010101111111101000101001010111110100111111111111111
v500_s0_p50,500,0.5,v500_s0_p50__h2+3__red__r0,h2+3,True,0,2.640484142686172,74.0,0.8356051670270972,0100100010010010111111011111101111010101011010001101110001010101111111011111101111110111101101000001101011010000011011111100110001111001101111111011001101101100001001100100100101011101000010101111111000000101101001001101110000001111010111111011111010000100101111011101101111001011110000010010101010100001001110101111101001101001001100000010010111101101001101101010001000000100010101110011101111011111100001000010001111101001001000101111100100110100010100100000010100001101010000011111100101101011111000000010101001011111111011010000000000000111111
v500_s1_p50,500,0.5,v500_s1_p50__h2+3__red__r3,h2+3,True,3,2.3517463742159,76.0,1.4590837910072878,0100001001011101111001000010001001001101001000010100111110110010111010101100011001100100001001000110101100010001000001001000101111001101011010111011110010011010000100101011111010100010001011000001111111001110110000100000000011010001001000010000100100101101011010000011000101010010111011110010010011011110101101110111000101001000000001001011011100100111010010100110111011100110000100100101000000110001111011010010101010011010110101000110101000001000000111101001100100110110111101001101010001101000100101101011111000111101010000100000101111011111111111000
v500_s2_p50,500,0.5,v500_s2_p50__h3__red__r0,h3,True,0,2.7724853549052426,80.0,1.0377858750289306,10101111011011011111101111101110111001110110111101010011100010011000101001011110100000010101111001101011111101110100100111010000111011001011000010101010001011100000000101010101101101000000000100001000100111101010001011010101111110111110101011100010010010000010111011101110101111110010100010100001010001000110110000001000110010000101001110000000101010010010101111001011101011101010001001101101111111001101110111000101001010111101001011010110010000000010000010100000100100100000101101101101110001111110010000111001010110100101010011111011111111111111111
v500_s3_p50,500,0.5,v500_s3_p50__h2+3__red__r1,h2+3,True,1,2.474209198350518,76.0,1.188145165971946,01000101111110110110101010111110111010101111010010001111101010011111111010100000011001100000111101110000011001011010010100001000000010011101010001010000100001000000011101110111010110111101001001111010110110101011110001010111111110110101000100001001001001100101011110101000100100110000100110101011011011100001110110001000000111101000000111110100010111111101001001011101000001111101101011011011100100111100110010010110110010010011101001101011100001110000100110011001011011000001001110001100111100101100111111011011110110101110010001101101111111111111111
v500_s4_p50,500,0.5,v500_s4_p50__h3__red__r4,h3,True,4,2.561380563872439,88.0,1.276927292055916,010000100100000011011111011010111111101011100000111110101001011111010101011110111111110111111011010101110101101010110110000100000010101010001111111010101101111001011101111111101010111000111010110111010111000011011101110100100100110010001010010001101001101000100100000000110010100000001011000100101010001101110110101001011010110011100001000000001010000110111111100001010011100100100100011010111011111101000101101100000101011110000010001100100000011111101111100010010000010011111001010110010110000010100010011001110110111000111011011010010101111100000010001
v500_s5_p50,500,0.5,v500_s5_p50__h3__red__r4,h3,True,4,2.6570446563080448,70.0,1.1172341670026071,01001001000000010010001000000100111111000010000110100011001011101011100001100001111111000100100100001000100110111101010100111111010101100010001101000101100001001011100101100010001010100001010101110100101100011100010000011101110100000011111001001000000110101100111010010010100000100010101010010101101011101010010100010100100000101000100111110011111011001001000011010111000111011010101010010111101000010101100010001011101110000011000011010010111111110111110001000010010111111000111101011010010000110111000110101011100010111111101101111111111111111111
v500_s6_p50,500,0.5,v500_s6_p50__h2+3__red__r1,h2+3,True,1,2.688200569245625,104.0,1.293441082991194,1010110110101000000100101000010001011011110010010100000010010000011001011010101011010110010111101000101010101000111111111101101001001001000010010111110000011010111000101011111011110001010101101111010111011101000110100011111111111100000010000100100011110100000110101010001010001111010010111010100100011011100010101011111111111101010001110101111010000001011000000000001111111110110111101111000111110111000111111010000001001001011010010110111010101000110011101011111010000111011100011101010100101111011101111111111000010010000011001000100001010000000000000000001111
v500_s7_p50,500,0.5,v500_s7_p50__h4__red__r0,h4,True,0,2.60177136224064,72.0,2.095513290958479,0100010000010000001001000000011011111010110011010111011100100101101011100101011011010000100001001011100010111010000011100001001101111101011001011111010010110101010001001001010110000011000110100100011010111101001110010110000001000010111011110111001110000111001011101010001001111011110000011010000001010001010001000001011011111101110111010111000001101110101111101101111010110001010010000110101110000111111011110111010110110010001010111001010110010001000110011011010111110111001001000111001001011000110001101001111001101101011101001011111111111111111
v500_s8_p50,500,0.5,v500_s8_p50__h3__red__r1,h3,True,1,2.3263675077099646,82.0,1.389467291010078,0100101000010100001000001011010111110000011011111000111011110110110000101100000100001000011010101010010111010010001101010101100000101000111001001001000010111100011100100101011101000001111111000010111100001010111110111011010000011110000001111001001011110100001000001101101001011111000101000001101100001011010110010110111101101010010111000101111011101111001011101000001001101101111101011101101011111101010111001000001010000100111000101001001111000101001001000010010110100000101011111110100000011101010001010010001000010001110110111100101011000000011111111111
v500_s9_p50,500,0.5,v500_s9_p50__h2+3__red__r4,h2+3,True,4,2.4345076737158307,74.0,1.189127457968425,0100010000101101110110101011110111110110111010101100011011100110010101000000000010011010010101100101000010111011100011001110001011001110111111010001010100100100000111101010010101011101101010101110110001000111010110101101101110011101000111100001111100001100001011010100001100001110110101010010010001111100011111100010101000110000000010001001011101101111011000001000010010010110110110111011101110010110110101101111111011011101010001010000011100101101101101011011111110010100010001000000110000011111000011011111101001000001011010101000001100000000000000000
