graph_id,vertices,remove_ratio_target,hop_key,use_reduction,rep,apsp_sum_dnc,elapsed_sec_dnc,qubo_vars_total_dnc,n_subgraphs_dnc,strongly_connected_dnc,ok_dnc,apsp_sum_whole,elapsed_sec_whole,qubo_vars_total_whole,n_subgraphs_whole,strongly_connected_whole,ok_whole,both_sc,diff_apsp,ratio_time
v100_s0_p0,100,0.0,h2,False,0,1.3193821802413537,1.3080572090111673,180.0,1.0,True,True,1.3193821802413537,1.611096416017972,180,1,True,True,True,0.0,0.811904983467219
v100_s0_p0,100,0.0,h2,True,0,1.3254435852488404,1.2523937079822645,176.0,1.0,True,True,1.3254435852488404,1.605786791013088,176,1,True,True,True,0.0,0.7799252771235784
v100_s0_p0,100,0.0,h3,False,0,1.315567765815088,2.3898642910062335,80.0,11.0,True,True,1.2971970473409817,1.8110589169664308,180,1,True,True,True,0.018370718474106207,1.3195949997084115
v100_s0_p0,100,0.0,h3,True,0,1.3519912397630718,2.0953650409937836,89.0,6.0,True,True,1.2901475670793823,1.7222157910000533,176,1,True,True,True,0.06184367268368951,1.2166681155426236
v100_s0_p0,100,0.0,h4,False,0,1.375326705050406,2.8136547920294106,118.0,17.0,True,True,,2.2545282500213943,1217,1,False,True,False,,1.2480015684002674
v100_s0_p0,100,0.0,h4,True,0,1.401929480946853,2.765199000015855,99.0,24.0,True,True,,2.3339546250062995,1213,1,False,True,False,,1.1847698195968104
v100_s0_p0,100,0.0,h2+3,False,0,1.3195511022284596,2.569876583002042,80.0,11.0,True,True,1.2990101383728816,1.8431886659818701,180,1,True,True,True,0.02054096385557802,1.3942558515208012
v100_s0_p0,100,0.0,h2+3,True,0,1.3540331706156088,2.290822708979249,89.0,6.0,True,True,1.3091072578639402,1.6607388330157846,176,1,True,True,True,0.04492591275166857,1.3793997366938644
v100_s0_p0,100,0.0,h2+3+4,False,0,1.387941290488077,3.428129290987272,118.0,17.0,True,True,,2.497010958963074,1217,1,False,True,False,,1.3728931700046927
v100_s0_p0,100,0.0,h2+3+4,True,0,1.378589711486761,3.293241625011433,99.0,24.0,True,True,,2.5618275000015274,1213,1,False,True,False,,1.2855048300517773
v100_s0_p10,100,0.1,h2,False,0,1.4747015037019418,1.156202333047986,162.0,1.0,True,True,1.4747015037019418,1.4018224159954116,162,1,True,True,True,0.0,0.8247851652643072
v100_s0_p10,100,0.1,h2,True,0,1.4460805252712532,0.8890007080044597,144.0,1.0,True,True,1.4460805252712532,1.063102834043093,144,1,True,True,True,0.0,0.8362320930172819
v100_s0_p10,100,0.1,h3,False,0,1.4975382643862947,2.1139195829746313,79.0,4.0,True,True,1.4185327045536504,1.5799057919648476,162,1,True,True,True,0.07900555983264423,1.3380035656085913
v100_s0_p10,100,0.1,h3,True,0,1.4662527021403955,1.6618180419900455,77.0,6.0,True,True,1.4145090898406345,1.2431522919796407,144,1,True,True,True,0.05174361229976099,1.3367775233263708
v100_s0_p10,100,0.1,h4,False,0,1.4988986982021708,1.9793310840032063,80.0,13.0,True,True,,1.668839833990205,902,1,False,True,False,,1.186052156527577
v100_s0_p10,100,0.1,h4,True,0,1.4922871554239623,1.8231987500330433,78.0,15.0,True,True,,1.5876932499813847,862,1,False,True,False,,1.1483318645175444
v100_s0_p10,100,0.1,h2+3,False,0,1.4871900605995934,2.291431999998167,79.0,4.0,True,True,1.4360445012503797,1.5550985420122743,162,1,True,True,True,0.05114555934921361,1.4734963335719473
v100_s0_p10,100,0.1,h2+3,True,0,1.5127723316823085,1.8264754170086235,77.0,6.0,True,True,1.4641031609672388,1.204406332981307,144,1,True,True,True,0.04866917071506971,1.5164943648938545
v100_s0_p10,100,0.1,h2+3+4,False,0,1.5064662995121987,2.4213580419891514,80.0,13.0,True,True,,1.6926240000175312,902,1,False,True,False,,1.4305350993274775
v100_s0_p10,100,0.1,h2+3+4,True,0,1.4643319377690982,2.244100874988362,78.0,15.0,True,True,,1.6799433329724707,862,1,False,True,False,,1.3358193880371418
v100_s0_p30,100,0.3,h2,False,0,2.384161305311331,0.5049071249668486,126.0,1.0,True,True,2.384161305311331,0.5322111660498194,126,1,True,True,True,0.0,0.9486969781456729
v100_s0_p30,100,0.3,h2,True,0,2.3203341389684398,0.27864333300385624,70.0,1.0,True,True,2.3203341389684398,0.2307473749970086,70,1,True,True,True,0.0,1.2075688098617312
v100_s0_p30,100,0.3,h3,False,0,2.0622394016198826,0.5962400419521146,126.0,1.0,True,True,2.0622394016198826,0.6034911670139991,126,1,True,True,True,0.0,0.987984703905838
v100_s0_p30,100,0.3,h3,True,0,2.1908203106550084,0.3827471249969676,70.0,1.0,True,True,2.1908203106550084,0.32081454200670123,70,1,True,True,True,0.0,1.1930479291957181
v100_s0_p30,100,0.3,h4,False,0,2.7851839563389498,1.2912938749650493,99.0,5.0,True,True,,0.7711940830340609,442,1,False,True,False,,1.6744084315128458
v100_s0_p30,100,0.3,h4,True,0,2.552907012067828,0.677233750000596,92.0,4.0,True,True,,0.4622395830228925,320,1,False,True,False,,1.4651141418303328
v100_s0_p30,100,0.3,h2+3,False,0,2.4368481951120606,0.5937537500285544,126.0,1.0,True,True,2.4368481951120606,0.5664574580150656,126,1,True,True,True,0.0,1.0481877175898402
v100_s0_p30,100,0.3,h2+3,True,0,2.193148524506986,0.379118750046473,70.0,1.0,True,True,2.193148524506986,0.3137838330003433,70,1,True,True,True,0.0,1.2082163265755577
v100_s0_p30,100,0.3,h2+3+4,False,0,2.9427703033242616,1.6383347500232048,99.0,5.0,True,True,,0.7116019579698332,442,1,False,True,False,,2.30231905867333
v100_s0_p30,100,0.3,h2+3+4,True,0,2.676251885966621,0.8425648749689572,92.0,4.0,True,True,,0.46493008302059025,320,1,False,True,False,,1.812239959812716
v100_s0_p50,100,0.5,h2,False,0,2.815230746667167,0.43752379197394475,109.0,1.0,True,True,2.815230746667167,0.39618475001771003,109,1,True,True,True,0.0,1.1043428399361328
v100_s0_p50,100,0.5,h2,True,0,2.717767006652076,0.14920916699338704,26.0,1.0,True,True,2.717767006652076,0.07813162496313453,26,1,True,True,True,0.0,1.909715394551049
v100_s0_p50,100,0.5,h3,False,0,3.0053068194221377,0.4106722080032341,109.0,1.0,True,True,3.0053068194221377,0.37137045798590407,109,1,True,True,True,0.0,1.1058289618147865
v100_s0_p50,100,0.5,h3,True,0,3.212016717191869,0.1797445829724893,26.0,1.0,True,True,3.212016717191869,0.08733095898060128,26,1,True,True,True,0.0,2.0582000366263666
v100_s0_p50,100,0.5,h4,False,0,,0.45474833296611905,277.0,1.0,False,True,,0.3803721250151284,277,1,False,True,False,,1.1955353798547474
v100_s0_p50,100,0.5,h2+3,False,0,2.7792932525437823,0.46453304204624146,109.0,1.0,True,True,2.7792932525437823,0.4297338330070488,109,1,True,True,True,0.0,1.0809785182509049
v100_s0_p50,100,0.5,h2+3,True,0,3.212016717191869,0.1788720419863239,26.0,1.0,True,True,3.212016717191869,0.09052020800299942,26,1,True,True,True,0.0,1.9760454149685216
v100_s0_p50,100,0.5,h2+3+4,False,0,2.9651369217179027,1.082286041986663,45.0,3.0,True,True,,0.4296162499813363,277,1,False,True,False,,2.5191925166556906
v100_s1_p0,100,0.0,h2,False,0,1.3089730971312932,1.32476804201724,180.0,1.0,True,True,1.3089730971312932,1.5684936250327155,180,1,True,True,True,0.0,0.8446116840223742
v100_s1_p0,100,0.0,h2,True,0,1.301902179915545,1.2631222499767318,176.0,1.0,True,True,1.301902179915545,1.5650934579898603,176,1,True,True,True,0.0,0.8070586734156007
v100_s1_p0,100,0.0,h3,False,0,1.3576991012882222,2.4771258749533445,87.0,8.0,True,True,1.2846353196714133,1.8509450000128709,180,1,True,True,True,0.07306378161680893,1.3383033396109119
v100_s1_p0,100,0.0,h3,True,0,1.3449868160162226,2.113823916995898,89.0,8.0,True,True,1.3012222174570636,1.6831143340095878,176,1,True,True,True,0.04376459855915904,1.2559003712839014
v100_s1_p0,100,0.0,h4,False,0,1.3956195153793132,2.8995838339906186,108.0,21.0,True,True,,2.3230958750355057,1217,1,False,True,False,,1.2481550439438072
v100_s1_p0,100,0.0,h4,True,0,1.3773525729238656,2.6177325830212794,90.0,25.0,True,True,,2.333305875014048,1213,1,False,True,False,,1.1218985950590463
v100_s1_p0,100,0.0,h2+3,False,0,1.3564521900328443,2.705388833011966,87.0,8.0,True,True,1.2937497676285523,1.8565349159762263,180,1,True,True,True,0.06270242240429202,1.457224859996444
v100_s1_p0,100,0.0,h2+3,True,0,1.3349070828656344,2.3212489169673063,89.0,8.0,True,True,1.2772155451170595,1.6986145420232788,176,1,True,True,True,0.05769153774857494,1.3665542473234604
v100_s1_p0,100,0.0,h2+3+4,False,0,1.3911865453487495,3.4869808339863084,108.0,21.0,True,True,,2.5420370409847237,1217,1,False,True,False,,1.3717269960140064
v100_s1_p0,100,0.0,h2+3+4,True,0,1.372941338255055,3.198372582963202,90.0,25.0,True,True,,2.432674792013131,1213,1,False,True,False,,1.314755508407446
v100_s1_p10,100,0.1,h2,False,0,1.5011114359826396,0.7898259169887751,162.0,1.0,True,True,1.5011114359826396,0.8725386249716394,162,1,True,True,True,0.0,0.9052045312199759
v100_s1_p10,100,0.1,h2,True,0,1.4645547930645937,0.7594494170043617,149.0,1.0,True,True,1.4645547930645937,0.8132757080020383,149,1,True,True,True,0.0,0.9338154447894297
v100_s1_p10,100,0.1,h3,False,0,1.4786800968556695,2.0640217090258375,78.0,6.0,True,True,1.418564597282952,1.515613208990544,162,1,True,True,True,0.06011549957271756,1.3618393510838787
v100_s1_p10,100,0.1,h3,True,0,1.500486793657906,1.8205910419928841,85.0,2.0,True,True,1.4354373644774623,1.3246572079951875,149,1,True,True,True,0.06504942918044376,1.3743865439333331
v100_s1_p10,100,0.1,h2+3,False,0,1.4980853314342577,2.246620082994923,78.0,6.0,True,True,1.4219490169499016,1.4480080409557559,162,1,True,True,True,0.0761363144843561,1.5515245906452593
v100_s1_p10,100,0.1,h2+3,True,0,1.5125390253768047,1.9888649999629706,85.0,2.0,True,True,1.4478595111727859,1.3004972499911673,149,1,True,True,True,0.06467951420401885,1.5293111922970068
v100_s1_p30,100,0.3,h2,False,0,2.2986424229764797,0.462052249989938,126.0,1.0,True,True,2.2986424229764797,0.45371541602071375,126,1,True,True,True,0.0,1.0183745882878348
v100_s1_p30,100,0.3,h2,True,0,2.22343709358993,0.28125945798819885,75.0,1.0,True,True,2.22343709358993,0.22373304096981883,75,1,True,True,True,0.0,1.2571207934644764
v100_s1_p30,100,0.3,h3,False,0,2.187370440863644,0.6281885000062175,126.0,1.0,True,True,2.187370440863644,0.645085999974981,126,1,True,True,True,0.0,0.9738058181863832
v100_s1_p30,100,0.3,h3,True,0,2.186825201182387,0.43371883302461356,75.0,1.0,True,True,2.186825201182387,0.4385360000305809,75,1,True,True,True,0.0,0.9890153442234356
v100_s1_p30,100,0.3,h2+3,False,0,2.161584508596573,0.664615249959752,126.0,1.0,True,True,2.161584508596573,0.7021110409987159,126,1,True,True,True,0.0,0.9465956396503491
v100_s1_p30,100,0.3,h2+3,True,0,2.2438256774602303,0.4575973749742843,75.0,1.0,True,True,2.2438256774602303,0.3959490000270307,75,1,True,True,True,0.0,1.1556977664877168
v100_s1_p50,100,0.5,h2,False,0,2.7668125651884554,0.4085558330407366,108.0,1.0,True,True,2.7668125651884554,0.3630444160080515,108,1,True,True,True,0.0,1.125360465623236
v100_s1_p50,100,0.5,h2,True,0,2.4287532221830026,0.15606637502787635,24.0,1.0,True,True,2.4287532221830026,0.0788324159802869,24,1,True,True,True,0.0,1.9797233547542528
v100_s1_p50,100,0.5,h3,False,0,2.8716691867037962,0.4030644999584183,108.0,1.0,True,True,2.8716691867037962,0.37617566698463634,108,1,True,True,True,0.0,1.0714794584916099
v100_s1_p50,100,0.5,h3,True,0,2.739835508513306,0.17065525002544746,24.0,1.0,True,True,2.739835508513306,0.09170941699994728,24,1,True,True,True,0.0,1.8608258083850382
v100_s1_p50,100,0.5,h4,False,0,,0.4529312500380911,276.0,1.0,False,True,,0.382411333033815,276,1,False,True,False,,1.1844085436611271
v100_s1_p50,100,0.5,h2+3,False,0,2.6296428107763092,0.4432130830246024,108.0,1.0,True,True,2.6296428107763092,0.4016903329757042,108,1,True,True,True,0.0,1.1033700506091333
v100_s1_p50,100,0.5,h2+3,True,0,2.739835508513306,0.17089291603770107,24.0,1.0,True,True,2.739835508513306,0.08740562497405335,24,1,True,True,True,0.0,1.9551706893970633
v100_s1_p50,100,0.5,h2+3+4,False,0,,0.5148417500313371,276.0,1.0,False,True,,0.4462392919813283,276,1,False,True,False,,1.153734687381315
v100_s2_p0,100,0.0,h2,False,0,1.323531161929107,1.9656139590078965,180.0,1.0,True,True,1.323531161929107,1.8623952500056475,180,1,True,True,True,0.0,1.0554225581288053
v100_s2_p0,100,0.0,h2,True,0,1.306094819849719,1.8445582920103334,176.0,1.0,True,True,1.306094819849719,1.7695394590264186,176,1,True,True,True,0.0,1.0423945522103188
v100_s2_p0,100,0.0,h3,False,0,1.3439452247758796,3.6822400000528432,85.0,8.0,True,True,1.2901419624146861,1.9887031670077704,180,1,True,True,True,0.05380326236119348,1.8515784864933822
v100_s2_p0,100,0.0,h3,True,0,1.3701640488480917,3.243866959004663,76.0,13.0,True,True,1.3037449287524983,1.8787625840050168,176,1,True,True,True,0.06641912009559348,1.726597594939117
v100_s2_p0,100,0.0,h4,False,0,1.3470163591112707,4.495513874979224,81.0,32.0,True,True,,2.695287791022565,1217,1,False,True,False,,1.6679160904274608
v100_s2_p0,100,0.0,h4,True,0,1.3931949277368083,4.44099312502658,107.0,25.0,True,True,,2.6542649589828216,1213,1,False,True,False,,1.6731536578505244
v100_s2_p0,100,0.0,h2+3,False,0,1.3669398336693281,3.9079833750147372,85.0,8.0,True,True,1.2912852239197992,2.073180790990591,180,1,True,True,True,0.07565460974952898,1.8850181286637597
v100_s2_p0,100,0.0,h2+3,True,0,1.3569859904899984,3.46895145799499,76.0,13.0,True,True,1.301545043225076,1.960463457973674,176,1,True,True,True,0.055440947264922436,1.7694547908485285
v100_s2_p0,100,0.0,h2+3+4,False,0,1.337135242357161,5.359265292005148,81.0,32.0,True,True,,2.8067156660254113,1217,1,False,True,False,,1.9094436094392135
v100_s2_p0,100,0.0,h2+3+4,True,0,1.3793878682385752,5.343175999994855,107.0,25.0,True,True,,2.8581654169829562,1213,1,False,True,False,,1.86944253409764
v100_s2_p10,100,0.1,h2,False,0,1.4832355526232512,1.5821156250312924,162.0,1.0,True,True,1.4832355526232512,1.5060445829876699,162,1,True,True,True,0.0,1.0505104848175968
v100_s2_p10,100,0.1,h2,True,0,1.5151710300328787,1.329073500004597,149.0,1.0,True,True,1.5151710300328787,1.1901410419959575,149,1,True,True,True,0.0,1.1167361288336373
v100_s2_p10,100,0.1,h3,False,0,1.5616330278455883,3.2181239160127006,104.0,3.0,True,True,1.450451419759353,1.8847987920162268,162,1,True,True,True,0.11118160808623534,1.7074097933658878
v100_s2_p10,100,0.1,h3,True,0,1.4906067462774222,2.800125250010751,98.0,3.0,True,True,1.4825342182739656,1.6072484590113163,149,1,True,True,True,0.008072528003456592,1.7421856803230173
v100_s2_p10,100,0.1,h4,False,0,1.5108979261314341,3.2588017920497805,88.0,17.0,True,True,,1.8818226250004955,892,1,False,True,False,,1.7317263320972784
v100_s2_p10,100,0.1,h4,True,0,1.5001169695492313,3.07651295902906,80.0,15.0,True,True,,1.8341455420013517,866,1,False,True,False,,1.6773548710164423
v100_s2_p10,100,0.1,h2+3,False,0,1.521239274408165,3.658483167004306,104.0,3.0,True,True,1.4462586418499934,1.9586252080043778,162,1,True,True,True,0.07498063255817167,1.8678832234227676
v100_s2_p10,100,0.1,h2+3,True,0,1.508628837228654,3.168475207989104,98.0,3.0,True,True,1.4586260262975916,1.577308040985372,149,1,True,True,True,0.0500028109310624,2.0087865690519795
v100_s2_p10,100,0.1,h2+3+4,False,0,1.545411730426434,4.210034541029017,89.0,17.0,True,True,,1.954021040990483,892,1,False,True,False,,2.154549236017936
v100_s2_p10,100,0.1,h2+3+4,True,0,1.4999931054783988,3.8458609160152264,82.0,15.0,True,True,,2.0178554589510895,866,1,False,True,False,,1.9059149647984999
v100_s2_p30,100,0.3,h2,False,0,2.1377609466287852,0.8016782500199042,126.0,1.0,True,True,2.1377609466287852,0.6751335839508101,126,1,True,True,True,0.0,1.187436485278318
v100_s2_p30,100,0.3,h2,True,0,2.2547206943609264,0.3890695840236731,72.0,1.0,True,True,2.2547206943609264,0.2729320420185104,72,1,True,True,True,0.0,1.4255181661568566
v100_s2_p30,100,0.3,h3,False,0,2.0091277555173708,1.0409280409803614,126.0,1.0,True,True,2.0091277555173708,0.9869374579866417,126,1,True,True,True,0.0,1.054705171596041
v100_s2_p30,100,0.3,h3,True,0,2.311101671733118,0.6174878749880008,72.0,1.0,True,True,2.311101671733118,0.49499837501207367,72,1,True,True,True,0.0,1.2474543476489988
v100_s2_p30,100,0.3,h4,True,0,2.344475904574644,1.1596865830360912,72.0,3.0,True,True,,0.5942351249977946,336,1,False,True,False,,1.9515618216617456
v100_s2_p30,100,0.3,h2+3,False,0,2.037415314778571,1.20212845900096,126.0,1.0,True,True,2.037415314778571,1.0107151250122115,126,1,True,True,True,0.0,1.1893840601093566
v100_s2_p30,100,0.3,h2+3,True,0,1.9141553593656437,0.5991194160305895,72.0,1.0,True,True,1.9141553593656437,0.48557479202281684,72,1,True,True,True,0.0,1.233835499439265
v100_s2_p30,100,0.3,h2+3+4,True,0,2.4282274883950796,1.4214286250062287,72.0,3.0,True,True,,0.6332672499702312,336,1,False,True,False,,2.2445951927453183
v100_s2_p50,100,0.5,h2,False,0,2.634048542543929,0.6488819590304047,110.0,1.0,True,True,2.634048542543929,0.5001524580293335,110,1,True,True,True,0.0,1.2973683296231013
v100_s2_p50,100,0.5,h2,True,0,2.632063889491247,0.21496745804324746,29.0,1.0,True,True,2.632063889491247,0.079581625002902,29,1,True,True,True,0.0,2.7012197606596815
v100_s2_p50,100,0.5,h3,False,0,2.524966898678244,0.7156995419645682,110.0,1.0,True,True,2.524966898678244,0.538901292020455,110,1,True,True,True,0.0,1.3280716757632165
v100_s2_p50,100,0.5,h3,True,0,2.7706406569659676,0.2904694169992581,29.0,1.0,True,True,2.7706406569659676,0.13926237501436844,29,1,True,True,True,0.0,2.0857709555024377
v100_s2_p50,100,0.5,h2+3,False,0,2.51053374238638,0.7669425000203773,110.0,1.0,True,True,2.51053374238638,0.550990334013477,110,1,True,True,True,0.0,1.3919345815631283
v100_s2_p50,100,0.5,h2+3,True,0,2.740991478821597,0.26979083399055526,29.0,1.0,True,True,2.740991478821597,0.09897858300246298,29,1,True,True,True,0.0,2.72574960972963
v100_s3_p0,100,0.0,h2,False,0,1.3253315945789168,2.0672898329794407,180.0,1.0,True,True,1.3253315945789168,1.945401042001322,180,1,True,True,True,0.0,1.0626548399772247
v100_s3_p0,100,0.0,h2,True,0,1.3126531248180056,1.938313124992419,176.0,1.0,True,True,1.3126531248180056,1.8639152079704218,176,1,True,True,True,0.0,1.0399148613112115
v100_s3_p0,100,0.0,h3,False,0,1.3435656957421598,3.756046958034858,80.0,10.0,True,True,1.2884733016702685,2.0587218750151806,180,1,True,True,True,0.05509239407189126,1.824455747820313
v100_s3_p0,100,0.0,h3,True,0,1.3529422430246794,3.448100416979287,83.0,8.0,True,True,1.2880365498698803,2.0135516250156797,176,1,True,True,True,0.0649056931547991,1.7124469887641625
v100_s3_p0,100,0.0,h4,False,0,1.380506504570224,4.5268734589917585,72.0,38.0,True,True,,2.839578207989689,1217,1,False,True,False,,1.5942062966445318
v100_s3_p0,100,0.0,h4,True,0,1.3944377010393005,4.054210583039094,91.0,26.0,True,True,,2.7205635419813916,1213,1,False,True,False,,1.4902098482457808
v100_s3_p0,100,0.0,h2+3,False,0,1.3771768955445394,4.118711874994915,80.0,10.0,True,True,1.2977196987339552,2.18480962497415,180,1,True,True,True,0.07945719681058416,1.8851582434985135
v100_s3_p0,100,0.0,h2+3,True,0,1.3581424415354855,3.7916691249702126,83.0,8.0,True,True,1.2969461900580401,2.0512540839845315,176,1,True,True,True,0.06119625147744534,1.84846390048616
v100_s3_p0,100,0.0,h2+3+4,False,0,1.392468528038929,5.3314140839502215,72.0,38.0,True,True,,3.029581957962364,1217,1,False,True,False,,1.7597853954530491
v100_s3_p0,100,0.0,h2+3+4,True,0,1.390572422461009,5.063343874993734,91.0,26.0,True,True,,2.981874583987519,1213,1,False,True,False,,1.6980405219533965
v100_s3_p10,100,0.1,h2,False,0,1.5188778086309187,1.59877649997361,162.0,1.0,True,True,1.5188778086309187,1.5927084159920923,162,1,True,True,True,0.0,1.0038099151863513
v100_s3_p10,100,0.1,h2,True,0,1.5027164033398388,1.2997914999723434,147.0,1.0,True,True,1.5027164033398388,1.2132262499653734,147,1,True,True,True,0.0,1.0713512834143184
v100_s3_p10,100,0.1,h3,False,0,1.4963820948312854,3.189324625011068,100.0,2.0,True,True,1.4491342289122904,1.871964542020578,162,1,True,True,True,0.04724786591899499,1.703731322586135
v100_s3_p10,100,0.1,h3,True,0,1.5041558707022122,2.771696083014831,89.0,4.0,True,True,1.5102446423979303,1.5379410829627886,147,1,True,True,True,-0.006088771695718087,1.802212135249848
v100_s3_p10,100,0.1,h4,False,0,1.5038685912852474,3.066487625008449,83.0,19.0,True,True,,1.8743648750241846,894,1,False,True,False,,1.636014239206698
v100_s3_p10,100,0.1,h4,True,0,1.5522059976565223,2.848426833981648,130.0,14.0,True,True,,1.8689124579541385,880,1,False,True,False,,1.5241092871197213
v100_s3_p10,100,0.1,h2+3,False,0,1.5325485223002944,3.485914250020869,100.0,2.0,True,True,1.4646011363199332,1.9449199590017088,162,1,True,True,True,0.06794738598036121,1.7923175881284719
v100_s3_p10,100,0.1,h2+3,True,0,1.5090389343112125,3.114400291000493,89.0,4.0,True,True,1.469830913821105,1.5821882919990458,147,1,True,True,True,0.03920802049010752,1.9684131823940783
v100_s3_p10,100,0.1,h2+3+4,False,0,1.5613854805490175,3.9431553749600425,85.0,17.0,True,True,,2.0373321250081062,894,1,False,True,False,,1.9354504484360169
v100_s3_p10,100,0.1,h2+3+4,True,0,1.5294738376761468,3.8107225830317475,108.0,11.0,True,True,,2.051122667035088,880,1,False,True,False,,1.857871615518819
v100_s3_p30,100,0.3,h2,False,0,2.037711122866109,0.8341627499903552,126.0,1.0,True,True,2.037711122866109,0.6986265000305139,126,1,True,True,True,0.0,1.194003877542466
v100_s3_p30,100,0.3,h2,True,0,1.9728916694775118,0.42538274999242276,70.0,1.0,True,True,1.9728916694775118,0.27090150001458824,70,1,True,True,True,0.0,1.5702487803482654
v100_s3_p30,100,0.3,h3,False,0,1.9222730996761532,2.4126327089616098,45.0,3.0,True,True,1.8506594618297183,0.815935792052187,126,1,True,True,True,0.07161363784643493,2.9568903980710513
v100_s3_p30,100,0.3,h3,True,0,2.0577422188178502,0.9594108329620212,46.0,2.0,True,True,2.051388605962298,0.40009370795451105,70,1,True,True,True,0.00635361285555236,2.397965311344267
v100_s3_p30,100,0.3,h4,False,0,2.0234810289881358,2.148667832952924,45.0,5.0,True,True,,0.8606602919753641,459,1,False,True,False,,2.4965341761281445
v100_s3_p30,100,0.3,h4,True,0,1.9772020486310558,1.1253359590191394,56.0,4.0,True,True,,0.651783749985043,338,1,False,True,False,,1.7265480445699413
v100_s3_p30,100,0.3,h2+3,False,0,1.9192847920262939,2.5424686250044033,45.0,3.0,True,True,1.9004408544854368,0.8613202089909464,126,1,True,True,True,0.018843937540857114,2.951827437072393
v100_s3_p30,100,0.3,h2+3,True,0,2.0577422188178502,1.0231349999667145,46.0,2.0,True,True,1.9749963335664849,0.42831450002267957,70,1,True,True,True,0.08274588525136539,2.3887470536545896
v100_s3_p30,100,0.3,h2+3+4,False,0,1.9786977050816,2.7166158750187606,45.0,5.0,True,True,,0.840680708992295,459,1,False,True,False,,3.2314478564342304
v100_s3_p30,100,0.3,h2+3+4,True,0,1.986407358843283,1.4443315410171635,56.0,4.0,True,True,,0.6174014999996871,338,1,False,True,False,,2.3393716099133153
v100_s3_p50,100,0.5,h2,False,0,2.877827353049781,0.6695544160320424,106.0,1.0,True,True,2.877827353049781,0.5175224159611389,106,1,True,True,True,0.0,1.293768917793736
v100_s3_p50,100,0.5,h2,True,0,3.4263504443563213,0.1954280419740826,17.0,1.0,True,True,3.4263504443563213,0.05665758403483778,17,1,True,True,True,0.0,3.449283009559977
v100_s3_p50,100,0.5,h3,False,0,2.9405403874179594,0.7069785000057891,106.0,1.0,True,True,2.9405403874179594,0.45418629102641717,106,1,True,True,True,0.0,1.5565826489568542
v100_s3_p50,100,0.5,h3,True,0,3.4972292779775063,0.20936829200945795,17.0,1.0,True,True,3.4972292779775063,0.05546666699228808,17,1,True,True,True,0.0,3.7746687039725657
v100_s3_p50,100,0.5,h2+3,False,0,2.935851195491858,0.8267621669801883,106.0,1.0,True,True,2.935851195491858,0.5955452920170501,106,1,True,True,True,0.0,1.3882439808734457
v100_s3_p50,100,0.5,h2+3,True,0,3.4972292779775063,0.19836187496548519,17.0,1.0,True,True,3.4972292779775063,0.05662024999037385,17,1,True,True,True,0.0,3.503373351392994
v100_s4_p0,100,0.0,h2,False,0,1.305726680858582,2.0380235000047833,180.0,1.0,True,True,1.305726680858582,1.929987290990539,180,1,True,True,True,0.0,1.055977678981915
v100_s4_p0,100,0.0,h2,True,0,1.3182414347387588,1.9019220829941332,176.0,1.0,True,True,1.3182414347387588,1.9192223330028355,176,1,True,True,True,0.0,0.9909858020557555
v100_s4_p0,100,0.0,h3,False,0,1.3573368776202945,3.454985750024207,72.0,19.0,True,True,1.2938534350049455,2.0948874999885447,180,1,True,True,True,0.063483442615349,1.6492464392685047
v100_s4_p0,100,0.0,h3,True,0,1.3588340044289209,3.5824736669892445,78.0,11.0,True,True,1.289304793410853,1.996226499963086,176,1,True,True,True,0.06952921101806786,1.7946228381676583
v100_s4_p0,100,0.0,h4,False,0,1.3764319737666373,4.597114500007592,72.0,38.0,True,True,,2.8022498749778606,1217,1,False,True,False,,1.6405084147051348
v100_s4_p0,100,0.0,h4,True,0,1.3689162507460102,4.620593624946196,103.0,25.0,True,True,,2.7788344169966877,1213,1,False,True,False,,1.6627811994426234
v100_s4_p0,100,0.0,h2+3,False,0,1.3559969982813054,3.7916904580197297,72.0,19.0,True,True,1.283006980113037,2.1492153750150464,180,1,True,True,True,0.07299001816826833,1.7642207952254132
v100_s4_p0,100,0.0,h2+3,True,0,1.3587336823900957,3.8775396670098417,78.0,11.0,True,True,1.2870499063226286,2.0160150000010617,176,1,True,True,True,0.07168377606746712,1.9233684605559977
v100_s4_p0,100,0.0,h2+3+4,False,0,1.3696117274321316,5.599111083021853,72.0,38.0,True,True,,2.887323416012805,1217,1,False,True,False,,1.9392046806983059
v100_s4_p0,100,0.0,h2+3+4,True,0,1.3956327439313108,5.448298375005834,103.0,25.0,True,True,,2.928406000020914,1213,1,False,True,False,,1.8604996626037933
v100_s4_p10,100,0.1,h2,False,0,1.4480983616139564,1.8000367079512216,162.0,1.0,True,True,1.4480983616139564,1.5834032919956371,162,1,True,True,True,0.0,1.1368150597202253
v100_s4_p10,100,0.1,h2,True,0,1.504315236127172,1.391353374987375,146.0,1.0,True,True,1.504315236127172,1.3233672499773093,146,1,True,True,True,0.0,1.051373588859201
v100_s4_p10,100,0.1,h3,False,0,1.4726266434924993,3.344766916008666,79.0,5.0,True,True,1.468403811379743,1.9766184170148335,162,1,True,True,True,0.004222832112756203,1.6921662204585062
v100_s4_p10,100,0.1,h3,True,0,1.4602671544142125,2.862045207992196,85.0,6.0,True,True,1.4384392377115156,1.49391016602749,146,1,True,True,True,0.021827916702696903,1.9158081075268152
v100_s4_p10,100,0.1,h4,False,0,1.503547465029192,3.627457000024151,106.0,16.0,True,True,,1.9947769590071402,896,1,False,True,False,,1.8184774912527786
v100_s4_p10,100,0.1,h4,True,0,1.5314156788118458,3.132267166976817,97.0,14.0,True,True,,1.9654353330261074,883,1,False,True,False,,1.5936760240054209
v100_s4_p10,100,0.1,h2+3,False,0,1.4979149063783561,3.5654051669989713,79.0,5.0,True,True,1.4330102425467839,1.9919624169706367,162,1,True,True,True,0.06490466383157223,1.789895801558955
v100_s4_p10,100,0.1,h2+3,True,0,1.501633359279524,3.0988787499954924,85.0,6.0,True,True,1.4275991933068566,1.567263290984556,146,1,True,True,True,0.07403416597266732,1.9772547266444136
v100_s4_p10,100,0.1,h2+3+4,False,0,1.5442603904644858,4.587324874999467,106.0,16.0,True,True,,2.1552617920096964,896,1,False,True,False,,2.1284304728113645
v100_s4_p10,100,0.1,h2+3+4,True,0,1.5311369027915398,3.9156221249722876,97.0,14.0,True,True,,2.061889834003523,883,1,False,True,False,,1.8990452643967968
v100_s4_p30,100,0.3,h2,False,0,1.9781796099028703,1.2480810419656336,126.0,1.0,True,True,1.9781796099028703,1.1187984999851324,126,1,True,True,True,0.0,1.1155548045355972
v100_s4_p30,100,0.3,h2,True,0,2.0350756097240166,0.44370629201876,67.0,1.0,True,True,2.0350756097240166,0.3091110840323381,67,1,True,True,True,0.0,1.4354266635496675
v100_s4_p30,100,0.3,h3,False,0,1.954660988743886,1.3929277089773677,126.0,1.0,True,True,1.954660988743886,1.1937524580280297,126,1,True,True,True,0.0,1.1668480342049787
v100_s4_p30,100,0.3,h3,True,0,2.0082363808206036,0.5785694590304047,67.0,1.0,True,True,2.0082363808206036,0.41608683398226276,67,1,True,True,True,0.0,1.3905017217032836
v100_s4_p30,100,0.3,h4,False,0,2.193381220845579,2.1850857499521226,80.0,5.0,True,True,,0.8282402500044554,443,1,False,True,False,,2.638226951588465
v100_s4_p30,100,0.3,h4,True,0,2.404425447547106,1.119130083010532,51.0,4.0,True,True,,0.6147975830244832,325,1,False,True,False,,1.8203228410642023
v100_s4_p30,100,0.3,h2+3,False,0,1.9269367696243782,1.360548791999463,126.0,1.0,True,True,1.9269367696243782,1.1629018749808893,126,1,True,True,True,0.0,1.1699600983288654
v100_s4_p30,100,0.3,h2+3,True,0,2.117423392676517,0.6066440840368159,67.0,1.0,True,True,2.117423392676517,0.40832479199161753,67,1,True,True,True,0.0,1.4856900583427461
v100_s4_p30,100,0.3,h2+3+4,False,0,2.195595749648792,2.6835464159958065,80.0,5.0,True,True,,0.8947369169909507,443,1,False,True,False,,2.999257508028975
v100_s4_p30,100,0.3,h2+3+4,True,0,2.1348994847497615,1.4029881660244428,51.0,4.0,True,True,,0.6228048339835368,325,1,False,True,False,,2.2526931222591142
v100_s4_p50,100,0.5,h2,False,0,2.897919798539049,0.6129813329898752,111.0,1.0,True,True,2.897919798539049,0.49577512498945,111,1,True,True,True,0.0,1.2364100215857328
v100_s4_p50,100,0.5,h2,True,0,3.016388220529129,0.24489383300533518,30.0,1.0,True,True,3.016388220529129,0.10742474999278784,30,1,True,True,True,0.0,2.279677942203976
v100_s4_p50,100,0.5,h3,False,0,2.757754670194152,0.6935817080084234,111.0,1.0,True,True,2.757754670194152,0.5074050419498235,111,1,True,True,True,0.0,1.3669192275724582
v100_s4_p50,100,0.5,h3,True,0,3.115252227837984,0.27319820801494643,30.0,1.0,True,True,3.115252227837984,0.14071745797991753,30,1,True,True,True,0.0,1.9414663392649965
v100_s4_p50,100,0.5,h4,False,0,3.1328404105279324,1.4781176250544377,73.0,2.0,True,True,,0.5127490840386599,306,1,False,True,False,,2.8827308932705797
v100_s4_p50,100,0.5,h2+3,False,0,2.822252639568659,0.6729715000255965,111.0,1.0,True,True,2.822252639568659,0.45820162497693673,111,1,True,True,True,0.0,1.4687235124045448
v100_s4_p50,100,0.5,h2+3,True,0,3.3951790835723408,0.3276341669843532,30.0,1.0,True,True,3.3951790835723408,0.09971920901443809,30,1,True,True,True,0.0,3.285567246496268
v100_s4_p50,100,0.5,h2+3+4,False,0,3.2918183746336833,1.8103005420416594,73.0,2.0,True,True,,0.6006917919730768,306,1,False,True,False,,3.013692822562819
v100_s5_p0,100,0.0,h2,False,0,1.3220292671117062,2.1326109169749543,180.0,1.0,True,True,1.3220292671117062,2.0057470420142636,180,1,True,True,True,0.0,1.0632501867400428
v100_s5_p0,100,0.0,h2,True,0,1.310518407963591,2.01257808401715,176.0,1.0,True,True,1.310518407963591,1.8220388750196435,176,1,True,True,True,0.0,1.1045747220928273
v100_s5_p0,100,0.0,h3,False,0,1.3660340040068126,3.423458250006661,76.0,17.0,True,True,1.2794307886277563,2.1058222919818945,180,1,True,True,True,0.08660321537905635,1.6257108983230837
v100_s5_p0,100,0.0,h3,True,0,1.3648155514189342,3.7395270420238376,83.0,7.0,True,True,1.3011283323859073,2.053819333028514,176,1,True,True,True,0.06368721903302688,1.8207672806885202
v100_s5_p0,100,0.0,h4,False,0,1.4218846847514324,4.686281542002689,140.0,15.0,True,True,,2.7090343330055475,1217,1,False,True,False,,1.7298715947994199
v100_s5_p0,100,0.0,h4,True,0,1.394111575425292,4.3799099999596365,112.0,29.0,True,True,,2.7481806250289083,1213,1,False,True,False,,1.5937489552432762
v100_s5_p0,100,0.0,h2+3,False,0,1.3668945222764228,3.7156549590290524,76.0,17.0,True,True,1.2886643211710032,2.1192982920329086,180,1,True,True,True,0.07823020110541967,1.753247748557783
v100_s5_p0,100,0.0,h2+3,True,0,1.3337156293729342,3.981448000005912,83.0,7.0,True,True,1.2854955238364292,2.0671391249634326,176,1,True,True,True,0.04822010553650502,1.9260667808589533
v100_s5_p0,100,0.0,h2+3+4,False,0,1.3988191029113441,5.746537874976639,140.0,15.0,True,True,,3.0324621250038035,1217,1,False,True,False,,1.89500730366729
v100_s5_p0,100,0.0,h2+3+4,True,0,1.4100986780269225,5.279887999990024,112.0,29.0,True,True,,2.933149249991402,1213,1,False,True,False,,1.800074783104031
v100_s5_p10,100,0.1,h2,False,0,1.4761081855854539,1.8301728329970501,162.0,1.0,True,True,1.4761081855854539,1.7660348750068806,162,1,True,True,True,0.0,1.0363174923088196
v100_s5_p10,100,0.1,h2,True,0,1.4787677001647523,1.530969541054219,147.0,1.0,True,True,1.4787677001647523,1.3848014579853043,147,1,True,True,True,0.0,1.1055516530734804
v100_s5_p10,100,0.1,h3,False,0,1.5289416409496552,2.7798584999982268,68.0,7.0,True,True,1.449779491881979,1.9675554169807583,162,1,True,True,True,0.07916214906767616,1.4128488966597743
v100_s5_p10,100,0.1,h3,True,0,1.5066374920385563,2.921574292005971,86.0,4.0,True,True,1.4308521713646425,1.5666982080438174,147,1,True,True,True,0.07578532067391386,1.864797110895949
v100_s5_p10,100,0.1,h4,False,0,1.5175901991485687,3.5301337499986403,73.0,15.0,True,True,,1.9376940839574672,902,1,False,True,False,,1.8218220199077242
v100_s5_p10,100,0.1,h4,True,0,1.5018163164655915,3.1876474589807913,112.0,14.0,True,True,,1.9140038329642266,891,1,False,True,False,,1.6654342086891576
v100_s5_p10,100,0.1,h2+3,False,0,1.5123470284584244,3.084483459009789,68.0,7.0,True,True,1.4147097911826025,2.0134610410314053,162,1,True,True,True,0.09763723727582185,1.5319310362368606
v100_s5_p10,100,0.1,h2+3,True,0,1.4754706301983442,3.0994661249569617,86.0,4.0,True,True,1.4435110378332254,1.5576636249898002,147,1,True,True,True,0.031959592365118805,1.9898173618692916
v100_s5_p10,100,0.1,h2+3+4,False,0,1.5069495885213238,4.274579124990851,73.0,15.0,True,True,,2.132574667048175,902,1,False,True,False,,2.004421786979001
v100_s5_p10,100,0.1,h2+3+4,True,0,1.5031002730846672,4.024872416048311,112.0,14.0,True,True,,2.087010374991223,891,1,False,True,False,,1.928534934123285
v100_s5_p30,100,0.3,h2,False,0,2.0250968890843435,0.8802132909768261,126.0,1.0,True,True,2.0250968890843435,0.7454907500068657,126,1,True,True,True,0.0,1.1807165829605795
v100_s5_p30,100,0.3,h2,True,0,2.0944197213982734,0.4492084159865044,70.0,1.0,True,True,2.0944197213982734,0.3153406250057742,70,1,True,True,True,0.0,1.424518061947391
v100_s5_p30,100,0.3,h3,False,0,2.0283228700385942,1.2116605829796754,126.0,1.0,True,True,2.0283228700385942,1.048761083977297,126,1,True,True,True,0.0,1.155325651848753
v100_s5_p30,100,0.3,h3,True,0,1.98724446436716,0.6348954580025747,70.0,1.0,True,True,1.98724446436716,0.47548908297903836,70,1,True,True,True,0.0,1.335247181754042
v100_s5_p30,100,0.3,h4,False,0,2.284172092744318,2.1367693329812028,95.0,4.0,True,True,,0.8120473329909146,449,1,False,True,False,,2.631335940863326
v100_s5_p30,100,0.3,h4,True,0,2.211945859373911,1.1597607499570586,69.0,3.0,True,True,,0.6359800000209361,333,1,False,True,False,,1.8235805369962574
v100_s5_p30,100,0.3,h2+3,False,0,1.9778774533243577,1.184004167036619,126.0,1.0,True,True,1.9778774533243577,0.9584735420066863,126,1,True,True,True,0.0,1.2353018786076824
v100_s5_p30,100,0.3,h2+3,True,0,2.0323248160725287,0.696520583005622,70.0,1.0,True,True,2.0323248160725287,0.48909758299123496,70,1,True,True,True,0.0,1.42409328368753
v100_s5_p30,100,0.3,h2+3+4,False,0,2.1506497351465312,2.718238375033252,95.0,4.0,True,True,,0.8830120420316234,449,1,False,True,False,,3.0783706740614343
v100_s5_p30,100,0.3,h2+3+4,True,0,2.2662178942184825,1.4383578749839216,69.0,3.0,True,True,,0.6485488750040531,333,1,False,True,False,,2.2178095289656197
v100_s5_p50,100,0.5,h2,False,0,2.5417475954383564,0.7159315419849008,109.0,1.0,True,True,2.5417475954383564,0.5575916669913568,109,1,True,True,True,0.0,1.2839710210303386
v100_s5_p50,100,0.5,h2,True,0,2.6558717614549954,0.26411358395125717,26.0,1.0,True,True,2.6558717614549954,0.07882620801683515,26,1,True,True,True,0.0,3.3505808613151813
v100_s5_p50,100,0.5,h3,False,0,2.5605123689328284,0.667105166008696,109.0,1.0,True,True,2.5605123689328284,0.5046544590150006,109,1,True,True,True,0.0,1.3219048283270327
v100_s5_p50,100,0.5,h3,True,0,2.656156823321774,0.25146704202052206,26.0,1.0,True,True,2.656156823321774,0.09179662499809638,26,1,True,True,True,0.0,2.739393109776496
v100_s5_p50,100,0.5,h2+3,False,0,2.587390369537536,0.7242342920508236,109.0,1.0,True,True,2.587390369537536,0.424567665962968,109,1,True,True,True,0.0,1.7058159396292636
v100_s5_p50,100,0.5,h2+3,True,0,2.6524007634165936,0.32769529096549377,26.0,1.0,True,True,2.6524007634165936,0.10976650001248345,26,1,True,True,True,0.0,2.985385258054378
v100_s6_p0,100,0.0,h2,False,0,1.3210097346536696,2.0686540830065496,180.0,1.0,True,True,1.3210097346536696,1.9635169999673963,180,1,True,True,True,0.0,1.0535452878894855
v100_s6_p0,100,0.0,h2,True,0,1.314790068880083,1.9405433330102824,176.0,1.0,True,True,1.314790068880083,1.8800607919692993,176,1,True,True,True,0.0,1.0321705241124834
v100_s6_p0,100,0.0,h3,False,0,1.3636329080736305,3.582281749986578,65.0,19.0,True,True,1.2902339535588152,2.1042569170240313,180,1,True,True,True,0.07339895451481526,1.7023975166743706
v100_s6_p0,100,0.0,h3,True,0,1.3936041555163585,3.7132008749758825,82.0,9.0,True,True,1.2968442965564155,2.0308823749655858,176,1,True,True,True,0.09675985895994299,1.828368260391646
v100_s6_p0,100,0.0,h4,False,0,1.3487989336041855,4.554210415983107,100.0,26.0,True,True,,2.8071875000023283,1217,1,False,True,False,,1.6223392331218807
v100_s6_p0,100,0.0,h4,True,0,1.371170239346704,4.417794624983799,96.0,28.0,True,True,,2.8110093339928426,1213,1,False,True,False,,1.571604395460555
v100_s6_p0,100,0.0,h2+3,False,0,1.362157171606361,3.791111375030596,65.0,19.0,True,True,1.2964249033794466,2.139368833042681,180,1,True,True,True,0.06573226822691436,1.7720700219974466
v100_s6_p0,100,0.0,h2+3,True,0,1.3791089090153215,3.975447459029965,82.0,9.0,True,True,1.289118279027366,2.0154004159849137,176,1,True,True,True,0.08999062998795537,1.9725348012728223
v100_s6_p0,100,0.0,h2+3+4,False,0,1.3666788642795717,5.433582458994351,100.0,26.0,True,True,,3.049693582986947,1217,1,False,True,False,,1.781681441475364
v100_s6_p0,100,0.0,h2+3+4,True,0,1.3745977135526986,5.306319166033063,96.0,28.0,True,True,,2.947936041979119,1213,1,False,True,False,,1.8000116320266655
v100_s6_p10,100,0.1,h2,False,0,1.4959365199730532,1.8818647500011139,162.0,1.0,True,True,1.4959365199730532,1.819127875030972,162,1,True,True,True,0.0,1.0344873363941354
v100_s6_p10,100,0.1,h2,True,0,1.4750177548898509,1.4666176669998094,145.0,1.0,True,True,1.4750177548898509,1.3150976249598898,145,1,True,True,True,0.0,1.1152158130044079
v100_s6_p10,100,0.1,h3,False,0,1.4828570961454115,2.8180006250040606,64.0,12.0,True,True,1.461696540453661,1.9952958750072867,162,1,True,True,True,0.02116055569175046,1.412322182540356
v100_s6_p10,100,0.1,h3,True,0,1.4766041301736446,2.771895041980315,73.0,7.0,True,True,1.439523153284291,1.5000178330228664,145,1,True,True,True,0.037080976889353634,1.847908058795765
v100_s6_p10,100,0.1,h4,False,0,1.5003073895965966,3.476169999979902,108.0,11.0,True,True,,1.91613566596061,894,1,False,True,False,,1.814156513932016
v100_s6_p10,100,0.1,h4,True,0,1.5127385504671573,3.1782308750553057,100.0,13.0,True,True,,1.8787814999814145,885,1,False,True,False,,1.6916447575658722
v100_s6_p10,100,0.1,h2+3,False,0,1.482206633170083,3.2062029580119997,64.0,12.0,True,True,1.456183054385371,1.9641867500031367,162,1,True,True,True,0.026023578784711843,1.6323310184262672
v100_s6_p10,100,0.1,h2+3,True,0,1.5157525937454583,3.0848964999895543,73.0,7.0,True,True,1.4517619443341316,1.5373986670165323,145,1,True,True,True,0.0639906494113267,2.0065689961707123
v100_s6_p10,100,0.1,h2+3+4,False,0,1.522182596320289,4.410738832957577,108.0,11.0,True,True,,2.1447277080151252,894,1,False,True,False,,2.0565495640654405
v100_s6_p10,100,0.1,h2+3+4,True,0,1.4869581198988477,3.838132874981966,101.0,13.0,True,True,,2.0571909160353243,885,1,False,True,False,,1.865715449676845
v100_s6_p30,100,0.3,h2,False,0,,0.6995399580337107,126.0,1.0,False,True,,0.5608008329872973,126,1,False,True,False,,1.2473946486622924
v100_s6_p30,100,0.3,h2,True,0,2.1491955997601218,0.39798524999059737,70.0,1.0,True,True,2.1491955997601218,0.25120395905105397,70,1,True,True,True,0.0,1.5843112166465179
v100_s6_p30,100,0.3,h3,False,0,2.0727012176867166,0.9523466249811463,126.0,1.0,True,True,2.0727012176867166,0.7295012910035439,126,1,True,True,True,0.0,1.3054762708795806
v100_s6_p30,100,0.3,h3,True,0,2.2396696209464375,0.5118956670048647,70.0,1.0,True,True,2.2396696209464375,0.3519522079732269,70,1,True,True,True,0.0,1.454446528273534
v100_s6_p30,100,0.3,h4,False,0,,1.972494249988813,74.0,7.0,False,True,,0.827133540995419,450,1,False,True,False,,2.384734933629946
v100_s6_p30,100,0.3,h4,True,0,2.23808136607533,1.0154716249671765,46.0,6.0,True,True,,0.5940039160195738,322,1,False,True,False,,1.7095369198436636
v100_s6_p30,100,0.3,h2+3,False,0,2.08468019557452,0.9512536670081317,126.0,1.0,True,True,2.08468019557452,0.717238457989879,126,1,True,True,True,0.0,1.3262725337875776
v100_s6_p30,100,0.3,h2+3,True,0,2.3326049918807117,0.5020259589655325,70.0,1.0,True,True,2.3326049918807117,0.3306113750441,70,1,True,True,True,0.0,1.5184775747615085
v100_s6_p30,100,0.3,h2+3+4,False,0,,2.5522838329779916,74.0,7.0,False,True,,0.8904665839509107,450,1,False,True,False,,2.8662320169879534
v100_s6_p30,100,0.3,h2+3+4,True,0,2.2083956352853904,1.320578624960035,46.0,6.0,True,True,,0.5868269999627955,322,1,False,True,False,,2.250371276447333
v100_s6_p50,100,0.5,h2,False,0,2.630694067757926,0.6670201670494862,111.0,1.0,True,True,2.630694067757926,0.5475897080032155,111,1,True,True,True,0.0,1.2181020886637435
v100_s6_p50,100,0.5,h2,True,0,2.45888958097767,0.22834312496706843,31.0,1.0,True,True,2.45888958097767,0.09453754202695563,31,1,True,True,True,0.0,2.4153698104607013
v100_s6_p50,100,0.5,h3,False,0,2.503589909310679,0.6854966250248253,111.0,1.0,True,True,2.503589909310679,0.5173083749832585,111,1,True,True,True,0.0,1.3251218386847299
v100_s6_p50,100,0.5,h3,True,0,2.6201794052381286,0.28360916703240946,31.0,1.0,True,True,2.6201794052381286,0.11440041696187109,31,1,True,True,True,0.0,2.479092074698771
v100_s6_p50,100,0.5,h2+3,False,0,2.407290108349357,0.7938950829557143,111.0,1.0,True,True,2.407290108349357,0.5540231659542769,111,1,True,True,True,0.0,1.4329636949174682
v100_s6_p50,100,0.5,h2+3,True,0,2.947751567816627,0.3306730830227025,31.0,1.0,True,True,2.947751567816627,0.13011241698404774,31,1,True,True,True,0.0,2.541441398811646
v100_s7_p0,100,0.0,h2,False,0,1.3103427294630479,2.1189450420206413,180.0,1.0,True,True,1.3103427294630479,2.0050707909977064,180,1,True,True,True,0.0,1.056793132459065
v100_s7_p0,100,0.0,h2,True,0,1.3189389616787084,2.028702291951049,176.0,1.0,True,True,1.3189389616787084,1.8732552080182359,176,1,True,True,True,0.0,1.08298233111401
v100_s7_p0,100,0.0,h3,False,0,1.3718211582436128,3.792222457996104,67.0,21.0,True,True,1.2885817861414988,2.1556742080138065,180,1,True,True,True,0.08323937210211407,1.7591816258219182
v100_s7_p0,100,0.0,h3,True,0,1.3532481134432974,3.5617368330131285,85.0,10.0,True,True,1.3005649083206958,1.9516203749808483,176,1,True,True,True,0.052683205122601606,1.8250151918239124
v100_s7_p0,100,0.0,h4,False,0,1.351225954790565,5.057021250016987,80.0,32.0,True,True,,2.738521291001234,1217,1,False,True,False,,1.8466247703219731
v100_s7_p0,100,0.0,h4,True,0,1.3906967707310773,4.382108416000847,94.0,37.0,True,True,,2.783655582985375,1213,1,False,True,False,,1.574227947877512
v100_s7_p0,100,0.0,h2+3,False,0,1.3640948178051522,3.9901313330046833,67.0,21.0,True,True,1.303766380364863,2.235164707992226,180,1,True,True,True,0.06032843744028926,1.7851621040441739
v100_s7_p0,100,0.0,h2+3,True,0,1.379931718360859,3.810274292016402,85.0,10.0,True,True,1.3096414012474595,2.0468402080005035,176,1,True,True,True,0.0702903171133995,1.8615396928021772
v100_s7_p0,100,0.0,h2+3+4,False,0,1.349869832715635,5.993089791969396,80.0,32.0,True,True,,3.0423302080016583,1217,1,False,True,False,,1.9699011554389856
v100_s7_p0,100,0.0,h2+3+4,True,0,1.4006233765574152,5.300631541991606,94.0,37.0,True,True,,2.9064313750131987,1213,1,False,True,False,,1.8237594004666755
v100_s7_p10,100,0.1,h2,False,0,1.4605370145138383,1.7590263329911977,162.0,1.0,True,True,1.4605370145138383,1.6516224160441197,162,1,True,True,True,0.0,1.0650293407886327
v100_s7_p10,100,0.1,h2,True,0,1.5031233645868192,1.3622296249959618,145.0,1.0,True,True,1.5031233645868192,1.232516125019174,145,1,True,True,True,0.0,1.1052428421370712
v100_s7_p10,100,0.1,h3,False,0,1.474952126502924,3.3522141249850392,82.0,4.0,True,True,1.4338708278748376,1.9255204170476645,162,1,True,True,True,0.041081298628086405,1.7409392781847912
v100_s7_p10,100,0.1,h3,True,0,1.533456432835667,2.7349314159946516,79.0,4.0,True,True,1.4501154353173076,1.472426541033201,145,1,True,True,True,0.08334099751835944,1.857431484544928
v100_s7_p10,100,0.1,h4,False,0,1.542033282275258,3.484873083012644,84.0,12.0,True,True,,1.9861607919447124,899,1,False,True,False,,1.7545775232026888
v100_s7_p10,100,0.1,h4,True,0,1.5010758123338284,2.9071296250331216,71.0,17.0,True,True,,1.949062875006348,872,1,False,True,False,,1.4915525108566101
v100_s7_p10,100,0.1,h2+3,False,0,1.4773587685174119,3.63474795804359,82.0,4.0,True,True,1.4462467098162224,2.000495374959428,162,1,True,True,True,0.031112058701189493,1.81692394970786
v100_s7_p10,100,0.1,h2+3,True,0,1.5053197399583313,3.0169357499689795,79.0,4.0,True,True,1.4630550830466167,1.5518130830023438,145,1,True,True,True,0.04226465691171466,1.944136045129878
v100_s7_p10,100,0.1,h2+3+4,False,0,1.4930118727083963,4.240781166998204,84.0,12.0,True,True,,2.168351792031899,899,1,False,True,False,,1.9557625209073164
v100_s7_p10,100,0.1,h2+3+4,True,0,1.5131603515320022,3.6339146249811165,71.0,17.0,True,True,,2.0433905000099912,872,1,False,True,False,,1.7783750217901808
v100_s7_p30,100,0.3,h2,False,0,2.096685262026483,0.914808583969716,126.0,1.0,True,True,2.096685262026483,0.8218898329650983,126,1,True,True,True,0.0,1.1130549950586424
v100_s7_p30,100,0.3,h2,True,0,2.1216652124913002,0.38612562499474734,67.0,1.0,True,True,2.1216652124913002,0.24158225004794076,67,1,True,True,True,0.0,1.5983195160990622
v100_s7_p30,100,0.3,h3,False,0,2.106660143814253,0.9713847910170443,126.0,1.0,True,True,2.106660143814253,0.7441308340057731,126,1,True,True,True,0.0,1.3053951625521651
v100_s7_p30,100,0.3,h3,True,0,2.2123615461626924,0.5203103750245646,67.0,1.0,True,True,2.2123615461626924,0.30314541701227427,67,1,True,True,True,0.0,1.7163722287231455
v100_s7_p30,100,0.3,h4,False,0,,2.1230678749852814,115.0,5.0,False,True,,0.8052474579890259,454,1,False,True,False,,2.6365409215786872
v100_s7_p30,100,0.3,h4,True,0,2.5610047689000326,1.0544995840173215,61.0,4.0,True,True,,0.5122382499976084,307,1,False,True,False,,2.05861156214368
v100_s7_p30,100,0.3,h2+3,False,0,2.1089954460978517,1.1028523750137538,126.0,1.0,True,True,2.1089954460978517,0.899246042012237,126,1,True,True,True,0.0,1.2264189370752283
v100_s7_p30,100,0.3,h2+3,True,0,2.2394880916175994,0.548717875033617,67.0,1.0,True,True,2.2394880916175994,0.3447899580351077,67,1,True,True,True,0.0,1.5914554999242312
v100_s7_p30,100,0.3,h2+3+4,False,0,,2.692993499978911,110.0,5.0,False,True,,0.8719634999870323,454,1,False,True,False,,3.0884245728393
v100_s7_p30,100,0.3,h2+3+4,True,0,2.419216454474845,1.2851336659514345,62.0,4.0,True,True,,0.6187179170083255,307,1,False,True,False,,2.077091402436535
v100_s7_p50,100,0.5,h2,False,0,3.2567989986339203,0.618740042031277,108.0,1.0,True,True,3.2567989986339203,0.5040032499819063,108,1,True,True,True,0.0,1.2276508971985594
v100_s7_p50,100,0.5,h2,True,0,3.2398944346973337,0.2189600839628838,24.0,1.0,True,True,3.2398944346973337,0.0692439999547787,24,1,True,True,True,0.0,3.1621524479504424
v100_s7_p50,100,0.5,h3,False,0,3.466888802124267,0.6513521659653634,108.0,1.0,True,True,3.466888802124267,0.4296019159955904,108,1,True,True,True,0.0,1.5161761195963779
v100_s7_p50,100,0.5,h3,True,0,3.2398944346973337,0.2562152919708751,24.0,1.0,True,True,3.2398944346973337,0.09815766697283834,24,1,True,True,True,0.0,2.610242275234329
v100_s7_p50,100,0.5,h4,False,0,,0.7040912499651313,278.0,1.0,False,True,,0.4284439160255715,278,1,False,True,False,,1.643368533498111
v100_s7_p50,100,0.5,h2+3,False,0,3.555576874850957,0.6572655839845538,108.0,1.0,True,True,3.555576874850957,0.4416369589744136,108,1,True,True,True,0.0,1.4882485956584823
v100_s7_p50,100,0.5,h2+3,True,0,3.2398944346973337,0.261365374957677,24.0,1.0,True,True,3.2398944346973337,0.09821125003509223,24,1,True,True,True,0.0,2.6612569829249453
v100_s7_p50,100,0.5,h2+3+4,False,0,,0.8354523329762742,278.0,1.0,False,True,,0.5084988750168122,278,1,False,True,False,,1.6429777410002178
v100_s8_p0,100,0.0,h2,False,0,1.2993210113646765,2.0761426659883,180.0,1.0,True,True,1.2993210113646765,2.014273000007961,180,1,True,True,True,0.0,1.0307156308901995
v100_s8_p0,100,0.0,h2,True,0,1.3214871553481122,1.9732142090215348,176.0,1.0,True,True,1.3214871553481122,1.8916948749683797,176,1,True,True,True,0.0,1.043093278483676
v100_s8_p0,100,0.0,h3,False,0,1.371260259233073,4.053765207994729,87.0,8.0,True,True,1.3018913839510946,2.0821185000240803,180,1,True,True,True,0.06936887528197833,1.9469426009844524
v100_s8_p0,100,0.0,h3,True,0,1.349041392439338,3.327472083037719,74.0,13.0,True,True,1.2975033243972605,1.9347376659861766,176,1,True,True,True,0.05153806804207761,1.7198569819240255
v100_s8_p0,100,0.0,h4,False,0,1.3807030008349006,4.627858499996364,72.0,38.0,True,True,,2.7745152909774333,1217,1,False,True,False,,1.6679881041008848
v100_s8_p0,100,0.0,h4,True,0,1.3671750219972096,4.570273875026032,122.0,23.0,True,True,,2.7392237919848412,1213,1,False,True,False,,1.6684558189071557
v100_s8_p0,100,0.0,h2+3,False,0,1.335438636048702,4.247368999989703,87.0,8.0,True,True,1.284910217728395,2.1470333749894053,180,1,True,True,True,0.05052841832030697,1.9782501052228227
v100_s8_p0,100,0.0,h2+3,True,0,1.3614365332957081,3.6528464169823565,74.0,13.0,True,True,1.291538985145042,2.049440291011706,176,1,True,True,True,0.06989754815066607,1.782362937335993
v100_s8_p0,100,0.0,h2+3+4,False,0,1.380133612113106,5.507914750021882,72.0,38.0,True,True,,3.0468942500301637,1217,1,False,True,False,,1.8077144456087884
v100_s8_p0,100,0.0,h2+3+4,True,0,1.3797619618283528,5.430916999990586,122.0,23.0,True,True,,2.988174916943535,1213,1,False,True,False,,1.8174695762273576
v100_s8_p10,100,0.1,h2,False,0,1.4702790279140479,1.7648739160504192,162.0,1.0,True,True,1.4702790279140479,1.6813736250041984,162,1,True,True,True,0.0,1.0496619488996757
v100_s8_p10,100,0.1,h2,True,0,1.5142669028337428,1.433048165985383,145.0,1.0,True,True,1.5142669028337428,1.348317458992824,145,1,True,True,True,0.0,1.062841808082684
v100_s8_p10,100,0.1,h3,False,0,1.473220476427243,3.515781083959155,84.0,2.0,True,True,1.4574990701349837,1.982944041956216,162,1,True,True,True,0.015721406292259266,1.7730107403791195
v100_s8_p10,100,0.1,h3,True,0,1.507526917510427,2.76921466703061,80.0,2.0,True,True,1.5059488538463521,1.4725483329966664,145,1,True,True,True,0.001578063664074758,1.8805594390203824
v100_s8_p10,100,0.1,h4,False,0,1.565730494731379,3.522682083013933,121.0,9.0,True,True,,1.9433481250307523,887,1,False,True,False,,1.8126871030676446
v100_s8_p10,100,0.1,h4,True,0,1.543229449876055,3.298754707968328,109.0,9.0,True,True,,1.8915305830305442,868,1,False,True,False,,1.7439605457941783
v100_s8_p10,100,0.1,h2+3,False,0,1.4633384216133718,3.724086875037756,84.0,2.0,True,True,1.4674997032577173,1.9373148340382613,162,1,True,True,True,-0.0041612816443454825,1.9222930675005643
v100_s8_p10,100,0.1,h2+3,True,0,1.5199184925129618,3.0641691670170985,80.0,2.0,True,True,1.4971826639888037,1.488347041013185,145,1,True,True,True,0.02273582852415812,2.0587733119899108
v100_s8_p10,100,0.1,h2+3+4,False,0,1.5175144223967687,4.330257333989721,121.0,9.0,True,True,,2.0925114590208977,887,1,False,True,False,,2.0694067482028897
v100_s8_p10,100,0.1,h2+3+4,True,0,1.5337218732775666,4.072849625023082,110.0,9.0,True,True,,1.9747431250289083,868,1,False,True,False,,2.0624705934669145
v100_s8_p30,100,0.3,h2,False,0,2.120402317934062,0.8388653750298545,126.0,1.0,True,True,2.120402317934062,0.6549587920308113,126,1,True,True,True,0.0,1.2807910745480788
v100_s8_p30,100,0.3,h2,True,0,2.3280232819637,0.383973625022918,67.0,1.0,True,True,2.3280232819637,0.2547697080299258,67,1,True,True,True,0.0,1.5071400285069039
v100_s8_p30,100,0.3,h3,False,0,2.161443525035298,1.0063997919787653,126.0,1.0,True,True,2.161443525035298,0.7034633749863133,126,1,True,True,True,0.0,1.4306356631549524
v100_s8_p30,100,0.3,h3,True,0,2.1456510850370627,0.5016706670285203,67.0,1.0,True,True,2.1456510850370627,0.36265924997860566,67,1,True,True,True,0.0,1.3833113785409177
v100_s8_p30,100,0.3,h4,False,0,,1.9977001249790192,101.0,3.0,False,True,,0.8314771250006743,455,1,False,True,False,,2.40259180308466
v100_s8_p30,100,0.3,h4,True,0,2.5656910067938505,0.9956874159979634,84.0,2.0,True,True,,0.5750222920323722,320,1,False,True,False,,1.7315631581495434
v100_s8_p30,100,0.3,h2+3,False,0,2.147852311252081,1.010155374999158,126.0,1.0,True,True,2.147852311252081,0.6940893749706447,126,1,True,True,True,0.0,1.4553678696520616
v100_s8_p30,100,0.3,h2+3,True,0,2.09728492559707,0.5145175419747829,67.0,1.0,True,True,2.09728492559707,0.3589416249888018,67,1,True,True,True,0.0,1.433429577834097
v100_s8_p30,100,0.3,h2+3+4,False,0,,2.3456334590446204,101.0,3.0,False,True,,0.8882296250085346,455,1,False,True,False,,2.640796245702886
v100_s8_p30,100,0.3,h2+3+4,True,0,2.8087661231976773,1.2172488329815678,84.0,2.0,True,True,,0.6137687499867752,320,1,False,True,False,,1.9832368999037433
v100_s8_p50,100,0.5,h2,False,0,2.7734684417525517,0.8361860829754733,107.0,1.0,True,True,2.7734684417525517,0.6661153750028461,107,1,True,True,True,0.0,1.2553171933194012
v100_s8_p50,100,0.5,h2,True,0,2.808538386262195,0.2250558749656193,20.0,1.0,True,True,2.808538386262195,0.0616244170232676,20,1,True,True,True,0.0,3.652056860524047
v100_s8_p50,100,0.5,h3,False,0,2.726481185693576,0.9407312920084223,107.0,1.0,True,True,2.726481185693576,0.7159336659824476,107,1,True,True,True,0.0,1.3139922547398213
v100_s8_p50,100,0.5,h3,True,0,2.815368966659574,0.2078374580014497,20.0,1.0,True,True,2.815368966659574,0.07711029198253527,20,1,True,True,True,0.0,2.6953270783687717
v100_s8_p50,100,0.5,h2+3,False,0,2.739010360912188,0.8804668750381097,107.0,1.0,True,True,2.739010360912188,0.6824984169797972,107,1,True,True,True,0.0,1.290064347598586
v100_s8_p50,100,0.5,h2+3,True,0,2.815368966659576,0.26790908398106694,20.0,1.0,True,True,2.815368966659576,0.082401292049326,20,1,True,True,True,0.0,3.2512728540796987
v100_s9_p0,100,0.0,h2,False,0,1.3249443240788994,2.096650874998886,180.0,1.0,True,True,1.3249443240788994,1.988352416025009,180,1,True,True,True,0.0,1.0544664306493416
v100_s9_p0,100,0.0,h2,True,0,1.3066656268238248,2.0393827080260962,176.0,1.0,True,True,1.3066656268238248,1.890135416004341,176,1,True,True,True,0.0,1.0789611637124163
v100_s9_p0,100,0.0,h3,False,0,1.3394550606190483,3.523954041011166,70.0,19.0,True,True,1.2924986772486742,2.1240780419902876,180,1,True,True,True,0.04695638337037411,1.6590511136347783
v100_s9_p0,100,0.0,h3,True,0,1.365707166455378,3.4945578339975327,81.0,8.0,True,True,1.3022071371389503,2.0095202079974115,176,1,True,True,True,0.06350002931642762,1.7390010909519722
v100_s9_p0,100,0.0,h4,False,0,1.3711282641238007,4.86054654198233,90.0,22.0,True,True,,2.7677278330083936,1217,1,False,True,False,,1.7561504726059494
v100_s9_p0,100,0.0,h4,True,0,1.376335430974907,4.543633875029627,109.0,26.0,True,True,,2.7929272089968435,1213,1,False,True,False,,1.626835765856425
v100_s9_p0,100,0.0,h2+3,False,0,1.3555172426273046,3.9157928329659626,70.0,19.0,True,True,1.2983182359991587,2.102475209045224,180,1,True,True,True,0.05719900662814581,1.8624680168020638
v100_s9_p0,100,0.0,h2+3,True,0,1.3826509505876652,3.8888270409661345,81.0,8.0,True,True,1.301442914829276,2.0873916249838658,176,1,True,True,True,0.08120803575838909,1.8630078775927794
v100_s9_p0,100,0.0,h2+3+4,False,0,1.3805663666234018,5.961452583025675,90.0,22.0,True,True,,2.999658999964595,1217,1,False,True,False,,1.9873767595236786
v100_s9_p0,100,0.0,h2+3+4,True,0,1.370408047471765,5.661267500021495,109.0,26.0,True,True,,2.942819083982613,1213,1,False,True,False,,1.9237565539910517
v100_s9_p10,100,0.1,h2,False,0,1.4510219923009562,1.7065222499659285,162.0,1.0,True,True,1.4510219923009562,1.5944164169486612,162,1,True,True,True,0.0,1.07031151449871
v100_s9_p10,100,0.1,h2,True,0,1.4717067613676276,1.41173016699031,145.0,1.0,True,True,1.4717067613676276,1.2629095839802176,145,1,True,True,True,0.0,1.117839459687261
v100_s9_p10,100,0.1,h3,False,0,1.4614419048469791,3.415841209003702,92.0,3.0,True,True,1.4079199509145999,1.9339819999877363,162,1,True,True,True,0.05352195393237924,1.7662218205884863
v100_s9_p10,100,0.1,h3,True,0,1.4736907865851636,2.787317082984373,92.0,4.0,True,True,1.446738248695911,1.5365687090088613,145,1,True,True,True,0.02695253788925256,1.8139879242902757
v100_s9_p10,100,0.1,h4,False,0,1.5111224564865298,3.000532249978278,102.0,21.0,True,True,,1.9833392910077237,917,1,False,True,False,,1.5128688588898596
v100_s9_p10,100,0.1,h4,True,0,1.4921572423417262,2.825609416991938,89.0,18.0,True,True,,1.870863249991089,868,1,False,True,False,,1.5103238662715708
v100_s9_p10,100,0.1,h2+3,False,0,1.444473990359012,3.768890666018706,92.0,3.0,True,True,1.406404732093677,1.9373534169862978,162,1,True,True,True,0.038069258265335026,1.945381071400749
v100_s9_p10,100,0.1,h2+3,True,0,1.4848235421573164,3.159286833018996,92.0,4.0,True,True,1.4292913564780736,1.5333934159716591,145,1,True,True,True,0.055532185679242785,2.0603237239133856
v100_s9_p10,100,0.1,h2+3+4,False,0,1.5291793974164625,3.770837499992922,102.0,21.0,True,True,,2.087671416986268,917,1,False,True,False,,1.8062409004173885
v100_s9_p10,100,0.1,h2+3+4,True,0,1.4960717828088521,3.6393211249960586,89.0,18.0,True,True,,2.110277249943465,868,1,False,True,False,,1.7245701365038917
v100_s9_p30,100,0.3,h2,False,0,2.3098637590740325,0.766219875018578,126.0,1.0,True,True,2.3098637590740325,0.6206545000313781,126,1,True,True,True,0.0,1.234535276840562
v100_s9_p30,100,0.3,h2,True,0,2.329660149495825,0.41610274999402463,69.0,1.0,True,True,2.329660149495825,0.2526139589608647,69,1,True,True,True,0.0,1.6471882698235525
v100_s9_p30,100,0.3,h3,False,0,2.1958682334950157,0.9376670840429142,126.0,1.0,True,True,2.1958682334950157,0.768905165954493,126,1,True,True,True,0.0,1.2194833973822063
v100_s9_p30,100,0.3,h3,True,0,2.118172778509409,0.5496411249623634,69.0,1.0,True,True,2.118172778509409,0.3544451250345446,69,1,True,True,True,0.0,1.5507086602158648
v100_s9_p30,100,0.3,h4,False,0,2.2242695532543038,2.255533791030757,69.0,3.0,True,True,,0.8305117080453783,446,1,False,True,False,,2.7158362358782266
v100_s9_p30,100,0.3,h4,True,0,2.387160642977172,0.9627071249997243,71.0,3.0,True,True,,0.5678952920134179,317,1,False,True,False,,1.6952194155132703
v100_s9_p30,100,0.3,h2+3,False,0,2.239210576404189,0.9939664999837987,126.0,1.0,True,True,2.239210576404189,0.7089591250405647,126,1,True,True,True,0.0,1.4020081904255435
v100_s9_p30,100,0.3,h2+3,True,0,2.2520533095302517,0.579136332962662,69.0,1.0,True,True,2.2520533095302517,0.3936937500257045,69,1,True,True,True,0.0,1.471032580336492
v100_s9_p30,100,0.3,h2+3+4,False,0,2.4440838932847657,2.6812922499957494,70.0,3.0,True,True,,0.8389720420236699,446,1,False,True,False,,3.1959256276624557
v100_s9_p30,100,0.3,h2+3+4,True,0,2.342974557577518,1.2248106250190176,72.0,3.0,True,True,,0.5907980839838274,317,1,False,True,False,,2.073145899119987
v100_s9_p50,100,0.5,h2,False,0,2.859629856498505,0.8269415840040892,106.0,1.0,True,True,2.859629856498505,0.6111415830091573,106,1,True,True,True,0.0,1.3531096672106149
v100_s9_p50,100,0.5,h2,True,0,3.159624340476888,0.1660859999828972,17.0,1.0,True,True,3.159624340476888,0.05811329104471952,17,1,True,True,True,0.0,2.8579692699745776
v100_s9_p50,100,0.5,h3,False,0,2.889218157903451,0.8485307089868002,106.0,1.0,True,True,2.889218157903451,0.5879296669736505,106,1,True,True,True,0.0,1.443252070191636
v100_s9_p50,100,0.5,h3,True,0,3.4419742472801578,0.20865429198602214,17.0,1.0,True,True,3.4419742472801578,0.0821676249615848,17,1,True,True,True,0.0,2.539373531650363
v100_s9_p50,100,0.5,h4,False,0,,0.6595451250323094,255.0,1.0,False,True,,0.42838045896496624,255,1,False,True,False,,1.539624675284846
v100_s9_p50,100,0.5,h2+3,False,0,2.955711217870262,0.8652513749548234,106.0,1.0,True,True,2.955711217870262,0.7159417499788105,106,1,True,True,True,0.0,1.2085499623124814
v100_s9_p50,100,0.5,h2+3,True,0,3.4419742472801578,0.21704637503717095,17.0,1.0,True,True,3.4419742472801578,0.06189499999163672,17,1,True,True,True,0.0,3.50668672859679
v100_s9_p50,100,0.5,h2+3+4,False,0,,0.733448666986078,255.0,1.0,False,True,,0.47413233399856836,255,1,False,True,False,,1.546928176782587
v200_s0_p0,200,0.0,h2,False,0,1.2589133732259898,4.437439834000543,364.0,1.0,True,True,1.2589133732259898,5.92745100002503,364,1,True,True,True,0.0,0.7486253085823577
v200_s0_p0,200,0.0,h2,True,0,1.2598631500671527,4.361040000047069,360.0,1.0,True,True,1.2598631500671527,5.674393415974919,360,1,True,True,True,0.0,0.7685473460069913
v200_s0_p0,200,0.0,h3,False,0,1.2927102734596236,7.95937070902437,138.0,46.0,True,True,1.2388765315743289,6.1827361669857055,364,1,True,True,True,0.05383374188529477,1.2873540927600076
v200_s0_p0,200,0.0,h3,True,0,1.3008809759175954,7.10483866604045,147.0,40.0,True,True,1.2401346811567626,5.963164874992799,360,1,True,True,True,0.06074629476083282,1.1914543392612518
v200_s0_p0,200,0.0,h4,False,0,1.3656565358598751,9.276530499977525,153.0,84.0,True,True,,6.0013548750430346,2571,1,False,True,False,,1.545739369380486
v200_s0_p0,200,0.0,h4,True,0,1.3548453505116274,11.43489504198078,112.0,102.0,True,True,,5.931979916989803,2559,1,False,True,False,,1.9276692102800381
v200_s0_p0,200,0.0,h2+3,False,0,1.3224077939974028,8.420318707998376,138.0,46.0,True,True,1.237563736141107,6.192525291990023,364,1,True,True,True,0.0848440578562959,1.3597552389313587
v200_s0_p0,200,0.0,h2+3,True,0,1.3142029066313865,7.605900000024121,147.0,40.0,True,True,1.2464734808732314,6.034770583035424,360,1,True,True,True,0.0677294257581551,1.2603461714692783
v200_s0_p0,200,0.0,h2+3+4,False,0,1.3550464894965093,10.549242916982621,153.0,84.0,True,True,,6.346271082991734,2571,1,False,True,False,,1.6622742361660257
v200_s0_p0,200,0.0,h2+3+4,True,0,1.364065847743079,12.933098957990296,112.0,102.0,True,True,,6.418274624971673,2559,1,False,True,False,,2.015042938124103
v200_s0_p10,200,0.1,h2,False,0,1.3834812016161988,4.047727333032526,328.0,1.0,True,True,1.3834812016161988,5.159748166974168,328,1,True,True,True,0.0,0.7844815681006841
v200_s0_p10,200,0.1,h2,True,0,1.397971024018833,3.092156167025678,302.0,1.0,True,True,1.397971024018833,3.9082786249928176,302,1,True,True,True,0.0,0.7911810962636678
v200_s0_p10,200,0.1,h3,False,0,1.4083452722769916,5.802904749987647,145.0,20.0,True,True,1.3527007280645618,5.719141958048567,328,1,True,True,True,0.055644544212429814,1.0146460417582746
v200_s0_p10,200,0.1,h3,True,0,1.3963811344813786,6.010207457991783,149.0,14.0,True,True,1.3762293143232054,4.596327250008471,302,1,True,True,True,0.020151820158173184,1.3076108664762078
v200_s0_p10,200,0.1,h4,False,0,1.407991195626755,6.900167583022267,149.0,42.0,True,True,,4.043330457992852,1925,1,False,True,False,,1.7065554385697124
v200_s0_p10,200,0.1,h4,True,0,1.409965976177448,6.436675292032305,166.0,36.0,True,True,,3.9014185409760103,1891,1,False,True,False,,1.6498294721340137
v200_s0_p10,200,0.1,h2+3,False,0,1.3770416205853464,6.26288024999667,145.0,20.0,True,True,1.3632657843302094,5.827500416955445,328,1,True,True,True,0.013775836255137008,1.0747112487155663
v200_s0_p10,200,0.1,h2+3,True,0,1.4184996020458898,6.408582958043553,149.0,14.0,True,True,1.354513165448587,4.561462040990591,302,1,True,True,True,0.06398643659730285,1.4049405432850717
v200_s0_p10,200,0.1,h2+3+4,False,0,1.4127825360515802,7.939535707992036,150.0,42.0,True,True,,4.362387333996594,1925,1,False,True,False,,1.8199978819208251
v200_s0_p10,200,0.1,h2+3+4,True,0,1.4444815012991838,7.5035442499793135,192.0,36.0,True,True,,4.213496499985922,1891,1,False,True,False,,1.7808355246063179
v200_s0_p30,200,0.3,h2,False,0,,1.3632331669796258,255.0,1.0,False,True,,1.5915564579772763,255,1,False,True,False,,0.8565408786768214
v200_s0_p30,200,0.3,h2,True,0,2.0463985412756243,0.6869377499679103,157.0,1.0,True,True,2.0463985412756243,0.7170359999872744,157,1,True,True,True,0.0,0.9580240740773152
v200_s0_p30,200,0.3,h3,False,0,2.0567322832503536,1.6748366249958053,255.0,1.0,True,True,2.0567322832503536,1.869086958002299,255,1,True,True,True,0.0,0.8960720729579588
v200_s0_p30,200,0.3,h3,True,0,1.896603545718119,0.9024797090096399,157.0,1.0,True,True,1.896603545718119,0.913365459011402,157,1,True,True,True,0.0,0.9880817148334639
v200_s0_p30,200,0.3,h4,False,0,2.027749125683286,4.4717112079961225,111.0,11.0,True,True,,1.5512043749913573,954,1,False,True,False,,2.8827350412939863
v200_s0_p30,200,0.3,h4,True,0,2.0810778993980215,2.1410325419856235,145.0,7.0,True,True,,1.2942862079944462,747,1,False,True,False,,1.6542187722939954
v200_s0_p30,200,0.3,h2+3,False,0,1.9814710391305874,1.8257319160038605,255.0,1.0,True,True,1.9814710391305874,1.976664834015537,255,1,True,True,True,0.0,0.923642635102148
v200_s0_p30,200,0.3,h2+3,True,0,1.8587516732966427,0.9176117080496624,157.0,1.0,True,True,1.8587516732966427,0.9303214579704218,157,1,True,True,True,0.0,0.9863383244448787
v200_s0_p30,200,0.3,h2+3+4,False,0,2.070413080730927,5.212586375011597,111.0,11.0,True,True,,1.7033170409849845,954,1,False,True,False,,3.0602561059315723
v200_s0_p30,200,0.3,h2+3+4,True,0,2.118281586780866,2.6819117499981076,145.0,7.0,True,True,,1.3071045000106096,747,1,False,True,False,,2.0517959734484417
v200_s0_p50,200,0.5,h2,False,0,3.6229576239065677,0.9849783329991624,211.0,1.0,True,True,3.6229576239065677,1.1170671670115553,211,1,True,True,True,0.0,0.8817539017230586
v200_s0_p50,200,0.5,h2,True,0,2.957567871857972,0.24058212497038767,45.0,1.0,True,True,2.957567871857972,0.16502420901088044,45,1,True,True,True,0.0,1.4578595856473733
v200_s0_p50,200,0.5,h3,False,0,3.657944670355717,0.9959018750232644,211.0,1.0,True,True,3.657944670355717,1.1269504589727148,211,1,True,True,True,0.0,0.8837139796997737
v200_s0_p50,200,0.5,h3,True,0,2.9553601991713676,0.2747702920460142,45.0,1.0,True,True,2.9553601991713676,0.20850179204717278,45,1,True,True,True,0.0,1.3178318006199603
v200_s0_p50,200,0.5,h4,False,0,,0.9117845409782603,532.0,1.0,False,True,,0.7945921249920502,532,1,False,True,False,,1.1474875125239665
v200_s0_p50,200,0.5,h2+3,False,0,3.475355518778862,1.1001875000074506,211.0,1.0,True,True,3.475355518778862,1.1071088330354542,211,1,True,True,True,0.0,0.9937482812696682
v200_s0_p50,200,0.5,h2+3,True,0,2.8427538199060516,0.2916092500090599,45.0,1.0,True,True,2.8427538199060516,0.21823712502373382,45,1,True,True,True,0.0,1.3362036820149032
v200_s0_p50,200,0.5,h2+3+4,False,0,,1.1001932909712195,532.0,1.0,False,True,,0.951298667001538,532,1,False,True,False,,1.1565172212833983
v200_s1_p0,200,0.0,h2,False,0,1.2454398626244583,4.7658432080061175,364.0,1.0,True,True,1.2454398626244583,5.7999628750258125,364,1,True,True,True,0.0,0.8217023644284804
v200_s1_p0,200,0.0,h2,True,0,1.2549593735207614,4.627266875002533,360.0,1.0,True,True,1.2549593735207614,5.760026167030446,360,1,True,True,True,0.0,0.8033412940879222
v200_s1_p0,200,0.0,h3,False,0,1.3146428061600466,8.20460770901991,120.0,58.0,True,True,1.2490882362153983,6.109584083023947,364,1,True,True,True,0.06555456994464826,1.3429077327566674
v200_s1_p0,200,0.0,h3,True,0,1.303053300594234,7.386446124990471,137.0,50.0,True,True,1.2374579498375506,6.002444666053634,360,1,True,True,True,0.06559535075668332,1.2305729641730727
v200_s1_p0,200,0.0,h4,False,0,1.3342134688539573,10.374004249984864,194.0,71.0,True,True,,6.111580415978096,2571,1,False,True,False,,1.697433976793155
v200_s1_p0,200,0.0,h4,True,0,1.379049368265338,9.579457667015959,189.0,77.0,True,True,,5.8748727919883095,2559,1,False,True,False,,1.6305812919182985
v200_s1_p0,200,0.0,h2+3,False,0,1.3101991984895622,8.594082165975124,120.0,58.0,True,True,1.2298009913109769,6.400362499989569,364,1,True,True,True,0.08039820717858537,1.3427492842771218
v200_s1_p0,200,0.0,h2+3,True,0,1.3032841588477013,7.88166395900771,137.0,50.0,True,True,1.2441662639103988,6.17534512502607,360,1,True,True,True,0.05911789493730257,1.27631149343648
v200_s1_p0,200,0.0,h2+3+4,False,0,1.353019990851254,11.739550708967727,194.0,71.0,True,True,,6.45477645797655,2571,1,False,True,False,,1.8187385396531384
v200_s1_p0,200,0.0,h2+3+4,True,0,1.3648632080655554,11.111853874986991,189.0,77.0,True,True,,6.41645562503254,2559,1,False,True,False,,1.731774444388936
v200_s1_p10,200,0.1,h2,False,0,1.4227250377451044,4.48684616596438,328.0,1.0,True,True,1.4227250377451044,5.498087165993638,328,1,True,True,True,0.0,0.8160740327501697
v200_s1_p10,200,0.1,h2,True,0,1.4166288579733346,3.531055000028573,300.0,1.0,True,True,1.4166288579733346,4.219534833042417,300,1,True,True,True,0.0,0.8368351346166212
v200_s1_p10,200,0.1,h3,False,0,1.4361307300188808,5.899850499990862,145.0,16.0,True,True,1.3959063168644548,5.82149354199646,328,1,True,True,True,0.04022441315442604,1.0134599407229659
v200_s1_p10,200,0.1,h3,True,0,1.4504484138802312,4.967786207969766,124.0,25.0,True,True,1.3750894327845804,4.476965542009566,300,1,True,True,True,0.07535898109565076,1.109632442187591
v200_s1_p10,200,0.1,h4,False,0,1.438874234949328,7.638659208023455,213.0,27.0,True,True,,4.087197167042177,1970,1,False,True,False,,1.8689235913596505
v200_s1_p10,200,0.1,h4,True,0,1.4623405292694533,7.7774536670185626,156.0,39.0,True,True,,4.210195374966133,1925,1,False,True,False,,1.8472904400739654
v200_s1_p10,200,0.1,h2+3,False,0,1.4245727558628194,6.354682667006273,145.0,16.0,True,True,1.367226156257982,5.798106999951415,328,1,True,True,True,0.057346599604837456,1.0959926519223466
v200_s1_p10,200,0.1,h2+3,True,0,1.4451044733002727,5.3914149579941295,124.0,25.0,True,True,1.4032177871257419,4.6193907909910195,300,1,True,True,True,0.04188668617453084,1.1671268359690963
v200_s1_p10,200,0.1,h2+3+4,False,0,1.4695362147567572,8.91260370798409,214.0,27.0,True,True,,4.4871620000340044,1970,1,False,True,False,,1.9862451384453133
v200_s1_p10,200,0.1,h2+3+4,True,0,1.467499123051298,9.001630125043448,156.0,39.0,True,True,,4.225595916970633,1925,1,False,True,False,,2.1302628793471565
v200_s1_p30,200,0.3,h2,False,0,2.0743089563628736,1.622573749977164,255.0,1.0,True,True,2.0743089563628736,1.8595583750284277,255,1,True,True,True,0.0,0.8725586525092869
v200_s1_p30,200,0.3,h2,True,0,1.9294803928591562,0.8113204159890302,151.0,1.0,True,True,1.9294803928591562,0.8064569999696687,151,1,True,True,True,0.0,1.0060305955798565
v200_s1_p30,200,0.3,h3,False,0,2.1018488779527646,4.106986583035905,174.0,2.0,True,True,1.9366676434159713,1.9983139159739949,255,1,True,True,True,0.16518123453679334,2.055225933325959
v200_s1_p30,200,0.3,h3,True,0,1.945361281127618,1.1378250420093536,151.0,1.0,True,True,1.945361281127618,1.2215715419733897,151,1,True,True,True,0.0,0.9314436387174282
v200_s1_p30,200,0.3,h4,False,0,2.0139738448167845,4.310462334018666,95.0,16.0,True,True,,1.6253617919865064,958,1,False,True,False,,2.65200176063598
v200_s1_p30,200,0.3,h4,True,0,1.9447695955506283,2.2268985839909874,125.0,8.0,True,True,,1.2331257910118438,740,1,False,True,False,,1.8058973384732318
v200_s1_p30,200,0.3,h2+3,False,0,2.065695975028687,4.579751875018701,174.0,2.0,True,True,1.9746548316235693,2.189844415988773,255,1,True,True,True,0.09104114340511771,2.0913594781348066
v200_s1_p30,200,0.3,h2+3,True,0,1.9021587324418439,1.1077417499618605,151.0,1.0,True,True,1.9021587324418439,1.146672791976016,151,1,True,True,True,0.0,0.9660486912338199
v200_s1_p30,200,0.3,h2+3+4,False,0,2.0485310616241814,4.948036874993704,95.0,16.0,True,True,,1.7393707919982262,958,1,False,True,False,,2.844728046346745
v200_s1_p30,200,0.3,h2+3+4,True,0,1.9593088894278357,2.753712749981787,126.0,8.0,True,True,,1.3189106659847312,740,1,False,True,False,,2.087869042992231
v200_s1_p50,200,0.5,h2,False,0,,0.9801043330226094,210.0,1.0,False,True,,1.0752600409905426,210,1,False,True,False,,0.9115044693000266
v200_s1_p50,200,0.5,h2,True,0,2.9635335285239446,0.2273730409797281,42.0,1.0,True,True,2.9635335285239446,0.14882237499114126,42,1,True,True,True,0.0,1.5278148933805324
v200_s1_p50,200,0.5,h3,False,0,3.0732893277014957,1.022045249992516,210.0,1.0,True,True,3.0732893277014957,1.0298957920167595,210,1,True,True,True,0.0,0.9923773433340566
v200_s1_p50,200,0.5,h3,True,0,3.2291781284897567,0.26987045898567885,42.0,1.0,True,True,3.2291781284897567,0.2064432919723913,42,1,True,True,True,0.0,1.3072377232861119
v200_s1_p50,200,0.5,h4,False,0,,0.8810956249944866,526.0,1.0,False,True,,0.7743522500386462,526,1,False,True,False,,1.1378486017836367
v200_s1_p50,200,0.5,h2+3,False,0,2.908413543100714,1.0692472500377335,210.0,1.0,True,True,2.908413543100714,1.1740310420282185,210,1,True,True,True,0.0,0.9107487040466461
v200_s1_p50,200,0.5,h2+3,True,0,3.2291781284897536,0.2780264169559814,42.0,1.0,True,True,3.2291781284897536,0.1991783749544993,42,1,True,True,True,0.0,1.395866479076829
v200_s1_p50,200,0.5,h2+3+4,False,0,,1.0002535830135457,526.0,1.0,False,True,,0.9035284999990836,526,1,False,True,False,,1.1070526087606094
v200_s2_p0,200,0.0,h2,False,0,1.2546460157850632,6.939784082991537,364.0,1.0,True,True,1.2546460157850632,7.053955958981533,364,1,True,True,True,0.0,0.9838144898190603
v200_s2_p0,200,0.0,h2,True,0,1.2343791350482949,6.8316414169967175,360.0,1.0,True,True,1.2343791350482949,6.773269333993085,360,1,True,True,True,0.0,1.0086180070694488
v200_s2_p0,200,0.0,h3,False,0,1.3154259571136466,11.734736582962796,132.0,48.0,True,True,1.2400287838506643,7.406330458004959,364,1,True,True,True,0.07539717326298234,1.5844197945933645
v200_s2_p0,200,0.0,h3,True,0,1.3096372627184176,11.784212375001516,142.0,46.0,True,True,1.2422357683595637,7.164205290959217,360,1,True,True,True,0.0674014943588539,1.6448736316744668
v200_s2_p0,200,0.0,h4,False,0,1.3805499615913457,15.166489749972243,160.0,85.0,True,True,,6.827733332989737,2571,1,False,True,False,,2.2213066929096246
v200_s2_p0,200,0.0,h4,True,0,1.3512527410669788,14.590609042032156,183.0,70.0,True,True,,6.803175749955699,2559,1,False,True,False,,2.144676189223418
v200_s2_p0,200,0.0,h2+3,False,0,1.3154630816100223,12.365820584003814,132.0,48.0,True,True,1.2334788918984285,7.497700583015103,364,1,True,True,True,0.08198418971159382,1.6492817293900337
v200_s2_p0,200,0.0,h2+3,True,0,1.3110445285232908,12.571999125008006,142.0,46.0,True,True,1.2333461762078486,7.366831874998752,360,1,True,True,True,0.0776983523154422,1.7065679437689265
v200_s2_p0,200,0.0,h2+3+4,False,0,1.3687932640418654,17.35218316700775,160.0,85.0,True,True,,7.339428208011668,2571,1,False,True,False,,2.364241828548201
v200_s2_p0,200,0.0,h2+3+4,True,0,1.35887347839162,16.848734667000826,183.0,70.0,True,True,,7.340190334012732,2559,1,False,True,False,,2.295408415900023
v200_s2_p10,200,0.1,h2,False,0,1.421285202274177,4.634361208009068,328.0,1.0,True,True,1.421285202274177,4.505110250029247,328,1,True,True,True,0.0,1.0286898545887933
v200_s2_p10,200,0.1,h2,True,0,1.452071033447697,4.8096853329916485,306.0,1.0,True,True,1.452071033447697,4.651440499990713,306,1,True,True,True,0.0,1.0340206078098282
v200_s2_p10,200,0.1,h3,False,0,1.4248838148467433,11.104309291986283,175.0,10.0,True,True,1.3923743869607617,5.7465448749717325,328,1,True,True,True,0.03250942788598166,1.9323453542231157
v200_s2_p10,200,0.1,h3,True,0,1.4410841270032022,10.241594833030831,177.0,10.0,True,True,1.3994160178756194,5.697378834011033,306,1,True,True,True,0.041668109127582786,1.797597655239753
v200_s2_p10,200,0.1,h4,False,0,1.427080964588976,12.500263624999207,159.0,41.0,True,True,,4.804232416965533,1912,1,False,True,False,,2.601927329921867
v200_s2_p10,200,0.1,h4,True,0,1.4426435092484664,11.138423750002403,181.0,35.0,True,True,,4.647814209049102,1872,1,False,True,False,,2.3964864448145007
v200_s2_p10,200,0.1,h2+3,False,0,1.377775984355346,11.662922707968391,175.0,10.0,True,True,1.3999257633856852,5.8964313750038855,328,1,True,True,True,-0.0221497790303391,1.977962934904963
v200_s2_p10,200,0.1,h2+3,True,0,1.4186495046978853,11.053442874981556,177.0,10.0,True,True,1.3888196817596719,5.835497291991487,306,1,True,True,True,0.029829822938213457,1.894173250692973
v200_s2_p10,200,0.1,h2+3+4,False,0,1.4323342823906133,14.15723541600164,160.0,41.0,True,True,,5.216185291996226,1912,1,False,True,False,,2.714097491460793
v200_s2_p10,200,0.1,h2+3+4,True,0,1.437546207225573,13.152963041968178,182.0,35.0,True,True,,5.03151733300183,1872,1,False,True,False,,2.614114624170648
v200_s2_p30,200,0.3,h2,False,0,2.578523663890865,2.0833986659999937,255.0,1.0,True,True,2.578523663890865,1.8874489580048248,255,1,True,True,True,0.0,1.1038172222693123
v200_s2_p30,200,0.3,h2,True,0,2.3172638829998284,1.0210792499710806,156.0,1.0,True,True,2.3172638829998284,0.8027196250041015,156,1,True,True,True,0.0,1.2720247744856907
v200_s2_p30,200,0.3,h3,False,0,2.110025385952253,2.6234877500100993,255.0,1.0,True,True,2.110025385952253,2.2783577499794774,255,1,True,True,True,0.0,1.151481917198355
v200_s2_p30,200,0.3,h3,True,0,2.091265715763901,1.518054915999528,156.0,1.0,True,True,2.091265715763901,1.2260653750272468,156,1,True,True,True,0.0,1.2381516898850458
v200_s2_p30,200,0.3,h4,False,0,,5.924528790987097,183.0,8.0,False,True,,1.9771413329872303,952,1,False,True,False,,2.996512536630765
v200_s2_p30,200,0.3,h4,True,0,2.1556539481858144,3.637017290981021,131.0,6.0,True,True,,1.4818199999863282,754,1,False,True,False,,2.454425835131512
v200_s2_p30,200,0.3,h2+3,False,0,2.2517311487893372,2.616836749948561,255.0,1.0,True,True,2.2517311487893372,2.293341541022528,255,1,True,True,True,0.0,1.1410584525416119
v200_s2_p30,200,0.3,h2+3,True,0,2.036885169025221,1.5329680829891004,156.0,1.0,True,True,2.036885169025221,1.2667766669765115,156,1,True,True,True,0.0,1.210132869472504
v200_s2_p30,200,0.3,h2+3+4,False,0,,7.138412791013252,184.0,8.0,False,True,,2.1514244999852963,952,1,False,True,False,,3.3179936321548995
v200_s2_p30,200,0.3,h2+3+4,True,0,2.3367391702337654,4.350707250006963,131.0,6.0,True,True,,1.5708931669942103,754,1,False,True,False,,2.7695755137389284
v200_s2_p50,200,0.5,h2,False,0,2.8679999268602945,1.418522416963242,214.0,1.0,True,True,2.8679999268602945,1.2677948329946958,214,1,True,True,True,0.0,1.1188895711244604
v200_s2_p50,200,0.5,h2,True,0,2.7053930350678796,0.3486966249765828,52.0,1.0,True,True,2.7053930350678796,0.206416041997727,52,1,True,True,True,0.0,1.6892903361669078
v200_s2_p50,200,0.5,h3,False,0,,1.4077503330190666,214.0,1.0,False,True,,1.250436083006207,214,1,False,True,False,,1.1258075099965577
v200_s2_p50,200,0.5,h3,True,0,2.53350725783247,0.43262416700599715,52.0,1.0,True,True,2.53350725783247,0.2552646250114776,52,1,True,True,True,0.0,1.6948065835073889
v200_s2_p50,200,0.5,h4,False,0,,3.638136958994437,181.0,5.0,False,True,,1.053626541979611,566,1,False,True,False,,3.4529663159006105
v200_s2_p50,200,0.5,h4,True,0,2.566308340638251,0.6782812500023283,36.0,5.0,True,True,,0.3472645420115441,196,1,False,True,False,,1.9532119405953638
v200_s2_p50,200,0.5,h2+3,False,0,,1.4701659589773044,214.0,1.0,False,True,,1.1539642499992624,214,1,False,True,False,,1.27401343583932
v200_s2_p50,200,0.5,h2+3,True,0,2.5696831851780977,0.39531241700751707,52.0,1.0,True,True,2.5696831851780977,0.2156732499715872,52,1,True,True,True,0.0,1.8329227990007826
v200_s2_p50,200,0.5,h2+3+4,False,0,,4.76406641601352,96.0,7.0,False,True,,1.1103581250063144,566,1,False,True,False,,4.290567438308634
v200_s2_p50,200,0.5,h2+3+4,True,0,2.581172160749499,0.7712536249891855,37.0,5.0,True,True,,0.3500431249849498,196,1,False,True,False,,2.2033103064725115
v200_s3_p0,200,0.0,h2,False,0,1.2534526850328516,7.030001792008989,364.0,1.0,True,True,1.2534526850328516,6.930544500006363,364,1,True,True,True,0.0,1.014350574042564
v200_s3_p0,200,0.0,h2,True,0,1.2518866256583085,6.8787635419867,360.0,1.0,True,True,1.2518866256583085,6.776826333953068,360,1,True,True,True,0.0,1.0150420274934462
v200_s3_p0,200,0.0,h3,False,0,1.2889635813745728,11.768407833995298,154.0,40.0,True,True,1.232901239550912,7.288803749950603,364,1,True,True,True,0.056062341823660766,1.6145870073775896
v200_s3_p0,200,0.0,h3,True,0,1.3042022851773898,11.899610750027932,160.0,30.0,True,True,1.2380527206239307,7.1540938329999335,360,1,True,True,True,0.0661495645534591,1.663328861460859
v200_s3_p0,200,0.0,h4,False,0,1.35719889013545,16.15371604199754,166.0,85.0,True,True,,6.890397207986098,2571,1,False,True,False,,2.3443809630125654
v200_s3_p0,200,0.0,h4,True,0,1.3592303740753793,13.637187749962322,172.0,84.0,True,True,,6.891293124994263,2559,1,False,True,False,,1.9789011296734929
v200_s3_p0,200,0.0,h2+3,False,0,1.3029151990319512,12.47443712502718,154.0,40.0,True,True,1.239245952378727,7.46909324999433,364,1,True,True,True,0.06366924665322427,1.6701407664225707
v200_s3_p0,200,0.0,h2+3,True,0,1.3040961797753172,12.719972542021424,160.0,30.0,True,True,1.2386373612396984,7.374496290984098,360,1,True,True,True,0.06545881853561886,1.724859846708797
v200_s3_p0,200,0.0,h2+3+4,False,0,1.3611183151481,18.26655487495009,166.0,85.0,True,True,,7.421243124990724,2571,1,False,True,False,,2.4613874747531495
v200_s3_p0,200,0.0,h2+3+4,True,0,1.3629745143067906,15.849753624992445,172.0,84.0,True,True,,7.403138291963842,2559,1,False,True,False,,2.140950634705482
v200_s3_p10,200,0.1,h2,False,0,1.4404200278158683,5.655166583019309,328.0,1.0,True,True,1.4404200278158683,5.5102494999882765,328,1,True,True,True,0.0,1.0262995501440253
v200_s3_p10,200,0.1,h2,True,0,1.4266007061923252,4.786009915987961,303.0,1.0,True,True,1.4266007061923252,4.736304583027959,303,1,True,True,True,0.0,1.0104945389572528
v200_s3_p10,200,0.1,h3,False,0,1.4094260437117105,11.32055570796365,147.0,18.0,True,True,1.3834092054634717,6.601110958028585,328,1,True,True,True,0.02601683824823886,1.7149470414817147
v200_s3_p10,200,0.1,h3,True,0,1.399714238126569,10.137986959016416,151.0,13.0,True,True,1.412722940423419,5.561065874993801,303,1,True,True,True,-0.013008702296849917,1.8230294671752503
v200_s3_p10,200,0.1,h4,False,0,1.4497580986077088,12.084093375015073,133.0,45.0,True,True,,4.846877291973215,1944,1,False,True,False,,2.493170890673717
v200_s3_p10,200,0.1,h4,True,0,1.4488597650609165,10.249052875034977,182.0,33.0,True,True,,4.6997074590181,1895,1,False,True,False,,2.1807852859795425
v200_s3_p10,200,0.1,h2+3,False,0,1.4150502497915138,11.96074791700812,147.0,18.0,True,True,1.3847940431119372,6.775627415976487,328,1,True,True,True,0.030256206679576625,1.7652605703798674
v200_s3_p10,200,0.1,h2+3,True,0,1.3978769120919106,10.731694166024681,151.0,13.0,True,True,1.4076484311211603,5.578520750044845,303,1,True,True,True,-0.009771519029249776,1.9237526661415412
v200_s3_p10,200,0.1,h2+3+4,False,0,1.4645144100533127,14.044869832985569,135.0,45.0,True,True,,5.194256332993973,1944,1,False,True,False,,2.703923128277748
v200_s3_p10,200,0.1,h2+3+4,True,0,1.4372514215116248,12.083176334039308,182.0,33.0,True,True,,4.969467000046279,1895,1,False,True,False,,2.431483363090404
v200_s3_p30,200,0.3,h2,False,0,2.452859104720822,2.15487445902545,255.0,1.0,True,True,2.452859104720822,1.9225390000501648,255,1,True,True,True,0.0,1.1208482423343418
v200_s3_p30,200,0.3,h2,True,0,2.1671480077240988,0.9316657499875873,153.0,1.0,True,True,2.1671480077240988,0.7483588330214843,153,1,True,True,True,0.0,1.2449452172910218
v200_s3_p30,200,0.3,h3,False,0,2.245461747294906,2.517151541018393,255.0,1.0,True,True,2.245461747294906,2.269189417012967,255,1,True,True,True,0.0,1.109273435768015
v200_s3_p30,200,0.3,h3,True,0,1.9744632417936425,1.3464217919972725,153.0,1.0,True,True,1.9744632417936425,1.0845757079659961,153,1,True,True,True,0.0,1.241427207070994
v200_s3_p30,200,0.3,h4,False,0,2.2377521137174945,6.481431916006841,135.0,9.0,True,True,,1.8947811659891158,951,1,False,True,False,,3.420675713030637
v200_s3_p30,200,0.3,h4,True,0,2.166739745890644,3.1317445000167936,110.0,11.0,True,True,,1.358744166966062,716,1,False,True,False,,2.3048816518636186
v200_s3_p30,200,0.3,h2+3,False,0,2.2199874088477323,2.737883167050313,255.0,1.0,True,True,2.2199874088477323,2.3510414590127766,255,1,True,True,True,0.0,1.1645405726702815
v200_s3_p30,200,0.3,h2+3,True,0,2.0090732792244084,1.3642769169528037,153.0,1.0,True,True,2.0090732792244084,1.1259462080197409,153,1,True,True,True,0.0,1.211671487710081
v200_s3_p30,200,0.3,h2+3+4,False,0,2.2328801679223127,7.835343333019409,137.0,9.0,True,True,,2.086618000001181,951,1,False,True,False,,3.7550444465709463
v200_s3_p30,200,0.3,h2+3+4,True,0,2.023673637584961,3.8794960420345888,111.0,11.0,True,True,,1.4865515410201624,716,1,False,True,False,,2.60972857985956
v200_s3_p50,200,0.5,h2,False,0,,1.5939465829869732,214.0,1.0,False,True,,1.466664125036914,214,1,False,True,False,,1.0867836444467855
v200_s3_p50,200,0.5,h2,True,0,2.4969485406922156,0.33873229200253263,51.0,1.0,True,True,2.4969485406922156,0.222557750006672,51,1,True,True,True,0.0,1.5219972883100132
v200_s3_p50,200,0.5,h3,False,0,2.543724846146396,1.7993242500233464,214.0,1.0,True,True,2.543724846146396,1.5092470000381581,214,1,True,True,True,0.0,1.1921999844809061
v200_s3_p50,200,0.5,h3,True,0,2.450582588468346,0.4057407089858316,51.0,1.0,True,True,2.450582588468346,0.25932379195000976,51,1,True,True,True,0.0,1.5646104275077346
v200_s3_p50,200,0.5,h4,False,0,,3.8219053330249153,113.0,4.0,False,True,,1.0627569580101408,567,1,False,True,False,,3.596217652793243
v200_s3_p50,200,0.5,h4,True,0,2.4509822949315683,0.6982465829933062,28.0,3.0,True,True,,0.344751707976684,206,1,False,True,False,,2.0253607649727137
v200_s3_p50,200,0.5,h2+3,False,0,2.70281777818461,1.8135911660501733,214.0,1.0,True,True,2.70281777818461,1.4136982910567895,214,1,True,True,True,0.0,1.2828700278716825
v200_s3_p50,200,0.5,h2+3,True,0,2.4848080365296505,0.456673167005647,51.0,1.0,True,True,2.4848080365296505,0.24050650000572205,51,1,True,True,True,0.0,1.8987976083589506
v200_s3_p50,200,0.5,h2+3+4,False,0,,4.494037125026807,113.0,4.0,False,True,,1.2405884580221027,567,1,False,True,False,,3.6225043816639637
v200_s3_p50,200,0.5,h2+3+4,True,0,2.441521948437962,0.8143622920033522,29.0,3.0,True,True,,0.3789358329959214,206,1,False,True,False,,2.14907702331787
v200_s4_p0,200,0.0,h2,False,0,1.2521351934972098,7.115606540988665,364.0,1.0,True,True,1.2521351934972098,6.935383374977391,364,1,True,True,True,0.0,1.0259860423378342
v200_s4_p0,200,0.0,h2,True,0,1.2464980515474606,6.954264291038271,360.0,1.0,True,True,1.2464980515474606,6.745198540971614,360,1,True,True,True,0.0,1.0309947511250783
v200_s4_p0,200,0.0,h3,False,0,1.265935009912863,11.514471625036094,161.0,32.0,True,True,1.235778290556791,7.2935239159851335,364,1,True,True,True,0.030156719356072115,1.5787254223983496
v200_s4_p0,200,0.0,h3,True,0,1.3259023939576637,11.811976582976058,138.0,46.0,True,True,1.2467603330599282,7.094406499993056,360,1,True,True,True,0.07914206089773557,1.6649703654544774
v200_s4_p0,200,0.0,h4,False,0,1.3534605955816643,15.291225082997698,161.0,84.0,True,True,,6.87556187500013,2571,1,False,True,False,,2.2239964327275303
v200_s4_p0,200,0.0,h4,True,0,1.3665557787266303,16.755033041990828,153.0,93.0,True,True,,6.804962166992482,2559,1,False,True,False,,2.4621787205902828
v200_s4_p0,200,0.0,h2+3,False,0,1.2825671118918085,12.260795459034853,161.0,32.0,True,True,1.2418290584441745,7.40186216699658,364,1,True,True,True,0.04073805344763404,1.6564474158547944
v200_s4_p0,200,0.0,h2+3,True,0,1.3330896163372143,12.414977915992495,138.0,46.0,True,True,1.238652565254043,7.327881584002171,360,1,True,True,True,0.09443705108317135,1.694211044989618
v200_s4_p0,200,0.0,h2+3+4,False,0,1.354898902915221,16.99440287501784,161.0,84.0,True,True,,7.373776332999114,2571,1,False,True,False,,2.304708212936228
v200_s4_p0,200,0.0,h2+3+4,True,0,1.3693084968363738,18.92430566600524,153.0,93.0,True,True,,7.286821625020821,2559,1,False,True,False,,2.5970589977150933
v200_s4_p10,200,0.1,h2,False,0,1.3910674836678654,5.886814167024568,328.0,1.0,True,True,1.3910674836678654,5.747899917012546,328,1,True,True,True,0.0,1.0241678268615753
v200_s4_p10,200,0.1,h2,True,0,1.4020215181469804,4.660892291984055,300.0,1.0,True,True,1.4020215181469804,4.483056541997939,300,1,True,True,True,0.0,1.0396684155821199
v200_s4_p10,200,0.1,h3,False,0,1.4352956312882794,9.638651083980221,167.0,13.0,True,True,1.3629751862834378,6.624766958004329,328,1,True,True,True,0.07232044500484158,1.454941908912643
v200_s4_p10,200,0.1,h3,True,0,1.4151811768478164,9.666843332990538,170.0,14.0,True,True,1.3769607000825326,4.986647124984302,300,1,True,True,True,0.03822047676528384,1.9385456982823845
v200_s4_p10,200,0.1,h4,False,0,1.4177276566785104,10.391786749998573,133.0,47.0,True,True,,4.951187167025637,1958,1,False,True,False,,2.098847488377481
v200_s4_p10,200,0.1,h4,True,0,1.4102465251023049,9.605104624992236,195.0,39.0,True,True,,4.640703874989413,1902,1,False,True,False,,2.0697516764122663
v200_s4_p10,200,0.1,h2+3,False,0,1.4503163249681148,10.39452849997906,167.0,13.0,True,True,1.3556344917703362,6.906025665986817,328,1,True,True,True,0.09468183319777856,1.505138990602602
v200_s4_p10,200,0.1,h2+3,True,0,1.3899549004766047,10.578096250013914,170.0,14.0,True,True,1.3694901680125062,5.277961625019088,300,1,True,True,True,0.020464732464098523,2.004201053655
v200_s4_p10,200,0.1,h2+3+4,False,0,1.4057889828779149,12.185843167011626,133.0,47.0,True,True,,5.322284750000108,1958,1,False,True,False,,2.2895887272869757
v200_s4_p10,200,0.1,h2+3+4,True,0,1.4119403177343126,11.581396124965977,196.0,39.0,True,True,,4.992840374994557,1902,1,False,True,False,,2.3196007192556403
v200_s4_p30,200,0.3,h2,False,0,,1.7907724579563364,255.0,1.0,False,True,,1.602184124989435,255,1,False,True,False,,1.1177070288148967
v200_s4_p30,200,0.3,h2,True,0,2.2221506253805594,0.8561858750181273,152.0,1.0,True,True,2.2221506253805594,0.6709305840195157,152,1,True,True,True,0.0,1.2761169268641106
v200_s4_p30,200,0.3,h3,False,0,2.1754365733403995,2.2400318749714643,255.0,1.0,True,True,2.1754365733403995,1.9848015420138836,255,1,True,True,True,0.0,1.1285923693401663
v200_s4_p30,200,0.3,h3,True,0,2.2839889124461252,3.08789829100715,81.0,6.0,True,True,2.3181912798237114,0.8283890000311658,152,1,True,True,True,-0.034202367377586196,3.727594512832711
v200_s4_p30,200,0.3,h4,True,0,2.466342816196587,2.9832394999684766,138.0,12.0,True,True,,1.5422201660112478,766,1,False,True,False,,1.9343797764519175
v200_s4_p30,200,0.3,h2+3,False,0,2.324758237939835,2.323363750008866,255.0,1.0,True,True,2.324758237939835,1.8901307500200346,255,1,True,True,True,0.0,1.2292079529335416
v200_s4_p30,200,0.3,h2+3,True,0,2.223404432059279,3.4465569170424715,81.0,6.0,True,True,2.274478529161961,0.8287609170074575,152,1,True,True,True,-0.05107409710268218,4.158686596235158
v200_s4_p30,200,0.3,h2+3+4,True,0,2.3855311593645845,3.9542331660049967,139.0,12.0,True,True,,1.585045333020389,766,1,False,True,False,,2.4947129798931322
v200_s4_p50,200,0.5,h2,False,0,,1.393863000033889,215.0,1.0,False,True,,1.1569372920203023,215,1,False,True,False,,1.2047869920415955
v200_s4_p50,200,0.5,h2,True,0,3.036781137596053,0.32868441700702533,53.0,1.0,True,True,3.036781137596053,0.1784400000469759,53,1,True,True,True,0.0,1.8419884382453275
v200_s4_p50,200,0.5,h3,False,0,,1.4825880419812165,215.0,1.0,False,True,,1.1616355000296608,215,1,False,True,False,,1.276293675549138
v200_s4_p50,200,0.5,h3,True,0,2.945074334383898,0.4369610410067253,53.0,1.0,True,True,2.945074334383898,0.2703384999767877,53,1,True,True,True,0.0,1.6163478048603672
v200_s4_p50,200,0.5,h4,False,0,,4.10481383302249,185.0,3.0,False,True,,1.043351459025871,581,1,False,True,False,,3.9342580081835177
v200_s4_p50,200,0.5,h2+3,False,0,,1.5302607920020819,215.0,1.0,False,True,,1.2510104999528266,215,1,False,True,False,,1.2232197827754325
v200_s4_p50,200,0.5,h2+3,True,0,2.6453730984736703,0.48027333401842043,53.0,1.0,True,True,2.6453730984736703,0.26588016701862216,53,1,True,True,True,0.0,1.8063526114182944
v200_s4_p50,200,0.5,h2+3+4,False,0,,4.966223417024594,185.0,3.0,False,True,,1.1551822500186972,581,1,False,True,False,,4.299082172483358
v200_s5_p0,200,0.0,h2,False,0,1.2572340622335727,7.136019249970559,364.0,1.0,True,True,1.2572340622335727,6.955148500041105,364,1,True,True,True,0.0,1.0260053038304482
v200_s5_p0,200,0.0,h2,True,0,1.2542963092419774,7.007326999970246,360.0,1.0,True,True,1.2542963092419774,6.711424832988996,360,1,True,True,True,0.0,1.0440893214696807
v200_s5_p0,200,0.0,h3,False,0,1.3220665532886218,12.006949750008062,150.0,40.0,True,True,1.239663314277636,7.308442541048862,364,1,True,True,True,0.08240323901098567,1.6428876169675541
v200_s5_p0,200,0.0,h3,True,0,1.3019375321832813,11.514176124997903,149.0,38.0,True,True,1.2337539276102618,7.133809332968667,360,1,True,True,True,0.06818360457301953,1.6140291375304234
v200_s5_p0,200,0.0,h4,False,0,1.361267883315281,16.251885375007987,164.0,88.0,True,True,,6.822218167013489,2571,1,False,True,False,,2.3821995980117494
v200_s5_p0,200,0.0,h4,True,0,1.345318253674386,18.60533716599457,152.0,88.0,True,True,,6.779359832988121,2559,1,False,True,False,,2.7444091513569866
v200_s5_p0,200,0.0,h2+3,False,0,1.3119464969163834,12.785091749974526,150.0,40.0,True,True,1.2396016750469938,7.383083082968369,364,1,True,True,True,0.07234482186938962,1.7316738287109021
v200_s5_p0,200,0.0,h2+3,True,0,1.2994321469634844,12.153300791978836,149.0,38.0,True,True,1.248348225492615,7.23460854095174,360,1,True,True,True,0.051083921470869376,1.679883676246569
v200_s5_p0,200,0.0,h2+3+4,False,0,1.35634066618698,18.352457375032827,164.0,88.0,True,True,,7.311869583965745,2571,1,False,True,False,,2.5099541456918315
v200_s5_p0,200,0.0,h2+3+4,True,0,1.3439060311511388,20.534671542001888,152.0,88.0,True,True,,7.300560583011247,2559,1,False,True,False,,2.8127527069341838
v200_s5_p10,200,0.1,h2,False,0,1.3924681283760276,6.069495624979027,328.0,1.0,True,True,1.3924681283760276,5.876431667013094,328,1,True,True,True,0.0,1.032853944180051
v200_s5_p10,200,0.1,h2,True,0,1.4130894161242322,5.00628820899874,304.0,1.0,True,True,1.4130894161242322,4.808246667031199,304,1,True,True,True,0.0,1.0411878914876511
v200_s5_p10,200,0.1,h3,False,0,1.4140182772363001,8.283649332995992,125.0,29.0,True,True,1.3820919109653023,6.79692608298501,328,1,True,True,True,0.031926366270997875,1.21873465031976
v200_s5_p10,200,0.1,h3,True,0,1.3905332732406874,8.629429165972397,133.0,17.0,True,True,1.3720554950020614,5.6354622499784455,304,1,True,True,True,0.018477778238626064,1.531272641566431
v200_s5_p10,200,0.1,h4,False,0,1.4440252057818732,10.338692707999144,217.0,27.0,True,True,,4.6367036669980735,1920,1,False,True,False,,2.22975058371429
v200_s5_p10,200,0.1,h4,True,0,1.426168323412181,9.728270124993287,158.0,41.0,True,True,,4.572408916021232,1895,1,False,True,False,,2.1276028246088114
v200_s5_p10,200,0.1,h2+3,False,0,1.4063635533529015,9.05462341697421,125.0,29.0,True,True,1.391749380336365,6.907731249986682,328,1,True,True,True,0.014614173016536558,1.3107955549069263
v200_s5_p10,200,0.1,h2+3,True,0,1.4067721126009045,9.333600000012666,133.0,17.0,True,True,1.3933776857317912,5.739219416980632,304,1,True,True,True,0.013394426869113296,1.6262838762353882
v200_s5_p10,200,0.1,h2+3+4,False,0,1.4334104300567783,12.129825583018828,217.0,27.0,True,True,,4.989693999988958,1920,1,False,True,False,,2.4309758440188256
v200_s5_p10,200,0.1,h2+3+4,True,0,1.4184125734686088,11.57375545904506,159.0,41.0,True,True,,4.8989948340458795,1895,1,False,True,False,,2.362475538576302
v200_s5_p30,200,0.3,h2,False,0,2.099500625433426,2.3078042920096777,255.0,1.0,True,True,2.099500625433426,2.051977166964207,255,1,True,True,True,0.0,1.1246734754967833
v200_s5_p30,200,0.3,h2,True,0,1.9615783244529725,0.9398455420159735,152.0,1.0,True,True,1.9615783244529725,0.7332827909849584,152,1,True,True,True,0.0,1.281695893549549
v200_s5_p30,200,0.3,h3,False,0,1.9211721945906555,8.656660459004343,128.0,4.0,True,True,1.9638051682977338,2.395437041996047,255,1,True,True,True,-0.0426329737070783,3.613812555804432
v200_s5_p30,200,0.3,h3,True,0,1.9287102922360544,1.7731292500393465,152.0,1.0,True,True,1.9287102922360544,1.4913498749956489,152,1,True,True,True,0.0,1.1889425008631993
v200_s5_p30,200,0.3,h4,False,0,,6.188660416984931,149.0,12.0,False,True,,1.9667608329909854,976,1,False,True,False,,3.146625819049599
v200_s5_p30,200,0.3,h4,True,0,1.9067812618066449,3.3711591659812257,132.0,3.0,True,True,,1.5296800829819404,740,1,False,True,False,,2.203832816734809
v200_s5_p30,200,0.3,h2+3,False,0,1.886715319783684,8.92876287503168,128.0,4.0,True,True,2.096840645752306,2.5586983749526553,255,1,True,True,True,-0.2101253259686222,3.4895722615983966
v200_s5_p30,200,0.3,h2+3,True,0,1.8908048865133973,1.7453036250080913,152.0,1.0,True,True,1.8908048865133973,1.5157284580054693,152,1,True,True,True,0.0,1.1514619361997844
v200_s5_p30,200,0.3,h2+3+4,False,0,,7.578837916022167,149.0,12.0,False,True,,2.1228132499963976,976,1,False,True,False,,3.570185891780649
v200_s5_p30,200,0.3,h2+3+4,True,0,1.9185395343156846,4.047401416988578,132.0,3.0,True,True,,1.570863583998289,740,1,False,True,False,,2.5765454481329337
v200_s5_p50,200,0.5,h2,False,0,,1.2316773339989595,214.0,1.0,False,True,,1.0671834999811836,214,1,False,True,False,,1.1541382845786843
v200_s5_p50,200,0.5,h2,True,0,3.1377401313023143,0.356009749986697,52.0,1.0,True,True,3.1377401313023143,0.20812279201345518,52,1,True,True,True,0.0,1.710575504693791
v200_s5_p50,200,0.5,h3,False,0,,1.3751151249743998,214.0,1.0,False,True,,1.1161387920146808,214,1,False,True,False,,1.2320287896205588
v200_s5_p50,200,0.5,h3,True,0,3.129820988044957,0.4455250410246663,52.0,1.0,True,True,3.129820988044957,0.2623664999846369,52,1,True,True,True,0.0,1.6981018577095566
v200_s5_p50,200,0.5,h2+3,False,0,3.5364106203475867,1.4898319999920204,214.0,1.0,True,True,3.5364106203475867,1.2258742089616135,214,1,True,True,True,0.0,1.215322085333694
v200_s5_p50,200,0.5,h2+3,True,0,3.1298209880448913,0.4358258339925669,52.0,1.0,True,True,3.1298209880448913,0.2815348749863915,52,1,True,True,True,0.0,1.5480349779530274
v200_s6_p0,200,0.0,h2,False,0,1.2512732105830882,7.0524254579795524,364.0,1.0,True,True,1.2512732105830882,6.883360916981474,364,1,True,True,True,0.0,1.0245613361026866
v200_s6_p0,200,0.0,h2,True,0,1.2588764333525138,7.008451292000245,360.0,1.0,True,True,1.2588764333525138,6.723175749997608,360,1,True,True,True,0.0,1.0424316651253298
v200_s6_p0,200,0.0,h3,False,0,1.2943874251972514,12.568327499961015,180.0,22.0,True,True,1.2416258241787592,7.291587084007915,364,1,True,True,True,0.052761601018492144,1.7236751553754566
v200_s6_p0,200,0.0,h3,True,0,1.306782256824356,11.908533624955453,150.0,37.0,True,True,1.2384550575018423,7.00033212499693,360,1,True,True,True,0.06832719932251363,1.7011383763396333
v200_s6_p0,200,0.0,h4,False,0,1.3496861849627524,16.034340583952144,148.0,89.0,True,True,,6.643732416967396,2571,1,False,True,False,,2.4134537000620493
v200_s6_p0,200,0.0,h4,True,0,1.355985886234251,17.972110332979355,129.0,97.0,True,True,,6.739387792011257,2559,1,False,True,False,,2.666727436916919
v200_s6_p0,200,0.0,h2+3,False,0,1.3048133077055357,13.345638042024802,180.0,22.0,True,True,1.2351895134456987,7.281462333980016,364,1,True,True,True,0.069623794259837,1.8328238793113598
v200_s6_p0,200,0.0,h2+3,True,0,1.3125187448160498,12.686178124975413,150.0,37.0,True,True,1.242782206044525,7.239063375047408,360,1,True,True,True,0.06973653877152475,1.7524612602099692
v200_s6_p0,200,0.0,h2+3+4,False,0,1.3514218599022183,17.942259333038237,148.0,89.0,True,True,,7.296737833996303,2571,1,False,True,False,,2.458942576975053
v200_s6_p0,200,0.0,h2+3+4,True,0,1.3599408077075426,19.976728500041645,129.0,97.0,True,True,,7.118070958997123,2559,1,False,True,False,,2.8064806624035397
v200_s6_p10,200,0.1,h2,False,0,1.3785763775157036,6.529265707999002,328.0,1.0,True,True,1.3785763775157036,6.324603708984796,328,1,True,True,True,0.0,1.0323596557873596
v200_s6_p10,200,0.1,h2,True,0,1.3987420883760866,5.349499833013397,304.0,1.0,True,True,1.3987420883760866,5.097735500021372,304,1,True,True,True,0.0,1.0493874844999254
v200_s6_p10,200,0.1,h3,False,0,1.3964089579558956,8.851289916026872,145.0,20.0,True,True,1.3546241028305153,6.748873374948744,328,1,True,True,True,0.04178485512538033,1.3115211123803454
v200_s6_p10,200,0.1,h3,True,0,1.4158457272220084,9.903772291960195,154.0,18.0,True,True,1.3601155318783866,5.593876166967675,304,1,True,True,True,0.05573019534362178,1.770466845591404
v200_s6_p10,200,0.1,h4,False,0,1.4102746402673514,11.646151041029952,129.0,51.0,True,True,,4.741220374999102,1937,1,False,True,False,,2.4563614681235224
v200_s6_p10,200,0.1,h4,True,0,1.4295343149853732,9.371208208031021,130.0,45.0,True,True,,4.504533208964858,1889,1,False,True,False,,2.0803949650944022
v200_s6_p10,200,0.1,h2+3,False,0,1.3883260254849312,9.470552792015951,145.0,20.0,True,True,1.3690150051186745,6.878133833000902,328,1,True,True,True,0.01931102036625676,1.3769073155536415
v200_s6_p10,200,0.1,h2+3,True,0,1.430420561716502,10.626955125015229,154.0,18.0,True,True,1.3673524353702795,5.61785704101203,304,1,True,True,True,0.0630681263462225,1.8916385816576127
v200_s6_p10,200,0.1,h2+3+4,False,0,1.4191042220310779,13.756310124997981,129.0,51.0,True,True,,5.057085500040557,1937,1,False,True,False,,2.720205170525129
v200_s6_p10,200,0.1,h2+3+4,True,0,1.4105091877644185,10.75842454197118,131.0,45.0,True,True,,4.9197683749953285,1889,1,False,True,False,,2.186774604400232
v200_s6_p30,200,0.3,h2,False,0,2.0376578090270043,2.4166686249664053,255.0,1.0,True,True,2.0376578090270043,2.246322749997489,255,1,True,True,True,0.0,1.075833214514302
v200_s6_p30,200,0.3,h2,True,0,1.944072873083457,1.016347082972061,149.0,1.0,True,True,1.944072873083457,0.8720288750482723,149,1,True,True,True,0.0,1.1654970518215921
v200_s6_p30,200,0.3,h3,False,0,1.881056231202923,8.118338542000856,137.0,3.0,True,True,1.85458370102215,2.4429442499531433,255,1,True,True,True,0.026472530180773113,3.3231779817147156
v200_s6_p30,200,0.3,h3,True,0,2.0198293440181603,3.014983333006967,95.0,2.0,True,True,1.8705112624845643,1.135933582962025,149,1,True,True,True,0.14931808153359594,2.6541898031971116
v200_s6_p30,200,0.3,h4,True,0,1.8211542056744834,2.7114838330307975,84.0,13.0,True,True,,1.60760616697371,764,1,False,True,False,,1.6866592631546802
v200_s6_p30,200,0.3,h2+3,False,0,1.8268277545224791,8.770211750001181,137.0,3.0,True,True,1.8897755554705826,2.671121791994665,255,1,True,True,True,-0.06294780094810348,3.2833440153442086
v200_s6_p30,200,0.3,h2+3,True,0,2.0520342198955106,3.3144365409971215,95.0,2.0,True,True,1.8402451336268018,1.3093139579868875,149,1,True,True,True,0.21178908626870885,2.531429929986521
v200_s6_p30,200,0.3,h2+3+4,True,0,1.8400239685139939,3.431296291993931,86.0,13.0,True,True,,1.6477884590276517,764,1,False,True,False,,2.0823645615400865
v200_s6_p50,200,0.5,h2,False,0,,1.388230000040494,216.0,1.0,False,True,,1.2101309170247987,216,1,False,True,False,,1.1471734012494827
v200_s6_p50,200,0.5,h2,True,0,2.5676761433421813,0.36771649995353073,57.0,1.0,True,True,2.5676761433421813,0.18606445798650384,57,1,True,True,True,0.0,1.9762855514308004
v200_s6_p50,200,0.5,h3,False,0,,1.41843100002734,216.0,1.0,False,True,,1.1523255829815753,216,1,False,True,False,,1.2309290195200149
v200_s6_p50,200,0.5,h3,True,0,2.657044537919094,0.47561679204227403,57.0,1.0,True,True,2.657044537919094,0.27656433399533853,57,1,True,True,True,0.0,1.719732928578891
v200_s6_p50,200,0.5,h4,False,0,,3.6262675410252996,208.0,4.0,False,True,,1.0622606659890153,566,1,False,True,False,,3.4137266465091898
v200_s6_p50,200,0.5,h4,True,0,2.977256022870203,0.7549766250303946,64.0,2.0,True,True,,0.3723519580089487,219,1,False,True,False,,2.027588706844534
v200_s6_p50,200,0.5,h2+3,False,0,,1.573143124987837,216.0,1.0,False,True,,1.184878166008275,216,1,False,True,False,,1.3276834446933765
v200_s6_p50,200,0.5,h2+3,True,0,2.559308629069606,0.48136158304987475,57.0,1.0,True,True,2.559308629069606,0.25668933300767094,57,1,True,True,True,0.0,1.87526913335152
v200_s6_p50,200,0.5,h2+3+4,False,0,,4.36586650001118,208.0,4.0,False,True,,1.159273832978215,566,1,False,True,False,,3.7660355783198485
v200_s6_p50,200,0.5,h2+3+4,True,0,2.926004948221612,1.023066291003488,45.0,3.0,True,True,,0.39659341698279604,219,1,False,True,False,,2.579635080145236
v200_s7_p0,200,0.0,h2,False,0,1.254790496196585,7.186391083989292,364.0,1.0,True,True,1.254790496196585,6.6996562499552965,364,1,True,True,True,0.0,1.0726507175703595
v200_s7_p0,200,0.0,h2,True,0,1.2469923860007024,6.928626207984053,360.0,1.0,True,True,1.2469923860007024,6.6966543340240605,360,1,True,True,True,0.0,1.034639965330359
v200_s7_p0,200,0.0,h3,False,0,1.2951374273235452,11.696938042005058,164.0,36.0,True,True,1.2300264579658287,7.198568374966271,364,1,True,True,True,0.06511096935771654,1.6248978175552669
v200_s7_p0,200,0.0,h3,True,0,1.3066044437070918,11.215570999949705,131.0,58.0,True,True,1.2390343048683228,7.096979291003663,360,1,True,True,True,0.06757013883876906,1.5803302419336194
v200_s7_p0,200,0.0,h4,False,0,1.3614697945335563,17.215615542023443,159.0,87.0,True,True,,6.737411833018996,2571,1,False,True,False,,2.5552268391331547
v200_s7_p0,200,0.0,h4,True,0,1.3552453402384943,16.856084916973487,131.0,96.0,True,True,,6.772021292010322,2559,1,False,True,False,,2.4890773655511707
v200_s7_p0,200,0.0,h2+3,False,0,1.299830220854825,12.332055374979973,164.0,36.0,True,True,1.2406199747407873,7.402922916982789,364,1,True,True,True,0.05921024611403758,1.665835983066828
v200_s7_p0,200,0.0,h2+3,True,0,1.3286171316592053,11.871433042048011,131.0,58.0,True,True,1.2377082003954472,7.218686125008389,360,1,True,True,True,0.0909089312637581,1.6445420726800495
v200_s7_p0,200,0.0,h2+3+4,False,0,1.3658780610924217,19.232658124994487,159.0,87.0,True,True,,7.174782165966462,2571,1,False,True,False,,2.6805912263405696
v200_s7_p0,200,0.0,h2+3+4,True,0,1.347846296738746,19.09429362497758,131.0,96.0,True,True,,7.253968083008658,2559,1,False,True,False,,2.6322549818909633
v200_s7_p10,200,0.1,h2,False,0,1.3870795578846324,5.985419750039,328.0,1.0,True,True,1.3870795578846324,5.718856332998257,328,1,True,True,True,0.0,1.0466113155357044
v200_s7_p10,200,0.1,h2,True,0,1.418120160895953,4.8647798339952715,302.0,1.0,True,True,1.418120160895953,4.656952167046256,302,1,True,True,True,0.0,1.0446273999590665
v200_s7_p10,200,0.1,h3,False,0,1.3874390582297123,12.023861083027441,145.0,20.0,True,True,1.3751357334051144,6.628395374980755,328,1,True,True,True,0.012303324824597839,1.8139927392400534
v200_s7_p10,200,0.1,h3,True,0,1.4090688276851566,8.919840583985206,157.0,17.0,True,True,1.373116327843568,5.040493874985259,302,1,True,True,True,0.03595249984158855,1.7696362311344525
v200_s7_p10,200,0.1,h4,False,0,1.407621991192314,10.571922207949683,146.0,52.0,True,True,,4.645961083995644,1933,1,False,True,False,,2.2755081277731155
v200_s7_p10,200,0.1,h4,True,0,1.4021214676410698,10.997874125023372,166.0,36.0,True,True,,4.444624416006263,1892,1,False,True,False,,2.4744214798931337
v200_s7_p10,200,0.1,h2+3,False,0,1.3876535294764503,12.624580499948934,145.0,20.0,True,True,1.3753961790361262,6.742362458957359,328,1,True,True,True,0.012257350440324055,1.8724268499058419
v200_s7_p10,200,0.1,h2+3,True,0,1.3984870242185383,9.41163308400428,157.0,17.0,True,True,1.3782401895167002,5.2069166249712,302,1,True,True,True,0.02024683470183808,1.8075252134570785
v200_s7_p10,200,0.1,h2+3+4,False,0,1.4005463433680763,12.416659208014607,147.0,52.0,True,True,,5.095550875004847,1933,1,False,True,False,,2.436764839091671
v200_s7_p10,200,0.1,h2+3+4,True,0,1.4405052618175687,12.626943332958035,166.0,36.0,True,True,,4.83324620797066,1892,1,False,True,False,,2.612518127492562
v200_s7_p30,200,0.3,h2,False,0,2.1641017659890966,2.3607763330219314,255.0,1.0,True,True,2.1641017659890966,2.173128375026863,255,1,True,True,True,0.0,1.0863492282147154
v200_s7_p30,200,0.3,h2,True,0,1.9013731155147224,0.9807969160028733,151.0,1.0,True,True,1.9013731155147224,0.8264321250026114,151,1,True,True,True,0.0,1.186784596496384
v200_s7_p30,200,0.3,h3,False,0,1.844658889896665,8.673130917013623,161.0,3.0,True,True,1.9257353766589465,2.6012046670075506,255,1,True,True,True,-0.08107648676228152,3.334274702417504
v200_s7_p30,200,0.3,h3,True,0,1.8748687558850048,1.3380657500238158,151.0,1.0,True,True,1.8748687558850048,1.105999083025381,151,1,True,True,True,0.0,1.2098253701654373
v200_s7_p30,200,0.3,h4,False,0,,5.317309167003259,139.0,14.0,False,True,,1.8745365419890732,954,1,False,True,False,,2.836599366241778
v200_s7_p30,200,0.3,h4,True,0,1.8663537667569403,3.2044917499879375,135.0,10.0,True,True,,1.5510017500491813,759,1,False,True,False,,2.0660787454858287
v200_s7_p30,200,0.3,h2+3,False,0,1.8065967516182435,9.077410416968632,161.0,3.0,True,True,1.9496901525987065,2.626759459031746,255,1,True,True,True,-0.14309340098046297,3.455744828768856
v200_s7_p30,200,0.3,h2+3,True,0,1.955485077657476,1.5905824580113403,151.0,1.0,True,True,1.955485077657476,1.213104749971535,151,1,True,True,True,0.0,1.3111666227081071
v200_s7_p30,200,0.3,h2+3+4,False,0,,6.362629708019085,140.0,14.0,False,True,,2.16411633300595,954,1,False,True,False,,2.940059002826995
v200_s7_p30,200,0.3,h2+3+4,True,0,1.850113415636197,3.9367167499731295,135.0,10.0,True,True,,1.6148719170014374,759,1,False,True,False,,2.4377888478505416
v200_s7_p50,200,0.5,h2,False,0,,1.1918662500102073,213.0,1.0,False,True,,1.0428530410281383,213,1,False,True,False,,1.1428899404993424
v200_s7_p50,200,0.5,h2,True,0,2.7306030291865957,0.33457937504863366,49.0,1.0,True,True,2.7306030291865957,0.2291745410184376,49,1,True,True,True,0.0,1.4599325630228535
v200_s7_p50,200,0.5,h3,False,0,,1.2931462909909897,213.0,1.0,False,True,,1.0198461249819957,213,1,False,True,False,,1.2679817663805104
v200_s7_p50,200,0.5,h3,True,0,2.860846914374993,0.39352345798397437,49.0,1.0,True,True,2.860846914374993,0.21530237497063354,49,1,True,True,True,0.0,1.827771096522505
v200_s7_p50,200,0.5,h2+3,False,0,3.1318009925455574,1.4152207499719225,213.0,1.0,True,True,3.1318009925455574,1.1484835000010207,213,1,True,True,True,0.0,1.232251704069466
v200_s7_p50,200,0.5,h2+3,True,0,2.860846914374993,0.43747045897180215,49.0,1.0,True,True,2.860846914374993,0.26456224999856204,49,1,True,True,True,0.0,1.6535634202316465
v200_s8_p0,200,0.0,h2,False,0,1.2524210511052856,7.029071249999106,364.0,1.0,True,True,1.2524210511052856,6.8689253340126015,364,1,True,True,True,0.0,1.0233145518693465
v200_s8_p0,200,0.0,h2,True,0,1.2526290724781126,6.946658207976725,360.0,1.0,True,True,1.2526290724781126,6.692702917032875,360,1,True,True,True,0.0,1.037945101417476
v200_s8_p0,200,0.0,h3,False,0,1.316673779475562,12.31524183403235,163.0,33.0,True,True,1.238618627441764,7.130206040979829,364,1,True,True,True,0.07805515203379798,1.7271929819772776
v200_s8_p0,200,0.0,h3,True,0,1.3341962332936372,11.599054417049047,140.0,50.0,True,True,1.2474100190212882,7.024801124993246,360,1,True,True,True,0.086786214272349,1.6511576926756342
v200_s8_p0,200,0.0,h4,False,0,1.362567357521584,15.647354915970936,139.0,91.0,True,True,,6.794191209017299,2571,1,False,True,False,,2.303048947931235
v200_s8_p0,200,0.0,h4,True,0,1.3650384784791016,16.928820540953893,144.0,94.0,True,True,,6.718859957996756,2559,1,False,True,False,,2.519597170767831
v200_s8_p0,200,0.0,h2+3,False,0,1.3223277671024052,13.24753883300582,163.0,33.0,True,True,1.2426466968756782,7.3623717919690534,364,1,True,True,True,0.07968107022672699,1.7993574906739107
v200_s8_p0,200,0.0,h2+3,True,0,1.329994781645341,12.241639417014085,140.0,50.0,True,True,1.2448795144260645,7.207015499996487,360,1,True,True,True,0.08511526721927654,1.6985726500824165
v200_s8_p0,200,0.0,h2+3+4,False,0,1.355072960518901,17.819223666971084,139.0,91.0,True,True,,7.392428957973607,2571,1,False,True,False,,2.4104693826987607
v200_s8_p0,200,0.0,h2+3+4,True,0,1.3681420463145397,19.054045957978815,144.0,94.0,True,True,,7.2727759999688715,2559,1,False,True,False,,2.6199137658110696
v200_s8_p10,200,0.1,h2,False,0,1.4201100590923406,5.913490874983836,328.0,1.0,True,True,1.4201100590923406,5.746553083998151,328,1,True,True,True,0.0,1.0290500737651829
v200_s8_p10,200,0.1,h2,True,0,1.4154195091157846,5.106200749985874,306.0,1.0,True,True,1.4154195091157846,4.895925334014464,306,1,True,True,True,0.0,1.04294906511554
v200_s8_p10,200,0.1,h3,False,0,1.42936695392002,11.552999541978352,182.0,12.0,True,True,1.3837753267767376,6.639253917033784,328,1,True,True,True,0.045591627143282354,1.7401050910762395
v200_s8_p10,200,0.1,h3,True,0,1.4465671454795488,9.800667416013312,168.0,11.0,True,True,1.3977354286867376,5.436414083989803,306,1,True,True,True,0.048831716792811175,1.8027816249090005
v200_s8_p10,200,0.1,h4,False,0,1.400992552365876,12.141207124979701,140.0,51.0,True,True,,4.801836042024661,1900,1,False,True,False,,2.52845099639438
v200_s8_p10,200,0.1,h4,True,0,1.4581789247246797,10.916410917008761,171.0,41.0,True,True,,4.587701957963873,1882,1,False,True,False,,2.379494356223113
v200_s8_p10,200,0.1,h2+3,False,0,1.4131240628889483,12.41280099999858,182.0,12.0,True,True,1.3918665426649037,6.745213582995348,328,1,True,True,True,0.02125752022404459,1.8402383923455286
v200_s8_p10,200,0.1,h2+3,True,0,1.4403314643736287,10.501528166001663,168.0,11.0,True,True,1.3775275328536913,5.661526999960188,306,1,True,True,True,0.06280393151993735,1.8548932410064476
v200_s8_p10,200,0.1,h2+3+4,False,0,1.4044133666357443,14.116196332965046,140.0,51.0,True,True,,5.047675249981694,1900,1,False,True,False,,2.7965737956331957
v200_s8_p10,200,0.1,h2+3+4,True,0,1.4646593562899652,12.651817417005077,171.0,41.0,True,True,,4.904247375030536,1882,1,False,True,False,,2.5797673831504677
v200_s8_p30,200,0.3,h2,False,0,2.6283737149124566,2.0951732500107028,255.0,1.0,True,True,2.6283737149124566,1.8745633749640547,255,1,True,True,True,0.0,1.1176860051748736
v200_s8_p30,200,0.3,h2,True,0,2.2121936456404674,0.966765875054989,158.0,1.0,True,True,2.2121936456404674,0.7797412499785423,158,1,True,True,True,0.0,1.2398547275542924
v200_s8_p30,200,0.3,h3,False,0,1.9454563521734567,7.620774209033698,140.0,2.0,True,True,2.05122032644294,2.2345347499940544,255,1,True,True,True,-0.10576397426948336,3.410452314090875
v200_s8_p30,200,0.3,h3,True,0,1.979202748223641,1.7081378329894505,158.0,1.0,True,True,1.979202748223641,1.4694932920392603,158,1,True,True,True,0.0,1.162399204026999
v200_s8_p30,200,0.3,h4,False,0,,6.171772165980656,155.0,9.0,False,True,,1.9540736670023762,965,1,False,True,False,,3.1584132523767083
v200_s8_p30,200,0.3,h4,True,0,2.194773131574092,3.305936125048902,187.0,3.0,True,True,,1.474987042020075,752,1,False,True,False,,2.2413323174156448
v200_s8_p30,200,0.3,h2+3,False,0,1.976858698856122,8.096720665984321,140.0,2.0,True,True,2.086383437561968,2.463748249982018,255,1,True,True,True,-0.109524738705846,3.2863425335942567
v200_s8_p30,200,0.3,h2+3,True,0,2.0810936212163997,1.5456178750027902,158.0,1.0,True,True,2.0810936212163997,1.3534614160307683,158,1,True,True,True,0.0,1.1419740944928818
v200_s8_p30,200,0.3,h2+3+4,False,0,,7.456647707964294,155.0,9.0,False,True,,2.092090707970783,965,1,False,True,False,,3.5642086069952703
v200_s8_p30,200,0.3,h2+3+4,True,0,2.1062306605201546,4.03970229200786,187.0,3.0,True,True,,1.5602886250126176,752,1,False,True,False,,2.589073731134323
v200_s8_p50,200,0.5,h2,False,0,2.8968029045978505,1.5588244169484824,212.0,1.0,True,True,2.8968029045978505,1.3788541660178453,212,1,True,True,True,0.0,1.1305215992858726
v200_s8_p50,200,0.5,h2,True,0,2.524710888486664,0.3115872080088593,47.0,1.0,True,True,2.524710888486664,0.18851087504299358,47,1,True,True,True,0.0,1.6528871766034494
v200_s8_p50,200,0.5,h3,False,0,,1.4215550409862772,212.0,1.0,False,True,,1.2497898330329917,212,1,False,True,False,,1.1374352738463598
v200_s8_p50,200,0.5,h3,True,0,2.592025924374537,0.4616024580318481,47.0,1.0,True,True,2.592025924374537,0.253814457973931,47,1,True,True,True,0.0,1.8186610081891346
v200_s8_p50,200,0.5,h4,False,0,,1.3683633339824155,543.0,1.0,False,True,,0.956824874971062,543,1,False,True,False,,1.4301084448957289
v200_s8_p50,200,0.5,h2+3,False,0,3.0103859181027084,1.691758957982529,212.0,1.0,True,True,3.0103859181027084,1.3463390830438584,212,1,True,True,True,0.0,1.2565623172416054
v200_s8_p50,200,0.5,h2+3,True,0,2.6294207746234695,0.4786870420211926,47.0,1.0,True,True,2.6294207746234695,0.2865017090225592,47,1,True,True,True,0.0,1.6707999531810844
v200_s9_p0,200,0.0,h2,False,0,1.2419646799482984,7.009726541989949,364.0,1.0,True,True,1.2419646799482984,6.714756125002168,364,1,True,True,True,0.0,1.0439286865370236
v200_s9_p0,200,0.0,h2,True,0,1.2484657033662563,6.87953329202719,360.0,1.0,True,True,1.2484657033662563,6.611963500035927,360,1,True,True,True,0.0,1.0404675240554202
v200_s9_p0,200,0.0,h3,False,0,1.3366612698346836,11.820478666981217,116.0,65.0,True,True,1.2387394876848572,7.2550068339915015,364,1,True,True,True,0.09792178214982639,1.6292856695322946
v200_s9_p0,200,0.0,h3,True,0,1.2978725177827195,11.652343125024345,150.0,37.0,True,True,1.2368062831570765,7.092807375011034,360,1,True,True,True,0.06106623462564298,1.642839359500612
v200_s9_p0,200,0.0,h4,False,0,1.352130972074986,15.391876916983165,213.0,67.0,True,True,,6.854758083994966,2571,1,False,True,False,,2.245429631269022
v200_s9_p0,200,0.0,h4,True,0,1.3517192277774581,16.327669165970292,126.0,89.0,True,True,,6.8009171659941785,2559,1,False,True,False,,2.400804004438049
v200_s9_p0,200,0.0,h2+3,False,0,1.3288461588667448,12.483057249977719,116.0,65.0,True,True,1.2348802636185061,7.3252329169772565,364,1,True,True,True,0.09396589524823873,1.7041174514801407
v200_s9_p0,200,0.0,h2+3,True,0,1.3021243750964768,12.510326333984267,150.0,37.0,True,True,1.2348753164642365,7.260903624992352,360,1,True,True,True,0.06724905863224029,1.7229709937098145
v200_s9_p0,200,0.0,h2+3+4,False,0,1.3520644281199068,17.375111542001832,213.0,67.0,True,True,,7.1312724580056965,2571,1,False,True,False,,2.4364672145566693
v200_s9_p0,200,0.0,h2+3+4,True,0,1.3572499802933304,18.072305916051846,126.0,89.0,True,True,,7.142195709049702,2559,1,False,True,False,,2.5303571411733885
v200_s9_p10,200,0.1,h2,False,0,1.4081194118520755,5.9948382919537835,328.0,1.0,True,True,1.4081194118520755,5.76365779194748,328,1,True,True,True,0.0,1.0401100322661923
v200_s9_p10,200,0.1,h2,True,0,1.4144526075516581,5.050293000007514,304.0,1.0,True,True,1.4144526075516581,4.906625707983039,304,1,True,True,True,0.0,1.0292802631736775
v200_s9_p10,200,0.1,h3,False,0,1.4048664076215909,11.296223457960878,140.0,19.0,True,True,1.3756806996028497,6.846921208023559,328,1,True,True,True,0.029185708018741208,1.6498252447718262
v200_s9_p10,200,0.1,h3,True,0,1.4253861600664215,9.624537625000812,142.0,17.0,True,True,1.3799028752407092,5.647579874959774,304,1,True,True,True,0.04548328482571229,1.7041879598151526
v200_s9_p10,200,0.1,h4,False,0,1.4101936048010073,11.648477999959141,187.0,29.0,True,True,,4.718084208958317,1948,1,False,True,False,,2.468899978055066
v200_s9_p10,200,0.1,h4,True,0,1.43591025361095,11.054376707994379,167.0,32.0,True,True,,4.672108833969105,1896,1,False,True,False,,2.366035788298051
v200_s9_p10,200,0.1,h2+3,False,0,1.4169055770042986,12.038685916981194,140.0,19.0,True,True,1.3765416302154683,6.766605667013209,328,1,True,True,True,0.040363946788830374,1.7791321837578116
v200_s9_p10,200,0.1,h2+3,True,0,1.4088834507581989,10.316923082980793,142.0,17.0,True,True,1.3865138505270693,5.66358912497526,304,1,True,True,True,0.02236960023112955,1.821622800546263
v200_s9_p10,200,0.1,h2+3+4,False,0,1.4489087332985604,13.686237833986524,188.0,29.0,True,True,,5.210879040998407,1948,1,False,True,False,,2.6264739070520116
v200_s9_p10,200,0.1,h2+3+4,True,0,1.434882341186813,12.740482542023528,167.0,32.0,True,True,,4.96660145802889,1896,1,False,True,False,,2.5652315068340275
v200_s9_p30,200,0.3,h2,False,0,,1.8234836669871584,255.0,1.0,False,True,,1.6405774999875575,255,1,False,True,False,,1.1114888915647008
v200_s9_p30,200,0.3,h2,True,0,2.3924519647165496,0.9019950419897214,157.0,1.0,True,True,2.3924519647165496,0.727583083033096,157,1,True,True,True,0.0,1.23971414814862
v200_s9_p30,200,0.3,h3,False,0,,2.218207916012034,255.0,1.0,False,True,,1.9604833340272307,255,1,False,True,False,,1.1314597158321078
v200_s9_p30,200,0.3,h3,True,0,2.1842265283702087,3.1434511670377105,106.0,2.0,True,True,2.1488877990276514,1.1885222499840893,157,1,True,True,True,0.03533872934255733,2.6448399826589633
v200_s9_p30,200,0.3,h4,False,0,,6.435923083045054,236.0,6.0,False,True,,1.9124077499727719,963,1,False,True,False,,3.365350868891159
v200_s9_p30,200,0.3,h4,True,0,2.1543468497135807,3.21996587497415,135.0,9.0,True,True,,1.454027124971617,729,1,False,True,False,,2.214515685212547
v200_s9_p30,200,0.3,h2+3,False,0,,2.4078853329992853,255.0,1.0,False,True,,2.036481916962657,255,1,False,True,False,,1.1823750129785409
v200_s9_p30,200,0.3,h2+3,True,0,2.1163006534454762,3.4257867919513956,106.0,2.0,True,True,2.171139714897722,1.1424942080047913,157,1,True,True,True,-0.05483906145224582,2.99851567557096
v200_s9_p30,200,0.3,h2+3+4,False,0,,7.9623721249517985,204.0,10.0,False,True,,2.0240108750294894,963,1,False,True,False,,3.933957185302074
v200_s9_p30,200,0.3,h2+3+4,True,0,2.1327963054431693,3.9801211659796536,135.0,9.0,True,True,,1.5459346660063602,729,1,False,True,False,,2.5745726863487506
v200_s9_p50,200,0.5,h2,False,0,,1.3608228750526905,219.0,1.0,False,True,,1.1676982920034789,219,1,False,True,False,,1.165389111529707
v200_s9_p50,200,0.5,h2,True,0,3.2258760629259524,0.41257658298127353,65.0,1.0,True,True,3.2258760629259524,0.23085458402056247,65,1,True,True,True,0.0,1.787170849267281
v200_s9_p50,200,0.5,h3,False,0,3.041801321795574,1.5480699579929933,219.0,1.0,True,True,3.041801321795574,1.3394595420104451,219,1,True,True,True,0.0,1.1557422299365885
v200_s9_p50,200,0.5,h3,True,0,2.9360418047978425,0.49705166602507234,65.0,1.0,True,True,2.9360418047978425,0.2907856660312973,65,1,True,True,True,0.0,1.7093403289403357
v200_s9_p50,200,0.5,h2+3,False,0,,1.60134683403885,219.0,1.0,False,True,,1.2467990000150166,219,1,False,True,False,,1.2843664728794
v200_s9_p50,200,0.5,h2+3,True,0,2.8605155489388707,0.4749155419995077,65.0,1.0,True,True,2.8605155489388707,0.31259137496817857,65,1,True,True,True,0.0,1.5192854954742547
v300_s0_p0,300,0.0,h2,False,0,1.2208909047383212,10.79759087500861,577.0,1.0,True,True,1.2208909047383212,14.282246124988887,577,1,True,True,True,0.0,0.7560148999334662
v300_s0_p0,300,0.0,h2,True,0,1.2082004695025885,10.626762125000823,573.0,1.0,True,True,1.2082004695025885,13.880879708973225,573,1,True,True,True,0.0,0.7655683463729757
v300_s0_p0,300,0.0,h3,False,0,1.2969976066776374,19.088713500008453,240.0,63.0,True,True,1.2116127697371462,14.829007250024006,577,1,True,True,True,0.08538483694049126,1.2872549846502739
v300_s0_p0,300,0.0,h3,True,0,1.3170630050875576,20.665804084041156,159.0,122.0,True,True,1.2173939512034102,14.573531957983505,573,1,True,True,True,0.09966905388414737,1.4180367630593662
v300_s0_p0,300,0.0,h4,False,0,1.3019469790545721,29.884337458002847,232.0,126.0,True,True,,12.19598316703923,4212,1,False,True,False,,2.4503426291016885
v300_s0_p0,300,0.0,h4,True,0,1.3527128828728623,32.17843512503896,192.0,167.0,True,True,,11.972319083986804,4202,1,False,True,False,,2.687736177035091
v300_s0_p0,300,0.0,h2+3,False,0,1.2911147753269838,19.837860417028423,240.0,63.0,True,True,1.2116353478293993,14.803022000007331,577,1,True,True,True,0.07947942749758452,1.3401223356297518
v300_s0_p0,300,0.0,h2+3,True,0,1.315193309185885,21.541401167050935,159.0,122.0,True,True,1.203900877784813,14.960247792012524,573,1,True,True,True,0.11129243140107192,1.4399093829550187
v300_s0_p0,300,0.0,h2+3+4,False,0,1.3149923738426663,32.544134000025224,232.0,126.0,True,True,,13.045365916041192,4212,1,False,True,False,,2.49468924133492
v300_s0_p0,300,0.0,h2+3+4,True,0,1.3524164739979847,34.56417425000109,192.0,167.0,True,True,,12.963201417005621,4202,1,False,True,False,,2.6663301092165774
v300_s0_p10,300,0.1,h2,False,0,1.3751330978876495,8.124485583975911,519.0,1.0,True,True,1.3751330978876495,10.040707540989388,519,1,True,True,True,0.0,0.8091546886321662
v300_s0_p10,300,0.1,h2,True,0,1.3582546875211317,8.616435875010211,486.0,1.0,True,True,1.3582546875211317,10.606817624997348,486,1,True,True,True,0.0,0.8123488288045648
v300_s0_p10,300,0.1,h3,False,0,1.3675654584867563,14.222734541981481,220.0,28.0,True,True,1.3450870776697126,12.515412000007927,519,1,True,True,True,0.022478380817043675,1.1364176059064195
v300_s0_p10,300,0.1,h3,True,0,1.3818986114533178,12.062774499994703,219.0,34.0,True,True,1.3265864535356078,11.597208958992269,486,1,True,True,True,0.05531215791771005,1.0401446195070447
v300_s0_p10,300,0.1,h4,False,0,1.404095607283915,20.364737333962694,246.0,68.0,True,True,,7.950762833992485,3122,1,False,True,False,,2.5613564080789613
v300_s0_p10,300,0.1,h4,True,0,1.3784829097481064,16.695658750017174,247.0,63.0,True,True,,7.520915709028486,3066,1,False,True,False,,2.2198970705089627
v300_s0_p10,300,0.1,h2+3,False,0,1.3614566696243637,15.244683291995898,220.0,28.0,True,True,1.3258775782671395,12.711160083010327,519,1,True,True,True,0.03557909135722426,1.1993148691732602
v300_s0_p10,300,0.1,h2+3,True,0,1.3740233844916059,12.92141295899637,219.0,34.0,True,True,1.3410419963452853,11.793590207991656,486,1,True,True,True,0.03298138814632057,1.0956301457922857
v300_s0_p10,300,0.1,h2+3+4,False,0,1.4057830719932227,23.05293587502092,246.0,68.0,True,True,,8.878872166969813,3122,1,False,True,False,,2.5963810990296574
v300_s0_p10,300,0.1,h2+3+4,True,0,1.381064235747948,18.65547391603468,248.0,63.0,True,True,,8.360262457979843,3066,1,False,True,False,,2.2314459635448514
v300_s0_p30,300,0.3,h2,False,0,,3.0782479580375366,404.0,1.0,False,True,,3.3168476250139065,404,1,False,True,False,,0.9280643267489957
v300_s0_p30,300,0.3,h2,True,0,2.2241101710228715,1.509977792040445,257.0,1.0,True,True,2.2241101710228715,1.5975734579842538,257,1,True,True,True,0.0,0.9451695535463307
v300_s0_p30,300,0.3,h3,False,0,,3.9155877080047503,404.0,1.0,False,True,,4.194223832979333,404,1,False,True,False,,0.9335667012371499
v300_s0_p30,300,0.3,h3,True,0,1.8925950610769882,2.2087793750106357,257.0,1.0,True,True,1.8925950610769882,2.2649969159974717,257,1,True,True,True,0.0,0.9751798598091783
v300_s0_p30,300,0.3,h4,False,0,2.0197405460537063,8.816152040963061,301.0,11.0,True,True,,2.876290042011533,1566,1,False,True,False,,3.0651123190613583
v300_s0_p30,300,0.3,h4,True,0,1.9912340612844315,6.094967667013407,157.0,26.0,True,True,,2.213158458995167,1246,1,False,True,False,,2.7539680415747023
v300_s0_p30,300,0.3,h2+3,False,0,2.0277840571361,4.294045999995433,404.0,1.0,True,True,2.0277840571361,4.378500167047605,404,1,True,True,True,0.0,0.9807116218270882
v300_s0_p30,300,0.3,h2+3,True,0,1.900444251837366,2.2802703750203364,257.0,1.0,True,True,1.900444251837366,2.347123749961611,257,1,True,True,True,0.0,0.9715168938398038
v300_s0_p30,300,0.3,h2+3+4,False,0,1.9767155805152763,10.659805999952368,189.0,26.0,True,True,,3.2111892500543036,1566,1,False,True,False,,3.3195819896856293
v300_s0_p30,300,0.3,h2+3+4,True,0,2.0252253887161884,7.036588582966942,159.0,26.0,True,True,,2.3359299160074443,1246,1,False,True,False,,3.0123286382640417
v300_s0_p50,300,0.5,h2,False,0,,1.8052219999954104,329.0,1.0,False,True,,1.9092722919886,329,1,False,True,False,,0.9455026438974735
v300_s0_p50,300,0.5,h2,True,0,2.9969371734499637,0.37476929096737877,65.0,1.0,True,True,2.9969371734499637,0.29974008398130536,65,1,True,True,True,0.0,1.2503142255433308
v300_s0_p50,300,0.5,h3,False,0,,1.8201341669773683,329.0,1.0,False,True,,1.8521971249720082,329,1,False,True,False,,0.9826892302323791
v300_s0_p50,300,0.5,h3,True,0,2.8764297293576018,0.45075537502998486,65.0,1.0,True,True,2.8764297293576018,0.3608557080151513,65,1,True,True,True,0.0,1.2491291256256334
v300_s0_p50,300,0.5,h4,False,0,,5.226210624969099,286.0,4.0,False,True,,1.2959646669914946,829,1,False,True,False,,4.03267987012442
v300_s0_p50,300,0.5,h4,True,0,2.9278372794860057,0.7076704580103979,67.0,2.0,True,True,,0.3413888750365004,233,1,False,True,False,,2.0729159904075245
v300_s0_p50,300,0.5,h2+3,False,0,,1.9254057080252096,329.0,1.0,False,True,,1.897555999981705,329,1,False,True,False,,1.0146766198435109
v300_s0_p50,300,0.5,h2+3,True,0,2.854661510462968,0.4745054160011932,65.0,1.0,True,True,2.854661510462968,0.39237858302658424,65,1,True,True,True,0.0,1.209305085769793
v300_s0_p50,300,0.5,h2+3+4,False,0,,6.264584541961085,286.0,4.0,False,True,,1.5191579170059413,829,1,False,True,False,,4.123721748630156
v300_s0_p50,300,0.5,h2+3+4,True,0,3.145601235080755,0.8525469159940258,67.0,2.0,True,True,,0.3824964590021409,233,1,False,True,False,,2.228901460207384
v300_s1_p0,300,0.0,h2,False,0,1.2220391656789942,12.16523241699906,577.0,1.0,True,True,1.2220391656789942,14.170922042045277,577,1,True,True,True,0.0,0.8584644231973535
v300_s1_p0,300,0.0,h2,True,0,1.2197344257210685,11.982906999997795,573.0,1.0,True,True,1.2197344257210685,13.91737366700545,573,1,True,True,True,0.0,0.8610034685212352
v300_s1_p0,300,0.0,h3,False,0,1.2882057119666976,20.57354758301517,238.0,67.0,True,True,1.212319932221946,14.605869624996558,577,1,True,True,True,0.07588577974475164,1.4085808042408854
v300_s1_p0,300,0.0,h3,True,0,1.2974360983813071,19.91883808298735,238.0,66.0,True,True,1.2080195229268766,14.469089333026204,573,1,True,True,True,0.08941657545443049,1.3766476676263173
v300_s1_p0,300,0.0,h4,False,0,1.3199905721065748,36.62507770798402,209.0,148.0,True,True,,12.260766124993097,4212,1,False,True,False,,2.987176929614962
v300_s1_p0,300,0.0,h4,True,0,1.3407981079085902,31.660659832996316,217.0,155.0,True,True,,11.978317375003826,4202,1,False,True,False,,2.6431642142881695
v300_s1_p0,300,0.0,h2+3,False,0,1.2893514344069688,21.680583374982234,238.0,67.0,True,True,1.2108699717044948,14.706890708010178,577,1,True,True,True,0.07848146270247391,1.474178587808081
v300_s1_p0,300,0.0,h2+3,True,0,1.2939276577296774,20.849991249968298,238.0,66.0,True,True,1.21131882944379,14.589169874961954,573,1,True,True,True,0.08260882828588745,1.4291417146188157
v300_s1_p0,300,0.0,h2+3+4,False,0,1.3379071274626264,39.05484370799968,209.0,148.0,True,True,,13.068461833987385,4212,1,False,True,False,,2.98848052694534
v300_s1_p0,300,0.0,h2+3+4,True,0,1.3454312412496048,33.80171174998395,217.0,155.0,True,True,,12.869155999971554,4202,1,False,True,False,,2.626567876716909
v300_s1_p10,300,0.1,h2,False,0,1.3481121409198704,9.47958808299154,519.0,1.0,True,True,1.3481121409198704,10.71502549998695,519,1,True,True,True,0.0,0.8847004687952525
v300_s1_p10,300,0.1,h2,True,0,1.3652268908477478,7.906754916999489,481.0,1.0,True,True,1.3652268908477478,8.753309458028525,481,1,True,True,True,0.0,0.903287488567815
v300_s1_p10,300,0.1,h3,False,0,1.3812520481578328,15.882885458006058,227.0,37.0,True,True,1.3389508845532627,13.249766583030578,519,1,True,True,True,0.042301163604570036,1.1987294537209285
v300_s1_p10,300,0.1,h3,True,0,1.3931305384506099,14.156093665980734,178.0,51.0,True,True,1.337442825117001,10.872677374980412,481,1,True,True,True,0.05568771333360889,1.3019878340689048
v300_s1_p10,300,0.1,h4,False,0,1.3937073533887814,25.041562457976397,155.0,101.0,True,True,,8.153146750002634,3120,1,False,True,False,,3.071398470531431
v300_s1_p10,300,0.1,h4,True,0,1.4017062933335758,21.447325583023485,197.0,82.0,True,True,,7.68534266599454,3064,1,False,True,False,,2.7906791557807584
v300_s1_p10,300,0.1,h2+3,False,0,1.383957198888082,16.702018124982715,227.0,37.0,True,True,1.3402445613951859,13.263140292023309,519,1,True,True,True,0.04371263749289622,1.2592808156472273
v300_s1_p10,300,0.1,h2+3,True,0,1.3759314525002169,14.691447083023377,178.0,51.0,True,True,1.341949099427191,10.94185575004667,481,1,True,True,True,0.033982353073025884,1.3426833088126493
v300_s1_p10,300,0.1,h2+3+4,False,0,1.3833630118720945,26.122534791997168,155.0,101.0,True,True,,8.839647457993124,3120,1,False,True,False,,2.9551557249465015
v300_s1_p10,300,0.1,h2+3+4,True,0,1.4155053019458543,23.27130166697316,198.0,82.0,True,True,,8.176507666998077,3064,1,False,True,False,,2.846117513091868
v300_s1_p30,300,0.3,h2,False,0,,3.4884249580209143,404.0,1.0,False,True,,3.780482125002891,404,1,False,True,False,,0.9227460526660332
v300_s1_p30,300,0.3,h2,True,0,1.9669017391000345,1.6899918749695644,254.0,1.0,True,True,1.9669017391000345,1.6879717910196632,254,1,True,True,True,0.0,1.0011967521973106
v300_s1_p30,300,0.3,h3,False,0,1.9265363025860203,11.245089333038777,267.0,3.0,True,True,1.961263775481452,4.668496375030372,404,1,True,True,True,-0.034727472895431655,2.4087175890686257
v300_s1_p30,300,0.3,h3,True,0,1.8414790969519503,5.418586332991254,185.0,3.0,True,True,1.84737808078981,2.6900975839816965,254,1,True,True,True,-0.005898983837859584,2.014271290847017
v300_s1_p30,300,0.3,h2+3,False,0,1.8807635420347852,11.61904591601342,267.0,3.0,True,True,1.8942635435124788,5.107918083027471,404,1,True,True,True,-0.01350000147769359,2.2747126573194363
v300_s1_p30,300,0.3,h2+3,True,0,1.8074490740699185,5.8716548749944195,185.0,3.0,True,True,1.8481320456085497,2.5665489999810234,254,1,True,True,True,-0.04068297153863121,2.287762624067506
v300_s1_p50,300,0.5,h2,False,0,,1.8436933329794556,329.0,1.0,False,True,,1.915537916996982,329,1,False,True,False,,0.9624937813133148
v300_s1_p50,300,0.5,h2,True,0,3.017263437370148,0.3574880830128677,66.0,1.0,True,True,3.017263437370148,0.2869722500327043,66,1,True,True,True,0.0,1.2457235254353938
v300_s1_p50,300,0.5,h3,False,0,3.369088731501717,1.9697745829471387,329.0,1.0,True,True,3.369088731501717,2.021026291011367,329,1,True,True,True,0.0,0.9746407514379336
v300_s1_p50,300,0.5,h3,True,0,2.7477403761856767,0.44364379200851545,66.0,1.0,True,True,2.7477403761856767,0.3544522090232931,66,1,True,True,True,0.0,1.2516321826036667
v300_s1_p50,300,0.5,h4,False,0,,5.417587665957399,361.0,2.0,False,True,,1.3013642500154674,826,1,False,True,False,,4.163006372653166
v300_s1_p50,300,0.5,h4,True,0,2.8195930789670016,0.7588513750233687,51.0,5.0,True,True,,0.3710941669996828,267,1,False,True,False,,2.0449024600918
v300_s1_p50,300,0.5,h2+3,False,0,,2.0370150829548948,329.0,1.0,False,True,,1.9866579999797978,329,1,False,True,False,,1.0253476355646565
v300_s1_p50,300,0.5,h2+3,True,0,2.6760218559265154,0.4484018330113031,66.0,1.0,True,True,2.6760218559265154,0.3647640409762971,66,1,True,True,True,0.0,1.229292865083817
v300_s1_p50,300,0.5,h2+3+4,False,0,,6.642021291947458,332.0,3.0,False,True,,1.486057250003796,826,1,False,True,False,,4.469559495053431
v300_s1_p50,300,0.5,h2+3+4,True,0,3.058676486667395,0.9404835840105079,51.0,5.0,True,True,,0.4208750000107102,267,1,False,True,False,,2.2345912301433324
v300_s2_p0,300,0.0,h2,False,0,1.2057730312046464,16.83199495804729,577.0,1.0,True,True,1.2057730312046464,16.613312540983316,577,1,True,True,True,0.0,1.0131630833119227
v300_s2_p0,300,0.0,h2,True,0,1.2156084439456663,16.638808957999572,573.0,1.0,True,True,1.2156084439456663,16.469899250019807,573,1,True,True,True,0.0,1.0102556612773186
v300_s2_p0,300,0.0,h3,False,0,1.269609656404731,30.13562225003261,253.0,54.0,True,True,1.2115067460326192,17.137547624995932,577,1,True,True,True,0.05810291037211179,1.7584559301867886
v300_s2_p0,300,0.0,h3,True,0,1.3117407372695682,32.00332616601372,165.0,120.0,True,True,1.2158185790959894,17.12300579098519,573,1,True,True,True,0.09592215817357874,1.8690250156232866
v300_s2_p0,300,0.0,h4,False,0,1.308154600706645,44.13801304099616,242.0,120.0,True,True,,13.256221582996659,4212,1,False,True,False,,3.3296073669748103
v300_s2_p0,300,0.0,h4,True,0,1.3450412424568634,49.74625979200937,189.0,169.0,True,True,,13.166511416027788,4202,1,False,True,False,,3.7782414961834547
v300_s2_p0,300,0.0,h2+3,False,0,1.263714823448087,30.989234875014517,253.0,54.0,True,True,1.2093091415814008,17.458818791026715,577,1,True,True,True,0.05440568186668626,1.7749903499165711
v300_s2_p0,300,0.0,h2+3,True,0,1.31378747447308,32.912486083980184,165.0,120.0,True,True,1.2171572296929642,17.321449292008765,573,1,True,True,True,0.09663024478011573,1.9001000164093849
v300_s2_p0,300,0.0,h2+3+4,False,0,1.3119018623861174,46.37168012501206,242.0,120.0,True,True,,14.079261999984737,4212,1,False,True,False,,3.2936158248253586
v300_s2_p0,300,0.0,h2+3+4,True,0,1.3393812277617778,54.38682754198089,189.0,169.0,True,True,,14.135970709030516,4202,1,False,True,False,,3.847406638104932
v300_s2_p10,300,0.1,h2,False,0,1.3780580565626113,14.848099209018983,519.0,1.0,True,True,1.3780580565626113,14.49162545800209,519,1,True,True,True,0.0,1.0245986036590569
v300_s2_p10,300,0.1,h2,True,0,1.3761993345793886,12.122697916987818,487.0,1.0,True,True,1.3761993345793886,12.085431582992896,487,1,True,True,True,0.0,1.0030835749421945
v300_s2_p10,300,0.1,h3,False,0,1.3742637071213337,24.71142654097639,224.0,39.0,True,True,1.3191740684988384,16.14015187503537,519,1,True,True,True,0.055089638622495274,1.5310529127794985
v300_s2_p10,300,0.1,h3,True,0,1.3729630693508206,22.308625834004488,246.0,21.0,True,True,1.3266476208060656,13.78260620799847,487,1,True,True,True,0.046315448544755,1.6186072138561216
v300_s2_p10,300,0.1,h4,False,0,1.3586500106532082,34.54684741597157,198.0,87.0,True,True,,8.81756029103417,3097,1,False,True,False,,3.9179598750347457
v300_s2_p10,300,0.1,h4,True,0,1.3847023047313878,31.908337583008688,185.0,94.0,True,True,,8.6074107500026,3073,1,False,True,False,,3.7070773673719533
v300_s2_p10,300,0.1,h2+3,False,0,1.3761234048607158,25.919081416970585,224.0,39.0,True,True,1.3289397677034558,15.907379292009864,519,1,True,True,True,0.04718363715726004,1.629374703474224
v300_s2_p10,300,0.1,h2+3,True,0,1.3772887895896209,23.523732665984426,246.0,21.0,True,True,1.34061641044821,14.201635333010927,487,1,True,True,True,0.03667237914141097,1.6564101326630174
v300_s2_p10,300,0.1,h2+3+4,False,0,1.3537960229131967,37.26011145801749,198.0,87.0,True,True,,9.356957832991611,3097,1,False,True,False,,3.982075384228238
v300_s2_p10,300,0.1,h2+3+4,True,0,1.3890556015729993,35.03059362497879,186.0,94.0,True,True,,9.223802542022895,3073,1,False,True,False,,3.797847304881284
v300_s2_p30,300,0.3,h2,False,0,,4.258647374983411,404.0,1.0,False,True,,3.9493585000163876,404,1,False,True,False,,1.0783136995453162
v300_s2_p30,300,0.3,h2,True,0,2.075155140364896,1.893872459011618,256.0,1.0,True,True,2.075155140364896,1.7306840409873985,256,1,True,True,True,0.0,1.0942912826139637
v300_s2_p30,300,0.3,h3,False,0,2.2447991530946454,5.516993166995235,404.0,1.0,True,True,2.2447991530946454,4.991712374961935,404,1,True,True,True,0.0,1.1052305807257785
v300_s2_p30,300,0.3,h3,True,0,1.9007936554471998,3.1865494169760495,256.0,1.0,True,True,1.9007936554471998,2.919264334021136,256,1,True,True,True,0.0,1.0915590547385416
v300_s2_p30,300,0.3,h4,False,0,,13.293404916010331,308.0,10.0,False,True,,3.279828709026333,1547,1,False,True,False,,4.053079015811372
v300_s2_p30,300,0.3,h4,True,0,2.0971343648614984,7.823928208032157,224.0,10.0,True,True,,2.4458139579510316,1215,1,False,True,False,,3.1989056986928857
v300_s2_p30,300,0.3,h2+3,False,0,2.020313392011655,5.788157332979608,404.0,1.0,True,True,2.020313392011655,5.0414765840396285,404,1,True,True,True,0.0,1.1481075507330196
v300_s2_p30,300,0.3,h2+3,True,0,1.9588824480244367,2.9312607499887235,256.0,1.0,True,True,1.9588824480244367,2.4819452090305276,256,1,True,True,True,0.0,1.1810336260943097
v300_s2_p30,300,0.3,h2+3+4,False,0,,15.442531749955378,308.0,10.0,False,True,,3.689259917009622,1547,1,False,True,False,,4.185807478284839
v300_s2_p30,300,0.3,h2+3+4,True,0,2.022007240139972,9.311183416983113,226.0,10.0,True,True,,2.728295666980557,1215,1,False,True,False,,3.412820512700491
v300_s2_p50,300,0.5,h2,False,0,,2.4795736669912003,333.0,1.0,False,True,,2.1330354579840787,333,1,False,True,False,,1.162462469955672
v300_s2_p50,300,0.5,h2,True,0,2.899722085192752,0.5213903750409372,76.0,1.0,True,True,2.899722085192752,0.3789065830060281,76,1,True,True,True,0.0,1.3760393680799214
v300_s2_p50,300,0.5,h3,False,0,,2.517815416038502,333.0,1.0,False,True,,2.090024709003046,333,1,False,True,False,,1.2046821289684726
v300_s2_p50,300,0.5,h3,True,0,2.904480171438918,0.6411394579918124,76.0,1.0,True,True,2.904480171438918,0.48571437498321757,76,1,True,True,True,0.0,1.3199927591477296
v300_s2_p50,300,0.5,h4,False,0,,7.48001816595206,343.0,5.0,False,True,,1.6874429159797728,866,1,False,True,False,,4.432753306863106
v300_s2_p50,300,0.5,h4,True,0,3.051735626751933,1.1044450409826823,64.0,4.0,True,True,,0.4979843750479631,276,1,False,True,False,,2.217830711809599
v300_s2_p50,300,0.5,h2+3,False,0,3.4441006652686688,2.833436166984029,333.0,1.0,True,True,3.4441006652686688,2.4167031249962747,333,1,True,True,True,0.0,1.1724386573085583
v300_s2_p50,300,0.5,h2+3,True,0,2.8773672038168074,0.6887689589639194,76.0,1.0,True,True,2.8773672038168074,0.48030641698278487,76,1,True,True,True,0.0,1.4340198977366698
v300_s2_p50,300,0.5,h2+3+4,False,0,,9.281794041045941,343.0,5.0,False,True,,1.8878233750001527,866,1,False,True,False,,4.916664431620988
v300_s2_p50,300,0.5,h2+3+4,True,0,3.4593366530218024,1.3710759170353413,66.0,4.0,True,True,,0.5088516669929959,276,1,False,True,False,,2.6944510669240147
v300_s3_p0,300,0.0,h2,False,0,1.217695580308721,16.924092124972958,577.0,1.0,True,True,1.217695580308721,16.492544167034794,577,1,True,True,True,0.0,1.0261662453995872
v300_s3_p0,300,0.0,h2,True,0,1.2188642060199055,16.628196790989023,573.0,1.0,True,True,1.2188642060199055,16.42613383301068,573,1,True,True,True,0.0,1.0123013096101936
v300_s3_p0,300,0.0,h3,False,0,1.2897522560944652,30.737219041970093,218.0,73.0,True,True,1.2066376070764813,17.35884200001601,577,1,True,True,True,0.08311464901798393,1.7706952481013274
v300_s3_p0,300,0.0,h3,True,0,1.3067346895734346,32.01194012496853,160.0,117.0,True,True,1.2100114736726162,17.734750292031094,573,1,True,True,True,0.09672321590081845,1.805040364134855
v300_s3_p0,300,0.0,h4,False,0,1.291854123436897,41.84786720899865,272.0,118.0,True,True,,13.39609150000615,4212,1,False,True,False,,3.1238863372185413
v300_s3_p0,300,0.0,h4,True,0,1.3360057843654423,40.41770216700388,249.0,141.0,True,True,,13.213945708004758,4202,1,False,True,False,,3.0587156221263725
v300_s3_p0,300,0.0,h2+3,False,0,1.2869452067901654,32.13627054099925,218.0,73.0,True,True,1.2137944209377431,17.48589891701704,577,1,True,True,True,0.0731507858524223,1.8378392036639688
v300_s3_p0,300,0.0,h2+3,True,0,1.309378150978585,33.29560295899864,160.0,117.0,True,True,1.2028792090237854,17.409530417004135,573,1,True,True,True,0.10649894195479948,1.9124928795597127
v300_s3_p0,300,0.0,h2+3+4,False,0,1.3011526259055726,45.41341945796739,272.0,118.0,True,True,,14.248651417030487,4212,1,False,True,False,,3.1872082577364256
v300_s3_p0,300,0.0,h2+3+4,True,0,1.316415411262256,44.405682166980114,249.0,141.0,True,True,,14.24094020796474,4202,1,False,True,False,,3.118170676831063
v300_s3_p10,300,0.1,h2,False,0,1.3666446020625151,11.829479958978482,519.0,1.0,True,True,1.3666446020625151,11.234432083030697,519,1,True,True,True,0.0,1.052966440274857
v300_s3_p10,300,0.1,h2,True,0,1.3822906844493765,11.410889458027668,489.0,1.0,True,True,1.3822906844493765,11.097425082989503,489,1,True,True,True,0.0,1.028246586275104
v300_s3_p10,300,0.1,h3,False,0,1.3758469201365382,23.27924154198263,222.0,33.0,True,True,1.3562945248459564,14.932285833987407,519,1,True,True,True,0.019552395290581837,1.5589871370528348
v300_s3_p10,300,0.1,h3,True,0,1.3738427266966045,18.53654895798536,220.0,31.0,True,True,1.3358506099149035,13.775723207974806,489,1,True,True,True,0.037992116781701,1.3455953403052188
v300_s3_p10,300,0.1,h4,False,0,1.3811145102566882,26.13132741698064,264.0,65.0,True,True,,8.926109457970597,3134,1,False,True,False,,2.927515906008366
v300_s3_p10,300,0.1,h4,True,0,1.4087624959667135,26.66193383402424,196.0,75.0,True,True,,8.633194374968298,3071,1,False,True,False,,3.0883045922526384
v300_s3_p10,300,0.1,h2+3,False,0,1.3862398247218948,24.629283041052986,222.0,33.0,True,True,1.332890927155743,15.568844125024043,519,1,True,True,True,0.0533488975661518,1.5819596396026574
v300_s3_p10,300,0.1,h2+3,True,0,1.3630860151413637,19.457057915977202,220.0,31.0,True,True,1.3483608073384588,14.091207500023302,489,1,True,True,True,0.014725207802904983,1.3807942233442398
v300_s3_p10,300,0.1,h2+3+4,False,0,1.3732189649643782,29.304029749997426,265.0,65.0,True,True,,9.253081000002567,3134,1,False,True,False,,3.166948365629707
v300_s3_p10,300,0.1,h2+3+4,True,0,1.379041784225372,29.489313624973875,199.0,75.0,True,True,,9.061778334027622,3071,1,False,True,False,,3.2542523705572677
v300_s3_p30,300,0.3,h2,False,0,,4.3989380419952795,404.0,1.0,False,True,,3.9783664169954136,404,1,False,True,False,,1.1057146529297055
v300_s3_p30,300,0.3,h2,True,0,2.1411383776785837,1.8836186669650488,250.0,1.0,True,True,2.1411383776785837,1.6254129580338486,250,1,True,True,True,0.0,1.158855451259312
v300_s3_p30,300,0.3,h3,False,0,2.266925415724863,5.677289374987595,404.0,1.0,True,True,2.266925415724863,5.114624542009551,404,1,True,True,True,0.0,1.1100109750689482
v300_s3_p30,300,0.3,h3,True,0,1.9322554002451209,3.276328084000852,250.0,1.0,True,True,1.9322554002451209,2.819457166013308,250,1,True,True,True,0.0,1.1620421560202514
v300_s3_p30,300,0.3,h4,False,0,1.8331569501070866,12.935452083998825,314.0,10.0,True,True,,3.352697458991315,1554,1,False,True,False,,3.8582222947997686
v300_s3_p30,300,0.3,h4,True,0,1.9642730339334242,6.940413417003583,197.0,16.0,True,True,,2.490266958018765,1241,1,False,True,False,,2.787015823606846
v300_s3_p30,300,0.3,h2+3,False,0,2.0285963670970313,5.916025374957826,404.0,1.0,True,True,2.0285963670970313,5.1952775419922546,404,1,True,True,True,0.0,1.1387313434441046
v300_s3_p30,300,0.3,h2+3,True,0,1.9518309637565376,2.9983458330389112,250.0,1.0,True,True,1.9518309637565376,2.540580915985629,250,1,True,True,True,0.0,1.1801811995724965
v300_s3_p30,300,0.3,h2+3+4,False,0,1.9146933442333103,14.892257208004594,314.0,10.0,True,True,,3.7570210000267252,1554,1,False,True,False,,3.963847209770363
v300_s3_p30,300,0.3,h2+3+4,True,0,1.96281587402108,8.341762292024214,199.0,16.0,True,True,,2.748471500002779,1241,1,False,True,False,,3.0350550449643663
v300_s3_p50,300,0.5,h2,False,0,,2.4792212919564918,335.0,1.0,False,True,,2.1727647090447135,335,1,False,True,False,,1.1410445326344223
v300_s3_p50,300,0.5,h2,True,0,3.133571449713238,0.5546290000202134,80.0,1.0,True,True,3.133571449713238,0.38038320798659697,80,1,True,True,True,0.0,1.4580796112318295
v300_s3_p50,300,0.5,h3,False,0,,2.6497857500216924,335.0,1.0,False,True,,2.2502752500004135,335,1,False,True,False,,1.1775385033547365
v300_s3_p50,300,0.5,h3,True,0,2.8193984187555667,0.7091071250033565,80.0,1.0,True,True,2.8193984187555667,0.48609187500551343,80,1,True,True,True,0.0,1.458792383631826
v300_s3_p50,300,0.5,h4,False,0,,8.188012208032887,221.0,9.0,False,True,,1.7744140829890966,885,1,False,True,False,,4.614487839411045
v300_s3_p50,300,0.5,h2+3,False,0,,2.8385405000299215,335.0,1.0,False,True,,2.3916595419868827,335,1,False,True,False,,1.1868497376812213
v300_s3_p50,300,0.5,h2+3,True,0,3.0305390088669166,0.67875062499661,80.0,1.0,True,True,3.0305390088669166,0.49003304104553536,80,1,True,True,True,0.0,1.3851119580598616
v300_s3_p50,300,0.5,h2+3+4,False,0,,9.74758866702905,221.0,9.0,False,True,,2.0182324170018546,885,1,False,True,False,,4.8297651870587766
v300_s4_p0,300,0.0,h2,False,0,1.2226524843704174,16.992519832972903,577.0,1.0,True,True,1.2226524843704174,16.466349916998297,577,1,True,True,True,0.0,1.0319542532878787
v300_s4_p0,300,0.0,h2,True,0,1.2154055476998715,16.825358125031926,573.0,1.0,True,True,1.2154055476998715,16.148640875006095,573,1,True,True,True,0.0,1.0419055235213766
v300_s4_p0,300,0.0,h3,False,0,1.287967342923583,30.65092200000072,204.0,83.0,True,True,1.2086887842560472,17.197750957973767,577,1,True,True,True,0.07927855866753575,1.7822633944928343
v300_s4_p0,300,0.0,h3,True,0,1.301947888522895,31.814653249981347,151.0,126.0,True,True,1.2097822725937655,17.012402207998093,573,1,True,True,True,0.09216561592912953,1.870085885638433
v300_s4_p0,300,0.0,h4,False,0,1.3110726016045982,44.00654408300761,216.0,130.0,True,True,,13.292721375008114,4212,1,False,True,False,,3.3105744746704096
v300_s4_p0,300,0.0,h4,True,0,1.35078943413636,43.10166408296209,202.0,162.0,True,True,,13.21524212503573,4202,1,False,True,False,,3.2615114937098104
v300_s4_p0,300,0.0,h2+3,False,0,1.2834996424928553,31.56224979099352,204.0,83.0,True,True,1.208141147738065,17.426593791053165,577,1,True,True,True,0.07535849475479028,1.8111542719953464
v300_s4_p0,300,0.0,h2+3,True,0,1.3105025309022535,33.49467312498018,151.0,126.0,True,True,1.2050884333809535,17.444887374993414,573,1,True,True,True,0.10541409752130004,1.9200280520580217
v300_s4_p0,300,0.0,h2+3+4,False,0,1.3233610862443954,48.14336279098643,216.0,130.0,True,True,,14.374472042021807,4212,1,False,True,False,,3.3492265072585536
v300_s4_p0,300,0.0,h2+3+4,True,0,1.3502017402713453,46.67999404197326,202.0,162.0,True,True,,14.199417083989829,4202,1,False,True,False,,3.287458475644471
v300_s4_p10,300,0.1,h2,False,0,1.354017267108906,14.70202441595029,519.0,1.0,True,True,1.354017267108906,14.386306625034194,519,1,True,True,True,0.0,1.021945715404585
v300_s4_p10,300,0.1,h2,True,0,1.327994867107934,11.38594499998726,477.0,1.0,True,True,1.327994867107934,10.92012045904994,477,1,True,True,True,0.0,1.04265745443781
v300_s4_p10,300,0.1,h3,False,0,1.3889042036380916,22.742251667019445,180.0,45.0,True,True,1.3149227309294793,16.109583124984056,519,1,True,True,True,0.07398147270861233,1.4117219229434252
v300_s4_p10,300,0.1,h3,True,0,1.387849114896432,16.64262591698207,209.0,40.0,True,True,1.3278008735747011,13.083216750004794,477,1,True,True,True,0.06004824132173092,1.272059175888527
v300_s4_p10,300,0.1,h4,False,0,1.374151929835829,28.23341987503227,181.0,85.0,True,True,,8.877022959000897,3168,1,False,True,False,,3.1805054470885272
v300_s4_p10,300,0.1,h4,True,0,1.3989127477170034,32.3678767500096,132.0,109.0,True,True,,8.638144749973435,3088,1,False,True,False,,3.7470866357164416
v300_s4_p10,300,0.1,h2+3,False,0,1.3945647048247678,23.995306958968285,180.0,45.0,True,True,1.3254707734521005,16.93079770798795,519,1,True,True,True,0.06909393137266728,1.4172579090970594
v300_s4_p10,300,0.1,h2+3,True,0,1.3912926486980517,17.74717095901724,209.0,40.0,True,True,1.3210979608997577,13.22434387501562,477,1,True,True,True,0.07019468779829396,1.3420076736318443
v300_s4_p10,300,0.1,h2+3+4,False,0,1.3768422968034755,31.289512624964118,181.0,85.0,True,True,,9.574468833976425,3168,1,False,True,False,,3.268015507442944
v300_s4_p10,300,0.1,h2+3+4,True,0,1.4022000244204011,34.69979937496828,134.0,109.0,True,True,,9.197247167001478,3088,1,False,True,False,,3.7728462381077055
v300_s4_p30,300,0.3,h2,False,0,,4.327372708008625,404.0,1.0,False,True,,4.079490624950267,404,1,False,True,False,,1.0607629985818092
v300_s4_p30,300,0.3,h2,True,0,,1.7229853339958936,249.0,1.0,False,True,,1.506340874999296,249,1,False,True,False,,1.143821669180091
v300_s4_p30,300,0.3,h3,False,0,2.1486515395681254,5.721077541995328,404.0,1.0,True,True,2.1486515395681254,5.284390292013995,404,1,True,True,True,0.0,1.0826372061581586
v300_s4_p30,300,0.3,h3,True,0,2.0590354608238846,3.11544329096796,249.0,1.0,True,True,2.0590354608238846,2.7512142499908805,249,1,True,True,True,0.0,1.1323884684656191
v300_s4_p30,300,0.3,h4,False,0,,15.986645583005156,257.0,15.0,False,True,,3.2766978750005364,1551,1,False,True,False,,4.878889111191717
v300_s4_p30,300,0.3,h4,True,0,1.9513802586279025,7.430776832974516,161.0,22.0,True,True,,2.5035850419662893,1250,1,False,True,False,,2.9680544932232307
v300_s4_p30,300,0.3,h2+3,False,0,2.028198659419125,5.685770916985348,404.0,1.0,True,True,2.028198659419125,5.0219150420161895,404,1,True,True,True,0.0,1.1321917773229861
v300_s4_p30,300,0.3,h2+3,True,0,1.967105265804457,2.9824764580116607,249.0,1.0,True,True,1.967105265804457,2.5516184589941986,249,1,True,True,True,0.0,1.1688567495264548
v300_s4_p30,300,0.3,h2+3+4,False,0,,18.551618708006572,256.0,15.0,False,True,,3.7576219579786994,1551,1,False,True,False,,4.937063631059326
v300_s4_p30,300,0.3,h2+3+4,True,0,1.9645968360250623,8.750836916966364,163.0,22.0,True,True,,2.7495477909687907,1250,1,False,True,False,,3.1826458684258934
v300_s4_p50,300,0.5,h2,False,0,,2.410439375031274,337.0,1.0,False,True,,2.0933875840273686,337,1,False,True,False,,1.1514539368739087
v300_s4_p50,300,0.5,h2,True,0,3.4477264933576017,0.6037796250311658,88.0,1.0,True,True,3.4477264933576017,0.4049946669838391,88,1,True,True,True,0.0,1.4908335201738816
v300_s4_p50,300,0.5,h3,False,0,,2.4999366250121966,337.0,1.0,False,True,,2.163505832955707,337,1,False,True,False,,1.1555026045836307
v300_s4_p50,300,0.5,h3,True,0,3.109422774134495,0.7027839160291478,88.0,1.0,True,True,3.109422774134495,0.504849583026953,88,1,True,True,True,0.0,1.3920659532200255
v300_s4_p50,300,0.5,h2+3,False,0,,2.601922416011803,337.0,1.0,False,True,,2.1864338330342434,337,1,False,True,False,,1.19003025689598
v300_s4_p50,300,0.5,h2+3,True,0,3.2666351475521433,0.7326256249798462,88.0,1.0,True,True,3.2666351475521433,0.5192590829683468,88,1,True,True,True,0.0,1.4109057482283962
v300_s5_p0,300,0.0,h2,False,0,1.2133124875581538,16.913458209019154,577.0,1.0,True,True,1.2133124875581538,16.542204208031762,577,1,True,True,True,0.0,1.0224428375033079
v300_s5_p0,300,0.0,h2,True,0,1.2201651737622732,16.97128066699952,573.0,1.0,True,True,1.2201651737622732,16.119020666985307,573,1,True,True,True,0.0,1.052872939220172
v300_s5_p0,300,0.0,h3,False,0,1.2614033232083022,30.861477375030518,248.0,51.0,True,True,1.2076707787915133,17.36737195798196,577,1,True,True,True,0.053732544416788874,1.776980273681922
v300_s5_p0,300,0.0,h3,True,0,1.2988334038321279,30.44712587504182,183.0,106.0,True,True,1.21368407966341,16.85621112503577,573,1,True,True,True,0.08514932416871779,1.8062852707047599
v300_s5_p0,300,0.0,h4,False,0,1.3092098935894019,44.09245200001169,255.0,122.0,True,True,,13.28608820901718,4212,1,False,True,False,,3.3186933058359824
v300_s5_p0,300,0.0,h4,True,0,1.3315107378135065,42.47681054100394,225.0,149.0,True,True,,13.094061375013553,4202,1,False,True,False,,3.2439752132260016
v300_s5_p0,300,0.0,h2+3,False,0,1.2506179131566828,32.46933487500064,248.0,51.0,True,True,1.2086661206315246,17.35498408298008,577,1,True,True,True,0.04195179252515824,1.870893958747165
v300_s5_p0,300,0.0,h2+3,True,0,1.3021797886839868,31.434215625049546,183.0,106.0,True,True,1.2061303449581644,17.339130584034137,573,1,True,True,True,0.09604944372582236,1.812906101185613
v300_s5_p0,300,0.0,h2+3+4,False,0,1.3189131409309514,46.979948583990335,255.0,122.0,True,True,,14.169099624967203,4212,1,False,True,False,,3.315662238778216
v300_s5_p0,300,0.0,h2+3+4,True,0,1.3281516532058248,45.63825529097812,225.0,149.0,True,True,,14.021542874979787,4202,1,False,True,False,,3.25486686436024
v300_s5_p10,300,0.1,h2,False,0,1.3533971678389807,13.626869833038654,519.0,1.0,True,True,1.3533971678389807,13.234950415964704,519,1,True,True,True,0.0,1.0296124582832737
v300_s5_p10,300,0.1,h2,True,0,1.3859464861941144,11.88861387502402,491.0,1.0,True,True,1.3859464861941144,11.349742916005198,491,1,True,True,True,0.0,1.047478692954262
v300_s5_p10,300,0.1,h3,False,0,1.36245663469144,28.556628292019013,257.0,21.0,True,True,1.33029555473934,16.326206957979593,519,1,True,True,True,0.032161079952099936,1.7491281572944708
v300_s5_p10,300,0.1,h3,True,0,1.3741846357339857,20.447194750013296,232.0,26.0,True,True,1.3514208100761942,14.163275207974948,491,1,True,True,True,0.02276382565779156,1.4436770061842792
v300_s5_p10,300,0.1,h4,False,0,1.3957162986601301,30.20051933301147,288.0,59.0,True,True,,8.76654104195768,3081,1,False,True,False,,3.444975525520076
v300_s5_p10,300,0.1,h4,True,0,1.3758479730518451,30.103557083988562,230.0,66.0,True,True,,8.581316209048964,3051,1,False,True,False,,3.508034939004401
v300_s5_p10,300,0.1,h2+3,False,0,1.3912100704268426,29.19091004197253,257.0,21.0,True,True,1.3564847095865826,16.592413790989667,519,1,True,True,True,0.03472536084026001,1.7592925543976212
v300_s5_p10,300,0.1,h2+3,True,0,1.3738882170671325,21.896755791967735,232.0,26.0,True,True,1.3308151604589946,14.474534542008769,491,1,True,True,True,0.04307305660813787,1.512777887842804
v300_s5_p10,300,0.1,h2+3+4,False,0,1.3882228779589567,34.094791707990225,257.0,64.0,True,True,,9.387867250014096,3081,1,False,True,False,,3.6317931219083897
v300_s5_p10,300,0.1,h2+3+4,True,0,1.3811305615748628,33.69668612501118,230.0,66.0,True,True,,9.095677875040565,3051,1,False,True,False,,3.7046921172833316
v300_s5_p30,300,0.3,h2,False,0,,4.457176792027894,404.0,1.0,False,True,,4.108407249965239,404,1,False,True,False,,1.084891667462033
v300_s5_p30,300,0.3,h2,True,0,2.090014362239495,2.03226258297218,260.0,1.0,True,True,2.090014362239495,1.8584732089657336,260,1,True,True,True,0.0,1.093511907068686
v300_s5_p30,300,0.3,h3,False,0,1.9674390882975616,17.621281833038665,261.0,4.0,True,True,1.9478033432702915,5.385117415979039,404,1,True,True,True,0.01963574502727017,3.272218685659807
v300_s5_p30,300,0.3,h3,True,0,1.7347379740383289,3.6836414159624837,260.0,1.0,True,True,1.7347379740383289,3.336030083009973,260,1,True,True,True,0.0,1.1041991002188067
v300_s5_p30,300,0.3,h4,False,0,1.811567539195349,12.921243333024904,248.0,14.0,True,True,,3.308728665986564,1546,1,False,True,False,,3.9051988353877833
v300_s5_p30,300,0.3,h4,True,0,1.952033237539264,7.671434124989901,238.0,6.0,True,True,,2.614361457992345,1288,1,False,True,False,,2.9343433370843255
v300_s5_p30,300,0.3,h2+3,False,0,1.889110343300764,19.516836208989844,261.0,4.0,True,True,1.7890906463678182,5.568376208015252,404,1,True,True,True,0.10001969693294588,3.50494210159451
v300_s5_p30,300,0.3,h2+3,True,0,1.8331564536882026,3.394996125018224,260.0,1.0,True,True,1.8331564536882026,2.9303691249806434,260,1,True,True,True,0.0,1.158555792878363
v300_s5_p30,300,0.3,h2+3+4,False,0,1.8820953618167677,15.140033291012514,248.0,14.0,True,True,,3.7550695830141194,1546,1,False,True,False,,4.0318915419031764
v300_s5_p30,300,0.3,h2+3+4,True,0,1.898091509996996,9.14518983301241,238.0,6.0,True,True,,2.904474500042852,1288,1,False,True,False,,3.1486555770682383
v300_s5_p50,300,0.5,h2,False,0,,2.613444749964401,335.0,1.0,False,True,,2.2550676250248216,335,1,False,True,False,,1.1589207884334
v300_s5_p50,300,0.5,h2,True,0,2.977018675208094,0.5302198330173269,83.0,1.0,True,True,2.977018675208094,0.36122550000436604,83,1,True,True,True,0.0,1.4678361107145488
v300_s5_p50,300,0.5,h3,False,0,,2.6197027080343105,335.0,1.0,False,True,,2.2263490830082446,335,1,False,True,False,,1.1766810191753785
v300_s5_p50,300,0.5,h3,True,0,2.847121374411906,0.6985467089689337,83.0,1.0,True,True,2.847121374411906,0.523891583958175,83,1,True,True,True,0.0,1.333380283934285
v300_s5_p50,300,0.5,h4,False,0,,8.161301207961515,415.0,3.0,False,True,,1.6819285419769585,880,1,False,True,False,,4.852347174255469
v300_s5_p50,300,0.5,h4,True,0,3.107898234058871,1.3385352920158766,70.0,4.0,True,True,,0.576573833997827,321,1,False,True,False,,2.3215331898341423
v300_s5_p50,300,0.5,h2+3,False,0,,2.786527542048134,335.0,1.0,False,True,,2.3904500419739634,335,1,False,True,False,,1.1656916033045817
v300_s5_p50,300,0.5,h2+3,True,0,2.8480996377378522,0.6836176670040004,83.0,1.0,True,True,2.8480996377378522,0.500446958001703,83,1,True,True,True,0.0,1.3660142320251132
v300_s5_p50,300,0.5,h2+3+4,False,0,,9.680270957993343,415.0,3.0,False,True,,1.9654805830214173,880,1,False,True,False,,4.92514199408291
v300_s5_p50,300,0.5,h2+3+4,True,0,3.0697850120360615,1.7273429590277374,70.0,4.0,True,True,,0.612791457970161,321,1,False,True,False,,2.818810439606108
v300_s6_p0,300,0.0,h2,False,0,1.2192139941657945,16.825216000026558,577.0,1.0,True,True,1.2192139941657945,16.596330958011094,577,1,True,True,True,0.0,1.0137913037884425
v300_s6_p0,300,0.0,h2,True,0,1.212919775811237,16.542359334009234,573.0,1.0,True,True,1.212919775811237,16.34271091700066,573,1,True,True,True,0.0,1.0122163585969626
v300_s6_p0,300,0.0,h3,False,0,1.2704689920737535,30.148351459007245,215.0,78.0,True,True,1.2134408777595063,17.314444582967553,577,1,True,True,True,0.05702811431424726,1.7412254441395465
v300_s6_p0,300,0.0,h3,True,0,1.276646555045948,29.551157500012778,198.0,83.0,True,True,1.2150415101313181,16.979314624972176,573,1,True,True,True,0.061605044914629925,1.7404211037205635
v300_s6_p0,300,0.0,h4,False,0,1.2961302370154488,48.31612491700798,205.0,134.0,True,True,,13.373368707951158,4212,1,False,True,False,,3.6128611999070626
v300_s6_p0,300,0.0,h4,True,0,1.3434881158352008,50.35286483296659,190.0,166.0,True,True,,13.283308375044726,4202,1,False,True,False,,3.790687034531565
v300_s6_p0,300,0.0,h2+3,False,0,1.2708291142082158,31.623419125040527,215.0,78.0,True,True,1.2114879412572688,17.419539500027895,577,1,True,True,True,0.059341172950946985,1.8153992604104079
v300_s6_p0,300,0.0,h2+3,True,0,1.2679305683339825,30.951498207985424,198.0,83.0,True,True,1.2108978578062155,17.24911279103253,573,1,True,True,True,0.05703271052776704,1.7943820405694424
v300_s6_p0,300,0.0,h2+3+4,False,0,1.3125453177606636,51.62955466599669,205.0,134.0,True,True,,14.445424082980026,4212,1,False,True,False,,3.574111384298366
v300_s6_p0,300,0.0,h2+3+4,True,0,1.341844701382809,54.14118358399719,190.0,166.0,True,True,,14.35686745896237,4202,1,False,True,False,,3.7711000494191507
v300_s6_p10,300,0.1,h2,False,0,1.378119424965988,10.322978375013918,519.0,1.0,True,True,1.378119424965988,9.926804207963869,519,1,True,True,True,0.0,1.03990953772738
v300_s6_p10,300,0.1,h2,True,0,1.3598451947904096,12.3128888750216,482.0,1.0,True,True,1.3598451947904096,12.041098208981566,482,1,True,True,True,0.0,1.0225719167241158
v300_s6_p10,300,0.1,h3,False,0,1.3746053634528945,19.69593095802702,245.0,23.0,True,True,1.3404003428600766,14.01921316597145,519,1,True,True,True,0.034205020592817936,1.4049241369575969
v300_s6_p10,300,0.1,h3,True,0,1.3640729013477009,17.122793500020634,234.0,24.0,True,True,1.361022167428715,13.375021209008992,482,1,True,True,True,0.003050733918985804,1.2802068297646707
v300_s6_p10,300,0.1,h4,False,0,1.3711563498325852,33.63348600000609,208.0,80.0,True,True,,8.91517695802031,3119,1,False,True,False,,3.7726100287609636
v300_s6_p10,300,0.1,h4,True,0,1.380155648205053,25.82696625002427,237.0,69.0,True,True,,8.572226750024129,3036,1,False,True,False,,3.0128655019480877
v300_s6_p10,300,0.1,h2+3,False,0,1.3614752568759891,20.82733833405655,245.0,23.0,True,True,1.355506249387023,13.105586083023809,519,1,True,True,True,0.005969007488966227,1.5891954928314909
v300_s6_p10,300,0.1,h2+3,True,0,1.3654392927316281,18.161442457989324,234.0,24.0,True,True,1.3436941379919167,13.247979125007987,482,1,True,True,True,0.021745154739711392,1.3708839881628645
v300_s6_p10,300,0.1,h2+3+4,False,0,1.3899719015043508,36.781074917002115,208.0,80.0,True,True,,9.582562750030775,3119,1,False,True,False,,3.8383338441362143
v300_s6_p10,300,0.1,h2+3+4,True,0,1.390056442365245,28.62336020800285,237.0,69.0,True,True,,9.085629499983042,3036,1,False,True,False,,3.1503992329927466
v300_s6_p30,300,0.3,h2,False,0,,4.160445749992505,404.0,1.0,False,True,,3.7735790419974364,404,1,False,True,False,,1.1025198369212617
v300_s6_p30,300,0.3,h2,True,0,,1.7858070000074804,256.0,1.0,False,True,,1.5018722920212895,256,1,False,True,False,,1.189053829339949
v300_s6_p30,300,0.3,h3,False,0,,5.050109999952838,404.0,1.0,False,True,,4.473575166019145,404,1,False,True,False,,1.1288756335901085
v300_s6_p30,300,0.3,h3,True,0,1.8956727480823292,3.5196166249806993,256.0,1.0,True,True,1.8956727480823292,3.0601759999990463,256,1,True,True,True,0.0,1.1501353598557065
v300_s6_p30,300,0.3,h4,False,0,,15.590492999996059,304.0,12.0,False,True,,3.3245020419708453,1571,1,False,True,False,,4.689572394052024
v300_s6_p30,300,0.3,h4,True,0,1.9364016609721122,7.257241833023727,153.0,17.0,True,True,,2.5721354999695905,1243,1,False,True,False,,2.8214850396137865
v300_s6_p30,300,0.3,h2+3,False,0,,5.306563541002106,404.0,1.0,False,True,,4.700333417044021,404,1,False,True,False,,1.128975983227023
v300_s6_p30,300,0.3,h2+3,True,0,1.9366918565492595,3.388115750043653,256.0,1.0,True,True,1.9366918565492595,2.8411827919771895,256,1,True,True,True,0.0,1.1925018550762976
v300_s6_p30,300,0.3,h2+3+4,False,0,,17.753612915985286,304.0,12.0,False,True,,3.7639984589768574,1571,1,False,True,False,,4.7166897408377615
v300_s6_p30,300,0.3,h2+3+4,True,0,1.8695639524537118,8.521619500010274,155.0,17.0,True,True,,2.7438637080485933,1243,1,False,True,False,,3.1057007223112985
v300_s6_p50,300,0.5,h2,False,0,,2.2477463749819435,333.0,1.0,False,True,,1.833991583029274,333,1,False,True,False,,1.2256034301254835
v300_s6_p50,300,0.5,h2,True,0,2.6897157248017702,0.5257749590091407,78.0,1.0,True,True,2.6897157248017702,0.3399372080457397,78,1,True,True,True,0.0,1.5466825830327935
v300_s6_p50,300,0.5,h3,False,0,,2.4342390410020016,333.0,1.0,False,True,,2.066497874970082,333,1,False,True,False,,1.177953807979233
v300_s6_p50,300,0.5,h3,True,0,2.735598915377781,0.5898610420408659,78.0,1.0,True,True,2.735598915377781,0.3695707499864511,78,1,True,True,True,0.0,1.5960706902872883
v300_s6_p50,300,0.5,h2+3,False,0,,2.6245577500085346,333.0,1.0,False,True,,2.1369229579577222,333,1,False,True,False,,1.2281948397975235
v300_s6_p50,300,0.5,h2+3,True,0,2.6617352305128037,0.6171967500122264,78.0,1.0,True,True,2.6617352305128037,0.37923708296148106,78,1,True,True,True,0.0,1.6274694056617738
v300_s7_p0,300,0.0,h2,False,0,1.2114835142230407,16.890101167024113,577.0,1.0,True,True,1.2114835142230407,16.545798417006154,577,1,True,True,True,0.0,1.0208090743849554
v300_s7_p0,300,0.0,h2,True,0,1.2246202878756816,16.686242249968927,573.0,1.0,True,True,1.2246202878756816,16.341089083987754,573,1,True,True,True,0.0,1.0211217969749262
v300_s7_p0,300,0.0,h3,False,0,1.2743677689667545,28.648246333003044,250.0,54.0,True,True,1.2068180992176092,17.372341291978955,577,1,True,True,True,0.06754966974914534,1.6490722724996387
v300_s7_p0,300,0.0,h3,True,0,1.2938259547287347,32.97648404102074,179.0,108.0,True,True,1.2093285766248643,17.10333462501876,573,1,True,True,True,0.08449737810387048,1.9280733707205104
v300_s7_p0,300,0.0,h4,False,0,1.2885115716451525,42.56493350001983,305.0,103.0,True,True,,13.301966250000987,4212,1,False,True,False,,3.1998978722425098
v300_s7_p0,300,0.0,h4,True,0,1.3499258250101238,51.40107695804909,181.0,172.0,True,True,,13.155005541979335,4202,1,False,True,False,,3.907339817837519
v300_s7_p0,300,0.0,h2+3,False,0,1.2712410448651579,29.573132125020493,250.0,54.0,True,True,1.2152700689477414,17.568644499988295,577,1,True,True,True,0.05597097591741651,1.68329048521872
v300_s7_p0,300,0.0,h2+3,True,0,1.2960850518004925,34.16466854204191,179.0,108.0,True,True,1.2091100290957981,17.344837500015274,573,1,True,True,True,0.08697502270469437,1.9697312553093578
v300_s7_p0,300,0.0,h2+3+4,False,0,1.2935977525763522,45.07536924997112,305.0,103.0,True,True,,14.27402124996297,4212,1,False,True,False,,3.1578605958771466
v300_s7_p0,300,0.0,h2+3+4,True,0,1.3507164490731514,54.25210929103196,181.0,172.0,True,True,,14.18617737502791,4202,1,False,True,False,,3.8242937372637513
v300_s7_p10,300,0.1,h2,False,0,1.3588518360351975,13.422295624972321,519.0,1.0,True,True,1.3588518360351975,12.947956334042829,519,1,True,True,True,0.0,1.0366342980075054
v300_s7_p10,300,0.1,h2,True,0,1.3508456694796167,11.080131084017921,482.0,1.0,True,True,1.3508456694796167,10.777436499949545,482,1,True,True,True,0.0,1.0280859538416016
v300_s7_p10,300,0.1,h3,False,0,1.364508063285323,24.22957766696345,248.0,24.0,True,True,1.3338108157004658,15.580772750021424,519,1,True,True,True,0.030697247584857257,1.5550947347544193
v300_s7_p10,300,0.1,h3,True,0,1.3725836563614278,22.229400375043042,230.0,30.0,True,True,1.349031367005098,13.195055624993984,482,1,True,True,True,0.023552289356329803,1.68467651875118
v300_s7_p10,300,0.1,h4,False,0,1.3781827267022015,28.989205041958485,255.0,65.0,True,True,,8.849473832990043,3127,1,False,True,False,,3.275811148668448
v300_s7_p10,300,0.1,h4,True,0,1.37200809257412,26.417755667003803,220.0,68.0,True,True,,8.71551912499126,3084,1,False,True,False,,3.0311167112527326
v300_s7_p10,300,0.1,h2+3,False,0,1.3945769354596398,25.59071304096142,248.0,24.0,True,True,1.3422271587242347,15.855408999952488,519,1,True,True,True,0.052349776735405085,1.614005229448077
v300_s7_p10,300,0.1,h2+3,True,0,1.371078337046099,23.11248620803235,230.0,30.0,True,True,1.358070298010111,12.997984582965728,482,1,True,True,True,0.013008039035988128,1.7781592261866503
v300_s7_p10,300,0.1,h2+3+4,False,0,1.3718844292083805,32.090125957969576,256.0,65.0,True,True,,9.477678916999139,3127,1,False,True,False,,3.3858633784705257
v300_s7_p10,300,0.1,h2+3+4,True,0,1.3635182652660747,29.7290791660198,220.0,68.0,True,True,,9.298048958007712,3084,1,False,True,False,,3.197345948626822
v300_s7_p30,300,0.3,h2,False,0,1.9707351916830582,5.314539166982286,404.0,1.0,True,True,1.9707351916830582,4.946343709016219,404,1,True,True,True,0.0,1.074437903960236
v300_s7_p30,300,0.3,h2,True,0,2.1454739002086756,2.1587349580368027,254.0,1.0,True,True,2.1454739002086756,1.8820301659870893,254,1,True,True,True,0.0,1.1470246317250643
v300_s7_p30,300,0.3,h3,False,0,1.8326123396722251,6.955440499994438,404.0,1.0,True,True,1.8326123396722251,6.395636999979615,404,1,True,True,True,0.0,1.0875289670155774
v300_s7_p30,300,0.3,h3,True,0,1.9063636947444556,7.930919250007719,193.0,2.0,True,True,1.7745515543535035,3.8566552080446854,254,1,True,True,True,0.13181214039095202,2.0564242386678573
v300_s7_p30,300,0.3,h4,False,0,,14.591892542026471,202.0,20.0,False,True,,3.488402333983686,1579,1,False,True,False,,4.182972932873492
v300_s7_p30,300,0.3,h4,True,0,1.8496498114479314,6.7581939160008915,198.0,17.0,True,True,,2.677738875034265,1288,1,False,True,False,,2.5238435229851945
v300_s7_p30,300,0.3,h2+3,False,0,1.93641772002014,6.518586458987556,404.0,1.0,True,True,1.93641772002014,6.00511250004638,404,1,True,True,True,0.0,1.0855061348038377
v300_s7_p30,300,0.3,h2+3,True,0,1.7875358566153263,8.533509041997604,193.0,2.0,True,True,1.7468277447267087,3.5939158750115894,254,1,True,True,True,0.04070811188861767,2.3744320509366643
v300_s7_p30,300,0.3,h2+3+4,False,0,,16.710242750006728,202.0,20.0,False,True,,3.783756040968001,1579,1,False,True,False,,4.416310821596134
v300_s7_p30,300,0.3,h2+3+4,True,0,1.7891216625626036,8.039003916957881,198.0,17.0,True,True,,2.846315125003457,1288,1,False,True,False,,2.8243548461444927
v300_s7_p50,300,0.5,h2,False,0,,2.6836660419940017,337.0,1.0,False,True,,2.4604997920105234,337,1,False,True,False,,1.0906995605966399
v300_s7_p50,300,0.5,h2,True,0,3.0686123311281337,0.5469367500045337,86.0,1.0,True,True,3.0686123311281337,0.3763676670496352,86,1,True,True,True,0.0,1.4531980238685165
v300_s7_p50,300,0.5,h3,False,0,,2.799912124988623,337.0,1.0,False,True,,2.389658625004813,337,1,False,True,False,,1.171678705774547
v300_s7_p50,300,0.5,h3,True,0,2.6425208711902353,0.6633426669868641,86.0,1.0,True,True,2.6425208711902353,0.5329491249867715,86,1,True,True,True,0.0,1.2446641450125828
v300_s7_p50,300,0.5,h4,False,0,,8.123652249982115,324.0,5.0,False,True,,1.7329662920092233,914,1,False,True,False,,4.687715097195254
v300_s7_p50,300,0.5,h2+3,False,0,,2.9712499589659274,337.0,1.0,False,True,,2.5024299169890583,337,1,False,True,False,,1.1873459227745153
v300_s7_p50,300,0.5,h2+3,True,0,2.728488343596948,0.7095270420541056,86.0,1.0,True,True,2.728488343596948,0.47696487500797957,86,1,True,True,True,0.0,1.4875876175205465
v300_s7_p50,300,0.5,h2+3+4,False,0,,9.26265837502433,324.0,5.0,False,True,,2.0628404999733903,914,1,False,True,False,,4.490244580297805
v300_s8_p0,300,0.0,h2,False,0,1.2217892177536465,16.91088712500641,577.0,1.0,True,True,1.2217892177536465,16.599020417022984,577,1,True,True,True,0.0,1.0187882597977647
v300_s8_p0,300,0.0,h2,True,0,1.2180218518978352,16.67333429097198,573.0,1.0,True,True,1.2180218518978352,16.4688890830148,573,1,True,True,True,0.0,1.0124140254346623
v300_s8_p0,300,0.0,h3,False,0,1.2939364010284726,29.479918958968483,220.0,69.0,True,True,1.2166470003749588,17.39100512501318,577,1,True,True,True,0.07728940065351386,1.695124505286243
v300_s8_p0,300,0.0,h3,True,0,1.2904947704625502,34.382686083961744,177.0,107.0,True,True,1.208101484015147,17.13812387501821,573,1,True,True,True,0.08239328644740329,2.0062106176091117
v300_s8_p0,300,0.0,h4,False,0,1.311369371442569,51.39166770799784,206.0,142.0,True,True,,13.307871541008353,4212,1,False,True,False,,3.8617496080897573
v300_s8_p0,300,0.0,h4,True,0,1.3506011495083217,45.389369957963936,197.0,168.0,True,True,,13.094854291994125,4202,1,False,True,False,,3.4661989317218973
v300_s8_p0,300,0.0,h2+3,False,0,1.2905017003738237,30.462225167022552,220.0,69.0,True,True,1.210814740302479,17.466150082997046,577,1,True,True,True,0.07968696007134479,1.7440721064613391
v300_s8_p0,300,0.0,h2+3,True,0,1.2932053955805074,35.175717665988486,177.0,107.0,True,True,1.2100800947022867,17.442979875020683,573,1,True,True,True,0.08312530087822068,2.0166117210489976
v300_s8_p0,300,0.0,h2+3+4,False,0,1.3193833291436887,55.444923333008774,206.0,142.0,True,True,,14.259098250011448,4212,1,False,True,False,,3.888389178675044
v300_s8_p0,300,0.0,h2+3+4,True,0,1.3524621685103688,48.05503516603494,197.0,168.0,True,True,,14.136976249981672,4202,1,False,True,False,,3.399244245465663
v300_s8_p10,300,0.1,h2,False,0,1.3811739588467529,15.442141583014745,519.0,1.0,True,True,1.3811739588467529,15.219065999961458,519,1,True,True,True,0.0,1.0146576395065146
v300_s8_p10,300,0.1,h2,True,0,1.3817773261368396,13.116653790988494,485.0,1.0,True,True,1.3817773261368396,12.830101625004318,485,1,True,True,True,0.0,1.0223343644781209
v300_s8_p10,300,0.1,h3,False,0,1.3813990480933622,21.845967500004917,228.0,28.0,True,True,1.345713512185618,16.419616333034355,519,1,True,True,True,0.03568553590774415,1.3304797783888151
v300_s8_p10,300,0.1,h3,True,0,1.383316643162799,21.466640291037038,250.0,14.0,True,True,1.3591539875377678,13.518598625028972,485,1,True,True,True,0.02416265562503117,1.58793384480642
v300_s8_p10,300,0.1,h4,False,0,1.381844718274576,35.427530749992,217.0,82.0,True,True,,8.55243820801843,3115,1,False,True,False,,4.14238956053217
v300_s8_p10,300,0.1,h4,True,0,1.4242144727349104,31.380320416996256,237.0,72.0,True,True,,8.484767374990042,3054,1,False,True,False,,3.698430260974961
v300_s8_p10,300,0.1,h2+3,False,0,1.3822987870816446,23.338146707974374,228.0,28.0,True,True,1.3542999769810415,16.335569959017448,519,1,True,True,True,0.02799881010060301,1.4286704881754928
v300_s8_p10,300,0.1,h2+3,True,0,1.4110910092807212,22.808446458016988,250.0,14.0,True,True,1.3522751381931963,14.05626087501878,485,1,True,True,True,0.05881587108752484,1.6226538950022522
v300_s8_p10,300,0.1,h2+3+4,False,0,1.3931309779294867,38.419641832995694,217.0,82.0,True,True,,9.28728804102866,3115,1,False,True,False,,4.1367987795003645
v300_s8_p10,300,0.1,h2+3+4,True,0,1.4259627534731574,33.787055291002616,239.0,72.0,True,True,,9.076990458008368,3054,1,False,True,False,,3.722275069838073
v300_s8_p30,300,0.3,h2,False,0,,4.445456082990859,404.0,1.0,False,True,,4.0959940000320785,404,1,False,True,False,,1.0853180163242533
v300_s8_p30,300,0.3,h2,True,0,2.0988216992579334,1.9936154169845395,254.0,1.0,True,True,2.0988216992579334,1.814820666972082,254,1,True,True,True,0.0,1.0985192384384543
v300_s8_p30,300,0.3,h3,False,0,2.727909918855233,5.472457292024046,404.0,1.0,True,True,2.727909918855233,4.967560458055232,404,1,True,True,True,0.0,1.101638789951734
v300_s8_p30,300,0.3,h3,True,0,1.9552873274499005,3.3229045000043698,254.0,1.0,True,True,1.9552873274499005,3.0095728340093046,254,1,True,True,True,0.0,1.104111674073576
v300_s8_p30,300,0.3,h4,True,0,1.9290327297156884,7.009724667004775,167.0,22.0,True,True,,2.490377583017107,1245,1,False,True,False,,2.8147236446420516
v300_s8_p30,300,0.3,h2+3,False,0,2.183486211076298,5.779944083013106,404.0,1.0,True,True,2.183486211076298,5.25254275003681,404,1,True,True,True,0.0,1.1004087654446222
v300_s8_p30,300,0.3,h2+3,True,0,1.893810689612644,3.4451872920035385,254.0,1.0,True,True,1.893810689612644,2.9793875420000404,254,1,True,True,True,0.0,1.156340772537033
v300_s8_p30,300,0.3,h2+3+4,True,0,1.963851162513813,8.28703016700456,168.0,22.0,True,True,,2.789317624992691,1245,1,False,True,False,,2.9709883495345117
v300_s8_p50,300,0.5,h2,False,0,,3.0119476249674335,329.0,1.0,False,True,,2.7898211669526063,329,1,False,True,False,,1.0796203214191904
v300_s8_p50,300,0.5,h2,True,0,2.789700981779053,0.47844350000377744,66.0,1.0,True,True,2.789700981779053,0.3264033750165254,66,1,True,True,True,0.0,1.4658043899808157
v300_s8_p50,300,0.5,h3,False,0,3.046771705269391,3.289539417019114,329.0,1.0,True,True,3.046771705269391,3.1078137090080418,329,1,True,True,True,0.0,1.05847380989547
v300_s8_p50,300,0.5,h3,True,0,2.6403367525787167,0.5837498749606311,66.0,1.0,True,True,2.6403367525787167,0.42646958300611004,66,1,True,True,True,0.0,1.3687960366267615
v300_s8_p50,300,0.5,h4,False,0,,7.6267839999636635,215.0,7.0,False,True,,1.6018324580509216,842,1,False,True,False,,4.761286963334346
v300_s8_p50,300,0.5,h2+3,False,0,,3.090860958036501,329.0,1.0,False,True,,2.7041162090026774,329,1,False,True,False,,1.143020757667978
v300_s8_p50,300,0.5,h2+3,True,0,2.500069099008176,0.6394545419607311,66.0,1.0,True,True,2.500069099008176,0.42776245897402987,66,1,True,True,True,0.0,1.494882331409904
v300_s8_p50,300,0.5,h2+3+4,False,0,,8.579422749986406,215.0,7.0,False,True,,1.8050026660203002,842,1,False,True,False,,4.753135777301902
v300_s9_p0,300,0.0,h2,False,0,1.2178102752254587,16.845506292011123,577.0,1.0,True,True,1.2178102752254587,16.443350667017512,577,1,True,True,True,0.0,1.0244570363508858
v300_s9_p0,300,0.0,h2,True,0,1.219543273925346,16.591458208975382,573.0,1.0,True,True,1.219543273925346,16.499979791988153,573,1,True,True,True,0.0,1.0055441532741543
v300_s9_p0,300,0.0,h3,False,0,1.2851129759988014,30.06937141600065,208.0,76.0,True,True,1.2095041491782774,17.230455374985468,577,1,True,True,True,0.07560882682052394,1.7451292355078578
v300_s9_p0,300,0.0,h3,True,0,1.2969466617513339,30.23997270897962,242.0,65.0,True,True,1.211495485647267,17.302954874990974,573,1,True,True,True,0.08545117610406683,1.7476767943657598
v300_s9_p0,300,0.0,h4,False,0,1.3034974587356463,51.77912495902274,210.0,131.0,True,True,,13.202989500015974,4212,1,False,True,False,,3.9217727893338163
v300_s9_p0,300,0.0,h4,True,0,1.3543488220922888,53.478250582993496,189.0,171.0,True,True,,13.11251937499037,4202,1,False,True,False,,4.078411558727079
v300_s9_p0,300,0.0,h2+3,False,0,1.2809020805570894,31.8813740000478,208.0,76.0,True,True,1.2160292106280677,17.40908966603456,577,1,True,True,True,0.06487286992902175,1.8313062090919618
v300_s9_p0,300,0.0,h2+3,True,0,1.2923726371910265,31.440964416018687,242.0,65.0,True,True,1.2173842071862557,17.289822250022553,573,1,True,True,True,0.07498843000477073,1.8184666077742746
v300_s9_p0,300,0.0,h2+3+4,False,0,1.305424798100904,56.17228608398,210.0,131.0,True,True,,14.236800458049402,4212,1,False,True,False,,3.945569529438795
v300_s9_p0,300,0.0,h2+3+4,True,0,1.353238708915377,58.236366541008465,189.0,171.0,True,True,,14.210734708991367,4202,1,False,True,False,,4.0980545857464605
v300_s9_p10,300,0.1,h2,False,0,1.339868860903817,15.377501457987819,519.0,1.0,True,True,1.339868860903817,15.20437029202003,519,1,True,True,True,0.0,1.0113869343249722
v300_s9_p10,300,0.1,h2,True,0,1.3598010952198898,12.55789683299372,478.0,1.0,True,True,1.3598010952198898,12.387738707999233,478,1,True,True,True,0.0,1.0137360117940337
v300_s9_p10,300,0.1,h3,False,0,1.3675976682077564,21.635243500000797,218.0,34.0,True,True,1.3146751898397486,16.43053474999033,519,1,True,True,True,0.052922478368007786,1.3167705025555259
v300_s9_p10,300,0.1,h3,True,0,1.3529209191994342,17.78586591698695,230.0,31.0,True,True,1.3301688998856112,13.102989999984857,478,1,True,True,True,0.02275201931382309,1.357389871854249
v300_s9_p10,300,0.1,h4,False,0,1.3913083910067816,23.328430458030198,287.0,57.0,True,True,,8.799093332956545,3125,1,False,True,False,,2.651231163858074
v300_s9_p10,300,0.1,h4,True,0,1.3888307918917164,26.75218620803207,237.0,65.0,True,True,,8.710927541018464,3060,1,False,True,False,,3.0711065018116614
v300_s9_p10,300,0.1,h2+3,False,0,1.3685371129522816,22.748643917031586,218.0,34.0,True,True,1.302454083626793,16.416125542018563,519,1,True,True,True,0.0660830293254886,1.3857498749509662
v300_s9_p10,300,0.1,h2+3,True,0,1.3610114506602478,18.79086341697257,230.0,31.0,True,True,1.3458967280452316,13.363080875016749,478,1,True,True,True,0.015114722615016118,1.406177482028374
v300_s9_p10,300,0.1,h2+3+4,False,0,1.387297508616832,26.08109350001905,287.0,57.0,True,True,,9.605073208978865,3125,1,False,True,False,,2.7153456233564497
v300_s9_p10,300,0.1,h2+3+4,True,0,1.394573439214972,29.292114124982618,238.0,65.0,True,True,,9.197095542040188,3060,1,False,True,False,,3.18493093728205
v300_s9_p30,300,0.3,h2,False,0,,4.589421166048851,404.0,1.0,False,True,,4.336400208005216,404,1,False,True,False,,1.0583481565139088
v300_s9_p30,300,0.3,h2,True,0,2.1229792973388557,1.8807352079893462,248.0,1.0,True,True,2.1229792973388557,1.7362043330213055,248,1,True,True,True,0.0,1.0832453140561695
v300_s9_p30,300,0.3,h3,False,0,1.9943588854617453,17.664465332985856,258.0,5.0,True,True,1.9065441771825915,5.615822207997553,404,1,True,True,True,0.08781470827915383,3.1454815837705294
v300_s9_p30,300,0.3,h3,True,0,1.9924984420031873,7.263580208003987,170.0,4.0,True,True,2.0314883904902965,2.4485964580089785,248,1,True,True,True,-0.03898994848710924,2.9664260046795152
v300_s9_p30,300,0.3,h4,False,0,,14.143669790995773,260.0,17.0,False,True,,3.4568013749667443,1570,1,False,True,False,,4.091548300524452
v300_s9_p30,300,0.3,h4,True,0,1.9073686137845813,6.433601666998584,227.0,11.0,True,True,,2.6055022079963237,1244,1,False,True,False,,2.469236697345244
v300_s9_p30,300,0.3,h2+3,False,0,1.9679432768388283,17.933729415992275,258.0,5.0,True,True,1.9594204537393645,5.622072083002422,404,1,True,True,True,0.008522823099463839,3.1898789540981682
v300_s9_p30,300,0.3,h2+3,True,0,1.9342755796069824,7.688767749990802,170.0,4.0,True,True,1.9108290184138612,2.337936041003559,248,1,True,True,True,0.023446561193121163,3.2886989272342966
v300_s9_p30,300,0.3,h2+3+4,False,0,,16.560867750027683,261.0,17.0,False,True,,3.807937374978792,1570,1,False,True,False,,4.349038894086307
v300_s9_p30,300,0.3,h2+3+4,True,0,1.9876788378966568,8.716734541987535,237.0,12.0,True,True,,2.7774797919555567,1244,1,False,True,False,,3.1383611024763898
v300_s9_p50,300,0.5,h2,False,0,,2.97293616598472,332.0,1.0,False,True,,2.6507913329987787,332,1,False,True,False,,1.1215277977469114
v300_s9_p50,300,0.5,h2,True,0,2.670955097076756,0.5194764580228366,70.0,1.0,True,True,2.670955097076756,0.36766762495972216,70,1,True,True,True,0.0,1.4128969285227249
v300_s9_p50,300,0.5,h3,False,0,,2.9153687500511296,332.0,1.0,False,True,,2.6321982920053415,332,1,False,True,False,,1.1075794551291402
v300_s9_p50,300,0.5,h3,True,0,2.8017819880352004,0.5604794160462916,70.0,1.0,True,True,2.8017819880352004,0.3550173330004327,70,1,True,True,True,0.0,1.5787381740192625
v300_s9_p50,300,0.5,h4,True,0,2.8449985793949097,1.0735161250340752,37.0,5.0,True,True,,0.5098550000111572,267,1,False,True,False,,2.105532210158934
v300_s9_p50,300,0.5,h2+3,False,0,3.1246296133481333,3.5007545000407845,332.0,1.0,True,True,3.1246296133481333,3.032544957997743,332,1,True,True,True,0.0,1.1543949219312415
v300_s9_p50,300,0.5,h2+3,True,0,2.7994239148539295,0.6154840000090189,70.0,1.0,True,True,2.7994239148539295,0.40379141602898017,70,1,True,True,True,0.0,1.5242622194941498
v300_s9_p50,300,0.5,h2+3+4,True,0,2.8449985793949097,1.3479672499815933,37.0,5.0,True,True,,0.5357758330064826,267,1,False,True,False,,2.5159164839846064
v400_s0_p0,400,0.0,h2,False,0,1.2041532836357152,21.21513445797609,760.0,1.0,True,True,1.2041532836357152,24.141477124998346,760,1,True,True,True,0.0,0.8787836116294622
v400_s0_p0,400,0.0,h2,True,0,1.1991152487019787,20.956349249987397,756.0,1.0,True,True,1.1991152487019787,24.09008900000481,756,1,True,True,True,0.0,0.8699158085295249
v400_s0_p0,400,0.0,h3,False,0,1.3017782316031896,40.72987074998673,245.0,127.0,True,True,1.1852146866725035,24.782358083000872,760,1,True,True,True,0.1165635449306861,1.6435026325410431
v400_s0_p0,400,0.0,h3,True,0,1.2462803494017864,43.070719167008065,356.0,61.0,True,True,1.1885256308939325,24.90919237502385,756,1,True,True,True,0.057754718507853964,1.729109419468556
v400_s0_p0,400,0.0,h4,False,0,1.343304406527898,88.2243109580013,199.0,251.0,True,True,,19.151885207975283,5569,1,False,True,False,,4.606560137550463
v400_s0_p0,400,0.0,h4,True,0,1.2903321860914254,61.79325729201082,321.0,180.0,True,True,,18.881328791962005,5563,1,False,True,False,,3.272717612878862
v400_s0_p0,400,0.0,h2+3,False,0,1.2977892754421836,42.293062416953035,245.0,127.0,True,True,1.1973117474279058,25.365037000039592,760,1,True,True,True,0.10047752801427778,1.6673763344751682
v400_s0_p0,400,0.0,h2+3,True,0,1.2514260284153909,44.33237354201265,356.0,61.0,True,True,1.1979057912615187,25.52301645796979,756,1,True,True,True,0.05352023715387211,1.736956664782053
v400_s0_p0,400,0.0,h2+3+4,False,0,1.3564750359622901,90.20803291699849,199.0,251.0,True,True,,20.12313100002939,5569,1,False,True,False,,4.482803044758132
v400_s0_p0,400,0.0,h2+3+4,True,0,1.2916542756923783,64.90291562501807,321.0,180.0,True,True,,20.248037582961842,5563,1,False,True,False,,3.205392886055884
v400_s0_p10,400,0.1,h2,False,0,1.3335775765493798,12.120618292014115,684.0,1.0,True,True,1.3335775765493798,13.280203416012228,684,1,True,True,True,0.0,0.9126831805452637
v400_s0_p10,400,0.1,h2,True,0,1.3256181190663952,12.14412795897806,636.0,1.0,True,True,1.3256181190663952,13.379712041991297,636,1,True,True,True,0.0,0.9076524159013706
v400_s0_p10,400,0.1,h3,False,0,1.360155087727595,25.201117707998492,276.0,56.0,True,True,1.312861785060378,19.152729083027225,684,1,True,True,True,0.047293302667216874,1.3157977434313124
v400_s0_p10,400,0.1,h3,True,0,1.3528473765640932,21.86098779103486,261.0,59.0,True,True,1.3173153718571444,18.47159933304647,636,1,True,True,True,0.03553200470694873,1.1834918783629433
v400_s0_p10,400,0.1,h4,False,0,1.3578666020166625,35.42694391700206,369.0,83.0,True,True,,12.018229875015095,4223,1,False,True,False,,2.9477672074364087
v400_s0_p10,400,0.1,h4,True,0,1.3667829691068776,41.5035679579596,224.0,125.0,True,True,,11.550264707999304,4132,1,False,True,False,,3.593300154343277
v400_s0_p10,400,0.1,h2+3,False,0,1.35623120052378,26.282719084003475,276.0,56.0,True,True,1.3160769533187044,18.11031295900466,684,1,True,True,True,0.040154247205075544,1.4512570347899703
v400_s0_p10,400,0.1,h2+3,True,0,1.3460735373068842,23.155702832969837,261.0,59.0,True,True,1.3201439249838272,18.647961375012528,636,1,True,True,True,0.025929612323057016,1.2417283780948565
v400_s0_p10,400,0.1,h2+3+4,False,0,1.3591302738234876,38.9524952910142,369.0,83.0,True,True,,13.018311041989364,4223,1,False,True,False,,2.9921312500044372
v400_s0_p10,400,0.1,h2+3+4,True,0,1.3614594705859533,44.06702912499895,225.0,125.0,True,True,,12.627433374989778,4132,1,False,True,False,,3.489785122309911
v400_s0_p30,400,0.3,h2,False,0,,5.860571124998387,532.0,1.0,False,True,,6.203986083040945,532,1,False,True,False,,0.9446460785943237
v400_s0_p30,400,0.3,h2,True,0,1.9930380108158265,2.484447208000347,336.0,1.0,True,True,1.9930380108158265,2.7693708750302903,336,1,True,True,True,0.0,0.8971161033002389
v400_s0_p30,400,0.3,h3,False,0,1.8456554745333533,7.491759875032585,532.0,1.0,True,True,1.8456554745333533,7.861235000018496,532,1,True,True,True,0.0,0.9530003714448122
v400_s0_p30,400,0.3,h3,True,0,1.7688979000662155,4.05985508399317,336.0,1.0,True,True,1.7688979000662155,4.290533041988965,336,1,True,True,True,0.0,0.9462355945663901
v400_s0_p30,400,0.3,h4,False,0,,16.492269208014477,280.0,23.0,False,True,,4.046096125035547,2083,1,False,True,False,,4.076094264287798
v400_s0_p30,400,0.3,h4,True,0,1.8671942866456324,8.987507249985356,232.0,21.0,True,True,,3.1519792079925537,1692,1,False,True,False,,2.8513853223382646
v400_s0_p30,400,0.3,h2+3,False,0,2.056089911501097,7.435609957959969,532.0,1.0,True,True,2.056089911501097,7.629570999997668,532,1,True,True,True,0.0,0.9745777263180645
v400_s0_p30,400,0.3,h2+3,True,0,1.9376787422436483,4.073049624974374,336.0,1.0,True,True,1.9376787422436483,4.2893535000039265,336,1,True,True,True,0.0,0.9495719168333049
v400_s0_p30,400,0.3,h2+3+4,False,0,,18.32286604103865,283.0,23.0,False,True,,4.556186084053479,2083,1,False,True,False,,4.021535930055218
v400_s0_p30,400,0.3,h2+3+4,True,0,1.8308705439333315,10.30038454203168,233.0,21.0,True,True,,3.509222624998074,1692,1,False,True,False,,2.9352325693606662
v400_s0_p50,400,0.5,h2,False,0,,2.6220562920207158,441.0,1.0,False,True,,2.7008175830123946,441,1,False,True,False,,0.9708379819921672
v400_s0_p50,400,0.5,h2,True,0,2.644750192836355,0.5855699579697102,116.0,1.0,True,True,2.644750192836355,0.5012717499630526,116,1,True,True,True,0.0,1.1681686789907293
v400_s0_p50,400,0.5,h3,False,0,,2.722367500013206,441.0,1.0,False,True,,2.7531652920297347,441,1,False,True,False,,0.988813678530059
v400_s0_p50,400,0.5,h3,True,0,2.6206548382890777,0.7747630839585327,116.0,1.0,True,True,2.6206548382890777,0.6568077079718933,116,1,True,True,True,0.0,1.1795889033502132
v400_s0_p50,400,0.5,h4,False,0,,9.261619959026575,342.0,10.0,False,True,,1.9734674579813145,1183,1,False,True,False,,4.69306951151878
v400_s0_p50,400,0.5,h4,True,0,2.562114156250709,1.441633708018344,88.0,11.0,True,True,,0.7099132910370827,438,1,False,True,False,,2.0307180133398
v400_s0_p50,400,0.5,h2+3,False,0,,2.9211933329934254,441.0,1.0,False,True,,2.8751149579766206,441,1,False,True,False,,1.0160266200448669
v400_s0_p50,400,0.5,h2+3,True,0,2.4828876914462352,0.7565557089983486,116.0,1.0,True,True,2.4828876914462352,0.6419092920259573,116,1,True,True,True,0.0,1.1786022081259346
v400_s0_p50,400,0.5,h2+3+4,False,0,,11.097394582990091,342.0,10.0,False,True,,2.2584155410295352,1183,1,False,True,False,,4.913796589413817
v400_s0_p50,400,0.5,h2+3+4,True,0,2.566357949293009,1.824942999985069,88.0,11.0,True,True,,0.7044177500065416,438,1,False,True,False,,2.590711264683665
v400_s1_p0,400,0.0,h2,False,0,1.1984865757867862,21.425098832987715,760.0,1.0,True,True,1.1984865757867862,24.444227042025886,760,1,True,True,True,0.0,0.876489111157104
v400_s1_p0,400,0.0,h2,True,0,1.2025823617306413,21.157044374966063,756.0,1.0,True,True,1.2025823617306413,23.873206291988026,756,1,True,True,True,0.0,0.8862255080527863
v400_s1_p0,400,0.0,h3,False,0,1.2715209551432425,40.499635334010236,252.0,124.0,True,True,1.1904493225795731,24.870164249965455,760,1,True,True,True,0.08107163256366934,1.6284426160983834
v400_s1_p0,400,0.0,h3,True,0,1.2722281596163088,42.35390920803184,290.0,95.0,True,True,1.1983246002899848,24.704128250014037,756,1,True,True,True,0.07390355932632398,1.7144466212042018
v400_s1_p0,400,0.0,h4,False,0,1.3498341188687697,86.74816158297472,190.0,247.0,True,True,,18.772887041966897,5569,1,False,True,False,,4.62092811771832
v400_s1_p0,400,0.0,h4,True,0,1.345331088108479,81.33155937504489,172.0,258.0,True,True,,18.939631916000508,5563,1,False,True,False,,4.294252377013445
v400_s1_p0,400,0.0,h2+3,False,0,1.2810609320216955,41.15854550001677,252.0,124.0,True,True,1.1898501360653821,25.520745415997226,760,1,True,True,True,0.09121079595631332,1.612748563144134
v400_s1_p0,400,0.0,h2+3,True,0,1.27478339413927,43.35542383301072,290.0,95.0,True,True,1.1913210718705896,25.13770016701892,756,1,True,True,True,0.08346232226868056,1.7247171994633683
v400_s1_p0,400,0.0,h2+3+4,False,0,1.348938645134866,87.59238954196917,190.0,247.0,True,True,,20.209114708995912,5569,1,False,True,False,,4.334301170697902
v400_s1_p0,400,0.0,h2+3+4,True,0,1.35202404962822,82.83912079199217,172.0,258.0,True,True,,20.23329816601472,5563,1,False,True,False,,4.094197600030164
v400_s1_p10,400,0.1,h2,False,0,1.3220874743566884,14.400191458000336,684.0,1.0,True,True,1.3220874743566884,16.076834584004246,684,1,True,True,True,0.0,0.8957106190747215
v400_s1_p10,400,0.1,h2,True,0,1.3479872198017429,14.103581250004936,644.0,1.0,True,True,1.3479872198017429,15.701388208020944,644,1,True,True,True,0.0,0.8982378540771458
v400_s1_p10,400,0.1,h3,False,0,1.3613569775191205,32.39970604196424,293.0,47.0,True,True,1.312935049545259,21.706463957962114,684,1,True,True,True,0.04842192797386158,1.4926293893243607
v400_s1_p10,400,0.1,h3,True,0,1.3529582738577426,27.720402458973695,227.0,78.0,True,True,1.3199581861230052,19.530778041982558,644,1,True,True,True,0.03300008773473739,1.419318902676947
v400_s1_p10,400,0.1,h4,False,0,1.3659872022756625,48.971722042013425,224.0,132.0,True,True,,12.007278500008397,4143,1,False,True,False,,4.07850305479124
v400_s1_p10,400,0.1,h4,True,0,1.3523759338389798,48.6779755000025,197.0,136.0,True,True,,11.672730459016748,4116,1,False,True,False,,4.170230407607895
v400_s1_p10,400,0.1,h2+3,False,0,1.379763403161235,33.542720832978375,293.0,47.0,True,True,1.3023040812743898,21.479346167005133,684,1,True,True,True,0.07745932188684512,1.5616267167621722
v400_s1_p10,400,0.1,h2+3,True,0,1.3463077349977766,28.630871333007235,227.0,78.0,True,True,1.3140018487153855,18.523301207984332,644,1,True,True,True,0.03230588628239106,1.5456678597153142
v400_s1_p10,400,0.1,h2+3+4,False,0,1.3627699832853932,52.10358591703698,224.0,132.0,True,True,,13.282105624966789,4143,1,False,True,False,,3.9228408046308743
v400_s1_p10,400,0.1,h2+3+4,True,0,1.3635234308096515,51.34864899999229,197.0,136.0,True,True,,12.488576999981888,4116,1,False,True,False,,4.111649309610436
v400_s1_p30,400,0.3,h2,False,0,,6.100566709006671,532.0,1.0,False,True,,6.505933957989328,532,1,False,True,False,,0.9376926892279834
v400_s1_p30,400,0.3,h2,True,0,2.2290354541933963,2.638636542018503,339.0,1.0,True,True,2.2290354541933963,2.7226643330068327,339,1,True,True,True,0.0,0.9691376605005392
v400_s1_p30,400,0.3,h3,False,0,1.8782305365799994,21.490640124946367,372.0,4.0,True,True,1.8809943016341009,8.141218582983129,532,1,True,True,True,-0.0027637650541014747,2.6397326034048954
v400_s1_p30,400,0.3,h3,True,0,1.7928640065432564,4.9281167080043815,339.0,1.0,True,True,1.7928640065432564,5.225504125002772,339,1,True,True,True,0.0,0.9430892388783193
v400_s1_p30,400,0.3,h4,True,0,1.8273189730101058,8.588187374989502,258.0,19.0,True,True,,3.1238347500329837,1721,1,False,True,False,,2.7492450984799444
v400_s1_p30,400,0.3,h2+3,False,0,1.8665145168335153,23.197174291999545,372.0,4.0,True,True,1.9167099646434127,8.362594417005312,532,1,True,True,True,-0.050195447809897376,2.7739207637319057
v400_s1_p30,400,0.3,h2+3,True,0,1.7868873865820685,4.916987500037067,339.0,1.0,True,True,1.7868873865820685,5.305635416007135,339,1,True,True,True,0.0,0.9267480922647804
v400_s1_p30,400,0.3,h2+3+4,True,0,1.8315363851376822,9.92389287496917,259.0,19.0,True,True,,3.5093591660261154,1721,1,False,True,False,,2.8278361961470773
v400_s1_p50,400,0.5,h2,False,0,,2.3307389579713345,444.0,1.0,False,True,,2.422550666029565,444,1,False,True,False,,0.962101222754319
v400_s1_p50,400,0.5,h2,True,0,,0.50048779201461,126.0,1.0,False,True,,0.4160473750089295,126,1,False,True,False,,1.20295865826306
v400_s1_p50,400,0.5,h3,False,0,,2.5177157080033794,444.0,1.0,False,True,,2.4228151249699295,444,1,False,True,False,,1.0391695520039432
v400_s1_p50,400,0.5,h3,True,0,2.568845218731777,0.7275484589627013,126.0,1.0,True,True,2.568845218731777,0.6381421670084819,126,1,True,True,True,0.0,1.140104034142334
v400_s1_p50,400,0.5,h4,False,0,,9.87119520799024,394.0,9.0,False,True,,2.00456812500488,1203,1,False,True,False,,4.924350080627073
v400_s1_p50,400,0.5,h4,True,0,2.920146426690228,1.7381158329662867,89.0,9.0,True,True,,0.7517554159858264,456,1,False,True,False,,2.3120762365070306
v400_s1_p50,400,0.5,h2+3,False,0,,2.6594776659621857,444.0,1.0,False,True,,2.5341298340354115,444,1,False,True,False,,1.049463855499135
v400_s1_p50,400,0.5,h2+3,True,0,2.7639781372175958,0.7418650839827023,126.0,1.0,True,True,2.7639781372175958,0.6338286249665543,126,1,True,True,True,0.0,1.1704505835814039
v400_s1_p50,400,0.5,h2+3+4,False,0,,11.887387999973726,327.0,10.0,False,True,,2.3448128339950927,1203,1,False,True,False,,5.069653248067562
v400_s1_p50,400,0.5,h2+3+4,True,0,2.884157776672691,2.1106643750099465,89.0,9.0,True,True,,0.785745708970353,456,1,False,True,False,,2.6861926841137658
v400_s2_p0,400,0.0,h2,False,0,1.2004360706643167,28.528830832976382,760.0,1.0,True,True,1.2004360706643167,28.8323332919972,760,1,True,True,True,0.0,0.9894735380606515
v400_s2_p0,400,0.0,h2,True,0,1.1958180906484361,28.71813466702588,756.0,1.0,True,True,1.1958180906484361,28.458464083028957,756,1,True,True,True,0.0,1.0091245466810619
v400_s2_p0,400,0.0,h3,False,0,1.2774084204424454,64.86714291700628,222.0,144.0,True,True,1.190739475938293,29.738934334018268,760,1,True,True,True,0.08666894450415241,2.181219481116543
v400_s2_p0,400,0.0,h3,True,0,1.2638486900519792,62.40846229204908,305.0,81.0,True,True,1.1959157108604042,29.23485004203394,756,1,True,True,True,0.06793297919157504,2.1347283191915825
v400_s2_p0,400,0.0,h4,False,0,1.3478767890080905,90.213201666018,268.0,216.0,True,True,,20.20421829202678,5569,1,False,True,False,,4.465067658748221
v400_s2_p0,400,0.0,h4,True,0,1.3309795812553178,107.50684916600585,188.0,244.0,True,True,,20.09260620799614,5563,1,False,True,False,,5.350567669176832
v400_s2_p0,400,0.0,h2+3,False,0,1.282084734615677,67.47470558300847,222.0,144.0,True,True,1.1890595092551457,29.580373291973956,760,1,True,True,True,0.09302522536053126,2.281063356334194
v400_s2_p0,400,0.0,h2+3,True,0,1.2653754988464465,62.93018216599012,305.0,81.0,True,True,1.1970213872240631,30.003819833975285,756,1,True,True,True,0.06835411162238336,2.0974056808170194
v400_s2_p0,400,0.0,h2+3+4,False,0,1.3409919521715887,94.451409375004,268.0,216.0,True,True,,22.208852207986638,5569,1,False,True,False,,4.252872165137731
v400_s2_p0,400,0.0,h2+3+4,True,0,1.3231840701216773,113.46380891598528,188.0,244.0,True,True,,21.812406332988758,5563,1,False,True,False,,5.201801542839605
v400_s2_p10,400,0.1,h2,False,0,1.34740726725776,21.11770941701252,684.0,1.0,True,True,1.34740726725776,20.979138666996732,684,1,True,True,True,0.0,1.00660516869712
v400_s2_p10,400,0.1,h2,True,0,1.3535985135233002,16.993137833022047,646.0,1.0,True,True,1.3535985135233002,16.502202459028922,646,1,True,True,True,0.0,1.0297496879711663
v400_s2_p10,400,0.1,h3,False,0,1.3232427306806624,45.50324275001185,328.0,33.0,True,True,1.3147599979114748,27.236718208994716,684,1,True,True,True,0.00848273276918765,1.670658058024948
v400_s2_p10,400,0.1,h3,True,0,1.3465555763247241,44.02236379199894,243.0,60.0,True,True,1.3109711992649462,23.445848042028956,646,1,True,True,True,0.035584377059777905,1.8776187456766156
v400_s2_p10,400,0.1,h4,False,0,1.3378100930213606,69.45393408299424,278.0,101.0,True,True,,13.243899207969662,4134,1,False,True,False,,5.244220979966351
v400_s2_p10,400,0.1,h4,True,0,1.3586864309181326,53.86524295801064,321.0,92.0,True,True,,13.04370837501483,4096,1,False,True,False,,4.129595772103376
v400_s2_p10,400,0.1,h2+3,False,0,1.3153495641168784,47.547823458968196,328.0,33.0,True,True,1.315407824585439,27.54265487496741,684,1,True,True,True,-5.82604685606114e-05,1.726334068912972
v400_s2_p10,400,0.1,h2+3,True,0,1.3398642039834954,46.16479387501022,243.0,60.0,True,True,1.324962229755939,23.73452808294678,646,1,True,True,True,0.014901974227556458,1.9450478945136283
v400_s2_p10,400,0.1,h2+3+4,False,0,1.3589713700882708,75.89534408401232,280.0,101.0,True,True,,13.828522333002184,4134,1,False,True,False,,5.48831916067314
v400_s2_p10,400,0.1,h2+3+4,True,0,1.3608406800138069,58.46086170797935,321.0,92.0,True,True,,13.798654208017979,4096,1,False,True,False,,4.236707495286716
v400_s2_p30,400,0.3,h2,False,0,,6.863036583003122,532.0,1.0,False,True,,6.482538749987725,532,1,False,True,False,,1.058695805407429
v400_s2_p30,400,0.3,h2,True,0,,2.964614333002828,344.0,1.0,False,True,,2.74183312500827,344,1,False,True,False,,1.0812526502661923
v400_s2_p30,400,0.3,h3,False,0,2.0272468681064053,26.790646041976288,329.0,3.0,True,True,,8.095091334020253,532,1,False,True,False,,3.309492745237661
v400_s2_p30,400,0.3,h3,True,0,,12.559028457966633,241.0,5.0,False,True,1.983450474891206,5.6873544590198435,344,1,True,True,False,,2.2082373357350145
v400_s2_p30,400,0.3,h4,False,0,,23.760631292010657,383.0,16.0,False,True,,4.810123250004835,2098,1,False,True,False,,4.939713611701483
v400_s2_p30,400,0.3,h4,True,0,2.0224794008280473,12.354337833996397,280.0,17.0,True,True,,3.6834085410228,1693,1,False,True,False,,3.354050384692292
v400_s2_p30,400,0.3,h2+3,False,0,2.0559014715225876,28.213843083009124,329.0,3.0,True,True,,8.120210083026905,532,1,False,True,False,,3.4745213232823255
v400_s2_p30,400,0.3,h2+3,True,0,,13.391290292027406,241.0,5.0,False,True,2.0247038596939078,5.333051917026751,344,1,True,True,False,,2.5109994240395905
v400_s2_p30,400,0.3,h2+3+4,False,0,,27.218922208005097,382.0,16.0,False,True,,5.225582791026682,2098,1,False,True,False,,5.20878211990922
v400_s2_p30,400,0.3,h2+3+4,True,0,1.9917997617017151,14.588758750003763,280.0,17.0,True,True,,3.977205207978841,1693,1,False,True,False,,3.668093042002618
v400_s2_p50,400,0.5,h2,False,0,,4.510544708988164,437.0,1.0,False,True,,4.212130334053654,437,1,False,True,False,,1.0708464247941072
v400_s2_p50,400,0.5,h2,True,0,2.688440451446773,0.772811750008259,103.0,1.0,True,True,2.688440451446773,0.6028433340252377,103,1,True,True,True,0.0,1.2819445889002823
v400_s2_p50,400,0.5,h3,False,0,,4.6458767500007525,437.0,1.0,False,True,,4.068409124971367,437,1,False,True,False,,1.1419394184043496
v400_s2_p50,400,0.5,h3,True,0,,0.730255207978189,103.0,1.0,False,True,,0.5091076249955222,103,1,False,True,False,,1.4343827751246347
v400_s2_p50,400,0.5,h4,False,0,,14.457343708025292,235.0,10.0,False,True,,2.30366287502693,1144,1,False,True,False,,6.275807048310523
v400_s2_p50,400,0.5,h4,True,0,2.7060871032707703,1.8091706660343334,75.0,5.0,True,True,,0.7364883750560693,409,1,False,True,False,,2.4564823116136765
v400_s2_p50,400,0.5,h2+3,False,0,3.169251248965482,5.279252916981932,437.0,1.0,True,True,3.169251248965482,4.674989166960586,437,1,True,True,True,0.0,1.1292545775917175
v400_s2_p50,400,0.5,h2+3,True,0,,0.788811375037767,103.0,1.0,False,True,,0.5529021670226939,103,1,False,True,False,,1.4266744138215508
v400_s2_p50,400,0.5,h2+3+4,False,0,,16.85762991697993,235.0,10.0,False,True,,2.702506625035312,1144,1,False,True,False,,6.2377756120245085
v400_s2_p50,400,0.5,h2+3+4,True,0,2.6063820345510647,2.3014165409840643,75.0,5.0,True,True,,0.8545148749835789,409,1,False,True,False,,2.693243392665681
v400_s3_p0,400,0.0,h2,False,0,1.1999621667123068,28.953144458995666,760.0,1.0,True,True,1.1999621667123068,28.544922999979462,760,1,True,True,True,0.0,1.014301018048516
v400_s3_p0,400,0.0,h2,True,0,1.189826667872214,28.827994999999646,756.0,1.0,True,True,1.189826667872214,28.500115624978207,756,1,True,True,True,0.0,1.0115044928005161
v400_s3_p0,400,0.0,h3,False,0,1.2844472542172576,55.046792417007964,265.0,113.0,True,True,1.1887382699570026,29.531169374997262,760,1,True,True,True,0.09570898426025498,1.8640234566401443
v400_s3_p0,400,0.0,h3,True,0,1.2570617437423106,57.53748195798835,359.0,56.0,True,True,1.191346167159531,29.65494450001279,756,1,True,True,True,0.06571557658277971,1.9402323264494235
v400_s3_p0,400,0.0,h4,False,0,1.3457036515224343,113.47848599997815,229.0,236.0,True,True,,20.09382100001676,5569,1,False,True,False,,5.647431914511605
v400_s3_p0,400,0.0,h4,True,0,1.3497860430174937,124.08965833298862,172.0,258.0,True,True,,19.88050279201707,5563,1,False,True,False,,6.241776660840605
v400_s3_p0,400,0.0,h2+3,False,0,1.2839325032131486,58.16054749995237,265.0,113.0,True,True,1.1875489615919428,29.839683374972083,760,1,True,True,True,0.09638354162120577,1.949100691488379
v400_s3_p0,400,0.0,h2+3,True,0,1.245712468906799,59.93785712501267,359.0,56.0,True,True,1.1879411861660425,29.79687354102498,756,1,True,True,True,0.0577712827407566,2.0115485284887
v400_s3_p0,400,0.0,h2+3+4,False,0,1.3428731691552678,117.60649979201844,229.0,236.0,True,True,,21.642594792007003,5569,1,False,True,False,,5.43402955709602
v400_s3_p0,400,0.0,h2+3+4,True,0,1.3451176043112372,129.119515458995,172.0,258.0,True,True,,21.728091374970973,5563,1,False,True,False,,5.942515301078418
v400_s3_p10,400,0.1,h2,False,0,1.3405614203922998,23.751568374980707,684.0,1.0,True,True,1.3405614203922998,22.826952749979682,684,1,True,True,True,0.0,1.0405054338670696
v400_s3_p10,400,0.1,h2,True,0,1.3444291155016457,20.02526087500155,640.0,1.0,True,True,1.3444291155016457,19.122618249966763,640,1,True,True,True,0.0,1.0472028784571044
v400_s3_p10,400,0.1,h3,False,0,1.360205805863574,34.169920500018634,247.0,73.0,True,True,1.318318694600033,28.184645166969858,684,1,True,True,True,0.041887111263541055,1.2123594353447116
v400_s3_p10,400,0.1,h3,True,0,1.3495006409663546,41.00981445796788,191.0,86.0,True,True,1.312140593988437,23.730991292046383,640,1,True,True,True,0.037360046977917616,1.7281121531451835
v400_s3_p10,400,0.1,h4,False,0,1.3345402936951614,55.55969324999023,276.0,110.0,True,True,,13.465865042002406,4169,1,False,True,False,,4.125965400417259
v400_s3_p10,400,0.1,h4,True,0,1.3637234245633578,70.32325604202924,224.0,124.0,True,True,,13.085640665958636,4121,1,False,True,False,,5.374078185179744
v400_s3_p10,400,0.1,h2+3,False,0,1.362025427856047,35.803331416042056,247.0,73.0,True,True,1.3097762961797024,28.326503499993123,684,1,True,True,True,0.05224913167634471,1.2639516704223925
v400_s3_p10,400,0.1,h2+3,True,0,1.347418406965973,41.94280474999687,191.0,86.0,True,True,1.304556547048484,23.734971041965764,640,1,True,True,True,0.04286185991748903,1.7671310689967923
v400_s3_p10,400,0.1,h2+3+4,False,0,1.3285315523334122,59.018933375016786,276.0,110.0,True,True,,14.881037582992576,4169,1,False,True,False,,3.9660496148782713
v400_s3_p10,400,0.1,h2+3+4,True,0,1.3608393124298312,73.77556325000478,225.0,124.0,True,True,,14.020178749982733,4121,1,False,True,False,,5.262098619826487
v400_s3_p30,400,0.3,h2,False,0,,7.972239917027764,532.0,1.0,False,True,,7.526851125003304,532,1,False,True,False,,1.0591733228979288
v400_s3_p30,400,0.3,h2,True,0,,2.9871244999812916,335.0,1.0,False,True,,2.7041452910052612,335,1,False,True,False,,1.1046464514748147
v400_s3_p30,400,0.3,h3,False,0,1.9231395035391865,28.209317833010573,349.0,4.0,True,True,1.9521432603873985,8.736714207974728,532,1,True,True,True,-0.029003756848211992,3.228824608599601
v400_s3_p30,400,0.3,h3,True,0,1.861385715753583,13.603431416035164,236.0,4.0,True,True,1.7916609465777944,4.770495708973613,335,1,True,True,True,0.06972476917578851,2.8515760721566576
v400_s3_p30,400,0.3,h4,True,0,1.8708383003468714,12.1920440410031,221.0,23.0,True,True,,3.6051917920121923,1664,1,False,True,False,,3.3818017859732965
v400_s3_p30,400,0.3,h2+3,False,0,1.8868436013817589,28.423241666983813,349.0,4.0,True,True,2.0958166574479273,9.198012667009607,532,1,True,True,True,-0.20897305606616845,3.0901503070254606
v400_s3_p30,400,0.3,h2+3,True,0,1.859362041891783,14.453040249994956,236.0,4.0,True,True,1.878028914526754,3.7924956250353716,335,1,True,True,True,-0.01866687263497102,3.8109576592748624
v400_s3_p30,400,0.3,h2+3+4,True,0,1.9081258304926538,14.035949667042587,222.0,23.0,True,True,,3.9038361250422895,1664,1,False,True,False,,3.595424914740892
v400_s3_p50,400,0.5,h2,False,0,,3.5142680830322206,437.0,1.0,False,True,,3.1387248749961145,437,1,False,True,False,,1.1196483358665104
v400_s3_p50,400,0.5,h2,True,0,2.6853433495964074,0.7549317090306431,104.0,1.0,True,True,2.6853433495964074,0.5351482079713605,104,1,True,True,True,0.0,1.4106965094631219
v400_s3_p50,400,0.5,h3,False,0,,3.6173461659927852,437.0,1.0,False,True,,3.189415792003274,437,1,False,True,False,,1.1341720245640121
v400_s3_p50,400,0.5,h3,True,0,2.662001458192255,0.8627137090079486,104.0,1.0,True,True,2.662001458192255,0.6860401669982821,104,1,True,True,True,0.0,1.2575265276123533
v400_s3_p50,400,0.5,h4,False,0,,12.827915249974467,526.0,3.0,False,True,,2.2094644590397365,1142,1,False,True,False,,5.805893458702501
v400_s3_p50,400,0.5,h4,True,0,3.1198476573840197,1.8047377080074511,105.0,4.0,True,True,,0.7243442080216482,391,1,False,True,False,,2.4915470960092407
v400_s3_p50,400,0.5,h2+3,False,0,,4.059147750027478,437.0,1.0,False,True,,3.3405851669958793,437,1,False,True,False,,1.2151008123160012
v400_s3_p50,400,0.5,h2+3,True,0,2.918931728660932,0.8441272920463234,104.0,1.0,True,True,2.918931728660932,0.6461730829905719,104,1,True,True,True,0.0,1.3063485840969948
v400_s3_p50,400,0.5,h2+3+4,False,0,,15.398725541948806,526.0,3.0,False,True,,2.67311445903033,1142,1,False,True,False,,5.7605934119015165
v400_s3_p50,400,0.5,h2+3+4,True,0,3.0328557821872004,2.2389217909658328,105.0,4.0,True,True,,0.7495574579806998,391,1,False,True,False,,2.9869915469822224
v400_s4_p0,400,0.0,h2,False,0,1.2007127358519323,29.81314712500898,760.0,1.0,True,True,1.2007127358519323,28.78762254101457,760,1,True,True,True,0.0,1.035623802644116
v400_s4_p0,400,0.0,h2,True,0,1.1949038063433781,29.572394749964587,756.0,1.0,True,True,1.1949038063433781,28.405208957963623,756,1,True,True,True,0.0,1.0410905546841167
v400_s4_p0,400,0.0,h3,False,0,1.2805872128084095,57.35324391699396,276.0,99.0,True,True,1.1798124007150683,29.591523582988884,760,1,True,True,True,0.10077481209334116,1.9381646151523033
v400_s4_p0,400,0.0,h3,True,0,1.2670834564140625,60.55493983399356,351.0,67.0,True,True,1.1954312643309197,29.606794834020548,756,1,True,True,True,0.07165219208314277,2.0453054838753144
v400_s4_p0,400,0.0,h4,False,0,1.318778742454445,87.21744479198242,293.0,183.0,True,True,,20.248420458985493,5569,1,False,True,False,,4.307370294322319
v400_s4_p0,400,0.0,h4,True,0,1.2929514203163088,88.45227508299286,318.0,169.0,True,True,,20.27145791699877,5563,1,False,True,False,,4.363389917250135
v400_s4_p0,400,0.0,h2+3,False,0,1.263343602123478,59.19145108398516,276.0,99.0,True,True,1.1983127268956362,29.883171666995622,760,1,True,True,True,0.0650308752278419,1.9807620069110325
v400_s4_p0,400,0.0,h2+3,True,0,1.2485932393859405,63.248927999986336,351.0,67.0,True,True,1.1837908346006325,29.965892084001098,756,1,True,True,True,0.06480240478530797,2.110697316224908
v400_s4_p0,400,0.0,h2+3+4,False,0,1.3218225502987544,93.30787375004729,293.0,183.0,True,True,,21.586248375009745,5569,1,False,True,False,,4.322560925318973
v400_s4_p0,400,0.0,h2+3+4,True,0,1.285959678666206,93.2450112090446,318.0,169.0,True,True,,21.636880499951076,5563,1,False,True,False,,4.3095404260912495
v400_s4_p10,400,0.1,h2,False,0,1.328072116767334,23.383894917031284,684.0,1.0,True,True,1.328072116767334,22.83809045801172,684,1,True,True,True,0.0,1.0238988658015449
v400_s4_p10,400,0.1,h2,True,0,1.3407432221631956,18.8651729170233,638.0,1.0,True,True,1.3407432221631956,17.969170124968514,638,1,True,True,True,0.0,1.049863337361906
v400_s4_p10,400,0.1,h3,False,0,1.338732892579202,47.27977587503847,329.0,27.0,True,True,1.2906629521010982,27.423631499987096,684,1,True,True,True,0.048069940478103756,1.7240523332973139
v400_s4_p10,400,0.1,h3,True,0,1.343049457420841,36.90185545897111,291.0,45.0,True,True,1.3031861299536684,22.631254707986955,638,1,True,True,True,0.03986332746717247,1.6305704626243203
v400_s4_p10,400,0.1,h4,False,0,1.3588003782986293,71.28708062501391,240.0,123.0,True,True,,13.321437833015807,4148,1,False,True,False,,5.351305280901154
v400_s4_p10,400,0.1,h4,True,0,1.3623935564774363,64.75649429199984,236.0,128.0,True,True,,12.914546417014208,4124,1,False,True,False,,5.014229087185494
v400_s4_p10,400,0.1,h2+3,False,0,1.3174482974923798,48.806722667010035,329.0,27.0,True,True,1.3082874166669651,26.99540558300214,684,1,True,True,True,0.009160880825414663,1.8079640447314322
v400_s4_p10,400,0.1,h2+3,True,0,1.3215028822285035,38.39867195801344,291.0,45.0,True,True,1.3162867097735274,22.617513332981616,638,1,True,True,True,0.005216172454976187,1.6977406575469642
v400_s4_p10,400,0.1,h2+3+4,False,0,1.3665245933150767,75.36338829202577,240.0,123.0,True,True,,14.305299624975305,4148,1,False,True,False,,5.2682145965297025
v400_s4_p10,400,0.1,h2+3+4,True,0,1.3570653913491766,69.19431033305591,236.0,128.0,True,True,,13.937906291976105,4124,1,False,True,False,,4.9644694750810805
v400_s4_p30,400,0.3,h2,False,0,,7.557751999993343,532.0,1.0,False,True,,6.910764959000517,532,1,False,True,False,,1.0936201773365475
v400_s4_p30,400,0.3,h2,True,0,,3.0732531659887172,346.0,1.0,False,True,,2.7467716250102967,346,1,False,True,False,,1.1188600967061455
v400_s4_p30,400,0.3,h3,False,0,2.1917482580735115,9.955556707980577,532.0,1.0,True,True,2.1917482580735115,9.010502208955586,532,1,True,True,True,0.0,1.1048836654282927
v400_s4_p30,400,0.3,h3,True,0,1.846019166284828,6.215231749985833,346.0,1.0,True,True,1.846019166284828,5.604523750022054,346,1,True,True,True,0.0,1.108966975108523
v400_s4_p30,400,0.3,h4,False,0,,30.02494262502296,237.0,29.0,False,True,,4.731115041009616,2069,1,False,True,False,,6.346271939017501
v400_s4_p30,400,0.3,h4,True,0,1.79140199686859,14.244341667043045,239.0,24.0,True,True,,3.639405915979296,1697,1,False,True,False,,3.9139194681476357
v400_s4_p30,400,0.3,h2+3,False,0,1.9654420677742637,9.717870833992492,532.0,1.0,True,True,1.9654420677742637,8.723786582995672,532,1,True,True,True,0.0,1.113951005281867
v400_s4_p30,400,0.3,h2+3,True,0,1.8822554175036255,6.647184333007317,346.0,1.0,True,True,1.8822554175036255,5.834061167028267,346,1,True,True,True,0.0,1.139375152693717
v400_s4_p30,400,0.3,h2+3+4,False,0,1.9465983458556053,33.528946749982424,237.0,29.0,True,True,,5.134090457984712,2069,1,False,True,False,,6.5306497858519545
v400_s4_p30,400,0.3,h2+3+4,True,0,1.834997900148177,16.33502804103773,240.0,24.0,True,True,,4.005801999999676,1697,1,False,True,False,,4.077842100293288
v400_s4_p50,400,0.5,h2,False,0,,4.324714625021443,439.0,1.0,False,True,,3.8883569589816034,439,1,False,True,False,,1.1122216068748292
v400_s4_p50,400,0.5,h2,True,0,2.624163828256567,0.8418798329657875,110.0,1.0,True,True,2.624163828256567,0.6325906669953838,110,1,True,True,True,0.0,1.3308445364274255
v400_s4_p50,400,0.5,h3,False,0,,4.539652624982409,439.0,1.0,False,True,,4.01584433397511,439,1,False,True,False,,1.130435407213308
v400_s4_p50,400,0.5,h3,True,0,2.5617470021966393,1.050888124969788,110.0,1.0,True,True,2.5617470021966393,0.838200542028062,110,1,True,True,True,0.0,1.2537430749294425
v400_s4_p50,400,0.5,h4,False,0,,12.903151208010968,485.0,5.0,False,True,,2.3615770409815013,1157,1,False,True,False,,5.4637858448387755
v400_s4_p50,400,0.5,h4,True,0,2.6505386046866177,2.140762041963171,118.0,3.0,True,True,,0.8699239579727873,430,1,False,True,False,,2.460861115897831
v400_s4_p50,400,0.5,h2+3,False,0,,4.862994582974352,439.0,1.0,False,True,,4.274941958021373,439,1,False,True,False,,1.1375580372148855
v400_s4_p50,400,0.5,h2+3,True,0,2.4601833887066697,1.078003709029872,110.0,1.0,True,True,2.4601833887066697,0.8438275419757701,110,1,True,True,True,0.0,1.2775166196943428
v400_s4_p50,400,0.5,h2+3+4,False,0,,15.117433167004492,485.0,5.0,False,True,,2.6315272499923594,1157,1,False,True,False,,5.744737458845766
v400_s4_p50,400,0.5,h2+3+4,True,0,2.6030107159949787,2.6549022080143914,119.0,3.0,True,True,,0.8882129999692552,430,1,False,True,False,,2.9890377737167646
v400_s5_p0,400,0.0,h2,False,0,1.203830091316278,29.36436320800567,760.0,1.0,True,True,1.203830091316278,28.685295499977656,760,1,True,True,True,0.0,1.0236730246696795
v400_s5_p0,400,0.0,h2,True,0,1.1980949188749561,28.86813383398112,756.0,1.0,True,True,1.1980949188749561,28.274186209018808,756,1,True,True,True,0.0,1.0210067098155013
v400_s5_p0,400,0.0,h3,False,0,1.2518842397061882,58.82158129202435,275.0,100.0,True,True,1.1964841307774214,29.65829641604796,760,1,True,True,True,0.05540010892876679,1.9833095086404313
v400_s5_p0,400,0.0,h3,True,0,1.2761555042816344,65.71988754102495,218.0,149.0,True,True,1.194898995447002,29.45113883400336,756,1,True,True,True,0.08125650883463242,2.231488836864496
v400_s5_p0,400,0.0,h4,False,0,1.3179987165301106,103.50709470902802,241.0,224.0,True,True,,20.407491332967766,5569,1,False,True,False,,5.072014635224421
v400_s5_p0,400,0.0,h4,True,0,1.3478215761781749,113.24566999997478,204.0,249.0,True,True,,20.094167959003244,5563,1,False,True,False,,5.635748154938397
v400_s5_p0,400,0.0,h2+3,False,0,1.2555764712509792,60.77921508299187,275.0,100.0,True,True,1.1934826500396143,30.00912929198239,760,1,True,True,True,0.062093821211364864,2.025357500100158
v400_s5_p0,400,0.0,h2+3,True,0,1.2749770874872735,67.79501399997389,218.0,149.0,True,True,1.1941983561497103,29.444430458010174,756,1,True,True,True,0.08077873133756319,2.302473267284091
v400_s5_p0,400,0.0,h2+3+4,False,0,1.3153678916386762,106.18832433404168,241.0,224.0,True,True,,21.655173042032402,5569,1,False,True,False,,4.903600822211467
v400_s5_p0,400,0.0,h2+3+4,True,0,1.3454820161790306,116.53819212503731,204.0,249.0,True,True,,21.494903334008995,5563,1,False,True,False,,5.421666258003212
v400_s5_p10,400,0.1,h2,False,0,1.3317113895953927,22.42840925004566,684.0,1.0,True,True,1.3317113895953927,21.8055088329711,684,1,True,True,True,0.0,1.0285661949852187
v400_s5_p10,400,0.1,h2,True,0,1.34411488754339,19.193359291006345,639.0,1.0,True,True,1.34411488754339,18.501679874956608,639,1,True,True,True,0.0,1.037384681862644
v400_s5_p10,400,0.1,h3,False,0,1.3550443761533046,36.1722646660055,282.0,53.0,True,True,1.3131515087185748,25.974969082977623,684,1,True,True,True,0.041892867434729864,1.3925816254276335
v400_s5_p10,400,0.1,h3,True,0,1.3305934942597313,35.479032167000696,345.0,22.0,True,True,1.334379249421995,22.62884879100602,639,1,True,True,True,-0.0037857551622637597,1.5678673049024952
v400_s5_p10,400,0.1,h4,False,0,1.3505792585727672,53.12642083398532,303.0,104.0,True,True,,13.816777624946553,4148,1,False,True,False,,3.8450659246381864
v400_s5_p10,400,0.1,h4,True,0,1.3602402743273385,61.03404524998041,267.0,117.0,True,True,,13.2113529999624,4109,1,False,True,False,,4.619817913438094
v400_s5_p10,400,0.1,h2+3,False,0,1.3577154276276986,37.50272716599284,282.0,53.0,True,True,1.3063799018300344,26.16988537501311,684,1,True,True,True,0.051335525797664205,1.4330489655793555
v400_s5_p10,400,0.1,h2+3,True,0,1.3503396367703988,36.799712542037014,345.0,22.0,True,True,1.3151953804983367,22.549564665998332,639,1,True,True,True,0.03514425627206208,1.6319478041864799
v400_s5_p10,400,0.1,h2+3+4,False,0,1.3562113848199342,57.13026216701837,304.0,104.0,True,True,,14.58571708301315,4148,1,False,True,False,,3.9168634522298214
v400_s5_p10,400,0.1,h2+3+4,True,0,1.3597391499597444,64.77982087497367,268.0,117.0,True,True,,14.000349875015672,4109,1,False,True,False,,4.627014428444857
v400_s5_p30,400,0.3,h2,False,0,,7.166788583039306,532.0,1.0,False,True,,6.5132390419603325,532,1,False,True,False,,1.1003417096883137
v400_s5_p30,400,0.3,h2,True,0,,3.1385549580445513,342.0,1.0,False,True,,2.621975583024323,342,1,False,True,False,,1.1970191402104435
v400_s5_p30,400,0.3,h3,False,0,1.7929590327347453,36.19124208303401,281.0,4.0,True,True,1.9877260018075373,8.67520695796702,532,1,True,True,True,-0.194766969072792,4.171801578727432
v400_s5_p30,400,0.3,h3,True,0,1.8099234423467372,13.569936625019182,176.0,7.0,True,True,1.8728878875606545,3.9972697499906644,342,1,True,True,True,-0.06296444521391731,3.3948013203389324
v400_s5_p30,400,0.3,h4,False,0,,23.92071129201213,317.0,17.0,False,True,,4.851746792031918,2111,1,False,True,False,,4.930329697192236
v400_s5_p30,400,0.3,h4,True,0,1.8636006536724945,12.555207416997291,224.0,19.0,True,True,,3.6774065420031548,1684,1,False,True,False,,3.4141472457810513
v400_s5_p30,400,0.3,h2+3,False,0,1.8231842296789857,37.612886582966894,281.0,4.0,True,True,,8.759370625019073,532,1,False,True,False,,4.294017023955416
v400_s5_p30,400,0.3,h2+3,True,0,1.8303266691059799,14.275757999974303,176.0,7.0,True,True,1.8020489898646161,3.9072570830467157,342,1,True,True,True,0.028277679241363707,3.653652088037848
v400_s5_p30,400,0.3,h2+3+4,False,0,,26.75024412496714,318.0,17.0,False,True,,5.459805083053652,2111,1,False,True,False,,4.899487017951529
v400_s5_p30,400,0.3,h2+3+4,True,0,1.833757064870861,14.342206374974921,225.0,19.0,True,True,,3.959059457993135,1684,1,False,True,False,,3.622629699591592
v400_s5_p50,400,0.5,h2,False,0,,3.282755249994807,433.0,1.0,False,True,,2.9706737909582444,433,1,False,True,False,,1.1050540991698368
v400_s5_p50,400,0.5,h2,True,0,,0.4684618749888614,92.0,1.0,False,True,,0.3213801669771783,92,1,False,True,False,,1.45765645526635
v400_s5_p50,400,0.5,h3,False,0,,3.49375558400061,433.0,1.0,False,True,,3.045847875007894,433,1,False,True,False,,1.1470551804861742
v400_s5_p50,400,0.5,h3,True,0,3.2858438088520088,0.6852477080537938,92.0,1.0,True,True,3.2858438088520088,0.5136132080224343,92,1,True,True,True,0.0,1.334170728771178
v400_s5_p50,400,0.5,h4,False,0,,13.369542250002269,323.0,5.0,False,True,,2.1587144999648444,1115,1,False,True,False,,6.193288760611928
v400_s5_p50,400,0.5,h2+3,False,0,,3.8612991659902036,433.0,1.0,False,True,,3.329210249998141,433,1,False,True,False,,1.1598243655510672
v400_s5_p50,400,0.5,h2+3,True,0,2.9204242553720468,0.7335290829651058,92.0,1.0,True,True,2.9204242553720468,0.5235163340112194,92,1,True,True,True,0.0,1.4011579683574602
v400_s5_p50,400,0.5,h2+3+4,False,0,,15.770682916045189,323.0,5.0,False,True,,2.5752624580054544,1115,1,False,True,False,,6.123912872266857
v400_s6_p0,400,0.0,h2,False,0,1.201926871927996,28.858301875006873,760.0,1.0,True,True,1.201926871927996,27.44938845897559,760,1,True,True,True,0.0,1.0513276795997466
v400_s6_p0,400,0.0,h2,True,0,1.1905014844139965,28.74059533397667,756.0,1.0,True,True,1.1905014844139965,27.1100255830097,756,1,True,True,True,0.0,1.0601463744832789
v400_s6_p0,400,0.0,h3,False,0,1.2742451533179273,56.80565920798108,281.0,102.0,True,True,1.1946984469161455,28.087483583018184,760,1,True,True,True,0.07954670640178185,2.022454558454145
v400_s6_p0,400,0.0,h3,True,0,1.2830372167578064,65.68686791602522,225.0,141.0,True,True,1.1947938503150102,27.867277166980784,756,1,True,True,True,0.08824336644279618,2.3571326155199652
v400_s6_p0,400,0.0,h4,False,0,1.2928659399053637,90.19638137501897,276.0,189.0,True,True,,20.09634825005196,5569,1,False,True,False,,4.488197569664716
v400_s6_p0,400,0.0,h4,True,0,1.3459862311424153,110.9536454170011,175.0,254.0,True,True,,20.143532958987635,5563,1,False,True,False,,5.508152201647221
v400_s6_p0,400,0.0,h2+3,False,0,1.2699012778481733,58.59250975004397,281.0,102.0,True,True,1.1913002574845455,27.745334457955323,760,1,True,True,True,0.07860102036362782,2.111796844216594
v400_s6_p0,400,0.0,h2+3,True,0,1.277648077957495,66.65222695795819,225.0,141.0,True,True,1.186294468931201,27.973324166960083,756,1,True,True,True,0.09135360902629408,2.382706701575447
v400_s6_p0,400,0.0,h2+3+4,False,0,1.2893613557392787,95.70482820802135,276.0,189.0,True,True,,21.26631241600262,5569,1,False,True,False,,4.500301995751964
v400_s6_p0,400,0.0,h2+3+4,True,0,1.3469449306011276,115.38600762496935,175.0,254.0,True,True,,21.148693083028775,5563,1,False,True,False,,5.455940335034856
v400_s6_p10,400,0.1,h2,False,0,1.3308162271520756,16.165289374999702,684.0,1.0,True,True,1.3308162271520756,15.420792833028827,684,1,True,True,True,0.0,1.0482787461080656
v400_s6_p10,400,0.1,h2,True,0,1.3489035689169344,15.867692416999489,645.0,1.0,True,True,1.3489035689169344,15.426349207991734,645,1,True,True,True,0.0,1.028609699097121
v400_s6_p10,400,0.1,h3,False,0,1.3578361377960921,35.96088608301943,300.0,53.0,True,True,1.3086995187503419,18.129562416987028,684,1,True,True,True,0.049136619045750285,1.9835495891133488
v400_s6_p10,400,0.1,h3,True,0,1.3516707594651252,33.41979000001447,263.0,66.0,True,True,1.3158078872973054,21.97873241698835,645,1,True,True,True,0.035862872167819804,1.5205512932212057
v400_s6_p10,400,0.1,h4,False,0,1.378726008177351,75.3326726660016,235.0,126.0,True,True,,13.949523249990307,4136,1,False,True,False,,5.400376150206706
v400_s6_p10,400,0.1,h4,True,0,1.3521098806741108,49.426570584008005,295.0,100.0,True,True,,13.024047457962297,4078,1,False,True,False,,3.795023839059408
v400_s6_p10,400,0.1,h2+3,False,0,1.3338548638050347,38.058069374994375,300.0,53.0,True,True,1.3028716042856126,21.994989041006193,684,1,True,True,True,0.030983259519422157,1.730306357690886
v400_s6_p10,400,0.1,h2+3,True,0,1.3535905217814501,34.90895983396331,263.0,66.0,True,True,1.3177657683509725,23.469238416990265,645,1,True,True,True,0.03582475343047764,1.4874347097983118
v400_s6_p10,400,0.1,h2+3+4,False,0,1.3772839690027752,78.68507970904466,235.0,126.0,True,True,,14.738731833000202,4136,1,False,True,False,,5.338660110014879
v400_s6_p10,400,0.1,h2+3+4,True,0,1.3537927073912506,53.78437499998836,296.0,100.0,True,True,,14.498958709009457,4078,1,False,True,False,,3.7095336347545755
v400_s6_p30,400,0.3,h2,False,0,,6.007549665984698,532.0,1.0,False,True,,5.754060874984134,532,1,False,True,False,,1.0440538945464777
v400_s6_p30,400,0.3,h2,True,0,,2.819635334017221,354.0,1.0,False,True,,2.53571208397625,354,1,False,True,False,,1.1119698296329252
v400_s6_p30,400,0.3,h3,False,0,,8.283874959044624,532.0,1.0,False,True,,7.860415207978804,532,1,False,True,False,,1.0538724405596263
v400_s6_p30,400,0.3,h3,True,0,2.019453979705555,14.492360499978531,254.0,4.0,True,True,1.8265689629819621,4.925254792033229,354,1,True,True,True,0.1928850167235927,2.9424590426104307
v400_s6_p30,400,0.3,h4,False,0,,30.065201750025153,270.0,26.0,False,True,,5.028168542019557,2082,1,False,True,False,,5.97935441081088
v400_s6_p30,400,0.3,h4,True,0,2.0104877859985044,17.723277291981503,187.0,28.0,True,True,,3.804059625021182,1726,1,False,True,False,,4.659042980138046
v400_s6_p30,400,0.3,h2+3,False,0,,8.444964791007806,532.0,1.0,False,True,,7.711481666017789,532,1,False,True,False,,1.0951157192297116
v400_s6_p30,400,0.3,h2+3,True,0,1.9390160948994009,15.247617332963273,254.0,4.0,True,True,1.8413957213558396,4.962416207999922,354,1,True,True,True,0.09762037354356123,3.0726196058247903
v400_s6_p30,400,0.3,h2+3+4,False,0,,31.149697249988094,407.0,17.0,False,True,,5.637694041011855,2082,1,False,True,False,,5.525255010894018
v400_s6_p30,400,0.3,h2+3+4,True,0,1.9069384410090227,19.913081750040874,189.0,28.0,True,True,,4.033903250005096,1726,1,False,True,False,,4.936430180871521
v400_s6_p50,400,0.5,h2,False,0,,2.8188862910028547,434.0,1.0,False,True,,2.4892288749688305,434,1,False,True,False,,1.1324335497426496
v400_s6_p50,400,0.5,h2,True,0,3.1335913005004414,0.6569606669945642,98.0,1.0,True,True,3.1335913005004414,0.4867851250455715,98,1,True,True,True,0.0,1.3495906780903821
v400_s6_p50,400,0.5,h3,False,0,,2.969524708983954,434.0,1.0,False,True,,2.6428952909773216,434,1,False,True,False,,1.123587725598409
v400_s6_p50,400,0.5,h3,True,0,2.9314338615545528,0.749483167019207,98.0,1.0,True,True,2.9314338615545528,0.6063144999789074,98,1,True,True,True,0.0,1.2361293801241438
v400_s6_p50,400,0.5,h2+3,False,0,,3.268058374989778,434.0,1.0,False,True,,2.7114513750420883,434,1,False,True,False,,1.2052800965088484
v400_s6_p50,400,0.5,h2+3,True,0,2.883643687014492,0.8117846670211293,98.0,1.0,True,True,2.883643687014492,0.6063820419949479,98,1,True,True,True,0.0,1.3387346768225907
v400_s7_p0,400,0.0,h2,False,0,1.2058493781134771,28.560333959001582,760.0,1.0,True,True,1.2058493781134771,28.838885292003397,760,1,True,True,True,0.0,0.9903411199780647
v400_s7_p0,400,0.0,h2,True,0,1.1981645880407863,28.45753979095025,756.0,1.0,True,True,1.1981645880407863,28.71588683297159,756,1,True,True,True,0.0,0.9910033409894655
v400_s7_p0,400,0.0,h3,False,0,1.2677945013929977,56.55392350000329,262.0,108.0,True,True,1.1935748716896997,30.278788249997888,760,1,True,True,True,0.07421962970329798,1.8677736715572573
v400_s7_p0,400,0.0,h3,True,0,1.261740954862998,56.762296958011575,321.0,73.0,True,True,1.1962804189046854,30.016101124987472,756,1,True,True,True,0.0654605359583127,1.8910616246144882
v400_s7_p0,400,0.0,h4,False,0,1.3464945751358812,110.46926287497627,184.0,247.0,True,True,,20.902460624987725,5569,1,False,True,False,,5.284988444992759
v400_s7_p0,400,0.0,h4,True,0,1.3460709513208973,121.27189058304066,172.0,258.0,True,True,,21.11705554201035,5563,1,False,True,False,,5.742840915570919
v400_s7_p0,400,0.0,h2+3,False,0,1.2738358738492304,58.27566729200771,262.0,108.0,True,True,1.1892384027890666,30.160100333974697,760,1,True,True,True,0.0845974710601638,1.932210657348558
v400_s7_p0,400,0.0,h2+3,True,0,1.2518903567442852,58.509348374966066,321.0,73.0,True,True,1.1956141910612255,30.078522166993935,756,1,True,True,True,0.05627616568305971,1.9452201823655462
v400_s7_p0,400,0.0,h2+3+4,False,0,1.337246375708259,116.18853183300234,184.0,247.0,True,True,,22.455775500042364,5569,1,False,True,False,,5.17410462323081
v400_s7_p0,400,0.0,h2+3+4,True,0,1.3497394920929524,126.71095050004078,172.0,258.0,True,True,,22.524103708041366,5563,1,False,True,False,,5.625571261013308
v400_s7_p10,400,0.1,h2,False,0,1.3493038572127867,26.703047582996078,684.0,1.0,True,True,1.3493038572127867,26.72518804098945,684,1,True,True,True,0.0,0.9991715508994954
v400_s7_p10,400,0.1,h2,True,0,1.3448841759205277,21.68735112500144,638.0,1.0,True,True,1.3448841759205277,21.56440604198724,638,1,True,True,True,0.0,1.0057012969786796
v400_s7_p10,400,0.1,h3,False,0,1.3374489187791982,34.83107229199959,320.0,39.0,True,True,1.3218596728629661,28.529148874979,684,1,True,True,True,0.01558924591623212,1.2208941964808344
v400_s7_p10,400,0.1,h3,True,0,1.3663630856904345,41.48960258398438,251.0,65.0,True,True,1.3221025827224493,23.492992750019766,638,1,True,True,True,0.04426050296798523,1.766041603360622
v400_s7_p10,400,0.1,h4,False,0,1.3545243639759192,49.71169229201041,357.0,73.0,True,True,,13.508128791989293,4164,1,False,True,False,,3.6801316494325156
v400_s7_p10,400,0.1,h4,True,0,1.3442569120990007,44.672625249950215,314.0,89.0,True,True,,13.063522166979965,4100,1,False,True,False,,3.4196463005105207
v400_s7_p10,400,0.1,h2+3,False,0,1.3437220757458945,35.85473083303077,320.0,39.0,True,True,1.3272837291248343,28.683450457989238,684,1,True,True,True,0.01643834662106025,1.2500145645149923
v400_s7_p10,400,0.1,h2+3,True,0,1.3537896693260725,42.28593141702004,251.0,65.0,True,True,1.3066957619404687,23.926255833997857,638,1,True,True,True,0.04709390738560382,1.7673442811279365
v400_s7_p10,400,0.1,h2+3+4,False,0,1.3607087942727336,53.22922129102517,358.0,73.0,True,True,,14.679979790991638,4164,1,False,True,False,,3.6259737444386166
v400_s7_p10,400,0.1,h2+3+4,True,0,1.350341867033689,48.439901417004876,314.0,89.0,True,True,,13.958926582999993,4100,1,False,True,False,,3.470173808063283
v400_s7_p30,400,0.3,h2,False,0,,7.192091250035446,532.0,1.0,False,True,,6.924044582992792,532,1,False,True,False,,1.0387124409483215
v400_s7_p30,400,0.3,h2,True,0,,3.1638123330194503,343.0,1.0,False,True,,2.7629683340201154,343,1,False,True,False,,1.1450773047464164
v400_s7_p30,400,0.3,h3,False,0,1.8263213537926912,25.40514849999454,374.0,2.0,True,True,,8.35386120795738,532,1,False,True,False,,3.041126476436446
v400_s7_p30,400,0.3,h3,True,0,1.8452660810634611,12.77390099997865,231.0,4.0,True,True,1.891723893950456,4.281587958976161,343,1,True,True,True,-0.0464578128869948,2.983449393629466
v400_s7_p30,400,0.3,h4,False,0,,26.829178749991115,333.0,21.0,False,True,,4.872815749957226,2108,1,False,True,False,,5.50588820236567
v400_s7_p30,400,0.3,h4,True,0,1.7889783461093303,14.781193167029414,180.0,34.0,True,True,,3.704562375030946,1682,1,False,True,False,,3.9899971091473225
v400_s7_p30,400,0.3,h2+3,False,0,1.9333857056652552,27.77326416602591,374.0,2.0,True,True,1.8859323592807893,9.00503366702469,532,1,True,True,True,0.047453346384465966,3.084193262677977
v400_s7_p30,400,0.3,h2+3,True,0,1.7791083690725877,12.84128208301263,231.0,4.0,True,True,1.8430537634630175,4.2331061660079286,343,1,True,True,True,-0.06394539439042979,3.0335365047370697
v400_s7_p30,400,0.3,h2+3+4,False,0,,30.157596625038423,333.0,21.0,False,True,,5.478712416952476,2108,1,False,True,False,,5.504504403575454
v400_s7_p30,400,0.3,h2+3+4,True,0,1.7755362339438219,16.869710250000935,180.0,34.0,True,True,,3.942309458972886,1682,1,False,True,False,,4.27914409702279
v400_s7_p50,400,0.5,h2,False,0,,3.1924943750491366,436.0,1.0,False,True,,2.836062957998365,436,1,False,True,False,,1.1256782456276406
v400_s7_p50,400,0.5,h2,True,0,3.2157608430367155,0.700327833998017,104.0,1.0,True,True,3.2157608430367155,0.5747766669956036,104,1,True,True,True,0.0,1.218434696833951
v400_s7_p50,400,0.5,h3,False,0,,3.1746269580326043,436.0,1.0,False,True,,2.7659842089633457,436,1,False,True,False,,1.147738641364989
v400_s7_p50,400,0.5,h3,True,0,3.02098514685588,0.9336484999512322,104.0,1.0,True,True,3.02098514685588,0.7452046669786796,104,1,True,True,True,0.0,1.2528752721538499
v400_s7_p50,400,0.5,h4,False,0,,12.6433936660178,420.0,3.0,False,True,,2.2842470000032336,1150,1,False,True,False,,5.535037877252286
v400_s7_p50,400,0.5,h2+3,False,0,,3.5884920420357957,436.0,1.0,False,True,,2.906885250005871,436,1,False,True,False,,1.2344801164850068
v400_s7_p50,400,0.5,h2+3,True,0,2.6326913295449033,0.9252030000207014,104.0,1.0,True,True,2.6326913295449033,0.7497122089844197,104,1,True,True,True,0.0,1.2340775419330656
v400_s7_p50,400,0.5,h2+3+4,False,0,,14.865682083007414,420.0,3.0,False,True,,2.5740459589869715,1150,1,False,True,False,,5.775220147529097
v400_s8_p0,400,0.0,h2,False,0,1.203875862580275,28.7840612080181,760.0,1.0,True,True,1.203875862580275,29.826101291982923,760,1,True,True,True,0.0,0.965062812810707
v400_s8_p0,400,0.0,h2,True,0,1.1991697655063542,28.80856724997284,756.0,1.0,True,True,1.1991697655063542,28.688850249978714,756,1,True,True,True,0.0,1.0041729452017414
v400_s8_p0,400,0.0,h3,False,0,1.2991094381582817,64.07414174999576,226.0,148.0,True,True,1.1924830627224792,30.006609666044824,760,1,True,True,True,0.10662637543580256,2.1353342634540087
v400_s8_p0,400,0.0,h3,True,0,1.2661867113248253,57.06650700001046,344.0,66.0,True,True,1.1930693290851813,29.649695625004824,756,1,True,True,True,0.07311738223964404,1.924691157769724
v400_s8_p0,400,0.0,h4,False,0,1.3279037583556104,109.07399733300554,236.0,223.0,True,True,,20.42988895799499,5569,1,False,True,False,,5.3389422506048785
v400_s8_p0,400,0.0,h4,True,0,1.347758121808748,120.8551125000231,172.0,258.0,True,True,,20.480696625018027,5563,1,False,True,False,,5.900927820609067
v400_s8_p0,400,0.0,h2+3,False,0,1.3010843530779859,66.35140108299674,226.0,148.0,True,True,1.1860262574795106,30.457761500030756,760,1,True,True,True,0.11505809559847524,2.1784726721604195
v400_s8_p0,400,0.0,h2+3,True,0,1.281295474987285,59.429351292026695,344.0,66.0,True,True,1.192462828919208,30.18563829100458,756,1,True,True,True,0.08883264606807684,1.9687955814980014
v400_s8_p0,400,0.0,h2+3+4,False,0,1.3261612433331766,114.44412687502336,236.0,223.0,True,True,,22.063167834014166,5569,1,False,True,False,,5.187112192410922
v400_s8_p0,400,0.0,h2+3+4,True,0,1.3501055242335989,127.75237624999136,172.0,258.0,True,True,,22.035868083010428,5563,1,False,True,False,,5.797474180220201
v400_s8_p10,400,0.1,h2,False,0,1.3296668319362708,19.183847458974924,684.0,1.0,True,True,1.3296668319362708,19.389595833956264,684,1,True,True,True,0.0,0.9893887228623394
v400_s8_p10,400,0.1,h2,True,0,1.3647446305759112,20.48982774995966,646.0,1.0,True,True,1.3647446305759112,20.46695620799437,646,1,True,True,True,0.0,1.0011174862413763
v400_s8_p10,400,0.1,h3,False,0,1.3476131615128486,33.8175625000149,317.0,43.0,True,True,1.3341956104488775,23.144743708020542,684,1,True,True,True,0.013417551063971134,1.4611335915677397
v400_s8_p10,400,0.1,h3,True,0,1.3405553927082476,31.864748708961997,298.0,48.0,True,True,1.3241823409277762,23.82926933298586,646,1,True,True,True,0.016373051780471437,1.3372104810974192
v400_s8_p10,400,0.1,h4,False,0,1.3485138563011605,52.74422108399449,279.0,107.0,True,True,,13.155655000009574,4122,1,False,True,False,,4.009243255767661
v400_s8_p10,400,0.1,h4,True,0,1.3659686180872102,59.316492082958575,264.0,109.0,True,True,,12.716742207994685,4081,1,False,True,False,,4.66444086958591
v400_s8_p10,400,0.1,h2+3,False,0,1.3465742199515127,35.2128758750041,317.0,43.0,True,True,1.3220847600402001,24.55712620803388,684,1,True,True,True,0.024489459911312572,1.4339168018562445
v400_s8_p10,400,0.1,h2+3,True,0,1.3419109853620335,33.26345675002085,298.0,48.0,True,True,1.3179261424663753,24.657295541022904,646,1,True,True,True,0.023984842895658165,1.3490310279438262
v400_s8_p10,400,0.1,h2+3+4,False,0,1.341883558607359,56.81323262496153,279.0,107.0,True,True,,13.850591666996479,4122,1,False,True,False,,4.101863226560744
v400_s8_p10,400,0.1,h2+3+4,True,0,1.3611411243339022,62.834778249962255,264.0,109.0,True,True,,13.732642791990656,4081,1,False,True,False,,4.57557800066056
v400_s8_p30,400,0.3,h2,False,0,,8.228840958036017,532.0,1.0,False,True,,7.678512374986894,532,1,False,True,False,,1.0716712503898338
v400_s8_p30,400,0.3,h2,True,0,2.194400292837102,3.2770398749853484,338.0,1.0,True,True,2.194400292837102,3.0982709579984657,338,1,True,True,True,0.0,1.0576995748307212
v400_s8_p30,400,0.3,h3,False,0,1.8572128389381815,10.579053749970626,532.0,1.0,True,True,1.8572128389381815,10.0564400840085,532,1,True,True,True,0.0,1.0519680584378137
v400_s8_p30,400,0.3,h3,True,0,1.9100425366247398,13.082214416994248,230.0,5.0,True,True,1.7994833575159068,5.217304458958097,338,1,True,True,True,0.11055917910883295,2.5074661676169048
v400_s8_p30,400,0.3,h2+3,False,0,1.9534556509357082,11.24403170903679,532.0,1.0,True,True,1.9534556509357082,10.510708207963035,532,1,True,True,True,0.0,1.0697691807787206
v400_s8_p30,400,0.3,h2+3,True,0,1.8727918188216934,13.832834583008662,230.0,5.0,True,True,1.8306558610861088,4.6590417079860345,338,1,True,True,True,0.04213595773558465,2.9690299958675808
v400_s8_p50,400,0.5,h2,False,0,,3.178751666971948,438.0,1.0,False,True,,2.851632750011049,438,1,False,True,False,,1.1147128489668354
v400_s8_p50,400,0.5,h2,True,0,,0.4602181669906713,108.0,1.0,False,True,,0.31542704097228125,108,1,False,True,False,,1.4590320651396336
v400_s8_p50,400,0.5,h3,False,0,,3.473758166015614,438.0,1.0,False,True,,3.014459124999121,438,1,False,True,False,,1.1523653239174796
v400_s8_p50,400,0.5,h3,True,0,2.9121734414112774,0.7937875000061467,108.0,1.0,True,True,2.9121734414112774,0.6002824589959346,108,1,True,True,True,0.0,1.3223566474587303
v400_s8_p50,400,0.5,h4,False,0,,13.00161733396817,508.0,3.0,False,True,,2.2754107920336537,1165,1,False,True,False,,5.713964871524558
v400_s8_p50,400,0.5,h4,True,0,2.952255182419483,1.6968154579517432,80.0,5.0,True,True,,0.7153712919680402,403,1,False,True,False,,2.3719367508915217
v400_s8_p50,400,0.5,h2+3,False,0,,3.4846159999724478,438.0,1.0,False,True,,2.8410347499884665,438,1,False,True,False,,1.2265305800946624
v400_s8_p50,400,0.5,h2+3,True,0,,0.6351789589971304,108.0,1.0,False,True,,0.431532375048846,108,1,False,True,False,,1.471914961015922
v400_s8_p50,400,0.5,h2+3+4,False,0,,15.347022583009675,508.0,3.0,False,True,,2.726377874962054,1165,1,False,True,False,,5.629088588177923
v400_s8_p50,400,0.5,h2+3+4,True,0,2.980365549763387,2.04583595902659,80.0,5.0,True,True,,0.8144605840207078,403,1,False,True,False,,2.5118906908017715
v400_s9_p0,400,0.0,h2,False,0,1.1979138729555994,28.375264208007138,760.0,1.0,True,True,1.1979138729555994,28.73112274997402,760,1,True,True,True,0.0,0.9876141790537161
v400_s9_p0,400,0.0,h2,True,0,1.1970304099277485,28.564776792016346,756.0,1.0,True,True,1.1970304099277485,28.62770349998027,756,1,True,True,True,0.0,0.9978018946589982
v400_s9_p0,400,0.0,h3,False,0,1.2762708906969396,60.56322325003566,233.0,140.0,True,True,1.1971888023139516,29.966406291991007,760,1,True,True,True,0.07908208838298791,2.021037246171962
v400_s9_p0,400,0.0,h3,True,0,1.2454961501207742,56.94450262497412,351.0,65.0,True,True,1.1891746523897802,29.563275667023845,756,1,True,True,True,0.05632149773099404,1.9261905638045542
v400_s9_p0,400,0.0,h4,False,0,1.3459522411372942,111.26644770801067,181.0,248.0,True,True,,20.49886879202677,5569,1,False,True,False,,5.42793111351046
v400_s9_p0,400,0.0,h4,True,0,1.3479458946306382,109.3143440830172,181.0,252.0,True,True,,20.539392332953867,5563,1,False,True,False,,5.322180048512477
v400_s9_p0,400,0.0,h2+3,False,0,1.2794589382148696,62.637966124981176,233.0,140.0,True,True,1.197497642580427,30.200184832967352,760,1,True,True,True,0.08196129563444265,2.0740921445157463
v400_s9_p0,400,0.0,h2+3,True,0,1.2420385713199482,58.380970625032205,351.0,65.0,True,True,1.1915766081444188,29.88038054201752,756,1,True,True,True,0.05046196317552942,1.9538228618921842
v400_s9_p0,400,0.0,h2+3+4,False,0,1.3468825468559307,118.50765479099937,181.0,248.0,True,True,,21.942833000037353,5569,1,False,True,False,,5.400745418369525
v400_s9_p0,400,0.0,h2+3+4,True,0,1.3419903245513438,112.9709984579822,181.0,252.0,True,True,,22.13805112504633,5563,1,False,True,False,,5.103023650088611
v400_s9_p10,400,0.1,h2,False,0,1.32823783046711,23.437963042000774,684.0,1.0,True,True,1.32823783046711,23.450969459023327,684,1,True,True,True,0.0,0.9994453782797645
v400_s9_p10,400,0.1,h2,True,0,1.3486051434231996,21.252104708983097,650.0,1.0,True,True,1.3486051434231996,21.29469941701973,650,1,True,True,True,0.0,0.9979997506796181
v400_s9_p10,400,0.1,h3,False,0,1.364883474478943,43.807417917007115,270.0,53.0,True,True,1.3046144137940525,27.987922374974005,684,1,True,True,True,0.060269060684890574,1.5652257902565303
v400_s9_p10,400,0.1,h3,True,0,1.3452051363204438,37.31086462503299,259.0,52.0,True,True,1.316306862147559,24.6635479159886,650,1,True,True,True,0.028898274172884708,1.5127938912975911
v400_s9_p10,400,0.1,h4,False,0,1.3374959689644033,73.82781020901166,218.0,128.0,True,True,,12.804643541981932,4127,1,False,True,False,,5.765706008680069
v400_s9_p10,400,0.1,h4,True,0,1.3445784475726885,56.13407216698397,300.0,92.0,True,True,,12.7480287909857,4077,1,False,True,False,,4.403353105593636
v400_s9_p10,400,0.1,h2+3,False,0,1.352112456836357,45.213019707996864,270.0,53.0,True,True,1.3253797356281514,28.132836082950234,684,1,True,True,True,0.02673272120820558,1.6071262625170588
v400_s9_p10,400,0.1,h2+3,True,0,1.328478331643448,38.592770875024144,259.0,52.0,True,True,1.319386002230545,24.666335457994137,650,1,True,True,True,0.009092329412903055,1.5645928006106222
v400_s9_p10,400,0.1,h2+3+4,False,0,1.3484408417154865,78.38957970804768,218.0,128.0,True,True,,13.833540040999651,4127,1,False,True,False,,5.666631930490514
v400_s9_p10,400,0.1,h2+3+4,True,0,1.3478395397275558,60.07131966599263,301.0,92.0,True,True,,13.73422904202016,4077,1,False,True,False,,4.3738399499675715
v400_s9_p30,400,0.3,h2,False,0,,7.645837542018853,532.0,1.0,False,True,,7.356330584036186,532,1,False,True,False,,1.0393548053170585
v400_s9_p30,400,0.3,h2,True,0,2.1546767041901305,3.11863608303247,331.0,1.0,True,True,2.1546767041901305,2.9775567919714376,331,1,True,True,True,0.0,1.0473808900778763
v400_s9_p30,400,0.3,h3,False,0,1.8629853298055774,29.66737658402417,371.0,4.0,True,True,1.8092464492005826,9.436486624996178,532,1,True,True,True,0.053738880604994765,3.143900665893879
v400_s9_p30,400,0.3,h3,True,0,1.812990563241905,4.225806000002194,331.0,1.0,True,True,1.812990563241905,3.809825833013747,331,1,True,True,True,0.0,1.109186137430169
v400_s9_p30,400,0.3,h4,False,0,,22.45773249998456,303.0,25.0,False,True,,4.856842625013087,2092,1,False,True,False,,4.62393662589058
v400_s9_p30,400,0.3,h4,True,0,1.9376112968529537,11.7885229170206,214.0,26.0,True,True,,3.6993853750173002,1707,1,False,True,False,,3.1866166192446146
v400_s9_p30,400,0.3,h2+3,False,0,1.8187886130523045,30.231669583008625,371.0,4.0,True,True,1.8632495165482046,9.385771541972645,532,1,True,True,True,-0.04446090349590004,3.2210105954331287
v400_s9_p30,400,0.3,h2+3,True,0,2.0290331203010146,4.604763625015039,331.0,1.0,True,True,2.0290331203010146,4.1020432080258615,331,1,True,True,True,0.0,1.122553662039829
v400_s9_p30,400,0.3,h2+3+4,False,0,1.9811918286593455,25.815924208029173,264.0,30.0,True,True,,5.598148791992571,2092,1,False,True,False,,4.611510906061575
v400_s9_p30,400,0.3,h2+3+4,True,0,1.88990878992313,13.465601541975047,214.0,26.0,True,True,,4.063266874989495,1707,1,False,True,False,,3.3139840321243637
v400_s9_p50,400,0.5,h2,False,0,,3.4045766250346787,438.0,1.0,False,True,,3.0944509169785306,438,1,False,True,False,,1.100219947375659
v400_s9_p50,400,0.5,h2,True,0,2.9638413849765324,0.7041186660062522,103.0,1.0,True,True,2.9638413849765324,0.5056456670281477,103,1,True,True,True,0.0,1.3925139913580156
v400_s9_p50,400,0.5,h3,False,0,,3.654934875026811,438.0,1.0,False,True,,3.1836175830103457,438,1,False,True,False,,1.1480445687106677
v400_s9_p50,400,0.5,h3,True,0,2.5711630541442703,0.8286141250282526,103.0,1.0,True,True,2.5711630541442703,0.6317095839767717,103,1,True,True,True,0.0,1.3117010506820508
v400_s9_p50,400,0.5,h4,False,0,,12.611653917003423,400.0,8.0,False,True,,2.4172854999778792,1155,1,False,True,False,,5.217279430633591
v400_s9_p50,400,0.5,h4,True,0,2.478603027967635,1.9100349589716643,82.0,8.0,True,True,,0.7498920840444043,403,1,False,True,False,,2.5470797726924173
v400_s9_p50,400,0.5,h2+3,False,0,,3.9858342919615097,438.0,1.0,False,True,,3.330003958020825,438,1,False,True,False,,1.1969458121396575
v400_s9_p50,400,0.5,h2+3,True,0,2.850836997667322,0.82032200001413,103.0,1.0,True,True,2.850836997667322,0.600749499979429,103,1,True,True,True,0.0,1.3654975993192167
v400_s9_p50,400,0.5,h2+3+4,False,0,,14.955550332961138,400.0,8.0,False,True,,2.6778981660027057,1155,1,False,True,False,,5.584809207022709
v400_s9_p50,400,0.5,h2+3+4,True,0,2.4957154442370797,2.270775417040568,82.0,8.0,True,True,,0.796070458018221,403,1,False,True,False,,2.852480448393417
v500_s0_p0,500,0.0,h2,False,0,1.1824583737492325,34.37872687494382,967.0,1.0,True,True,1.1824583737492325,38.38107487501111,967,1,True,True,True,0.0,0.8957207943471873
v500_s0_p0,500,0.0,h2,True,0,1.1898702773873597,34.23233395797433,963.0,1.0,True,True,1.1898702773873597,38.68208466703072,963,1,True,True,True,0.0,0.8849661090564498
v500_s0_p0,500,0.0,h3,False,0,1.2699480298895223,76.3476410000003,339.0,155.0,True,True,1.1811123847647045,39.76047841698164,967,1,True,True,True,0.08883564512481779,1.9201891938853615
v500_s0_p0,500,0.0,h3,True,0,1.2508167634497216,71.0325213749893,388.0,111.0,True,True,1.1825758996136648,39.292247125005815,963,1,True,True,True,0.06824086383605676,1.8077999242192435
v500_s0_p0,500,0.0,h4,False,0,1.3328349879825865,153.58028300001752,251.0,304.0,True,True,,29.00587875000201,7222,1,False,True,False,,5.2947984897719005
v500_s0_p0,500,0.0,h4,True,0,1.307074753064718,151.05955962499138,289.0,289.0,True,True,,28.90498120902339,7210,1,False,True,False,,5.226073614530995
v500_s0_p0,500,0.0,h2+3,False,0,1.2760033547306662,76.49558066600002,339.0,155.0,True,True,1.180173958459735,40.41323187499074,967,1,True,True,True,0.09582939627093112,1.8928350225149506
v500_s0_p0,500,0.0,h2+3,True,0,1.2515238276461442,74.07243754196679,388.0,111.0,True,True,1.1826349857205707,40.20266975002596,963,1,True,True,True,0.06888884192557354,1.8424755868836038
v500_s0_p0,500,0.0,h2+3+4,False,0,1.3354481707909172,154.91450945899123,251.0,304.0,True,True,,29.312949874962214,7222,1,False,True,False,,5.284848850756988
v500_s0_p0,500,0.0,h2+3+4,True,0,1.3135035529979204,155.30511208297685,289.0,289.0,True,True,,30.63900820800336,7210,1,False,True,False,,5.0688687776260615
v500_s0_p10,500,0.1,h2,False,0,1.292113852504244,28.618790166976396,870.0,1.0,True,True,1.292113852504244,32.36962729098741,870,1,True,True,True,0.0,0.8841247972893606
v500_s0_p10,500,0.1,h2,True,0,1.3066682988686842,24.65304904099321,813.0,1.0,True,True,1.3066682988686842,27.17924937501084,813,1,True,True,True,0.0,0.9070540801490908
v500_s0_p10,500,0.1,h3,False,0,1.3142275143690245,42.038264792005066,420.0,51.0,True,True,1.2815738217966741,38.12354649999179,870,1,True,True,True,0.0326536925723504,1.1026850503536998
v500_s0_p10,500,0.1,h3,True,0,1.3318244220874007,42.38452420802787,343.0,80.0,True,True,1.2836728259083978,31.6943913330324,813,1,True,True,True,0.04815159617900289,1.3372878425923278
v500_s0_p10,500,0.1,h4,False,0,1.3532223208921306,89.53940004098695,311.0,158.0,True,True,,17.759207291994244,5366,1,False,True,False,,5.04185792579553
v500_s0_p10,500,0.1,h4,True,0,1.350871816035294,89.43962879199535,308.0,149.0,True,True,,17.249725250003394,5272,1,False,True,False,,5.184988601020051
v500_s0_p10,500,0.1,h2+3,False,0,1.3156183028313064,43.132824458007235,420.0,51.0,True,True,1.2683367929480311,36.87040416704258,870,1,True,True,True,0.047281509883275286,1.1698495156872313
v500_s0_p10,500,0.1,h2+3,True,0,1.326462512915262,44.72165966697503,343.0,80.0,True,True,1.2793490671011265,31.19253566599218,813,1,True,True,True,0.04711344581413557,1.433729535355891
v500_s0_p10,500,0.1,h2+3+4,False,0,1.3541942475413309,93.05948016699404,311.0,158.0,True,True,,19.95655624999199,5366,1,False,True,False,,4.663103142709374
v500_s0_p10,500,0.1,h2+3+4,True,0,1.3468676410173754,93.21097079099854,311.0,149.0,True,True,,19.043606958992314,5272,1,False,True,False,,4.894606940361406
v500_s0_p30,500,0.3,h2,False,0,2.2065074293287714,10.973018874996342,677.0,1.0,True,True,2.2065074293287714,11.945735957997385,677,1,True,True,True,0.0,0.9185720254975306
v500_s0_p30,500,0.3,h2,True,0,1.9156318754169366,4.444744665990584,431.0,1.0,True,True,1.9156318754169366,4.734883832978085,431,1,True,True,True,0.0,0.9387230653967252
v500_s0_p30,500,0.3,h3,False,0,1.7280476356172845,30.381574207975063,334.0,15.0,True,True,1.841186537900581,13.439037292031571,677,1,True,True,True,-0.11313890228329648,2.2606957290005627
v500_s0_p30,500,0.3,h3,True,0,1.780446632350635,16.11376208398724,360.0,4.0,True,True,1.712750957500858,7.134913749992847,431,1,True,True,True,0.06769567484977701,2.2584382444711952
v500_s0_p30,500,0.3,h4,False,0,1.6520170093583224,28.141601374954917,251.0,40.0,True,True,,5.863431916979607,2718,1,False,True,False,,4.799510214054182
v500_s0_p30,500,0.3,h4,True,0,1.6644737908754812,14.2122862500255,228.0,33.0,True,True,,4.499969375028741,2282,1,False,True,False,,3.158307327354806
v500_s0_p30,500,0.3,h2+3,False,0,1.6885930941247072,31.498091458983254,334.0,15.0,True,True,1.699900402720864,13.851122083025984,677,1,True,True,True,-0.011307308596156807,2.2740461942489807
v500_s0_p30,500,0.3,h2+3,True,0,1.8085608642932702,16.850497958017513,360.0,4.0,True,True,1.8147114956879944,7.141401542001404,431,1,True,True,True,-0.00615063139472416,2.359550553055038
v500_s0_p30,500,0.3,h2+3+4,False,0,1.6954856759262995,30.41632241703337,250.0,40.0,True,True,,6.553905667038634,2718,1,False,True,False,,4.640946019410271
v500_s0_p30,500,0.3,h2+3+4,True,0,1.6596055112733734,15.904057666019071,230.0,33.0,True,True,,4.962946582993027,2282,1,False,True,False,,3.2045595091671806
v500_s0_p50,500,0.5,h2,False,0,,3.5444347910233773,547.0,1.0,False,True,,3.7022926670033485,547,1,False,True,False,,0.9573621293133096
v500_s0_p50,500,0.5,h2,True,0,2.9896105189893936,0.6799358749995008,119.0,1.0,True,True,2.9896105189893936,0.5770003750221804,119,1,True,True,True,0.0,1.1783976309779063
v500_s0_p50,500,0.5,h3,False,0,,3.5094337500049733,547.0,1.0,False,True,,3.4563012499711476,547,1,False,True,False,,1.0153726472871163
v500_s0_p50,500,0.5,h3,True,0,2.8097650334278734,0.7947785420110449,119.0,1.0,True,True,2.8097650334278734,0.6945335000054911,119,1,True,True,True,0.0,1.1443343510496777
v500_s0_p50,500,0.5,h4,False,0,,13.880232041992713,775.0,2.0,False,True,,2.526616000046488,1418,1,False,True,False,,5.493605693044501
v500_s0_p50,500,0.5,h2+3,False,0,,3.926697500050068,547.0,1.0,False,True,,3.949721166980453,547,1,False,True,False,,0.9941708120758341
v500_s0_p50,500,0.5,h2+3,True,0,2.640484142686172,0.8356051670270972,119.0,1.0,True,True,2.640484142686172,0.7235398330376484,119,1,True,True,True,0.0,1.154884816111593
v500_s0_p50,500,0.5,h2+3+4,False,0,,16.269289916963317,775.0,2.0,False,True,,2.957183125021402,1418,1,False,True,False,,5.501617326064503
v500_s1_p0,500,0.0,h2,False,0,1.1849474874330113,34.17165895900689,967.0,1.0,True,True,1.1849474874330113,39.14373337500729,967,1,True,True,True,0.0,0.8729790444777811
v500_s1_p0,500,0.0,h2,True,0,1.1788796745613128,34.44167950004339,963.0,1.0,True,True,1.1788796745613128,37.99895033298526,963,1,True,True,True,0.0,0.9063850237501442
v500_s1_p0,500,0.0,h3,False,0,1.2658476763101152,69.2490907079773,342.0,140.0,True,True,1.1796887778997813,39.94546287500998,967,1,True,True,True,0.08615889841033386,1.7335908942815073
v500_s1_p0,500,0.0,h3,True,0,1.2560265683892529,85.01206312497379,300.0,168.0,True,True,1.1844241116889094,41.19098000001395,963,1,True,True,True,0.07160245670034349,2.0638514336135
v500_s1_p0,500,0.0,h4,False,0,1.3408295456270725,161.55281366599957,222.0,334.0,True,True,,29.173039500019513,7222,1,False,True,False,,5.537743630240912
v500_s1_p0,500,0.0,h4,True,0,1.3037560730842892,118.59098479204113,322.0,266.0,True,True,,29.451199167000595,7210,1,False,True,False,,4.026694604847182
v500_s1_p0,500,0.0,h2+3,False,0,1.2723285772255746,70.93934520799667,342.0,140.0,True,True,1.1796736705629711,39.695346499967854,967,1,True,True,True,0.09265490666260345,1.7870947469385137
v500_s1_p0,500,0.0,h2+3,True,0,1.2721939232784096,87.64129529101774,300.0,168.0,True,True,1.1732746562395528,40.13712645805208,963,1,True,True,True,0.09891926703885678,2.1835468312016055
v500_s1_p0,500,0.0,h2+3+4,False,0,1.3451955086796004,166.6522366660065,222.0,334.0,True,True,,29.20141658303328,7222,1,False,True,False,,5.70699151502244
v500_s1_p0,500,0.0,h2+3+4,True,0,1.2999145323140662,122.8861702909926,322.0,266.0,True,True,,30.936933082994074,7210,1,False,True,False,,3.9721510196672565
v500_s1_p10,500,0.1,h2,False,0,1.3157895743117556,27.655987458012532,870.0,1.0,True,True,1.3157895743117556,30.914956749998964,870,1,True,True,True,0.0,0.8945827639889374
v500_s1_p10,500,0.1,h2,True,0,1.3250900204023086,22.95020562503487,820.0,1.0,True,True,1.3250900204023086,25.219549375004135,820,1,True,True,True,0.0,0.9100164829979681
v500_s1_p10,500,0.1,h3,False,0,1.3368644744378932,46.33393037499627,361.0,68.0,True,True,1.2982704055917764,37.363068583013956,870,1,True,True,True,0.038594068846116825,1.2400997062661139
v500_s1_p10,500,0.1,h3,True,0,1.3478758352946856,40.553966042003594,332.0,77.0,True,True,1.3050263293506992,32.32766950002406,820,1,True,True,True,0.0428495059439864,1.2544661173912772
v500_s1_p10,500,0.1,h4,False,0,1.3459955749671662,93.24778329202672,301.0,168.0,True,True,,17.778848582995124,5332,1,False,True,False,,5.244871896890731
v500_s1_p10,500,0.1,h4,True,0,1.352946848313748,96.88563541602343,274.0,170.0,True,True,,17.389790791959967,5266,1,False,True,False,,5.571408913143322
v500_s1_p10,500,0.1,h2+3,False,0,1.3279005332783194,47.45131312502781,361.0,68.0,True,True,1.2980569877007797,37.85796858300455,870,1,True,True,True,0.029843545577539654,1.2534035739659304
v500_s1_p10,500,0.1,h2+3,True,0,1.330588367678889,42.17799333395669,332.0,77.0,True,True,1.313146995702352,32.002841166977305,820,1,True,True,True,0.017441371976536946,1.3179452759800214
v500_s1_p10,500,0.1,h2+3+4,False,0,1.3372625221944974,94.21280608401867,285.0,171.0,True,True,,19.304313500004355,5332,1,False,True,False,,4.8804017860566455
v500_s1_p10,500,0.1,h2+3+4,True,0,1.3537813402135368,96.36980724998284,276.0,170.0,True,True,,18.145041332987603,5266,1,False,True,False,,5.311082266579518
v500_s1_p30,500,0.3,h2,False,0,,9.085927208012436,677.0,1.0,False,True,,9.92493491701316,677,1,False,True,False,,0.9154646638979453
v500_s1_p30,500,0.3,h2,True,0,,3.5889234589994885,438.0,1.0,False,True,,3.672460084024351,438,1,False,True,False,,0.9772532245106605
v500_s1_p30,500,0.3,h3,False,0,1.7488311126312666,32.97457166603999,487.0,6.0,True,True,1.969772686903713,11.72316866699839,677,1,True,True,True,-0.22094157427244654,2.8127695337921663
v500_s1_p30,500,0.3,h3,True,0,1.7899622431363782,16.724531250016298,308.0,4.0,True,True,1.7861280694025103,6.484726916998625,438,1,True,True,True,0.0038341737338678517,2.5790648494658646
v500_s1_p30,500,0.3,h4,False,0,,28.86359658295987,341.0,35.0,False,True,,5.877767042024061,2699,1,False,True,False,,4.910639767890569
v500_s1_p30,500,0.3,h4,True,0,1.8906612456153786,13.417694000003394,342.0,25.0,True,True,,4.3342394169885665,2180,1,False,True,False,,3.0957436147645994
v500_s1_p30,500,0.3,h2+3,False,0,1.8608445056567777,33.98398325004382,487.0,6.0,True,True,,11.447304874949623,677,1,False,True,False,,2.9687322580541804
v500_s1_p30,500,0.3,h2+3,True,0,1.876897495824179,17.58873954101,308.0,4.0,True,True,1.8605863903440392,5.842093874991406,438,1,True,True,True,0.01631110548013992,3.0106910154770277
v500_s1_p30,500,0.3,h2+3+4,False,0,,29.610597208957188,339.0,35.0,False,True,,6.484379999979865,2699,1,False,True,False,,4.5664500243738235
v500_s1_p30,500,0.3,h2+3+4,True,0,1.7143665047477181,17.244281625025906,264.0,37.0,True,True,,4.797179665998556,2180,1,False,True,False,,3.594670791100426
v500_s1_p50,500,0.5,h2,False,0,,3.9384000829886645,553.0,1.0,False,True,,4.1004583750036545,553,1,False,True,False,,0.9604780058242036
v500_s1_p50,500,0.5,h2,True,0,2.5336624366789717,0.7781877500237897,132.0,1.0,True,True,2.5336624366789717,0.7999282919918187,132,1,True,True,True,0.0,0.972821886429476
v500_s1_p50,500,0.5,h3,False,0,,4.405625457991846,553.0,1.0,False,True,,4.479032500006724,553,1,False,True,False,,0.9836109601761612
v500_s1_p50,500,0.5,h3,True,0,2.537527404358358,1.0785880830371752,132.0,1.0,True,True,2.537527404358358,1.0747886669705622,132,1,True,True,True,0.0,1.0035350354756924
v500_s1_p50,500,0.5,h4,False,0,,14.04160574998241,551.0,7.0,False,True,,2.556592167005874,1436,1,False,True,False,,5.492313530173679
v500_s1_p50,500,0.5,h4,True,0,2.7513913526302614,2.253856875002384,82.0,9.0,True,True,,0.8426022080238909,514,1,False,True,False,,2.6748765354985626
v500_s1_p50,500,0.5,h2+3,False,0,,4.501618208014406,553.0,1.0,False,True,,4.357423666981049,553,1,False,True,False,,1.033091696390693
v500_s1_p50,500,0.5,h2+3,True,0,2.4980128419718715,1.0517107080086134,132.0,1.0,True,True,2.4980128419718715,0.9056462909793481,132,1,True,True,True,0.0,1.1612819690028369
v500_s1_p50,500,0.5,h2+3+4,False,0,,16.18278954201378,551.0,7.0,False,True,,2.6389737499994226,1436,1,False,True,False,,6.132228311106664
v500_s1_p50,500,0.5,h2+3+4,True,0,2.6036526206297106,2.6322356250020675,82.0,9.0,True,True,,0.8532561659812927,514,1,False,True,False,,3.0849300947914604
v500_s2_p0,500,0.0,h2,False,0,1.1871518517983075,46.19497579202289,967.0,1.0,True,True,1.1871518517983075,45.57163308298914,967,1,True,True,True,0.0,1.013678305271584
v500_s2_p0,500,0.0,h2,True,0,1.1846569658261532,46.089402582962066,963.0,1.0,True,True,1.1846569658261532,45.69524625001941,963,1,True,True,True,0.0,1.0086257623120367
v500_s2_p0,500,0.0,h3,False,0,1.2680652703549684,96.99594570900081,397.0,109.0,True,True,1.1792712859321781,47.67459133302327,967,1,True,True,True,0.0887939844227903,2.0345417338022065
v500_s2_p0,500,0.0,h3,True,0,1.3135879108467587,177.43777483300073,182.0,284.0,True,True,1.1753325118794917,47.054891959007364,963,1,True,True,True,0.13825539896726702,3.7708677556326884
v500_s2_p0,500,0.0,h4,False,0,1.3145533298003405,164.16026274999604,326.0,272.0,True,True,,30.637265332974494,7222,1,False,True,False,,5.3581891518663864
v500_s2_p0,500,0.0,h4,True,0,1.3259329323237428,215.21342416701373,275.0,295.0,True,True,,30.34003354102606,7210,1,False,True,False,,7.093381221085344
v500_s2_p0,500,0.0,h2+3,False,0,1.2619831878517274,99.09808812499978,397.0,109.0,True,True,1.1823911244829783,48.379097041965,967,1,True,True,True,0.07959206336874902,2.048365806394446
v500_s2_p0,500,0.0,h2+3,True,0,1.3186561706266882,173.84877541702008,182.0,284.0,True,True,1.1775899585431677,47.57045958400704,963,1,True,True,True,0.14106621208352044,3.6545532024976946
v500_s2_p0,500,0.0,h2+3+4,False,0,1.3183617750595964,171.42214233300183,326.0,272.0,True,True,,32.73771470802603,7222,1,False,True,False,,5.236228119825838
v500_s2_p0,500,0.0,h2+3+4,True,0,1.317739829902823,220.80998883402208,275.0,295.0,True,True,,32.93360066699097,7210,1,False,True,False,,6.704702321095969
v500_s2_p10,500,0.1,h2,False,0,1.3293886213741217,35.860352624964435,870.0,1.0,True,True,1.3293886213741217,35.74973720801063,870,1,True,True,True,0.0,1.0030941602817998
v500_s2_p10,500,0.1,h2,True,0,1.340123873593958,30.347527500009164,831.0,1.0,True,True,1.340123873593958,29.849683416017797,831,1,True,True,True,0.0,1.0166783706564946
v500_s2_p10,500,0.1,h3,False,0,1.3378501124132613,81.96754579199478,305.0,83.0,True,True,1.2951444109464925,44.10518787504407,870,1,True,True,True,0.042705701466768886,1.8584558810682288
v500_s2_p10,500,0.1,h3,True,0,1.335392729149812,68.62413675000425,397.0,44.0,True,True,1.2966375966405126,39.81134658301016,831,1,True,True,True,0.038755132509299406,1.723733122337796
v500_s2_p10,500,0.1,h4,False,0,1.3350704950905878,107.65997116704239,424.0,116.0,True,True,,19.21186125004897,5264,1,False,True,False,,5.603828268683128
v500_s2_p10,500,0.1,h4,True,0,1.3451760301603242,123.735617792001,322.0,141.0,True,True,,18.741056000057142,5245,1,False,True,False,,6.602382373310433
v500_s2_p10,500,0.1,h2+3,False,0,1.3335004432299002,84.24803608300863,305.0,83.0,True,True,1.3066401425633698,44.253499749989714,870,1,True,True,True,0.026860300666530446,1.9037598508359377
v500_s2_p10,500,0.1,h2+3,True,0,1.3269717405285368,70.79650816594949,397.0,44.0,True,True,1.305924592925015,40.43007858295459,831,1,True,True,True,0.021047147603521887,1.7510850991963554
v500_s2_p10,500,0.1,h2+3+4,False,0,1.3357538465933252,114.79555441695265,424.0,116.0,True,True,,20.804212042014115,5264,1,False,True,False,,5.517899653451089
v500_s2_p10,500,0.1,h2+3+4,True,0,1.3516212367436635,131.91574658302125,322.0,141.0,True,True,,20.15210475004278,5245,1,False,True,False,,6.5460034184638305
v500_s2_p30,500,0.3,h2,False,0,,12.028738250024617,677.0,1.0,False,True,,11.373058249999303,677,1,False,True,False,,1.0576520391975794
v500_s2_p30,500,0.3,h2,True,0,,4.690033625054639,434.0,1.0,False,True,,4.325175958976615,434,1,False,True,False,,1.0843567220244037
v500_s2_p30,500,0.3,h3,False,0,1.7644120904516012,49.61512233299436,403.0,4.0,True,True,2.0620250419488495,14.471202332992107,677,1,True,True,True,-0.2976129514972483,3.428541816451529
v500_s2_p30,500,0.3,h3,True,0,1.9407110251479625,7.61227704101475,434.0,1.0,True,True,1.9407110251479625,6.99394845898496,434,1,True,True,True,0.0,1.088409084747463
v500_s2_p30,500,0.3,h4,False,0,,42.05415733298287,384.0,30.0,False,True,,6.694473250012379,2700,1,False,True,False,,6.281921782704129
v500_s2_p30,500,0.3,h4,True,0,1.7629329698396954,19.773153499991167,318.0,26.0,True,True,,4.994490541983396,2215,1,False,True,False,,3.958993081232048
v500_s2_p30,500,0.3,h2+3,False,0,1.8555671733090933,51.65124141704291,403.0,4.0,True,True,2.173637363365211,14.560887874977197,677,1,True,True,True,-0.3180701900561178,3.5472590586872985
v500_s2_p30,500,0.3,h2+3,True,0,1.8284210745049931,7.739264000032563,434.0,1.0,True,True,1.8284210745049931,6.919402749976143,434,1,True,True,True,0.0,1.1184872856344785
v500_s2_p30,500,0.3,h2+3+4,False,0,,46.30270387500059,384.0,30.0,False,True,,7.567940999986604,2700,1,False,True,False,,6.118269668735862
v500_s2_p30,500,0.3,h2+3+4,True,0,1.7446569857617111,22.34395783400396,320.0,26.0,True,True,,5.568686791986693,2215,1,False,True,False,,4.012428543504509
v500_s2_p50,500,0.5,h2,False,0,,4.104633582988754,551.0,1.0,False,True,,3.7574005420319736,551,1,False,True,False,,1.0924131023755586
v500_s2_p50,500,0.5,h2,True,0,,0.606612415984273,130.0,1.0,False,True,,0.4161207500146702,130,1,False,True,False,,1.4577797813804936
v500_s2_p50,500,0.5,h3,False,0,,4.585809958982281,551.0,1.0,False,True,,4.056949875026476,551,1,False,True,False,,1.1303590382546578
v500_s2_p50,500,0.5,h3,True,0,2.7724853549052426,1.0377858750289306,130.0,1.0,True,True,2.7724853549052426,0.8292895830236375,130,1,True,True,True,0.0,1.2514155444291288
v500_s2_p50,500,0.5,h4,False,0,,19.044061749998946,782.0,2.0,False,True,,2.9899000829900615,1437,1,False,True,False,,6.369464270175161
v500_s2_p50,500,0.5,h4,True,0,3.1643707777723087,2.4932678749901243,102.0,6.0,True,True,,0.8914683750481345,477,1,False,True,False,,2.796810234412972
v500_s2_p50,500,0.5,h2+3,False,0,,4.789441916975193,551.0,1.0,False,True,,4.049023333005607,551,1,False,True,False,,1.1828635014113316
v500_s2_p50,500,0.5,h2+3,True,0,3.143884853091255,1.0923290000064299,130.0,1.0,True,True,3.143884853091255,0.860945750027895,130,1,True,True,True,0.0,1.2687547385779394
v500_s2_p50,500,0.5,h2+3+4,False,0,,22.77793516701786,782.0,2.0,False,True,,3.570472499995958,1437,1,False,True,False,,6.379529646858685
v500_s2_p50,500,0.5,h2+3+4,True,0,,2.8301717080175877,102.0,6.0,False,True,,0.892172500025481,477,1,False,True,False,,3.1722247748465193
v500_s3_p0,500,0.0,h2,False,0,1.1825479465798776,46.694900167000014,967.0,1.0,True,True,1.1825479465798776,46.3867552500451,967,1,True,True,True,0.0,1.0066429504563077
v500_s3_p0,500,0.0,h2,True,0,1.188459210963639,45.93202491698321,963.0,1.0,True,True,1.188459210963639,45.53393208299531,963,1,True,True,True,0.0,1.0087427730436787
v500_s3_p0,500,0.0,h3,False,0,1.2789091106234765,110.86569691699697,279.0,196.0,True,True,1.1816227087449698,47.99889337498462,967,1,True,True,True,0.09728640187850668,2.30975526979079
v500_s3_p0,500,0.0,h3,True,0,1.2602476450439786,103.38269291596953,359.0,130.0,True,True,1.182745008998471,47.71228991699172,963,1,True,True,True,0.07750263604550756,2.166793777784117
v500_s3_p0,500,0.0,h4,False,0,1.3446775188805324,225.57554537500255,233.0,329.0,True,True,,30.774343540950213,7222,1,False,True,False,,7.329987236765522
v500_s3_p0,500,0.0,h4,True,0,1.3324970044539541,248.54959283396602,230.0,328.0,True,True,,30.380290166998748,7210,1,False,True,False,,8.181277778049612
v500_s3_p0,500,0.0,h2+3,False,0,1.2762065035993986,113.51885183400009,279.0,196.0,True,True,1.1853322304393805,48.54415945801884,967,1,True,True,True,0.09087427316001806,2.338465700125503
v500_s3_p0,500,0.0,h2+3,True,0,1.2648898999646376,106.95487020799192,359.0,130.0,True,True,1.1787006751258815,47.327450459008105,963,1,True,True,True,0.08618922483875613,2.2598908069351658
v500_s3_p0,500,0.0,h2+3+4,False,0,1.3426445125923607,231.56380608398467,233.0,329.0,True,True,,32.852897999982815,7222,1,False,True,False,,7.048504703728292
v500_s3_p0,500,0.0,h2+3+4,True,0,1.3391630166622428,252.41801245801616,230.0,328.0,True,True,,32.98175362497568,7210,1,False,True,False,,7.653262325835541
v500_s3_p10,500,0.1,h2,False,0,1.3155565574279149,32.026199291984085,870.0,1.0,True,True,1.3155565574279149,31.465778457990382,870,1,True,True,True,0.0,1.0178104868672457
v500_s3_p10,500,0.1,h2,True,0,1.3182703354312286,28.85380066698417,820.0,1.0,True,True,1.3182703354312286,28.32061250001425,820,1,True,True,True,0.0,1.0188268585988263
v500_s3_p10,500,0.1,h3,False,0,1.3409741689233727,62.27080229198327,368.0,68.0,True,True,1.2969457124855532,41.38622887496604,870,1,True,True,True,0.044028456437819496,1.5046261518562767
v500_s3_p10,500,0.1,h3,True,0,1.3329485669519445,58.17532887501875,431.0,30.0,True,True,1.2978442132160684,37.05022908298997,820,1,True,True,True,0.03510435373587617,1.5701746066052655
v500_s3_p10,500,0.1,h4,False,0,1.360744940128357,99.34593620797386,353.0,146.0,True,True,,20.115245249995496,5335,1,False,True,False,,4.938837929803322
v500_s3_p10,500,0.1,h4,True,0,1.360715742429208,92.44482145900838,344.0,136.0,True,True,,18.957479750039056,5270,1,False,True,False,,4.876429919901032
v500_s3_p10,500,0.1,h2+3,False,0,1.3502863465068817,64.52870979200816,368.0,68.0,True,True,1.2979119198733857,43.272781917010434,870,1,True,True,True,0.05237442663349601,1.49120779698802
v500_s3_p10,500,0.1,h2+3,True,0,1.3268254476780126,59.9921991659794,431.0,30.0,True,True,1.2959652886434425,39.05516579200048,820,1,True,True,True,0.030860159034570067,1.5360887080977998
v500_s3_p10,500,0.1,h2+3+4,False,0,1.3512509037964835,103.9394200000097,353.0,146.0,True,True,,21.44220441597281,5335,1,False,True,False,,4.847422307129147
v500_s3_p10,500,0.1,h2+3+4,True,0,1.3619226774801465,95.29775766696548,344.0,136.0,True,True,,20.776857291988563,5270,1,False,True,False,,4.586726294920058
v500_s3_p30,500,0.3,h2,False,0,,12.298257041955367,677.0,1.0,False,True,,11.769298082974274,677,1,False,True,False,,1.0449439682172972
v500_s3_p30,500,0.3,h2,True,0,2.100943740651953,5.552176334022079,439.0,1.0,True,True,2.100943740651953,5.283613833016716,439,1,True,True,True,0.0,1.050829320516792
v500_s3_p30,500,0.3,h3,False,0,1.7606208211131489,42.01578079198953,501.0,2.0,True,True,,14.19324608403258,677,1,False,True,False,,2.9602657872082787
v500_s3_p30,500,0.3,h3,True,0,1.789128318381463,20.749150625022594,343.0,3.0,True,True,1.7013133720228444,9.324862583016511,439,1,True,True,True,0.08781494635861864,2.2251427772043826
v500_s3_p30,500,0.3,h4,False,0,,40.28980312496424,310.0,40.0,False,True,,6.687806624977384,2687,1,False,True,False,,6.0243672379059685
v500_s3_p30,500,0.3,h4,True,0,1.7287158779592442,26.073178208025638,224.0,37.0,True,True,,5.038421209028456,2206,1,False,True,False,,5.174870683956423
v500_s3_p30,500,0.3,h2+3,False,0,1.7796195252860092,43.38234399998328,501.0,2.0,True,True,,15.20961762504885,677,1,False,True,False,,2.852296820962581
v500_s3_p30,500,0.3,h2+3,True,0,1.7551248761064604,21.397021875018254,343.0,3.0,True,True,1.7377668954573182,9.482901958050206,439,1,True,True,True,0.01735798064914218,2.256379109440643
v500_s3_p30,500,0.3,h2+3+4,True,0,1.6833897768075017,28.27589020796586,228.0,37.0,True,True,,5.59023991698632,2206,1,False,True,False,,5.058081697361085
v500_s3_p50,500,0.5,h2,False,0,,4.434956458979286,551.0,1.0,False,True,,4.008961290994193,551,1,False,True,False,,1.106260733657383
v500_s3_p50,500,0.5,h2,True,0,,0.6802133750170469,128.0,1.0,False,True,,0.4624648339813575,128,1,False,True,False,,1.4708434567037092
v500_s3_p50,500,0.5,h3,False,0,,5.100127333018463,551.0,1.0,False,True,,4.636266375018749,551,1,False,True,False,,1.1000505407754613
v500_s3_p50,500,0.5,h3,True,0,2.5529895682034955,1.0958494580117986,128.0,1.0,True,True,2.5529895682034955,0.8901201249682344,128,1,True,True,True,0.0,1.231125358558662
v500_s3_p50,500,0.5,h4,False,0,,20.14187904202845,381.0,11.0,False,True,,3.042241292016115,1438,1,False,True,False,,6.620736854399962
v500_s3_p50,500,0.5,h4,True,0,2.6264750466706785,2.728800165990833,73.0,10.0,True,True,,0.9392277500010096,475,1,False,True,False,,2.9053657816093064
v500_s3_p50,500,0.5,h2+3,False,0,,5.306160165986512,551.0,1.0,False,True,,4.595467749983072,551,1,False,True,False,,1.1546507242937474
v500_s3_p50,500,0.5,h2+3,True,0,2.631626368470742,1.2397956670029089,128.0,1.0,True,True,2.631626368470742,0.9679117079940625,128,1,True,True,True,0.0,1.2808974793499597
v500_s3_p50,500,0.5,h2+3+4,False,0,,23.533746083034202,381.0,11.0,False,True,,3.544515582965687,1438,1,False,True,False,,6.639481625114927
v500_s3_p50,500,0.5,h2+3+4,True,0,2.7548898038954084,3.2602917500189506,74.0,10.0,True,True,,0.9351243340061046,475,1,False,True,False,,3.486479424668321
v500_s4_p0,500,0.0,h2,False,0,1.1885007856125633,46.970463791978545,967.0,1.0,True,True,1.1885007856125633,46.12902016699081,967,1,True,True,True,0.0,1.0182410903579058
v500_s4_p0,500,0.0,h2,True,0,1.183498785305479,46.793013375019655,963.0,1.0,True,True,1.183498785305479,46.18348437495297,963,1,True,True,True,0.0,1.013197986429912
v500_s4_p0,500,0.0,h3,False,0,1.2683519786261561,97.16277708299458,353.0,142.0,True,True,1.1812519924803007,47.47740470798453,967,1,True,True,True,0.08709998614585546,2.0465056521224336
v500_s4_p0,500,0.0,h3,True,0,1.2908298543756507,175.48077241599094,218.0,243.0,True,True,1.1815172058624523,47.311880541965365,963,1,True,True,True,0.10931264851319833,3.7090212945634344
v500_s4_p0,500,0.0,h4,False,0,1.348615500632703,228.80887850001454,203.0,343.0,True,True,,30.95117445802316,7222,1,False,True,False,,7.3925749993859355
v500_s4_p0,500,0.0,h4,True,0,1.310873515230329,226.99105704197427,247.0,308.0,True,True,,30.622125125024468,7210,1,False,True,False,,7.412648734051338
v500_s4_p0,500,0.0,h2+3,False,0,1.2626837417206391,99.44180908304406,353.0,142.0,True,True,1.1822321928749941,48.266166166984476,967,1,True,True,True,0.08045154884564498,2.0602798394844397
v500_s4_p0,500,0.0,h2+3,True,0,1.2930325714017172,175.71302245900733,218.0,243.0,True,True,1.1847201964556833,48.0230116249877,963,1,True,True,True,0.10831237494603396,3.6589338426159634
v500_s4_p0,500,0.0,h2+3+4,False,0,1.3502111478133747,235.23021612496814,203.0,343.0,True,True,,32.92386795900529,7222,1,False,True,False,,7.144671349607581
v500_s4_p0,500,0.0,h2+3+4,True,0,1.3107704476471496,232.01068620895967,247.0,308.0,True,True,,32.98418391600717,7210,1,False,True,False,,7.0339980761617475
v500_s4_p10,500,0.1,h2,False,0,1.3114084843761227,33.27377349999733,870.0,1.0,True,True,1.3114084843761227,32.692339917004574,870,1,True,True,True,0.0,1.0177850097138605
v500_s4_p10,500,0.1,h2,True,0,1.3202497415917573,27.51699745800579,819.0,1.0,True,True,1.3202497415917573,27.152511209016666,819,1,True,True,True,0.0,1.0134236662746718
v500_s4_p10,500,0.1,h3,False,0,1.3319896118220416,63.9227580409497,350.0,73.0,True,True,1.3050353116613198,43.21081170800608,870,1,True,True,True,0.026954300160721756,1.4793232414355717
v500_s4_p10,500,0.1,h3,True,0,1.3240494041129294,71.56391945801442,297.0,86.0,True,True,1.2951017392319897,38.80924633302493,819,1,True,True,True,0.028947664880939694,1.8439914767712646
v500_s4_p10,500,0.1,h4,True,0,1.3518399018060185,116.55789679096779,343.0,151.0,True,True,,19.29241512500448,5270,1,False,True,False,,6.041643621896753
v500_s4_p10,500,0.1,h2+3,False,0,1.3341544572454291,64.41354533296544,350.0,73.0,True,True,1.3011686216328542,43.35459804197308,870,1,True,True,True,0.032985835612574954,1.4857373437208314
v500_s4_p10,500,0.1,h2+3,True,0,1.3189095505637258,74.06231774995103,297.0,86.0,True,True,1.3041563752810357,38.989242999989074,819,1,True,True,True,0.014753175282690156,1.89955772544678
v500_s4_p10,500,0.1,h2+3+4,True,0,1.3502393129307233,122.96480849996442,346.0,151.0,True,True,,20.711053333012387,5270,1,False,True,False,,5.9371586042881095
v500_s4_p30,500,0.3,h2,False,0,2.06711567280999,13.03496666700812,677.0,1.0,True,True,2.06711567280999,12.430734957975801,677,1,True,True,True,0.0,1.0486078828866536
v500_s4_p30,500,0.3,h2,True,0,2.0702770856191957,5.611133875034284,437.0,1.0,True,True,2.0702770856191957,5.175360167049803,437,1,True,True,True,0.0,1.084201619581752
v500_s4_p30,500,0.3,h3,False,0,1.8255389071426618,45.38415024999995,393.0,9.0,True,True,2.053230188587854,14.608187416975852,677,1,True,True,True,-0.22769128144519213,3.1067612260546458
v500_s4_p30,500,0.3,h3,True,0,1.8537014976862518,22.613775499979965,334.0,3.0,True,True,1.824206895042262,7.753319833951537,437,1,True,True,True,0.02949460264398973,2.916657120341531
v500_s4_p30,500,0.3,h4,False,0,1.9348502252192745,46.173216167022474,281.0,41.0,True,True,,6.722744250029791,2669,1,False,True,False,,6.8682095361307045
v500_s4_p30,500,0.3,h4,True,0,1.8291628894787675,20.837224250019062,241.0,36.0,True,True,,5.192257500020787,2221,1,False,True,False,,4.013133834355411
v500_s4_p30,500,0.3,h2+3,False,0,1.8312761996294789,46.249293499975465,393.0,9.0,True,True,1.9279277001016961,15.281656707986258,677,1,True,True,True,-0.09665150047221727,3.0264580852549443
v500_s4_p30,500,0.3,h2+3,True,0,1.8045851768817294,23.949757749971468,334.0,3.0,True,True,1.7762416778662025,7.839861916960217,437,1,True,True,True,0.028343499015526907,3.054869843837455
v500_s4_p30,500,0.3,h2+3+4,False,0,1.886462806012808,50.26761404203717,283.0,41.0,True,True,,7.587390791042708,2669,1,False,True,False,,6.625151574027344
v500_s4_p30,500,0.3,h2+3+4,True,0,1.8441341165954097,23.22612929198658,246.0,36.0,True,True,,5.659309999959078,2221,1,False,True,False,,4.104056729911337
v500_s4_p50,500,0.5,h2,False,0,,4.68611987499753,555.0,1.0,False,True,,4.234415833023377,555,1,False,True,False,,1.1066744646218736
v500_s4_p50,500,0.5,h2,True,0,,0.7487639159662649,142.0,1.0,False,True,,0.5391390000004321,142,1,False,True,False,,1.3888142315166678
v500_s4_p50,500,0.5,h3,False,0,,4.897186375048477,555.0,1.0,False,True,,4.19693658396136,555,1,False,True,False,,1.1668478370064321
v500_s4_p50,500,0.5,h3,True,0,2.8948156006301864,1.2902592499740422,142.0,1.0,True,True,2.8948156006301864,1.0872247910010628,142,1,True,True,True,0.0,1.1867456119962416
v500_s4_p50,500,0.5,h4,False,0,,21.218550374964252,488.0,9.0,False,True,,3.0563023750437424,1471,1,False,True,False,,6.942555994532632
v500_s4_p50,500,0.5,h4,True,0,2.799540282503225,3.003342874988448,88.0,8.0,True,True,,0.9710074170143344,544,1,False,True,False,,3.093017439787601
v500_s4_p50,500,0.5,h2+3,False,0,,5.290972165996209,555.0,1.0,False,True,,4.4253215420176275,555,1,False,True,False,,1.1956130454610778
v500_s4_p50,500,0.5,h2+3,True,0,2.8460261944161442,1.315771916997619,142.0,1.0,True,True,2.8460261944161442,1.0280532090109773,142,1,True,True,True,0.0,1.2798675257902623
v500_s4_p50,500,0.5,h2+3+4,False,0,,24.598349749983754,488.0,9.0,False,True,,3.592687249998562,1471,1,False,True,False,,6.846782933859216
v500_s4_p50,500,0.5,h2+3+4,True,0,2.7631419589348756,3.561228874954395,89.0,8.0,True,True,,1.072182082978543,544,1,False,True,False,,3.321477696270797
v500_s5_p0,500,0.0,h2,False,0,1.1892075957572141,47.3529412909993,967.0,1.0,True,True,1.1892075957572141,46.2587084590341,967,1,True,True,True,0.0,1.023654634303814
v500_s5_p0,500,0.0,h2,True,0,1.1867910806777804,46.60461979202228,963.0,1.0,True,True,1.1867910806777804,46.32254754198948,963,1,True,True,True,0.0,1.0060893077993414
v500_s5_p0,500,0.0,h3,False,0,1.2530561441113115,98.57786895899335,383.0,125.0,True,True,1.1827159130336353,47.27929974999279,967,1,True,True,True,0.07034023107767617,2.085011188411444
v500_s5_p0,500,0.0,h3,True,0,1.260249259148726,103.90503070800332,332.0,142.0,True,True,1.181863655587766,48.797657041985076,963,1,True,True,True,0.07838560356096003,2.1293036798591447
v500_s5_p0,500,0.0,h4,False,0,1.344011170249853,212.37870850000763,208.0,339.0,True,True,,30.211003249976784,7222,1,False,True,False,,7.02984626967563
v500_s5_p0,500,0.0,h4,True,0,1.3408128495888905,210.8246403330122,227.0,330.0,True,True,,30.100598042015918,7210,1,False,True,False,,7.004001715804206
v500_s5_p0,500,0.0,h2+3,False,0,1.2592514099544565,102.09812558401609,383.0,125.0,True,True,1.1843596924487205,48.315551207982935,967,1,True,True,True,0.07489171750573598,2.1131524536378863
v500_s5_p0,500,0.0,h2+3,True,0,1.2555735988240788,108.402516208007,332.0,142.0,True,True,1.1868589604072393,48.191400875046384,963,1,True,True,True,0.06871463841683956,2.249416166362951
v500_s5_p0,500,0.0,h2+3+4,False,0,1.3529020680308328,219.39849758299533,208.0,339.0,True,True,,32.62564033298986,7222,1,False,True,False,,6.724726176826867
v500_s5_p0,500,0.0,h2+3+4,True,0,1.3472216252269762,219.15935933298897,227.0,330.0,True,True,,32.549733499996364,7210,1,False,True,False,,6.733061557416851
v500_s5_p10,500,0.1,h2,False,0,1.3120062501997694,39.55529291694984,870.0,1.0,True,True,1.3120062501997694,38.809045500005595,870,1,True,True,True,0.0,1.01922869803495
v500_s5_p10,500,0.1,h2,True,0,1.3131717449915055,33.155535500030965,817.0,1.0,True,True,1.3131717449915055,32.620813917019404,817,1,True,True,True,0.0,1.0163920368256838
v500_s5_p10,500,0.1,h3,False,0,1.3093233166349714,76.86445087502943,405.0,52.0,True,True,1.2910547743831344,43.60638641600963,870,1,True,True,True,0.01826854225183694,1.762687926986985
v500_s5_p10,500,0.1,h3,True,0,1.329307433426165,63.83153312501963,347.0,69.0,True,True,1.3041914373820283,35.97740612505004,817,1,True,True,True,0.025115996044136724,1.7742116511444543
v500_s5_p10,500,0.1,h4,False,0,1.3307710053304174,106.10205212503206,381.0,119.0,True,True,,20.09866100002546,5311,1,False,True,False,,5.279060735682723
v500_s5_p10,500,0.1,h4,True,0,1.337419506484433,115.97898804198485,269.0,161.0,True,True,,19.522105665993877,5279,1,False,True,False,,5.940905659783002
v500_s5_p10,500,0.1,h2+3,False,0,1.3146859667410984,77.40490216598846,405.0,52.0,True,True,1.2990775201099876,44.35348874999909,870,1,True,True,True,0.015608446631110828,1.7451818187806039
v500_s5_p10,500,0.1,h2+3,True,0,1.3251186535127966,65.07625958300196,347.0,69.0,True,True,1.2907389032652574,37.29648545803502,817,1,True,True,True,0.03437975024753914,1.744836243517475
v500_s5_p10,500,0.1,h2+3+4,False,0,1.337828649739805,112.1529232080211,381.0,119.0,True,True,,21.082455416966695,5311,1,False,True,False,,5.319727754185734
v500_s5_p10,500,0.1,h2+3+4,True,0,1.346192037484079,121.80165783403208,270.0,161.0,True,True,,20.455370375013445,5279,1,False,True,False,,5.95450757434413
v500_s5_p30,500,0.3,h2,False,0,,11.812441249960102,677.0,1.0,False,True,,11.124529334018007,677,1,False,True,False,,1.0618373951191364
v500_s5_p30,500,0.3,h2,True,0,,4.679810916015413,437.0,1.0,False,True,,4.322841499990318,437,1,False,True,False,,1.0825774935365764
v500_s5_p30,500,0.3,h3,False,0,1.783993217724045,36.70113520795712,338.0,12.0,True,True,,13.927331875020172,677,1,False,True,False,,2.635187811800741
v500_s5_p30,500,0.3,h3,True,0,1.786896411277407,22.743108750029933,308.0,4.0,True,True,1.7976663204910628,6.719626166974194,437,1,True,True,True,-0.010769909213655726,3.384579466906715
v500_s5_p30,500,0.3,h4,False,0,,42.65787333302433,344.0,31.0,False,True,,6.645849999971688,2689,1,False,True,False,,6.41872346399724
v500_s5_p30,500,0.3,h4,True,0,,22.722864332958125,270.0,22.0,False,True,,5.024970124999527,2212,1,False,True,False,,4.521989935802905
v500_s5_p30,500,0.3,h2+3,False,0,1.8402303335373846,37.78046408400405,338.0,12.0,True,True,,13.815772540983744,677,1,False,True,False,,2.734589323320889
v500_s5_p30,500,0.3,h2+3,True,0,1.8512144060116298,23.742748124990612,308.0,4.0,True,True,1.836508233187929,6.465192375006154,437,1,True,True,True,0.014706172823700792,3.672396233216187
v500_s5_p30,500,0.3,h2+3+4,False,0,,47.02679466700647,344.0,31.0,False,True,,7.530985584016889,2689,1,False,True,False,,6.244440935700642
v500_s5_p30,500,0.3,h2+3+4,True,0,,25.358317582984455,272.0,22.0,False,True,,5.698731000011321,2212,1,False,True,False,,4.449818316206551
v500_s5_p50,500,0.5,h2,False,0,,5.467563959013205,548.0,1.0,False,True,,4.925223750004079,548,1,False,True,False,,1.1101148367134948
v500_s5_p50,500,0.5,h2,True,0,2.828979987514143,0.925449958012905,119.0,1.0,True,True,2.828979987514143,0.7618248339858837,119,1,True,True,True,0.0,1.2147805069190658
v500_s5_p50,500,0.5,h3,False,0,,5.390166374971159,548.0,1.0,False,True,,4.793156667030416,548,1,False,True,False,,1.124554599278437
v500_s5_p50,500,0.5,h3,True,0,2.819461362456091,1.1526161250076257,119.0,1.0,True,True,2.819461362456091,0.9124357919790782,119,1,True,True,True,0.0,1.2632298460230227
v500_s5_p50,500,0.5,h4,False,0,,19.68495616700966,457.0,10.0,False,True,,2.9182527090306394,1399,1,False,True,False,,6.745459742432122
v500_s5_p50,500,0.5,h4,True,0,3.1475681106720246,2.3367266670102254,92.0,10.0,True,True,,0.8178785420022905,463,1,False,True,False,,2.857058288006389
v500_s5_p50,500,0.5,h2+3,False,0,,5.833434208994731,548.0,1.0,False,True,,5.192855875007808,548,1,False,True,False,,1.123357618506206
v500_s5_p50,500,0.5,h2+3,True,0,2.9935483022926705,1.1837403749814257,119.0,1.0,True,True,2.9935483022926705,0.9195721250143833,119,1,True,True,True,0.0,1.2872730075010814
v500_s5_p50,500,0.5,h2+3+4,False,0,,22.969753417011816,457.0,10.0,False,True,,3.4358647909830324,1399,1,False,True,False,,6.685290258595991
v500_s5_p50,500,0.5,h2+3+4,True,0,2.760789263527355,2.874665833020117,93.0,10.0,True,True,,0.923458874982316,463,1,False,True,False,,3.112933245755168
v500_s6_p0,500,0.0,h2,False,0,1.1886195476834764,46.64392608398339,967.0,1.0,True,True,1.1886195476834764,45.7876114170067,967,1,True,True,True,0.0,1.0187018855204713
v500_s6_p0,500,0.0,h2,True,0,1.1911368870979984,46.639913749997504,963.0,1.0,True,True,1.1911368870979984,45.68245233298512,963,1,True,True,True,0.0,1.020959063450301
v500_s6_p0,500,0.0,h3,False,0,1.2726494672983504,116.51114841696108,312.0,169.0,True,True,1.1796127499489406,47.18611991702346,967,1,True,True,True,0.09303671734940977,2.4691826456984662
v500_s6_p0,500,0.0,h3,True,0,1.2513032896753065,117.91276345803635,331.0,151.0,True,True,1.1773897082343456,47.378035541041754,963,1,True,True,True,0.07391358144096083,2.488764299986501
v500_s6_p0,500,0.0,h4,False,0,1.3438311775639273,248.06708466698183,215.0,333.0,True,True,,29.98528725001961,7222,1,False,True,False,,8.27296008867881
v500_s6_p0,500,0.0,h4,True,0,1.3179891120314307,227.20148058299674,270.0,308.0,True,True,,29.96112620801432,7210,1,False,True,False,,7.583208955684132
v500_s6_p0,500,0.0,h2+3,False,0,1.2744860938396747,120.06177954102168,312.0,169.0,True,True,1.1824399552451523,48.443882457970176,967,1,True,True,True,0.09204613859452238,2.478368236591835
v500_s6_p0,500,0.0,h2+3,True,0,1.2509337900842847,121.52080841595307,331.0,151.0,True,True,1.182617622638022,48.4213359580026,963,1,True,True,True,0.06831616744626268,2.509654184703867
v500_s6_p0,500,0.0,h2+3+4,False,0,1.340655747787384,256.43415308295516,215.0,333.0,True,True,,32.64830754103605,7222,1,False,True,False,,7.854439399673016
v500_s6_p0,500,0.0,h2+3+4,True,0,1.324374982099342,229.71610241697636,270.0,308.0,True,True,,32.28632508299779,7210,1,False,True,False,,7.11496591285784
v500_s6_p10,500,0.1,h2,False,0,1.3006403714373198,29.734665083000436,870.0,1.0,True,True,1.3006403714373198,28.56907529203454,870,1,True,True,True,0.0,1.0407990030846703
v500_s6_p10,500,0.1,h2,True,0,1.312514609773292,23.1023702090024,810.0,1.0,True,True,1.312514609773292,22.305383083003107,810,1,True,True,True,0.0,1.0357307078310887
v500_s6_p10,500,0.1,h3,False,0,1.328484475006477,56.85474204196362,364.0,78.0,True,True,1.2868634168192297,35.888529249990825,870,1,True,True,True,0.04162105818724737,1.584203733898573
v500_s6_p10,500,0.1,h3,True,0,1.3426113980024148,69.0009465420153,294.0,101.0,True,True,1.273815649596805,36.3757206670125,810,1,True,True,True,0.06879574840560987,1.8968956566842439
v500_s6_p10,500,0.1,h2+3,False,0,1.3278639331401376,59.437461042020004,364.0,78.0,True,True,1.279075569251215,35.858791125006974,870,1,True,True,True,0.0487883638889226,1.6575422421468606
v500_s6_p10,500,0.1,h2+3,True,0,1.3410217433113603,71.49274004099425,294.0,101.0,True,True,1.2808568506150473,36.52362233301392,810,1,True,True,True,0.06016489269631298,1.957438377528385
v500_s6_p30,500,0.3,h2,False,0,,9.731090000015683,677.0,1.0,False,True,,9.018785541004036,677,1,False,True,False,,1.0789800861516383
v500_s6_p30,500,0.3,h2,True,0,,4.352556041965727,447.0,1.0,False,True,,3.9105957499705255,447,1,False,True,False,,1.1130161029808647
v500_s6_p30,500,0.3,h3,False,0,2.056964359724094,45.506102959043346,496.0,6.0,True,True,2.294758783853472,11.717838750046212,677,1,True,True,True,-0.23779442412937835,3.883489432627999
v500_s6_p30,500,0.3,h3,True,0,,5.911228250013664,447.0,1.0,False,True,,5.201960625010543,447,1,False,True,False,,1.1363462117711982
v500_s6_p30,500,0.3,h4,False,0,,45.62110399996163,383.0,28.0,False,True,,6.645838207972702,2675,1,False,True,False,,6.864612494663521
v500_s6_p30,500,0.3,h4,True,0,1.9106995754014693,22.11795229098061,257.0,28.0,True,True,,4.862412499962375,2163,1,False,True,False,,4.548760988737948
v500_s6_p30,500,0.3,h2+3,False,0,1.949314516985908,46.26153883396182,496.0,6.0,True,True,,11.60212508297991,677,1,False,True,False,,3.9873332258610614
v500_s6_p30,500,0.3,h2+3,True,0,1.894535818919026,6.6201947500230744,447.0,1.0,True,True,1.894535818919026,5.836192917020526,447,1,True,True,True,0.0,1.1343344615487445
v500_s6_p30,500,0.3,h2+3+4,False,0,,50.89268783398438,384.0,28.0,False,True,,7.504745459009428,2675,1,False,True,False,,6.781400929846041
v500_s6_p30,500,0.3,h2+3+4,True,0,1.9894499156117562,24.900557000015397,259.0,28.0,True,True,,5.394167708000168,2163,1,False,True,False,,4.616200004883982
v500_s6_p50,500,0.5,h2,False,0,,3.881751250009984,562.0,1.0,False,True,,3.404675707977731,562,1,False,True,False,,1.140123636713589
v500_s6_p50,500,0.5,h2,True,0,,0.7215028750360943,160.0,1.0,False,True,,0.5517266670358367,160,1,False,True,False,,1.3077179664205536
v500_s6_p50,500,0.5,h3,False,0,,4.338126457994804,562.0,1.0,False,True,,3.678787833021488,562,1,False,True,False,,1.179227140813876
v500_s6_p50,500,0.5,h3,True,0,3.2909478526404707,1.2274582909885794,160.0,1.0,True,True,3.2909478526404707,0.9725370419910178,160,1,True,True,True,0.0,1.2621198350200382
v500_s6_p50,500,0.5,h4,False,0,,20.743083041976206,673.0,4.0,False,True,,3.2211489169858396,1513,1,False,True,False,,6.439653544917865
v500_s6_p50,500,0.5,h2+3,False,0,,4.818206124997232,562.0,1.0,False,True,,3.9211760420002975,562,1,False,True,False,,1.2287655727232627
v500_s6_p50,500,0.5,h2+3,True,0,2.9779696596562437,1.2691687910119072,160.0,1.0,True,True,2.9779696596562437,1.0091203750343993,160,1,True,True,True,0.0,1.2576981125454365
v500_s6_p50,500,0.5,h2+3+4,False,0,,25.06598858302459,603.0,8.0,False,True,,3.692135707999114,1513,1,False,True,False,,6.789021467634148
v500_s7_p0,500,0.0,h2,False,0,1.178702401811126,47.484469624992926,967.0,1.0,True,True,1.178702401811126,40.554824790975545,967,1,True,True,True,0.0,1.1708710337113675
v500_s7_p0,500,0.0,h2,True,0,1.1860405780033139,47.39407212502556,963.0,1.0,True,True,1.1860405780033139,40.30154591699829,963,1,True,True,True,0.0,1.1759864552748036
v500_s7_p0,500,0.0,h3,False,0,1.266318515849793,98.68250812502811,379.0,129.0,True,True,1.1788669578012536,41.84560091595631,967,1,True,True,True,0.08745155804853932,2.3582528620684498
v500_s7_p0,500,0.0,h3,True,0,1.254204822792965,118.96604320802726,320.0,152.0,True,True,1.1824372090587336,42.09958825004287,963,1,True,True,True,0.07176761373423135,2.8258243881495946
v500_s7_p0,500,0.0,h4,False,0,1.3410882922022331,227.52631266700337,229.0,326.0,True,True,,27.80250116699608,7222,1,False,True,False,,8.183663451729169
v500_s7_p0,500,0.0,h4,True,0,1.3187724697315333,212.8289499580278,274.0,297.0,True,True,,27.72067170898663,7210,1,False,True,False,,7.677626003883298
v500_s7_p0,500,0.0,h2+3,False,0,1.2647784107380724,99.37517754198052,379.0,129.0,True,True,1.180689722729469,41.90530862502055,967,1,True,True,True,0.08408868800860336,2.371422161120804
v500_s7_p0,500,0.0,h2+3,True,0,1.252671747820969,120.36721554095857,320.0,152.0,True,True,1.1814006573301457,41.89635583298514,963,1,True,True,True,0.07127109049082336,2.8729757791056634
v500_s7_p0,500,0.0,h2+3+4,False,0,1.3437683435788412,234.6144394580042,229.0,326.0,True,True,,28.83775499998592,7222,1,False,True,False,,8.135669349369213
v500_s7_p0,500,0.0,h2+3+4,True,0,1.3169458694501728,218.45427354204003,274.0,297.0,True,True,,29.206503291032277,7210,1,False,True,False,,7.479644905287769
v500_s7_p10,500,0.1,h2,False,0,1.3066318941827046,37.116742708021775,870.0,1.0,True,True,1.3066318941827046,31.3936843330157,870,1,True,True,True,0.0,1.1822996725805555
v500_s7_p10,500,0.1,h2,True,0,1.298690693764989,29.472973333962727,820.0,1.0,True,True,1.298690693764989,25.202473834040575,820,1,True,True,True,0.0,1.169447631531872
v500_s7_p10,500,0.1,h3,False,0,1.344789878677402,57.7550201669801,347.0,74.0,True,True,1.2860383889031128,35.543011874950025,870,1,True,True,True,0.05875148977428912,1.6249332040339732
v500_s7_p10,500,0.1,h3,True,0,1.3144936594998968,57.509021167003084,378.0,54.0,True,True,1.2828709483113203,30.264892000006512,820,1,True,True,True,0.03162271118857651,1.9001892082413745
v500_s7_p10,500,0.1,h4,False,0,1.3471682747110851,112.4149145000265,346.0,143.0,True,True,,15.541073041036725,5319,1,False,True,False,,7.2334075133159175
v500_s7_p10,500,0.1,h4,True,0,1.3574180720538942,91.75107991602272,408.0,119.0,True,True,,14.834991875046398,5251,1,False,True,False,,6.18477453097599
v500_s7_p10,500,0.1,h2+3,False,0,1.3378240474105785,59.74630483298097,347.0,74.0,True,True,1.2895458061384668,35.5511781249661,870,1,True,True,True,0.048278241272111666,1.6805717274112963
v500_s7_p10,500,0.1,h2+3,True,0,1.2963885811694948,59.12870245904196,378.0,54.0,True,True,1.2968502098759103,30.07533133297693,820,1,True,True,True,-0.00046162870641541787,1.9660199850968443
v500_s7_p10,500,0.1,h2+3+4,False,0,1.3460768469503475,114.3126712499652,348.0,143.0,True,True,,16.64166112500243,5319,1,False,True,False,,6.869066158198707
v500_s7_p10,500,0.1,h2+3+4,True,0,1.3402123090536202,106.52397299994482,354.0,132.0,True,True,,15.696129167045001,5251,1,False,True,False,,6.786639678246183
v500_s7_p30,500,0.3,h2,False,0,,12.674909290974028,677.0,1.0,False,True,,9.718694209004752,677,1,False,True,False,,1.3041782176076933
v500_s7_p30,500,0.3,h2,True,0,,5.0403205420007,442.0,1.0,False,True,,3.755975749983918,442,1,False,True,False,,1.3419470405319527
v500_s7_p30,500,0.3,h3,False,0,,15.703028500021901,677.0,1.0,False,True,,11.462262083950918,677,1,False,True,False,,1.3699763960212326
v500_s7_p30,500,0.3,h3,True,0,1.7553413541776222,20.344814707990736,344.0,2.0,True,True,1.8944907291203852,6.470412958005909,442,1,True,True,True,-0.13914937494276303,3.1442838100183215
v500_s7_p30,500,0.3,h4,False,0,1.7180518065898636,41.604072500020266,291.0,31.0,True,True,,5.353563874959946,2669,1,False,True,False,,7.771285347806098
v500_s7_p30,500,0.3,h4,True,0,1.7906092002288636,22.963768457993865,245.0,28.0,True,True,,4.055644666950684,2199,1,False,True,False,,5.662174658723153
v500_s7_p30,500,0.3,h2+3,False,0,1.8571382240686323,17.038954792020377,677.0,1.0,True,True,1.8571382240686323,12.572696084040217,677,1,True,True,True,0.0,1.3552347625462473
v500_s7_p30,500,0.3,h2+3,True,0,1.7635479253640183,21.243459042045288,344.0,2.0,True,True,1.929399808625454,5.934110916976351,442,1,True,True,True,-0.16585188326143574,3.5798891087916527
v500_s7_p30,500,0.3,h2+3+4,False,0,1.7306154715334374,46.11261700000614,290.0,31.0,True,True,,5.989545040996745,2669,1,False,True,False,,7.698851362562314
v500_s7_p30,500,0.3,h2+3+4,True,0,1.789132763537348,25.437224583001807,245.0,28.0,True,True,,4.376920166017953,2199,1,False,True,False,,5.811672047503703
v500_s7_p50,500,0.5,h2,False,0,,5.739174582995474,547.0,1.0,False,True,,4.194621292001102,547,1,False,True,False,,1.3682223455880858
v500_s7_p50,500,0.5,h2,True,0,3.1355201662309984,0.9362223339849152,116.0,1.0,True,True,3.1355201662309984,0.6108379170182161,116,1,True,True,True,0.0,1.5326853620270524
v500_s7_p50,500,0.5,h3,False,0,,5.575220625032671,547.0,1.0,False,True,,3.9590041670016944,547,1,False,True,False,,1.4082381300585998
v500_s7_p50,500,0.5,h3,True,0,2.774568416809229,1.3479668339714408,116.0,1.0,True,True,2.774568416809229,0.9130827919580042,116,1,True,True,True,0.0,1.4762810621815314
v500_s7_p50,500,0.5,h4,False,0,,18.93502350000199,768.0,3.0,False,True,,2.3039179999614134,1404,1,False,True,False,,8.218618674935096
v500_s7_p50,500,0.5,h4,True,0,2.60177136224064,2.095513290958479,82.0,6.0,True,True,,0.6995439169695601,447,1,False,True,False,,2.995542152716143
v500_s7_p50,500,0.5,h2+3,False,0,,5.948537499993108,547.0,1.0,False,True,,3.9347915410180576,547,1,False,True,False,,1.5117795791677517
v500_s7_p50,500,0.5,h2+3,True,0,2.9137331752678923,1.293099834001623,116.0,1.0,True,True,2.9137331752678923,0.8491683749598451,116,1,True,True,True,0.0,1.5227837872115413
v500_s7_p50,500,0.5,h2+3+4,False,0,,22.443627417029347,768.0,3.0,False,True,,2.709330333978869,1404,1,False,True,False,,8.28382834516494
v500_s7_p50,500,0.5,h2+3+4,True,0,2.864262859081189,2.623124915990047,83.0,6.0,True,True,,0.7422502499539405,447,1,False,True,False,,3.5340168846730897
v500_s8_p0,500,0.0,h2,False,0,1.1861896134060184,47.318871166033205,967.0,1.0,True,True,1.1861896134060184,36.59391887503443,967,1,True,True,True,0.0,1.2930801789123407
v500_s8_p0,500,0.0,h2,True,0,1.1903166012612914,47.408797750016674,963.0,1.0,True,True,1.1903166012612914,36.800377874984406,963,1,True,True,True,0.0,1.2882693191648855
v500_s8_p0,500,0.0,h3,False,0,1.2728822981981451,102.40340254199691,338.0,153.0,True,True,1.1780811987292374,38.0653484580107,967,1,True,True,True,0.09480109946890769,2.690200055700436
v500_s8_p0,500,0.0,h3,True,0,1.3190751803600373,172.441778916982,188.0,278.0,True,True,1.1776835657763298,38.06266920897178,963,1,True,True,True,0.14139161458370753,4.530469946031415
v500_s8_p0,500,0.0,h4,False,0,1.330535279579004,168.62754474999383,262.0,302.0,True,True,,23.81494633294642,7222,1,False,True,False,,7.080744268430648
v500_s8_p0,500,0.0,h4,True,0,1.3248050672591876,226.70930474996567,246.0,313.0,True,True,,23.60168583400082,7210,1,False,True,False,,9.605640306565137
v500_s8_p0,500,0.0,h2+3,False,0,1.2672253283089099,104.96230754099088,338.0,153.0,True,True,1.1766845351501896,38.32255016698036,967,1,True,True,True,0.09054079315872032,2.7389176107447293
v500_s8_p0,500,0.0,h2+3,True,0,1.3213374556310022,175.87700137501815,188.0,278.0,True,True,1.1809657931337838,38.40398187498795,963,1,True,True,True,0.14037166249721844,4.579655358330557
v500_s8_p0,500,0.0,h2+3+4,False,0,1.3298965731695758,170.95744070899673,262.0,302.0,True,True,,25.58615354099311,7222,1,False,True,False,,6.681638974576447
v500_s8_p0,500,0.0,h2+3+4,True,0,1.3316613948124965,231.69727662502555,246.0,313.0,True,True,,25.498412832967006,7210,1,False,True,False,,9.086733285824879
v500_s8_p10,500,0.1,h2,False,0,1.3456112771986843,28.700374708976597,870.0,1.0,True,True,1.3456112771986843,22.06442595802946,870,1,True,True,True,0.0,1.3007532923616465
v500_s8_p10,500,0.1,h2,True,0,1.3294125512870294,32.778550957969856,826.0,1.0,True,True,1.3294125512870294,25.809900292020757,826,1,True,True,True,0.0,1.269999131616308
v500_s8_p10,500,0.1,h3,False,0,1.3465963849674512,63.52078504196834,349.0,70.0,True,True,1.3171645181860283,28.744293791009113,870,1,True,True,True,0.029431866781422844,2.2098572156201977
v500_s8_p10,500,0.1,h3,True,0,1.334862223262663,72.44730937498389,299.0,88.0,True,True,1.3151330525524978,30.531081666995306,826,1,True,True,True,0.019729170710165223,2.372903461632047
v500_s8_p10,500,0.1,h4,False,0,1.3577480333683463,138.65180520899594,246.0,169.0,True,True,,14.7982704580063,5278,1,False,True,False,,9.369460140795118
v500_s8_p10,500,0.1,h4,True,0,1.359594773660676,121.35335300001316,292.0,151.0,True,True,,14.567138999991585,5248,1,False,True,False,,8.33062367291774
v500_s8_p10,500,0.1,h2+3,False,0,1.3369046637883615,65.71379845798947,349.0,70.0,True,True,1.3099666357977207,27.82409816602012,870,1,True,True,True,0.026938027990640823,2.36175843205735
v500_s8_p10,500,0.1,h2+3,True,0,1.3351495663642505,75.55302820797078,299.0,88.0,True,True,1.305984226785029,30.673323958006222,826,1,True,True,True,0.029165339579221516,2.4631509878553692
v500_s8_p10,500,0.1,h2+3+4,False,0,1.347992384257452,145.35198820900405,246.0,169.0,True,True,,15.65018966695061,5278,1,False,True,False,,9.28755441960886
v500_s8_p10,500,0.1,h2+3+4,True,0,1.3544484796211569,127.44119554205099,294.0,151.0,True,True,,15.395726250018924,5248,1,False,True,False,,8.27769950390579
v500_s8_p30,500,0.3,h2,False,0,,12.510358875035308,677.0,1.0,False,True,,9.375245500006713,677,1,False,True,False,,1.3344033364274408
v500_s8_p30,500,0.3,h2,True,0,,4.88132929202402,441.0,1.0,False,True,,3.5961734169977717,441,1,False,True,False,,1.3573676032840338
v500_s8_p30,500,0.3,h3,False,0,1.831421977793737,15.017910707974806,677.0,1.0,True,True,1.831421977793737,11.233311415999196,677,1,True,True,True,0.0,1.3369086061822646
v500_s8_p30,500,0.3,h3,True,0,1.84199522424796,8.618498208001256,441.0,1.0,True,True,1.84199522424796,6.393814957991708,441,1,True,True,True,0.0,1.3479430144015803
v500_s8_p30,500,0.3,h4,False,0,,46.70677216601325,368.0,38.0,False,True,,5.274023125006352,2657,1,False,True,False,,8.856004431333812
v500_s8_p30,500,0.3,h4,True,0,1.8703099024065317,24.471515749988612,273.0,38.0,True,True,,3.9769987909821793,2204,1,False,True,False,,6.153262054159439
v500_s8_p30,500,0.3,h2+3,False,0,,15.08894191699801,677.0,1.0,False,True,,10.98720095900353,677,1,False,True,False,,1.3733199177205622
v500_s8_p30,500,0.3,h2+3,True,0,1.8519846840471332,9.126912833016831,441.0,1.0,True,True,1.8519846840471332,6.535586791986134,441,1,True,True,True,0.0,1.3964947790469486
v500_s8_p30,500,0.3,h2+3+4,False,0,,50.97029337496497,368.0,38.0,False,True,,5.837262750021182,2657,1,False,True,False,,8.731882657634353
v500_s8_p30,500,0.3,h2+3+4,True,0,1.85138123294725,27.220519833033904,275.0,38.0,True,True,,4.29492279200349,2204,1,False,True,False,,6.337836825312548
v500_s8_p50,500,0.5,h2,False,0,,5.160055542015471,556.0,1.0,False,True,,3.7316549999522977,556,1,False,True,False,,1.3827793678894305
v500_s8_p50,500,0.5,h2,True,0,2.463114147030727,1.0674683329998516,141.0,1.0,True,True,2.463114147030727,0.740435499988962,141,1,True,True,True,0.0,1.441676328344285
v500_s8_p50,500,0.5,h3,False,0,,5.491415624972433,556.0,1.0,False,True,,3.84710112499306,556,1,False,True,False,,1.4274165005169548
v500_s8_p50,500,0.5,h3,True,0,2.4673088975537003,1.3554964590002783,141.0,1.0,True,True,2.4673088975537003,0.9012349579716101,141,1,True,True,True,0.0,1.5040433651742322
v500_s8_p50,500,0.5,h4,False,0,,19.692202375037596,578.0,6.0,False,True,,2.406689458002802,1486,1,False,True,False,,8.182278070632023
v500_s8_p50,500,0.5,h4,True,0,3.238006134118064,2.8970974999829195,127.0,7.0,True,True,,0.8421277499874122,528,1,False,True,False,,3.4402114168856497
v500_s8_p50,500,0.5,h2+3,False,0,,5.888164208969101,556.0,1.0,False,True,,3.9095472920453176,556,1,False,True,False,,1.5060987293719756
v500_s8_p50,500,0.5,h2+3,True,0,2.6168449758909578,1.419098375015892,141.0,1.0,True,True,2.6168449758909578,0.937972166982945,141,1,True,True,True,0.0,1.5129429475295884
v500_s8_p50,500,0.5,h2+3+4,False,0,,22.843288416974247,578.0,6.0,False,True,,2.9149579589720815,1486,1,False,True,False,,7.8365756002291045
v500_s8_p50,500,0.5,h2+3+4,True,0,3.1155412630226347,3.4873097089584917,127.0,7.0,True,True,,0.8315642920206301,528,1,False,True,False,,4.193674190223618
v500_s9_p0,500,0.0,h2,False,0,1.1868953587581017,47.25645950000035,967.0,1.0,True,True,1.1868953587581017,37.02484887500759,967,1,True,True,True,0.0,1.2763444264022172
v500_s9_p0,500,0.0,h2,True,0,1.188461032431839,47.28217087499797,963.0,1.0,True,True,1.188461032431839,36.380696334003005,963,1,True,True,True,0.0,1.2996499693384365
v500_s9_p0,500,0.0,h3,False,0,1.2646143865389399,103.45352874998935,314.0,170.0,True,True,1.1751667889595232,37.47214724996593,967,1,True,True,True,0.08944759757941667,2.760811331677381
v500_s9_p0,500,0.0,h3,True,0,1.257710948108984,122.31076224998105,305.0,166.0,True,True,1.180020400356719,37.619688167003915,963,1,True,True,True,0.07769054775226514,3.251243383704051
v500_s9_p0,500,0.0,h4,False,0,1.337677729871657,225.78204741701484,229.0,326.0,True,True,,23.98528429196449,7222,1,False,True,False,,9.413357151353672
v500_s9_p0,500,0.0,h4,True,0,1.3346647739719082,227.11807408399181,240.0,321.0,True,True,,23.59395895904163,7210,1,False,True,False,,9.626111263406944
v500_s9_p0,500,0.0,h2+3,False,0,1.2753772526201734,107.64507362496806,314.0,170.0,True,True,1.1831588884837576,38.29254637501435,967,1,True,True,True,0.09221836413641582,2.811123412132388
v500_s9_p0,500,0.0,h2+3,True,0,1.2624834493361001,126.29666787502356,305.0,166.0,True,True,1.1844782578732707,38.29555924999295,963,1,True,True,True,0.07800519146282947,3.297945515054642
v500_s9_p0,500,0.0,h2+3+4,False,0,1.3335665753302557,223.6053763339878,229.0,326.0,True,True,,25.620201457990333,7222,1,False,True,False,,8.727697816921365
v500_s9_p0,500,0.0,h2+3+4,True,0,1.3335418669324084,235.46581158298068,240.0,321.0,True,True,,25.806916249974165,7210,1,False,True,False,,9.124135921633659
v500_s9_p10,500,0.1,h2,False,0,1.3144796247569324,31.282662708021235,870.0,1.0,True,True,1.3144796247569324,24.35888849996263,870,1,True,True,True,0.0,1.2842401535714252
v500_s9_p10,500,0.1,h2,True,0,1.3226580526845053,31.346633584005758,822.0,1.0,True,True,1.3226580526845053,24.53120129200397,822,1,True,True,True,0.0,1.2778270909310625
v500_s9_p10,500,0.1,h3,False,0,1.321890325436347,81.14425324997865,421.0,44.0,True,True,1.2896317034841653,32.866147207969334,870,1,True,True,True,0.032258621952181654,2.4689311082469354
v500_s9_p10,500,0.1,h3,True,0,1.3147551010466219,62.268669999961276,361.0,55.0,True,True,1.3020645559809916,30.585080000048038,822,1,True,True,True,0.012690545065630277,2.0359165318470143
v500_s9_p10,500,0.1,h4,False,0,1.3373233034998464,143.74949304194888,286.0,168.0,True,True,,15.449188583006617,5332,1,False,True,False,,9.304662977579715
v500_s9_p10,500,0.1,h4,True,0,1.3634408838164649,115.16333850001683,305.0,157.0,True,True,,14.920415542030241,5275,1,False,True,False,,7.718507448777556
v500_s9_p10,500,0.1,h2+3,False,0,1.3276672993547982,84.18891662498936,421.0,44.0,True,True,1.2937310154782105,32.283619291032664,870,1,True,True,True,0.03393628387658776,2.6077905288758716
v500_s9_p10,500,0.1,h2+3,True,0,1.3181408936892147,64.63565133401426,361.0,55.0,True,True,1.2973098091705209,29.62178537499858,822,1,True,True,True,0.020831084518693865,2.182030911228198
v500_s9_p10,500,0.1,h2+3+4,False,0,1.3380395598121477,150.28851774998475,287.0,168.0,True,True,,16.38271595799597,5332,1,False,True,False,,9.17360211428392
v500_s9_p10,500,0.1,h2+3+4,True,0,1.3624918072818024,121.50293650000822,305.0,157.0,True,True,,15.805708417028654,5275,1,False,True,False,,7.687281917025886
v500_s9_p30,500,0.3,h2,False,0,,12.925866209028754,677.0,1.0,False,True,,9.851554625027347,677,1,False,True,False,,1.3120635981849285
v500_s9_p30,500,0.3,h2,True,0,,5.030573667027056,440.0,1.0,False,True,,3.7414743329863995,440,1,False,True,False,,1.3445431451113854
v500_s9_p30,500,0.3,h3,False,0,1.7589225148058751,50.22999041597359,349.0,12.0,True,True,,11.44142541702604,677,1,False,True,False,,4.390186413418918
v500_s9_p30,500,0.3,h3,True,0,1.7273630598223528,24.387561124982312,322.0,4.0,True,True,1.7888708665831825,6.020551500027068,440,1,True,True,True,-0.061507806760829675,4.0507187962552385
v500_s9_p30,500,0.3,h4,False,0,,40.055337459023576,406.0,20.0,False,True,,5.292303666996304,2686,1,False,True,False,,7.568601497456656
v500_s9_p30,500,0.3,h4,True,0,1.6459718326503188,25.276001624995843,234.0,38.0,True,True,,4.083477708976716,2215,1,False,True,False,,6.189822358876006
v500_s9_p30,500,0.3,h2+3,False,0,1.7191126598868829,52.23293537501013,349.0,12.0,True,True,1.8416545528197341,11.752651582995895,677,1,True,True,True,-0.12254189293285123,4.444353259870511
v500_s9_p30,500,0.3,h2+3,True,0,1.7164679736609545,25.621585416025482,322.0,4.0,True,True,1.7935030159209704,5.456407916964963,440,1,True,True,True,-0.0770350422600159,4.695687310393954
v500_s9_p30,500,0.3,h2+3+4,False,0,,45.01191837503575,408.0,20.0,False,True,,5.876532166963443,2686,1,False,True,False,,7.659605545611193
v500_s9_p30,500,0.3,h2+3+4,True,0,1.6431837571748573,27.898068416980095,237.0,38.0,True,True,,4.481177125009708,2215,1,False,True,False,,6.225611628087488
v500_s9_p50,500,0.5,h2,False,0,,5.054316624999046,553.0,1.0,False,True,,3.70146783295786,553,1,False,True,False,,1.3654898146069039
v500_s9_p50,500,0.5,h2,True,0,3.1164892494340135,0.9782563750050031,131.0,1.0,True,True,3.1164892494340135,0.6674452500301413,131,1,True,True,True,0.0,1.4656728397734882
v500_s9_p50,500,0.5,h3,False,0,,5.61981016601203,553.0,1.0,False,True,,3.8978014169842936,553,1,False,True,False,,1.4417897590996425
v500_s9_p50,500,0.5,h3,True,0,2.481760207368234,1.1547259999788366,131.0,1.0,True,True,2.481760207368234,0.7642773750121705,131,1,True,True,True,0.0,1.5108729340057312
v500_s9_p50,500,0.5,h2+3,False,0,,6.2318537079845555,553.0,1.0,False,True,,3.7968626659712754,553,1,False,True,False,,1.6413165964195824
v500_s9_p50,500,0.5,h2+3,True,0,2.5674174876415656,1.259138207999058,131.0,1.0,True,True,2.5674174876415656,0.7733421250013635,131,1,True,True,True,0.0,1.6281774486251324
