graph_id,vertices,remove_ratio_target,hop_key,rep,apsp_sum_off,apsp_sum_on,elapsed_sec_off,elapsed_sec_on,ok_off,ok_on,qubo_vars_total_off,qubo_vars_total_on,strongly_connected_off,strongly_connected_on,both_sc,diff_apsp,diff_time,ratio_time,diff_qubo_vars
v100_s0_p0,100,0.0,h2,0,1.3193821802413537,1.3254435852488404,1.3080572090111673,1.2523937079822645,True,True,180.0,176.0,True,True,True,0.006061405007486753,-0.05566350102890283,0.957445667784682,-4.0
v100_s0_p0,100,0.0,h2,1,1.3011614184323599,1.3065793411381592,2.0914963329560123,2.0001695830142125,True,True,180.0,176.0,True,True,True,0.005417922705799327,-0.09132674994179979,0.9563342528969566,-4.0
v100_s0_p0,100,0.0,h2,2,1.3183988627237262,1.309434848540906,2.1252414589980617,2.0243400420295075,True,True,180.0,176.0,True,True,True,-0.008964014182820224,-0.10090141696855426,0.9525223750264481,-4.0
v100_s0_p0,100,0.0,h2,3,1.3116644352544489,1.3183385860689767,2.0850169169716537,2.023067625006661,True,True,180.0,176.0,True,True,True,0.006674150814527824,-0.06194929196499288,0.970288350439396,-4.0
v100_s0_p0,100,0.0,h2,4,1.303791640425327,1.3267613245010725,2.1277724580140784,1.9810849589994177,True,True,180.0,176.0,True,True,True,0.022969684075745622,-0.14668749901466072,0.9310605330649081,-4.0
v100_s0_p0,100,0.0,h3,0,1.315567765815088,1.3519912397630718,2.3898642910062335,2.0953650409937836,True,True,80.0,89.0,True,True,True,0.03642347394798384,-0.2944992500124499,0.8767715593221181,9.0
v100_s0_p0,100,0.0,h3,1,1.3604941986942811,1.3780333581879858,4.04150595900137,3.4660559999756515,True,True,87.0,81.0,True,True,True,0.01753915949370466,-0.5754499590257183,0.8576149670782848,-6.0
v100_s0_p0,100,0.0,h3,2,1.3525298604808358,1.3752400491170493,4.028006875014398,3.3884327079867944,True,True,86.0,85.0,True,True,True,0.022710188636213546,-0.6395741670276038,0.8412182037238162,-1.0
v100_s0_p0,100,0.0,h3,3,1.3521475673267065,1.394245855567152,4.082324041984975,3.417778208036907,True,True,89.0,88.0,True,True,True,0.04209828824044548,-0.6645458339480683,0.8372138450761146,-1.0
v100_s0_p0,100,0.0,h3,4,1.3558814686666671,1.3518824467603399,3.960030500020366,3.711974708014168,True,True,84.0,90.0,True,True,True,-0.0039990219063272825,-0.24805579200619832,0.9373601309371424,6.0
v100_s0_p0,100,0.0,h4,0,1.375326705050406,1.401929480946853,2.8136547920294106,2.765199000015855,True,True,118.0,99.0,True,True,True,0.026602775896446884,-0.048455792013555765,0.982778345036917,-19.0
v100_s0_p0,100,0.0,h4,1,1.3802115663434682,1.3932470446962328,4.7100545419962145,4.628621459007263,True,True,72.0,103.0,True,True,True,0.01303547835276464,-0.08143308298895136,0.9827107983011937,31.0
v100_s0_p0,100,0.0,h4,2,1.392383667695604,1.3830621411004567,4.468326125002932,4.762601875001565,True,True,89.0,90.0,True,True,True,-0.0093215265951474,0.2942757499986328,1.0658581629375676,1.0
v100_s0_p0,100,0.0,h4,3,1.3741537014513778,1.3647594269300973,4.67110545799369,4.447269583994057,True,True,72.0,105.0,True,True,True,-0.009394274521280499,-0.2238358739996329,0.9520807491904124,33.0
v100_s0_p0,100,0.0,h4,4,1.3780651982367613,1.3751369045557933,5.077503665990662,4.415815541986376,True,True,98.0,96.0,True,True,True,-0.0029282936809680304,-0.6616881240042858,0.8696823936462516,-2.0
v100_s0_p0,100,0.0,h2+3,0,1.3195511022284596,1.3540331706156088,2.569876583002042,2.290822708979249,True,True,80.0,89.0,True,True,True,0.03448206838714918,-0.279053874022793,0.89141351150147,9.0
v100_s0_p0,100,0.0,h2+3,1,1.3544569798228396,1.390066809304773,4.395911416970193,3.7648431659908965,True,True,87.0,81.0,True,True,True,0.035609829481933364,-0.6310682509792969,0.8564420000496166,-6.0
v100_s0_p0,100,0.0,h2+3,2,1.3543663973182676,1.3758900909943634,4.461789666034747,3.75255074998131,True,True,86.0,85.0,True,True,True,0.021523693676095856,-0.7092389160534367,0.8410416068125087,-1.0
v100_s0_p0,100,0.0,h2+3,3,1.3400574731599637,1.372620386397121,4.5047330419765785,3.755910624982789,True,True,89.0,88.0,True,True,True,0.03256291323715721,-0.7488224169937894,0.8337698571666696,-1.0
v100_s0_p0,100,0.0,h2+3,4,1.3670320836818126,1.3417082760113022,4.431389083038084,4.012512458022684,True,True,84.0,90.0,True,True,True,-0.025323807670510456,-0.41887662501540035,0.9054750965969737,6.0
v100_s0_p0,100,0.0,h2+3+4,0,1.387941290488077,1.378589711486761,3.428129290987272,3.293241625011433,True,True,118.0,99.0,True,True,True,-0.009351579001316113,-0.1348876659758389,0.9606526899873743,-19.0
v100_s0_p0,100,0.0,h2+3+4,1,1.4050727381649761,1.3930432634639316,5.560177250008564,5.631965208041947,True,True,72.0,103.0,True,True,True,-0.01202947470104454,0.07178795803338289,1.0129110916442947,31.0
v100_s0_p0,100,0.0,h2+3+4,2,1.3679409164810175,1.3785764134195433,5.30646379198879,5.654289999976754,True,True,89.0,90.0,True,True,True,0.010635496938525835,0.34782620798796415,1.0655476455927355,1.0
v100_s0_p0,100,0.0,h2+3+4,3,1.385168208747078,1.4109390501061558,5.523587541014422,5.3764744169893675,True,True,72.0,105.0,True,True,True,0.025770841359077812,-0.14711312402505428,0.973366381372126,33.0
v100_s0_p0,100,0.0,h2+3+4,4,1.3856312162782665,1.3776533618062095,6.139620166970417,5.467778042017017,True,True,98.0,96.0,True,True,True,-0.007977854472057011,-0.6718421249534003,0.8905726890781064,-2.0
v100_s0_p10,100,0.1,h2,0,1.4747015037019418,1.4460805252712532,1.156202333047986,0.8890007080044597,True,True,162.0,144.0,True,True,True,-0.02862097843068856,-0.2672016250435263,0.7688971753420285,-18.0
v100_s0_p10,100,0.1,h2,1,1.4464067736745956,1.4468987676844145,1.9034987919731066,1.363982125010807,True,True,162.0,144.0,True,True,True,0.000491994009818919,-0.5395166669622995,0.7165657949259565,-18.0
v100_s0_p10,100,0.1,h2,2,1.4610787369031546,1.4615211297581985,1.8380065410165116,1.4088134169578552,True,True,162.0,144.0,True,True,True,0.0004423928550438827,-0.4291931240586564,0.7664898821190861,-18.0
v100_s0_p10,100,0.1,h2,3,1.4850347496136245,1.4721134141820345,1.7984094999847002,1.3875054999953136,True,True,162.0,144.0,True,True,True,-0.01292133543159002,-0.41090399998938665,0.7715181108680296,-18.0
v100_s0_p10,100,0.1,h2,4,1.437184825819848,1.4874328878687166,1.8394200829789042,1.4322290829732083,True,True,162.0,144.0,True,True,True,0.05024806204886856,-0.40719100000569597,0.7786307740283784,-18.0
v100_s0_p10,100,0.1,h3,0,1.4975382643862947,1.4662527021403955,2.1139195829746313,1.6618180419900455,True,True,79.0,77.0,True,True,True,-0.03128556224589918,-0.4521015409845859,0.7861311543609407,-2.0
v100_s0_p10,100,0.1,h3,1,1.526953663801696,1.5357761894967663,2.617794999969192,2.9176767919561826,True,True,76.0,85.0,True,True,True,0.008822525695070249,0.2998817919869907,1.1145551091626809,9.0
v100_s0_p10,100,0.1,h3,2,1.465804599127679,1.4493075531288497,3.4940578329842538,2.470200791954994,True,True,79.0,74.0,True,True,True,-0.016497045998829174,-1.0238570410292596,0.7069719249166551,-5.0
v100_s0_p10,100,0.1,h3,3,1.4752585966057377,1.5149901113278987,3.438226832950022,2.763490416982677,True,True,79.0,85.0,True,True,True,0.039731514722161076,-0.6747364159673452,0.8037545372221946,6.0
v100_s0_p10,100,0.1,h3,4,1.4881195028810879,1.5226480250125498,3.5719678750028834,2.8162121669738553,True,True,79.0,78.0,True,True,True,0.03452852213146196,-0.755755708029028,0.7884203513368894,-1.0
v100_s0_p10,100,0.1,h4,0,1.4988986982021708,1.4922871554239623,1.9793310840032063,1.8231987500330433,True,True,80.0,78.0,True,True,True,-0.006611542778208523,-0.15613233397016302,0.9211186368809079,-2.0
v100_s0_p10,100,0.1,h4,1,1.462985861913221,1.5122437198043241,3.417733833019156,3.003066040982958,True,True,106.0,100.0,True,True,True,0.04925785789110315,-0.4146677920361981,0.8786717128086334,-6.0
v100_s0_p10,100,0.1,h4,2,1.4927277749813372,1.4658907800788317,3.6036377910058945,3.3278358340030536,True,True,117.0,93.0,True,True,True,-0.026836994902505573,-0.27580195700284094,0.9234656830130934,-24.0
v100_s0_p10,100,0.1,h4,3,1.4877180126106109,1.4805317210352835,3.316762625006959,2.880902500008233,True,True,87.0,100.0,True,True,True,-0.007186291575327353,-0.43586012499872595,0.868588688948516,13.0
v100_s0_p10,100,0.1,h4,4,1.4910515212159532,1.5080723169680355,3.1803640000289306,2.7596523329848424,True,True,107.0,94.0,True,True,True,0.017020795752082263,-0.42071166704408824,0.8677158755915169,-13.0
v100_s0_p10,100,0.1,h2+3,0,1.4871900605995934,1.5127723316823085,2.291431999998167,1.8264754170086235,True,True,79.0,77.0,True,True,True,0.025582271082715158,-0.4649565829895437,0.7970890766167551,-2.0
v100_s0_p10,100,0.1,h2+3,1,1.5351588684471853,1.5405266697717637,2.904648541007191,3.137172457994893,True,True,76.0,85.0,True,True,True,0.0053678013245783696,0.23252391698770225,1.0800523415156706,9.0
v100_s0_p10,100,0.1,h2+3,2,1.501960067099987,1.459834464736422,3.773124416009523,2.775260249967687,True,True,79.0,74.0,True,True,True,-0.042125602363564996,-0.9978641660418361,0.7355337232433001,-5.0
v100_s0_p10,100,0.1,h2+3,3,1.5172073951334126,1.5116978144322109,3.752685957995709,3.1272525840322487,True,True,79.0,85.0,True,True,True,-0.005509580701201777,-0.6254333739634603,0.8333371401273606,6.0
v100_s0_p10,100,0.1,h2+3,4,1.482255949454252,1.505094288493573,3.877518375054933,3.1179968749638647,True,True,79.0,78.0,True,True,True,0.022838339039320976,-0.7595215000910684,0.8041217534964464,-1.0
v100_s0_p10,100,0.1,h2+3+4,0,1.5064662995121987,1.4643319377690982,2.4213580419891514,2.244100874988362,True,True,80.0,78.0,True,True,True,-0.04213436174310048,-0.1772571670007892,0.9267943179294658,-2.0
v100_s0_p10,100,0.1,h2+3+4,1,1.4895386645769828,1.491241979631906,4.259110833983868,3.6774950409890153,True,True,107.0,100.0,True,True,True,0.0017033150549232712,-0.5816157929948531,0.8634419681323897,-7.0
v100_s0_p10,100,0.1,h2+3+4,2,1.4919785608693783,1.5164484747608586,4.539173708006274,4.03820008301409,True,True,117.0,93.0,True,True,True,0.024469913891480344,-0.5009736249921843,0.8896332995345478,-24.0
v100_s0_p10,100,0.1,h2+3+4,3,1.4827365399834178,1.5110515054200402,4.062776750011835,3.612814875028562,True,True,88.0,100.0,True,True,True,0.028314965436622375,-0.44996187498327345,0.8892476986381389,12.0
v100_s0_p10,100,0.1,h2+3+4,4,1.507773265356144,1.5014085295769748,4.0649012079811655,3.4506613329867832,True,True,107.0,94.0,True,True,True,-0.006364735779169184,-0.6142398749943823,0.8488918073117342,-13.0
v100_s0_p30,100,0.3,h2,0,2.384161305311331,2.3203341389684398,0.5049071249668486,0.27864333300385624,True,True,126.0,70.0,True,True,True,-0.06382716634289132,-0.2262637919629924,0.5518704712716255,-56.0
v100_s0_p30,100,0.3,h2,1,2.307324091208154,2.3882442921576637,0.7855362499831244,0.4217307079816237,True,True,126.0,70.0,True,True,True,0.0809202009495098,-0.3638055420015007,0.536869823627724,-56.0
v100_s0_p30,100,0.3,h2,2,2.1859277774638146,2.4084874141409633,0.8624123339541256,0.4216281659901142,True,True,126.0,70.0,True,True,True,0.22255963667714873,-0.44078416796401143,0.48889394247988793,-56.0
v100_s0_p30,100,0.3,h2,3,2.3486434356368378,2.44274765075105,0.7943267499795184,0.4073209170019254,True,True,126.0,70.0,True,True,True,0.09410421511421241,-0.38700583297759295,0.5127876116628681,-56.0
v100_s0_p30,100,0.3,h2,4,2.266797215698104,2.108632353513073,0.8207911670324393,0.4255111660459079,True,True,126.0,70.0,True,True,True,-0.15816486218503112,-0.3952800009865314,0.5184158689040703,-56.0
v100_s0_p30,100,0.3,h3,0,2.0622394016198826,2.1908203106550084,0.5962400419521146,0.3827471249969676,True,True,126.0,70.0,True,True,True,0.12858090903512576,-0.21349291695514694,0.641934620398586,-56.0
v100_s0_p30,100,0.3,h3,1,2.2213916118324954,2.214667292208218,1.038615084020421,0.5693101669894531,True,True,126.0,70.0,True,True,True,-0.006724319624277442,-0.46930491703096777,0.5481435574627757,-56.0
v100_s0_p30,100,0.3,h3,2,2.153371834343369,2.2591175758444275,1.0029636249528266,0.5529411659808829,True,True,126.0,70.0,True,True,True,0.10574574150105853,-0.4500224589719437,0.5513072979161033,-56.0
v100_s0_p30,100,0.3,h3,3,2.1552748661015313,2.2341623525999856,0.9389091250486672,0.5403771249693818,True,True,126.0,70.0,True,True,True,0.07888748649845434,-0.39853200007928535,0.5755371958296518,-56.0
v100_s0_p30,100,0.3,h3,4,2.209520373486867,2.215412888787248,0.9206034169765189,0.5909102919977158,True,True,126.0,70.0,True,True,True,0.005892515300380818,-0.3296931249788031,0.6418727989717941,-56.0
v100_s0_p30,100,0.3,h4,0,2.7851839563389498,2.552907012067828,1.2912938749650493,0.677233750000596,True,True,99.0,92.0,True,True,True,-0.2322769442711219,-0.6140601249644533,0.5244613663322195,-7.0
v100_s0_p30,100,0.3,h4,1,2.6199478103179414,2.613170358359348,2.1088330000056885,1.092331457999535,True,True,99.0,99.0,True,True,True,-0.00677745195859325,-1.0165015420061536,0.5179791183069443,0.0
v100_s0_p30,100,0.3,h4,2,2.730305836076695,2.452950056647845,2.1969539580168203,1.0089514999999665,True,True,99.0,99.0,True,True,True,-0.2773557794288499,-1.1880024580168538,0.4592501796945905,0.0
v100_s0_p30,100,0.3,h4,3,2.7198054243232788,2.6978989103501587,2.1185117079876363,1.043190666998271,True,True,99.0,92.0,True,True,True,-0.021906513973120045,-1.0753210409893654,0.49241675798393036,-7.0
v100_s0_p30,100,0.3,h4,4,,2.6753553264049397,2.1165931249852292,1.0853378750034608,True,True,99.0,99.0,False,True,False,,-1.0312552499817684,0.5127758671194942,0.0
v100_s0_p30,100,0.3,h2+3,0,2.4368481951120606,2.193148524506986,0.5937537500285544,0.379118750046473,True,True,126.0,70.0,True,True,True,-0.24369967060507447,-0.21463499998208135,0.6385117568154149,-56.0
v100_s0_p30,100,0.3,h2+3,1,2.1917940227787187,2.190820310655013,1.043545832973905,0.5798402919899672,True,True,126.0,70.0,True,True,True,-0.0009737121237058943,-0.4637055409839377,0.5556442981881629,-56.0
v100_s0_p30,100,0.3,h2+3,2,2.2151089475435817,2.2486831997057224,1.0589410839602351,0.6064490409917198,True,True,126.0,70.0,True,True,True,0.033574252162140716,-0.4524920429685153,0.5726938449906179,-56.0
v100_s0_p30,100,0.3,h2+3,3,2.035753478245612,2.306126790101567,0.9761303749983199,0.5929936249740422,True,True,126.0,70.0,True,True,True,0.27037331185595503,-0.3831367500242777,0.6074942857659387,-56.0
v100_s0_p30,100,0.3,h2+3,4,2.189192973456068,2.2112535191412466,1.089091041998472,0.6016986250178888,True,True,126.0,70.0,True,True,True,0.022060545685178568,-0.4873924169805832,0.5524778019602268,-56.0
v100_s0_p30,100,0.3,h2+3+4,0,2.9427703033242616,2.676251885966621,1.6383347500232048,0.8425648749689572,True,True,99.0,92.0,True,True,True,-0.2665184173576405,-0.7957698750542477,0.5142812694151933,-7.0
v100_s0_p30,100,0.3,h2+3+4,1,2.7370934383700884,2.8238010899359405,2.6637346660136245,1.4066779999993742,True,True,99.0,99.0,True,True,True,0.08670765156585203,-1.2570566660142504,0.5280848794540481,0.0
v100_s0_p30,100,0.3,h2+3+4,2,,2.5593465350951123,2.7009582499740645,1.2749789590016007,True,True,99.0,99.0,False,True,False,,-1.4259792909724638,0.47204689632423735,0.0
v100_s0_p30,100,0.3,h2+3+4,3,,2.7758227364328514,2.61355933296727,1.3652954580029473,True,True,99.0,92.0,False,True,False,,-1.248263874964323,0.5223893105395381,-7.0
v100_s0_p30,100,0.3,h2+3+4,4,2.9118950481289314,2.820019345025386,2.6856776669737883,1.3664272080059163,True,True,99.0,99.0,True,True,True,-0.09187570310354554,-1.319250458967872,0.5087830251593823,0.0
v100_s0_p50,100,0.5,h2,0,2.815230746667167,2.717767006652076,0.43752379197394475,0.14920916699338704,True,True,109.0,26.0,True,True,True,-0.09746374001509084,-0.2883146249805577,0.3410309787273756,-83.0
v100_s0_p50,100,0.5,h2,1,3.0397068797957725,2.8106718476559758,0.6645607909886166,0.20788954198360443,True,True,109.0,26.0,True,True,True,-0.2290350321397967,-0.4566712490050122,0.31282246079300424,-83.0
v100_s0_p50,100,0.5,h2,2,2.871968620533324,3.2761173256395497,0.6216184580116533,0.23396491695893928,True,True,109.0,26.0,True,True,True,0.4041487051062256,-0.387653541052714,0.376380260179715,-83.0
v100_s0_p50,100,0.5,h2,3,2.8233437450383745,3.125348599408068,0.6696112910285592,0.19888562499545515,True,True,109.0,26.0,True,True,True,0.3020048543696934,-0.47072566603310406,0.29701653430896613,-83.0
v100_s0_p50,100,0.5,h2,4,2.809690111570501,2.920443817861247,0.6553642919752747,0.23770633299136534,True,True,109.0,26.0,True,True,True,0.11075370629074577,-0.41765795898390934,0.36270870400173316,-83.0
v100_s0_p50,100,0.5,h3,0,3.0053068194221377,3.212016717191869,0.4106722080032341,0.1797445829724893,True,True,109.0,26.0,True,True,True,0.20670989776973148,-0.23092762503074482,0.4376838253711918,-83.0
v100_s0_p50,100,0.5,h3,1,2.8937894429972615,3.212016717191869,0.6735635420191102,0.2722908750292845,True,True,109.0,26.0,True,True,True,0.3182272741946077,-0.40127266698982567,0.40425417654442936,-83.0
v100_s0_p50,100,0.5,h3,2,2.84582873517776,3.202108044999162,0.7586719169630669,0.27271066600224003,True,True,109.0,26.0,True,True,True,0.3562793098214021,-0.4859612509608269,0.3594579684640099,-83.0
v100_s0_p50,100,0.5,h3,3,2.670994271967027,3.212016717191869,0.7349092080257833,0.25764358398737386,True,True,109.0,26.0,True,True,True,0.5410224452248422,-0.47726562403840944,0.35057879418804994,-83.0
v100_s0_p50,100,0.5,h3,4,2.769321674433065,3.202108044999162,0.7014834999572486,0.2959924170281738,True,True,109.0,26.0,True,True,True,0.43278637056609703,-0.40549108292907476,0.4219520730654575,-83.0
v100_s0_p50,100,0.5,h2+3,0,2.7792932525437823,3.212016717191869,0.46453304204624146,0.1788720419863239,True,True,109.0,26.0,True,True,True,0.43272346464808686,-0.28566100005991757,0.38505773711683194,-83.0
v100_s0_p50,100,0.5,h2+3,1,2.829245164072922,3.202108044999162,0.725849875016138,0.264108374947682,True,True,109.0,26.0,True,True,True,0.37286288092624,-0.46174150006845593,0.3638608809319008,-83.0
v100_s0_p50,100,0.5,h2+3,2,2.7724303609938934,3.212016717191869,0.769107875006739,0.26489862496964633,True,True,109.0,26.0,True,True,True,0.4395863561979758,-0.5042092500370927,0.3444232383751437,-83.0
v100_s0_p50,100,0.5,h2+3,3,2.8934019105142736,3.202108044999162,0.7487384999985807,0.2693623329978436,True,True,109.0,26.0,True,True,True,0.3087061344848885,-0.47937616700073704,0.35975488504778935,-83.0
v100_s0_p50,100,0.5,h2+3,4,2.969685216208561,3.202108044999162,0.7917502080090344,0.2802436660276726,True,True,109.0,26.0,True,True,True,0.23242282879060117,-0.5115065419813618,0.3539546478079041,-83.0
v100_s1_p0,100,0.0,h2,0,1.3089730971312932,1.301902179915545,1.32476804201724,1.2631222499767318,True,True,180.0,176.0,True,True,True,-0.0070709172157481515,-0.06164579204050824,0.9534667276947295,-4.0
v100_s1_p0,100,0.0,h2,1,1.328783913501826,1.321840334996746,2.157207374984864,2.074486709025223,True,True,180.0,176.0,True,True,True,-0.006943578505079984,-0.08272066595964134,0.9616538183028316,-4.0
v100_s1_p0,100,0.0,h2,2,1.314144411028988,1.303741370186553,2.1042736250092275,2.1108657919685356,True,True,180.0,176.0,True,True,True,-0.01040304084243493,0.006592166959308088,1.0031327517871063,-4.0
v100_s1_p0,100,0.0,h2,3,1.3305096568942332,1.3216254684939996,2.2045552500057966,2.034716583963018,True,True,180.0,176.0,True,True,True,-0.008884188400233528,-0.16983866604277864,0.9229601226631394,-4.0
v100_s1_p0,100,0.0,h2,4,1.321786080609161,1.2950690374687683,2.2144705000100657,2.013795625010971,True,True,180.0,176.0,True,True,True,-0.026717043140392693,-0.20067487499909475,0.9093801994661105,-4.0
v100_s1_p0,100,0.0,h3,0,1.3576991012882222,1.3449868160162226,2.4771258749533445,2.113823916995898,True,True,87.0,89.0,True,True,True,-0.012712285271999635,-0.3633019579574466,0.8533373044822402,2.0
v100_s1_p0,100,0.0,h3,1,1.3731011710445724,1.3705302297557165,3.9106201250106096,3.4315405839588493,True,True,80.0,81.0,True,True,True,-0.0025709412888559324,-0.4790795410517603,0.8774926927860424,1.0
v100_s1_p0,100,0.0,h3,2,1.3709478343997024,1.3642666099827372,3.6857850000378676,3.951705083018169,True,True,91.0,91.0,True,True,True,-0.00668122441696517,0.26592008298030123,1.0721474754977758,0.0
v100_s1_p0,100,0.0,h3,3,1.4004584566585392,1.374820108392298,3.7135643750079907,3.450382500013802,True,True,76.0,89.0,True,True,True,-0.02563834826624123,-0.26318187499418855,0.929129577834874,13.0
v100_s1_p0,100,0.0,h3,4,1.355683317853987,1.3839347359084395,3.571700750035234,3.5886194169870578,True,True,67.0,89.0,True,True,True,0.028251418054452415,0.01691866695182398,1.0047368657499252,22.0
v100_s1_p0,100,0.0,h4,0,1.3956195153793132,1.3773525729238656,2.8995838339906186,2.6177325830212794,True,True,108.0,90.0,True,True,True,-0.018266942455447577,-0.28185125096933916,0.9027959641430905,-18.0
v100_s1_p0,100,0.0,h4,1,1.385953705517425,1.3531061238062063,4.909255667007528,4.656542957993224,True,True,139.0,76.0,True,True,True,-0.0328475817112186,-0.252712709014304,0.9485232128543131,-63.0
v100_s1_p0,100,0.0,h4,2,1.3508237092510662,1.3694056054693227,4.888289999973495,4.792914166988339,True,True,100.0,96.0,True,True,True,0.018581896218256455,-0.09537583298515528,0.9804889167816,-4.0
v100_s1_p0,100,0.0,h4,3,1.342464770210305,1.372612333810634,5.015105290978681,4.244888834015001,True,True,78.0,92.0,True,True,True,0.030147563600328997,-0.7702164569636807,0.8464206806686255,14.0
v100_s1_p0,100,0.0,h4,4,1.343933228997838,1.3797090809764536,4.98167808301514,4.352971041982528,True,True,78.0,92.0,True,True,True,0.03577585197861555,-0.6287070410326123,0.8737961324365443,14.0
v100_s1_p0,100,0.0,h2+3,0,1.3564521900328443,1.3349070828656344,2.705388833011966,2.3212489169673063,True,True,87.0,89.0,True,True,True,-0.02154510716720992,-0.3841399160446599,0.858009351056207,2.0
v100_s1_p0,100,0.0,h2+3,1,1.354204189156054,1.3659189965148033,4.376791250018869,3.869596917007584,True,True,80.0,81.0,True,True,True,0.011714807358749413,-0.5071943330112845,0.8841173124240052,1.0
v100_s1_p0,100,0.0,h2+3,2,1.3708659631779008,1.3819407952251066,4.052717666956596,4.332682791980915,True,True,91.0,91.0,True,True,True,0.01107483204720583,0.2799651250243187,1.069080836128059,0.0
v100_s1_p0,100,0.0,h2+3,3,1.3909944613384855,1.3649575012199722,4.034718458016869,3.7564903749735095,True,True,76.0,89.0,True,True,True,-0.026036960118513308,-0.2782280830433592,0.9310415123289388,13.0
v100_s1_p0,100,0.0,h2+3,4,1.3441162415520649,1.3553097545815869,3.8444786249892786,3.9507499590399675,True,True,67.0,89.0,True,True,True,0.011193513029521984,0.10627133405068889,1.0276425867892516,22.0
v100_s1_p0,100,0.0,h2+3+4,0,1.3911865453487495,1.372941338255055,3.4869808339863084,3.198372582963202,True,True,108.0,90.0,True,True,True,-0.018245207093694482,-0.2886082510231063,0.9172326247938765,-18.0
v100_s1_p0,100,0.0,h2+3+4,1,1.3757619795699054,1.3861717808994907,5.779122959007509,5.547087292012293,True,True,139.0,76.0,True,True,True,0.010409801329585244,-0.23203566699521616,0.9598493285847883,-63.0
v100_s1_p0,100,0.0,h2+3+4,2,1.355283805271766,1.3888320185624021,5.824183750024531,5.703099374950398,True,True,100.0,96.0,True,True,True,0.033548213290636175,-0.12108437507413328,0.9792100695529011,-4.0
v100_s1_p0,100,0.0,h2+3+4,3,1.3438696399494006,1.3827682932535807,6.069088832999114,5.139308332989458,True,True,78.0,92.0,True,True,True,0.038898653304180186,-0.929780500009656,0.8468006441174146,14.0
v100_s1_p0,100,0.0,h2+3+4,4,1.361927525023328,1.3720374975918583,5.855201083992142,5.192154791962821,True,True,78.0,92.0,True,True,True,0.010109972568530301,-0.6630462920293212,0.8867594327644767,14.0
v100_s1_p10,100,0.1,h2,0,1.5011114359826396,1.4645547930645937,0.7898259169887751,0.7594494170043617,True,True,162.0,149.0,True,True,True,-0.036556642918045945,-0.030376499984413385,0.9615402592760892,-13.0
v100_s1_p10,100,0.1,h2,1,1.4977482565793534,1.472667901666555,1.2937999999849126,1.1565468329936266,True,True,162.0,149.0,True,True,True,-0.025080354912798475,-0.13725316699128598,0.8939146954762046,-13.0
v100_s1_p10,100,0.1,h2,2,1.509169787629672,1.4791259579200677,1.2061074590310454,1.1873625839943998,True,True,162.0,149.0,True,True,True,-0.030043829709604175,-0.01874487503664568,0.9844583706897022,-13.0
v100_s1_p10,100,0.1,h2,3,1.4964944506210016,1.4725423512085634,1.255059415998403,1.2227150000398979,True,True,162.0,149.0,True,True,True,-0.023952099412438255,-0.032344415958505124,0.9742287771031342,-13.0
v100_s1_p10,100,0.1,h2,4,1.5175617060367417,1.4486153968827704,1.389325124968309,1.3425668749841861,True,True,162.0,149.0,True,True,True,-0.06894630915397126,-0.04675824998412281,0.9663446308255677,-13.0
v100_s1_p10,100,0.1,h3,0,1.4786800968556695,1.500486793657906,2.0640217090258375,1.8205910419928841,True,True,78.0,85.0,True,True,True,0.02180669680223657,-0.24343066703295335,0.8820600258376904,7.0
v100_s1_p10,100,0.1,h3,1,1.5012866878120763,1.4896613438881667,3.4962247500079684,2.8586071669706143,True,True,75.0,82.0,True,True,True,-0.01162534392390957,-0.637617583037354,0.8176268321892347,7.0
v100_s1_p10,100,0.1,h3,2,1.4889514733797211,1.5097862940024185,3.6418349590385333,3.082890832971316,True,True,78.0,78.0,True,True,True,0.02083482062269737,-0.5589441260672174,0.8465212915044392,0.0
v100_s1_p10,100,0.1,h3,3,1.4692907824993358,1.4877636506722904,3.537777499994263,2.9212381249526516,True,True,78.0,87.0,True,True,True,0.018472868172954682,-0.6165393750416115,0.8257269217629963,9.0
v100_s1_p10,100,0.1,h3,4,1.4580469315954996,1.5043958138810982,3.5130784169887193,2.7827378750080243,True,True,80.0,86.0,True,True,True,0.046348882285598636,-0.730340541980695,0.7921081014164449,6.0
v100_s1_p10,100,0.1,h2+3,0,1.4980853314342577,1.5125390253768047,2.246620082994923,1.9888649999629706,True,True,78.0,85.0,True,True,True,0.01445369394254703,-0.2577550830319524,0.8852698393542604,7.0
v100_s1_p10,100,0.1,h2+3,1,1.4823840121224168,1.4684816028692995,3.717983875016216,3.2351354580023326,True,True,75.0,82.0,True,True,True,-0.013902409253117254,-0.4828484170138836,0.8701316538088059,7.0
v100_s1_p10,100,0.1,h2+3,2,1.4883686214920593,1.500420213492843,3.939637291012332,3.3861280839773826,True,True,78.0,78.0,True,True,True,0.012051592000783762,-0.5535092070349492,0.8595024957506382,0.0
v100_s1_p10,100,0.1,h2+3,3,1.5045759566405732,1.4992585479483842,3.86985050002113,3.1973349160398357,True,True,78.0,87.0,True,True,True,-0.005317408692188996,-0.6725155839812942,0.8262166499771445,9.0
v100_s1_p10,100,0.1,h2+3,4,1.4686879290907735,1.5350884744752753,3.842654959007632,3.1126041670213453,True,True,80.0,86.0,True,True,True,0.0664005453845018,-0.7300507919862866,0.8100139617597041,6.0
v100_s1_p30,100,0.3,h2,0,2.2986424229764797,2.22343709358993,0.462052249989938,0.28125945798819885,True,True,126.0,75.0,True,True,True,-0.07520532938654956,-0.18079279200173914,0.6087178625238244,-51.0
v100_s1_p30,100,0.3,h2,1,,2.4964739246847314,0.704630583000835,0.4344103339826688,True,True,126.0,75.0,False,True,False,,-0.2702202490181662,0.6165079184224878,-51.0
v100_s1_p30,100,0.3,h2,2,2.5808654517866647,2.4119970408075875,0.7430072909919545,0.44277579203480855,True,True,126.0,75.0,True,True,True,-0.16886841097907723,-0.30023149895714596,0.595923885812317,-51.0
v100_s1_p30,100,0.3,h2,3,,2.4898394251912443,0.6633057079743594,0.39349037501960993,True,True,126.0,75.0,False,True,False,,-0.26981533295474946,0.5932262760428719,-51.0
v100_s1_p30,100,0.3,h2,4,2.5074613596835955,2.33942323541161,0.7543164580129087,0.41936716699274257,True,True,126.0,75.0,True,True,True,-0.16803812427198572,-0.33494929102016613,0.5559565385825983,-51.0
v100_s1_p30,100,0.3,h3,0,2.187370440863644,2.186825201182387,0.6281885000062175,0.43371883302461356,True,True,126.0,75.0,True,True,True,-0.0005452396812568594,-0.19446966698160395,0.6904278461326828,-51.0
v100_s1_p30,100,0.3,h3,1,2.111481814513086,2.2029969748009295,1.0256048750015907,0.6979941669851542,True,True,126.0,75.0,True,True,True,0.09151516028784368,-0.32761070801643655,0.6805683007152941,-51.0
v100_s1_p30,100,0.3,h3,2,2.1510619474273778,2.2890101180660727,1.099726708023809,0.687593792041298,True,True,126.0,75.0,True,True,True,0.1379481706386949,-0.4121329159825109,0.6252406048016174,-51.0
v100_s1_p30,100,0.3,h3,3,2.191090455112385,2.260990631064932,1.023971291957423,0.6547829160117544,True,True,126.0,75.0,True,True,True,0.06990017595254683,-0.36918837594566867,0.6394543686474566,-51.0
v100_s1_p30,100,0.3,h3,4,2.141674619105914,2.320959574555891,1.0757544589578174,0.6527536250068806,True,True,126.0,75.0,True,True,True,0.1792849554499769,-0.4230008339509368,0.6067868179131354,-51.0
v100_s1_p30,100,0.3,h2+3,0,2.161584508596573,2.2438256774602303,0.664615249959752,0.4575973749742843,True,True,126.0,75.0,True,True,True,0.08224116886365751,-0.20701787498546764,0.6885147083248476,-51.0
v100_s1_p30,100,0.3,h2+3,1,2.092478613640178,2.1729850731432006,1.0988539999816567,0.6939019580022432,True,True,126.0,75.0,True,True,True,0.08050645950302249,-0.4049520419794135,0.6314778469331017,-51.0
v100_s1_p30,100,0.3,h2+3,2,2.187534276913786,2.273460181192134,1.1533428330440074,0.7341461250325665,True,True,126.0,75.0,True,True,True,0.08592590427834823,-0.41919670801144093,0.6365376399790349,-51.0
v100_s1_p30,100,0.3,h2+3,3,2.1632685713934494,2.2591432831744043,1.0451490000123158,0.7056500000180677,True,True,126.0,75.0,True,True,True,0.09587471178095486,-0.33949899999424815,0.6751668900891188,-51.0
v100_s1_p30,100,0.3,h2+3,4,2.0795885102647267,2.2941348769970062,1.0632628750172444,0.6987123750150204,True,True,126.0,75.0,True,True,True,0.21454636673227956,-0.364550500002224,0.6571398206710531,-51.0
v100_s1_p50,100,0.5,h2,0,2.7668125651884554,2.4287532221830026,0.4085558330407366,0.15606637502787635,True,True,108.0,24.0,True,True,True,-0.3380593430054528,-0.25248945801286027,0.3819952192735311,-84.0
v100_s1_p50,100,0.5,h2,1,2.4783931073563714,2.561334751920165,0.6411147500039078,0.23307341703912243,True,True,108.0,24.0,True,True,True,0.08294164456379338,-0.4080413329647854,0.3635439943281632,-84.0
v100_s1_p50,100,0.5,h2,2,2.534676176902353,2.5855296572934505,0.651202708017081,0.19484874996123835,True,True,108.0,24.0,True,True,True,0.050853480391097605,-0.45635395805584267,0.2992136665932407,-84.0
v100_s1_p50,100,0.5,h2,3,2.536853235054765,2.46125051127147,0.6660973340040073,0.2119713329593651,True,True,108.0,24.0,True,True,True,-0.07560272378329458,-0.4541260010446422,0.31822876648548465,-84.0
v100_s1_p50,100,0.5,h2,4,2.4953205704144406,2.557102742523529,0.7125648750225082,0.20717329101171345,True,True,108.0,24.0,True,True,True,0.06178217210908832,-0.5053915840107948,0.2907430583147525,-84.0
v100_s1_p50,100,0.5,h3,0,2.8716691867037962,2.739835508513306,0.4030644999584183,0.17065525002544746,True,True,108.0,24.0,True,True,True,-0.1318336781904903,-0.23240924993297085,0.4233943948004672,-84.0
v100_s1_p50,100,0.5,h3,1,2.760514532454588,2.739835508513307,0.6611605000216514,0.24502674996620044,True,True,108.0,24.0,True,True,True,-0.020679023941281294,-0.41613375005545095,0.370601011340176,-84.0
v100_s1_p50,100,0.5,h3,2,2.503349278837856,2.739835508513306,0.6678824999835342,0.2574049170361832,True,True,108.0,24.0,True,True,True,0.23648622967544997,-0.41047758294735104,0.3854044941176467,-84.0
v100_s1_p50,100,0.5,h3,3,2.659403082698909,2.739835508513306,0.6429823330254294,0.20888012502109632,True,True,108.0,24.0,True,True,True,0.08043242581439713,-0.4341022080043331,0.32486137533243126,-84.0
v100_s1_p50,100,0.5,h3,4,2.462964030517255,2.739835508513307,0.673416959005408,0.24931737501174212,True,True,108.0,24.0,True,True,True,0.27687147799605194,-0.4240995839936659,0.37022734826869713,-84.0
v100_s1_p50,100,0.5,h2+3,0,2.6296428107763092,2.739835508513306,0.4432130830246024,0.17089291603770107,True,True,108.0,24.0,True,True,True,0.11019269773699669,-0.2723201669869013,0.3855773274369136,-84.0
v100_s1_p50,100,0.5,h2+3,1,2.535779777306046,2.739835508513307,0.699787582969293,0.2992435410269536,True,True,108.0,24.0,True,True,True,0.20405573120726084,-0.4005440419423394,0.4276205355877036,-84.0
v100_s1_p50,100,0.5,h2+3,2,2.4459024207588618,2.739835508513306,0.6829367500031367,0.25786900002276525,True,True,108.0,24.0,True,True,True,0.29393308775444416,-0.42506774998037145,0.37758840774285596,-84.0
v100_s1_p50,100,0.5,h2+3,3,2.6751614404250827,2.739835508513306,0.7158429169794545,0.2394346660003066,True,True,108.0,24.0,True,True,True,0.06467406808822318,-0.47640825097914785,0.33447933942074426,-84.0
v100_s1_p50,100,0.5,h2+3,4,2.6219898527396386,2.739835508513307,0.7207548329606652,0.265594249998685,True,True,108.0,24.0,True,True,True,0.11784565577366823,-0.45516058296198025,0.36849458075459013,-84.0
v100_s2_p0,100,0.0,h2,0,1.323531161929107,1.306094819849719,1.9656139590078965,1.8445582920103334,True,True,180.0,176.0,True,True,True,-0.017436342079387934,-0.1210556669975631,0.9384133051951546,-4.0
v100_s2_p0,100,0.0,h2,1,1.3154801791263413,1.3048870715671033,2.137005374999717,2.01692554197507,True,True,180.0,176.0,True,True,True,-0.010593107559238035,-0.12007983302464709,0.9438092976136464,-4.0
v100_s2_p0,100,0.0,h2,2,1.3110614419745412,1.2976286063246811,2.1940795840346254,2.026780874992255,True,True,180.0,176.0,True,True,True,-0.013432835649860086,-0.16729870904237032,0.9237499358456589,-4.0
v100_s2_p0,100,0.0,h2,3,1.3200604492556323,1.296308375852046,2.073050584003795,2.0576948749949224,True,True,180.0,176.0,True,True,True,-0.023752073403586316,-0.015355709008872509,0.9925926993159929,-4.0
v100_s2_p0,100,0.0,h2,4,1.315976421528554,1.3273279548404309,2.1398922909866087,1.9955405829823576,True,True,180.0,176.0,True,True,True,0.011351533311876771,-0.14435170800425112,0.9325425356162683,-4.0
v100_s2_p0,100,0.0,h3,0,1.3439452247758796,1.3701640488480917,3.6822400000528432,3.243866959004663,True,True,85.0,76.0,True,True,True,0.0262188240722121,-0.4383730410481803,0.8809493566302334,-9.0
v100_s2_p0,100,0.0,h3,1,1.3633318579486065,1.382062361930004,3.912972084013745,3.4646619589766487,True,True,78.0,85.0,True,True,True,0.01873050398139764,-0.44831012503709644,0.8854297665785439,7.0
v100_s2_p0,100,0.0,h3,2,1.348304243620641,1.3825834085040813,4.099502875003964,3.6438205000013113,True,True,90.0,84.0,True,True,True,0.034279164883440405,-0.4556823750026524,0.8888444797096985,-6.0
v100_s2_p0,100,0.0,h3,3,1.3617642226394393,1.3869557052012438,3.684945500048343,3.6111053749918938,True,True,81.0,82.0,True,True,True,0.02519148256180448,-0.07384012505644932,0.9799616778442231,1.0
v100_s2_p0,100,0.0,h3,4,1.338348604587458,1.3756696661594126,3.980112041987013,3.6666848749737255,True,True,84.0,78.0,True,True,True,0.037321061571954584,-0.31342716701328754,0.921251672388395,-6.0
v100_s2_p0,100,0.0,h4,0,1.3470163591112707,1.3931949277368083,4.495513874979224,4.44099312502658,True,True,81.0,107.0,True,True,True,0.0461785686255376,-0.05452074995264411,0.987872187369704,26.0
v100_s2_p0,100,0.0,h4,1,1.3753417870998021,1.3712823582636335,4.696921500028111,4.672707249992527,True,True,72.0,104.0,True,True,True,-0.00405942883616861,-0.024214250035583973,0.9948446551564809,32.0
v100_s2_p0,100,0.0,h4,2,1.4342509853980374,1.3916994983296145,4.825449125026353,4.684847166994587,True,True,139.0,130.0,True,True,True,-0.04255148706842293,-0.14060195803176612,0.9708624100288286,-9.0
v100_s2_p0,100,0.0,h4,3,1.3869078688031373,1.4040895425463042,4.67921541701071,4.747436708013993,True,True,89.0,99.0,True,True,True,0.017181673743166925,0.06822129100328311,1.0145796431502754,10.0
v100_s2_p0,100,0.0,h4,4,1.3883419700554207,1.3740269472555489,4.89322304201778,4.6820897499565035,True,True,72.0,79.0,True,True,True,-0.014315022799871846,-0.21113329206127673,0.9568518969504785,7.0
v100_s2_p0,100,0.0,h2+3,0,1.3669398336693281,1.3569859904899984,3.9079833750147372,3.46895145799499,True,True,85.0,76.0,True,True,True,-0.009953843179329791,-0.4390319170197472,0.8876576804736045,-9.0
v100_s2_p0,100,0.0,h2+3,1,1.3507276144664686,1.3840373519495581,4.324865833972581,3.788268040982075,True,True,78.0,85.0,True,True,True,0.03330973748308952,-0.5365977929905057,0.8759272972642445,7.0
v100_s2_p0,100,0.0,h2+3,2,1.3839206990441348,1.38825361127945,4.556168709008489,3.9314623749814928,True,True,90.0,84.0,True,True,True,0.004332912235315067,-0.624706334026996,0.8628877958816972,-6.0
v100_s2_p0,100,0.0,h2+3,3,1.3586449691128772,1.3889584925373648,4.01729729102226,4.009112667001318,True,True,81.0,82.0,True,True,True,0.030313523424487565,-0.008184624020941556,0.997962654135846,1.0
v100_s2_p0,100,0.0,h2+3,4,1.3566882543580336,1.3604987507376038,4.2939117919886485,3.890857958002016,True,True,84.0,78.0,True,True,True,0.003810496379570205,-0.4030538339866325,0.9061336484045552,-6.0
v100_s2_p0,100,0.0,h2+3+4,0,1.337135242357161,1.3793878682385752,5.359265292005148,5.343175999994855,True,True,81.0,107.0,True,True,True,0.04225262588141421,-0.01608929201029241,0.9969978549047956,26.0
v100_s2_p0,100,0.0,h2+3+4,1,1.3940117023169527,1.3789818454470804,5.66548787499778,5.627030042000115,True,True,72.0,104.0,True,True,True,-0.015029856869872349,-0.03845783299766481,0.9932119115165029,32.0
v100_s2_p0,100,0.0,h2+3+4,2,1.4184732371345516,1.384820691785924,5.880455458012875,5.69196883297991,True,True,139.0,130.0,True,True,True,-0.033652545348627605,-0.1884866250329651,0.9679469343184757,-9.0
v100_s2_p0,100,0.0,h2+3+4,3,1.387249870994515,1.381190993762287,5.66408916603541,5.601195750001352,True,True,89.0,99.0,True,True,True,-0.006058877232227866,-0.06289341603405774,0.9888961112386442,10.0
v100_s2_p0,100,0.0,h2+3+4,4,1.3969513554544672,1.3753117880337042,5.600273500022013,5.7013971250271425,True,True,72.0,79.0,True,True,True,-0.021639567420763006,0.10112362500512972,1.0180569082929132,7.0
v100_s2_p10,100,0.1,h2,0,1.4832355526232512,1.5151710300328787,1.5821156250312924,1.329073500004597,True,True,162.0,149.0,True,True,True,0.03193547740962743,-0.25304212502669543,0.8400609152559942,-13.0
v100_s2_p10,100,0.1,h2,1,1.5061270107063294,1.478393006758869,1.7979965840349905,1.4891049999860115,True,True,162.0,149.0,True,True,True,-0.027734003947460284,-0.308891584048979,0.8282023521113833,-13.0
v100_s2_p10,100,0.1,h2,2,1.5327589039006095,1.5549058123166737,1.8279474169830792,1.3896589169744402,True,True,162.0,149.0,True,True,True,0.02214690841606415,-0.43828850000863895,0.760229153236799,-13.0
v100_s2_p10,100,0.1,h2,3,1.4958846126145544,1.5244818930491844,1.6876267080078833,1.3886571250041015,True,True,162.0,149.0,True,True,True,0.028597280434629946,-0.29896958300378174,0.8228461415162759,-13.0
v100_s2_p10,100,0.1,h2,4,1.5123413211367716,1.5009322580436593,1.798335874977056,1.4848784590139985,True,True,162.0,149.0,True,True,True,-0.011409063093112293,-0.31345741596305743,0.8256958445167777,-13.0
v100_s2_p10,100,0.1,h3,0,1.5616330278455883,1.4906067462774222,3.2181239160127006,2.800125250010751,True,True,104.0,98.0,True,True,True,-0.07102628156816615,-0.41799866600194946,0.8701110718819506,-6.0
v100_s2_p10,100,0.1,h3,1,1.51285462342503,1.516939359396128,3.521042708947789,3.063892875041347,True,True,104.0,98.0,True,True,True,0.004084735971098041,-0.4571498339064419,0.8701663479557582,-6.0
v100_s2_p10,100,0.1,h3,2,1.5067440552284495,1.488865712191018,3.421950666990597,2.9944673749851063,True,True,102.0,98.0,True,True,True,-0.01787834303743141,-0.4274832920054905,0.8750761382596328,-4.0
v100_s2_p10,100,0.1,h3,3,1.555613294607946,1.5305037099462193,3.4433629999984987,3.0318105000187643,True,True,104.0,98.0,True,True,True,-0.025109584661726636,-0.4115524999797344,0.8804794905503969,-6.0
v100_s2_p10,100,0.1,h3,4,1.507947026697473,1.509226186090261,3.416793000011239,3.0055712920147926,True,True,102.0,98.0,True,True,True,0.0012791593927878875,-0.41122170799644664,0.879646877058372,-4.0
v100_s2_p10,100,0.1,h4,0,1.5108979261314341,1.5001169695492313,3.2588017920497805,3.07651295902906,True,True,88.0,80.0,True,True,True,-0.010780956582202794,-0.18228883302072063,0.9440626203577539,-8.0
v100_s2_p10,100,0.1,h4,1,1.5398360715998813,1.5228319637878418,3.9423982920125127,3.5574068329879083,True,True,115.0,91.0,True,True,True,-0.017004107812039537,-0.3849914590246044,0.9023458741333631,-24.0
v100_s2_p10,100,0.1,h4,2,1.5552810940297523,1.5508999461619724,4.143535999988671,3.7057709170039743,True,True,92.0,91.0,True,True,True,-0.004381147867779989,-0.4377650829846971,0.8943498782233594,-1.0
v100_s2_p10,100,0.1,h4,3,1.5377531241617626,1.4931740420238644,4.0729904170148075,3.2306876669754274,True,True,92.0,89.0,True,True,True,-0.044579082137898185,-0.84230275003938,0.7931979543775298,-3.0
v100_s2_p10,100,0.1,h4,4,1.5014046169219923,1.5208957442009938,3.682975624979008,3.3178242089925334,True,True,82.0,85.0,True,True,True,0.019491127279001486,-0.3651514159864746,0.9008542403838049,3.0
v100_s2_p10,100,0.1,h2+3,0,1.521239274408165,1.508628837228654,3.658483167004306,3.168475207989104,True,True,104.0,98.0,True,True,True,-0.012610437179511047,-0.4900079590152018,0.8660625355790724,-6.0
v100_s2_p10,100,0.1,h2+3,1,1.5148991781968575,1.4993734194768042,3.81628437503241,3.356850083975587,True,True,104.0,98.0,True,True,True,-0.01552575872005324,-0.459434291056823,0.8796121447178786,-6.0
v100_s2_p10,100,0.1,h2+3,2,1.4923477508330403,1.4989936331246434,3.8042008340125903,3.3058359579881653,True,True,102.0,98.0,True,True,True,0.006645882291603122,-0.49836487602442503,0.8689961708728294,-4.0
v100_s2_p10,100,0.1,h2+3,3,1.5148757827634727,1.5273888012034134,3.7595114579889923,3.2907272090087645,True,True,104.0,98.0,True,True,True,0.012513018439940682,-0.46878424898022786,0.875307136520609,-6.0
v100_s2_p10,100,0.1,h2+3,4,1.517149187249003,1.5064301046217237,3.7445042089675553,3.15297825000016,True,True,102.0,98.0,True,True,True,-0.010719082627279386,-0.5915259589673951,0.8420282296516653,-4.0
v100_s2_p10,100,0.1,h2+3+4,0,1.545411730426434,1.4999931054783988,4.210034541029017,3.8458609160152264,True,True,89.0,82.0,True,True,True,-0.04541862494803528,-0.364173625013791,0.9134986610050996,-7.0
v100_s2_p10,100,0.1,h2+3+4,1,1.5356232001312184,1.5208630081379604,4.8449089170317166,4.357223291997798,True,True,115.0,91.0,True,True,True,-0.014760191993258065,-0.48768562503391877,0.8993405999193264,-24.0
v100_s2_p10,100,0.1,h2+3+4,2,1.5415513670491348,1.497773655291035,5.063849333033431,4.384312708047219,True,True,93.0,91.0,True,True,True,-0.04377771175809975,-0.6795366249862127,0.8658063105169155,-2.0
v100_s2_p10,100,0.1,h2+3+4,3,1.5451613375566056,1.5146194949996192,5.087206333002541,4.01521258300636,True,True,92.0,90.0,True,True,True,-0.03054184255698633,-1.0719937499961816,0.7892765341476772,-2.0
v100_s2_p10,100,0.1,h2+3+4,4,1.5383204672300015,1.5402508787673586,4.4720825830008835,4.132631917018443,True,True,83.0,85.0,True,True,True,0.0019304115373570685,-0.3394506659824401,0.9240956177167328,2.0
v100_s2_p30,100,0.3,h2,0,2.1377609466287852,2.2547206943609264,0.8016782500199042,0.3890695840236731,True,True,126.0,72.0,True,True,True,0.11695974773214113,-0.41260866599623114,0.4853188720213043,-54.0
v100_s2_p30,100,0.3,h2,1,2.2458297675888743,2.1523878263145906,0.8564389160019346,0.4267774579930119,True,True,126.0,72.0,True,True,True,-0.09344194127428374,-0.42966145800892264,0.4983162838808318,-54.0
v100_s2_p30,100,0.3,h2,2,2.37002093505243,2.1332370863049985,0.8677791249938309,0.4628402499947697,True,True,126.0,72.0,True,True,True,-0.2367838487474314,-0.4049388749990612,0.5333618160013471,-54.0
v100_s2_p30,100,0.3,h2,3,2.3426190205641775,2.274541615196309,0.8660987080074847,0.4257492919568904,True,True,126.0,72.0,True,True,True,-0.06807740536786833,-0.4403494160505943,0.49157132786441143,-54.0
v100_s2_p30,100,0.3,h2,4,2.2149059877188755,2.1945960150066304,0.9061356669990346,0.425694375007879,True,True,126.0,72.0,True,True,True,-0.020309972712245106,-0.4804412919911556,0.4697909932380275,-54.0
v100_s2_p30,100,0.3,h3,0,2.0091277555173708,2.311101671733118,1.0409280409803614,0.6174878749880008,True,True,126.0,72.0,True,True,True,0.3019739162157471,-0.42344016599236056,0.5932089930120834,-54.0
v100_s2_p30,100,0.3,h3,1,2.048028861201281,2.1047624609687245,1.1425145830144174,0.6616992080234922,True,True,126.0,72.0,True,True,True,0.05673359976744363,-0.4808153749909252,0.5791604044804934,-54.0
v100_s2_p30,100,0.3,h3,2,2.0396236791565574,2.070195807731301,1.1575852089445107,0.613477208011318,True,True,126.0,72.0,True,True,True,0.030572128574743562,-0.5441080009331927,0.5299628945420685,-54.0
v100_s2_p30,100,0.3,h3,3,2.0921603145935967,1.8941793101466997,1.1830547080026008,0.6587760000256822,True,True,126.0,72.0,True,True,True,-0.19798100444689704,-0.5242787079769187,0.5568432259045064,-54.0
v100_s2_p30,100,0.3,h3,4,2.026123819867984,1.9624725144831188,1.1312449169927277,0.681750167044811,True,True,126.0,72.0,True,True,True,-0.06365130538486508,-0.4494947499479167,0.6026547892539116,-54.0
v100_s2_p30,100,0.3,h2+3,0,2.037415314778571,1.9141553593656437,1.20212845900096,0.5991194160305895,True,True,126.0,72.0,True,True,True,-0.12325995541292722,-0.6030090429703705,0.498382191640728,-54.0
v100_s2_p30,100,0.3,h2+3,1,2.028230006137545,2.1904416439575134,1.2890505000250414,0.6593510839738883,True,True,126.0,72.0,True,True,True,0.1622116378199685,-0.6296994160511531,0.511501360079438,-54.0
v100_s2_p30,100,0.3,h2+3,2,2.0829721947230073,2.2279234515593123,1.1836019170004874,0.6622815000009723,True,True,126.0,72.0,True,True,True,0.14495125683630494,-0.5213204169995151,0.5595475053634097,-54.0
v100_s2_p30,100,0.3,h2+3,3,2.0617841392727008,2.1945577018241558,1.1296074169804342,0.6364892499987036,True,True,126.0,72.0,True,True,True,0.132773562551455,-0.4931181669817306,0.5634605796942356,-54.0
v100_s2_p30,100,0.3,h2+3,4,2.0325998904272664,1.9653536420241329,1.2267170420382172,0.5978986659902148,True,True,126.0,72.0,True,True,True,-0.06724624840313354,-0.6288183760480024,0.4873973748638831,-54.0
v100_s2_p50,100,0.5,h2,0,2.634048542543929,2.632063889491247,0.6488819590304047,0.21496745804324746,True,True,110.0,29.0,True,True,True,-0.0019846530526819173,-0.4339145009871572,0.33128900418877993,-81.0
v100_s2_p50,100,0.5,h2,1,2.9030336800409304,2.603470450085219,0.6596556670265272,0.21770050004124641,True,True,110.0,29.0,True,True,True,-0.2995632299557114,-0.4419551669852808,0.3300214201487211,-81.0
v100_s2_p50,100,0.5,h2,2,2.5103065349834597,2.748482981273677,0.6528245420195162,0.2685103749972768,True,True,110.0,29.0,True,True,True,0.2381764462902174,-0.3843141670222394,0.411305577095246,-81.0
v100_s2_p50,100,0.5,h2,3,2.9567804504016273,2.635248093652322,0.6553542919573374,0.23079108400270343,True,True,110.0,29.0,True,True,True,-0.32153235674930514,-0.424563207954634,0.35216231408724424,-81.0
v100_s2_p50,100,0.5,h2,4,2.8058377800003216,2.603470450085219,0.6323862500139512,0.2537059999885969,True,True,110.0,29.0,True,True,True,-0.20236732991510253,-0.3786802500253543,0.40118835598180674,-81.0
v100_s2_p50,100,0.5,h3,0,2.524966898678244,2.7706406569659676,0.7156995419645682,0.2904694169992581,True,True,110.0,29.0,True,True,True,0.24567375828772375,-0.4252301249653101,0.40585385342280716,-81.0
v100_s2_p50,100,0.5,h3,1,2.823527981260999,2.7706406569659676,0.6561885830014944,0.2910311659798026,True,True,110.0,29.0,True,True,True,-0.0528873242950314,-0.3651574170216918,0.44351757028229155,-81.0
v100_s2_p50,100,0.5,h3,2,2.527034556993283,2.7706406569659676,0.6986632919870317,0.26945800002431497,True,True,110.0,29.0,True,True,True,0.24360609997268456,-0.42920529196271673,0.38567648123885767,-81.0
v100_s2_p50,100,0.5,h3,3,2.749428325280258,2.7706406569659645,0.6266897500026971,0.27995016699424013,True,True,110.0,29.0,True,True,True,0.021212331685706687,-0.346739583008457,0.4467125351787472,-81.0
v100_s2_p50,100,0.5,h3,4,2.52086320082441,2.7706406569659676,0.76934787502978,0.2903619169956073,True,True,110.0,29.0,True,True,True,0.24977745614155777,-0.47898595803417265,0.37741303566266166,-81.0
v100_s2_p50,100,0.5,h2+3,0,2.51053374238638,2.740991478821597,0.7669425000203773,0.26979083399055526,True,True,110.0,29.0,True,True,True,0.23045773643521716,-0.4971516660298221,0.3517745254479795,-81.0
v100_s2_p50,100,0.5,h2+3,1,2.7065025452201676,2.740991478821597,0.7374331660103053,0.2817696669953875,True,True,110.0,29.0,True,True,True,0.03448893360142957,-0.45566349901491776,0.3820951917850816,-81.0
v100_s2_p50,100,0.5,h2+3,2,2.559913118992513,2.740991478821597,0.7908624169649556,0.28249229199718684,True,True,110.0,29.0,True,True,True,0.18107835982908416,-0.5083701249677688,0.3571952414697998,-81.0
v100_s2_p50,100,0.5,h2+3,3,2.5424150994758583,2.740991478821597,0.7010752909700386,0.27735312504228204,True,True,110.0,29.0,True,True,True,0.1985763793457389,-0.4237221659277566,0.3956110400903219,-81.0
v100_s2_p50,100,0.5,h2+3,4,2.698142806552845,2.740991478821597,0.7265777920256369,0.2780302080209367,True,True,110.0,29.0,True,True,True,0.042848672268752,-0.4485475840047002,0.3826571787252294,-81.0
v100_s3_p0,100,0.0,h2,0,1.3253315945789168,1.3126531248180056,2.0672898329794407,1.938313124992419,True,True,180.0,176.0,True,True,True,-0.012678469760911248,-0.12897670798702165,0.9376107278575755,-4.0
v100_s3_p0,100,0.0,h2,1,1.2996710073283109,1.3231875781840092,2.090979792003054,1.9721203750232235,True,True,180.0,176.0,True,True,True,0.02351657085569836,-0.11885941697983071,0.9431561139737418,-4.0
v100_s3_p0,100,0.0,h2,2,1.3003355000449426,1.309005491224289,2.1209329580306076,2.031247709004674,True,True,180.0,176.0,True,True,True,0.008669991179346415,-0.08968524902593344,0.9577142461357144,-4.0
v100_s3_p0,100,0.0,h2,3,1.3170063879970266,1.3204412916752457,2.142480542010162,1.996026457985863,True,True,180.0,176.0,True,True,True,0.003434903678219081,-0.14645408402429894,0.9316427472023201,-4.0
v100_s3_p0,100,0.0,h2,4,1.309910586772437,1.3355488310131756,2.0974202080396935,1.9432817500201054,True,True,180.0,176.0,True,True,True,0.025638244240738572,-0.15413845801958814,0.9265104544007182,-4.0
v100_s3_p0,100,0.0,h3,0,1.3435656957421598,1.3529422430246794,3.756046958034858,3.448100416979287,True,True,80.0,83.0,True,True,True,0.009376547282519576,-0.3079465410555713,0.9180131280316348,3.0
v100_s3_p0,100,0.0,h3,1,1.3483742098167188,1.345809729964358,3.8137257920461707,3.4213902089977637,True,True,75.0,76.0,True,True,True,-0.002564479852360746,-0.392335583048407,0.897125382253057,1.0
v100_s3_p0,100,0.0,h3,2,1.3313170603740956,1.3460108245553841,3.6453001250047237,3.526817583013326,True,True,69.0,83.0,True,True,True,0.014693764181288538,-0.11848254199139774,0.9674971777553586,14.0
v100_s3_p0,100,0.0,h3,3,1.3415814070230199,1.3726600007406542,3.985295500024222,3.2953855830128305,True,True,86.0,85.0,True,True,True,0.03107859371763433,-0.6899099170113914,0.8268861325321553,-1.0
v100_s3_p0,100,0.0,h3,4,1.346352051081545,1.3744318345713122,3.982148832990788,3.4987767090206034,True,True,85.0,81.0,True,True,True,0.02807978348976725,-0.4833721239701845,0.8786152541648855,-4.0
v100_s3_p0,100,0.0,h4,0,1.380506504570224,1.3944377010393005,4.5268734589917585,4.054210583039094,True,True,72.0,91.0,True,True,True,0.013931196469076479,-0.47266287595266476,0.8955873451656107,19.0
v100_s3_p0,100,0.0,h4,1,1.348316520031753,1.3762431898002236,4.711519499949645,4.382027417013887,True,True,78.0,121.0,True,True,True,0.02792666976847058,-0.32949208293575794,0.9300667050323618,43.0
v100_s3_p0,100,0.0,h4,2,1.3543486260553916,1.3763656655287582,4.737187874969095,4.772679291956592,True,True,100.0,79.0,True,True,True,0.02201703947336653,0.03549141698749736,1.0074920855841565,-21.0
v100_s3_p0,100,0.0,h4,3,1.3930626886482422,1.3872792873430055,4.819770791975316,4.603131459036376,True,True,123.0,94.0,True,True,True,-0.005783401305236691,-0.21663933293893933,0.9550519428642471,-29.0
v100_s3_p0,100,0.0,h4,4,1.3598671755226945,1.3877322533708372,4.832173375005368,4.7749155829660594,True,True,100.0,117.0,True,True,True,0.027865077848142628,-0.0572577920393087,0.9881507165418615,17.0
v100_s3_p0,100,0.0,h2+3,0,1.3771768955445394,1.3581424415354855,4.118711874994915,3.7916691249702126,True,True,80.0,83.0,True,True,True,-0.019034454009053903,-0.3270427500247024,0.9205958659040441,3.0
v100_s3_p0,100,0.0,h2+3,1,1.3582670538677613,1.3705140931393087,4.197166208003182,3.632468499999959,True,True,75.0,76.0,True,True,True,0.012247039271547466,-0.5646977080032229,0.8654573871946138,1.0
v100_s3_p0,100,0.0,h2+3,2,1.3395376699289314,1.344449768772847,3.9234897500136867,3.8241266250261106,True,True,69.0,83.0,True,True,True,0.004912098843915524,-0.09936312498757616,0.9746748095908165,14.0
v100_s3_p0,100,0.0,h2+3,3,1.3550531648980784,1.359439653467277,4.359596292022616,3.6528226250084117,True,True,86.0,85.0,True,True,True,0.004386488569198654,-0.706773667014204,0.8378809367492376,-1.0
v100_s3_p0,100,0.0,h2+3,4,1.349054988584396,1.3802147397726687,4.450235249998514,3.908397709019482,True,True,85.0,81.0,True,True,True,0.031159751188272633,-0.5418375409790315,0.8782451914246079,-4.0
v100_s3_p0,100,0.0,h2+3+4,0,1.392468528038929,1.390572422461009,5.3314140839502215,5.063343874993734,True,True,72.0,91.0,True,True,True,-0.001896105577920082,-0.2680702089564875,0.9497187416442684,19.0
v100_s3_p0,100,0.0,h2+3+4,1,1.3645270337043893,1.3606161515417228,5.620970458025113,5.342662624956574,True,True,78.0,121.0,True,True,True,-0.003910882162666551,-0.27830783306853846,0.9504875830344927,43.0
v100_s3_p0,100,0.0,h2+3+4,2,1.3463591392267813,1.3836413503641583,5.614835042040795,5.716449166997336,True,True,100.0,79.0,True,True,True,0.03728221113737695,0.10161412495654076,1.0180974372703222,-21.0
v100_s3_p0,100,0.0,h2+3+4,3,1.4049140616595965,1.3907136866401486,5.804853875015397,5.535829540982377,True,True,123.0,94.0,True,True,True,-0.01420037501944793,-0.26902433403301984,0.9536552788708559,-29.0
v100_s3_p0,100,0.0,h2+3+4,4,1.3681045801758729,1.4034682369192089,5.8069780410151,5.6776752910227515,True,True,100.0,117.0,True,True,True,0.03536365674333597,-0.12930274999234825,0.9777332118222122,17.0
v100_s3_p10,100,0.1,h2,0,1.5188778086309187,1.5027164033398388,1.59877649997361,1.2997914999723434,True,True,162.0,147.0,True,True,True,-0.0161614052910799,-0.2989850000012666,0.8129913718357745,-15.0
v100_s3_p10,100,0.1,h2,1,1.514290972446045,1.4926356854672265,1.6501011250074953,1.3263932500267401,True,True,162.0,147.0,True,True,True,-0.021655286978818467,-0.32370787498075515,0.8038254322265947,-15.0
v100_s3_p10,100,0.1,h2,2,1.5068895396047708,1.5334583134730153,1.6859098749700934,1.2993582499912009,True,True,162.0,147.0,True,True,True,0.026568773868244522,-0.3865516249788925,0.7707163172137244,-15.0
v100_s3_p10,100,0.1,h2,3,1.5090102176162625,1.502650618362287,1.67543820803985,1.334873624960892,True,True,162.0,147.0,True,True,True,-0.006359599253975556,-0.3405645830789581,0.7967310394112381,-15.0
v100_s3_p10,100,0.1,h2,4,1.4964182781468787,1.477121367442216,1.727788333024364,1.4195526670082472,True,True,162.0,147.0,True,True,True,-0.019296910704662773,-0.30823566601611674,0.8216010259332095,-15.0
v100_s3_p10,100,0.1,h3,0,1.4963820948312854,1.5041558707022122,3.189324625011068,2.771696083014831,True,True,100.0,89.0,True,True,True,0.007773775870926869,-0.4176285419962369,0.8690542384048511,-11.0
v100_s3_p10,100,0.1,h3,1,1.451698248341739,1.5063925976314487,3.407705374993384,2.926812667050399,True,True,100.0,89.0,True,True,True,0.05469434928970962,-0.480892707942985,0.8588807848613031,-11.0
v100_s3_p10,100,0.1,h3,2,1.4839430128035223,1.495988822179989,3.3819748330279253,2.8985383750405163,True,True,100.0,89.0,True,True,True,0.01204580937646682,-0.4834364579874091,0.8570549806384625,-11.0
v100_s3_p10,100,0.1,h3,3,1.4743490728753597,1.5105950454609056,3.3194224170292728,2.8841174579574727,True,True,100.0,91.0,True,True,True,0.03624597258554596,-0.4353049590718001,0.8688612341597134,-9.0
v100_s3_p10,100,0.1,h3,4,1.5107400325626648,1.501586667772043,3.3428473750245757,3.0012033749953844,True,True,100.0,87.0,True,True,True,-0.009153364790621676,-0.3416440000291914,0.8977985047771797,-13.0
v100_s3_p10,100,0.1,h4,0,1.5038685912852474,1.5522059976565223,3.066487625008449,2.848426833981648,True,True,83.0,130.0,True,True,True,0.04833740637127493,-0.21806079102680087,0.9288890686372164,47.0
v100_s3_p10,100,0.1,h4,1,1.5684647960971412,1.545365604439124,3.4027709999936633,2.885098874976393,True,True,121.0,103.0,True,True,True,-0.023099191658017215,-0.5176721250172704,0.8478674806449701,-18.0
v100_s3_p10,100,0.1,h4,2,1.5346379302845383,1.5443538268195034,3.3379760410171,3.0226056249812245,True,True,109.0,110.0,True,True,True,0.009715896534965074,-0.3153704160358757,0.9055204674447632,1.0
v100_s3_p10,100,0.1,h4,3,1.4983765957255173,1.5574267927721472,3.0643071249942295,2.9724883339949884,True,True,100.0,94.0,True,True,True,0.05905019704662995,-0.09181879099924117,0.9700360351446776,-6.0
v100_s3_p10,100,0.1,h4,4,1.5354669523550941,1.528877366279317,3.435740208020434,2.9552759579964913,True,True,76.0,103.0,True,True,True,-0.0065895860757771985,-0.48046425002394244,0.8601569906530357,27.0
v100_s3_p10,100,0.1,h2+3,0,1.5325485223002944,1.5090389343112125,3.485914250020869,3.114400291000493,True,True,100.0,89.0,True,True,True,-0.02350958798908187,-0.3715139590203762,0.8934242404218199,-11.0
v100_s3_p10,100,0.1,h2+3,1,1.5061643260680653,1.534529627796107,3.6418199579929933,3.250778875022661,True,True,100.0,89.0,True,True,True,0.028365301728041636,-0.39104108297033235,0.8926248174042533,-11.0
v100_s3_p10,100,0.1,h2+3,2,1.5246111392898338,1.4930063509804978,3.648609416966792,3.2341621670057066,True,True,100.0,89.0,True,True,True,-0.031604788309335996,-0.4144472499610856,0.8864095323457151,-11.0
v100_s3_p10,100,0.1,h2+3,3,1.5137717901692853,1.5236121037310781,3.592111959005706,3.173916542029474,True,True,100.0,91.0,True,True,True,0.009840313561792824,-0.4181954169762321,0.8835795148512052,-9.0
v100_s3_p10,100,0.1,h2+3,4,1.5278799794811289,1.5091510365748244,3.6919527080026455,3.2264859580318443,True,True,100.0,87.0,True,True,True,-0.018728942906304447,-0.4654667499708012,0.8739239674002705,-13.0
v100_s3_p10,100,0.1,h2+3+4,0,1.5613854805490175,1.5294738376761468,3.9431553749600425,3.8107225830317475,True,True,85.0,108.0,True,True,True,-0.03191164287287074,-0.13243279192829505,0.9664145134200711,23.0
v100_s3_p10,100,0.1,h2+3+4,1,1.5738510345203658,1.54824810297314,4.176494457991794,3.7249098339816555,True,True,97.0,97.0,True,True,True,-0.025602931547225705,-0.4515846240101382,0.8918747220779801,0.0
v100_s3_p10,100,0.1,h2+3+4,2,1.5726663525620679,1.5549889592812884,3.900695958000142,3.7741691669798456,True,True,98.0,110.0,True,True,True,-0.01767739328077944,-0.12652679102029651,0.9675630214754892,12.0
v100_s3_p10,100,0.1,h2+3+4,3,1.5027255288779233,1.5422981979399022,3.6835764999850653,3.7120422089938074,True,True,83.0,94.0,True,True,True,0.03957266906197887,0.028465709008742124,1.0077277366192496,11.0
v100_s3_p10,100,0.1,h2+3+4,4,1.5235448383398396,1.551327280249285,4.42924095899798,3.760466790990904,True,True,76.0,103.0,True,True,True,0.027782441909445454,-0.6687741680070758,0.849009305612858,27.0
v100_s3_p30,100,0.3,h2,0,2.037711122866109,1.9728916694775118,0.8341627499903552,0.42538274999242276,True,True,126.0,70.0,True,True,True,-0.06481945338859729,-0.40877999999793246,0.509951745024986,-56.0
v100_s3_p30,100,0.3,h2,1,2.174524152231849,2.097585540620758,0.8177681249799207,0.43163729197112843,True,True,126.0,70.0,True,True,True,-0.07693861161109083,-0.38613083300879225,0.5278235709929716,-56.0
v100_s3_p30,100,0.3,h2,2,2.355674642117877,2.272810911728158,0.8215189999900758,0.4638974579866044,True,True,126.0,70.0,True,True,True,-0.08286373038971906,-0.3576215420034714,0.5646825672835424,-56.0
v100_s3_p30,100,0.3,h2,3,1.887024405280669,2.0359891483542034,0.8768133340054192,0.4387702500098385,True,True,126.0,70.0,True,True,True,0.14896474307353436,-0.4380430839955807,0.5004146640944294,-56.0
v100_s3_p30,100,0.3,h2,4,1.9868693845280527,2.0207895014933985,0.863085291988682,0.4097456670133397,True,True,126.0,70.0,True,True,True,0.0339201169653458,-0.4533396249753423,0.47474527815115736,-56.0
v100_s3_p30,100,0.3,h3,0,1.9222730996761532,2.0577422188178502,2.4126327089616098,0.9594108329620212,True,True,45.0,46.0,True,True,True,0.13546911914169701,-1.4532218759995885,0.3976613719105835,1.0
v100_s3_p30,100,0.3,h3,1,1.9181585323141483,1.9874902775481846,2.4808311669621617,0.9093462920282036,True,True,45.0,46.0,True,True,True,0.06933174523403629,-1.571484874933958,0.36654904377943637,1.0
v100_s3_p30,100,0.3,h3,2,1.9181585323141483,2.022796937511536,2.492059457988944,0.9727499160217121,True,True,45.0,46.0,True,True,True,0.10463840519738765,-1.5193095419672318,0.39033977014605714,1.0
v100_s3_p30,100,0.3,h3,3,1.9181585323141483,2.075280392928562,2.48958783299895,0.9432128749904223,True,True,45.0,45.0,True,True,True,0.15712186061441358,-1.5463749580085278,0.37886306419413646,0.0
v100_s3_p30,100,0.3,h3,4,1.9508627586149065,2.0463598071084346,2.5218669589958154,0.8972837909823284,True,True,44.0,46.0,True,True,True,0.09549704849352803,-1.624583168013487,0.35580139855578213,2.0
v100_s3_p30,100,0.3,h4,0,2.0234810289881358,1.9772020486310558,2.148667832952924,1.1253359590191394,True,True,45.0,56.0,True,True,True,-0.04627898035708,-1.0233318739337847,0.5237365877407794,11.0
v100_s3_p30,100,0.3,h4,1,1.9635244388936406,1.9732634640164854,2.259271875023842,1.1196690000360832,True,True,48.0,54.0,True,True,True,0.009739025122844858,-1.1396028749877587,0.49558842935813885,6.0
v100_s3_p30,100,0.3,h4,2,1.9616553341334753,1.9451058315732077,2.2123788750031963,1.1925987499998882,True,True,55.0,56.0,True,True,True,-0.01654950256026755,-1.019780125003308,0.5390571947122598,1.0
v100_s3_p30,100,0.3,h4,3,2.021957455476209,1.9772020486310558,2.344482375017833,1.1644401660305448,True,True,48.0,56.0,True,True,True,-0.044755406845153445,-1.1800422089872882,0.4966726039139824,8.0
v100_s3_p30,100,0.3,h4,4,1.974789000149605,1.9262724146322827,2.3541947919875383,1.1879786670324393,True,True,48.0,54.0,True,True,True,-0.048516585517322186,-1.166216124955099,0.5046220776104443,6.0
v100_s3_p30,100,0.3,h2+3,0,1.9192847920262939,2.0577422188178502,2.5424686250044033,1.0231349999667145,True,True,45.0,46.0,True,True,True,0.13845742679155637,-1.5193336250376888,0.40241794526174046,1.0
v100_s3_p30,100,0.3,h2+3,1,1.9279786586591372,2.0577422188178502,2.762543832999654,1.033382875029929,True,True,45.0,46.0,True,True,True,0.12976356015871304,-1.7291609579697251,0.37406931346600586,1.0
v100_s3_p30,100,0.3,h2+3,2,1.9167275701546025,2.0577422188178502,2.5865229589981027,1.0385665409849025,True,True,45.0,46.0,True,True,True,0.14101464866324775,-1.5479564180132002,0.40152999120765365,1.0
v100_s3_p30,100,0.3,h2+3,3,1.932093226021146,2.075280392928562,2.6693291660049,1.0483431249740534,True,True,45.0,45.0,True,True,True,0.14318716690741584,-1.6209860410308465,0.3927365490645259,0.0
v100_s3_p30,100,0.3,h2+3,4,1.9508627586149065,2.0577422188178502,2.6827422499773093,1.0147819999838248,True,True,44.0,46.0,True,True,True,0.1068794602029437,-1.6679602499934845,0.37826295090123097,2.0
v100_s3_p30,100,0.3,h2+3+4,0,1.9786977050816,1.986407358843283,2.7166158750187606,1.4443315410171635,True,True,45.0,56.0,True,True,True,0.0077096537616829774,-1.272284334001597,0.5316657221577892,11.0
v100_s3_p30,100,0.3,h2+3+4,1,2.0776357998481303,1.9644786163808783,2.989805666031316,1.5166037079761736,True,True,48.0,54.0,True,True,True,-0.11315718346725201,-1.4732019580551423,0.5072582894624458,6.0
v100_s3_p30,100,0.3,h2+3+4,2,2.021585831213974,1.953415565860403,2.8320292909629643,1.4976943340152502,True,True,55.0,56.0,True,True,True,-0.06817026535357096,-1.334334956947714,0.5288413996262005,1.0
v100_s3_p30,100,0.3,h2+3+4,3,1.9766966476722412,2.0216371767185457,2.9371433749911375,1.4344694999745116,True,True,48.0,56.0,True,True,True,0.04494052904630452,-1.502673875016626,0.4883893350895204,8.0
v100_s3_p30,100,0.3,h2+3+4,4,2.0358478607336834,1.9802927535350943,2.9267525000032037,1.5109145829919726,True,True,48.0,54.0,True,True,True,-0.05555510719858914,-1.4158379170112312,0.5162426898039102,6.0
v100_s3_p50,100,0.5,h2,0,2.877827353049781,3.4263504443563213,0.6695544160320424,0.1954280419740826,True,True,106.0,17.0,True,True,True,0.5485230913065404,-0.47412637405795977,0.2918777582444175,-89.0
v100_s3_p50,100,0.5,h2,1,3.0567912188814885,3.2884644215952505,0.7313642079825513,0.20765125000616536,True,True,106.0,17.0,True,True,True,0.23167320271376202,-0.523712957976386,0.2839231777269574,-89.0
v100_s3_p50,100,0.5,h2,2,2.995284734266303,3.3511774559634113,0.7943851670133881,0.20037179195787758,True,True,106.0,17.0,True,True,True,0.35589272169710817,-0.5940133750555106,0.25223506213139124,-89.0
v100_s3_p50,100,0.5,h2,3,3.0729472635839667,3.3511774559634113,0.7382114159991033,0.18261879100464284,True,True,106.0,17.0,True,True,True,0.2782301923794446,-0.5555926249944605,0.24738006897046505,-89.0
v100_s3_p50,100,0.5,h2,4,2.927568651387744,4.022704961431646,0.7080099579761736,0.19534408301115036,True,True,106.0,17.0,True,True,True,1.0951363100439022,-0.5126658749650232,0.2759058411685845,-89.0
v100_s3_p50,100,0.5,h3,0,2.9405403874179594,3.4972292779775063,0.7069785000057891,0.20936829200945795,True,True,106.0,17.0,True,True,True,0.5566888905595468,-0.49761020799633116,0.2961452038608579,-89.0
v100_s3_p50,100,0.5,h3,1,2.8003390657085374,3.497229277977514,0.6587896249839105,0.20727308298228309,True,True,106.0,17.0,True,True,True,0.6968902122689764,-0.4515165420016274,0.31462712089211375,-89.0
v100_s3_p50,100,0.5,h3,2,3.0261617681176123,3.4972292779775063,0.7417766249855049,0.21620170900132507,True,True,106.0,17.0,True,True,True,0.471067509859894,-0.5255749159841798,0.2914647101552302,-89.0
v100_s3_p50,100,0.5,h3,3,3.2931536135213433,3.4972292779775063,0.6787683340371586,0.198452707962133,True,True,106.0,17.0,True,True,True,0.204075664456163,-0.48031562607502565,0.292371782846412,-89.0
v100_s3_p50,100,0.5,h3,4,2.7317755310356873,3.4972292779775063,0.7210614589857869,0.19795645802514628,True,True,106.0,17.0,True,True,True,0.765453746941819,-0.5231050009606406,0.2745347925037944,-89.0
v100_s3_p50,100,0.5,h2+3,0,2.935851195491858,3.4972292779775063,0.8267621669801883,0.19836187496548519,True,True,106.0,17.0,True,True,True,0.5613780824856485,-0.6284002920147032,0.23992616363907532,-89.0
v100_s3_p50,100,0.5,h2+3,1,2.8718843741474043,3.497229277977514,0.7415354999830015,0.21630645799450576,True,True,106.0,17.0,True,True,True,0.6253449038301095,-0.5252290419884957,0.29170074527715023,-89.0
v100_s3_p50,100,0.5,h2+3,2,2.927568651387744,3.4972292779775063,0.7954602499958128,0.20882808399619535,True,True,106.0,17.0,True,True,True,0.5696606265897621,-0.5866321659996174,0.2625248514898068,-89.0
v100_s3_p50,100,0.5,h2+3,3,2.9985642298600266,3.4972292779775063,0.6953332500415854,0.2262838750029914,True,True,106.0,17.0,True,True,True,0.4986650481174797,-0.469049375038594,0.3254322657365489,-89.0
v100_s3_p50,100,0.5,h2+3,4,3.0157309078141945,3.4972292779775063,0.711611750011798,0.20315974997356534,True,True,106.0,17.0,True,True,True,0.48149837016331176,-0.5084520000382327,0.2854924050512054,-89.0
v100_s4_p0,100,0.0,h2,0,1.305726680858582,1.3182414347387588,2.0380235000047833,1.9019220829941332,True,True,180.0,176.0,True,True,True,0.012514753880176865,-0.13610141701065004,0.9332189167542324,-4.0
v100_s4_p0,100,0.0,h2,1,1.3247910415325717,1.3141417088720986,2.1269979999633506,1.983880624989979,True,True,180.0,176.0,True,True,True,-0.010649332660473076,-0.14311737497337162,0.9327139118250992,-4.0
v100_s4_p0,100,0.0,h2,2,1.3060578127226947,1.3123905418375095,2.1514040419715457,2.020209749985952,True,True,180.0,176.0,True,True,True,0.00633272911481475,-0.13119429198559374,0.9390192221330181,-4.0
v100_s4_p0,100,0.0,h2,3,1.3113850133823346,1.313220757159258,2.1215017089853063,2.0239215830224566,True,True,180.0,176.0,True,True,True,0.0018357437769234153,-0.0975801259628497,0.954004219959115,-4.0
v100_s4_p0,100,0.0,h2,4,1.321535167496392,1.3147209201803656,2.1493626249721274,2.033794625021983,True,True,180.0,176.0,True,True,True,-0.006814247316026423,-0.11556799995014444,0.9462315020241673,-4.0
v100_s4_p0,100,0.0,h3,0,1.3573368776202945,1.3588340044289209,3.454985750024207,3.5824736669892445,True,True,72.0,78.0,True,True,True,0.0014971268086263478,0.12748791696503758,1.036899694004279,6.0
v100_s4_p0,100,0.0,h3,1,1.3431411788185348,1.3726354788836914,4.07056941697374,3.339041124971118,True,True,84.0,85.0,True,True,True,0.02949430006515663,-0.731528292002622,0.8202884616210584,1.0
v100_s4_p0,100,0.0,h3,2,1.346705912098064,1.382680839494556,3.8708317920099944,3.4915939159691334,True,True,82.0,72.0,True,True,True,0.035974927396491996,-0.379237876040861,0.9020267744974949,-10.0
v100_s4_p0,100,0.0,h3,3,1.3394921242849,1.3766533514679637,3.928338708006777,3.642755542008672,True,True,78.0,82.0,True,True,True,0.037161227183063694,-0.28558316599810496,0.9273017967070847,4.0
v100_s4_p0,100,0.0,h3,4,1.3643473077064792,1.3633149685529289,3.563846207980532,3.283049541991204,True,True,75.0,67.0,True,True,True,-0.0010323391535502768,-0.2807966659893282,0.9212096567577638,-8.0
v100_s4_p0,100,0.0,h4,0,1.3764319737666373,1.3689162507460102,4.597114500007592,4.620593624946196,True,True,72.0,103.0,True,True,True,-0.007515723020627085,0.02347912493860349,1.005107361354294,31.0
v100_s4_p0,100,0.0,h4,1,1.3867994083555517,1.3929946786559884,4.582952249969821,4.859922749979887,True,True,89.0,91.0,True,True,True,0.0061952703004366505,0.27697050001006573,1.0604349521668897,2.0
v100_s4_p0,100,0.0,h4,2,1.3610858383380602,1.3839233189567357,4.637349416967481,4.397650583006907,True,True,100.0,91.0,True,True,True,0.02283748061867552,-0.23969883396057412,0.9483112415287177,-9.0
v100_s4_p0,100,0.0,h4,3,1.3907220115660341,1.3980993469130636,4.901746833988,4.804471209004987,True,True,114.0,99.0,True,True,True,0.007377335347029446,-0.09727562498301268,0.9801549063471582,-15.0
v100_s4_p0,100,0.0,h4,4,1.368465532322033,1.3835979253795558,4.999390375043731,4.844710542005487,True,True,72.0,107.0,True,True,True,0.015132393057522897,-0.1546798330382444,0.969060261064952,35.0
v100_s4_p0,100,0.0,h2+3,0,1.3559969982813054,1.3587336823900957,3.7916904580197297,3.8775396670098417,True,True,72.0,78.0,True,True,True,0.002736684108790355,0.08584920899011195,1.0226414075570263,6.0
v100_s4_p0,100,0.0,h2+3,1,1.3342773111222255,1.3669107620444483,4.448807166016195,3.667279832996428,True,True,84.0,85.0,True,True,True,0.032633450922222806,-0.781527333019767,0.8243287910993888,1.0
v100_s4_p0,100,0.0,h2+3,2,1.35231420800761,1.3479990061763583,4.203963583975565,3.760687291971408,True,True,82.0,72.0,True,True,True,-0.00431520183125178,-0.44327629200415686,0.8945575328735451,-10.0
v100_s4_p0,100,0.0,h2+3,3,1.3433259953224257,1.3839453199635812,4.313483792007901,3.9185145419905894,True,True,78.0,82.0,True,True,True,0.040619324641155474,-0.3949692500173114,0.9084338161304518,4.0
v100_s4_p0,100,0.0,h2+3,4,1.3781731804868977,1.3562809440509909,3.898005541996099,3.546668624971062,True,True,75.0,67.0,True,True,True,-0.021892236435906876,-0.3513369170250371,0.9098675173137071,-8.0
v100_s4_p0,100,0.0,h2+3+4,0,1.3696117274321316,1.3956327439313108,5.599111083021853,5.448298375005834,True,True,72.0,103.0,True,True,True,0.026021016499179206,-0.15081270801601931,0.9730648837324682,31.0
v100_s4_p0,100,0.0,h2+3+4,1,1.3931642125452204,1.3721114401212369,5.452809458016418,5.894439458032139,True,True,89.0,91.0,True,True,True,-0.021052772423983512,0.4416300000157207,1.080991276775032,2.0
v100_s4_p0,100,0.0,h2+3+4,2,1.3588454765673939,1.3952358718062725,5.562093083979562,5.386921291996259,True,True,100.0,91.0,True,True,True,0.03639039523887866,-0.17517179198330268,0.9685061380062394,-9.0
v100_s4_p0,100,0.0,h2+3+4,3,1.3801243007174326,1.384324784774865,5.873678250005469,5.782609415997285,True,True,114.0,99.0,True,True,True,0.004200484057432341,-0.09106883400818333,0.9844954336734228,-15.0
v100_s4_p0,100,0.0,h2+3+4,4,1.3662747381851597,1.4031224877156168,5.911259124986827,5.871946291998029,True,True,72.0,107.0,True,True,True,0.03684774953045711,-0.03931283298879862,0.9933494992932007,35.0
v100_s4_p10,100,0.1,h2,0,1.4480983616139564,1.504315236127172,1.8000367079512216,1.391353374987375,True,True,162.0,146.0,True,True,True,0.056216874513215664,-0.4086833329638466,0.772958334039196,-16.0
v100_s4_p10,100,0.1,h2,1,1.4525280261759748,1.4940326628214249,1.962319083046168,1.4405421660048887,True,True,162.0,146.0,True,True,True,0.04150463664545012,-0.5217769170412794,0.7341018993550686,-16.0
v100_s4_p10,100,0.1,h2,2,1.5044946811787216,1.5044871740624814,1.8334595420164987,1.456883958016988,True,True,162.0,146.0,True,True,True,-7.507116240201839e-06,-0.37657558399951085,0.7946092753236645,-16.0
v100_s4_p10,100,0.1,h2,3,1.4744443907746034,1.4874842430461779,1.8198376249638386,1.4655884170206264,True,True,162.0,146.0,True,True,True,0.013039852271574448,-0.35424920794321224,0.805340211080507,-16.0
v100_s4_p10,100,0.1,h2,4,1.4633349089017476,1.4859233287673492,1.7859464169596322,1.4212944590253755,True,True,162.0,146.0,True,True,True,0.022588419865601672,-0.36465195793425664,0.7958214454412162,-16.0
v100_s4_p10,100,0.1,h3,0,1.4726266434924993,1.4602671544142125,3.344766916008666,2.862045207992196,True,True,79.0,85.0,True,True,True,-0.012359489078286767,-0.4827217080164701,0.8556785210634332,6.0
v100_s4_p10,100,0.1,h3,1,1.504439356114933,1.4823376440190148,3.4107596250250936,2.7251700829947367,True,True,74.0,72.0,True,True,True,-0.022101712095918158,-0.6855895420303568,0.7989921256836406,-2.0
v100_s4_p10,100,0.1,h3,2,1.4800902764958024,1.5065621230786075,3.1342632910236716,2.951190082996618,True,True,81.0,75.0,True,True,True,0.026471846582805103,-0.18307320802705362,0.9415897162974906,-6.0
v100_s4_p10,100,0.1,h3,3,1.5349508105118586,1.5561633481722537,3.487979625002481,2.766020374954678,True,True,95.0,68.0,True,True,True,0.021212537660395103,-0.7219592500478029,0.7930150609617482,-27.0
v100_s4_p10,100,0.1,h3,4,1.5440054499867273,1.4922577602960811,3.4283022090094164,2.8784496250445955,True,True,98.0,86.0,True,True,True,-0.05174768969064614,-0.549852583964821,0.8396137357669827,-12.0
v100_s4_p10,100,0.1,h4,0,1.503547465029192,1.5314156788118458,3.627457000024151,3.132267166976817,True,True,106.0,97.0,True,True,True,0.027868213782653806,-0.4951898330473341,0.8634884347232683,-9.0
v100_s4_p10,100,0.1,h4,1,1.5416691282243784,1.5491302638570856,3.6155116250156425,3.260357999999542,True,True,108.0,103.0,True,True,True,0.007461135632707228,-0.3551536250161007,0.9017694694828802,-5.0
v100_s4_p10,100,0.1,h4,2,1.5112883720722339,1.5575084796697947,3.7405187499825843,3.3583623750018887,True,True,99.0,107.0,True,True,True,0.04622010759756079,-0.38215637498069555,0.8978333219202618,8.0
v100_s4_p10,100,0.1,h4,3,1.4995884607404164,1.5443884090755677,3.6473423750139773,3.0766265420243144,True,True,90.0,109.0,True,True,True,0.04479994833515133,-0.5707158329896629,0.8435255662042213,19.0
v100_s4_p10,100,0.1,h4,4,1.4986854643837657,1.522095471719799,3.6891000000177883,3.2532867090194486,True,True,95.0,103.0,True,True,True,0.023410007336033267,-0.43581329099833965,0.881864603562864,8.0
v100_s4_p10,100,0.1,h2+3,0,1.4979149063783561,1.501633359279524,3.5654051669989713,3.0988787499954924,True,True,79.0,85.0,True,True,True,0.0037184529011677903,-0.46652641700347885,0.8691519209873817,6.0
v100_s4_p10,100,0.1,h2+3,1,1.4961529463142635,1.4724778937310101,3.619871624978259,3.085326124972198,True,True,74.0,72.0,True,True,True,-0.02367505258325342,-0.534545500006061,0.8523302604662751,-2.0
v100_s4_p10,100,0.1,h2+3,2,1.5160662685337307,1.5074158761618617,3.4800511660287157,3.2643978749983944,True,True,81.0,75.0,True,True,True,-0.008650392371869042,-0.21565329103032127,0.9380315746114689,-6.0
v100_s4_p10,100,0.1,h2+3,3,1.5289035467734153,1.558156939037057,3.7519957089680247,3.060816542012617,True,True,95.0,68.0,True,True,True,0.029253392263641764,-0.6911791669554077,0.8157835934344619,-27.0
v100_s4_p10,100,0.1,h2+3,4,1.550295423448267,1.4945241316912414,3.7416384170064703,3.14407450001454,True,True,98.0,86.0,True,True,True,-0.055771291757025665,-0.5975639169919305,0.8402935157293963,-12.0
v100_s4_p10,100,0.1,h2+3+4,0,1.5442603904644858,1.5311369027915398,4.587324874999467,3.9156221249722876,True,True,106.0,97.0,True,True,True,-0.013123487672946021,-0.6717027500271797,0.8535741922949684,-9.0
v100_s4_p10,100,0.1,h2+3+4,1,1.5461691100046646,1.5717062085105673,4.310755874961615,4.045849416987039,True,True,108.0,103.0,True,True,True,0.02553709850590269,-0.26490645797457546,0.9385475620381926,-5.0
v100_s4_p10,100,0.1,h2+3+4,2,1.5391036709543808,1.5140041073008963,4.490873500006273,4.182789875019807,True,True,99.0,107.0,True,True,True,-0.025099563653484536,-0.308083624986466,0.9313978394212094,8.0
v100_s4_p10,100,0.1,h2+3+4,3,1.4932974089190616,1.5492747210866546,4.4467904579942115,3.666716833016835,True,True,90.0,110.0,True,True,True,0.05597731216759305,-0.7800736249773763,0.824576032456173,20.0
v100_s4_p10,100,0.1,h2+3+4,4,1.516678869325037,1.5346507191065906,4.7550814999849536,4.058388457982801,True,True,95.0,103.0,True,True,True,0.01797184978155353,-0.6966930420021527,0.8534845213474559,8.0
v100_s4_p30,100,0.3,h2,0,1.9781796099028703,2.0350756097240166,1.2480810419656336,0.44370629201876,True,True,126.0,67.0,True,True,True,0.05689599982114624,-0.8043747499468736,0.35551080186263867,-59.0
v100_s4_p30,100,0.3,h2,1,1.9254426804792306,2.1695762296560193,1.218945749977138,0.46698220795951784,True,True,126.0,67.0,True,True,True,0.24413354917678864,-0.7519635420176201,0.383103356296436,-59.0
v100_s4_p30,100,0.3,h2,2,2.0777017925133094,2.3039622364003147,1.2942229999462143,0.4772724580252543,True,True,126.0,67.0,True,True,True,0.22626044388700528,-0.81695054192096,0.36877142350668235,-59.0
v100_s4_p30,100,0.3,h2,3,1.9943753033953706,2.0300486123271386,1.1742753749713302,0.4706661249510944,True,True,126.0,67.0,True,True,True,0.03567330893176801,-0.7036092500202358,0.40081409776866495,-59.0
v100_s4_p30,100,0.3,h2,4,2.0073214621088993,2.138670121042234,1.162650333950296,0.48740454198559746,True,True,126.0,67.0,True,True,True,0.13134865893333458,-0.6752457919646986,0.4192185111490574,-59.0
v100_s4_p30,100,0.3,h3,0,1.954660988743886,2.0082363808206036,1.3929277089773677,0.5785694590304047,True,True,126.0,67.0,True,True,True,0.05357539207671769,-0.814358249946963,0.41536215792215625,-59.0
v100_s4_p30,100,0.3,h3,1,1.9495460876681954,2.1400156335049503,1.3268603750038892,0.5623877909965813,True,True,126.0,67.0,True,True,True,0.1904695458367549,-0.7644725840073079,0.42384850854780626,-59.0
v100_s4_p30,100,0.3,h3,2,1.9116366703871193,2.003868765007359,1.4609777920413762,0.5906637079897337,True,True,126.0,67.0,True,True,True,0.09223209462023974,-0.8703140840516426,0.4042934199324267,-59.0
v100_s4_p30,100,0.3,h3,3,1.94124196482531,2.1400156335049485,1.3593437919626012,0.5637966669746675,True,True,126.0,67.0,True,True,True,0.19877366867963842,-0.7955471249879338,0.4147564952355915,-59.0
v100_s4_p30,100,0.3,h3,4,1.9495186282160442,2.2535184515755065,1.2771940840175375,0.5665427089552395,True,True,126.0,67.0,True,True,True,0.3039998233594623,-0.710651375062298,0.44358388129478693,-59.0
v100_s4_p30,100,0.3,h4,0,2.193381220845579,2.404425447547106,2.1850857499521226,1.119130083010532,True,True,80.0,51.0,True,True,True,0.21104422670152667,-1.0659556669415906,0.5121675810823686,-29.0
v100_s4_p30,100,0.3,h4,1,,2.1527070354383233,2.027912624995224,1.2233395829680376,True,True,122.0,51.0,False,True,False,,-0.8045730420271866,0.6032506370785667,-71.0
v100_s4_p30,100,0.3,h4,2,,2.2043508159332585,2.109732583980076,1.2083517090068199,True,True,80.0,51.0,False,True,False,,-0.9013808749732561,0.5727511240913893,-29.0
v100_s4_p30,100,0.3,h4,3,2.4943613292035884,2.1867607962447546,2.060230875038542,1.1343569579767063,True,True,78.0,51.0,True,True,True,-0.3076005329588338,-0.9258739170618355,0.5505970091606773,-27.0
v100_s4_p30,100,0.3,h4,4,2.545412385116054,2.2090015081637295,2.1770235000294633,1.2223235000274144,True,True,122.0,51.0,True,True,True,-0.3364108769523244,-0.9547000000020489,0.5614654596107354,-71.0
v100_s4_p30,100,0.3,h2+3,0,1.9269367696243782,2.117423392676517,1.360548791999463,0.6066440840368159,True,True,126.0,67.0,True,True,True,0.19048662305213893,-0.7539047079626471,0.44588190265877314,-59.0
v100_s4_p30,100,0.3,h2+3,1,1.9719461373115725,2.1151264883528738,1.4907246670336463,0.572490457969252,True,True,126.0,67.0,True,True,True,0.14318035104130122,-0.9182342090643942,0.3840350070200661,-59.0
v100_s4_p30,100,0.3,h2+3,2,1.9644704518594966,2.1595115353056613,1.5117453330312856,0.6315584590192884,True,True,126.0,67.0,True,True,True,0.19504108344616466,-0.8801868740119971,0.417767758378268,-59.0
v100_s4_p30,100,0.3,h2+3,3,1.9852066979201732,2.156948358764762,1.4079367920057848,0.5560672910069115,True,True,126.0,67.0,True,True,True,0.17174166084458897,-0.8518695009988733,0.3949518857410659,-59.0
v100_s4_p30,100,0.3,h2+3,4,1.9081450122301498,2.1358565874114137,1.4715623329975642,0.585972499975469,True,True,126.0,67.0,True,True,True,0.22771157518126395,-0.8855898330220953,0.39819753933348256,-59.0
v100_s4_p30,100,0.3,h2+3+4,0,2.195595749648792,2.1348994847497615,2.6835464159958065,1.4029881660244428,True,True,80.0,51.0,True,True,True,-0.06069626489903035,-1.2805582499713637,0.5228112164044026,-29.0
v100_s4_p30,100,0.3,h2+3+4,1,,2.3440475091852155,2.572344374959357,1.43775783397723,True,True,122.0,51.0,False,True,False,,-1.1345865409821272,0.5589289863259255,-71.0
v100_s4_p30,100,0.3,h2+3+4,2,2.233139063270535,2.239306024849272,2.790580125001725,1.4735880410298705,True,True,80.0,51.0,True,True,True,0.006166961578736974,-1.3169920839718543,0.5280579574933222,-29.0
v100_s4_p30,100,0.3,h2+3+4,3,2.1601887149623424,2.2664728517504984,2.648442834033631,1.515501249989029,True,True,78.0,51.0,True,True,True,0.10628413678815596,-1.1329415840446018,0.5722235082872794,-27.0
v100_s4_p30,100,0.3,h2+3+4,4,,2.279648924621307,2.5774079999537207,1.496518541011028,True,True,122.0,51.0,False,True,False,,-1.0808894589426927,0.5806292760160204,-71.0
v100_s4_p50,100,0.5,h2,0,2.897919798539049,3.016388220529129,0.6129813329898752,0.24489383300533518,True,True,111.0,30.0,True,True,True,0.11846842199007979,-0.36808749998454005,0.39951270915680587,-81.0
v100_s4_p50,100,0.5,h2,1,2.9859192879144776,3.0535772893559123,0.6962548749870621,0.23769700003322214,True,True,111.0,30.0,True,True,True,0.06765800144143475,-0.45855787495383993,0.34139365995482485,-81.0
v100_s4_p50,100,0.5,h2,2,2.715233522817488,2.9483283896936423,0.7155602919519879,0.2981248330324888,True,True,111.0,30.0,True,True,True,0.23309486687615433,-0.41743545891949907,0.41663132566960853,-81.0
v100_s4_p50,100,0.5,h2,3,2.790341202227482,2.747976450292664,0.7150434160139412,0.25384137500077486,True,True,111.0,30.0,True,True,True,-0.042364751934818035,-0.4612020410131663,0.3550013458145396,-81.0
v100_s4_p50,100,0.5,h2,4,2.6813285478408546,2.9444695273814623,0.6846246670465916,0.25617754203267395,True,True,111.0,30.0,True,True,True,0.26314097954060767,-0.4284471250139177,0.3741868418761487,-81.0
v100_s4_p50,100,0.5,h3,0,2.757754670194152,3.115252227837984,0.6935817080084234,0.27319820801494643,True,True,111.0,30.0,True,True,True,0.35749755764383195,-0.420383499993477,0.3938947709555634,-81.0
v100_s4_p50,100,0.5,h3,1,2.71003987134671,3.344155137750968,0.7726108329952694,0.26009041600627825,True,True,111.0,30.0,True,True,True,0.6341152664042582,-0.5125204169889912,0.3366383241067897,-81.0
v100_s4_p50,100,0.5,h3,2,2.8236590011408644,3.344155137750968,0.7216236250242218,0.2786836249870248,True,True,111.0,30.0,True,True,True,0.5204961366101037,-0.442940000037197,0.38618971902100707,-81.0
v100_s4_p50,100,0.5,h3,3,2.7173938728066322,3.356065347155735,0.7693395829992369,0.27845750004053116,True,True,111.0,30.0,True,True,True,0.6386714743491027,-0.4908820829587057,0.3619435502785086,-81.0
v100_s4_p50,100,0.5,h3,4,2.719123172009525,3.356065347155735,0.8237536249798723,0.2652807080303319,True,True,111.0,30.0,True,True,True,0.6369421751462099,-0.5584729169495404,0.32203889607989744,-81.0
v100_s4_p50,100,0.5,h2+3,0,2.822252639568659,3.3951790835723408,0.6729715000255965,0.3276341669843532,True,True,111.0,30.0,True,True,True,0.5729264440036816,-0.34533733304124326,0.48684701651093937,-81.0
v100_s4_p50,100,0.5,h2+3,1,2.8176172189079254,3.4070892929771106,0.7608450420084409,0.28198670799611136,True,True,111.0,30.0,True,True,True,0.5894720740691852,-0.4788583340123296,0.3706230473050555,-81.0
v100_s4_p50,100,0.5,h2+3,2,2.8566686322921693,3.4070892929771106,0.7539361249655485,0.27587141701951623,True,True,111.0,30.0,True,True,True,0.5504206606849413,-0.4780647079460323,0.3659082087784589,-81.0
v100_s4_p50,100,0.5,h2+3,3,2.7468811398276367,3.4070892929771106,0.8065375000005588,0.2838229580083862,True,True,111.0,30.0,True,True,True,0.6602081531494739,-0.5227145419921726,0.3519029902616922,-81.0
v100_s4_p50,100,0.5,h2+3,4,2.741747923431936,3.4070892929771106,0.8206374160363339,0.298061957990285,True,True,111.0,30.0,True,True,True,0.6653413695451746,-0.5225754580460489,0.36320785789894844,-81.0
v100_s5_p0,100,0.0,h2,0,1.3220292671117062,1.310518407963591,2.1326109169749543,2.01257808401715,True,True,180.0,176.0,True,True,True,-0.011510859148115227,-0.1200328329578042,0.9437155497974908,-4.0
v100_s5_p0,100,0.0,h2,1,1.30623823723645,1.3083192636735366,2.098615124996286,2.0554110829834826,True,True,180.0,176.0,True,True,True,0.0020810264370865195,-0.043204042012803257,0.9794130703156542,-4.0
v100_s5_p0,100,0.0,h2,2,1.3225150992633115,1.3170281056172297,2.1724970409995876,2.050884374999441,True,True,180.0,176.0,True,True,True,-0.005486993646081739,-0.12161266600014642,0.9440217115581473,-4.0
v100_s5_p0,100,0.0,h2,3,1.3203114169451011,1.3097312716167386,2.119937249983195,2.053675417031627,True,True,180.0,176.0,True,True,True,-0.010580145328362489,-0.06626183295156807,0.9687434932557115,-4.0
v100_s5_p0,100,0.0,h2,4,1.3055504912002207,1.3035911881575832,2.171216832997743,1.9453052079770714,True,True,180.0,176.0,True,True,True,-0.0019593030426374725,-0.22591162502067164,0.8959516057598166,-4.0
v100_s5_p0,100,0.0,h3,0,1.3660340040068126,1.3648155514189342,3.423458250006661,3.7395270420238376,True,True,76.0,83.0,True,True,True,-0.0012184525878784491,0.31606879201717675,1.0923244184492573,7.0
v100_s5_p0,100,0.0,h3,1,1.3330742058660883,1.3863001157586652,3.8666973329964094,3.382040291035082,True,True,87.0,85.0,True,True,True,0.05322590989257692,-0.4846570419613272,0.8746586556373283,-2.0
v100_s5_p0,100,0.0,h3,2,1.3349877872671938,1.3433928903010854,4.137579125002958,3.73707979201572,True,True,96.0,78.0,True,True,True,0.008405103033891637,-0.4004993329872377,0.9032044292356701,-18.0
v100_s5_p0,100,0.0,h3,3,1.3507735542664179,1.373621843776473,3.445917457982432,3.6151416660286486,True,True,60.0,84.0,True,True,True,0.02284828951005502,0.16922420804621652,1.049108607536205,24.0
v100_s5_p0,100,0.0,h3,4,1.3547889842711538,1.3616615864164825,4.097547083045356,3.801794125000015,True,True,87.0,84.0,True,True,True,0.006872602145328699,-0.2957529580453411,0.9278219500468722,-3.0
v100_s5_p0,100,0.0,h4,0,1.4218846847514324,1.394111575425292,4.686281542002689,4.3799099999596365,True,True,140.0,112.0,True,True,True,-0.02777310932614041,-0.3063715420430526,0.9346237439434498,-28.0
v100_s5_p0,100,0.0,h4,1,1.3875176113086014,1.3781620944909658,4.822479416034184,4.750284499954432,True,True,72.0,111.0,True,True,True,-0.009355516817635579,-0.07219491607975215,0.9850295024920765,39.0
v100_s5_p0,100,0.0,h4,2,1.3713489966988113,1.3972278043966901,4.79321658302797,5.052288458973635,True,True,72.0,101.0,True,True,True,0.02587880769787887,0.25907187594566494,1.0540496911537438,29.0
v100_s5_p0,100,0.0,h4,3,1.3832930503179972,1.3777088880453332,4.670048791042063,4.469502958003432,True,True,72.0,87.0,True,True,True,-0.005584162272664006,-0.20054583303863183,0.957057015459172,15.0
v100_s5_p0,100,0.0,h4,4,1.3782639897073876,1.3765726625985006,4.631554999970831,4.676231416990049,True,True,95.0,79.0,True,True,True,-0.0016913271088869752,0.044676417019218206,1.0096460944584484,-16.0
v100_s5_p0,100,0.0,h2+3,0,1.3668945222764228,1.3337156293729342,3.7156549590290524,3.981448000005912,True,True,76.0,83.0,True,True,True,-0.03317889290348863,0.26579304097685963,1.071533294643245,7.0
v100_s5_p0,100,0.0,h2+3,1,1.3357134653159541,1.3765411936218495,4.227357125026174,3.6959831250132993,True,True,87.0,85.0,True,True,True,0.04082772830589532,-0.5313740000128746,0.8743011332382795,-2.0
v100_s5_p0,100,0.0,h2+3,2,1.3858341549517998,1.35868270915062,4.5876789999892935,4.133251167018898,True,True,96.0,78.0,True,True,True,-0.027151445801179896,-0.4544278329703957,0.9009460267443611,-18.0
v100_s5_p0,100,0.0,h2+3,3,1.3390327669458613,1.3787653477769275,3.8082079580053687,4.026110666047316,True,True,60.0,84.0,True,True,True,0.03973258083106623,0.21790270804194734,1.0572192250120918,24.0
v100_s5_p0,100,0.0,h2+3,4,1.3641931744396076,1.3623789754511617,4.434701500053052,4.096008166961838,True,True,87.0,84.0,True,True,True,-0.0018141989884459253,-0.3386933330912143,0.9236265771017141,-3.0
v100_s5_p0,100,0.0,h2+3+4,0,1.3988191029113441,1.4100986780269225,5.746537874976639,5.279887999990024,True,True,140.0,112.0,True,True,True,0.01127957511557831,-0.46664987498661503,0.9187946055278523,-28.0
v100_s5_p0,100,0.0,h2+3+4,1,1.3612267375622908,1.3645816169702023,5.681770167022478,5.645299374999013,True,True,72.0,111.0,True,True,True,0.0033548794079114597,-0.03647079202346504,0.9935810863601726,39.0
v100_s5_p0,100,0.0,h2+3+4,2,1.383118303232379,1.3834055655838111,5.74809466698207,5.9024831670103595,True,True,72.0,101.0,True,True,True,0.00028726235143206047,0.15438850002828985,1.0268590740015333,29.0
v100_s5_p0,100,0.0,h2+3+4,3,1.385049139346813,1.3850329343693784,5.693273916025646,5.334322374954354,True,True,72.0,87.0,True,True,True,-1.6204977434597367e-05,-0.358951541071292,0.9369516474412198,15.0
v100_s5_p0,100,0.0,h2+3+4,4,1.3566815634355702,1.3909846418353464,5.575741542037576,5.628184500033967,True,True,95.0,79.0,True,True,True,0.0343030783997762,0.05244295799639076,1.0094055575569643,-16.0
v100_s5_p10,100,0.1,h2,0,1.4761081855854539,1.4787677001647523,1.8301728329970501,1.530969541054219,True,True,162.0,147.0,True,True,True,0.002659514579298472,-0.29920329194283113,0.836516373454816,-15.0
v100_s5_p10,100,0.1,h2,1,1.4876762859343002,1.506896193692087,1.9245951669872738,1.5227645830018446,True,True,162.0,147.0,True,True,True,0.019219907757786814,-0.40183058398542926,0.7912129309695568,-15.0
v100_s5_p10,100,0.1,h2,2,1.476170163433971,1.4886082332699933,2.0339831670280546,1.6140621670056134,True,True,162.0,147.0,True,True,True,0.012438069836022247,-0.41992100002244115,0.7935474556379899,-15.0
v100_s5_p10,100,0.1,h2,3,1.4903548591271327,1.4758309109026473,1.9281044169911183,1.4768899170449004,True,True,162.0,147.0,True,True,True,-0.014523948224485439,-0.451214499946218,0.7659802571012436,-15.0
v100_s5_p10,100,0.1,h2,4,1.4769694076636963,1.4681646536766753,1.8814926670165733,1.5434460830292664,True,True,162.0,147.0,True,True,True,-0.008804753987021074,-0.3380465839873068,0.8203306396493497,-15.0
v100_s5_p10,100,0.1,h3,0,1.5289416409496552,1.5066374920385563,2.7798584999982268,2.921574292005971,True,True,68.0,86.0,True,True,True,-0.022304148911098887,0.1417157920077443,1.0509794984197343,18.0
v100_s5_p10,100,0.1,h3,1,1.482606293472154,1.4764873756830026,3.424228249990847,2.780590458016377,True,True,96.0,79.0,True,True,True,-0.006118917789151412,-0.64363779197447,0.812034203042338,-17.0
v100_s5_p10,100,0.1,h3,2,1.463313399992092,1.5303604295948279,3.67406533297617,2.99351470900001,True,True,82.0,88.0,True,True,True,0.0670470296027359,-0.6805506239761598,0.8147690467374239,6.0
v100_s5_p10,100,0.1,h3,3,1.4957798784367344,1.4757723609327875,3.3328036250313744,2.9785540840239264,True,True,91.0,91.0,True,True,True,-0.020007517503946914,-0.354249541007448,0.8937082466105055,0.0
v100_s5_p10,100,0.1,h3,4,1.4894893649461276,1.4813013795308747,3.399994124949444,2.4075575409806333,True,True,96.0,79.0,True,True,True,-0.008187985415252896,-0.9924365839688107,0.7081063826886561,-17.0
v100_s5_p10,100,0.1,h4,0,1.5175901991485687,1.5018163164655915,3.5301337499986403,3.1876474589807913,True,True,73.0,112.0,True,True,True,-0.01577388268297719,-0.342486291017849,0.9029820637764842,39.0
v100_s5_p10,100,0.1,h4,1,1.535005115634342,1.5042869305052795,3.532518915948458,3.362685457977932,True,True,113.0,112.0,True,True,True,-0.030718185129062547,-0.16983345797052607,0.9519228454223502,-1.0
v100_s5_p10,100,0.1,h4,2,1.5277576491805434,1.5182301824899793,3.672598250035662,3.4352115839719772,True,True,113.0,101.0,True,True,True,-0.009527466690564035,-0.23738666606368497,0.9353627459629216,-12.0
v100_s5_p10,100,0.1,h4,3,1.5447555283232564,1.492625847678421,3.411590709001757,3.3030331659829244,True,True,117.0,112.0,True,True,True,-0.05212968064483525,-0.1085575430188328,0.9681797870030555,-5.0
v100_s5_p10,100,0.1,h4,4,1.5187870235165166,1.518699071790416,3.6364689160254784,2.963687499985099,True,True,116.0,73.0,True,True,True,-8.795172610054358e-05,-0.6727814160403796,0.8149904669676913,-43.0
v100_s5_p10,100,0.1,h2+3,0,1.5123470284584244,1.4754706301983442,3.084483459009789,3.0994661249569617,True,True,68.0,86.0,True,True,True,-0.03687639826008016,0.01498266594717279,1.004857431121379,18.0
v100_s5_p10,100,0.1,h2+3,1,1.4753402580452424,1.4994006847611945,3.7374604169745,3.1471074580331333,True,True,96.0,79.0,True,True,True,0.0240604267159521,-0.5903529589413665,0.8420443581796483,-17.0
v100_s5_p10,100,0.1,h2+3,2,1.4621815081828395,1.4726228465533258,3.9694724589935504,3.291847292042803,True,True,82.0,88.0,True,True,True,0.01044133837048622,-0.6776251669507474,0.829290875815131,6.0
v100_s5_p10,100,0.1,h2+3,3,1.5122729418531466,1.4933052885254268,3.624758791993372,3.2017819170141593,True,True,91.0,91.0,True,True,True,-0.01896765332771988,-0.4229768749792129,0.8833089595055222,0.0
v100_s5_p10,100,0.1,h2+3,4,1.4856587108013066,1.4651170417025992,3.66592183400644,2.6873900000355206,True,True,96.0,79.0,True,True,True,-0.02054166909870747,-0.9785318339709193,0.7330734592064408,-17.0
v100_s5_p10,100,0.1,h2+3+4,0,1.5069495885213238,1.5031002730846672,4.274579124990851,4.024872416048311,True,True,73.0,112.0,True,True,True,-0.003849315436656564,-0.24970670894254,0.9415833227924926,39.0
v100_s5_p10,100,0.1,h2+3+4,1,1.5019141935670395,1.5139436611780508,4.434905000030994,4.301954167021904,True,True,113.0,112.0,True,True,True,0.012029467611011313,-0.13295083300909027,0.970021717938003,-1.0
v100_s5_p10,100,0.1,h2+3+4,2,1.511036027747248,1.551338196694698,4.471633207984269,4.248087166983169,True,True,113.0,101.0,True,True,True,0.04030216894744987,-0.2235460410011001,0.9500079656350279,-12.0
v100_s5_p10,100,0.1,h2+3+4,3,1.5349588138968617,1.517217471823076,4.298772624984849,4.2341568330302835,True,True,123.0,112.0,True,True,True,-0.01774134207378575,-0.0646157919545658,0.9849687811867478,-11.0
v100_s5_p10,100,0.1,h2+3+4,4,1.5251828062015123,1.5084289279084178,4.704155292012729,3.585480124980677,True,True,116.0,74.0,True,True,True,-0.016753878293094493,-1.1186751670320518,0.7621942521898734,-42.0
v100_s5_p30,100,0.3,h2,0,2.0250968890843435,2.0944197213982734,0.8802132909768261,0.4492084159865044,True,True,126.0,70.0,True,True,True,0.06932283231392988,-0.4310048749903217,0.5103404147510548,-56.0
v100_s5_p30,100,0.3,h2,1,2.3274666275477993,2.1582401711661636,0.8469816250144504,0.4712145000230521,True,True,126.0,70.0,True,True,True,-0.1692264563816357,-0.3757671249913983,0.5563455996049651,-56.0
v100_s5_p30,100,0.3,h2,2,2.154871841532318,2.293240263163786,0.8870724579901434,0.43806362501345575,True,True,126.0,70.0,True,True,True,0.1383684216314678,-0.4490088329766877,0.49383071367809644,-56.0
v100_s5_p30,100,0.3,h2,3,2.131984247615213,2.2871375834104897,0.889543124998454,0.44541124999523163,True,True,126.0,70.0,True,True,True,0.1551533357952768,-0.4441318750032224,0.5007191191500757,-56.0
v100_s5_p30,100,0.3,h2,4,2.0343900698510033,1.9660526459889753,0.8500308329821564,0.48087075003422797,True,True,126.0,70.0,True,True,True,-0.06833742386202801,-0.36916008294792846,0.5657097735469111,-56.0
v100_s5_p30,100,0.3,h3,0,2.0283228700385942,1.98724446436716,1.2116605829796754,0.6348954580025747,True,True,126.0,70.0,True,True,True,-0.04107840567143417,-0.5767651249771006,0.5239878782235046,-56.0
v100_s5_p30,100,0.3,h3,1,1.9705086979592528,2.0351387113770594,1.1755699169589207,0.6379553329898044,True,True,126.0,70.0,True,True,True,0.06463001341780661,-0.5376145839691162,0.5426774909655138,-56.0
v100_s5_p30,100,0.3,h3,2,1.9616279624089763,2.081324870644892,1.1909166249679402,0.6524060840019956,True,True,126.0,70.0,True,True,True,0.11969690823591583,-0.5385105409659445,0.547818436928411,-56.0
v100_s5_p30,100,0.3,h3,3,1.939020209348019,1.9893036871717151,1.3051935840048827,0.6387098749983124,True,True,126.0,70.0,True,True,True,0.05028347782369602,-0.6664837090065703,0.48936026258915705,-56.0
v100_s5_p30,100,0.3,h3,4,1.9798026495877836,2.07813720636697,1.2420155839645304,0.6259440829744563,True,True,126.0,70.0,True,True,True,0.09833455677918645,-0.6160715009900741,0.5039744195289678,-56.0
v100_s5_p30,100,0.3,h4,0,2.284172092744318,2.211945859373911,2.1367693329812028,1.1597607499570586,True,True,95.0,69.0,True,True,True,-0.07222623337040668,-0.9770085830241442,0.5427636629073902,-26.0
v100_s5_p30,100,0.3,h4,1,2.169177964839208,2.1383811705220124,2.2557917080121115,1.2001160410000011,True,True,95.0,69.0,True,True,True,-0.03079679431719562,-1.0556756670121104,0.5320154501576693,-26.0
v100_s5_p30,100,0.3,h4,2,2.2579890581658923,2.1261379890154695,2.167669582995586,1.1718498339760117,True,True,95.0,69.0,True,True,True,-0.13185106915042288,-0.9958197490195744,0.5406035325534195,-26.0
v100_s5_p30,100,0.3,h4,3,2.2072887436589843,2.2273544300357204,2.122558457951527,1.1614400830003433,True,True,95.0,69.0,True,True,True,0.020065686376736114,-0.9611183749511838,0.5471887375583732,-26.0
v100_s5_p30,100,0.3,h4,4,2.1594323266719924,2.1373889098491703,2.176018708036281,1.2158521670498885,True,True,95.0,55.0,True,True,True,-0.02204341682282207,-0.9601665409863926,0.5587507876470041,-40.0
v100_s5_p30,100,0.3,h2+3,0,1.9778774533243577,2.0323248160725287,1.184004167036619,0.696520583005622,True,True,126.0,70.0,True,True,True,0.05444736274817097,-0.487483584030997,0.58827544902051,-56.0
v100_s5_p30,100,0.3,h2+3,1,1.9950222019044888,1.9907598633736472,1.2774036250193603,0.6721240840270184,True,True,126.0,70.0,True,True,True,-0.0042623385308415696,-0.6052795409923419,0.5261642215997561,-56.0
v100_s5_p30,100,0.3,h2+3,2,2.031432688064537,2.0480812453652653,1.2613820420228876,0.6623539999709465,True,True,126.0,70.0,True,True,True,0.01664855730072823,-0.5990280420519412,0.5251018152349184,-56.0
v100_s5_p30,100,0.3,h2+3,3,1.926530991618381,1.9818034188928138,1.3186296669882722,0.7034441250143573,True,True,126.0,70.0,True,True,True,0.05527242727443271,-0.615185541973915,0.533466023573557,-56.0
v100_s5_p30,100,0.3,h2+3,4,2.012429022373248,2.0331944851569923,1.1864242919837125,0.6722830829676241,True,True,126.0,70.0,True,True,True,0.020765462783744137,-0.5141412090160884,0.5666464244790205,-56.0
v100_s5_p30,100,0.3,h2+3+4,0,2.1506497351465312,2.2662178942184825,2.718238375033252,1.4383578749839216,True,True,95.0,69.0,True,True,True,0.11556815907195128,-1.2798805000493303,0.5291507500574987,-26.0
v100_s5_p30,100,0.3,h2+3+4,1,2.3810310868442865,2.198980309285148,2.8437969160149805,1.458923332975246,True,True,95.0,69.0,True,True,True,-0.18205077755913868,-1.3848735830397345,0.5130195214571225,-26.0
v100_s5_p30,100,0.3,h2+3+4,2,2.2621456828840114,2.1446533703177177,2.6720375830191188,1.4562879159930162,True,True,95.0,69.0,True,True,True,-0.11749231256629367,-1.2157496670261025,0.5450102667895732,-26.0
v100_s5_p30,100,0.3,h2+3+4,3,2.2255425266281232,2.2160751221975867,2.782463707961142,1.4320091659901664,True,True,95.0,69.0,True,True,True,-0.009467404430536508,-1.3504545419709757,0.5146551101072492,-26.0
v100_s5_p30,100,0.3,h2+3+4,4,2.2194337492069516,2.1698629832109377,2.7948275830131024,1.48771499999566,True,True,95.0,55.0,True,True,True,-0.049570765996013844,-1.3071125830174424,0.5323101178183433,-40.0
v100_s5_p50,100,0.5,h2,0,2.5417475954383564,2.6558717614549954,0.7159315419849008,0.26411358395125717,True,True,109.0,26.0,True,True,True,0.114124166016639,-0.45181795803364366,0.3689089926377729,-83.0
v100_s5_p50,100,0.5,h2,1,2.5115557946462723,2.523728860823537,0.7107082909788005,0.23229633300798014,True,True,109.0,26.0,True,True,True,0.012173066177264769,-0.47841195797082037,0.32685186870137306,-83.0
v100_s5_p50,100,0.5,h2,2,2.5741649354802534,2.657954541294919,0.6819365000119433,0.22805849998258054,True,True,109.0,26.0,True,True,True,0.08378960581466544,-0.45387800002936274,0.33442776560366894,-83.0
v100_s5_p50,100,0.5,h2,3,2.6437933504089073,2.8360091469068647,0.7048238749848679,0.25192645896459,True,True,109.0,26.0,True,True,True,0.1922157964979574,-0.4528974160202779,0.35743178956586663,-83.0
v100_s5_p50,100,0.5,h2,4,2.846753784874172,2.65915217540441,0.6270380829810165,0.2115102909738198,True,True,109.0,26.0,True,True,True,-0.18760160946976212,-0.4155277920071967,0.33731649913235534,-83.0
v100_s5_p50,100,0.5,h3,0,2.5605123689328284,2.656156823321774,0.667105166008696,0.25146704202052206,True,True,109.0,26.0,True,True,True,0.09564445438894564,-0.4156381239881739,0.37695262281516206,-83.0
v100_s5_p50,100,0.5,h3,1,2.5347201071155108,2.622024890254204,0.7142880419851281,0.2866586250020191,True,True,109.0,26.0,True,True,True,0.08730478313869305,-0.42762941698310897,0.40132076718706644,-83.0
v100_s5_p50,100,0.5,h3,2,2.6718135663517653,2.8541293051005505,0.6288408329710364,0.27462729095714167,True,True,109.0,26.0,True,True,True,0.18231573874878526,-0.35421354201389477,0.43671987656976885,-83.0
v100_s5_p50,100,0.5,h3,3,2.558548924969365,2.856092749063996,0.6979006250039674,0.2560637079877779,True,True,109.0,26.0,True,True,True,0.29754382409463087,-0.44183691701618955,0.3669056865887206,-83.0
v100_s5_p50,100,0.5,h3,4,2.540394340541462,2.6239883342176444,0.7143394160084426,0.28888679202646017,True,True,109.0,26.0,True,True,True,0.08359399367618225,-0.42545262398198247,0.4044111042348612,-83.0
v100_s5_p50,100,0.5,h2+3,0,2.587390369537536,2.6524007634165936,0.7242342920508236,0.32769529096549377,True,True,109.0,26.0,True,True,True,0.06501039387905738,-0.3965390010853298,0.45247138193022424,-83.0
v100_s5_p50,100,0.5,h2+3,1,2.659403657826506,2.6524007634165936,0.7364704580395482,0.3000693750218488,True,True,109.0,26.0,True,True,True,-0.007002894409912308,-0.4364010830176994,0.4074425141513758,-83.0
v100_s5_p50,100,0.5,h2+3,2,2.4917706351949866,2.650437319453128,0.7469433749793097,0.29302454099524766,True,True,109.0,26.0,True,True,True,0.15866668425814145,-0.4539188339840621,0.3922981993157974,-83.0
v100_s5_p50,100,0.5,h2+3,3,2.5991294371112055,2.7693620510023482,0.7609885839628987,0.24091612495249137,True,True,109.0,26.0,True,True,True,0.17023261389114275,-0.5200724590104073,0.31658309996965345,-83.0
v100_s5_p50,100,0.5,h2+3,4,2.573762054301928,2.6524007634165936,0.787184500019066,0.23923354200087488,True,True,109.0,26.0,True,True,True,0.07863870911466542,-0.5479509580181912,0.30391038186737734,-83.0
v100_s6_p0,100,0.0,h2,0,1.3210097346536696,1.314790068880083,2.0686540830065496,1.9405433330102824,True,True,180.0,176.0,True,True,True,-0.006219665773586458,-0.12811074999626726,0.9380704821319991,-4.0
v100_s6_p0,100,0.0,h2,1,1.3254432213656753,1.3080659692357504,2.1140792499645613,2.056103417009581,True,True,180.0,176.0,True,True,True,-0.017377252129924914,-0.05797583295498043,0.9725763199482932,-4.0
v100_s6_p0,100,0.0,h2,2,1.3029561273710095,1.3140569684491197,2.161121000011917,1.9745204169885255,True,True,180.0,176.0,True,True,True,0.011100841078110157,-0.18660058302339166,0.9136556523108319,-4.0
v100_s6_p0,100,0.0,h2,3,1.318525811301654,1.3126215286331115,2.0797859170124866,2.091739082999993,True,True,180.0,176.0,True,True,True,-0.005904282668542482,0.011953165987506509,1.0057473059557382,-4.0
v100_s6_p0,100,0.0,h2,4,1.3134104701662603,1.321613587079712,2.1356180420261808,2.049491375044454,True,True,180.0,176.0,True,True,True,0.008203116913451769,-0.08612666698172688,0.9596713151477154,-4.0
v100_s6_p0,100,0.0,h3,0,1.3636329080736305,1.3936041555163585,3.582281749986578,3.7132008749758825,True,True,65.0,82.0,True,True,True,0.029971247442728055,0.1309191249893047,1.036546294827255,17.0
v100_s6_p0,100,0.0,h3,1,1.3357301173771718,1.3794081093363546,3.6447484170203097,3.6566962499637157,True,True,79.0,82.0,True,True,True,0.04367799195918276,0.011947832943405956,1.0032780953789875,3.0
v100_s6_p0,100,0.0,h3,2,1.376711125063618,1.3771986080368388,3.611357040994335,3.698631374980323,True,True,74.0,83.0,True,True,True,0.0004874829732208763,0.08727433398598805,1.0241666312677735,9.0
v100_s6_p0,100,0.0,h3,3,1.3479789226420154,1.3533671816893675,3.1970906669739634,3.3913115420145914,True,True,52.0,81.0,True,True,True,0.005388259047352184,0.19422087504062802,1.0607492546417077,29.0
v100_s6_p0,100,0.0,h3,4,1.3743792994817914,1.3904996940736625,3.660528209002223,3.865683042036835,True,True,76.0,83.0,True,True,True,0.01612039459187109,0.20515483303461224,1.056045144667942,7.0
v100_s6_p0,100,0.0,h4,0,1.3487989336041855,1.371170239346704,4.554210415983107,4.417794624983799,True,True,100.0,96.0,True,True,True,0.022371305742518555,-0.13641579099930823,0.9700462256815026,-4.0
v100_s6_p0,100,0.0,h4,1,1.3994716788460029,1.3726052301992495,4.8361980830086395,4.3965762500301935,True,True,91.0,99.0,True,True,True,-0.02686644864675336,-0.43962183297844604,0.9090976371453847,8.0
v100_s6_p0,100,0.0,h4,2,1.381636833358751,1.3936162443550955,5.26467004098231,4.841562582994811,True,True,85.0,94.0,True,True,True,0.011979410996344475,-0.4231074579874985,0.9196326731411731,9.0
v100_s6_p0,100,0.0,h4,3,1.3980702288072995,1.3514019981306007,4.857875833986327,4.8241570420213975,True,True,114.0,95.0,True,True,True,-0.046668230676698785,-0.03371879196492955,0.9930589432259613,-19.0
v100_s6_p0,100,0.0,h4,4,1.3690643550514257,1.3857947730621456,4.724271374987438,4.81488962500589,True,True,89.0,88.0,True,True,True,0.01673041801071995,0.09061825001845136,1.0191814235097136,-1.0
v100_s6_p0,100,0.0,h2+3,0,1.362157171606361,1.3791089090153215,3.791111375030596,3.975447459029965,True,True,65.0,82.0,True,True,True,0.0169517374089605,0.1843360839993693,1.0486232309642662,17.0
v100_s6_p0,100,0.0,h2+3,1,1.3283002172284657,1.3684202995294708,4.073232542024925,3.902867791999597,True,True,79.0,82.0,True,True,True,0.040120082301005056,-0.17036475002532825,0.958174558347058,3.0
v100_s6_p0,100,0.0,h2+3,2,1.3698393854115742,1.3782623137738947,3.86857999995118,4.06296533398563,True,True,74.0,83.0,True,True,True,0.008422928362320503,0.19438533403445035,1.0502472054440914,9.0
v100_s6_p0,100,0.0,h2+3,3,1.3411594722534916,1.3774083163980604,3.6281770420027897,3.7705073750112206,True,True,52.0,81.0,True,True,True,0.03624884414456875,0.1423303330084309,1.0392291587099243,29.0
v100_s6_p0,100,0.0,h2+3,4,1.382807094189886,1.380022641466931,3.9021548749879003,4.294090499985032,True,True,76.0,83.0,True,True,True,-0.002784452722955022,0.3919356249971315,1.1004408173313076,7.0
v100_s6_p0,100,0.0,h2+3+4,0,1.3666788642795717,1.3745977135526986,5.433582458994351,5.306319166033063,True,True,100.0,96.0,True,True,True,0.007918849273126805,-0.12726329296128824,0.9765783819567097,-4.0
v100_s6_p0,100,0.0,h2+3+4,1,1.3822639014942872,1.3856657837606956,5.799157708999701,5.3399235410033725,True,True,91.0,99.0,True,True,True,0.0034018822664083626,-0.4592341679963283,0.920810195024763,8.0
v100_s6_p0,100,0.0,h2+3+4,2,1.3769209241276885,1.3880164725516686,6.23233208397869,5.891342958959285,True,True,85.0,94.0,True,True,True,0.011095548423980084,-0.34098912501940504,0.9452870738553907,9.0
v100_s6_p0,100,0.0,h2+3+4,3,1.3933279904059697,1.3677100541071046,5.952221708022989,5.889620833040681,True,True,114.0,95.0,True,True,True,-0.025617936298865107,-0.0626008749823086,0.9894827716350134,-19.0
v100_s6_p0,100,0.0,h2+3+4,4,1.371618342309958,1.3879919184268497,5.707249250030145,5.753910749976058,True,True,89.0,88.0,True,True,True,0.01637357611689172,0.04666149994591251,1.0081758300543235,-1.0
v100_s6_p10,100,0.1,h2,0,1.4959365199730532,1.4750177548898509,1.8818647500011139,1.4666176669998094,True,True,162.0,145.0,True,True,True,-0.02091876508320234,-0.4152470830013044,0.7793427593555495,-17.0
v100_s6_p10,100,0.1,h2,1,1.482438510274959,1.4896642666602518,1.9687238750047982,1.533445707987994,True,True,162.0,145.0,True,True,True,0.007225756385292659,-0.4352781670168042,0.7789033939481517,-17.0
v100_s6_p10,100,0.1,h2,2,1.4973483538973713,1.5028815221056646,1.8720579160144553,1.427994875004515,True,True,162.0,145.0,True,True,True,0.005533168208293304,-0.4440630410099402,0.7627941757510716,-17.0
v100_s6_p10,100,0.1,h2,3,1.4820613042961437,1.5135904107445886,1.9425302089657634,1.5038090000161901,True,True,162.0,145.0,True,True,True,0.031529106448444866,-0.43872120894957334,0.7741496081118059,-17.0
v100_s6_p10,100,0.1,h2,4,1.482360907841738,1.5080544565522225,1.8169529580045491,1.4271821250440553,True,True,162.0,145.0,True,True,True,0.02569354871048457,-0.38977083296049386,0.7854810542874177,-17.0
v100_s6_p10,100,0.1,h3,0,1.4828570961454115,1.4766041301736446,2.8180006250040606,2.771895041980315,True,True,64.0,73.0,True,True,True,-0.006252965971766944,-0.04610558302374557,0.9836389024847434,9.0
v100_s6_p10,100,0.1,h3,1,1.4944863940608069,1.502730592293418,2.829028791980818,2.3192370410542935,True,True,67.0,63.0,True,True,True,0.008244198232611133,-0.5097917509265244,0.8197997304334325,-4.0
v100_s6_p10,100,0.1,h3,2,1.5305762580160862,1.4819210443778137,3.0890394169837236,2.641423415974714,True,True,68.0,80.0,True,True,True,-0.04865521363827252,-0.4476160010090098,0.855095406504692,12.0
v100_s6_p10,100,0.1,h3,3,1.492278700997943,1.5098855796774653,2.7950848750188015,2.976506499981042,True,True,76.0,81.0,True,True,True,0.017606878679522264,0.18142162496224046,1.0649073760098322,5.0
v100_s6_p10,100,0.1,h3,4,1.48393774145244,1.5005497289565826,2.8665511250146665,2.6542648340109736,True,True,64.0,68.0,True,True,True,0.01661198750414261,-0.2122862910036929,0.9259436578154151,4.0
v100_s6_p10,100,0.1,h4,0,1.5003073895965966,1.5127385504671573,3.476169999979902,3.1782308750553057,True,True,108.0,100.0,True,True,True,0.012431160870560731,-0.2979391249245964,0.9142909797488848,-8.0
v100_s6_p10,100,0.1,h4,1,1.5196673166240795,1.5159827451877292,3.6258648749790154,3.2007531670387834,True,True,110.0,95.0,True,True,True,-0.003684571436350259,-0.425111707940232,0.8827557775597767,-15.0
v100_s6_p10,100,0.1,h4,2,1.503937330972973,1.4929890673464614,3.560431583027821,3.2981697500217706,True,True,100.0,73.0,True,True,True,-0.01094826362651169,-0.26226183300605044,0.9263398756891655,-27.0
v100_s6_p10,100,0.1,h4,3,1.4838590220270165,1.5040823808791655,3.6768370420322753,3.2902751250076108,True,True,90.0,87.0,True,True,True,0.020223358852148987,-0.3865619170246646,0.8948656378823352,-3.0
v100_s6_p10,100,0.1,h4,4,1.493103436340501,1.5281213196257655,3.3471531660179608,3.312176959007047,True,True,74.0,81.0,True,True,True,0.03501788328526456,-0.03497620701091364,0.989550461160245,7.0
v100_s6_p10,100,0.1,h2+3,0,1.482206633170083,1.5157525937454583,3.2062029580119997,3.0848964999895543,True,True,64.0,73.0,True,True,True,0.0335459605753754,-0.12130645802244544,0.9621650720147606,9.0
v100_s6_p10,100,0.1,h2+3,1,1.5042442527598385,1.5378607687618304,3.0928225420066155,2.642513750004582,True,True,67.0,63.0,True,True,True,0.03361651600199189,-0.45030879200203344,0.8544019949783882,-4.0
v100_s6_p10,100,0.1,h2+3,2,1.5244004717966282,1.4887912137377328,3.456337166018784,2.876883207994979,True,True,68.0,80.0,True,True,True,-0.035609258058895366,-0.5794539580238052,0.8323502800245455,12.0
v100_s6_p10,100,0.1,h2+3,3,1.488955510967533,1.5158388158022686,3.0108317909762263,3.180886333982926,True,True,76.0,81.0,True,True,True,0.026883304834735666,0.17005454300669953,1.0564809178368484,5.0
v100_s6_p10,100,0.1,h2+3,4,1.488151868036885,1.5048480055957663,3.1537064589792863,2.9741094159544446,True,True,64.0,68.0,True,True,True,0.01669613755888122,-0.1795970430248417,0.9430520736914211,4.0
v100_s6_p10,100,0.1,h2+3+4,0,1.522182596320289,1.4869581198988477,4.410738832957577,3.838132874981966,True,True,108.0,101.0,True,True,True,-0.03522447642144133,-0.5726059579756111,0.8701791287897098,-7.0
v100_s6_p10,100,0.1,h2+3+4,1,1.5177649773478556,1.482801203863144,4.438754333998077,3.853384374990128,True,True,110.0,96.0,True,True,True,-0.03496377348471169,-0.5853699590079486,0.868122920314742,-14.0
v100_s6_p10,100,0.1,h2+3+4,2,1.5109552720666721,1.5066357316513237,4.263364416954573,3.864704667008482,True,True,100.0,75.0,True,True,True,-0.004319540415348433,-0.3986597499460913,0.9064917490138308,-25.0
v100_s6_p10,100,0.1,h2+3+4,3,1.4970583546479164,1.5041861933702314,4.597003708011471,4.052988707961049,True,True,90.0,88.0,True,True,True,0.007127838722315039,-0.5440150000504218,0.8816587858951833,-2.0
v100_s6_p10,100,0.1,h2+3+4,4,1.5065113698772212,1.479846726967485,4.144409750006162,4.032974875008222,True,True,74.0,83.0,True,True,True,-0.026664642909736136,-0.11143487499793991,0.9731120034649628,9.0
v100_s6_p30,100,0.3,h2,0,,2.1491955997601218,0.6995399580337107,0.39798524999059737,True,True,126.0,70.0,False,True,False,,-0.30155470804311335,0.5689242557484022,-56.0
v100_s6_p30,100,0.3,h2,1,2.314640785041878,2.3297205118444095,0.749242958961986,0.391608375008218,True,True,126.0,70.0,True,True,True,0.015079726802531557,-0.357634583953768,0.5226720789618883,-56.0
v100_s6_p30,100,0.3,h2,2,,2.273077322818098,0.7098771660239436,0.38042162504279986,True,True,126.0,70.0,False,True,False,,-0.3294555409811437,0.5358978190178447,-56.0
v100_s6_p30,100,0.3,h2,3,2.26595288441534,2.361149158515767,0.7394670830108225,0.4000761670176871,True,True,126.0,70.0,True,True,True,0.09519627410042686,-0.3393909159931354,0.5410330983074088,-56.0
v100_s6_p30,100,0.3,h2,4,2.260816398722059,2.3873815946903862,0.6870759999728762,0.41331933403853327,True,True,126.0,70.0,True,True,True,0.12656519596832716,-0.2737566659343429,0.601562758784836,-56.0
v100_s6_p30,100,0.3,h3,0,2.0727012176867166,2.2396696209464375,0.9523466249811463,0.5118956670048647,True,True,126.0,70.0,True,True,True,0.16696840325972095,-0.44045095797628164,0.5375098242354759,-56.0
v100_s6_p30,100,0.3,h3,1,2.000488508394766,2.1773050095811324,0.8917522080009803,0.5122098329593427,True,True,126.0,70.0,True,True,True,0.17681650118636627,-0.37954237504163757,0.5743858309109784,-56.0
v100_s6_p30,100,0.3,h3,2,2.0989555051966065,2.1202961997487395,0.9047083749901503,0.5418425829848275,True,True,126.0,70.0,True,True,True,0.021340694552133055,-0.3628657920053229,0.5989140787944254,-56.0
v100_s6_p30,100,0.3,h3,3,2.1166169086080164,2.1344561020196267,0.9103525419486687,0.531558540998958,True,True,126.0,70.0,True,True,True,0.01783919341161022,-0.3787940009497106,0.5839040553027101,-56.0
v100_s6_p30,100,0.3,h3,4,2.0604808887719135,2.3351210724625,0.9809218329610303,0.494295249984134,True,True,126.0,70.0,True,True,True,0.2746401836905865,-0.4866265829768963,0.5039089083092834,-56.0
v100_s6_p30,100,0.3,h4,0,,2.23808136607533,1.972494249988813,1.0154716249671765,True,True,74.0,46.0,False,True,False,,-0.9570226250216365,0.514816012757926,-28.0
v100_s6_p30,100,0.3,h4,1,2.1889764455713148,2.222883492994632,2.051682958030142,1.0281127500347793,True,True,74.0,49.0,True,True,True,0.033907047423317405,-1.0235702079953626,0.5011070282622463,-25.0
v100_s6_p30,100,0.3,h4,2,,2.2083956352853904,2.052260041993577,1.0486833750037476,True,True,74.0,46.0,False,True,False,,-1.0035766669898294,0.5109895205994708,-28.0
v100_s6_p30,100,0.3,h4,3,,2.3211906377345914,2.072466707963031,1.118871750019025,True,True,74.0,49.0,False,True,False,,-0.9535949579440057,0.5398744142523441,-25.0
v100_s6_p30,100,0.3,h4,4,,2.2338166617177158,1.9955665409797803,1.0545260419603437,True,True,74.0,46.0,False,True,False,,-0.9410404990194365,0.5284344171468189,-28.0
v100_s6_p30,100,0.3,h2+3,0,2.08468019557452,2.3326049918807117,0.9512536670081317,0.5020259589655325,True,True,126.0,70.0,True,True,True,0.2479247963061919,-0.44922770804259926,0.5277519302968857,-56.0
v100_s6_p30,100,0.3,h2+3,1,1.9721632922825607,2.0856004417561262,1.0628520830068737,0.539672790968325,True,True,126.0,70.0,True,True,True,0.11343714947356554,-0.5231792920385487,0.5077590754129753,-56.0
v100_s6_p30,100,0.3,h2+3,2,2.072970226656188,2.160685415088588,0.9283287500147708,0.6914016249938868,True,True,126.0,70.0,True,True,True,0.08771518843240012,-0.23692712502088398,0.7447810110188722,-56.0
v100_s6_p30,100,0.3,h2+3,3,2.1292630396892043,2.1473406902321845,0.9142990419641137,0.5699503329815343,True,True,126.0,70.0,True,True,True,0.018077650542980273,-0.3443487089825794,0.623374089682033,-56.0
v100_s6_p30,100,0.3,h2+3,4,2.071993127860151,2.318931460576437,0.9939507090020925,0.5603323329705745,True,True,126.0,70.0,True,True,True,0.24693833271628618,-0.433618376031518,0.5637425758598608,-56.0
v100_s6_p30,100,0.3,h2+3+4,0,,2.2083956352853904,2.5522838329779916,1.320578624960035,True,True,74.0,46.0,False,True,False,,-1.2317052080179565,0.517410566919272,-28.0
v100_s6_p30,100,0.3,h2+3+4,1,,2.282677284796477,2.5671038340078667,1.2058328749844804,True,True,74.0,49.0,False,True,False,,-1.3612709590233862,0.4697250103443947,-25.0
v100_s6_p30,100,0.3,h2+3+4,2,,2.2389140005647716,2.6223147090058774,1.3380753329838626,True,True,74.0,46.0,False,True,False,,-1.2842393760220148,0.5102649687272389,-28.0
v100_s6_p30,100,0.3,h2+3+4,3,,2.2688299378449193,2.477031666028779,1.3959971250151284,True,True,74.0,49.0,False,True,False,,-1.0810345410136506,0.5635766163834376,-25.0
v100_s6_p30,100,0.3,h2+3+4,4,2.2881027861505316,2.243654414263579,2.5768446669680998,1.3141814160044305,True,True,74.0,46.0,True,True,True,-0.04444837188695283,-1.2626632509636693,0.5099963660404446,-28.0
v100_s6_p50,100,0.5,h2,0,2.630694067757926,2.45888958097767,0.6670201670494862,0.22834312496706843,True,True,111.0,31.0,True,True,True,-0.17180448678025595,-0.43867704208241776,0.34233316509323425,-80.0
v100_s6_p50,100,0.5,h2,1,2.738079651547458,2.7992332869973944,0.706783749978058,0.2564237500191666,True,True,111.0,31.0,True,True,True,0.06115363544993624,-0.4503599999588914,0.3628036864559029,-80.0
v100_s6_p50,100,0.5,h2,2,2.5983004092148474,2.592794733940332,0.697445833007805,0.24880854098591954,True,True,111.0,31.0,True,True,True,-0.005505675274515287,-0.4486372920218855,0.3567424582822551,-80.0
v100_s6_p50,100,0.5,h2,3,2.6674551341115045,2.4355764072634325,0.7202141669695266,0.2486531669856049,True,True,111.0,31.0,True,True,True,-0.23187872684807198,-0.47156099998392165,0.34524892509664534,-80.0
v100_s6_p50,100,0.5,h2,4,3.0758418355175907,2.5684320868958213,0.6743224160163663,0.2441810829914175,True,True,111.0,31.0,True,True,True,-0.5074097486217695,-0.43014133302494884,0.3621132520463194,-80.0
v100_s6_p50,100,0.5,h3,0,2.503589909310679,2.6201794052381286,0.6854966250248253,0.28360916703240946,True,True,111.0,31.0,True,True,True,0.1165894959274496,-0.4018874579924159,0.4137280282337474,-80.0
v100_s6_p50,100,0.5,h3,1,2.7318346014626274,2.947751567816627,0.7573524590115994,0.27911791700171307,True,True,111.0,31.0,True,True,True,0.21591696635399948,-0.47823454200988635,0.3685442803816633,-80.0
v100_s6_p50,100,0.5,h3,2,2.428565924102494,2.9477515678166113,0.6907601669663563,0.2740853749564849,True,True,111.0,31.0,True,True,True,0.5191856437141174,-0.41667479200987145,0.3967880431788625,-80.0
v100_s6_p50,100,0.5,h3,3,2.8936931191709063,2.9477515678166113,0.7282610000111163,0.2687551670242101,True,True,111.0,31.0,True,True,True,0.05405844864570497,-0.45950583298690617,0.3690368796627964,-80.0
v100_s6_p50,100,0.5,h3,4,2.6000008547159346,2.6201794052381175,0.7620477500022389,0.289029749983456,True,True,111.0,31.0,True,True,True,0.02017855052218298,-0.4730180000187829,0.37928036659462194,-80.0
v100_s6_p50,100,0.5,h2+3,0,2.407290108349357,2.947751567816627,0.7938950829557143,0.3306730830227025,True,True,111.0,31.0,True,True,True,0.5404614594672696,-0.46322199993301183,0.4165198779057665,-80.0
v100_s6_p50,100,0.5,h2+3,1,2.514525692668909,2.9477515678166113,0.7583473339909688,0.28989087499212474,True,True,111.0,31.0,True,True,True,0.4332258751477025,-0.468456458998844,0.38226662374681347,-80.0
v100_s6_p50,100,0.5,h2+3,2,2.5822720326222712,2.9477515678166135,0.7984078750014305,0.3000052089919336,True,True,111.0,31.0,True,True,True,0.3654795351943423,-0.4984026660094969,0.37575432104974676,-80.0
v100_s6_p50,100,0.5,h2+3,3,2.5023313629116384,2.6201794052381175,0.709117749996949,0.29026062501361594,True,True,111.0,31.0,True,True,True,0.11784804232647916,-0.41885712498333305,0.4093264130179576,-80.0
v100_s6_p50,100,0.5,h2+3,4,2.6196201293709165,2.6262946636648854,0.78852833295241,0.2970439999480732,True,True,111.0,31.0,True,True,True,0.0066745342939689145,-0.4914843330043368,0.37670681893684177,-80.0
v100_s7_p0,100,0.0,h2,0,1.3103427294630479,1.3189389616787084,2.1189450420206413,2.028702291951049,True,True,180.0,176.0,True,True,True,0.008596232215660526,-0.09024275006959215,0.9574114720863472,-4.0
v100_s7_p0,100,0.0,h2,1,1.3158115442852472,1.3236216149995061,2.1390944580198266,2.0135656660422683,True,True,180.0,176.0,True,True,True,0.007810070714258988,-0.12552879197755828,0.9413168541917681,-4.0
v100_s7_p0,100,0.0,h2,2,1.3148707012931573,1.3178767696949492,2.159046832995955,2.02572529198369,True,True,180.0,176.0,True,True,True,0.0030060684017918504,-0.1333215410122648,0.9382498151615989,-4.0
v100_s7_p0,100,0.0,h2,3,1.3079835875651347,1.3205114585684956,2.112169832980726,1.9587950420100242,True,True,180.0,176.0,True,True,True,0.012527871003360946,-0.15337479097070172,0.9273851995347093,-4.0
v100_s7_p0,100,0.0,h2,4,1.3054080739357012,1.327004154985435,2.1538597919861786,2.082938041014131,True,True,180.0,176.0,True,True,True,0.021596081049733762,-0.07092175097204745,0.9670722526898341,-4.0
v100_s7_p0,100,0.0,h3,0,1.3718211582436128,1.3532481134432974,3.792222457996104,3.5617368330131285,True,True,67.0,85.0,True,True,True,-0.018573044800315408,-0.23048562498297542,0.9392214914773831,18.0
v100_s7_p0,100,0.0,h3,1,1.3467532651048644,1.326329182288623,3.7421959590283222,3.8812480000196956,True,True,69.0,81.0,True,True,True,-0.020424082816241418,0.13905204099137336,1.0371578726805848,12.0
v100_s7_p0,100,0.0,h3,2,1.3408564490734658,1.3341770038570346,3.9616173339891247,3.3863484170287848,True,True,84.0,77.0,True,True,True,-0.006679445216431157,-0.57526891696034,0.8547893780591179,-7.0
v100_s7_p0,100,0.0,h3,3,1.3879893407246278,1.3735462939054648,3.490917459013872,3.2975046249921434,True,True,75.0,67.0,True,True,True,-0.014443046819162975,-0.19341283402172849,0.94459541473193,-8.0
v100_s7_p0,100,0.0,h3,4,1.3667750349439265,1.3776148789976745,3.8251981250359677,3.558570916997269,True,True,82.0,83.0,True,True,True,0.010839844053748049,-0.2666272080386989,0.9302971508080534,1.0
v100_s7_p0,100,0.0,h4,0,1.351225954790565,1.3906967707310773,5.057021250016987,4.382108416000847,True,True,80.0,94.0,True,True,True,0.03947081594051238,-0.6749128340161406,0.8665394506669567,14.0
v100_s7_p0,100,0.0,h4,1,1.3737522520886993,1.3716558765226246,5.00301883299835,4.750393999973312,True,True,72.0,83.0,True,True,True,-0.002096375566074782,-0.25262483302503824,0.9495055202753179,11.0
v100_s7_p0,100,0.0,h4,2,1.3741592348365896,1.3850196135151542,4.852074416994583,4.709397249971516,True,True,72.0,105.0,True,True,True,0.010860378678564597,-0.14267716702306643,0.9705946045420627,33.0
v100_s7_p0,100,0.0,h4,3,1.384559836842361,1.3850743613190066,4.670120708004106,4.381096000026446,True,True,113.0,104.0,True,True,True,0.0005145244766455725,-0.28902470797766,0.9381119405581313,-9.0
v100_s7_p0,100,0.0,h4,4,1.3931686350059722,1.372951164963635,4.7201653749798425,4.533683207991999,True,True,94.0,93.0,True,True,True,-0.020217470042337204,-0.1864821669878438,0.9604924505449896,-1.0
v100_s7_p0,100,0.0,h2+3,0,1.3640948178051522,1.379931718360859,3.9901313330046833,3.810274292016402,True,True,67.0,85.0,True,True,True,0.015836900555706857,-0.17985704098828137,0.95492453105476,18.0
v100_s7_p0,100,0.0,h2+3,1,1.3703603977886452,1.355807959684067,4.0167577500105835,4.199640250008088,True,True,69.0,81.0,True,True,True,-0.01455243810457807,0.18288249999750406,1.0455298804108917,12.0
v100_s7_p0,100,0.0,h2+3,2,1.351795743670069,1.3511459844539104,4.421903833979741,3.764295791974291,True,True,84.0,77.0,True,True,True,-0.0006497592161585075,-0.6576080420054495,0.8512839567083941,-7.0
v100_s7_p0,100,0.0,h2+3,3,1.3787196108506194,1.365892238084745,3.888897792028729,3.58876304194564,True,True,75.0,67.0,True,True,True,-0.012827372765874534,-0.3001347500830889,0.9228226695239227,-8.0
v100_s7_p0,100,0.0,h2+3,4,1.3222561721634787,1.3811582707910628,4.189188290969469,3.894588458002545,True,True,82.0,83.0,True,True,True,0.05890209862758411,-0.2945998329669237,0.929676153826271,1.0
v100_s7_p0,100,0.0,h2+3+4,0,1.349869832715635,1.4006233765574152,5.993089791969396,5.300631541991606,True,True,80.0,94.0,True,True,True,0.0507535438417801,-0.6924582499777898,0.884457220897029,14.0
v100_s7_p0,100,0.0,h2+3+4,1,1.3879292327959785,1.377613891538571,6.01344487501774,5.744309292000253,True,True,72.0,83.0,True,True,True,-0.010315341257407518,-0.2691355830174871,0.9552443584981407,11.0
v100_s7_p0,100,0.0,h2+3+4,2,1.3942159502872424,1.3984303896901866,5.7644385829917155,5.826243916992098,True,True,72.0,105.0,True,True,True,0.004214439402944192,0.06180533400038257,1.010721830601638,33.0
v100_s7_p0,100,0.0,h2+3+4,3,1.4040768172541742,1.3869637988768937,5.529251208005007,5.406182583014015,True,True,113.0,104.0,True,True,True,-0.01711301837728052,-0.12306862499099225,0.9777422619517053,-9.0
v100_s7_p0,100,0.0,h2+3+4,4,1.393582520865933,1.3766867316680063,5.634154875006061,5.514557791990228,True,True,94.0,93.0,True,True,True,-0.01689578919792667,-0.11959708301583305,0.9787728442563084,-1.0
v100_s7_p10,100,0.1,h2,0,1.4605370145138383,1.5031233645868192,1.7590263329911977,1.3622296249959618,True,True,162.0,145.0,True,True,True,0.04258635007298084,-0.3967967079952359,0.7744225310598454,-17.0
v100_s7_p10,100,0.1,h2,1,1.4783685450516966,1.4888983736109354,1.8417675830423832,1.3855604580021463,True,True,162.0,145.0,True,True,True,0.010529828559238785,-0.45620712504023686,0.7522992970227892,-17.0
v100_s7_p10,100,0.1,h2,2,1.4669370149557313,1.4609403373578898,1.7707932909834199,1.3551512500271201,True,True,162.0,145.0,True,True,True,-0.005996677597841504,-0.41564204095629975,0.7652791869764366,-17.0
v100_s7_p10,100,0.1,h2,3,1.4696645318931378,1.47719590850161,1.7844673330546357,1.2630263330065645,True,True,162.0,145.0,True,True,True,0.00753137660847214,-0.5214410000480711,0.7077889909279129,-17.0
v100_s7_p10,100,0.1,h2,4,1.4558059397029957,1.508461099127316,1.74518608400831,1.399117374967318,True,True,162.0,145.0,True,True,True,0.05265515942432031,-0.34606870904099196,0.8017009691905473,-17.0
v100_s7_p10,100,0.1,h3,0,1.474952126502924,1.533456432835667,3.3522141249850392,2.7349314159946516,True,True,82.0,79.0,True,True,True,0.05850430633274306,-0.6172827089903876,0.815858210133536,-3.0
v100_s7_p10,100,0.1,h3,1,1.51042270814285,1.4932937663775432,3.563607874966692,2.916300416982267,True,True,84.0,83.0,True,True,True,-0.017128941765306882,-0.6473074579844251,0.8183561489658917,-1.0
v100_s7_p10,100,0.1,h3,2,1.4763919381272304,1.5003526741298565,3.5457113750162534,2.8729172500316054,True,True,84.0,83.0,True,True,True,0.02396073600262616,-0.6727941249846481,0.8102512997179405,-1.0
v100_s7_p10,100,0.1,h3,3,1.4967220746837482,1.5339714617758267,3.5122753329924308,2.7574965420062654,True,True,82.0,83.0,True,True,True,0.03724938709207848,-0.7547787909861654,0.7851026131419202,1.0
v100_s7_p10,100,0.1,h3,4,1.4970799388767293,1.539196262524691,3.4705372090102173,2.8237219160073437,True,True,82.0,68.0,True,True,True,0.042116323647961806,-0.6468152930028737,0.8136267516960746,-14.0
v100_s7_p10,100,0.1,h4,0,1.542033282275258,1.5010758123338284,3.484873083012644,2.9071296250331216,True,True,84.0,71.0,True,True,True,-0.04095746994142968,-0.5777434579795226,0.8342139170589052,-13.0
v100_s7_p10,100,0.1,h4,1,1.5393681894622129,1.5248545050216125,3.4434472920256667,2.922942792007234,True,True,106.0,66.0,True,True,True,-0.014513684440600416,-0.5205045000184327,0.8488420307103823,-40.0
v100_s7_p10,100,0.1,h4,2,1.5195305473888345,1.5164718884304418,3.380636791989673,2.8494517090148292,True,True,107.0,71.0,True,True,True,-0.003058658958392746,-0.5311850829748437,0.842874252497792,-36.0
v100_s7_p10,100,0.1,h4,3,1.555282314701202,1.4959794125957178,3.485328708018642,3.0964752080035396,True,True,101.0,80.0,True,True,True,-0.05930290210548428,-0.3888535000151023,0.8884313266864978,-21.0
v100_s7_p10,100,0.1,h4,4,1.5343001262617981,1.5543858465427043,3.3343728750478476,3.017439082963392,True,True,70.0,75.0,True,True,True,0.02008572028090616,-0.3169337920844555,0.9049495050610057,5.0
v100_s7_p10,100,0.1,h2+3,0,1.4773587685174119,1.5053197399583313,3.63474795804359,3.0169357499689795,True,True,82.0,79.0,True,True,True,0.02796097144091947,-0.6178122080746107,0.8300261214240701,-3.0
v100_s7_p10,100,0.1,h2+3,1,1.4992648117710508,1.519313366949282,3.9658499579527415,3.1348429159843363,True,True,84.0,83.0,True,True,True,0.02004855517823123,-0.8310070419684052,0.790459283437594,-1.0
v100_s7_p10,100,0.1,h2+3,2,1.4702797035934285,1.490935694793089,3.946456666046288,3.1325054169865325,True,True,84.0,83.0,True,True,True,0.02065599119966044,-0.8139512490597554,0.7937513780240737,-1.0
v100_s7_p10,100,0.1,h2+3,3,1.4689672628652102,1.5440006747230426,3.6882962089730427,3.083093583001755,True,True,82.0,83.0,True,True,True,0.07503341185783241,-0.6052026259712875,0.8359126838839773,1.0
v100_s7_p10,100,0.1,h2+3,4,1.4930248448323309,1.5004913340439157,3.860680166981183,3.121047083986923,True,True,82.0,68.0,True,True,True,0.00746648921158477,-0.7396330829942599,0.8084189699732086,-14.0
v100_s7_p10,100,0.1,h2+3+4,0,1.4930118727083963,1.5131603515320022,4.240781166998204,3.6339146249811165,True,True,84.0,71.0,True,True,True,0.02014847882360593,-0.6068665420170873,0.8568974634343955,-13.0
v100_s7_p10,100,0.1,h2+3+4,1,1.5289696615855222,1.5237573281178358,4.2205921249696985,3.6550904999603517,True,True,106.0,67.0,True,True,True,-0.0052123334676863475,-0.5655016250093468,0.8660136757438017,-39.0
v100_s7_p10,100,0.1,h2+3+4,2,1.4880257969237423,1.4960107990642686,4.152749917004257,3.5393204580177553,True,True,107.0,71.0,True,True,True,0.007985002140526332,-0.6134294589865021,0.8522835539711424,-36.0
v100_s7_p10,100,0.1,h2+3+4,3,1.5698715582298401,1.5050150253621706,3.9978666250244714,3.876766458968632,True,True,101.0,80.0,True,True,True,-0.06485653286766957,-0.12110016605583951,0.9697088028655537,-21.0
v100_s7_p10,100,0.1,h2+3+4,4,1.534957299385103,1.5319935566513063,3.9892280000494793,3.686090792005416,True,True,70.0,75.0,True,True,True,-0.002963742733796737,-0.3031372080440633,0.9240110597738952,5.0
v100_s7_p30,100,0.3,h2,0,2.096685262026483,2.1216652124913002,0.914808583969716,0.38612562499474734,True,True,126.0,67.0,True,True,True,0.024979950464817158,-0.5286829589749686,0.42208351753674594,-59.0
v100_s7_p30,100,0.3,h2,1,2.1567847150295933,2.341147034923999,0.856210750003811,0.43609224999090657,True,True,126.0,67.0,True,True,True,0.18436231989440577,-0.4201185000129044,0.5093281648110183,-59.0
v100_s7_p30,100,0.3,h2,2,2.241968213618492,2.1950159497148674,0.8464066250016913,0.44301037496188655,True,True,126.0,67.0,True,True,True,-0.046952263903624836,-0.4033962500398047,0.5234013556557421,-59.0
v100_s7_p30,100,0.3,h2,3,2.0452406563182617,2.2566818485422377,0.8578165420331061,0.4128371669794433,True,True,126.0,67.0,True,True,True,0.21144119222397606,-0.4449793750536628,0.4812651036094271,-59.0
v100_s7_p30,100,0.3,h2,4,2.093134212399582,2.1178450980511996,0.9064864590181969,0.4257879169890657,True,True,126.0,67.0,True,True,True,0.02471088565161761,-0.4806985420291312,0.469712385389883,-59.0
v100_s7_p30,100,0.3,h3,0,2.106660143814253,2.2123615461626924,0.9713847910170443,0.5203103750245646,True,True,126.0,67.0,True,True,True,0.10570140234843928,-0.45107441599247977,0.5356377615093162,-59.0
v100_s7_p30,100,0.3,h3,1,2.0662318938389035,2.1894486989939823,1.0824954999843612,0.49682687502354383,True,True,126.0,67.0,True,True,True,0.12321680515507882,-0.5856686249608174,0.45896437909508303,-59.0
v100_s7_p30,100,0.3,h3,2,2.1616540975191123,2.2055517110064717,1.0739156670169905,0.4717929170001298,True,True,126.0,67.0,True,True,True,0.04389761348735943,-0.6021227500168607,0.43932026646992345,-59.0
v100_s7_p30,100,0.3,h3,3,1.9965515704322065,2.2925371528673972,0.9887158329947852,0.49832245899597183,True,True,126.0,67.0,True,True,True,0.2959855824351907,-0.49039337399881333,0.5040097896344704,-59.0
v100_s7_p30,100,0.3,h3,4,2.0870462610631404,2.2004542127553544,1.058558082964737,0.5551030000206083,True,True,126.0,67.0,True,True,True,0.11340795169221396,-0.5034550829441287,0.5243954100902181,-59.0
v100_s7_p30,100,0.3,h4,0,,2.5610047689000326,2.1230678749852814,1.0544995840173215,True,True,115.0,61.0,False,True,False,,-1.06856829096796,0.49668670344542426,-54.0
v100_s7_p30,100,0.3,h4,1,2.9030669831787668,2.5675718735941677,2.084480583027471,1.1136730840080418,True,True,97.0,61.0,True,True,True,-0.33549510958459905,-0.9708074990194291,0.5342688692213954,-36.0
v100_s7_p30,100,0.3,h4,2,,2.4699298157869776,2.157767749973573,1.11244275001809,True,True,147.0,64.0,False,True,False,,-1.0453249999554828,0.515552589027116,-83.0
v100_s7_p30,100,0.3,h4,3,2.544565592875244,2.4563961687885154,2.1916970830061473,1.0405817499849945,True,True,115.0,53.0,True,True,True,-0.08816942408672857,-1.1511153330211528,0.4747835629537478,-62.0
v100_s7_p30,100,0.3,h4,4,2.6609585875185746,2.4346059975152783,2.1008893749676645,0.9543303329846822,True,True,97.0,53.0,True,True,True,-0.22635259000329633,-1.1465590419829823,0.4542506351622491,-44.0
v100_s7_p30,100,0.3,h2+3,0,2.1089954460978517,2.2394880916175994,1.1028523750137538,0.548717875033617,True,True,126.0,67.0,True,True,True,0.1304926455197477,-0.5541344999801368,0.4975442656382491,-59.0
v100_s7_p30,100,0.3,h2+3,1,2.094789965997491,2.2004542127553544,1.1026167499949224,0.5425017909728922,True,True,126.0,67.0,True,True,True,0.10566424675786346,-0.5601149590220302,0.4920130144725177,-59.0
v100_s7_p30,100,0.3,h2+3,2,2.0206167791122236,2.2055517110064717,1.1803220000001602,0.5185054579633288,True,True,126.0,67.0,True,True,True,0.18493493189424814,-0.6618165420368314,0.43929153058509324,-59.0
v100_s7_p30,100,0.3,h2+3,3,2.1947715374363885,2.205551711006472,0.9328616659622639,0.5592639159876853,True,True,126.0,67.0,True,True,True,0.010780173570083651,-0.3735977499745786,0.5995143078484143,-59.0
v100_s7_p30,100,0.3,h2+3,4,2.1947025428956666,2.2468367346109495,1.1334498340147547,0.525627082970459,True,True,126.0,67.0,True,True,True,0.052134191715282885,-0.6078227510442957,0.46374093250219367,-59.0
v100_s7_p30,100,0.3,h2+3+4,0,,2.419216454474845,2.692993499978911,1.2851336659514345,True,True,110.0,62.0,False,True,False,,-1.4078598340274766,0.47721380165288124,-48.0
v100_s7_p30,100,0.3,h2+3+4,1,,2.7761058995158456,2.6822902919957414,1.419754832983017,True,True,97.0,62.0,False,True,False,,-1.2625354590127245,0.5293069274491753,-35.0
v100_s7_p30,100,0.3,h2+3+4,2,,2.4284220771488925,2.7302959169610403,1.4307556249550544,True,True,97.0,65.0,False,True,False,,-1.299540292005986,0.524029507595484,-32.0
v100_s7_p30,100,0.3,h2+3+4,3,,2.4268264658128813,2.685143542010337,1.3627188330283388,True,True,97.0,54.0,False,True,False,,-1.3224247089819983,0.5075031601506437,-43.0
v100_s7_p30,100,0.3,h2+3+4,4,,2.3846939694718334,2.8126767079811543,1.2705238329945132,True,True,97.0,54.0,False,True,False,,-1.542152874986641,0.4517134263562245,-43.0
v100_s7_p50,100,0.5,h2,0,3.2567989986339203,3.2398944346973337,0.618740042031277,0.2189600839628838,True,True,108.0,24.0,True,True,True,-0.01690456393658657,-0.39977995806839317,0.35388057841553994,-84.0
v100_s7_p50,100,0.5,h2,1,3.3046121961826245,3.1359450572930307,0.646432832989376,0.2001497499877587,True,True,108.0,24.0,True,True,True,-0.16866713888959373,-0.44628308300161734,0.3096218814601085,-84.0
v100_s7_p50,100,0.5,h2,2,3.4458916331063394,3.1365401280654313,0.6231161250034347,0.23222145799081773,True,True,108.0,24.0,True,True,True,-0.30935150504090814,-0.390894667012617,0.37267765777933876,-84.0
v100_s7_p50,100,0.5,h2,3,3.066775927040436,3.1365401280654233,0.6287923750351183,0.2407861670362763,True,True,108.0,24.0,True,True,True,0.06976420102498748,-0.388006207998842,0.3829342985000865,-84.0
v100_s7_p50,100,0.5,h2,4,3.2913094690472926,3.1104343888279633,0.6318343330058269,0.21991370798787102,True,True,108.0,24.0,True,True,True,-0.1808750802193293,-0.4119206250179559,0.3480559641982021,-84.0
v100_s7_p50,100,0.5,h3,0,3.466888802124267,3.2398944346973337,0.6513521659653634,0.2562152919708751,True,True,108.0,24.0,True,True,True,-0.22699436742693324,-0.39513687399448827,0.39335908492933414,-84.0
v100_s7_p50,100,0.5,h3,1,3.1983334634118874,3.2398944346973337,0.6806025420082733,0.23187816701829433,True,True,108.0,24.0,True,True,True,0.041560971285446335,-0.44872437498997897,0.34069541723145025,-84.0
v100_s7_p50,100,0.5,h3,2,3.5298249145999034,3.2398944346973337,0.6140623749815859,0.26528833399061114,True,True,108.0,24.0,True,True,True,-0.2899304799025697,-0.34877404099097475,0.43202180234307047,-84.0
v100_s7_p50,100,0.5,h3,3,3.5426282460136194,3.1365401280654233,0.6208220830303617,0.23066499998094514,True,True,108.0,24.0,True,True,True,-0.4060881179481961,-0.39015708304941654,0.37154767249099985,-84.0
v100_s7_p50,100,0.5,h3,4,3.064299090606183,3.1365401280654233,0.6192909170058556,0.2717075410182588,True,True,108.0,24.0,True,True,True,0.07224103745924015,-0.3475833759875968,0.43873974824612144,-84.0
v100_s7_p50,100,0.5,h2+3,0,3.555576874850957,3.2398944346973337,0.6572655839845538,0.261365374957677,True,True,108.0,24.0,True,True,True,-0.3156824401536231,-0.39590020902687684,0.39765565294503424,-84.0
v100_s7_p50,100,0.5,h2+3,1,3.145517531476976,3.2398944346973337,0.6915842089802027,0.26804425002774224,True,True,108.0,24.0,True,True,True,0.09437690322035763,-0.42353995895246044,0.38758006118010613,-84.0
v100_s7_p50,100,0.5,h2+3,2,3.2951279972828647,3.2398944346973337,0.7216219580150209,0.26079062500502914,True,True,108.0,24.0,True,True,True,-0.055233562585530915,-0.4608313330099918,0.3613950796652458,-84.0
v100_s7_p50,100,0.5,h2+3,3,3.5426253044252136,3.1365401280654233,0.6348494169651531,0.2514536670059897,True,True,108.0,24.0,True,True,True,-0.40608517635979036,-0.38339574995916337,0.3960839535901976,-84.0
v100_s7_p50,100,0.5,h2+3,4,3.684533871437128,3.1365401280654313,0.6538236670312472,0.2949522910057567,True,True,108.0,24.0,True,True,True,-0.5479937433716966,-0.35887137602549046,0.4511190185956675,-84.0
v100_s8_p0,100,0.0,h2,0,1.2993210113646765,1.3214871553481122,2.0761426659883,1.9732142090215348,True,True,180.0,176.0,True,True,True,0.02216614398343575,-0.10292845696676522,0.9504232254107795,-4.0
v100_s8_p0,100,0.0,h2,1,1.305045368376914,1.3223751119481935,2.124968124961015,2.067456500022672,True,True,180.0,176.0,True,True,True,0.017329743571279366,-0.05751162493834272,0.9729352999403708,-4.0
v100_s8_p0,100,0.0,h2,2,1.3165024207488518,1.3116912349715326,2.1650253330008127,2.021926124987658,True,True,180.0,176.0,True,True,True,-0.004811185777319205,-0.14309920801315457,0.9339041415211464,-4.0
v100_s8_p0,100,0.0,h2,3,1.316465002812592,1.3234903349934506,2.0646959579898976,2.0074543750379235,True,True,180.0,176.0,True,True,True,0.007025332180858657,-0.057241582951974124,0.9722760231449757,-4.0
v100_s8_p0,100,0.0,h2,4,1.3121008610620875,1.329321101061739,2.1615039999596775,2.073092166974675,True,True,180.0,176.0,True,True,True,0.0172202399996515,-0.08841183298500255,0.9590970763937278,-4.0
v100_s8_p0,100,0.0,h3,0,1.371260259233073,1.349041392439338,4.053765207994729,3.327472083037719,True,True,87.0,74.0,True,True,True,-0.02221886679373486,-0.7262931249570101,0.8208349305666165,-13.0
v100_s8_p0,100,0.0,h3,1,1.3490680384347897,1.3783456205608544,4.026161624991801,3.354367749998346,True,True,84.0,71.0,True,True,True,0.029277582126064683,-0.6717938749934547,0.8331428448318136,-13.0
v100_s8_p0,100,0.0,h3,2,1.329790394641996,1.3581838272475466,3.8884649589890614,3.4176247909781523,True,True,84.0,74.0,True,True,True,0.028393432605550606,-0.4708401680109091,0.8789136142470678,-10.0
v100_s8_p0,100,0.0,h3,3,1.3636126603969692,1.3608105329838778,3.844143374997657,3.9006442920072004,True,True,95.0,84.0,True,True,True,-0.002802127413091382,0.05650091700954363,1.0146979213566867,-11.0
v100_s8_p0,100,0.0,h3,4,1.3350872428060434,1.379930337916515,3.951899583975319,3.40860295802122,True,True,78.0,66.0,True,True,True,0.04484309511047169,-0.543296625954099,0.8625226642505975,-12.0
v100_s8_p0,100,0.0,h4,0,1.3807030008349006,1.3671750219972096,4.627858499996364,4.570273875026032,True,True,72.0,122.0,True,True,True,-0.013527978837690968,-0.05758462497033179,0.98755696074753,50.0
v100_s8_p0,100,0.0,h4,1,1.3588460924762098,1.3841410217332601,4.9194078329601325,4.4226502910023555,True,True,85.0,96.0,True,True,True,0.025294929257050347,-0.496757541957777,0.899020866164116,11.0
v100_s8_p0,100,0.0,h4,2,1.3865497178928494,1.3757234884017364,4.719229792011902,4.499443791981321,True,True,129.0,105.0,True,True,True,-0.010826229491113004,-0.2197860000305809,0.953427569811793,-24.0
v100_s8_p0,100,0.0,h4,3,1.3715636792401427,1.363341166623689,4.597699415986426,4.70701245899545,True,True,102.0,76.0,True,True,True,-0.008222512616453681,0.10931304300902411,1.023775595818408,-26.0
v100_s8_p0,100,0.0,h4,4,1.3743626491518588,1.3672851660618957,4.448706292023417,4.760530500032473,True,True,89.0,107.0,True,True,True,-0.007077483089963144,0.31182420800905675,1.0700932332997934,18.0
v100_s8_p0,100,0.0,h2+3,0,1.335438636048702,1.3614365332957081,4.247368999989703,3.6528464169823565,True,True,87.0,74.0,True,True,True,0.025997897247006074,-0.5945225830073468,0.8600256810724973,-13.0
v100_s8_p0,100,0.0,h2+3,1,1.3536780560002404,1.3933691685616711,4.43662737502018,3.6443798329564743,True,True,84.0,71.0,True,True,True,0.039691112561430764,-0.7922475420637056,0.8214302272657951,-13.0
v100_s8_p0,100,0.0,h2+3,2,1.366211744698815,1.3694049634923025,4.281769749999512,3.779441708989907,True,True,84.0,74.0,True,True,True,0.003193218793487551,-0.5023280410096049,0.8826821453886767,-10.0
v100_s8_p0,100,0.0,h2+3,3,1.36232111036121,1.3801401300389657,4.174685875012074,4.206165415991563,True,True,95.0,84.0,True,True,True,0.017819019677755676,0.031479540979489684,1.0075405771648385,-11.0
v100_s8_p0,100,0.0,h2+3,4,1.354653160944154,1.3729178982534518,4.333373749977909,3.781164166983217,True,True,78.0,66.0,True,True,True,0.018264737309297896,-0.552209582994692,0.8725682078547905,-12.0
v100_s8_p0,100,0.0,h2+3+4,0,1.380133612113106,1.3797619618283528,5.507914750021882,5.430916999990586,True,True,72.0,122.0,True,True,True,-0.00037165028475327766,-0.07699775003129616,0.986020526183527,50.0
v100_s8_p0,100,0.0,h2+3+4,1,1.3734000494619858,1.3641863065303317,5.920133832958527,5.331218749983236,True,True,85.0,96.0,True,True,True,-0.009213742931654112,-0.5889150829752907,0.9005233497093111,11.0
v100_s8_p0,100,0.0,h2+3+4,2,1.377659547852945,1.3622405199936336,5.850612917041872,5.506320582993794,True,True,129.0,105.0,True,True,True,-0.015419027859311374,-0.34429233404807746,0.9411527751143456,-24.0
v100_s8_p0,100,0.0,h2+3+4,3,1.3864754658261722,1.3762174392254547,5.622479540994391,5.52971949998755,True,True,102.0,76.0,True,True,True,-0.010258026600717507,-0.09276004100684077,0.9835019335632059,-26.0
v100_s8_p0,100,0.0,h2+3+4,4,1.3905064685759823,1.3872291823677643,5.2858450839994475,5.751278624986298,True,True,89.0,107.0,True,True,True,-0.0032772862082179888,0.46543354098685086,1.0880528153191142,18.0
v100_s8_p10,100,0.1,h2,0,1.4702790279140479,1.5142669028337428,1.7648739160504192,1.433048165985383,True,True,162.0,145.0,True,True,True,0.043987874919694914,-0.3318257500650361,0.8119833110754885,-17.0
v100_s8_p10,100,0.1,h2,1,1.5259460274656302,1.4697935731661198,1.8425942919566296,1.407051208021585,True,True,162.0,145.0,True,True,True,-0.056152454299510435,-0.4355430839350447,0.763625076970934,-17.0
v100_s8_p10,100,0.1,h2,2,1.522111069444844,1.534772518281871,1.9402367500006221,1.451739499985706,True,True,162.0,145.0,True,True,True,0.012661448837026912,-0.48849725001491606,0.7482280190730541,-17.0
v100_s8_p10,100,0.1,h2,3,1.4825769494419154,1.4947397265374032,1.926780209003482,1.4579359159688465,True,True,162.0,145.0,True,True,True,0.012162777095487742,-0.4688442930346355,0.7566695511798315,-17.0
v100_s8_p10,100,0.1,h2,4,1.4693502255155488,1.498546822606972,1.836875416978728,1.3858092080336064,True,True,162.0,145.0,True,True,True,0.029196597091423193,-0.4510662089451216,0.7544383223947598,-17.0
v100_s8_p10,100,0.1,h3,0,1.473220476427243,1.507526917510427,3.515781083959155,2.76921466703061,True,True,84.0,80.0,True,True,True,0.034306441083183925,-0.7465664169285446,0.7876527579220521,-4.0
v100_s8_p10,100,0.1,h3,1,1.5309224603712048,1.518603895889546,3.534279833023902,2.916567333973944,True,True,81.0,79.0,True,True,True,-0.0123185644816588,-0.6177124990499578,0.8252225267286072,-2.0
v100_s8_p10,100,0.1,h3,2,1.4861013321035565,1.519531246316897,3.545643458957784,2.9340709159732796,True,True,77.0,79.0,True,True,True,0.03342991421334052,-0.6115725429845043,0.8275143707866578,2.0
v100_s8_p10,100,0.1,h3,3,1.4864980896669744,1.554102069598054,3.5484681249945424,2.81324308400508,True,True,84.0,80.0,True,True,True,0.0676039799310797,-0.7352250409894623,0.7928049470669564,-4.0
v100_s8_p10,100,0.1,h3,4,1.5098365461533838,1.486392470225353,3.4185585829545744,2.39119799999753,True,True,81.0,71.0,True,True,True,-0.023444075928030772,-1.0273605829570442,0.6994755075780734,-10.0
v100_s8_p10,100,0.1,h4,0,1.565730494731379,1.543229449876055,3.522682083013933,3.298754707968328,True,True,121.0,109.0,True,True,True,-0.022501044855324004,-0.223927375045605,0.9364327038975889,-12.0
v100_s8_p10,100,0.1,h4,1,1.5009312719860766,1.5109606896536354,3.597422084014397,3.227916332951281,True,True,98.0,125.0,True,True,True,0.010029417667558826,-0.3695057510631159,0.8972859613262892,27.0
v100_s8_p10,100,0.1,h4,2,1.5688559419388217,1.5444239651053306,3.8018766670138575,3.4370040000067092,True,True,117.0,138.0,True,True,True,-0.024431976833491076,-0.36487266700714827,0.9040282736752391,21.0
v100_s8_p10,100,0.1,h4,3,1.5177246974323546,1.5612709177499673,3.6311427500331774,3.188490833970718,True,True,94.0,97.0,True,True,True,0.04354622031761268,-0.44265191606245935,0.8780956997467492,3.0
v100_s8_p10,100,0.1,h4,4,1.5223965600650071,1.551063565931659,3.589284791960381,3.637899917026516,True,True,121.0,133.0,True,True,True,0.02866700586665183,0.04861512506613508,1.0135445159367202,12.0
v100_s8_p10,100,0.1,h2+3,0,1.4633384216133718,1.5199184925129618,3.724086875037756,3.0641691670170985,True,True,84.0,80.0,True,True,True,0.05658007089959005,-0.6599177080206573,0.822797445343171,-4.0
v100_s8_p10,100,0.1,h2+3,1,1.4759550782946427,1.5163935071167645,3.839173165964894,3.073501083010342,True,True,81.0,79.0,True,True,True,0.040438428822121786,-0.765672082954552,0.8005632854119732,-2.0
v100_s8_p10,100,0.1,h2+3,2,1.4780869029794999,1.527688985966167,3.8472624580026604,3.18083716701949,True,True,77.0,79.0,True,True,True,0.04960208298666724,-0.6664252909831703,0.8267793533043362,2.0
v100_s8_p10,100,0.1,h2+3,3,1.4942440445769258,1.5392751910893534,4.007317457988393,3.073911332990974,True,True,84.0,80.0,True,True,True,0.04503114651242757,-0.9334061249974184,0.7670745742549748,-4.0
v100_s8_p10,100,0.1,h2+3,4,1.5036715672753913,1.5057334662927295,3.8211214169859886,2.6924725000280887,True,True,81.0,71.0,True,True,True,0.00206189901733822,-1.1286489169579,0.7046288788572043,-10.0
v100_s8_p10,100,0.1,h2+3+4,0,1.5175144223967687,1.5337218732775666,4.330257333989721,4.072849625023082,True,True,121.0,110.0,True,True,True,0.01620745088079789,-0.2574077089666389,0.940556024939637,-11.0
v100_s8_p10,100,0.1,h2+3+4,1,1.5250953108916456,1.5479491073559604,4.447552166006062,4.064260541985277,True,True,98.0,125.0,True,True,True,0.022853796464314735,-0.3832916240207851,0.9138196451184104,27.0
v100_s8_p10,100,0.1,h2+3+4,2,1.5204942278952942,1.5361771684940055,4.499901083006989,4.0769760409602895,True,True,117.0,139.0,True,True,True,0.015682940598711337,-0.4229250420466997,0.9060145913776205,22.0
v100_s8_p10,100,0.1,h2+3+4,3,1.5379912900033086,1.5319520272425664,4.524445457966067,3.9803070000489242,True,True,94.0,97.0,True,True,True,-0.006039262760742181,-0.5441384579171427,0.8797336683639112,3.0
v100_s8_p10,100,0.1,h2+3+4,4,1.513049674462325,1.5306690655023942,4.43866683304077,4.257232917007059,True,True,121.0,133.0,True,True,True,0.017619391040069265,-0.18143391603371128,0.9591242319240668,12.0
v100_s8_p30,100,0.3,h2,0,2.120402317934062,2.3280232819637,0.8388653750298545,0.383973625022918,True,True,126.0,67.0,True,True,True,0.2076209640296378,-0.4548917500069365,0.4577297340580456,-59.0
v100_s8_p30,100,0.3,h2,1,2.163853915854703,2.246234049921221,0.8683696250081994,0.4317365839960985,True,True,126.0,67.0,True,True,True,0.08238013406651801,-0.4366330410121009,0.49718066081827994,-59.0
v100_s8_p30,100,0.3,h2,2,2.214389069452489,2.1424433014713826,0.8566746250144206,0.4622953329817392,True,True,126.0,67.0,True,True,True,-0.07194576798110619,-0.3943792920326814,0.5396393443706323,-59.0
v100_s8_p30,100,0.3,h2,3,2.3980572593463627,2.229595352887221,0.7734591250191443,0.4220700000296347,True,True,126.0,67.0,True,True,True,-0.16846190645914172,-0.3513891249895096,0.5456914093801503,-59.0
v100_s8_p30,100,0.3,h2,4,2.210447611858664,2.271252881134699,0.901368334016297,0.39688329200726,True,True,126.0,67.0,True,True,True,0.06080526927603502,-0.504485042009037,0.4403119979141449,-59.0
v100_s8_p30,100,0.3,h3,0,2.161443525035298,2.1456510850370627,1.0063997919787653,0.5016706670285203,True,True,126.0,67.0,True,True,True,-0.01579243999823543,-0.504729124950245,0.4984804955515187,-59.0
v100_s8_p30,100,0.3,h3,1,2.1847066570869123,2.0728751854995724,1.059900166990701,0.5438821669667959,True,True,126.0,67.0,True,True,True,-0.11183147158733986,-0.5160180000239052,0.5131447129695259,-59.0
v100_s8_p30,100,0.3,h3,2,2.1187411117607,2.124792310756208,0.9787107089650817,0.5240887089748867,True,True,126.0,67.0,True,True,True,0.006051198995508322,-0.45462199999019504,0.5354888877522082,-59.0
v100_s8_p30,100,0.3,h3,3,2.151825681619877,2.101343137798278,0.9759728340432048,0.4999377090134658,True,True,126.0,67.0,True,True,True,-0.050482543821599,-0.476035125029739,0.5122455170625521,-59.0
v100_s8_p30,100,0.3,h3,4,2.1603643122742846,2.0925289798712603,0.9112520000198856,0.4888152499916032,True,True,126.0,67.0,True,True,True,-0.0678353324030243,-0.4224367500282824,0.5364215935668027,-59.0
v100_s8_p30,100,0.3,h4,0,,2.5656910067938505,1.9977001249790192,0.9956874159979634,True,True,101.0,84.0,False,True,False,,-1.0020127089810558,0.4984168562378303,-17.0
v100_s8_p30,100,0.3,h4,1,,2.5161647798822657,2.0997014170279726,0.9530974579975009,True,True,101.0,80.0,False,True,False,,-1.1466039590304717,0.45392047186716905,-21.0
v100_s8_p30,100,0.3,h4,2,,3.000573537949584,1.9668080410338007,0.9676212919875979,True,True,101.0,80.0,False,True,False,,-0.9991867490462027,0.49197546064484937,-21.0
v100_s8_p30,100,0.3,h4,3,,2.774899650693064,1.8471126249642111,1.0553654999821447,True,True,101.0,80.0,False,True,False,,-0.7917471249820665,0.5713595834485691,-21.0
v100_s8_p30,100,0.3,h4,4,,2.603501353783976,2.1937905839877203,0.9954707500291988,True,True,101.0,80.0,False,True,False,,-1.1983198339585215,0.4537674458515093,-21.0
v100_s8_p30,100,0.3,h2+3,0,2.147852311252081,2.09728492559707,1.010155374999158,0.5145175419747829,True,True,126.0,67.0,True,True,True,-0.050567385655011066,-0.49563783302437514,0.5093449529734094,-59.0
v100_s8_p30,100,0.3,h2+3,1,2.3999984030655614,2.0948409508137336,0.936689333000686,0.528471541008912,True,True,126.0,67.0,True,True,True,-0.3051574522518279,-0.408217791991774,0.5641908393639463,-59.0
v100_s8_p30,100,0.3,h2+3,2,2.1494915450338308,2.095032019309976,1.0803971670102328,0.5617122499970719,True,True,126.0,67.0,True,True,True,-0.05445952572385471,-0.5186849170131609,0.5199127387120887,-59.0
v100_s8_p30,100,0.3,h2+3,3,2.2108233874320895,2.0860374440467755,0.9616554590174928,0.49649720801971853,True,True,126.0,67.0,True,True,True,-0.12478594338531401,-0.4651582509977743,0.5162942750067486,-59.0
v100_s8_p30,100,0.3,h2+3,4,2.160611688729349,2.186532812316684,1.0058078750153072,0.5487709169974551,True,True,126.0,67.0,True,True,True,0.025921123587334893,-0.45703695801785216,0.5456021280297725,-59.0
v100_s8_p30,100,0.3,h2+3+4,0,,2.8087661231976773,2.3456334590446204,1.2172488329815678,True,True,101.0,84.0,False,True,False,,-1.1283846260630526,0.5189424751288102,-17.0
v100_s8_p30,100,0.3,h2+3+4,1,,2.574440863114293,2.6596996660227887,1.196103582973592,True,True,101.0,81.0,False,True,False,,-1.4635960830491967,0.44971377718078925,-20.0
v100_s8_p30,100,0.3,h2+3+4,2,,2.621473065068451,2.3744394160457887,1.2522130419965833,True,True,101.0,81.0,False,True,False,,-1.1222263740492053,0.5273720750820099,-20.0
v100_s8_p30,100,0.3,h2+3+4,3,,2.8556209425173877,2.3545943750068545,1.3005002079880796,True,True,101.0,81.0,False,True,False,,-1.054094167018775,0.5523245200075252,-20.0
v100_s8_p30,100,0.3,h2+3+4,4,,2.609291637363912,2.625233582977671,1.2273189999978058,True,True,101.0,81.0,False,True,False,,-1.3979145829798654,0.4675084944653646,-20.0
v100_s8_p50,100,0.5,h2,0,2.7734684417525517,2.808538386262195,0.8361860829754733,0.2250558749656193,True,True,107.0,20.0,True,True,True,0.0350699445096434,-0.611130208009854,0.2691456836554652,-87.0
v100_s8_p50,100,0.5,h2,1,2.730888558246229,2.773009335618079,0.7704504589783028,0.2159270839765668,True,True,107.0,20.0,True,True,True,0.04212077737185016,-0.554523375001736,0.28026082853258144,-87.0
v100_s8_p50,100,0.5,h2,2,2.7180319915039863,2.8615336822573942,0.8904358329600655,0.2258915409911424,True,True,107.0,20.0,True,True,True,0.1435016907534079,-0.6645442919689231,0.2536864899520202,-87.0
v100_s8_p50,100,0.5,h2,3,2.8315926386148482,2.9332775691298694,0.8671138339559548,0.2634284159867093,True,True,107.0,20.0,True,True,True,0.10168493051502114,-0.6036854179692455,0.30379911572266555,-87.0
v100_s8_p50,100,0.5,h2,4,2.9656196358515734,2.861533682257394,0.8877343750209548,0.18416595802409574,True,True,107.0,20.0,True,True,True,-0.1040859535941796,-0.703568416996859,0.2074561526579936,-87.0
v100_s8_p50,100,0.5,h3,0,2.726481185693576,2.815368966659574,0.9407312920084223,0.2078374580014497,True,True,107.0,20.0,True,True,True,0.08888778096599825,-0.7328938340069726,0.22093180036323162,-87.0
v100_s8_p50,100,0.5,h3,1,2.800089192072611,2.815368966659576,0.8942352500162087,0.28899791598087177,True,True,107.0,20.0,True,True,True,0.015279774586964834,-0.605237334035337,0.32317884580778206,-87.0
v100_s8_p50,100,0.5,h3,2,2.776354039223484,2.815368966659576,0.966269500029739,0.27157266600988805,True,True,107.0,20.0,True,True,True,0.039014927436091806,-0.6946968340198509,0.28105271459104303,-87.0
v100_s8_p50,100,0.5,h3,3,2.7180319915039863,2.815368966659576,0.895554875023663,0.22801583301043138,True,True,107.0,20.0,True,True,True,0.09733697515558948,-0.6675390420132317,0.2546084437365232,-87.0
v100_s8_p50,100,0.5,h3,4,2.731543975830509,2.815368966659574,0.8553120829747058,0.24139920802554116,True,True,107.0,20.0,True,True,True,0.08382499082906492,-0.6139128749491647,0.28223523650686,-87.0
v100_s8_p50,100,0.5,h2+3,0,2.739010360912188,2.815368966659576,0.8804668750381097,0.26790908398106694,True,True,107.0,20.0,True,True,True,0.07635860574738773,-0.6125577910570428,0.3042807078568071,-87.0
v100_s8_p50,100,0.5,h2+3,1,2.7247133954331053,2.815368966659576,0.9328351659933105,0.23700783296953887,True,True,107.0,20.0,True,True,True,0.0906555712264705,-0.6958273330237716,0.254072575316311,-87.0
v100_s8_p50,100,0.5,h2+3,2,2.7348645458008294,2.8153689666595736,0.8910560419899411,0.23399274999974295,True,True,107.0,20.0,True,True,True,0.08050442085874421,-0.6570632919901982,0.26260160862293375,-87.0
v100_s8_p50,100,0.5,h2+3,3,2.7842883188753933,2.815368966659576,0.8934604999958538,0.2277598329819739,True,True,107.0,20.0,True,True,True,0.031080647784182514,-0.6657006670138799,0.25491874904713846,-87.0
v100_s8_p50,100,0.5,h2+3,4,2.7734684417525357,2.815368966659576,0.9766570000210777,0.26566804200410843,True,True,107.0,20.0,True,True,True,0.041900524907040104,-0.7109889580169693,0.2720177523924724,-87.0
v100_s9_p0,100,0.0,h2,0,1.3249443240788994,1.3066656268238248,2.096650874998886,2.0393827080260962,True,True,180.0,176.0,True,True,True,-0.018278697255074583,-0.05726816697278991,0.9726858831598177,-4.0
v100_s9_p0,100,0.0,h2,1,1.316643815302014,1.3175530692322104,2.060004958009813,2.085889667039737,True,True,180.0,176.0,True,True,True,0.0009092539301964742,0.025884709029924124,1.0125653624906474,-4.0
v100_s9_p0,100,0.0,h2,2,1.310533941053988,1.3203878702007,2.1607605420285836,1.9911739169619977,True,True,180.0,176.0,True,True,True,0.009853929146711904,-0.16958662506658584,0.9215153082592978,-4.0
v100_s9_p0,100,0.0,h2,3,1.296717482655981,1.3153872969309635,2.0409023329848424,2.087679707969073,True,True,180.0,176.0,True,True,True,0.018669814274982377,0.046777374984230846,1.0229199478231858,-4.0
v100_s9_p0,100,0.0,h2,4,1.3189828136971584,1.3142263319963807,2.101043957984075,1.9650622910121456,True,True,180.0,176.0,True,True,True,-0.004756481700777693,-0.13598166697192937,0.9352789995396374,-4.0
v100_s9_p0,100,0.0,h3,0,1.3394550606190483,1.365707166455378,3.523954041011166,3.4945578339975327,True,True,70.0,81.0,True,True,True,0.026252105836329642,-0.029396207013633102,0.991658175256679,11.0
v100_s9_p0,100,0.0,h3,1,1.3529665231447756,1.3411845448569988,4.1933042500168085,3.64154379197862,True,True,99.0,66.0,True,True,True,-0.011781978287776829,-0.5517604580381885,0.8684186920050038,-33.0
v100_s9_p0,100,0.0,h3,2,1.3383794480425424,1.364972257985622,4.046444375009742,3.639258500013966,True,True,84.0,85.0,True,True,True,0.026592809943079665,-0.4071858749957755,0.8993719331691554,1.0
v100_s9_p0,100,0.0,h3,3,1.3535865539524126,1.3568226226305493,3.6749504590407014,3.542353541997727,True,True,73.0,80.0,True,True,True,0.00323606867813675,-0.13259691704297438,0.9639187198519168,7.0
v100_s9_p0,100,0.0,h3,4,1.3576594489883194,1.344361608418644,4.057967165950686,3.3163280420121737,True,True,89.0,73.0,True,True,True,-0.013297840569675312,-0.7416391239385121,0.8172387568432276,-16.0
v100_s9_p0,100,0.0,h4,0,1.3711282641238007,1.376335430974907,4.86054654198233,4.543633875029627,True,True,90.0,109.0,True,True,True,0.005207166851106226,-0.31691266695270315,0.9347989646400026,19.0
v100_s9_p0,100,0.0,h4,1,1.3591934708850855,1.400344310142873,4.859459583996795,4.347743374994025,True,True,85.0,133.0,True,True,True,0.04115083925778751,-0.5117162090027705,0.8946968896113556,48.0
v100_s9_p0,100,0.0,h4,2,1.3952858063571043,1.365394465094546,4.83805099996971,4.939124167023692,True,True,120.0,101.0,True,True,True,-0.029891341262558324,0.10107316705398262,1.0208912983874323,-19.0
v100_s9_p0,100,0.0,h4,3,1.3792050121265729,1.3898186406087385,4.778400624985807,4.766903208044823,True,True,114.0,90.0,True,True,True,0.010613628482165627,-0.011497416940983385,0.9975938775663002,-24.0
v100_s9_p0,100,0.0,h4,4,1.355145200247686,1.3896084361106578,4.997036250017118,4.767265374946874,True,True,83.0,83.0,True,True,True,0.03446323586297173,-0.22977087507024407,0.9540185694931756,0.0
v100_s9_p0,100,0.0,h2+3,0,1.3555172426273046,1.3826509505876652,3.9157928329659626,3.8888270409661345,True,True,70.0,81.0,True,True,True,0.02713370796036063,-0.02696579199982807,0.9931135805314288,11.0
v100_s9_p0,100,0.0,h2+3,1,1.3541853060453746,1.3241102787751589,4.506664166983683,3.920202083012555,True,True,99.0,66.0,True,True,True,-0.030075027270215715,-0.5864620839711279,0.8698678085960756,-33.0
v100_s9_p0,100,0.0,h2+3,2,1.3368654814519303,1.3626519619220099,4.329210459021851,3.9490701660397463,True,True,84.0,85.0,True,True,True,0.025786480470079587,-0.38014029298210517,0.9121917734006412,1.0
v100_s9_p0,100,0.0,h2+3,3,1.3515739579625452,1.3537807031550306,3.9966589999967255,3.9436621249769814,True,True,73.0,80.0,True,True,True,0.0022067451924854264,-0.05299687501974404,0.9867397055841423,7.0
v100_s9_p0,100,0.0,h2+3,4,1.3481246540150233,1.3453077767284494,4.452752457989845,3.666489625000395,True,True,89.0,73.0,True,True,True,-0.002816877286573982,-0.7862628329894505,0.8234209423480052,-16.0
v100_s9_p0,100,0.0,h2+3+4,0,1.3805663666234018,1.370408047471765,5.961452583025675,5.661267500021495,True,True,90.0,109.0,True,True,True,-0.010158319151636785,-0.30018508300418034,0.9496456477974996,19.0
v100_s9_p0,100,0.0,h2+3+4,1,1.3590987218366832,1.3870255498940811,5.8918128330260515,5.294398540980183,True,True,85.0,133.0,True,True,True,0.02792682805739788,-0.5974142920458689,0.8986026357291742,48.0
v100_s9_p0,100,0.0,h2+3+4,2,1.397982686719757,1.393865551808058,5.919265166972764,5.974821209034417,True,True,120.0,101.0,True,True,True,-0.00411713491169885,0.05555604206165299,1.0093856315766414,-19.0
v100_s9_p0,100,0.0,h2+3+4,3,1.3734723291496858,1.3843659196814184,5.8249784159706905,5.7825237910146825,True,True,114.0,90.0,True,True,True,0.010893590531732666,-0.04245462495600805,0.9927116253616309,-24.0
v100_s9_p0,100,0.0,h2+3+4,4,1.3729960038476003,1.3852495301456904,5.859044291020837,5.535245415987447,True,True,83.0,83.0,True,True,True,0.012253526298090067,-0.3237988750333898,0.944735206127453,0.0
v100_s9_p10,100,0.1,h2,0,1.4510219923009562,1.4717067613676276,1.7065222499659285,1.41173016699031,True,True,162.0,145.0,True,True,True,0.020684769066671382,-0.29479208297561854,0.8272556463992754,-17.0
v100_s9_p10,100,0.1,h2,1,1.4431213575821373,1.4597569647293323,1.728762834041845,1.3845421659643762,True,True,162.0,145.0,True,True,True,0.01663560714719492,-0.34422066807746887,0.8008861242853761,-17.0
v100_s9_p10,100,0.1,h2,2,1.4497227678408537,1.454055460120518,1.7965434999787249,1.3972037920029834,True,True,162.0,145.0,True,True,True,0.004332692279664263,-0.3993397079757415,0.7777177630374825,-17.0
v100_s9_p10,100,0.1,h2,3,1.4478149137453866,1.4741044223651085,1.7723562080063857,1.3507850840105675,True,True,162.0,145.0,True,True,True,0.026289508619721902,-0.4215711239958182,0.7621408596695032,-17.0
v100_s9_p10,100,0.1,h2,4,1.4307546102144977,1.4670456287457125,1.7500303339911625,1.3838520409772173,True,True,162.0,145.0,True,True,True,0.03629101853121486,-0.3661782930139452,0.790758888059483,-17.0
v100_s9_p10,100,0.1,h3,0,1.4614419048469791,1.4736907865851636,3.415841209003702,2.787317082984373,True,True,92.0,92.0,True,True,True,0.012248881738184503,-0.6285241260193288,0.815997264637881,0.0
v100_s9_p10,100,0.1,h3,1,1.462897774965506,1.4596723494370512,3.4272403750219382,2.9451064169988967,True,True,92.0,89.0,True,True,True,-0.0032254255284549505,-0.4821339580230415,0.8593229813885012,-3.0
v100_s9_p10,100,0.1,h3,2,1.4590686388444833,1.4917328559405187,3.5328004580223933,2.8894916249555536,True,True,98.0,92.0,True,True,True,0.0326642170960354,-0.6433088330668397,0.8179039997557762,-6.0
v100_s9_p10,100,0.1,h3,3,1.4394775243901792,1.4823139781588919,3.388195292034652,2.909861500025727,True,True,92.0,89.0,True,True,True,0.0428364537687127,-0.47833379200892523,0.8588234293538375,-3.0
v100_s9_p10,100,0.1,h3,4,1.4477322137326563,1.46203025584041,3.409692500019446,2.85182524996344,True,True,88.0,84.0,True,True,True,0.01429804210775365,-0.557867250056006,0.8363878120819328,-4.0
v100_s9_p10,100,0.1,h4,0,1.5111224564865298,1.4921572423417262,3.000532249978278,2.825609416991938,True,True,102.0,89.0,True,True,True,-0.018965214144803566,-0.17492283298633993,0.9417027319111113,-13.0
v100_s9_p10,100,0.1,h4,1,1.4679413862693664,1.5104123818842976,2.981018916994799,2.6927078340086155,True,True,78.0,85.0,True,True,True,0.04247099561493117,-0.28831108298618346,0.9032843832883714,7.0
v100_s9_p10,100,0.1,h4,2,1.477156168367838,1.4682023138609483,3.110143291996792,2.9448956249980256,True,True,82.0,62.0,True,True,True,-0.00895385450688968,-0.16524766699876636,0.9468681499582378,-20.0
v100_s9_p10,100,0.1,h4,3,1.4916362643100545,1.4922495161305254,2.979039957979694,2.8629596249666065,True,True,80.0,119.0,True,True,True,0.0006132518204708948,-0.11608033301308751,0.9610343148630305,39.0
v100_s9_p10,100,0.1,h4,4,1.5094738040232607,1.5088005484315539,3.111840208002832,2.8485548329772428,True,True,102.0,119.0,True,True,True,-0.0006732555917068339,-0.263285375025589,0.9153923860394604,17.0
v100_s9_p10,100,0.1,h2+3,0,1.444473990359012,1.4848235421573164,3.768890666018706,3.159286833018996,True,True,92.0,92.0,True,True,True,0.04034955179830435,-0.60960383299971,0.8382537762381764,0.0
v100_s9_p10,100,0.1,h2+3,1,1.4569500633551373,1.4999029454403747,3.770193582982756,3.1769435409805737,True,True,92.0,89.0,True,True,True,0.0429528820852374,-0.5932500420021825,0.8426473259410627,-3.0
v100_s9_p10,100,0.1,h2+3,2,1.4342756084774766,1.4647355064061789,3.9061264999909326,3.196177957986947,True,True,98.0,92.0,True,True,True,0.030459897928702295,-0.7099485420039855,0.8182474269572085,-6.0
v100_s9_p10,100,0.1,h2+3,3,1.4700816946307114,1.4896799866964698,3.684868708020076,3.209287250007037,True,True,92.0,89.0,True,True,True,0.01959829206575847,-0.4755814580130391,0.8709366613312596,-3.0
v100_s9_p10,100,0.1,h2+3,4,1.4565424516066219,1.485489954143692,3.75027408398455,3.246177874971181,True,True,88.0,84.0,True,True,True,0.028947502537070013,-0.5040962090133689,0.8655841685902108,-4.0
v100_s9_p10,100,0.1,h2+3+4,0,1.5291793974164625,1.4960717828088521,3.770837499992922,3.6393211249960586,True,True,102.0,89.0,True,True,True,-0.03310761460761036,-0.1315163749968633,0.9651227678209124,-13.0
v100_s9_p10,100,0.1,h2+3+4,1,1.4957725732378087,1.5208310361487618,3.7105019169976003,3.416835083044134,True,True,78.0,85.0,True,True,True,0.02505846291095315,-0.29366683395346627,0.9208552264565085,7.0
v100_s9_p10,100,0.1,h2+3+4,2,1.4740855809371767,1.464229991290142,3.914192624972202,3.7103096669889055,True,True,82.0,62.0,True,True,True,-0.009855589647034702,-0.20388295798329636,0.9479118741672188,-20.0
v100_s9_p10,100,0.1,h2+3+4,3,1.4648729586251823,1.5094178892507686,3.56832833297085,3.624486040964257,True,True,80.0,119.0,True,True,True,0.04454493062558629,0.0561577079934068,1.015737819716453,39.0
v100_s9_p10,100,0.1,h2+3+4,4,1.4866156237635653,1.4890872081803381,3.841833208047319,3.411648833018262,True,True,102.0,119.0,True,True,True,0.002471584416772865,-0.43018437502905726,0.8880262750272528,17.0
v100_s9_p30,100,0.3,h2,0,2.3098637590740325,2.329660149495825,0.766219875018578,0.41610274999402463,True,True,126.0,69.0,True,True,True,0.019796390421792598,-0.3501171250245534,0.5430591969229924,-57.0
v100_s9_p30,100,0.3,h2,1,,2.4396025258069014,0.757901834032964,0.4094394169514999,True,True,126.0,69.0,False,True,False,,-0.3484624170814641,0.5402275051543045,-57.0
v100_s9_p30,100,0.3,h2,2,2.351953765486743,2.2048643504888257,0.7770380409783684,0.4043446669820696,True,True,126.0,69.0,True,True,True,-0.14708941499791717,-0.37269337399629876,0.5203666302784344,-57.0
v100_s9_p30,100,0.3,h2,3,2.4115134958173288,1.9752787222680226,0.8016082920366898,0.4167960829799995,True,True,126.0,69.0,True,True,True,-0.4362347735493062,-0.38481220905669034,0.5199498147917395,-57.0
v100_s9_p30,100,0.3,h2,4,2.1794067130405725,2.2234895956045304,0.8012540839845315,0.37850991601590067,True,True,126.0,69.0,True,True,True,0.04408288256395787,-0.4227441679686308,0.4723968633440475,-57.0
v100_s9_p30,100,0.3,h3,0,2.1958682334950157,2.118172778509409,0.9376670840429142,0.5496411249623634,True,True,126.0,69.0,True,True,True,-0.07769545498560682,-0.3880259590805508,0.586179395988276,-57.0
v100_s9_p30,100,0.3,h3,1,1.977430511966652,1.9760885422913286,1.0145965000265278,0.544710790971294,True,True,126.0,69.0,True,True,True,-0.0013419696753234067,-0.46988570905523375,0.5368743051617584,-57.0
v100_s9_p30,100,0.3,h3,2,1.952457770194003,2.1352785769798044,0.9892561670276336,0.5694828749983571,True,True,126.0,69.0,True,True,True,0.18282080678580148,-0.4197732920292765,0.5756677531861667,-57.0
v100_s9_p30,100,0.3,h3,3,2.0963150116823437,2.128829676825243,0.9449843750335276,0.623512165970169,True,True,126.0,69.0,True,True,True,0.03251466514289936,-0.3214722090633586,0.6598121433997753,-57.0
v100_s9_p30,100,0.3,h3,4,1.9901027673363554,2.115538273168568,0.9370564999990165,0.5750506659969687,True,True,126.0,69.0,True,True,True,0.12543550583221275,-0.3620058340020478,0.6136776875221209,-57.0
v100_s9_p30,100,0.3,h4,0,2.2242695532543038,2.387160642977172,2.255533791030757,0.9627071249997243,True,True,69.0,71.0,True,True,True,0.16289108972286837,-1.2928266660310328,0.42682008526229015,2.0
v100_s9_p30,100,0.3,h4,1,2.293040504348224,2.2679616883231573,2.063253165979404,1.072952750022523,True,True,69.0,67.0,True,True,True,-0.025078816025066786,-0.9903004159568809,0.5200296152281458,-2.0
v100_s9_p30,100,0.3,h4,2,2.282222925095381,2.33544655761901,2.117969792045187,1.0118223750032485,True,True,69.0,63.0,True,True,True,0.05322363252362905,-1.1061474170419388,0.47773220317094167,-6.0
v100_s9_p30,100,0.3,h4,3,2.332213164324024,2.331551461654567,2.0090924170217477,1.0021297910134308,True,True,69.0,67.0,True,True,True,-0.0006617026694568651,-1.0069626260083169,0.498797259161913,-2.0
v100_s9_p30,100,0.3,h4,4,2.805979225802646,2.2647124866938033,2.18308991700178,0.9588394579477608,True,True,90.0,67.0,True,True,True,-0.5412667391088428,-1.2242504590540193,0.4392120775605135,-23.0
v100_s9_p30,100,0.3,h2+3,0,2.239210576404189,2.2520533095302517,0.9939664999837987,0.579136332962662,True,True,126.0,69.0,True,True,True,0.012842733126062544,-0.41483016702113673,0.5826517623804239,-57.0
v100_s9_p30,100,0.3,h2+3,1,2.0737014291265097,2.058899469526594,1.1263377079740167,0.5907602919614874,True,True,126.0,69.0,True,True,True,-0.014801959599915815,-0.5355774160125293,0.5244965943865173,-57.0
v100_s9_p30,100,0.3,h2+3,2,1.9482252247948266,2.164620794620287,0.9269687500200234,0.5870031659724191,True,True,126.0,69.0,True,True,True,0.2163955698254605,-0.33996558404760435,0.6332502211749201,-57.0
v100_s9_p30,100,0.3,h2+3,3,1.928024334261157,2.1994413260918204,0.9685223749838769,0.5392721249954775,True,True,126.0,69.0,True,True,True,0.2714169918306635,-0.42925024998839945,0.5567988297683415,-57.0
v100_s9_p30,100,0.3,h2+3,4,2.0479800860309267,2.139774250187521,1.0526977919507772,0.6026611659908667,True,True,126.0,69.0,True,True,True,0.09179416415659425,-0.45003662595991045,0.5724920965912375,-57.0
v100_s9_p30,100,0.3,h2+3+4,0,2.4440838932847657,2.342974557577518,2.6812922499957494,1.2248106250190176,True,True,70.0,72.0,True,True,True,-0.1011093357072479,-1.4564816249767318,0.45679862947463457,2.0
v100_s9_p30,100,0.3,h2+3+4,1,2.33433016146449,2.300175990011282,2.745135167031549,1.2848412090097554,True,True,70.0,67.0,True,True,True,-0.03415417145320765,-1.4602939580217935,0.46804296722449484,-3.0
v100_s9_p30,100,0.3,h2+3+4,2,2.259178864087814,2.322448748894923,2.4828887499752454,1.297135375032667,True,True,70.0,64.0,True,True,True,0.06326988480710893,-1.1857533749425784,0.5224299216167456,-6.0
v100_s9_p30,100,0.3,h2+3+4,3,2.5107316522626046,2.3094434019322367,2.419898916967213,1.3130012499750592,True,True,70.0,67.0,True,True,True,-0.2012882503303679,-1.106897666992154,0.5425851636896488,-3.0
v100_s9_p30,100,0.3,h2+3+4,4,2.5591096948738756,2.363105723522679,2.6656292919651605,1.2006977500277571,True,True,91.0,67.0,True,True,True,-0.19600397135119652,-1.4649315419374034,0.4504368831956286,-24.0
v100_s9_p50,100,0.5,h2,0,2.859629856498505,3.159624340476888,0.8269415840040892,0.1660859999828972,True,True,106.0,17.0,True,True,True,0.299994483978383,-0.660855584021192,0.20084369101224916,-89.0
v100_s9_p50,100,0.5,h2,1,2.8466307739977608,3.1032569189570602,0.8381043749977835,0.20452550001209602,True,True,106.0,17.0,True,True,True,0.2566261449592995,-0.6335788749856874,0.24403344751975187,-89.0
v100_s9_p50,100,0.5,h2,2,2.8905015190440344,3.227928819127974,0.8712079579709098,0.2130799579899758,True,True,106.0,17.0,True,True,True,0.3374273000839394,-0.658127999980934,0.24457990315681977,-89.0
v100_s9_p50,100,0.5,h2,3,2.9878747610964957,3.0899091619623675,0.7750082080019638,0.18527770804939792,True,True,106.0,17.0,True,True,True,0.10203440086587179,-0.5897304999525659,0.23906547845094364,-89.0
v100_s9_p50,100,0.5,h2,4,2.903500601544775,3.1162560014578093,0.9058838749770075,0.19061250000959262,True,True,106.0,17.0,True,True,True,0.21275539991303427,-0.7152713749674149,0.21041604257988433,-89.0
v100_s9_p50,100,0.5,h3,0,2.889218157903451,3.4419742472801578,0.8485307089868002,0.20865429198602214,True,True,106.0,17.0,True,True,True,0.552756089376707,-0.639876417000778,0.24590069608107487,-89.0
v100_s9_p50,100,0.5,h3,1,2.955711217870258,3.4419742472801578,0.8102921670069918,0.2035442919586785,True,True,106.0,17.0,True,True,True,0.48626302940989996,-0.6067478750483133,0.2511986419793716,-89.0
v100_s9_p50,100,0.5,h3,2,2.8466307739977617,3.4419742472801578,0.8093039590166882,0.21383291704114527,True,True,106.0,17.0,True,True,True,0.5953434732823961,-0.5954710419755429,0.26421830099651833,-89.0
v100_s9_p50,100,0.5,h3,3,2.87715376204933,3.4419742472801578,0.7695498749963008,0.19996324996463954,True,True,106.0,17.0,True,True,True,0.5648204852308276,-0.5695866250316612,0.2598444317408287,-89.0
v100_s9_p50,100,0.5,h3,4,2.933510062347723,3.4419742472801578,0.8700573329697363,0.21276483399560675,True,True,106.0,17.0,True,True,True,0.5084641849324347,-0.6572924989741296,0.24454116520044028,-89.0
v100_s9_p50,100,0.5,h2+3,0,2.955711217870262,3.4419742472801578,0.8652513749548234,0.21704637503717095,True,True,106.0,17.0,True,True,True,0.48626302940989596,-0.6482049999176525,0.2508477666949716,-89.0
v100_s9_p50,100,0.5,h2+3,1,3.11352270549544,3.4419742472801578,0.8575452080112882,0.2714900419814512,True,True,106.0,17.0,True,True,True,0.3284515417847178,-0.586055166029837,0.3165897721136557,-89.0
v100_s9_p50,100,0.5,h2+3,2,2.9432256626181257,3.4419742472801578,0.8812115830369294,0.2508955000084825,True,True,106.0,17.0,True,True,True,0.4987485846620321,-0.6303160830284469,0.28471652533642205,-89.0
v100_s9_p50,100,0.5,h2+3,3,2.902987074296167,3.4419742472801578,0.7968395000207238,0.20548362500267103,True,True,106.0,17.0,True,True,True,0.5389871729839908,-0.5913558750180528,0.2578732919205523,-89.0
v100_s9_p50,100,0.5,h2+3,4,2.919741145955012,3.4419742472801578,0.8512128749862313,0.21523124998202547,True,True,106.0,17.0,True,True,True,0.5222331013251456,-0.6359816250042059,0.25285243715974914,-89.0
v200_s0_p0,200,0.0,h2,0,1.2589133732259898,1.2598631500671527,4.437439834000543,4.361040000047069,True,True,364.0,360.0,True,True,True,0.0009497768411628194,-0.07639983395347372,0.9827829025718652,-4.0
v200_s0_p0,200,0.0,h2,1,1.2429544467870077,1.2489610375717755,7.1402039579697885,6.968141750025097,True,True,364.0,360.0,True,True,True,0.006006590784767729,-0.17206220794469118,0.9759023399110837,-4.0
v200_s0_p0,200,0.0,h2,2,1.2597224439036592,1.254866956705617,7.175273708999157,7.044247500016354,True,True,364.0,360.0,True,True,True,-0.004855487198042185,-0.13102620898280293,0.9817392040643034,-4.0
v200_s0_p0,200,0.0,h2,3,1.2525489192682564,1.2570714298628256,7.10948541603284,6.842586540966295,True,True,364.0,360.0,True,True,True,0.004522510594569207,-0.26689887506654486,0.9624587632651088,-4.0
v200_s0_p0,200,0.0,h2,4,1.2567251269897874,1.2572093304743064,7.090150750009343,7.039503583975602,True,True,364.0,360.0,True,True,True,0.00048420348451894135,-0.05064716603374109,0.9928566869986969,-4.0
v200_s0_p0,200,0.0,h3,0,1.2927102734596236,1.3008809759175954,7.95937070902437,7.10483866604045,True,True,138.0,147.0,True,True,True,0.008170702457971801,-0.8545320429839194,0.8926382406067546,9.0
v200_s0_p0,200,0.0,h3,1,1.3231195827984243,1.319520765009007,12.744124125048984,12.03253450000193,True,True,174.0,153.0,True,True,True,-0.0035988177894172857,-0.7115896250470541,0.9441633165163228,-21.0
v200_s0_p0,200,0.0,h3,2,1.3020802677359993,1.2805142056434258,13.354113125009462,12.526844582986087,True,True,175.0,185.0,True,True,True,-0.0215660620925735,-0.8272685420233756,0.9380514052652381,10.0
v200_s0_p0,200,0.0,h3,3,1.3014152119704168,1.3137289334566635,11.954225499997847,11.202263624989428,True,True,162.0,134.0,True,True,True,0.012313721486246765,-0.7519618750084192,0.9370965626331413,-28.0
v200_s0_p0,200,0.0,h3,4,1.307981150996126,1.3243600456715805,11.91545283398591,11.09577250003349,True,True,132.0,140.0,True,True,True,0.016378894675454392,-0.8196803339524195,0.931208629216803,8.0
v200_s0_p0,200,0.0,h4,0,1.3656565358598751,1.3548453505116274,9.276530499977525,11.43489504198078,True,True,153.0,112.0,True,True,True,-0.010811185348247765,2.1583645420032553,1.2326693737500765,-41.0
v200_s0_p0,200,0.0,h4,1,1.355236975358809,1.3544349575694745,15.9763825830305,18.607656208972912,True,True,163.0,129.0,True,True,True,-0.0008020177893344194,2.6312736259424128,1.1646977100271279,-34.0
v200_s0_p0,200,0.0,h4,2,1.3679743915075846,1.3466119165134245,15.046521082986146,16.814832125033718,True,True,165.0,142.0,True,True,True,-0.021362474994160108,1.7683110420475714,1.1175229165795069,-23.0
v200_s0_p0,200,0.0,h4,3,1.3511855034047238,1.3478755013227572,17.84722029202385,14.897996707994025,True,True,146.0,169.0,True,True,True,-0.0033100020819665232,-2.9492235840298235,0.8347516567973406,23.0
v200_s0_p0,200,0.0,h4,4,1.3578814823664087,1.3579065632853646,15.238630665990058,16.780395167006645,True,True,152.0,129.0,True,True,True,2.5080918955922016e-05,1.541764501016587,1.1011747403562666,-23.0
v200_s0_p0,200,0.0,h2+3,0,1.3224077939974028,1.3142029066313865,8.420318707998376,7.605900000024121,True,True,138.0,147.0,True,True,True,-0.008204887366016322,-0.8144187079742551,0.9032793488920263,9.0
v200_s0_p0,200,0.0,h2+3,1,1.3118424342954786,1.3152465521265937,13.306406542018522,12.712124417012092,True,True,174.0,153.0,True,True,True,0.00340411783111505,-0.5942821250064299,0.9553386466038125,-21.0
v200_s0_p0,200,0.0,h2+3,2,1.3019171642059333,1.293486106721677,14.031899249996059,13.364381499995943,True,True,175.0,185.0,True,True,True,-0.008431057484256321,-0.6675177500001155,0.9524285531055033,10.0
v200_s0_p0,200,0.0,h2+3,3,1.2904836216239117,1.3166872138889354,12.846419666951988,11.82492754101986,True,True,162.0,134.0,True,True,True,0.026203592265023667,-1.0214921259321272,0.920484294269168,-28.0
v200_s0_p0,200,0.0,h2+3,4,1.3261970997738874,1.320630060831977,12.669272708997596,11.873959374963306,True,True,132.0,140.0,True,True,True,-0.005567038941910463,-0.7953133340342902,0.9372250205436444,8.0
v200_s0_p0,200,0.0,h2+3+4,0,1.3550464894965093,1.364065847743079,10.549242916982621,12.933098957990296,True,True,153.0,112.0,True,True,True,0.009019358246569631,2.3838560410076752,1.2259741348045026,-41.0
v200_s0_p0,200,0.0,h2+3+4,1,1.3488342936533535,1.3597809029880674,17.928600582992658,20.171911874960642,True,True,163.0,129.0,True,True,True,0.01094660933471392,2.2433112919679843,1.1251247291490236,-34.0
v200_s0_p0,200,0.0,h2+3+4,2,1.3588737386672718,1.3490081798176161,17.351977957994677,19.036292457953095,True,True,165.0,142.0,True,True,True,-0.009865558849655676,1.6843144999584183,1.09706757950222,-23.0
v200_s0_p0,200,0.0,h2+3+4,3,1.3658386445435664,1.3434377814171885,19.80815233301837,17.012842542026192,True,True,146.0,169.0,True,True,True,-0.0224008631263779,-2.795309790992178,0.8588808413830373,23.0
v200_s0_p0,200,0.0,h2+3+4,4,1.3533814797393557,1.3499528023560354,17.031403708970174,18.786750125000253,True,True,152.0,129.0,True,True,True,-0.003428677383320311,1.7553464160300791,1.1030652814075192,-23.0
v200_s0_p10,200,0.1,h2,0,1.3834812016161988,1.397971024018833,4.047727333032526,3.092156167025678,True,True,328.0,302.0,True,True,True,0.01448982240263419,-0.9555711660068482,0.7639240276367771,-26.0
v200_s0_p10,200,0.1,h2,1,1.3936247111125128,1.4136785361282924,6.386827583017293,5.041427541989833,True,True,328.0,302.0,True,True,True,0.02005382501577957,-1.3454000410274602,0.7893476810607967,-26.0
v200_s0_p10,200,0.1,h2,2,1.4090227299947846,1.3996153266681193,6.10530191694852,4.9040012920158915,True,True,328.0,302.0,True,True,True,-0.009407403326665342,-1.2013006249326281,0.8032364916143168,-26.0
v200_s0_p10,200,0.1,h2,3,1.4094915723864676,1.3919563405392432,6.2869962499826215,4.9585719159804285,True,True,328.0,302.0,True,True,True,-0.017535231847224386,-1.328424334002193,0.7887028588563473,-26.0
v200_s0_p10,200,0.1,h2,4,1.3937965086163742,1.3939660312909685,6.248591249983292,4.852680083015002,True,True,328.0,302.0,True,True,True,0.00016952267459435788,-1.3959111669682898,0.7766038597944741,-26.0
v200_s0_p10,200,0.1,h3,0,1.4083452722769916,1.3963811344813786,5.802904749987647,6.010207457991783,True,True,145.0,149.0,True,True,True,-0.011964137795613006,0.20730270800413564,1.0357239549735116,4.0
v200_s0_p10,200,0.1,h3,1,1.4058133354214697,1.4074969031358755,10.990737000014633,9.388165166019462,True,True,158.0,118.0,True,True,True,0.0016835677144058092,-1.602571833995171,0.8541888652241395,-40.0
v200_s0_p10,200,0.1,h3,2,1.3784037774079652,1.411824072827376,10.951053917000536,8.32063479203498,True,True,156.0,142.0,True,True,True,0.03342029541941094,-2.630419124965556,0.7598021939347714,-14.0
v200_s0_p10,200,0.1,h3,3,1.4048363173338934,1.4068399979489645,11.487059957988095,8.307661833998282,True,True,159.0,122.0,True,True,True,0.0020036806150711683,-3.179398123989813,0.7232191582861147,-37.0
v200_s0_p10,200,0.1,h3,4,1.4134213027583693,1.4172974417555737,10.925496665993705,7.356444624951109,True,True,157.0,119.0,True,True,True,0.0038761389972044036,-3.569052041042596,0.6733281652859321,-38.0
v200_s0_p10,200,0.1,h4,0,1.407991195626755,1.409965976177448,6.900167583022267,6.436675292032305,True,True,149.0,166.0,True,True,True,0.0019747805506928895,-0.4634922909899615,0.9328288356169239,17.0
v200_s0_p10,200,0.1,h4,1,1.4431257511411257,1.4468709849737074,10.098260374972597,9.401428833021782,True,True,219.0,216.0,True,True,True,0.0037452338325816292,-0.6968315419508144,0.9309948925779501,-3.0
v200_s0_p10,200,0.1,h4,2,1.4001875729410398,1.413561733899482,12.19233287498355,9.708032040973194,True,True,155.0,162.0,True,True,True,0.013374160958442127,-2.484300834010355,0.7962407310000789,7.0
v200_s0_p10,200,0.1,h4,3,1.385852053740636,1.4210583857112218,11.586579542024992,9.972591041994747,True,True,124.0,180.0,True,True,True,0.03520633197058576,-1.6139885000302456,0.8607019013526603,56.0
v200_s0_p10,200,0.1,h4,4,1.388406442251071,1.4056291458899086,11.689161708985921,11.684846625023056,True,True,127.0,147.0,True,True,True,0.01722270363883771,-0.004315083962865174,0.9996308474405357,20.0
v200_s0_p10,200,0.1,h2+3,0,1.3770416205853464,1.4184996020458898,6.26288024999667,6.408582958043553,True,True,145.0,149.0,True,True,True,0.04145798146054336,0.14570270804688334,1.0232644888982128,4.0
v200_s0_p10,200,0.1,h2+3,1,1.4091152033188477,1.412092020387153,11.981835541955661,9.816540708998218,True,True,158.0,118.0,True,True,True,0.0029768170683053263,-2.165294832957443,0.8192852150761514,-40.0
v200_s0_p10,200,0.1,h2+3,2,1.4055582087365939,1.4011117474912576,11.83947220898699,9.126246458035894,True,True,156.0,142.0,True,True,True,-0.0044464612453363195,-2.7132257509510964,0.7708322040832557,-14.0
v200_s0_p10,200,0.1,h2+3,3,1.3956543040836946,1.4003704416352787,12.410016166977584,8.84859754203353,True,True,159.0,122.0,True,True,True,0.004716137551584065,-3.5614186249440536,0.7130206297054789,-37.0
v200_s0_p10,200,0.1,h2+3,4,1.3901440033144217,1.4176197905281018,11.713037832989357,8.02330154197989,True,True,157.0,119.0,True,True,True,0.02747578721368016,-3.689736291009467,0.684988954734061,-38.0
v200_s0_p10,200,0.1,h2+3+4,0,1.4127825360515802,1.4444815012991838,7.939535707992036,7.5035442499793135,True,True,150.0,192.0,True,True,True,0.03169896524760363,-0.43599145801272243,0.9450860259279585,42.0
v200_s0_p10,200,0.1,h2+3+4,1,1.4383865477417381,1.4174288823291552,12.120603125018533,11.134252458054107,True,True,220.0,217.0,True,True,True,-0.020957665412582926,-0.9863506669644266,0.9186219813658887,-3.0
v200_s0_p10,200,0.1,h2+3+4,2,1.4047738261767888,1.4047643874125681,14.321403332985938,11.9627256669919,True,True,155.0,141.0,True,True,True,-9.438764220659479e-06,-2.358677665994037,0.8353040123825446,-14.0
v200_s0_p10,200,0.1,h2+3+4,3,1.3871890060727163,1.4284096578046157,13.729208583012223,11.716622083971743,True,True,124.0,181.0,True,True,True,0.04122065173189937,-2.0125864990404807,0.8534084112080033,57.0
v200_s0_p10,200,0.1,h2+3+4,4,1.3880114618577482,1.4108622128222692,13.468021625012625,13.791973916988354,True,True,127.0,149.0,True,True,True,0.02285075096452105,0.32395229197572917,1.0240534431110573,22.0
v200_s0_p30,200,0.3,h2,0,,2.0463985412756243,1.3632331669796258,0.6869377499679103,True,True,255.0,157.0,False,True,False,,-0.6762954170117155,0.5039033428814581,-98.0
v200_s0_p30,200,0.3,h2,1,,1.9957310945018898,2.081248917034827,1.059445750026498,True,True,255.0,157.0,False,True,False,,-1.0218031670083292,0.5090432678931549,-98.0
v200_s0_p30,200,0.3,h2,2,2.1018815599190153,2.221566898618093,2.194377500039991,1.0160696670063771,True,True,255.0,157.0,True,True,True,0.11968533869907771,-1.1783078330336139,0.4630332141975845,-98.0
v200_s0_p30,200,0.3,h2,3,,,2.089087833010126,0.8732255840441212,True,True,255.0,157.0,False,False,False,,-1.2158622489660047,0.4179937148865146,-98.0
v200_s0_p30,200,0.3,h2,4,,2.0780224163154593,2.0564183340175077,1.0392451250227168,True,True,255.0,157.0,False,True,False,,-1.017173208994791,0.5053665919192631,-98.0
v200_s0_p30,200,0.3,h3,0,2.0567322832503536,1.896603545718119,1.6748366249958053,0.9024797090096399,True,True,255.0,157.0,True,True,True,-0.16012873753223467,-0.7723569159861654,0.5388464137580584,-98.0
v200_s0_p30,200,0.3,h3,1,1.9049784195359587,1.8507360186645228,2.6152561670169234,1.4197642910294235,True,True,255.0,157.0,True,True,True,-0.05424240087143595,-1.1954918759875,0.5428777145945398,-98.0
v200_s0_p30,200,0.3,h3,2,1.8589880770301832,1.9617633075381649,2.685429834004026,1.3491571660269983,True,True,255.0,157.0,True,True,True,0.10277523050798165,-1.3362726679770276,0.5023989638244913,-98.0
v200_s0_p30,200,0.3,h3,3,1.8312574678084437,1.9137181601507496,2.6609450000105426,1.339752583997324,True,True,255.0,157.0,True,True,True,0.08246069234230591,-1.3211924160132185,0.50348751439508,-98.0
v200_s0_p30,200,0.3,h3,4,2.120395087216157,1.9047816602139553,2.6767959999851882,1.3414357919828035,True,True,255.0,157.0,True,True,True,-0.21561342700220187,-1.3353602080023848,0.501134861225968,-98.0
v200_s0_p30,200,0.3,h4,0,2.027749125683286,2.0810778993980215,4.4717112079961225,2.1410325419856235,True,True,111.0,145.0,True,True,True,0.053328773714735433,-2.330678666010499,0.4787949047686981,34.0
v200_s0_p30,200,0.3,h4,1,2.041416051137026,2.110515499714677,6.803812625003047,3.547235500009265,True,True,122.0,133.0,True,True,True,0.06909944857765105,-3.2565771249937825,0.521359963232038,11.0
v200_s0_p30,200,0.3,h4,2,1.9812639373746332,1.9672676202485366,7.074673208990134,3.370522749959491,True,True,115.0,116.0,True,True,True,-0.013996317126096613,-3.704150459030643,0.47642098092621477,1.0
v200_s0_p30,200,0.3,h4,3,2.085688033353338,1.9482166886819854,7.0087292499956675,3.559102583967615,True,True,115.0,139.0,True,True,True,-0.1374713446713527,-3.4496266660280526,0.5078099691138469,24.0
v200_s0_p30,200,0.3,h4,4,1.9781388363117556,2.025709812714311,6.934655874967575,3.399189417017624,True,True,115.0,134.0,True,True,True,0.047570976402555365,-3.5354664579499513,0.4901742030614486,19.0
v200_s0_p30,200,0.3,h2+3,0,1.9814710391305874,1.8587516732966427,1.8257319160038605,0.9176117080496624,True,True,255.0,157.0,True,True,True,-0.12271936583394472,-0.9081202079541981,0.5025993685086689,-98.0
v200_s0_p30,200,0.3,h2+3,1,1.9408721385886858,1.9269979765094962,2.7941221250221133,1.4127078340388834,True,True,255.0,157.0,True,True,True,-0.013874162079189567,-1.3814142909832299,0.5055998882037781,-98.0
v200_s0_p30,200,0.3,h2+3,2,1.9954753504546798,1.8850185382952092,2.7235451670130715,1.419143124949187,True,True,255.0,157.0,True,True,True,-0.11045681215947067,-1.3044020420638844,0.5210646557793531,-98.0
v200_s0_p30,200,0.3,h2+3,3,2.2241492402610605,1.924546300074487,2.6173954170080833,1.3404804589808919,True,True,255.0,157.0,True,True,True,-0.29960294018657363,-1.2769149580271915,0.5121428922318435,-98.0
v200_s0_p30,200,0.3,h2+3,4,1.9683145258605415,1.9123097158940865,2.7270141250337474,1.3907282500294968,True,True,255.0,157.0,True,True,True,-0.05600480996645496,-1.3362858750042506,0.5099820485940043,-98.0
v200_s0_p30,200,0.3,h2+3+4,0,2.070413080730927,2.118281586780866,5.212586375011597,2.6819117499981076,True,True,111.0,145.0,True,True,True,0.047868506049939086,-2.5306746250134893,0.5145069178814597,34.0
v200_s0_p30,200,0.3,h2+3+4,1,2.040126275159237,1.9777194873370127,7.965774291020352,4.38381137495162,True,True,122.0,134.0,True,True,True,-0.06240678782222431,-3.5819629160687327,0.5503308548289395,12.0
v200_s0_p30,200,0.3,h2+3+4,2,2.07498009807005,2.045134518535575,8.337659208045807,4.175360625027679,True,True,115.0,117.0,True,True,True,-0.029845579534474975,-4.162298583018128,0.5007833158974012,2.0
v200_s0_p30,200,0.3,h2+3+4,3,2.141525834992239,2.0550112532120024,7.9811678329715505,4.509061874996405,True,True,115.0,139.0,True,True,True,-0.08651458178023663,-3.4721059579751454,0.5649626682913133,24.0
v200_s0_p30,200,0.3,h2+3+4,4,2.0671236893887346,1.9658344528368286,7.986448499956168,4.202571625006385,True,True,115.0,134.0,True,True,True,-0.10128923655190603,-3.783876874949783,0.5262128247655325,19.0
v200_s0_p50,200,0.5,h2,0,3.6229576239065677,2.957567871857972,0.9849783329991624,0.24058212497038767,True,True,211.0,45.0,True,True,True,-0.6653897520485956,-0.7443962080287747,0.2442511849350419,-166.0
v200_s0_p50,200,0.5,h2,1,3.0176798801061477,2.790156712802551,1.5754408749635331,0.3488714169943705,True,True,211.0,45.0,True,True,True,-0.2275231673035969,-1.2265694579691626,0.22144367493476763,-166.0
v200_s0_p50,200,0.5,h2,2,2.9328024874694236,2.7851309044487453,1.598101207986474,0.3466692919610068,True,True,211.0,45.0,True,True,True,-0.1476715830206783,-1.2514319160254672,0.21692574301836143,-166.0
v200_s0_p50,200,0.5,h2,3,,2.797543337138699,1.3954846250126138,0.36504224996315315,True,True,211.0,45.0,False,True,False,,-1.0304423750494607,0.26158815612880976,-166.0
v200_s0_p50,200,0.5,h2,4,,2.820841061823681,1.4432202499592677,0.39087520801695064,True,True,211.0,45.0,False,True,False,,-1.052345041942317,0.27083545150366506,-166.0
v200_s0_p50,200,0.5,h3,0,3.657944670355717,2.9553601991713676,0.9959018750232644,0.2747702920460142,True,True,211.0,45.0,True,True,True,-0.7025844711843492,-0.7211315829772502,0.2759009686969367,-166.0
v200_s0_p50,200,0.5,h3,1,2.9265298948499554,3.14807089257713,1.5352177920285612,0.39631812495645136,True,True,211.0,45.0,True,True,True,0.22154099772717473,-1.1388996670721099,0.25815107603252574,-166.0
v200_s0_p50,200,0.5,h3,2,3.5155130083228707,2.9553601991713783,1.557415834045969,0.4333754170220345,True,True,211.0,45.0,True,True,True,-0.5601528091514925,-1.1240404170239344,0.27826570627330793,-166.0
v200_s0_p50,200,0.5,h3,3,3.111946950567742,3.0036773731095185,1.5737391670118086,0.3985958339762874,True,True,211.0,45.0,True,True,True,-0.10826957745822341,-1.1751433330355212,0.2532794775217643,-166.0
v200_s0_p50,200,0.5,h3,4,2.790147785200114,3.0396924118129562,1.603391874989029,0.4112933339783922,True,True,211.0,45.0,True,True,True,0.24954462661284227,-1.1920985410106368,0.25651454294740417,-166.0
v200_s0_p50,200,0.5,h2+3,0,3.475355518778862,2.8427538199060516,1.1001875000074506,0.2916092500090599,True,True,211.0,45.0,True,True,True,-0.6326016988728105,-0.8085782499983907,0.26505413850555937,-166.0
v200_s0_p50,200,0.5,h2+3,1,3.4142976185467435,3.0396924118129562,1.5797525829984806,0.45257995900465176,True,True,211.0,45.0,True,True,True,-0.3746052067337873,-1.127172623993829,0.28648787403507414,-166.0
v200_s0_p50,200,0.5,h2+3,2,,3.0396924118129562,1.6941050830064341,0.4156567919999361,True,True,211.0,45.0,False,True,False,,-1.278448291006498,0.24535478711998968,-166.0
v200_s0_p50,200,0.5,h2+3,3,3.0205082442340987,3.060001055197838,1.7175960000022314,0.4188647080445662,True,True,211.0,45.0,True,True,True,0.039492810963739355,-1.2987312919576652,0.2438668394919539,-166.0
v200_s0_p50,200,0.5,h2+3,4,3.4401552484676836,3.022752647871613,1.6428041249746457,0.37921820901101455,True,True,211.0,45.0,True,True,True,-0.4174026005960707,-1.2635859159636311,0.23083592453048365,-166.0
v200_s1_p0,200,0.0,h2,0,1.2454398626244583,1.2549593735207614,4.7658432080061175,4.627266875002533,True,True,364.0,360.0,True,True,True,0.009519510896303096,-0.1385763330035843,0.9709230188750669,-4.0
v200_s1_p0,200,0.0,h2,1,1.2510888126027353,1.2545282560304887,7.168824541964568,7.072456458990928,True,True,364.0,360.0,True,True,True,0.0034394434277533747,-0.09636808297364041,0.9865573383182243,-4.0
v200_s1_p0,200,0.0,h2,2,1.2478502351290022,1.254943992404202,7.25771708402317,7.081511833006516,True,True,364.0,360.0,True,True,True,0.007093757275199897,-0.17620525101665407,0.9757216699167642,-4.0
v200_s1_p0,200,0.0,h2,3,1.251081206875928,1.25120042538101,7.049698541988619,6.930060791957658,True,True,364.0,360.0,True,True,True,0.00011921850508200826,-0.11963775003096089,0.9830293807148791,-4.0
v200_s1_p0,200,0.0,h2,4,1.2451514618030497,1.2535537711182356,7.1459813339752145,6.935950584011152,True,True,364.0,360.0,True,True,True,0.00840230931518593,-0.21003074996406212,0.970608550435826,-4.0
v200_s1_p0,200,0.0,h3,0,1.3146428061600466,1.303053300594234,8.20460770901991,7.386446124990471,True,True,120.0,137.0,True,True,True,-0.011589505565812619,-0.8181615840294398,0.9002802311766867,17.0
v200_s1_p0,200,0.0,h3,1,1.316924420322736,1.3230154869119843,12.503615459019784,11.099719208024908,True,True,146.0,137.0,True,True,True,0.006091066589248406,-1.403896250994876,0.8877207751952942,-9.0
v200_s1_p0,200,0.0,h3,2,1.3120045569794365,1.335768962704854,12.329886583029293,12.127957666991279,True,True,144.0,158.0,True,True,True,0.02376440572541738,-0.201928916038014,0.9836228083139105,14.0
v200_s1_p0,200,0.0,h3,3,1.2946606009896477,1.3206548951052213,12.372077459003776,10.884969667007681,True,True,160.0,128.0,True,True,True,0.025994294115573524,-1.4871077919960953,0.879801286653451,-32.0
v200_s1_p0,200,0.0,h3,4,1.294367332654198,1.3073648990464002,12.551719499984756,11.676201833994128,True,True,176.0,126.0,True,True,True,0.012997566392202176,-0.8755176659906283,0.930247193144199,-50.0
v200_s1_p0,200,0.0,h4,0,1.3342134688539573,1.379049368265338,10.374004249984864,9.579457667015959,True,True,194.0,189.0,True,True,True,0.044835899411380664,-0.7945465829689056,0.9234098460129255,-5.0
v200_s1_p0,200,0.0,h4,1,1.3541294062491742,1.350275728806495,15.51218537503155,18.808871417015325,True,True,163.0,117.0,True,True,True,-0.003853677442679171,3.296686041983776,1.2125223469344384,-46.0
v200_s1_p0,200,0.0,h4,2,1.3459182710273643,1.3567109837228268,16.72192016604822,15.101827415986918,True,True,183.0,184.0,True,True,True,0.010792712695462559,-1.6200927500613034,0.9031156270348246,1.0
v200_s1_p0,200,0.0,h4,3,1.3714337475645428,1.3514946443992832,17.44265408301726,16.945437584014144,True,True,161.0,144.0,True,True,True,-0.019939103165259597,-0.49721649900311604,0.9714942177585679,-17.0
v200_s1_p0,200,0.0,h4,4,1.3314719570426363,1.3554516690990972,16.251777875004336,14.81028008298017,True,True,182.0,142.0,True,True,True,0.023979712056460878,-1.4414977920241654,0.9113021477950898,-40.0
v200_s1_p0,200,0.0,h2+3,0,1.3101991984895622,1.3032841588477013,8.594082165975124,7.88166395900771,True,True,120.0,137.0,True,True,True,-0.0069150396418609095,-0.7124182069674134,0.9171036309394444,17.0
v200_s1_p0,200,0.0,h2+3,1,1.31819004222216,1.325105774626947,13.410263041965663,11.886599707999267,True,True,146.0,137.0,True,True,True,0.006915732404787045,-1.5236633339663967,0.886380801838242,-9.0
v200_s1_p0,200,0.0,h2+3,2,1.309008816482944,1.3152623233905705,13.10972845798824,13.099951833020896,True,True,144.0,158.0,True,True,True,0.006253506907626383,-0.009776624967344105,0.9992542465697383,14.0
v200_s1_p0,200,0.0,h2+3,3,1.307163513068086,1.3235430106955746,12.979641125013586,11.59218120801961,True,True,160.0,128.0,True,True,True,0.01637949762748847,-1.3874599169939756,0.8931049091703972,-32.0
v200_s1_p0,200,0.0,h2+3,4,1.3072601660276237,1.3061524343489477,13.502546458970755,12.366000292007811,True,True,176.0,126.0,True,True,True,-0.0011077316786760605,-1.136546166962944,0.9158272722544235,-50.0
v200_s1_p0,200,0.0,h2+3+4,0,1.353019990851254,1.3648632080655554,11.739550708967727,11.111853874986991,True,True,194.0,189.0,True,True,True,0.011843217214301482,-0.6276968339807354,0.9465314431921791,-5.0
v200_s1_p0,200,0.0,h2+3+4,1,1.354343313614023,1.3476776841270255,17.461633041966707,20.734859541989863,True,True,163.0,117.0,True,True,True,-0.00666562948699756,3.2732265000231564,1.1874524846648875,-46.0
v200_s1_p0,200,0.0,h2+3+4,2,1.3504394822927284,1.3485327041133737,19.106362167047337,17.22380316699855,True,True,183.0,184.0,True,True,True,-0.0019067781793546956,-1.8825590000487864,0.9014695218488201,1.0
v200_s1_p0,200,0.0,h2+3+4,3,1.3647038637615536,1.37622487092659,19.596797332982533,18.96971749997465,True,True,161.0,144.0,True,True,True,0.011521007165036456,-0.6270798330078833,0.968000902272308,-17.0
v200_s1_p0,200,0.0,h2+3+4,4,1.340566749550655,1.3594317286759963,18.317698666010983,16.467608832987025,True,True,182.0,142.0,True,True,True,0.01886497912534124,-1.850089833023958,0.898999876198594,-40.0
v200_s1_p10,200,0.1,h2,0,1.4227250377451044,1.4166288579733346,4.48684616596438,3.531055000028573,True,True,328.0,300.0,True,True,True,-0.006096179771769794,-0.9557911659358069,0.7869792877709739,-28.0
v200_s1_p10,200,0.1,h2,1,1.420930295200259,1.4081004827119286,6.73077583295526,5.189544084016234,True,True,328.0,300.0,True,True,True,-0.012829812488330372,-1.5412317489390261,0.7710172219088267,-28.0
v200_s1_p10,200,0.1,h2,2,1.3892226304972137,1.401605057509747,6.803749291982967,5.313944542023819,True,True,328.0,300.0,True,True,True,0.012382427012533226,-1.4898047499591485,0.781031797906689,-28.0
v200_s1_p10,200,0.1,h2,3,1.3902059855004192,1.3865576441412337,6.499027582991403,5.178582708002068,True,True,328.0,300.0,True,True,True,-0.0036483413591854585,-1.3204448749893345,0.7968242389915271,-28.0
v200_s1_p10,200,0.1,h2,4,1.4131022691412631,1.4092679649560298,6.542891041026451,5.235761707997881,True,True,328.0,300.0,True,True,True,-0.0038343041852333393,-1.3071293330285698,0.8002214426570204,-28.0
v200_s1_p10,200,0.1,h3,0,1.4361307300188808,1.4504484138802312,5.899850499990862,4.967786207969766,True,True,145.0,124.0,True,True,True,0.01431768386135035,-0.9320642920210958,0.8420189982741869,-21.0
v200_s1_p10,200,0.1,h3,1,1.397210006531865,1.4603613724393725,9.39864112494979,9.675094709033147,True,True,150.0,120.0,True,True,True,0.06315136590750758,0.27645358408335596,1.0294142079060213,-30.0
v200_s1_p10,200,0.1,h3,2,1.4443998694963864,1.431340360174107,10.01503995800158,10.068692875036504,True,True,104.0,112.0,True,True,True,-0.013059509322279395,0.05365291703492403,1.005357234445386,8.0
v200_s1_p10,200,0.1,h3,3,1.4001086500967823,1.4386194911405357,8.617117291956674,9.058380457980093,True,True,145.0,129.0,True,True,True,0.03851084104375335,0.4412631660234183,1.0512077474488248,-16.0
v200_s1_p10,200,0.1,h3,4,1.4206704567019361,1.4564339501049908,9.467863124969881,8.285606125020422,True,True,105.0,122.0,True,True,True,0.035763493403054625,-1.182256999949459,0.8751294791290912,17.0
v200_s1_p10,200,0.1,h4,0,1.438874234949328,1.4623405292694533,7.638659208023455,7.7774536670185626,True,True,213.0,156.0,True,True,True,0.02346629432012537,0.13879445899510756,1.0181700027734346,-57.0
v200_s1_p10,200,0.1,h4,1,1.4720394035345854,1.453449021455641,11.002190958010033,10.450727457995526,True,True,217.0,163.0,True,True,True,-0.018590382078944367,-0.5514635000145063,0.9498769379554334,-54.0
v200_s1_p10,200,0.1,h4,2,1.4589737875657072,1.4307606025896746,13.010660834028386,11.711720207997132,True,True,161.0,142.0,True,True,True,-0.028213184976032535,-1.2989406260312535,0.9001633627529531,-19.0
v200_s1_p10,200,0.1,h4,3,1.4590178556957931,1.4374708417664415,11.95526791701559,11.239531333034392,True,True,191.0,159.0,True,True,True,-0.021547013929351655,-0.7157365839811973,0.9401321167413982,-32.0
v200_s1_p10,200,0.1,h4,4,1.4299082817245155,1.4680650820313603,11.901760875014588,11.115571749978699,True,True,167.0,215.0,True,True,True,0.038156800306844874,-0.7861891250358894,0.9339434615354826,48.0
v200_s1_p10,200,0.1,h2+3,0,1.4245727558628194,1.4451044733002727,6.354682667006273,5.3914149579941295,True,True,145.0,124.0,True,True,True,0.0205317174374533,-0.9632677090121433,0.8484160800013726,-21.0
v200_s1_p10,200,0.1,h2+3,1,1.4171370303122905,1.4463010222586294,10.097924542031251,10.357264292018954,True,True,150.0,120.0,True,True,True,0.029163991946338896,0.2593397499877028,1.0256824804848002,-30.0
v200_s1_p10,200,0.1,h2+3,2,1.428803583647178,1.4381833526562995,10.708352042012848,10.640519540989771,True,True,104.0,112.0,True,True,True,0.009379769009121519,-0.06783250102307647,0.9936654584424434,8.0
v200_s1_p10,200,0.1,h2+3,3,1.4017319473943206,1.447270867939717,9.244111875013914,9.781025749980472,True,True,145.0,129.0,True,True,True,0.04553892054539643,0.5369138749665581,1.058081715390939,-16.0
v200_s1_p10,200,0.1,h2+3,4,1.426885327506257,1.4523244280212746,10.23096070898464,8.905326707987115,True,True,105.0,122.0,True,True,True,0.025439100515017632,-1.3256340009975247,0.8704291768188126,17.0
v200_s1_p10,200,0.1,h2+3+4,0,1.4695362147567572,1.467499123051298,8.91260370798409,9.001630125043448,True,True,214.0,156.0,True,True,True,-0.002037091705459293,0.08902641705935821,1.0099888225681577,-58.0
v200_s1_p10,200,0.1,h2+3+4,1,1.45549123537908,1.4520284950012539,12.806924167030957,12.771054584009107,True,True,217.0,165.0,True,True,True,-0.0034627403778262345,-0.035869583021849394,0.9971992039185967,-52.0
v200_s1_p10,200,0.1,h2+3+4,2,1.4390644182731573,1.427374032403724,14.866414125019219,13.830717834003735,True,True,161.0,143.0,True,True,True,-0.011690385869433273,-1.0356962910154834,0.9303331467625086,-18.0
v200_s1_p10,200,0.1,h2+3+4,3,1.4634651873502542,1.4383127432643275,14.132461500004865,13.102829417039175,True,True,192.0,159.0,True,True,True,-0.02515244408592676,-1.0296320829656906,0.9271441791675614,-33.0
v200_s1_p10,200,0.1,h2+3+4,4,1.4374909464084578,1.4704961907616554,13.67925720801577,13.433528750028927,True,True,167.0,215.0,True,True,True,0.03300524435319763,-0.24572845798684284,0.9820364180415548,48.0
v200_s1_p30,200,0.3,h2,0,2.0743089563628736,1.9294803928591562,1.622573749977164,0.8113204159890302,True,True,255.0,151.0,True,True,True,-0.14482856350371742,-0.8112533339881338,0.5000206714797701,-104.0
v200_s1_p30,200,0.3,h2,1,1.9326485672492277,2.084993448133479,2.499911584018264,1.0886779590509832,True,True,255.0,151.0,True,True,True,0.15234488088425135,-1.4112336249672808,0.43548658520997896,-104.0
v200_s1_p30,200,0.3,h2,2,2.101600413867175,2.1572939095802517,2.262088750023395,1.1722791249630973,True,True,255.0,151.0,True,True,True,0.05569349571307658,-1.0898096250602975,0.5182286172242241,-104.0
v200_s1_p30,200,0.3,h2,3,2.2046873445965076,1.977961855051181,2.3065907919663005,1.0684561670059338,True,True,255.0,151.0,True,True,True,-0.22672548954532656,-1.2381346249603666,0.46321877756873664,-104.0
v200_s1_p30,200,0.3,h2,4,2.1184775556002293,1.9147506266150136,2.357169958995655,1.1152758749667555,True,True,255.0,151.0,True,True,True,-0.20372692898521572,-1.2418940840288997,0.4731419008249847,-104.0
v200_s1_p30,200,0.3,h3,0,2.1018488779527646,1.945361281127618,4.106986583035905,1.1378250420093536,True,True,174.0,151.0,True,True,True,-0.15648759682514668,-2.9691615410265513,0.27704620382963796,-23.0
v200_s1_p30,200,0.3,h3,1,1.9760092189767473,1.898729874950042,6.3120862080249935,1.6108792500454001,True,True,174.0,151.0,True,True,True,-0.07727934402670522,-4.701206957979593,0.25520552111556677,-23.0
v200_s1_p30,200,0.3,h3,2,2.1334173914187624,1.9189502181868374,6.6733075410011224,1.7012572499806993,True,True,174.0,151.0,True,True,True,-0.214467173231925,-4.972050291020423,0.2549346391617789,-23.0
v200_s1_p30,200,0.3,h3,3,1.9385736882754991,1.862572403390577,6.083149500016589,1.6509575000382029,True,True,174.0,151.0,True,True,True,-0.07600128488492208,-4.432191999978386,0.27139847541700246,-23.0
v200_s1_p30,200,0.3,h3,4,1.9952043265824233,1.9958976514035633,6.10482750000665,1.675909374956973,True,True,174.0,151.0,True,True,True,0.00069332482114004,-4.428918125049677,0.2745219868956408,-23.0
v200_s1_p30,200,0.3,h4,0,2.0139738448167845,1.9447695955506283,4.310462334018666,2.2268985839909874,True,True,95.0,125.0,True,True,True,-0.0692042492661562,-2.083563750027679,0.516626387479609,30.0
v200_s1_p30,200,0.3,h4,1,2.0135929300130444,1.9130475660514579,6.73146691598231,3.2972472500405274,True,True,113.0,114.0,True,True,True,-0.10054536396158653,-3.4342196659417823,0.4898259608484411,1.0
v200_s1_p30,200,0.3,h4,2,2.1100188007539615,1.9368925677152131,6.421732374990825,3.529614707978908,True,True,100.0,116.0,True,True,True,-0.1731262330387484,-2.8921176670119166,0.5496359084855122,16.0
v200_s1_p30,200,0.3,h4,3,2.042622481685147,1.9620995097430831,6.476790375018027,3.381012625002768,True,True,100.0,120.0,True,True,True,-0.08052297194206393,-3.095777750015259,0.5220197704782683,20.0
v200_s1_p30,200,0.3,h4,4,,1.9964643530604902,6.346361542004161,3.2777477920171805,True,True,128.0,129.0,False,True,False,,-3.06861374998698,0.5164766883076248,1.0
v200_s1_p30,200,0.3,h2+3,0,2.065695975028687,1.9021587324418439,4.579751875018701,1.1077417499618605,True,True,174.0,151.0,True,True,True,-0.1635372425868431,-3.4720101250568405,0.2418781148394283,-23.0
v200_s1_p30,200,0.3,h2+3,1,2.124582962636738,1.9117618687927622,6.6795815419754945,1.7237815420376137,True,True,174.0,151.0,True,True,True,-0.21282109384397585,-4.955799999937881,0.25806729526469757,-23.0
v200_s1_p30,200,0.3,h2+3,2,2.02561185880205,1.8894793169142625,7.10515870800009,1.7627017499762587,True,True,174.0,151.0,True,True,True,-0.13613254188778745,-5.342456958023831,0.2480875969725399,-23.0
v200_s1_p30,200,0.3,h2+3,3,2.1098125584880734,1.9385164393623817,6.840173333999701,1.7054857080220245,True,True,174.0,151.0,True,True,True,-0.17129611912569165,-5.134687625977676,0.2493336973706139,-23.0
v200_s1_p30,200,0.3,h2+3,4,2.1154078616558247,1.9228152109361023,7.09446204197593,1.8422352090128697,True,True,174.0,151.0,True,True,True,-0.19259265071972242,-5.252226832963061,0.25967229059975,-23.0
v200_s1_p30,200,0.3,h2+3+4,0,2.0485310616241814,1.9593088894278357,4.948036874993704,2.753712749981787,True,True,95.0,126.0,True,True,True,-0.08922217219634576,-2.194324125011917,0.5565263193365532,31.0
v200_s1_p30,200,0.3,h2+3+4,1,2.053343545698189,1.9739465332241646,8.204203750006855,4.081582874991,True,True,113.0,116.0,True,True,True,-0.07939701247402464,-4.122620875015855,0.49749896508696406,3.0
v200_s1_p30,200,0.3,h2+3+4,2,2.0119365321310374,1.9175409117608226,7.978934875049163,4.248455708031543,True,True,100.0,117.0,True,True,True,-0.09439562037021476,-3.73047916701762,0.5324590029324391,17.0
v200_s1_p30,200,0.3,h2+3+4,3,2.084981961850222,2.021555992105605,7.693849416973535,4.066506417002529,True,True,100.0,121.0,True,True,True,-0.06342596974461712,-3.627342999971006,0.5285399020198314,21.0
v200_s1_p30,200,0.3,h2+3+4,4,2.1544509311971574,1.9308942450684121,7.723899041011464,4.132826083980035,True,True,128.0,131.0,True,True,True,-0.22355668612874524,-3.591072957031429,0.5350699254399927,3.0
v200_s1_p50,200,0.5,h2,0,,2.9635335285239446,0.9801043330226094,0.2273730409797281,True,True,210.0,42.0,False,True,False,,-0.7527312920428813,0.23198860908870503,-168.0
v200_s1_p50,200,0.5,h2,1,2.889212086178923,3.619649478019686,1.5960563339758664,0.3189852079958655,True,True,210.0,42.0,True,True,True,0.7304373918407632,-1.277071125980001,0.19985836414762087,-168.0
v200_s1_p50,200,0.5,h2,2,2.8707653881166815,3.1334126957011303,1.5061740000382997,0.34349145798478276,True,True,210.0,42.0,True,True,True,0.2626473075844489,-1.162682542053517,0.22805562835107251,-168.0
v200_s1_p50,200,0.5,h2,3,2.827024337714401,3.0670051409614523,1.4645816669799387,0.32209266599966213,True,True,210.0,42.0,True,True,True,0.23998080324705118,-1.1424890009802766,0.21992127394564337,-168.0
v200_s1_p50,200,0.5,h2,4,3.0944156275889814,3.106504454472583,1.5442642500274815,0.32033454201882705,True,True,210.0,42.0,True,True,True,0.012088826883601467,-1.2239297080086544,0.20743505654108513,-168.0
v200_s1_p50,200,0.5,h3,0,3.0732893277014957,3.2291781284897567,1.022045249992516,0.26987045898567885,True,True,210.0,42.0,True,True,True,0.15588880078826106,-0.752174791006837,0.26404942343566007,-168.0
v200_s1_p50,200,0.5,h3,1,3.1836806821887786,3.286530736198854,1.559023999958299,0.3590112499659881,True,True,210.0,42.0,True,True,True,0.10285005401007519,-1.200012749992311,0.23027948894666853,-168.0
v200_s1_p50,200,0.5,h3,2,,3.2291781284897536,1.4111874589580111,0.39555424998980016,True,True,210.0,42.0,False,True,False,,-1.015633208968211,0.28029886991900316,-168.0
v200_s1_p50,200,0.5,h3,3,2.8832970192844556,2.8399745967082786,1.543881459045224,0.393550916982349,True,True,210.0,42.0,True,True,True,-0.04332242257617702,-1.1503305420628749,0.25491006105205194,-168.0
v200_s1_p50,200,0.5,h3,4,,3.253108567802242,1.4105868330225348,0.3801259160391055,True,True,210.0,42.0,False,True,False,,-1.0304609169834293,0.26948069210641273,-168.0
v200_s1_p50,200,0.5,h2+3,0,2.908413543100714,3.2291781284897536,1.0692472500377335,0.2780264169559814,True,True,210.0,42.0,True,True,True,0.3207645853890395,-0.7912208330817521,0.26002069862341937,-168.0
v200_s1_p50,200,0.5,h2+3,1,,3.1517672701882757,1.602876083983574,0.4194652499863878,True,True,210.0,42.0,False,True,False,,-1.1834108339971863,0.26169537007745786,-168.0
v200_s1_p50,200,0.5,h2+3,2,3.138827360541861,3.253108567802242,1.6596726250136271,0.3886011670110747,True,True,210.0,42.0,True,True,True,0.11428120726038093,-1.2710714580025524,0.23414326485494935,-168.0
v200_s1_p50,200,0.5,h2+3,3,,3.0720960118603484,1.5417777500115335,0.4307017920073122,True,True,210.0,42.0,False,True,False,,-1.1110759580042213,0.2793540067653008,-168.0
v200_s1_p50,200,0.5,h2+3,4,3.2023303092038566,3.2291781284897536,1.6581877080025151,0.3807993750087917,True,True,210.0,42.0,True,True,True,0.026847819285896968,-1.2773883329937235,0.2296479301897069,-168.0
v200_s2_p0,200,0.0,h2,0,1.2546460157850632,1.2343791350482949,6.939784082991537,6.8316414169967175,True,True,364.0,360.0,True,True,True,-0.0202668807367683,-0.10814266599481925,0.9844169984683151,-4.0
v200_s2_p0,200,0.0,h2,1,1.2574313412154117,1.2508495561743274,7.2594377080095,6.975473582977429,True,True,364.0,360.0,True,True,True,-0.006581785041084309,-0.283964125032071,0.9608834545520286,-4.0
v200_s2_p0,200,0.0,h2,2,1.2480760235391581,1.2604647820712038,7.3190993330208585,7.1023742919787765,True,True,364.0,360.0,True,True,True,0.012388758532045685,-0.216725041042082,0.9703891105748074,-4.0
v200_s2_p0,200,0.0,h2,3,1.248970766826806,1.256625938331406,7.214345374959521,6.928430832980666,True,True,364.0,360.0,True,True,True,0.007655171504600045,-0.2859145419788547,0.9603686090533947,-4.0
v200_s2_p0,200,0.0,h2,4,1.2416439010239961,1.2523127987464526,7.1618448329973035,6.9534694160101935,True,True,364.0,360.0,True,True,True,0.010668897722456494,-0.20837541698710993,0.9709047847522406,-4.0
v200_s2_p0,200,0.0,h3,0,1.3154259571136466,1.3096372627184176,11.734736582962796,11.784212375001516,True,True,132.0,142.0,True,True,True,-0.005788694395228999,0.0494757920387201,1.0042161825865399,10.0
v200_s2_p0,200,0.0,h3,1,1.3285288576285719,1.314066718181855,12.61801212496357,11.879396707983688,True,True,140.0,159.0,True,True,True,-0.014462139446716815,-0.7386154169798829,0.9414634088424594,19.0
v200_s2_p0,200,0.0,h3,2,1.2989948283500208,1.3229757618450864,12.803836083039641,11.674317291006446,True,True,166.0,119.0,True,True,True,0.02398093349506558,-1.1295187920331955,0.9117827825420702,-47.0
v200_s2_p0,200,0.0,h3,3,1.2752762822359756,1.3180451612058175,11.712058500037529,11.767879499995615,True,True,152.0,137.0,True,True,True,0.04276887896984194,0.05582099995808676,1.0047661134853372,-15.0
v200_s2_p0,200,0.0,h3,4,1.29196210111502,1.2883781788054949,11.625519583001733,12.077536459022667,True,True,160.0,158.0,True,True,True,-0.0035839223095250894,0.45201687602093443,1.0388814343129964,-2.0
v200_s2_p0,200,0.0,h4,0,1.3805499615913457,1.3512527410669788,15.166489749972243,14.590609042032156,True,True,160.0,183.0,True,True,True,-0.029297220524366896,-0.5758807079400867,0.9620294005116681,23.0
v200_s2_p0,200,0.0,h4,1,1.330092287155363,1.358486436285982,15.826980042038485,14.970185375015717,True,True,184.0,184.0,True,True,True,0.028394149130618995,-0.8567946670227684,0.9458649303438172,0.0
v200_s2_p0,200,0.0,h4,2,1.3568957804637123,1.3469986129459197,15.138694291992579,15.783415291982237,True,True,187.0,165.0,True,True,True,-0.009897167517792571,0.6447209999896586,1.0425876226545294,-22.0
v200_s2_p0,200,0.0,h4,3,1.3508700512633562,1.3569368908312385,15.714107875013724,15.79642645799322,True,True,213.0,154.0,True,True,True,0.006066839567882232,0.08231858297949657,1.0052385145650162,-59.0
v200_s2_p0,200,0.0,h4,4,1.3633467786785816,1.3606195369049385,15.03790754196234,14.829988290963229,True,True,161.0,149.0,True,True,True,-0.00272724177364303,-0.20791925099911168,0.986173658109087,-12.0
v200_s2_p0,200,0.0,h2+3,0,1.3154630816100223,1.3110445285232908,12.365820584003814,12.571999125008006,True,True,132.0,142.0,True,True,True,-0.004418553086731558,0.20617854100419208,1.0166732599428865,10.0
v200_s2_p0,200,0.0,h2+3,1,1.3207711449627024,1.2906808734823814,13.348746458010282,12.690176666015759,True,True,140.0,159.0,True,True,True,-0.030090271480321062,-0.6585697919945233,0.9506642969011273,19.0
v200_s2_p0,200,0.0,h2+3,2,1.2931073042145376,1.3158048243766025,13.58402033301536,12.369443500007037,True,True,166.0,119.0,True,True,True,0.022697520162064944,-1.2145768330083229,0.9105878228070413,-47.0
v200_s2_p0,200,0.0,h2+3,3,1.2925974229726935,1.3219415716221277,12.633808417012915,12.584408792026807,True,True,152.0,137.0,True,True,True,0.029344148649434132,-0.04939962498610839,0.9960898864890506,-15.0
v200_s2_p0,200,0.0,h2+3,4,1.2817044481879203,1.2798551005284964,12.259298791002948,12.944070458004717,True,True,160.0,158.0,True,True,True,-0.0018493476594239056,0.684771667001769,1.0558573274602232,-2.0
v200_s2_p0,200,0.0,h2+3+4,0,1.3687932640418654,1.35887347839162,17.35218316700775,16.848734667000826,True,True,160.0,183.0,True,True,True,-0.009919785650245316,-0.5034485000069253,0.9709864461917307,23.0
v200_s2_p0,200,0.0,h2+3+4,1,1.3418491862142408,1.3588792215493033,18.161314250028227,17.11873716599075,True,True,184.0,184.0,True,True,True,0.017030035335062532,-1.0425770840374753,0.9425935221601127,0.0
v200_s2_p0,200,0.0,h2+3+4,2,1.3528174483878508,1.355353752002795,17.07955695898272,17.694209709006827,True,True,187.0,165.0,True,True,True,0.0025363036149441687,0.6146527500241064,1.0359876284554816,-22.0
v200_s2_p0,200,0.0,h2+3+4,3,1.3480140862625916,1.3519951572423161,17.538923917047214,17.409945583029184,True,True,213.0,154.0,True,True,True,0.003981070979724555,-0.12897833401802927,0.9926461660573904,-59.0
v200_s2_p0,200,0.0,h2+3+4,4,1.3558850911501072,1.3628667451042566,17.410982667002827,16.949454082990997,True,True,161.0,149.0,True,True,True,0.006981653954149403,-0.4615285840118304,0.9734921001968191,-12.0
v200_s2_p10,200,0.1,h2,0,1.421285202274177,1.452071033447697,4.634361208009068,4.8096853329916485,True,True,328.0,306.0,True,True,True,0.03078583117351985,0.17532412498258054,1.037831346568236,-22.0
v200_s2_p10,200,0.1,h2,1,1.4475681210413198,1.4339940572592202,4.995824999990873,4.92244637501426,True,True,328.0,306.0,True,True,True,-0.013574063782099577,-0.07337862497661263,0.9853120105334461,-22.0
v200_s2_p10,200,0.1,h2,2,1.4178470264551926,1.442826008971213,4.892222791968379,4.650812208012212,True,True,328.0,306.0,True,True,True,0.024978982516020487,-0.2414105839561671,0.9506542129780978,-22.0
v200_s2_p10,200,0.1,h2,3,1.4290236011073691,1.4393769170619382,4.87563470803434,4.928639042016584,True,True,328.0,306.0,True,True,True,0.010353315954569009,0.053004333982244134,1.0108712684924694,-22.0
v200_s2_p10,200,0.1,h2,4,1.4144316078835575,1.3823610796796153,4.595814500004053,4.610910541028716,True,True,328.0,306.0,True,True,True,-0.032070528203942184,0.015096041024662554,1.0032847368022904,-22.0
v200_s2_p10,200,0.1,h3,0,1.4248838148467433,1.4410841270032022,11.104309291986283,10.241594833030831,True,True,175.0,177.0,True,True,True,0.016200312156458896,-0.8627144589554518,0.9223081385549975,2.0
v200_s2_p10,200,0.1,h3,1,1.405182401002983,1.422122646415687,11.13979904196458,9.348097250040155,True,True,177.0,155.0,True,True,True,0.016940245412704114,-1.7917017919244245,0.8391621082952277,-22.0
v200_s2_p10,200,0.1,h3,2,1.423668004859338,1.4259267203610517,10.548382040986326,10.188937333005015,True,True,167.0,160.0,True,True,True,0.0022587155017137484,-0.3594447079813108,0.9659241856632924,-7.0
v200_s2_p10,200,0.1,h3,3,1.4158979786547314,1.4110066269967605,10.909282749984413,9.261985042016022,True,True,167.0,151.0,True,True,True,-0.004891351657970944,-1.6472977079683915,0.849000365494171,-16.0
v200_s2_p10,200,0.1,h3,4,1.4375124352833404,1.39492544771777,11.710384000034537,9.902035125007387,True,True,142.0,136.0,True,True,True,-0.042586987565570444,-1.80834887502715,0.845577320519821,-6.0
v200_s2_p10,200,0.1,h4,0,1.427080964588976,1.4426435092484664,12.500263624999207,11.138423750002403,True,True,159.0,181.0,True,True,True,0.015562544659490474,-1.3618398749968037,0.8910551076480285,22.0
v200_s2_p10,200,0.1,h4,1,1.4539270587860094,1.4434444322959192,12.346296500007156,10.36544274998596,True,True,162.0,207.0,True,True,True,-0.01048262649009013,-1.980853750021197,0.8395588709521071,45.0
v200_s2_p10,200,0.1,h4,2,1.4552324602280589,1.4556994463800432,11.735666124965064,10.583667750004679,True,True,196.0,189.0,True,True,True,0.0004669861519843721,-1.1519983749603853,0.9018378366687034,-7.0
v200_s2_p10,200,0.1,h4,3,1.4370023380424528,1.4611083758881231,12.366819041024428,11.312255332944915,True,True,150.0,195.0,True,True,True,0.024106037845670336,-1.0545637080795132,0.914726357312967,45.0
v200_s2_p10,200,0.1,h4,4,1.4403582515715987,1.4186868469315836,12.216742000018712,10.536119624972343,True,True,151.0,192.0,True,True,True,-0.021671404640015046,-1.6806223750463687,0.8624328503422767,41.0
v200_s2_p10,200,0.1,h2+3,0,1.377775984355346,1.4186495046978853,11.662922707968391,11.053442874981556,True,True,175.0,177.0,True,True,True,0.040873520342539216,-0.6094798329868354,0.9477421013370496,2.0
v200_s2_p10,200,0.1,h2+3,1,1.4023949240897442,1.4124776662288903,12.04012070799945,9.863417541026138,True,True,177.0,155.0,True,True,True,0.010082742139146061,-2.1767031669733115,0.8192125129171578,-22.0
v200_s2_p10,200,0.1,h2+3,2,1.4131904517038014,1.4167902463522746,11.350000749982428,10.85115008399589,True,True,167.0,160.0,True,True,True,0.0035997946484731536,-0.49885066598653793,0.9560484023767742,-7.0
v200_s2_p10,200,0.1,h2+3,3,1.3970317041008444,1.4259067140177908,11.659008083981462,10.071422290988266,True,True,167.0,151.0,True,True,True,0.02887500991694636,-1.5875857929931954,0.8638318301559109,-16.0
v200_s2_p10,200,0.1,h2+3,4,1.4336456408821405,1.4002410022867493,12.480665125011,10.590254125010688,True,True,142.0,136.0,True,True,True,-0.03340463859539122,-1.890411000000313,0.8485328320994714,-6.0
v200_s2_p10,200,0.1,h2+3+4,0,1.4323342823906133,1.437546207225573,14.15723541600164,13.152963041968178,True,True,160.0,182.0,True,True,True,0.00521192483495958,-1.0042723740334623,0.9290629600678708,22.0
v200_s2_p10,200,0.1,h2+3+4,1,1.4360089248535644,1.4357506613217557,14.160369125020225,12.36393312504515,True,True,162.0,208.0,True,True,True,-0.000258263531808689,-1.796435999975074,0.8731363579498138,46.0
v200_s2_p10,200,0.1,h2+3+4,2,1.462285165467416,1.4419991881711332,13.873062041995581,12.424441792012658,True,True,196.0,191.0,True,True,True,-0.020285977296282898,-1.4486202499829233,0.8955803523693789,-5.0
v200_s2_p10,200,0.1,h2+3+4,3,1.4518194413319978,1.4463956600202392,14.312078333983663,13.192767666012514,True,True,150.0,196.0,True,True,True,-0.00542378131175858,-1.119310667971149,0.9217925837288513,46.0
v200_s2_p10,200,0.1,h2+3+4,4,1.4505902211155381,1.4220417926202602,14.27532075002091,12.451315207988955,True,True,151.0,193.0,True,True,True,-0.028548428495277944,-1.824005542031955,0.8722266508772293,42.0
v200_s2_p30,200,0.3,h2,0,2.578523663890865,2.3172638829998284,2.0833986659999937,1.0210792499710806,True,True,255.0,156.0,True,True,True,-0.26125978089103663,-1.062319416028913,0.4901026705232054,-99.0
v200_s2_p30,200,0.3,h2,1,2.6129356569658047,2.4003520670438125,2.0779601669637486,1.0322779580019414,True,True,255.0,156.0,True,True,True,-0.2125835899219921,-1.0456822089618072,0.49677466123437497,-99.0
v200_s2_p30,200,0.3,h2,2,,2.4305690989948534,2.043420458037872,1.0297882499871776,True,True,255.0,156.0,False,True,False,,-1.0136322080506943,0.5039531859126037,-99.0
v200_s2_p30,200,0.3,h2,3,2.8145305774862597,2.137095378266419,2.0947045829962008,0.9497002080315724,True,True,255.0,156.0,True,True,True,-0.6774351992198406,-1.1450043749646284,0.45338145328022844,-99.0
v200_s2_p30,200,0.3,h2,4,2.5331475190683976,2.276746126937622,2.126285457983613,1.0338330420199782,True,True,255.0,156.0,True,True,True,-0.25640139213077573,-1.0924524159636348,0.486215544642993,-99.0
v200_s2_p30,200,0.3,h3,0,2.110025385952253,2.091265715763901,2.6234877500100993,1.518054915999528,True,True,255.0,156.0,True,True,True,-0.018759670188352118,-1.1054328340105712,0.578639986405,-99.0
v200_s2_p30,200,0.3,h3,1,2.2427026063616933,2.0348869384467427,2.5867278749938123,1.4285374589962885,True,True,255.0,156.0,True,True,True,-0.20781566791495054,-1.1581904159975238,0.5522565681555142,-99.0
v200_s2_p30,200,0.3,h3,2,2.149501593382937,2.0658805977556853,2.602254332974553,1.5453279999783263,True,True,255.0,156.0,True,True,True,-0.08362099562725156,-1.0569263329962268,0.5938420316556497,-99.0
v200_s2_p30,200,0.3,h3,3,2.077787167697636,2.1171318656938727,2.636020083038602,1.4074852499761619,True,True,255.0,156.0,True,True,True,0.03934469799623663,-1.2285348330624402,0.5339432954371579,-99.0
v200_s2_p30,200,0.3,h3,4,2.189771534253921,2.1906652424011646,2.495021499984432,1.4380646250210702,True,True,255.0,156.0,True,True,True,0.0008937081472435437,-1.0569568749633618,0.5763736404796685,-99.0
v200_s2_p30,200,0.3,h4,0,,2.1556539481858144,5.924528790987097,3.637017290981021,True,True,183.0,131.0,False,True,False,,-2.287511500006076,0.6138914028933347,-52.0
v200_s2_p30,200,0.3,h4,1,,2.4267840984617726,6.034668624983169,3.4518960419809446,True,True,163.0,142.0,False,True,False,,-2.5827725830022246,0.5720108686151051,-21.0
v200_s2_p30,200,0.3,h4,2,,2.288574560798519,6.2879472090280615,3.582110083021689,True,True,182.0,109.0,False,True,False,,-2.7058371260063723,0.5696787781358269,-73.0
v200_s2_p30,200,0.3,h4,3,,2.077779199218507,5.99790762498742,3.817164584004786,True,True,166.0,100.0,False,True,False,,-2.180743040982634,0.6364160341687143,-66.0
v200_s2_p30,200,0.3,h4,4,2.2110625792338845,2.347220953046935,6.115744416019879,3.5426059999736026,True,True,166.0,109.0,True,True,True,0.1361583738130503,-2.5731384160462767,0.5792599819400444,-57.0
v200_s2_p30,200,0.3,h2+3,0,2.2517311487893372,2.036885169025221,2.616836749948561,1.5329680829891004,True,True,255.0,156.0,True,True,True,-0.214845979764116,-1.0838686669594608,0.5858095974153656,-99.0
v200_s2_p30,200,0.3,h2+3,1,2.071222656009268,2.21978452814142,2.7618805000092834,1.5222637910046615,True,True,255.0,156.0,True,True,True,0.14856187213215222,-1.239616709004622,0.5511693177889285,-99.0
v200_s2_p30,200,0.3,h2+3,2,2.1003239218190175,2.066363372037915,2.9229158330126666,1.5851152500254102,True,True,255.0,156.0,True,True,True,-0.03396054978110241,-1.3378005829872563,0.5423061561070073,-99.0
v200_s2_p30,200,0.3,h2+3,3,2.1467831973492646,2.226069310017188,2.7734350000391714,1.533298707974609,True,True,255.0,156.0,True,True,True,0.07928611266792362,-1.2401362920645624,0.5528518634664065,-99.0
v200_s2_p30,200,0.3,h2+3,4,2.054797785728717,2.184813198850136,2.8198445409652777,1.4928112920024432,True,True,255.0,156.0,True,True,True,0.13001541312141907,-1.3270332489628345,0.529394890503939,-99.0
v200_s2_p30,200,0.3,h2+3+4,0,,2.3367391702337654,7.138412791013252,4.350707250006963,True,True,184.0,131.0,False,True,False,,-2.7877055410062894,0.6094782380032981,-53.0
v200_s2_p30,200,0.3,h2+3+4,1,,2.351247949904926,7.1291551249451,4.280677040980663,True,True,164.0,142.0,False,True,False,,-2.8484780839644372,0.6004466119698338,-22.0
v200_s2_p30,200,0.3,h2+3+4,2,,2.2638482864317284,7.455774999980349,4.404974291974213,True,True,182.0,109.0,False,True,False,,-3.050800708006136,0.5908137372688719,-73.0
v200_s2_p30,200,0.3,h2+3+4,3,,2.1461280101751234,7.284314666001592,4.658637250016909,True,True,166.0,100.0,False,True,False,,-2.6256774159846827,0.6395436583430938,-66.0
v200_s2_p30,200,0.3,h2+3+4,4,,2.3203784245822616,7.02370974997757,4.312223957967944,True,True,166.0,109.0,False,True,False,,-2.7114857920096256,0.6139524711968224,-57.0
v200_s2_p50,200,0.5,h2,0,2.8679999268602945,2.7053930350678796,1.418522416963242,0.3486966249765828,True,True,214.0,52.0,True,True,True,-0.16260689179241483,-1.0698257919866592,0.24581678851651068,-162.0
v200_s2_p50,200,0.5,h2,1,,2.6166578470087916,1.4288067920133471,0.33938512502936646,True,True,214.0,52.0,False,True,False,,-1.0894216669839807,0.237530453331017,-162.0
v200_s2_p50,200,0.5,h2,2,,2.504103623983052,1.3522389580029994,0.36922274995595217,True,True,214.0,52.0,False,True,False,,-0.9830162080470473,0.2730454907919708,-162.0
v200_s2_p50,200,0.5,h2,3,,2.592953618941619,1.329704791016411,0.3359135829959996,True,True,214.0,52.0,False,True,False,,-0.9937912080204114,0.25262267630037727,-162.0
v200_s2_p50,200,0.5,h2,4,,2.5385197004488944,1.3256632499978878,0.3290721670491621,True,True,214.0,52.0,False,True,False,,-0.9965910829487257,0.24823209593362902,-162.0
v200_s2_p50,200,0.5,h3,0,,2.53350725783247,1.4077503330190666,0.43262416700599715,True,True,214.0,52.0,False,True,False,,-0.9751261660130695,0.3073159756092472,-162.0
v200_s2_p50,200,0.5,h3,1,,2.541958966904505,1.4108715830370784,0.4751827080035582,True,True,214.0,52.0,False,True,False,,-0.9356888750335202,0.33680082136225875,-162.0
v200_s2_p50,200,0.5,h3,2,2.683834656907106,2.55058413796679,1.5230994999874383,0.4752925409702584,True,True,214.0,52.0,True,True,True,-0.13325051894031592,-1.04780695901718,0.3120561335449052,-162.0
v200_s2_p50,200,0.5,h3,3,,2.559035847038763,1.4532981669763103,0.43769566697301343,True,True,214.0,52.0,False,True,False,,-1.0156025000032969,0.3011740308485149,-162.0
v200_s2_p50,200,0.5,h3,4,,2.54319691585564,1.3163070000009611,0.3961289169965312,True,True,214.0,52.0,False,True,False,,-0.9201780830044299,0.300939611349208,-162.0
v200_s2_p50,200,0.5,h4,0,,2.566308340638251,3.638136958994437,0.6782812500023283,True,True,181.0,36.0,False,True,False,,-2.9598557089921087,0.1864364254692055,-145.0
v200_s2_p50,200,0.5,h4,1,,2.562746910685459,3.6978772910078987,0.663565082999412,True,True,181.0,36.0,False,True,False,,-3.0343122080084868,0.17944486276302307,-145.0
v200_s2_p50,200,0.5,h4,2,,2.566308340638251,3.8929739590384997,0.6471530840499327,True,True,181.0,36.0,False,True,False,,-3.245820874988567,0.16623617081933134,-145.0
v200_s2_p50,200,0.5,h4,3,,2.555625533759744,4.0057587919873185,0.6363920419826172,True,True,151.0,36.0,False,True,False,,-3.3693667500047013,0.15886928670183192,-115.0
v200_s2_p50,200,0.5,h4,4,,2.518693691705881,3.620653499965556,0.6364574590115808,True,True,181.0,36.0,False,True,False,,-2.984196040953975,0.1757852440222837,-145.0
v200_s2_p50,200,0.5,h2+3,0,,2.5696831851780977,1.4701659589773044,0.39531241700751707,True,True,214.0,52.0,False,True,False,,-1.0748535419697873,0.26888965466355197,-162.0
v200_s2_p50,200,0.5,h2+3,1,,2.533507257832501,1.4559289159951732,0.4003704999922775,True,True,214.0,52.0,False,True,False,,-1.0555584160028957,0.2749931645657382,-162.0
v200_s2_p50,200,0.5,h2+3,2,,2.597949091642408,1.575902166950982,0.469090958009474,True,True,214.0,52.0,False,True,False,,-1.106811208941508,0.2976650250548611,-162.0
v200_s2_p50,200,0.5,h2+3,3,,2.5126129079472705,1.5282559580518864,0.4450740829925053,True,True,214.0,52.0,False,True,False,,-1.0831818750593811,0.29123006564937887,-162.0
v200_s2_p50,200,0.5,h2+3,4,,2.4270997250899393,1.5048579999711365,0.3999079579953104,True,True,214.0,52.0,False,True,False,,-1.104950041975826,0.2657446470052196,-162.0
v200_s2_p50,200,0.5,h2+3+4,0,,2.581172160749499,4.76406641601352,0.7712536249891855,True,True,96.0,37.0,False,True,False,,-3.9928127910243347,0.16188977181274392,-59.0
v200_s2_p50,200,0.5,h2+3+4,1,,2.533312364761356,4.770840999961365,0.7915648750495166,True,True,96.0,37.0,False,True,False,,-3.9792761249118485,0.16591726176913604,-59.0
v200_s2_p50,200,0.5,h2+3+4,2,,2.537606406595386,4.885543290991336,0.8537182500003837,True,True,96.0,37.0,False,True,False,,-4.031825040990952,0.1747437693520374,-59.0
v200_s2_p50,200,0.5,h2+3+4,3,,2.530781804904627,4.666071583982557,0.8285651250043884,True,True,96.0,37.0,False,True,False,,-3.8375064589781687,0.17757231325996858,-59.0
v200_s2_p50,200,0.5,h2+3+4,4,,2.6405370504728096,4.562294083007146,0.8265856250072829,True,True,96.0,37.0,False,True,False,,-3.7357084579998627,0.18117762905420937,-59.0
v200_s3_p0,200,0.0,h2,0,1.2534526850328516,1.2518866256583085,7.030001792008989,6.8787635419867,True,True,364.0,360.0,True,True,True,-0.0015660593745430162,-0.1512382500222884,0.9784867409003791,-4.0
v200_s3_p0,200,0.0,h2,1,1.2450037671687932,1.2520497481928816,7.155750957957935,6.984247625048738,True,True,364.0,360.0,True,True,True,0.007045981024088377,-0.17150333290919662,0.9760327974077316,-4.0
v200_s3_p0,200,0.0,h2,2,1.2551429866663457,1.2458985191679637,7.212295292003546,7.212068916007411,True,True,364.0,360.0,True,True,True,-0.009244467498382036,-0.00022637599613517523,0.9999686124892326,-4.0
v200_s3_p0,200,0.0,h2,3,1.2487589964288723,1.2563518047151978,7.123391082976013,6.988368374994025,True,True,364.0,360.0,True,True,True,0.00759280828632547,-0.1350227079819888,0.9810451642470289,-4.0
v200_s3_p0,200,0.0,h2,4,1.253369803250429,1.2594497507445728,7.151697000022978,6.914434916980099,True,True,364.0,360.0,True,True,True,0.006079947494143756,-0.23726208304287866,0.9668243658753837,-4.0
v200_s3_p0,200,0.0,h3,0,1.2889635813745728,1.3042022851773898,11.768407833995298,11.899610750027932,True,True,154.0,160.0,True,True,True,0.015238703802817,0.13120291603263468,1.0111487397346675,6.0
v200_s3_p0,200,0.0,h3,1,1.276573906861488,1.316842552762314,12.348227499984205,11.380490833020303,True,True,170.0,155.0,True,True,True,0.040268645900825906,-0.9677366669639014,0.9216295078006023,-15.0
v200_s3_p0,200,0.0,h3,2,1.3063748049916402,1.2955040328728804,12.64216787496116,11.309256083972286,True,True,170.0,127.0,True,True,True,-0.010870772118759753,-1.3329117909888737,0.8945662006570239,-43.0
v200_s3_p0,200,0.0,h3,3,1.2982633177126182,1.3051944076506456,12.323424540983979,11.642754083033651,True,True,144.0,143.0,True,True,True,0.00693108993802749,-0.6806704579503275,0.9447661276549693,-1.0
v200_s3_p0,200,0.0,h3,4,1.32114618043797,1.2987861283572213,11.302092249970883,11.663316750025842,True,True,143.0,140.0,True,True,True,-0.02236005208074876,0.3612245000549592,1.0319608522091022,-3.0
v200_s3_p0,200,0.0,h4,0,1.35719889013545,1.3592303740753793,16.15371604199754,13.637187749962322,True,True,166.0,172.0,True,True,True,0.002031483939929357,-2.5165282920352183,0.8442136604671906,6.0
v200_s3_p0,200,0.0,h4,1,1.3233132984528677,1.3314234345455753,15.110330249997787,14.995596249995288,True,True,157.0,147.0,True,True,True,0.00811013609270761,-0.11473400000249967,0.9924069164535622,-10.0
v200_s3_p0,200,0.0,h4,2,1.3675443809634162,1.3396151820209308,15.618974791024812,15.488447082985658,True,True,166.0,150.0,True,True,True,-0.027929198942485467,-0.13052770803915337,0.9916430041161115,-16.0
v200_s3_p0,200,0.0,h4,3,1.363667692264162,1.3631924161276066,15.1297435000306,17.192889375030063,True,True,161.0,131.0,True,True,True,-0.0004752761365554026,2.0631458749994636,1.136363572521589,-30.0
v200_s3_p0,200,0.0,h4,4,1.35387891251053,1.3381140176634982,15.829592833004426,14.918576708994806,True,True,165.0,161.0,True,True,True,-0.015764894847031696,-0.9110161240096204,0.9424485434577845,-4.0
v200_s3_p0,200,0.0,h2+3,0,1.3029151990319512,1.3040961797753172,12.47443712502718,12.719972542021424,True,True,154.0,160.0,True,True,True,0.0011809807433660335,0.24553541699424386,1.019683085860574,6.0
v200_s3_p0,200,0.0,h2+3,1,1.2909130830741316,1.3187237718033178,13.194285707955714,12.154813333996572,True,True,170.0,155.0,True,True,True,0.02781068872918624,-1.0394723739591427,0.9212179880770374,-15.0
v200_s3_p0,200,0.0,h2+3,2,1.2942982770112885,1.3021969445279218,13.59935629204847,12.219870125001762,True,True,170.0,127.0,True,True,True,0.007898667516633262,-1.3794861670467071,0.8985623924087281,-43.0
v200_s3_p0,200,0.0,h2+3,3,1.294213621185377,1.2993590992330302,13.00900374999037,12.3439207909978,True,True,144.0,143.0,True,True,True,0.005145478047653196,-0.6650829589925706,0.9488751812379896,-1.0
v200_s3_p0,200,0.0,h2+3,4,1.3222386645447266,1.294938283212202,12.040717334020883,12.380046791979112,True,True,143.0,140.0,True,True,True,-0.027300381332524548,0.3393294579582289,1.0281818307452046,-3.0
v200_s3_p0,200,0.0,h2+3+4,0,1.3611183151481,1.3629745143067906,18.26655487495009,15.849753624992445,True,True,166.0,172.0,True,True,True,0.001856199158690508,-2.4168012499576434,0.8676925525090704,6.0
v200_s3_p0,200,0.0,h2+3+4,1,1.3255841553666923,1.3519236626642839,17.245373250043485,16.95294945803471,True,True,157.0,147.0,True,True,True,0.026339507297591602,-0.2924237920087762,0.9830433480465238,-10.0
v200_s3_p0,200,0.0,h2+3+4,2,1.3575360400582965,1.3386570356673246,17.74632383399876,17.499676041014027,True,True,166.0,150.0,True,True,True,-0.0188790043909719,-0.2466477929847315,0.9861014711952794,-16.0
v200_s3_p0,200,0.0,h2+3+4,3,1.367985980332502,1.346167626102258,17.358499291993212,19.05625250004232,True,True,161.0,131.0,True,True,True,-0.02181835423024414,1.6977532080491073,1.097805298689168,-30.0
v200_s3_p0,200,0.0,h2+3+4,4,1.362205209235856,1.3398222429531537,17.952784332970623,17.067101833003107,True,True,165.0,161.0,True,True,True,-0.02238296628270242,-0.8856824999675155,0.9506660090412303,-4.0
v200_s3_p10,200,0.1,h2,0,1.4404200278158683,1.4266007061923252,5.655166583019309,4.786009915987961,True,True,328.0,303.0,True,True,True,-0.013819321623543157,-0.8691566670313478,0.8463075040722668,-25.0
v200_s3_p10,200,0.1,h2,1,1.4225210083808466,1.4397313564778975,5.862931415962521,4.521637334022671,True,True,328.0,303.0,True,True,True,0.01721034809705091,-1.34129408193985,0.7712246678704071,-25.0
v200_s3_p10,200,0.1,h2,2,1.417713525451093,1.4080331915891797,5.935784250032157,4.621412125008646,True,True,328.0,303.0,True,True,True,-0.00968033386191336,-1.3143721250235103,0.7785680763217784,-25.0
v200_s3_p10,200,0.1,h2,3,1.433869423828917,1.4447842957594514,5.575535417010542,4.77168745797826,True,True,328.0,303.0,True,True,True,0.010914871930534531,-0.8038479590322822,0.8558258716140871,-25.0
v200_s3_p10,200,0.1,h2,4,1.4336247321535665,1.4396050743193245,6.036290625052061,4.8331575419870205,True,True,328.0,303.0,True,True,True,0.005980342165758046,-1.2031330830650404,0.8006833736480897,-25.0
v200_s3_p10,200,0.1,h3,0,1.4094260437117105,1.399714238126569,11.32055570796365,10.137986959016416,True,True,147.0,151.0,True,True,True,-0.009711805585141509,-1.182568748947233,0.8955379241572625,4.0
v200_s3_p10,200,0.1,h3,1,1.4095563949697671,1.4278927567342579,10.274621792021208,9.448560708959121,True,True,136.0,137.0,True,True,True,0.018336361764490716,-0.8260610830620863,0.9196018014304365,1.0
v200_s3_p10,200,0.1,h3,2,1.4580565146886035,1.42298875695224,10.450771625037305,8.828303374990355,True,True,143.0,147.0,True,True,True,-0.035067757736363614,-1.6224682500469498,0.8447513438950344,4.0
v200_s3_p10,200,0.1,h3,3,1.4365677160113943,1.4197124046388352,10.48143424995942,9.235745708050672,True,True,145.0,134.0,True,True,True,-0.016855311372559134,-1.2456885419087484,0.8811528544470361,-11.0
v200_s3_p10,200,0.1,h3,4,1.4174378518168997,1.3973747750914072,11.112929082999472,8.544156375050079,True,True,147.0,143.0,True,True,True,-0.020063076725492568,-2.5687727079493925,0.7688482767446888,-4.0
v200_s3_p10,200,0.1,h4,0,1.4497580986077088,1.4488597650609165,12.084093375015073,10.249052875034977,True,True,133.0,182.0,True,True,True,-0.0008983335467922515,-1.8350404999800958,0.8481441310463387,49.0
v200_s3_p10,200,0.1,h4,1,1.4463031305624967,1.4233838757055466,11.741076083038934,11.305446750018746,True,True,173.0,155.0,True,True,True,-0.022919254856950122,-0.4356293330201879,0.9628969840635395,-18.0
v200_s3_p10,200,0.1,h4,2,1.487807450947851,1.4622457221863083,11.513805875030812,11.765836458012927,True,True,150.0,219.0,True,True,True,-0.025561728761542613,0.25203058298211545,1.0218894243760595,69.0
v200_s3_p10,200,0.1,h4,3,1.465986839439301,1.4588413561346945,11.691175124957226,10.573800624988507,True,True,194.0,222.0,True,True,True,-0.007145483304606515,-1.1173744999687187,0.9044258179330962,28.0
v200_s3_p10,200,0.1,h4,4,1.4216502390389028,1.4313137336936468,12.51651058299467,10.509405833960045,True,True,151.0,160.0,True,True,True,0.009663494654744031,-2.0071047490346245,0.8396434265184467,9.0
v200_s3_p10,200,0.1,h2+3,0,1.4150502497915138,1.3978769120919106,11.96074791700812,10.731694166024681,True,True,147.0,151.0,True,True,True,-0.017173337699603275,-1.2290537509834394,0.8972427343581306,4.0
v200_s3_p10,200,0.1,h2+3,1,1.4234930025091816,1.4176126475873758,11.065946125017945,10.089455457986332,True,True,136.0,137.0,True,True,True,-0.00588035492180583,-0.9764906670316122,0.9117571461129783,1.0
v200_s3_p10,200,0.1,h2+3,2,1.4551891864464481,1.4233222178644271,11.22570375003852,9.457927833020221,True,True,143.0,147.0,True,True,True,-0.03186696858202098,-1.767775917018298,0.842524267842697,4.0
v200_s3_p10,200,0.1,h2+3,3,1.4186679903219086,1.4248365046046862,11.225077665993012,9.845354375021998,True,True,145.0,134.0,True,True,True,0.0061685142827776485,-1.3797232909710146,0.8770856352156065,-11.0
v200_s3_p10,200,0.1,h2+3,4,1.4212754747294885,1.3803927451646396,11.906428624992259,9.197305542009417,True,True,147.0,143.0,True,True,True,-0.04088272956484884,-2.709123082982842,0.7724655168808352,-4.0
v200_s3_p10,200,0.1,h2+3+4,0,1.4645144100533127,1.4372514215116248,14.044869832985569,12.083176334039308,True,True,135.0,182.0,True,True,True,-0.02726298854168796,-1.9616934989462607,0.8603266870911785,47.0
v200_s3_p10,200,0.1,h2+3+4,1,1.4820812453233931,1.4490380939798542,13.603433832991868,13.111823040992022,True,True,174.0,155.0,True,True,True,-0.03304315134353897,-0.4916107919998467,0.9638612722320475,-19.0
v200_s3_p10,200,0.1,h2+3+4,2,1.4732189827475164,1.4455659429477816,13.168695750006009,13.555728207982611,True,True,150.0,220.0,True,True,True,-0.02765303979973477,0.387032457976602,1.0293903409512992,70.0
v200_s3_p10,200,0.1,h2+3+4,3,1.480235151563918,1.4777202545795316,13.582206582999788,12.486908999970183,True,True,194.0,224.0,True,True,True,-0.00251489698438645,-1.0952975830296054,0.9193579057764784,30.0
v200_s3_p10,200,0.1,h2+3+4,4,1.4223311074822282,1.4434637536300472,14.495570125000086,12.183598250034265,True,True,151.0,160.0,True,True,True,0.021132646147818956,-2.3119718749658205,0.8405049366786594,9.0
v200_s3_p30,200,0.3,h2,0,2.452859104720822,2.1671480077240988,2.15487445902545,0.9316657499875873,True,True,255.0,153.0,True,True,True,-0.28571109699672315,-1.2232087090378627,0.4323526811900386,-102.0
v200_s3_p30,200,0.3,h2,1,,2.198445916696259,1.9940154579817317,0.9382562499959022,True,True,255.0,153.0,False,True,False,,-1.0557592079858296,0.47053609651831396,-102.0
v200_s3_p30,200,0.3,h2,2,,2.21175606056829,2.132943000004161,1.026995167019777,True,True,255.0,153.0,False,True,False,,-1.1059478329843841,0.4814920825440593,-102.0
v200_s3_p30,200,0.3,h2,3,2.322421935743939,2.165292911228812,2.1396405420382507,1.0311145840096287,True,True,255.0,153.0,True,True,True,-0.1571290245151271,-1.108525958028622,0.4819101918060381,-102.0
v200_s3_p30,200,0.3,h2,4,1.9656572108048427,2.25833208124705,2.095826584030874,1.0003920830204152,True,True,255.0,153.0,True,True,True,0.2926748704422075,-1.095434501010459,0.4773257914766855,-102.0
v200_s3_p30,200,0.3,h3,0,2.245461747294906,1.9744632417936425,2.517151541018393,1.3464217919972725,True,True,255.0,153.0,True,True,True,-0.2709985055012636,-1.1707297490211204,0.5348989800798942,-102.0
v200_s3_p30,200,0.3,h3,1,2.0381312582610485,2.0228818912546003,2.6206655830028467,1.2613206669921055,True,True,255.0,153.0,True,True,True,-0.015249367006448189,-1.3593449160107411,0.4812978333339433,-102.0
v200_s3_p30,200,0.3,h3,2,1.9320905063499207,2.1076834204926262,2.6528774579637684,1.3439804999507032,True,True,255.0,153.0,True,True,True,0.1755929141427055,-1.3088969580130652,0.5066123562986898,-102.0
v200_s3_p30,200,0.3,h3,3,2.070196722105637,1.9921341364874572,2.5707824579440057,1.2126510419766419,True,True,255.0,153.0,True,True,True,-0.07806258561818002,-1.3581314159673639,0.47170503993031937,-102.0
v200_s3_p30,200,0.3,h3,4,2.113353025971054,2.013015455666141,2.509056916984264,1.3295917920186184,True,True,255.0,153.0,True,True,True,-0.10033757030491275,-1.1794651249656454,0.529916951272954,-102.0
v200_s3_p30,200,0.3,h4,0,2.2377521137174945,2.166739745890644,6.481431916006841,3.1317445000167936,True,True,135.0,110.0,True,True,True,-0.07101236782685039,-3.349687415990047,0.48318713219566406,-25.0
v200_s3_p30,200,0.3,h4,1,2.057720286345666,2.1337853581824,6.251003208046313,3.325740250002127,True,True,121.0,110.0,True,True,True,0.07606507183673372,-2.9252629580441862,0.5320330416278178,-11.0
v200_s3_p30,200,0.3,h4,2,2.2673839783114267,2.0904313718573544,6.605300082999747,3.1817028340301476,True,True,145.0,101.0,True,True,True,-0.1769526064540723,-3.4235972489695996,0.48168936975611276,-44.0
v200_s3_p30,200,0.3,h4,3,2.2009803801980636,2.0914394163791212,6.36546137498226,3.1587959169992246,True,True,145.0,106.0,True,True,True,-0.1095409638189424,-3.2066654579830356,0.49623990012947455,-39.0
v200_s3_p30,200,0.3,h4,4,,2.0189340120465,6.052816916024312,3.10905524995178,True,True,121.0,104.0,False,True,False,,-2.9437616660725325,0.5136542692578101,-17.0
v200_s3_p30,200,0.3,h2+3,0,2.2199874088477323,2.0090732792244084,2.737883167050313,1.3642769169528037,True,True,255.0,153.0,True,True,True,-0.2109141296233239,-1.3736062500975095,0.4982962506842911,-102.0
v200_s3_p30,200,0.3,h2+3,1,2.0791959439127172,2.068633634995719,2.740398042020388,1.3746307920082472,True,True,255.0,153.0,True,True,True,-0.010562308916998386,-1.3657672500121407,0.5016171997389057,-102.0
v200_s3_p30,200,0.3,h2+3,2,2.1281300165350223,2.007657916591442,2.763230791024398,1.3657402499811724,True,True,255.0,153.0,True,True,True,-0.12047209994358044,-1.3974905410432257,0.4942548608018582,-102.0
v200_s3_p30,200,0.3,h2+3,3,2.091486082629969,1.955251628062857,2.5869654580019414,1.3488377920002677,True,True,255.0,153.0,True,True,True,-0.13623445456711192,-1.2381276660016738,0.5213976815299461,-102.0
v200_s3_p30,200,0.3,h2+3,4,2.0324071268660497,1.991672828111502,2.613058333983645,1.39773037499981,True,True,255.0,153.0,True,True,True,-0.040734298754547815,-1.2153279589838348,0.534902094156065,-102.0
v200_s3_p30,200,0.3,h2+3+4,0,2.2328801679223127,2.023673637584961,7.835343333019409,3.8794960420345888,True,True,137.0,111.0,True,True,True,-0.20920653033735181,-3.9558472909848206,0.4951277662187134,-26.0
v200_s3_p30,200,0.3,h2+3+4,1,2.1525869180890114,2.114429382135401,7.358034375007264,4.208377999952063,True,True,123.0,111.0,True,True,True,-0.03815753595361038,-3.1496563750552014,0.5719432372110803,-12.0
v200_s3_p30,200,0.3,h2+3+4,2,2.2286209043249983,2.113395976185973,7.860580333974212,3.950089249992743,True,True,147.0,102.0,True,True,True,-0.11522492813902518,-3.9104910839814693,0.5025187813322209,-45.0
v200_s3_p30,200,0.3,h2+3+4,3,2.143139953449564,2.109422602841612,7.6689734169631265,3.9500746660050936,True,True,147.0,107.0,True,True,True,-0.03371735060795178,-3.718898750958033,0.5150721551945739,-40.0
v200_s3_p30,200,0.3,h2+3+4,4,2.29577542868512,2.0561551409629497,7.468636625038926,3.8268319159979,True,True,123.0,105.0,True,True,True,-0.23962028772217048,-3.6418047090410255,0.5123869466574772,-18.0
v200_s3_p50,200,0.5,h2,0,,2.4969485406922156,1.5939465829869732,0.33873229200253263,True,True,214.0,51.0,False,True,False,,-1.2552142909844406,0.21251169619986002,-163.0
v200_s3_p50,200,0.5,h2,1,,2.396536672902136,1.6399278750177473,0.3703028329764493,True,True,214.0,51.0,False,True,False,,-1.269625042041298,0.22580434092105536,-163.0
v200_s3_p50,200,0.5,h2,2,2.7311537681468696,2.487930056141529,1.6786157080205157,0.38129766698693857,True,True,214.0,51.0,True,True,True,-0.24322371200534043,-1.2973180410335772,0.2271500648808884,-163.0
v200_s3_p50,200,0.5,h2,3,,2.472034680819956,1.570033083029557,0.3444535000016913,True,True,214.0,51.0,False,True,False,,-1.2255795830278657,0.21939251072151242,-163.0
v200_s3_p50,200,0.5,h2,4,,2.2183928682205742,1.5891427920432761,0.32961950002936646,True,True,214.0,51.0,False,True,False,,-1.2595232920139097,0.20741968668879074,-163.0
v200_s3_p50,200,0.5,h3,0,2.543724846146396,2.450582588468346,1.7993242500233464,0.4057407089858316,True,True,214.0,51.0,True,True,True,-0.09314225767805029,-1.3935835410375148,0.2254961600059395,-163.0
v200_s3_p50,200,0.5,h3,1,2.6583089753955873,2.2946765181929263,1.7805302499909885,0.4657922920305282,True,True,214.0,51.0,True,True,True,-0.363632457202661,-1.3147379579604603,0.26160313313008055,-163.0
v200_s3_p50,200,0.5,h3,2,,2.3914837359879066,1.665122541016899,0.45824495796114206,True,True,214.0,51.0,False,True,False,,-1.206877583055757,0.2752019426037494,-163.0
v200_s3_p50,200,0.5,h3,3,,2.3433295114588426,1.7230511670350097,0.4494361250544898,True,True,214.0,51.0,False,True,False,,-1.27361504198052,0.26083736435283583,-163.0
v200_s3_p50,200,0.5,h3,4,2.88095865892881,2.4324201380506407,1.7155822080094367,0.41422824998153374,True,True,214.0,51.0,True,True,True,-0.44853852087816914,-1.301353958027903,0.24145053967548213,-163.0
v200_s3_p50,200,0.5,h4,0,,2.4509822949315683,3.8219053330249153,0.6982465829933062,True,True,113.0,28.0,False,True,False,,-3.123658750031609,0.18269593884489715,-85.0
v200_s3_p50,200,0.5,h4,1,,2.439511295064297,3.748025958018843,0.6831738749751821,True,True,128.0,28.0,False,True,False,,-3.064852083043661,0.182275651937133,-100.0
v200_s3_p50,200,0.5,h4,2,,2.4529929483052317,3.9365189590025693,0.6894330839859322,True,True,113.0,28.0,False,True,False,,-3.247085875016637,0.17513775271150223,-85.0
v200_s3_p50,200,0.5,h4,3,,2.439511295064297,3.7587434999877587,0.7064355419715866,True,True,113.0,28.0,False,True,False,,-3.052307958016172,0.1879445995646916,-85.0
v200_s3_p50,200,0.5,h4,4,,2.441521948437962,3.8084600839647464,0.6722139580524527,True,True,128.0,28.0,False,True,False,,-3.136246125912294,0.17650544924515876,-100.0
v200_s3_p50,200,0.5,h2+3,0,2.70281777818461,2.4848080365296505,1.8135911660501733,0.456673167005647,True,True,214.0,51.0,True,True,True,-0.21800974165495957,-1.3569179990445264,0.25180601645752226,-163.0
v200_s3_p50,200,0.5,h2+3,1,,2.3689355724934087,1.7224867079639807,0.4870285000069998,True,True,214.0,51.0,False,True,False,,-1.235458207956981,0.2827473197646203,-163.0
v200_s3_p50,200,0.5,h2+3,2,2.4521531143995334,2.447077452322036,1.908573458029423,0.4361151249613613,True,True,214.0,51.0,True,True,True,-0.005075662077497434,-1.4724583330680616,0.2285031907609385,-163.0
v200_s3_p50,200,0.5,h2+3,3,3.240700160645946,2.4902170334591744,1.8033157500321977,0.47172487498028204,True,True,214.0,51.0,True,True,True,-0.7504831271867713,-1.3315908750519156,0.26158750899384065,-163.0
v200_s3_p50,200,0.5,h2+3,4,2.772971572582598,2.416548560531074,1.787356875021942,0.4539396250038408,True,True,214.0,51.0,True,True,True,-0.3564230120515237,-1.3334172500181012,0.2539725733274549,-163.0
v200_s3_p50,200,0.5,h2+3+4,0,,2.441521948437962,4.494037125026807,0.8143622920033522,True,True,113.0,29.0,False,True,False,,-3.679674833023455,0.18120951593128962,-84.0
v200_s3_p50,200,0.5,h2+3+4,1,,2.439511295064296,4.579484957968816,0.8993020829511806,True,True,128.0,29.0,False,True,False,,-3.6801828750176355,0.19637624999429126,-99.0
v200_s3_p50,200,0.5,h2+3+4,2,,2.444884595669582,4.634573125047609,0.8381113330251537,True,True,113.0,29.0,False,True,False,,-3.7964617920224555,0.18083894900601966,-84.0
v200_s3_p50,200,0.5,h2+3+4,3,,2.441521948437962,4.552474834024906,0.8157960419775918,True,True,113.0,29.0,False,True,False,,-3.7366787920473143,0.17919836390536073,-84.0
v200_s3_p50,200,0.5,h2+3+4,4,,2.444500646842798,4.645047041994985,0.8125757499947213,True,True,128.0,29.0,False,True,False,,-3.832471292000264,0.17493380425394592,-99.0
v200_s4_p0,200,0.0,h2,0,1.2521351934972098,1.2464980515474606,7.115606540988665,6.954264291038271,True,True,364.0,360.0,True,True,True,-0.00563714194974918,-0.16134224995039403,0.9773255801847671,-4.0
v200_s4_p0,200,0.0,h2,1,1.2506534691872822,1.2569885087465604,7.226112625037786,7.099204249971081,True,True,364.0,360.0,True,True,True,0.006335039559278277,-0.12690837506670505,0.9824375315398518,-4.0
v200_s4_p0,200,0.0,h2,2,1.2527664794756375,1.2543088617364426,7.325097416993231,7.182402250007726,True,True,364.0,360.0,True,True,True,0.001542382260805164,-0.14269516698550433,0.9805196902017342,-4.0
v200_s4_p0,200,0.0,h2,3,1.2471961754081782,1.2516667045011423,7.08321687503485,6.999946583004203,True,True,364.0,360.0,True,True,True,0.004470529092964082,-0.0832702920306474,0.9882440007838617,-4.0
v200_s4_p0,200,0.0,h2,4,1.2624736474141314,1.2538489759075866,7.136092875036411,6.9636204579728656,True,True,364.0,360.0,True,True,True,-0.008624671506544779,-0.17247241706354544,0.9758309736036521,-4.0
v200_s4_p0,200,0.0,h3,0,1.265935009912863,1.3259023939576637,11.514471625036094,11.811976582976058,True,True,161.0,138.0,True,True,True,0.05996738404480073,0.2975049579399638,1.0258374823985057,-23.0
v200_s4_p0,200,0.0,h3,1,1.2941367239943369,1.3005826913841578,13.26888616697397,11.585242707980797,True,True,159.0,146.0,True,True,True,0.00644596738982095,-1.6836434589931741,0.8731134295820749,-13.0
v200_s4_p0,200,0.0,h3,2,1.3193873627018544,1.3074204591501868,12.208219083026052,12.634874708019197,True,True,154.0,119.0,True,True,True,-0.01196690355166763,0.42665562499314547,1.0349482280823707,-35.0
v200_s4_p0,200,0.0,h3,3,1.3110534487951064,1.299127610500798,13.336367375042755,12.104337957978714,True,True,169.0,160.0,True,True,True,-0.011925838294308377,-1.232029417064041,0.907618815347752,-9.0
v200_s4_p0,200,0.0,h3,4,1.2816534048741124,1.3176501031224137,12.542063082975801,11.69177158299135,True,True,159.0,146.0,True,True,True,0.03599669824830132,-0.8502914999844506,0.932204813964091,-13.0
v200_s4_p0,200,0.0,h4,0,1.3534605955816643,1.3665557787266303,15.291225082997698,16.755033041990828,True,True,161.0,153.0,True,True,True,0.013095183144965938,1.4638079589931294,1.0957286254729672,-8.0
v200_s4_p0,200,0.0,h4,1,1.3568074977410212,1.3520379727967946,15.258194708032534,15.581769499985967,True,True,174.0,150.0,True,True,True,-0.004769524944226555,0.3235747919534333,1.0212066235976849,-24.0
v200_s4_p0,200,0.0,h4,2,1.3293350323673496,1.354445476461818,16.8025938749779,16.200804457999766,True,True,186.0,129.0,True,True,True,0.025110444094468276,-0.6017894169781357,0.9641847311518783,-57.0
v200_s4_p0,200,0.0,h4,3,1.347748774421421,1.3609753423750262,16.229512416990474,17.135974082979374,True,True,153.0,144.0,True,True,True,0.013226567953605217,0.9064616659888998,1.0558526739866774,-9.0
v200_s4_p0,200,0.0,h4,4,1.3463121311077408,1.3455249560847808,15.775601291970816,14.539219291997142,True,True,189.0,150.0,True,True,True,-0.0007871750229599961,-1.2363819999736734,0.9216269492939743,-39.0
v200_s4_p0,200,0.0,h2+3,0,1.2825671118918085,1.3330896163372143,12.260795459034853,12.414977915992495,True,True,161.0,138.0,True,True,True,0.05052250444540585,0.154182456957642,1.0125752409354507,-23.0
v200_s4_p0,200,0.0,h2+3,1,1.3223391120144856,1.3183836981405688,13.984219667036086,12.37626645900309,True,True,159.0,146.0,True,True,True,-0.0039554138739168465,-1.6079532080329955,0.8850165939667483,-13.0
v200_s4_p0,200,0.0,h2+3,2,1.31452977596134,1.316339477299475,12.843597333005164,13.409464083961211,True,True,154.0,119.0,True,True,True,0.0018097013381350724,0.5658667509560473,1.0440582755971255,-35.0
v200_s4_p0,200,0.0,h2+3,3,1.3000089387862386,1.306277651763595,13.927959083986934,12.87675404199399,True,True,169.0,160.0,True,True,True,0.006268712977356428,-1.0512050419929437,0.9245255506816127,-9.0
v200_s4_p0,200,0.0,h2+3,4,1.2885270084334879,1.3128703995058773,13.294842791976407,12.40155233402038,True,True,159.0,146.0,True,True,True,0.024343391072389364,-0.8932904579560272,0.9328092500277523,-13.0
v200_s4_p0,200,0.0,h2+3+4,0,1.354898902915221,1.3693084968363738,16.99440287501784,18.92430566600524,True,True,161.0,153.0,True,True,True,0.014409593921152819,1.9299027909873985,1.1135610827388587,-8.0
v200_s4_p0,200,0.0,h2+3+4,1,1.3773592296127035,1.3476831140493724,17.367553083982784,17.825502250052523,True,True,174.0,150.0,True,True,True,-0.029676115563331162,0.45794916606973857,1.0263680878852233,-24.0
v200_s4_p0,200,0.0,h2+3+4,2,1.3294584491245713,1.349546738468202,18.739027334027924,18.230670707998797,True,True,186.0,129.0,True,True,True,0.020088289343630716,-0.5083566260291263,0.9728717709319945,-57.0
v200_s4_p0,200,0.0,h2+3+4,3,1.3477287335412234,1.3589752512109567,18.391336583998054,19.101641417015344,True,True,153.0,144.0,True,True,True,0.011246517669733391,0.7103048330172896,1.0386217080946314,-9.0
v200_s4_p0,200,0.0,h2+3+4,4,1.3522907598180807,1.3555487773698989,18.012004458985757,16.656424499989953,True,True,189.0,150.0,True,True,True,0.003258017551818204,-1.3555799589958042,0.9247401941253941,-39.0
v200_s4_p10,200,0.1,h2,0,1.3910674836678654,1.4020215181469804,5.886814167024568,4.660892291984055,True,True,328.0,300.0,True,True,True,0.010954034479115027,-1.2259218750405125,0.7917512188668013,-28.0
v200_s4_p10,200,0.1,h2,1,1.400352245191971,1.3900800510929248,5.851428791007493,4.430059292004444,True,True,328.0,300.0,True,True,True,-0.010272194099046228,-1.421369499003049,0.7570901826255807,-28.0
v200_s4_p10,200,0.1,h2,2,1.391099337100448,1.3842849892258267,5.9466667079832405,4.685988583019935,True,True,328.0,300.0,True,True,True,-0.006814347874621429,-1.260678124963306,0.7880025589342549,-28.0
v200_s4_p10,200,0.1,h2,3,1.3942013488775642,1.3873082944352624,5.801763958006632,4.390097416995559,True,True,328.0,300.0,True,True,True,-0.006893054442301816,-1.4116665410110727,0.7566832171683019,-28.0
v200_s4_p10,200,0.1,h2,4,1.3878947523808132,1.3843879756040123,5.798756667005364,4.623143790988252,True,True,328.0,300.0,True,True,True,-0.0035067767768008906,-1.1756128760171123,0.7972646649054459,-28.0
v200_s4_p10,200,0.1,h3,0,1.4352956312882794,1.4151811768478164,9.638651083980221,9.666843332990538,True,True,167.0,170.0,True,True,True,-0.020114454440463003,0.028192249010317028,1.0029249164395186,3.0
v200_s4_p10,200,0.1,h3,1,1.4249727596228818,1.4354427748565806,11.435422917013057,8.905649334017653,True,True,155.0,145.0,True,True,True,0.010470015233698726,-2.5297735829954036,0.7787774355741813,-10.0
v200_s4_p10,200,0.1,h3,2,1.4061268454725855,1.4278786105738004,12.090389999968465,8.750350958027411,True,True,174.0,159.0,True,True,True,0.021751765101214904,-3.340039041941054,0.7237443091620894,-15.0
v200_s4_p10,200,0.1,h3,3,1.4161879453548625,1.3927819196140305,9.594750040967483,8.589997541042976,True,True,159.0,112.0,True,True,True,-0.02340602574083195,-1.004752499924507,0.8952810135090092,-47.0
v200_s4_p10,200,0.1,h3,4,1.3910144071962567,1.421270270774655,9.388872166979127,9.333897000004072,True,True,162.0,158.0,True,True,True,0.030255863578398268,-0.05497516697505489,0.9941446463433166,-4.0
v200_s4_p10,200,0.1,h4,0,1.4177276566785104,1.4102465251023049,10.391786749998573,9.605104624992236,True,True,133.0,195.0,True,True,True,-0.0074811315762055575,-0.7866821250063367,0.9242977031830985,62.0
v200_s4_p10,200,0.1,h4,1,1.450341096526818,1.4446277974794506,10.949506583041511,10.234835791052319,True,True,170.0,174.0,True,True,True,-0.005713299047367393,-0.7146707919891924,0.934730319894408,4.0
v200_s4_p10,200,0.1,h4,2,1.409731978937459,1.4462522191810658,10.688170541019645,9.713685333030298,True,True,139.0,139.0,True,True,True,0.036520240243606894,-0.9744852079893462,0.9088258178282791,0.0
v200_s4_p10,200,0.1,h4,3,1.4428683158040905,1.4029843637825503,10.870368167001288,10.072899041988421,True,True,161.0,174.0,True,True,True,-0.03988395202154016,-0.7974691250128672,0.9266382598306366,13.0
v200_s4_p10,200,0.1,h4,4,1.4423101922382278,1.4331007353493468,11.226622582995333,9.629649250011425,True,True,140.0,190.0,True,True,True,-0.009209456888880974,-1.5969733329839073,0.8577512229365579,50.0
v200_s4_p10,200,0.1,h2+3,0,1.4503163249681148,1.3899549004766047,10.39452849997906,10.578096250013914,True,True,167.0,170.0,True,True,True,-0.06036142449151005,0.18356775003485382,1.0176600362426467,3.0
v200_s4_p10,200,0.1,h2+3,1,1.4117506634364103,1.4033423589654372,12.266626416996587,9.570839874970261,True,True,155.0,145.0,True,True,True,-0.008408304470973071,-2.695786542026326,0.7802340716685514,-10.0
v200_s4_p10,200,0.1,h2+3,2,1.415375784926674,1.4073998667088663,12.985406291030813,9.44703166600084,True,True,174.0,159.0,True,True,True,-0.007975918217807632,-3.5383746250299737,0.7275114427898975,-15.0
v200_s4_p10,200,0.1,h2+3,3,1.3829645856162651,1.4056669433319773,10.372161334031262,9.29086562502198,True,True,159.0,112.0,True,True,True,0.022702357715712163,-1.0812957090092823,0.8957502034352735,-47.0
v200_s4_p10,200,0.1,h2+3,4,1.4084077780260087,1.4211016539226835,10.220267583034001,10.065877999993972,True,True,162.0,158.0,True,True,True,0.012693875896674811,-0.1543895830400288,0.9848937826934864,-4.0
v200_s4_p10,200,0.1,h2+3+4,0,1.4057889828779149,1.4119403177343126,12.185843167011626,11.581396124965977,True,True,133.0,196.0,True,True,True,0.006151334856397739,-0.6044470420456491,0.9503976020566265,63.0
v200_s4_p10,200,0.1,h2+3+4,1,1.4191052159150284,1.4214897335001997,12.850401083996985,12.13059695798438,True,True,170.0,174.0,True,True,True,0.0023845175851713307,-0.7198041260126047,0.9439858630631381,4.0
v200_s4_p10,200,0.1,h2+3+4,2,1.4252338391530466,1.446175739625904,12.689544459048193,11.391096916049719,True,True,139.0,140.0,True,True,True,0.02094190047285749,-1.298447542998474,0.8976757954401882,1.0
v200_s4_p10,200,0.1,h2+3+4,3,1.4318275223777115,1.4329013701161315,12.781081499997526,11.739413624978624,True,True,161.0,175.0,True,True,True,0.0010738477384200085,-1.0416678750189021,0.9184992385019136,14.0
v200_s4_p10,200,0.1,h2+3+4,4,1.4393926080972372,1.413250974359984,13.10771845804993,11.683750374999363,True,True,141.0,191.0,True,True,True,-0.02614163373725331,-1.4239680830505677,0.8913641540587061,50.0
v200_s4_p30,200,0.3,h2,0,,2.2221506253805594,1.7907724579563364,0.8561858750181273,True,True,255.0,152.0,False,True,False,,-0.9345865829382092,0.47810980742646825,-103.0
v200_s4_p30,200,0.3,h2,1,2.8348057217731153,,1.817274333036039,0.7771136250230484,True,True,255.0,152.0,True,False,False,,-1.0401607080129907,0.42762592906089164,-103.0
v200_s4_p30,200,0.3,h2,2,,2.6049319860597344,1.7132667920086533,0.9032494999701157,True,True,255.0,152.0,False,True,False,,-0.8100172920385376,0.5272088995031158,-103.0
v200_s4_p30,200,0.3,h2,3,,,1.7748797080130316,0.778856250050012,True,True,255.0,152.0,False,False,False,,-0.9960234579630196,0.43882199257432347,-103.0
v200_s4_p30,200,0.3,h2,4,,,1.7189602500293404,0.8104117920156568,True,True,255.0,152.0,False,False,False,,-0.9085484580136836,0.4714546435857514,-103.0
v200_s4_p30,200,0.3,h3,0,2.1754365733403995,2.2839889124461252,2.2400318749714643,3.08789829100715,True,True,255.0,81.0,True,True,True,0.1085523391057257,0.8478664160356857,1.3785064067655228,-174.0
v200_s4_p30,200,0.3,h3,1,,2.188446476857442,2.0509408750222065,3.002627291949466,True,True,255.0,78.0,False,True,False,,0.9516864169272594,1.4640243063647338,-177.0
v200_s4_p30,200,0.3,h3,2,2.200575998281321,2.2504167079653365,2.2709359169821255,3.0487967919907533,True,True,255.0,76.0,True,True,True,0.04984070968401566,0.7778608750086278,1.3425287649870528,-179.0
v200_s4_p30,200,0.3,h3,3,2.221100332917071,2.217364067778827,2.1003553330083378,2.9696503750164993,True,True,255.0,76.0,True,True,True,-0.0037362651382442102,0.8692950420081615,1.4138799889459994,-179.0
v200_s4_p30,200,0.3,h3,4,2.379014465805272,2.2892188791562114,2.186849749996327,2.7800205830135383,True,True,255.0,74.0,True,True,True,-0.08979558664906051,0.5931708330172114,1.271244438726624,-181.0
v200_s4_p30,200,0.3,h2+3,0,2.324758237939835,2.223404432059279,2.323363750008866,3.4465569170424715,True,True,255.0,81.0,True,True,True,-0.10135380588055609,1.1231931670336053,1.4834340584978651,-174.0
v200_s4_p30,200,0.3,h2+3,1,2.3469054789168506,2.192386754781739,2.2458175829960965,3.251022957963869,True,True,255.0,78.0,True,True,True,-0.1545187241351118,1.0052053749677725,1.4475899479007328,-177.0
v200_s4_p30,200,0.3,h2+3,2,2.2351339172566655,2.1794940075275986,2.402734625036828,3.353187416039873,True,True,255.0,76.0,True,True,True,-0.05563990972906696,0.9504527910030447,1.3955712716249205,-179.0
v200_s4_p30,200,0.3,h2+3,3,2.228136947509201,2.2078144970575546,2.3827767089824192,3.28357283299556,True,True,255.0,76.0,True,True,True,-0.02032245045164638,0.9007961240131408,1.37804470751178,-179.0
v200_s4_p30,200,0.3,h2+3,4,,2.394633750710533,2.1696769170230255,3.0535002080141567,True,True,255.0,74.0,False,True,False,,0.8838232909911312,1.4073524883160067,-181.0
v200_s4_p50,200,0.5,h2,0,,3.036781137596053,1.393863000033889,0.32868441700702533,True,True,215.0,53.0,False,True,False,,-1.0651785830268636,0.23580826594796908,-162.0
v200_s4_p50,200,0.5,h2,1,,2.918552261100632,1.3456286250147969,0.39262745901942253,True,True,215.0,53.0,False,True,False,,-0.9530011659953743,0.2917799545287654,-162.0
v200_s4_p50,200,0.5,h2,2,,2.5316192228795864,1.3649682499817573,0.37917191605083644,True,True,215.0,53.0,False,True,False,,-0.9857963339309208,0.2777880848553833,-162.0
v200_s4_p50,200,0.5,h2,3,,,1.3354269160190597,0.3344239169964567,True,True,215.0,53.0,False,False,False,,-1.001002999022603,0.25042472409750627,-162.0
v200_s4_p50,200,0.5,h2,4,,2.7907451371883387,1.3085289999726228,0.34588087495649233,True,True,215.0,53.0,False,True,False,,-0.9626481250161305,0.2643280163937741,-162.0
v200_s4_p50,200,0.5,h3,0,,2.945074334383898,1.4825880419812165,0.4369610410067253,True,True,215.0,53.0,False,True,False,,-1.0456270009744912,0.2947285615650887,-162.0
v200_s4_p50,200,0.5,h3,1,,2.9631234715553565,1.4075905839563347,0.4671170419896953,True,True,215.0,53.0,False,True,False,,-0.9404735419666395,0.33185575927679395,-162.0
v200_s4_p50,200,0.5,h3,2,3.1070189629512748,2.6651761854462945,1.5263447919860482,0.4571446669870056,True,True,215.0,53.0,True,True,True,-0.44184277750498024,-1.0692001249990426,0.2995028838747361,-162.0
v200_s4_p50,200,0.5,h3,3,2.563195323375673,2.650605610590302,1.5110040830331855,0.4426479579997249,True,True,215.0,53.0,True,True,True,0.08741028721462918,-1.0683561250334606,0.2929495445910077,-162.0
v200_s4_p50,200,0.5,h3,4,2.837016398026011,2.914460502172507,1.4910909999744035,0.43718370801070705,True,True,215.0,53.0,True,True,True,0.07744410414649616,-1.0539072919636965,0.2931972012561352,-162.0
v200_s4_p50,200,0.5,h2+3,0,,2.6453730984736703,1.5302607920020819,0.48027333401842043,True,True,215.0,53.0,False,True,False,,-1.0499874579836614,0.31385064332078044,-162.0
v200_s4_p50,200,0.5,h2+3,1,,2.5861298859676416,1.5074886250076815,0.45367545797489583,True,True,215.0,53.0,False,True,False,,-1.0538131670327857,0.3009478482615974,-162.0
v200_s4_p50,200,0.5,h2+3,2,,2.5853072522162712,1.5951120000099763,0.4485557500156574,True,True,215.0,53.0,False,True,False,,-1.146556249994319,0.281206429399849,-162.0
v200_s4_p50,200,0.5,h2+3,3,,2.8675457761527237,1.4687914590467699,0.4604771250160411,True,True,215.0,53.0,False,True,False,,-1.0083143340307288,0.313507490923787,-162.0
v200_s4_p50,200,0.5,h2+3,4,,2.9660376384253326,1.5317030840087682,0.4883297079941258,True,True,215.0,53.0,False,True,False,,-1.0433733760146424,0.3188148624184205,-162.0
v200_s5_p0,200,0.0,h2,0,1.2572340622335727,1.2542963092419774,7.136019249970559,7.007326999970246,True,True,364.0,360.0,True,True,True,-0.002937752991595266,-0.12869225000031292,0.9819658207899532,-4.0
v200_s5_p0,200,0.0,h2,1,1.2527369780551563,1.2602306962969971,7.214708667015657,7.140028249996249,True,True,364.0,360.0,True,True,True,0.007493718241840863,-0.0746804170194082,0.9896488658841024,-4.0
v200_s5_p0,200,0.0,h2,2,1.246971394236276,1.2601300874505272,7.3677100840141065,7.269739874987863,True,True,364.0,360.0,True,True,True,0.013158693214251338,-0.09797020902624354,0.9867027600286808,-4.0
v200_s5_p0,200,0.0,h2,3,1.24086537794349,1.2580647550447397,7.152897082967684,6.937513665994629,True,True,364.0,360.0,True,True,True,0.017199377101249747,-0.2153834169730544,0.9698886458906392,-4.0
v200_s5_p0,200,0.0,h2,4,1.250279133689064,1.2529897673177146,7.238174666010309,6.890480624977499,True,True,364.0,360.0,True,True,True,0.0027106336286506494,-0.34769404103280976,0.9519638504075422,-4.0
v200_s5_p0,200,0.0,h3,0,1.3220665532886218,1.3019375321832813,12.006949750008062,11.514176124997903,True,True,150.0,149.0,True,True,True,-0.020129021105340428,-0.49277362501015887,0.9589592997996991,-1.0
v200_s5_p0,200,0.0,h3,1,1.3024773041404847,1.308466577331424,12.022151875018608,11.624450291972607,True,True,152.0,155.0,True,True,True,0.005989273190939226,-0.39770158304600045,0.9669192680993822,3.0
v200_s5_p0,200,0.0,h3,2,1.3068566327707767,1.309720895429327,12.215339249989484,11.523758583003655,True,True,151.0,141.0,True,True,True,0.0028642626585502207,-0.6915806669858284,0.9433842439548763,-10.0
v200_s5_p0,200,0.0,h3,3,1.317494857758004,1.328037515667967,12.503400166984648,11.20891483296873,True,True,121.0,129.0,True,True,True,0.010542657909963005,-1.294485334015917,0.8964693350026485,8.0
v200_s5_p0,200,0.0,h3,4,1.29501863333774,1.3271256292528801,12.381140874989796,10.841795583954081,True,True,156.0,115.0,True,True,True,0.0321069959151401,-1.5393452910357155,0.8756701578167784,-41.0
v200_s5_p0,200,0.0,h4,0,1.361267883315281,1.345318253674386,16.251885375007987,18.60533716599457,True,True,164.0,152.0,True,True,True,-0.01594962964089497,2.3534517909865826,1.1448110011042596,-12.0
v200_s5_p0,200,0.0,h4,1,1.373419779741803,1.3591046291129278,15.127404208004009,17.18389320903225,True,True,146.0,129.0,True,True,True,-0.014315150628875228,2.0564890010282397,1.1359446057467109,-17.0
v200_s5_p0,200,0.0,h4,2,1.3541760275810613,1.3455033774096403,15.544527582998853,15.796049375028815,True,True,174.0,142.0,True,True,True,-0.008672650171420937,0.25152179202996194,1.0161807292429428,-32.0
v200_s5_p0,200,0.0,h4,3,1.3556991955354802,1.3595879607454018,15.367797459010035,18.446865542035084,True,True,182.0,117.0,True,True,True,0.003888765209921541,3.0790680830250494,1.2003584502748514,-65.0
v200_s5_p0,200,0.0,h4,4,1.3438815816849117,1.3560646276249713,14.451930709008593,18.317685750022065,True,True,187.0,117.0,True,True,True,0.01218304594005959,3.865755041013472,1.267490560178493,-70.0
v200_s5_p0,200,0.0,h2+3,0,1.3119464969163834,1.2994321469634844,12.785091749974526,12.153300791978836,True,True,150.0,149.0,True,True,True,-0.012514349952899018,-0.6317909579956904,0.9505837759829178,-1.0
v200_s5_p0,200,0.0,h2+3,1,1.3013586212590342,1.3307559477977522,12.858379083976615,12.289360042021144,True,True,152.0,155.0,True,True,True,0.02939732653871796,-0.569019041955471,0.9557472183516078,3.0
v200_s5_p0,200,0.0,h2+3,2,1.3035224645503496,1.314954097164872,12.720083167019766,12.196475625038147,True,True,151.0,141.0,True,True,True,0.011431632614522513,-0.5236075419816189,0.9588361542054055,-10.0
v200_s5_p0,200,0.0,h2+3,3,1.2976254965004423,1.3215321375653675,13.295725792006124,11.80439808301162,True,True,121.0,129.0,True,True,True,0.023906641064925127,-1.491327708994504,0.8878340504065491,8.0
v200_s5_p0,200,0.0,h2+3,4,1.3016386839918708,1.3186300929759593,13.249325708020478,11.54362970800139,True,True,156.0,115.0,True,True,True,0.016991408984088574,-1.7056960000190884,0.8712616749253477,-41.0
v200_s5_p0,200,0.0,h2+3+4,0,1.35634066618698,1.3439060311511388,18.352457375032827,20.534671542001888,True,True,164.0,152.0,True,True,True,-0.01243463503584108,2.182214166969061,1.1189058294687992,-12.0
v200_s5_p0,200,0.0,h2+3+4,1,1.3661104481068904,1.3470289847563928,17.538877084036358,19.650164459017105,True,True,146.0,129.0,True,True,True,-0.01908146335049765,2.1112873749807477,1.1203775683508503,-17.0
v200_s5_p0,200,0.0,h2+3+4,2,1.358504488545473,1.3493317913016951,17.81956158403773,17.763770082965493,True,True,174.0,142.0,True,True,True,-0.009172697243777783,-0.055791501072235405,0.9968690867724708,-32.0
v200_s5_p0,200,0.0,h2+3+4,3,1.3724541257252412,1.3551470391914604,17.56713104096707,20.46595362504013,True,True,182.0,117.0,True,True,True,-0.01730708653378077,2.8988225840730593,1.165014001279601,-65.0
v200_s5_p0,200,0.0,h2+3+4,4,1.346879005510219,1.3522179820105893,16.55430845898809,20.481631625036243,True,True,187.0,117.0,True,True,True,0.005338976500370185,3.9273231660481542,1.237238733093428,-70.0
v200_s5_p10,200,0.1,h2,0,1.3924681283760276,1.4130894161242322,6.069495624979027,5.00628820899874,True,True,328.0,304.0,True,True,True,0.020621287748204598,-1.063207415980287,0.8248277152380415,-24.0
v200_s5_p10,200,0.1,h2,1,1.4166612368152882,1.4035914194527632,5.873807542026043,4.930160833988339,True,True,328.0,304.0,True,True,True,-0.013069817362524994,-0.9436467080377042,0.8393466756807947,-24.0
v200_s5_p10,200,0.1,h2,2,1.409434286447077,1.3865808266923847,5.947183416981716,5.140302791027352,True,True,328.0,304.0,True,True,True,-0.02285345975469233,-0.8068806259543635,0.8643255858478521,-24.0
v200_s5_p10,200,0.1,h2,3,1.4103653113518606,1.4112928983291348,5.906843791017309,5.08399662503507,True,True,328.0,304.0,True,True,True,0.0009275869772742418,-0.822847165982239,0.860695966391804,-24.0
v200_s5_p10,200,0.1,h2,4,1.3854765521685886,1.4237788503200113,6.07733941701008,4.593570582976099,True,True,328.0,304.0,True,True,True,0.03830229815142272,-1.483768834033981,0.7558522352921399,-24.0
v200_s5_p10,200,0.1,h3,0,1.4140182772363001,1.3905332732406874,8.283649332995992,8.629429165972397,True,True,125.0,133.0,True,True,True,-0.023485003995612708,0.3457798329764046,1.0417424517958613,8.0
v200_s5_p10,200,0.1,h3,1,1.430080675820596,1.4146368071520072,8.468921958992723,9.558827541011851,True,True,136.0,156.0,True,True,True,-0.015443868668588712,1.089905582019128,1.1286947249362491,20.0
v200_s5_p10,200,0.1,h3,2,1.402592118646801,1.3968085809376896,8.067104874993674,7.234607124992181,True,True,128.0,139.0,True,True,True,-0.0057835377091113305,-0.8324977500014938,0.8968034055709302,11.0
v200_s5_p10,200,0.1,h3,3,1.441964265004538,1.3981183627826053,11.849086500005797,7.154488749976736,True,True,158.0,139.0,True,True,True,-0.04384590222193263,-4.694597750029061,0.6038008710606708,-19.0
v200_s5_p10,200,0.1,h3,4,1.3959772483887813,1.4255161404980263,7.54085849999683,8.076580749999266,True,True,148.0,148.0,True,True,True,0.029538892109244985,0.5357222500024363,1.0710426074170019,0.0
v200_s5_p10,200,0.1,h4,0,1.4440252057818732,1.426168323412181,10.338692707999144,9.728270124993287,True,True,217.0,158.0,True,True,True,-0.017856882369692295,-0.6104225830058567,0.940957469164978,-59.0
v200_s5_p10,200,0.1,h4,1,1.4369524552700161,1.4296895705452135,10.993405249959324,10.172663083008956,True,True,188.0,211.0,True,True,True,-0.007262884724802632,-0.8207421669503674,0.925342316753637,23.0
v200_s5_p10,200,0.1,h4,2,1.4052088356695083,1.3997482330865518,11.944002457952593,10.996024457970634,True,True,105.0,133.0,True,True,True,-0.005460602582956442,-0.9479779999819584,0.9206314630862477,28.0
v200_s5_p10,200,0.1,h4,3,1.3822424029236715,1.4328493082373464,10.972356624959502,9.48458687501261,True,True,181.0,189.0,True,True,True,0.050606905313674844,-1.4877697499468923,0.8644074558638962,8.0
v200_s5_p10,200,0.1,h4,4,1.3991898759479937,1.4230936878949105,10.142818375024945,10.679259209020529,True,True,141.0,141.0,True,True,True,0.02390381194691682,0.5364408339955844,1.0528887350794414,0.0
v200_s5_p10,200,0.1,h2+3,0,1.4063635533529015,1.4067721126009045,9.05462341697421,9.333600000012666,True,True,125.0,133.0,True,True,True,0.00040855924800298205,0.27897658303845674,1.030810401514377,8.0
v200_s5_p10,200,0.1,h2+3,1,1.4167776352275117,1.3964557055980045,9.11934629199095,10.256248500023503,True,True,136.0,156.0,True,True,True,-0.020321929629507185,1.1369022080325522,1.1246692659353263,20.0
v200_s5_p10,200,0.1,h2+3,2,1.4063750392018448,1.4110022656778138,8.729887791036163,7.819196875032503,True,True,128.0,139.0,True,True,True,0.004627226475969026,-0.9106909160036594,0.8956812575599477,11.0
v200_s5_p10,200,0.1,h2+3,3,1.434501690840349,1.3956373707106864,12.568754250009079,7.5701347499853,True,True,158.0,139.0,True,True,True,-0.038864320129662566,-4.9986195000237785,0.6022979365659753,-19.0
v200_s5_p10,200,0.1,h2+3,4,1.3926881475740458,1.419446136139717,8.188253041997086,8.640359167009592,True,True,148.0,148.0,True,True,True,0.026757988565671242,0.4521061250125058,1.0552139904194069,0.0
v200_s5_p10,200,0.1,h2+3+4,0,1.4334104300567783,1.4184125734686088,12.129825583018828,11.57375545904506,True,True,217.0,159.0,True,True,True,-0.014997856588169434,-0.5560701239737682,0.95415679144206,-58.0
v200_s5_p10,200,0.1,h2+3+4,1,1.4505664617411347,1.4375211343009557,12.537844832986593,11.920814290991984,True,True,188.0,211.0,True,True,True,-0.013045327440178944,-0.6170305419946089,0.9507865546101492,23.0
v200_s5_p10,200,0.1,h2+3+4,2,1.3981869306247101,1.397140789167657,13.559116750024259,12.877058166021015,True,True,105.0,133.0,True,True,True,-0.0010461414570530625,-0.6820585840032436,0.9496974178644768,28.0
v200_s5_p10,200,0.1,h2+3+4,3,1.4068727065643132,1.4606961463207875,12.728786874969956,10.995775249961298,True,True,181.0,190.0,True,True,True,0.0538234397564743,-1.7330116250086576,0.8638509983683934,9.0
v200_s5_p10,200,0.1,h2+3+4,4,1.4032208851715904,1.4144976090259767,12.059474290988874,12.821658957982436,True,True,142.0,141.0,True,True,True,0.011276723854386272,0.7621846669935621,1.0632021470092676,-1.0
v200_s5_p30,200,0.3,h2,0,2.099500625433426,1.9615783244529725,2.3078042920096777,0.9398455420159735,True,True,255.0,152.0,True,True,True,-0.13792230098045333,-1.3679587499937043,0.40724663927093185,-103.0
v200_s5_p30,200,0.3,h2,1,,2.1466238310527466,2.181202083011158,0.9567131670191884,True,True,255.0,152.0,False,True,False,,-1.2244889159919694,0.43861739105733943,-103.0
v200_s5_p30,200,0.3,h2,2,2.260848023738796,1.9439112237653704,2.336619499954395,1.011170958983712,True,True,255.0,152.0,True,True,True,-0.3169367999734256,-1.325448540970683,0.4327495165573374,-103.0
v200_s5_p30,200,0.3,h2,3,2.8244657277329734,2.4590780824872116,2.205697458994109,0.9451237090397626,True,True,255.0,152.0,True,True,True,-0.36538764524576184,-1.2605737499543466,0.42849199702609203,-103.0
v200_s5_p30,200,0.3,h2,4,1.871633539301716,2.026989225881991,2.2239693750161678,0.9713153750053607,True,True,255.0,152.0,True,True,True,0.15535568658027477,-1.252654000010807,0.43674853885894876,-103.0
v200_s5_p30,200,0.3,h3,0,1.9211721945906555,1.9287102922360544,8.656660459004343,1.7731292500393465,True,True,128.0,152.0,True,True,True,0.007538097645398922,-6.883531208964996,0.20482832362854225,24.0
v200_s5_p30,200,0.3,h3,1,1.9360913853579547,1.953295395207599,8.092884041019715,1.6689353749970905,True,True,139.0,152.0,True,True,True,0.01720400984964443,-6.423948666022625,0.20622257362615098,13.0
v200_s5_p30,200,0.3,h3,2,1.9816773019088656,1.9832627585835223,8.057250333018601,1.8889690000214614,True,True,139.0,152.0,True,True,True,0.0015854566746567045,-6.1682813329971395,0.23444337980669025,13.0
v200_s5_p30,200,0.3,h3,3,1.8628683208687904,1.937378231961724,8.073956792009994,1.7474418330239132,True,True,139.0,152.0,True,True,True,0.0745099110929337,-6.326514958986081,0.21642942587371602,13.0
v200_s5_p30,200,0.3,h3,4,1.844916442905054,1.9760657813442395,8.236297417024616,1.6487053749733604,True,True,145.0,152.0,True,True,True,0.13114933843918553,-6.587592042051256,0.20017555116033675,7.0
v200_s5_p30,200,0.3,h4,0,,1.9067812618066449,6.188660416984931,3.3711591659812257,True,True,149.0,132.0,False,True,False,,-2.817501251003705,0.544731644465254,-17.0
v200_s5_p30,200,0.3,h4,1,,2.0445597979665298,6.295543708023615,3.606041292019654,True,True,149.0,127.0,False,True,False,,-2.689502416003961,0.5727926703810802,-22.0
v200_s5_p30,200,0.3,h4,2,,1.9413608905383544,6.520369000034407,3.3988429159508087,True,True,149.0,124.0,False,True,False,,-3.121526084083598,0.5212654246918961,-25.0
v200_s5_p30,200,0.3,h4,3,,2.0444606218484576,6.347043042012956,3.268207999994047,True,True,149.0,127.0,False,True,False,,-3.078835042018909,0.5149182033839713,-22.0
v200_s5_p30,200,0.3,h4,4,,2.0361112195255773,6.308897208014969,3.3562304170336574,True,True,149.0,127.0,False,True,False,,-2.9526667909813114,0.5319836900765834,-22.0
v200_s5_p30,200,0.3,h2+3,0,1.886715319783684,1.8908048865133973,8.92876287503168,1.7453036250080913,True,True,128.0,152.0,True,True,True,0.00408956672971339,-7.1834592500235885,0.1954698147364451,24.0
v200_s5_p30,200,0.3,h2+3,1,2.019756407480683,1.934248233730587,8.547823582950514,1.7371372079942375,True,True,139.0,152.0,True,True,True,-0.085508173750096,-6.810686374956276,0.20322567389658472,13.0
v200_s5_p30,200,0.3,h2+3,2,1.9950669026743888,1.9522098700522883,8.795075582980644,1.7684973330469802,True,True,139.0,152.0,True,True,True,-0.0428570326221005,-7.026578249933664,0.20107812790934967,13.0
v200_s5_p30,200,0.3,h2+3,3,2.0371552088829072,1.863811917918023,8.24534391699126,1.708328208012972,True,True,139.0,152.0,True,True,True,-0.1733432909648842,-6.537015708978288,0.2071870167225655,13.0
v200_s5_p30,200,0.3,h2+3,4,1.946647180699834,1.8839227386647248,8.671217541967053,1.7303195419954136,True,True,145.0,152.0,True,True,True,-0.06272444203510918,-6.940897999971639,0.19954747226914724,7.0
v200_s5_p30,200,0.3,h2+3+4,0,,1.9185395343156846,7.578837916022167,4.047401416988578,True,True,149.0,132.0,False,True,False,,-3.531436499033589,0.5340398438172299,-17.0
v200_s5_p30,200,0.3,h2+3+4,1,,1.9620831871927928,7.621930958994199,4.376713292032946,True,True,149.0,127.0,False,True,False,,-3.2452176669612527,0.5742263103115938,-22.0
v200_s5_p30,200,0.3,h2+3+4,2,,2.1139680791996023,7.788044500048272,4.19227283296641,True,True,149.0,125.0,False,True,False,,-3.5957716670818627,0.5382959525899506,-24.0
v200_s5_p30,200,0.3,h2+3+4,3,,2.086484008437816,7.586767542001326,4.11746412498178,True,True,149.0,127.0,False,True,False,,-3.469303417019546,0.5427165261340836,-22.0
v200_s5_p30,200,0.3,h2+3+4,4,,1.955249659082937,7.715213832969312,4.154101292020641,True,True,149.0,127.0,False,True,False,,-3.5611125409486704,0.5384298325302379,-22.0
v200_s5_p50,200,0.5,h2,0,,3.1377401313023143,1.2316773339989595,0.356009749986697,True,True,214.0,52.0,False,True,False,,-0.8756675840122625,0.2890446549266431,-162.0
v200_s5_p50,200,0.5,h2,1,,2.95279951972415,1.248862000007648,0.38808537501608953,True,True,214.0,52.0,False,True,False,,-0.8607766249915585,0.3107512079106522,-162.0
v200_s5_p50,200,0.5,h2,2,,3.4165722495559523,1.2886965830111876,0.35560958296991885,True,True,214.0,52.0,False,True,False,,-0.9330870000412688,0.2759451585872884,-162.0
v200_s5_p50,200,0.5,h2,3,,3.3070879119012897,1.2531403339817189,0.3653053750167601,True,True,214.0,52.0,False,True,False,,-0.8878349589649588,0.29151194412204534,-162.0
v200_s5_p50,200,0.5,h2,4,,3.0375417104807987,1.2698673750273883,0.3692531249835156,True,True,214.0,52.0,False,True,False,,-0.9006142500438727,0.29078085809988746,-162.0
v200_s5_p50,200,0.5,h3,0,,3.129820988044957,1.3751151249743998,0.4455250410246663,True,True,214.0,52.0,False,True,False,,-0.9295900839497335,0.32399108477041916,-162.0
v200_s5_p50,200,0.5,h3,1,,3.069660537778573,1.3468702089739963,0.45740966603625566,True,True,214.0,52.0,False,True,False,,-0.8894605429377407,0.3396093127523372,-162.0
v200_s5_p50,200,0.5,h3,2,,3.1298209880448913,1.3524433750426397,0.44014312501531094,True,True,214.0,52.0,False,True,False,,-0.9123002500273287,0.32544292288868226,-162.0
v200_s5_p50,200,0.5,h3,3,3.12131905558756,2.8326391297271396,1.431051291001495,0.4666773750213906,True,True,214.0,52.0,True,True,True,-0.28867992586042046,-0.9643739159801044,0.3261080703087833,-162.0
v200_s5_p50,200,0.5,h3,4,2.8803462940620292,2.991241088515857,1.5124350410187617,0.42673545802244917,True,True,214.0,52.0,True,True,True,0.11089479445382766,-1.0856995829963125,0.28215126365691995,-162.0
v200_s5_p50,200,0.5,h2+3,0,3.5364106203475867,3.1298209880448913,1.4898319999920204,0.4358258339925669,True,True,214.0,52.0,True,True,True,-0.4065896323026954,-1.0540061659994535,0.2925335433759653,-162.0
v200_s5_p50,200,0.5,h2+3,1,3.4388728579508943,3.248234993594564,1.523703291954007,0.45808037504320964,True,True,214.0,52.0,True,True,True,-0.19063786435633023,-1.0656229169107974,0.3006362048714644,-162.0
v200_s5_p50,200,0.5,h2+3,2,,3.069660537778573,1.42163504101336,0.4998755830456503,True,True,214.0,52.0,False,True,False,,-0.9217594579677097,0.35162018986907667,-162.0
v200_s5_p50,200,0.5,h2+3,3,,3.1842831021659666,1.4645141669898294,0.4570659580058418,True,True,214.0,52.0,False,True,False,,-1.0074482089839876,0.3120939136732953,-162.0
v200_s5_p50,200,0.5,h2+3,4,,2.8788227662947654,1.4696819999953732,0.4278779590385966,True,True,214.0,52.0,False,True,False,,-1.0418040409567766,0.2911364220558894,-162.0
v200_s6_p0,200,0.0,h2,0,1.2512732105830882,1.2588764333525138,7.0524254579795524,7.008451292000245,True,True,364.0,360.0,True,True,True,0.007603222769425599,-0.043974165979307145,0.9937646748283525,-4.0
v200_s6_p0,200,0.0,h2,1,1.260859699804187,1.254098751650843,7.252847791998647,7.025014540995471,True,True,364.0,360.0,True,True,True,-0.0067609481533439375,-0.22783325100317597,0.9685870629665603,-4.0
v200_s6_p0,200,0.0,h2,2,1.2464188567772427,1.2552219800376596,7.240691250015516,7.108146833023056,True,True,364.0,360.0,True,True,True,0.008803123260416879,-0.13254441699245945,0.981694507828631,-4.0
v200_s6_p0,200,0.0,h2,3,1.2494057657317956,1.2430743205946235,7.176852417003829,7.062022958009038,True,True,364.0,360.0,True,True,True,-0.006331445137172098,-0.11482945899479091,0.9840000250356646,-4.0
v200_s6_p0,200,0.0,h2,4,1.2560180385024675,1.2340832520619456,7.143658374960069,6.888883416017052,True,True,364.0,360.0,True,True,True,-0.021934786440521936,-0.2547749589430168,0.9643355063231952,-4.0
v200_s6_p0,200,0.0,h3,0,1.2943874251972514,1.306782256824356,12.568327499961015,11.908533624955453,True,True,180.0,150.0,True,True,True,0.01239483162710453,-0.6597938750055619,0.9475034466592624,-30.0
v200_s6_p0,200,0.0,h3,1,1.307154798617381,1.3292307238682237,12.896232582977973,11.268185208027717,True,True,145.0,136.0,True,True,True,0.022075925250842676,-1.6280473749502562,0.8737579084065875,-9.0
v200_s6_p0,200,0.0,h3,2,1.2907493107738988,1.2955022845656499,12.037847374973353,11.485126208048314,True,True,175.0,134.0,True,True,True,0.004752973791751103,-0.5527211669250391,0.9540847171667798,-41.0
v200_s6_p0,200,0.0,h3,3,1.3250017923529043,1.307398517067286,12.402869415993337,11.899717333028093,True,True,163.0,166.0,True,True,True,-0.017603275285618336,-0.5031520829652436,0.9594326065937262,3.0
v200_s6_p0,200,0.0,h3,4,1.3339745909334564,1.3024330066044068,12.604694916983135,11.899904874968342,True,True,110.0,151.0,True,True,True,-0.03154158432904963,-0.7047900420147926,0.9440851169618407,41.0
v200_s6_p0,200,0.0,h4,0,1.3496861849627524,1.355985886234251,16.034340583952144,17.972110332979355,True,True,148.0,129.0,True,True,True,0.006299701271498703,1.9377697490272112,1.120851227955493,-19.0
v200_s6_p0,200,0.0,h4,1,1.3398179635843015,1.3527046189609213,15.991091083036736,14.340040958020836,True,True,195.0,193.0,True,True,True,0.012886655376619816,-1.6510501250158995,0.8967518778773436,-2.0
v200_s6_p0,200,0.0,h4,2,1.359248299689733,1.3644326191119887,16.000916542019695,17.187210833013523,True,True,141.0,142.0,True,True,True,0.005184319422255612,1.1862942909938283,1.074139146209439,1.0
v200_s6_p0,200,0.0,h4,3,1.3632470588392995,1.3458651436636861,16.74198474996956,14.747082250018138,True,True,141.0,167.0,True,True,True,-0.017381915175613383,-1.9949024999514222,0.8808443246279358,26.0
v200_s6_p0,200,0.0,h4,4,1.368740075191536,1.3323363352314694,15.650288624980021,15.178883625019807,True,True,167.0,130.0,True,True,True,-0.03640373996006652,-0.4714049999602139,0.9698788302723192,-37.0
v200_s6_p0,200,0.0,h2+3,0,1.3048133077055357,1.3125187448160498,13.345638042024802,12.686178124975413,True,True,180.0,150.0,True,True,True,0.0077054371105140795,-0.6594599170493893,0.9505861079872854,-30.0
v200_s6_p0,200,0.0,h2+3,1,1.3062210077508747,1.3249278279252779,13.887676082958933,11.726802374992985,True,True,145.0,136.0,True,True,True,0.01870682017440317,-2.1608737079659477,0.8444035060252105,-9.0
v200_s6_p0,200,0.0,h2+3,2,1.2992002895356847,1.3181289763302355,12.74668279197067,12.109248500026297,True,True,175.0,134.0,True,True,True,0.018928686794550842,-0.6374342919443734,0.9499921428698372,-41.0
v200_s6_p0,200,0.0,h2+3,3,1.3267770035887538,1.3177165538014926,13.205026375013404,12.54650020803092,True,True,163.0,166.0,True,True,True,-0.009060449787261282,-0.6585261669824831,0.9501306435685317,3.0
v200_s6_p0,200,0.0,h2+3,4,1.3357019916796085,1.3157723059119275,13.366792124987114,12.664282707963139,True,True,110.0,151.0,True,True,True,-0.01992968576768095,-0.7025094170239754,0.9474436790476644,41.0
v200_s6_p0,200,0.0,h2+3+4,0,1.3514218599022183,1.3599408077075426,17.942259333038237,19.976728500041645,True,True,148.0,129.0,True,True,True,0.00851894780532425,2.034469167003408,1.11338979831025,-19.0
v200_s6_p0,200,0.0,h2+3+4,1,1.3217231913126206,1.3572120374649503,17.801696249982342,16.744762749993242,True,True,195.0,193.0,True,True,True,0.03548884615232972,-1.0569334999890998,0.940627371395007,-2.0
v200_s6_p0,200,0.0,h2+3+4,2,1.3581723096050695,1.3678525365329433,18.566023332998157,19.261792042001616,True,True,141.0,142.0,True,True,True,0.009680226927873736,0.6957687090034597,1.0374753762033058,1.0
v200_s6_p0,200,0.0,h2+3+4,3,1.344623370439056,1.3619334535315253,18.675726999994367,16.594973041967023,True,True,141.0,167.0,True,True,True,0.017310083092469286,-2.080753958027344,0.8885851159621271,26.0
v200_s6_p0,200,0.0,h2+3+4,4,1.3588360841867724,1.3454593647477584,17.67574308300391,16.96608774998458,True,True,167.0,130.0,True,True,True,-0.013376719439013973,-0.7096553330193274,0.9598514568984827,-37.0
v200_s6_p10,200,0.1,h2,0,1.3785763775157036,1.3987420883760866,6.529265707999002,5.349499833013397,True,True,328.0,304.0,True,True,True,0.02016571086038299,-1.1797658749856055,0.8193110944251702,-24.0
v200_s6_p10,200,0.1,h2,1,1.4107207591146247,1.4121819352501797,6.526965124998242,5.451978290977422,True,True,328.0,304.0,True,True,True,0.0014611761355549646,-1.0749868340208195,0.8353006621862241,-24.0
v200_s6_p10,200,0.1,h2,2,1.4045073776572286,1.3877989793764978,6.501915167027619,5.5073927090270445,True,True,328.0,304.0,True,True,True,-0.016708398280730785,-0.9945224580005743,0.8470416127475829,-24.0
v200_s6_p10,200,0.1,h2,3,1.376225931219099,1.3928519839454214,6.618475000024773,5.340516291034874,True,True,328.0,304.0,True,True,True,0.01662605272632245,-1.2779587089898996,0.8069103971858901,-24.0
v200_s6_p10,200,0.1,h2,4,1.4057753411040972,1.4043925802950725,6.56403866695473,5.391297750000376,True,True,328.0,304.0,True,True,True,-0.0013827608090246635,-1.1727409169543535,0.8213385117826514,-24.0
v200_s6_p10,200,0.1,h3,0,1.3964089579558956,1.4158457272220084,8.851289916026872,9.903772291960195,True,True,145.0,154.0,True,True,True,0.01943676926611282,1.052482375933323,1.1189072311401316,9.0
v200_s6_p10,200,0.1,h3,1,1.3982787972661295,1.434821745194986,9.201815124950372,9.892086708045099,True,True,140.0,172.0,True,True,True,0.036542947928856595,0.6902715830947272,1.0750147197831743,32.0
v200_s6_p10,200,0.1,h3,2,1.3753497902447933,1.3904938756058287,7.983872833021451,10.288758374983445,True,True,146.0,209.0,True,True,True,0.015144085361035398,2.304885541961994,1.2886926671012273,63.0
v200_s6_p10,200,0.1,h3,3,1.3875340309226056,1.4231235883246716,9.091586291033309,7.426124332996551,True,True,140.0,157.0,True,True,True,0.03558955740206593,-1.665461958036758,0.8168128305970829,17.0
v200_s6_p10,200,0.1,h3,4,1.4117051549768835,1.4153824815472091,7.571793999988586,7.144266000017524,True,True,130.0,163.0,True,True,True,0.003677326570325601,-0.42752799997106194,0.9435367628897846,33.0
v200_s6_p10,200,0.1,h4,0,1.4102746402673514,1.4295343149853732,11.646151041029952,9.371208208031021,True,True,129.0,130.0,True,True,True,0.019259674718021813,-2.2749428329989314,0.80466140057911,1.0
v200_s6_p10,200,0.1,h4,1,1.4273858944102509,1.4393169585731238,11.78035508398898,9.489117334014736,True,True,138.0,175.0,True,True,True,0.011931064162872929,-2.2912377499742433,0.8055035070132707,37.0
v200_s6_p10,200,0.1,h4,2,1.4099222304050274,1.3907440127413673,10.728143249987625,9.197040541970637,True,True,201.0,186.0,True,True,True,-0.019178217663660124,-1.531102708016988,0.8572816681937245,-15.0
v200_s6_p10,200,0.1,h4,3,1.4167466294986177,1.4084697098409684,11.843494125001598,9.741511333966628,True,True,138.0,153.0,True,True,True,-0.008276919657649318,-2.1019827910349704,0.8225200461240836,15.0
v200_s6_p10,200,0.1,h4,4,1.4513402522707766,1.4344454891809546,10.312705375021324,9.261698624992277,True,True,175.0,157.0,True,True,True,-0.016894763089821963,-1.051006750029046,0.8980862235650873,-18.0
v200_s6_p10,200,0.1,h2+3,0,1.3883260254849312,1.430420561716502,9.470552792015951,10.626955125015229,True,True,145.0,154.0,True,True,True,0.04209453623157078,1.1564023329992779,1.122105051140644,9.0
v200_s6_p10,200,0.1,h2+3,1,1.3948751732877194,1.4351317455117456,9.923490249959286,10.633717124990653,True,True,140.0,172.0,True,True,True,0.04025657222402623,0.7102268750313669,1.0715702698487843,32.0
v200_s6_p10,200,0.1,h2+3,2,1.381899452485516,1.4088388687542732,8.599706625042018,11.220648624992464,True,True,146.0,209.0,True,True,True,0.026939416268757288,2.620941999950446,1.3047710944369153,63.0
v200_s6_p10,200,0.1,h2+3,3,1.392576423372218,1.4180051717566304,9.8140584169887,8.34409875003621,True,True,140.0,157.0,True,True,True,0.025428748384412447,-1.4699596669524908,0.8502189813331551,17.0
v200_s6_p10,200,0.1,h2+3,4,1.4145558955704398,1.386030853275984,8.102625874977093,7.754364166001324,True,True,130.0,163.0,True,True,True,-0.02852504229445585,-0.3482617089757696,0.9570186610674833,33.0
v200_s6_p10,200,0.1,h2+3+4,0,1.4191042220310779,1.4105091877644185,13.756310124997981,10.75842454197118,True,True,129.0,131.0,True,True,True,-0.008595034266659418,-2.9978855830268003,0.7820719687338947,2.0
v200_s6_p10,200,0.1,h2+3+4,1,1.4161627840602042,1.4215206659556767,13.652883375005331,11.042073333985172,True,True,138.0,176.0,True,True,True,0.005357881895472483,-2.6108100410201587,0.8087722593602584,38.0
v200_s6_p10,200,0.1,h2+3+4,2,1.4018447119423552,1.3996241100464932,12.460887083027046,10.681421542016324,True,True,201.0,187.0,True,True,True,-0.002220601895861929,-1.7794655410107225,0.8571959179828754,-14.0
v200_s6_p10,200,0.1,h2+3+4,3,1.4198665245322195,1.4323164644037916,13.610752040985972,11.30780083395075,True,True,138.0,154.0,True,True,True,0.012449939871572058,-2.302951207035221,0.830799121158011,16.0
v200_s6_p10,200,0.1,h2+3+4,4,1.454542924895824,1.4226712176985108,12.210207958007231,11.082537750015035,True,True,175.0,158.0,True,True,True,-0.03187170719731314,-1.127670207992196,0.9076452905740487,-17.0
v200_s6_p30,200,0.3,h2,0,2.0376578090270043,1.944072873083457,2.4166686249664053,1.016347082972061,True,True,255.0,149.0,True,True,True,-0.09358493594354722,-1.4003215419943444,0.420557072853209,-106.0
v200_s6_p30,200,0.3,h2,1,2.0018383023866315,1.964488491101347,2.4345079999766313,1.0112723750062287,True,True,255.0,149.0,True,True,True,-0.037349811285284584,-1.4232356249704026,0.41539086132226133,-106.0
v200_s6_p30,200,0.3,h2,2,2.0791873412056843,2.220619837608899,2.442021625000052,0.9789110840065405,True,True,255.0,149.0,True,True,True,0.14143249640321454,-1.4631105409935117,0.4008609399626097,-106.0
v200_s6_p30,200,0.3,h2,3,1.997517893489026,1.8612195570482877,2.420114917040337,1.0106232090038247,True,True,255.0,149.0,True,True,True,-0.1362983364407384,-1.4094917080365121,0.4175930662994134,-106.0
v200_s6_p30,200,0.3,h2,4,2.03323996248864,1.9885107404034947,2.3128671249723993,1.0372493749600835,True,True,255.0,149.0,True,True,True,-0.04472922208514518,-1.2756177500123158,0.44846907276286424,-106.0
v200_s6_p30,200,0.3,h3,0,1.881056231202923,2.0198293440181603,8.118338542000856,3.014983333006967,True,True,137.0,95.0,True,True,True,0.1387731128152372,-5.103355208993889,0.3713793551979529,-42.0
v200_s6_p30,200,0.3,h3,1,1.9146448573143073,1.9762551839061622,8.638259583036415,3.0673329169512726,True,True,140.0,94.0,True,True,True,0.061610326591854836,-5.570926666085143,0.35508691160136235,-46.0
v200_s6_p30,200,0.3,h3,2,1.9073192933475525,1.9660309575319026,8.741825375007465,3.151154958002735,True,True,140.0,94.0,True,True,True,0.05871166418435014,-5.5906704170047306,0.36046876056478583,-46.0
v200_s6_p30,200,0.3,h3,3,1.8138404615436687,2.025910193424877,8.251994458027184,3.0015517079737037,True,True,137.0,95.0,True,True,True,0.21206973188120837,-5.25044275005348,0.3637365152437692,-42.0
v200_s6_p30,200,0.3,h3,4,1.835603320744367,1.9423980052850378,8.481341624981724,3.1298765420215204,True,True,140.0,94.0,True,True,True,0.10679468454067087,-5.351465082960203,0.36903083031138545,-46.0
v200_s6_p30,200,0.3,h2+3,0,1.8268277545224791,2.0520342198955106,8.770211750001181,3.3144365409971215,True,True,137.0,95.0,True,True,True,0.22520646537303146,-5.455775209004059,0.3779197852317163,-42.0
v200_s6_p30,200,0.3,h2+3,1,1.8651969254731489,2.0077605574242945,9.022020749980584,3.444378832995426,True,True,140.0,94.0,True,True,True,0.14256363195114563,-5.577641916985158,0.3817746520925302,-46.0
v200_s6_p30,200,0.3,h2+3,2,1.841975859873249,2.0165526089862715,9.10597791604232,3.476877333014272,True,True,140.0,94.0,True,True,True,0.17457674911302257,-5.629100583028048,0.3818236069833791,-46.0
v200_s6_p30,200,0.3,h2+3,3,1.8631604798506958,1.9368932258024736,8.620409167022444,3.3464026249712333,True,True,137.0,95.0,True,True,True,0.07373274595177781,-5.274006542051211,0.38819533506286064,-42.0
v200_s6_p30,200,0.3,h2+3,4,1.8807900431496212,1.9402669017003689,9.038746875012293,3.4179371670470573,True,True,140.0,94.0,True,True,True,0.05947685855074769,-5.620809707965236,0.37814281274940653,-46.0
v200_s6_p50,200,0.5,h2,0,,2.5676761433421813,1.388230000040494,0.36771649995353073,True,True,216.0,57.0,False,True,False,,-1.0205135000869632,0.2648815397612821,-159.0
v200_s6_p50,200,0.5,h2,1,2.794547505999354,2.596159923555103,1.5075770000112243,0.37608399998862296,True,True,216.0,57.0,True,True,True,-0.19838758244425092,-1.1314930000226013,0.2494625481722147,-159.0
v200_s6_p50,200,0.5,h2,2,,2.739531459580125,1.3992127919918858,0.36245516600320116,True,True,216.0,57.0,False,True,False,,-1.0367576259886846,0.2590422043577937,-159.0
v200_s6_p50,200,0.5,h2,3,,2.603457587189957,1.3631664579734206,0.38679054100066423,True,True,216.0,57.0,False,True,False,,-0.9763759169727564,0.2837441742629835,-159.0
v200_s6_p50,200,0.5,h2,4,,2.5979187601236435,1.399072458036244,0.3567550419829786,True,True,216.0,57.0,False,True,False,,-1.0423174160532653,0.2549939711369378,-159.0
v200_s6_p50,200,0.5,h3,0,,2.657044537919094,1.41843100002734,0.47561679204227403,True,True,216.0,57.0,False,True,False,,-0.9428142079850659,0.33531189887495877,-159.0
v200_s6_p50,200,0.5,h3,1,,2.637360789715307,1.4374623749754392,0.503885917016305,True,True,216.0,57.0,False,True,False,,-0.9335764579591341,0.35053850854699037,-159.0
v200_s6_p50,200,0.5,h3,2,,2.559308629069606,1.4696025830344297,0.4738578329561278,True,True,216.0,57.0,False,True,False,,-0.9957447500783019,0.3224394393603392,-159.0
v200_s6_p50,200,0.5,h3,3,,2.611305797462404,1.4102710000006482,0.47370483400300145,True,True,216.0,57.0,False,True,False,,-0.9365661659976467,0.335896316383719,-159.0
v200_s6_p50,200,0.5,h3,4,,2.5593086290696494,1.451150416978635,0.4571875419933349,True,True,216.0,57.0,False,True,False,,-0.9939628749853,0.3150517938348675,-159.0
v200_s6_p50,200,0.5,h4,0,,2.977256022870203,3.6262675410252996,0.7549766250303946,True,True,208.0,64.0,False,True,False,,-2.871290915994905,0.20819661442214787,-144.0
v200_s6_p50,200,0.5,h4,1,,2.9138707411691374,3.5756371669704095,0.7670162920258008,True,True,208.0,64.0,False,True,False,,-2.8086208749446087,0.21451177963777673,-144.0
v200_s6_p50,200,0.5,h4,2,,2.9826860854700623,3.74470033304533,0.8229248749557883,True,True,208.0,64.0,False,True,False,,-2.9217754580895416,0.21975720398608106,-144.0
v200_s6_p50,200,0.5,h4,3,,2.9102589931224134,3.7859558750060387,0.7318803750094958,True,True,208.0,64.0,False,True,False,,-3.054075499996543,0.1933145549427008,-144.0
v200_s6_p50,200,0.5,h4,4,,2.891412850111558,3.6314623749931343,0.7310170829878189,True,True,208.0,64.0,False,True,False,,-2.9004452920053154,0.20130102077381457,-144.0
v200_s6_p50,200,0.5,h2+3,0,,2.559308629069606,1.573143124987837,0.48136158304987475,True,True,216.0,57.0,False,True,False,,-1.0917815419379622,0.30598715107603225,-159.0
v200_s6_p50,200,0.5,h2+3,1,3.0373224658099023,2.613794547880088,1.6794786670361646,0.4883095839759335,True,True,216.0,57.0,True,True,True,-0.42352791792981437,-1.191169083060231,0.29075069160459815,-159.0
v200_s6_p50,200,0.5,h2+3,2,2.9768299689928313,2.636877432270726,1.612087875022553,0.5081235840334557,True,True,216.0,57.0,True,True,True,-0.33995253672210524,-1.1039642909890972,0.31519595916962473,-159.0
v200_s6_p50,200,0.5,h2+3,3,,2.6931249322930246,1.487791792023927,0.4889752910239622,True,True,216.0,57.0,False,True,False,,-0.9988165009999648,0.3286584141983883,-159.0
v200_s6_p50,200,0.5,h2+3,4,,2.5657591583321167,1.5729562499909662,0.531893458974082,True,True,216.0,57.0,False,True,False,,-1.0410627910168841,0.33814892116493184,-159.0
v200_s6_p50,200,0.5,h2+3+4,0,,2.926004948221612,4.36586650001118,1.023066291003488,True,True,208.0,45.0,False,True,False,,-3.3428002090076916,0.23433293047345086,-163.0
v200_s6_p50,200,0.5,h2+3+4,1,,2.914808604328584,4.376097374944948,1.0150091249961406,True,True,208.0,36.0,False,True,False,,-3.361088249948807,0.23194390755733804,-172.0
v200_s6_p50,200,0.5,h2+3+4,2,,2.898485153221124,4.474159249977674,1.0546672499622218,True,True,208.0,36.0,False,True,False,,-3.4194920000154525,0.23572411955776598,-172.0
v200_s6_p50,200,0.5,h2+3+4,3,,2.9545513894198456,4.548400500032585,1.0298106669797562,True,True,208.0,36.0,False,True,False,,-3.518589833052829,0.226411607107241,-172.0
v200_s6_p50,200,0.5,h2+3+4,4,,2.899312736918036,4.440836084017064,1.0537386249634437,True,True,208.0,36.0,False,True,False,,-3.3870974590536207,0.2372838368783608,-172.0
v200_s7_p0,200,0.0,h2,0,1.254790496196585,1.2469923860007024,7.186391083989292,6.928626207984053,True,True,364.0,360.0,True,True,True,-0.007798110195882613,-0.2577648760052398,0.9641315267993806,-4.0
v200_s7_p0,200,0.0,h2,1,1.2578922557152818,1.25603374539043,7.114051458018366,6.914465667039622,True,True,364.0,360.0,True,True,True,-0.0018585103248518475,-0.19958579097874463,0.9719448485639237,-4.0
v200_s7_p0,200,0.0,h2,2,1.2496809746208783,1.244795839428331,7.206377999973483,7.173786666011438,True,True,364.0,360.0,True,True,True,-0.004885135192547407,-0.03259133396204561,0.9954774320800039,-4.0
v200_s7_p0,200,0.0,h2,3,1.2591579028826028,1.236045548877001,7.082991041999776,7.0016890409751795,True,True,364.0,360.0,True,True,True,-0.023112354005601743,-0.0813020010245964,0.9885215157632555,-4.0
v200_s7_p0,200,0.0,h2,4,1.2573931523668826,1.2515062695989674,7.081680583010893,6.909037292003632,True,True,364.0,360.0,True,True,True,-0.005886882767915269,-0.17264329100726172,0.9756211411989639,-4.0
v200_s7_p0,200,0.0,h3,0,1.2951374273235452,1.3066044437070918,11.696938042005058,11.215570999949705,True,True,164.0,131.0,True,True,True,0.011467016383546635,-0.4813670420553535,0.9588467477277636,-33.0
v200_s7_p0,200,0.0,h3,1,1.3087849549953428,1.3240392348045678,12.00500424997881,11.886828166956548,True,True,141.0,165.0,True,True,True,0.015254279809225002,-0.1181760830222629,0.9901560981935953,24.0
v200_s7_p0,200,0.0,h3,2,1.3205590461743952,1.2933180284575354,12.214764875010587,12.018694791011512,True,True,135.0,156.0,True,True,True,-0.027241017716859828,-0.196070083999075,0.9839481082112188,21.0
v200_s7_p0,200,0.0,h3,3,1.3054102950055284,1.3209131612568015,12.55190516600851,11.523906707996503,True,True,157.0,147.0,True,True,True,0.015502866251273062,-1.0279984580120072,0.9181002051548395,-10.0
v200_s7_p0,200,0.0,h3,4,1.3183589525530364,1.3156416369490633,12.776010165980551,11.873514624952804,True,True,145.0,135.0,True,True,True,-0.002717315603973036,-0.9024955410277471,0.9293601422272756,-10.0
v200_s7_p0,200,0.0,h4,0,1.3614697945335563,1.3552453402384943,17.215615542023443,16.856084916973487,True,True,159.0,131.0,True,True,True,-0.006224454295062021,-0.35953062504995614,0.979116016841086,-28.0
v200_s7_p0,200,0.0,h4,1,1.3541817990866605,1.3679257060469499,17.928579707979225,16.737410583009478,True,True,136.0,142.0,True,True,True,0.013743906960289376,-1.191169124969747,0.9335603185321139,6.0
v200_s7_p0,200,0.0,h4,2,1.3688072146994803,1.3406699429247046,15.562896624964196,16.040477957983967,True,True,164.0,146.0,True,True,True,-0.028137271774775652,0.4775813330197707,1.0306871750502853,-18.0
v200_s7_p0,200,0.0,h4,3,1.3555223984303333,1.3483778003309437,15.142452957981732,18.44468566600699,True,True,153.0,112.0,True,True,True,-0.00714459809938961,3.302232708025258,1.218077792098051,-41.0
v200_s7_p0,200,0.0,h4,4,1.3574291423751488,1.3638017700169613,15.361224209016655,15.610994792019483,True,True,161.0,150.0,True,True,True,0.006372627641812567,0.24977058300282806,1.016259809739397,-11.0
v200_s7_p0,200,0.0,h2+3,0,1.299830220854825,1.3286171316592053,12.332055374979973,11.871433042048011,True,True,164.0,131.0,True,True,True,0.02878691080438034,-0.46062233293196186,0.9626483729657507,-33.0
v200_s7_p0,200,0.0,h2+3,1,1.3111491474830657,1.305878159092236,12.846006874984596,12.571513750008307,True,True,141.0,165.0,True,True,True,-0.005270988390829734,-0.2744931249762885,0.9786320272402456,24.0
v200_s7_p0,200,0.0,h2+3,2,1.3160939678582355,1.3335908014863314,12.88862662500469,12.628040082985535,True,True,135.0,156.0,True,True,True,0.017496833628095843,-0.2605865420191549,0.979781667232597,21.0
v200_s7_p0,200,0.0,h2+3,3,1.3175909201762226,1.2967874740603522,13.210884000000078,12.189102750038728,True,True,157.0,147.0,True,True,True,-0.020803446115870372,-1.0217812499613501,0.922656103107003,-10.0
v200_s7_p0,200,0.0,h2+3,4,1.315109550991553,1.3213514497348786,13.559704957995564,12.605036207998637,True,True,145.0,135.0,True,True,True,0.006241898743325702,-0.9546687499969266,0.9295951679660994,-10.0
v200_s7_p0,200,0.0,h2+3+4,0,1.3658780610924217,1.347846296738746,19.232658124994487,19.09429362497758,True,True,159.0,131.0,True,True,True,-0.018031764353675817,-0.13836450001690537,0.9928057526360805,-28.0
v200_s7_p0,200,0.0,h2+3+4,1,1.3456926481281044,1.3577815986442012,19.85835637501441,19.00131500000134,True,True,136.0,142.0,True,True,True,0.01208895051609682,-0.8570413750130683,0.9568422804572392,6.0
v200_s7_p0,200,0.0,h2+3+4,2,1.3651243247758722,1.3644387820510775,17.47250645799795,18.07164425001247,True,True,164.0,146.0,True,True,True,-0.0006855427247947077,0.5991377920145169,1.0342903173883369,-18.0
v200_s7_p0,200,0.0,h2+3+4,3,1.3535546643541585,1.3435694248767516,16.859547167026903,20.77261774998624,True,True,153.0,112.0,True,True,True,-0.009985239477406926,3.9130705829593353,1.232098201938207,-41.0
v200_s7_p0,200,0.0,h2+3+4,4,1.358885148647467,1.3577774500807247,17.33824462501798,17.817622207978275,True,True,161.0,150.0,True,True,True,-0.001107698566742199,0.4793775829602964,1.0276485649688312,-11.0
v200_s7_p10,200,0.1,h2,0,1.3870795578846324,1.418120160895953,5.985419750039,4.8647798339952715,True,True,328.0,302.0,True,True,True,0.03104060301132061,-1.1206399160437286,0.8127717081101243,-26.0
v200_s7_p10,200,0.1,h2,1,1.3991180329944248,1.4085648554845902,5.860469542036299,4.733287792012561,True,True,328.0,302.0,True,True,True,0.009446822490165374,-1.1271817500237375,0.8076635767938685,-26.0
v200_s7_p10,200,0.1,h2,2,1.3893533340579682,1.389208609868785,6.185915832989849,4.952024291967973,True,True,328.0,302.0,True,True,True,-0.00014472418918320962,-1.233891541021876,0.800532116127177,-26.0
v200_s7_p10,200,0.1,h2,3,1.3849790790067258,1.4051561094368819,6.099951833020896,4.873623499996029,True,True,328.0,302.0,True,True,True,0.020177030430156062,-1.2263283330248669,0.798960980907033,-26.0
v200_s7_p10,200,0.1,h2,4,1.4008963707962259,1.3874330449693928,5.998718125047162,4.699109917040914,True,True,328.0,302.0,True,True,True,-0.013463325826833072,-1.2996082080062479,0.7833523461321114,-26.0
v200_s7_p10,200,0.1,h3,0,1.3874390582297123,1.4090688276851566,12.023861083027441,8.919840583985206,True,True,145.0,157.0,True,True,True,0.02162976945544437,-3.1040204990422353,0.741844946676589,12.0
v200_s7_p10,200,0.1,h3,1,1.3881877338697408,1.4366825077124974,10.918889291002415,9.271663790976163,True,True,140.0,159.0,True,True,True,0.04849477384275658,-1.6472255000262521,0.8491398295077843,19.0
v200_s7_p10,200,0.1,h3,2,1.4027345814937355,1.42536518469746,8.769209916994441,9.545925792015623,True,True,139.0,167.0,True,True,True,0.022630603203724453,0.776715875021182,1.0885730735577366,28.0
v200_s7_p10,200,0.1,h3,3,1.410240553058238,1.395895753334713,10.348892874957528,8.539464208006393,True,True,133.0,162.0,True,True,True,-0.014344799723525092,-1.8094286669511348,0.8251572715251861,29.0
v200_s7_p10,200,0.1,h3,4,1.4169987689425858,1.4107437163058245,10.86454975005472,9.310697457985952,True,True,139.0,170.0,True,True,True,-0.0062550526367612935,-1.5538522920687683,0.856979596226623,31.0
v200_s7_p10,200,0.1,h4,0,1.407621991192314,1.4021214676410698,10.571922207949683,10.997874125023372,True,True,146.0,166.0,True,True,True,-0.005500523551244196,0.4259519170736894,1.040290867516353,20.0
v200_s7_p10,200,0.1,h4,1,1.4005709099641004,1.4203861505080335,11.44227537495317,11.46567387500545,True,True,139.0,155.0,True,True,True,0.019815240543933132,0.023398500052280724,1.002044916704548,16.0
v200_s7_p10,200,0.1,h4,2,1.4039938348786354,1.3968041695281153,11.9674808330019,10.35562841698993,True,True,147.0,171.0,True,True,True,-0.007189665350520125,-1.6118524160119705,0.8653139755555675,24.0
v200_s7_p10,200,0.1,h4,3,1.3897905916730582,1.399135758961376,10.946585458004847,10.2719735839637,True,True,129.0,145.0,True,True,True,0.009345167288317802,-0.6746118740411475,0.9383723923200337,16.0
v200_s7_p10,200,0.1,h4,4,1.4203635812267315,1.4211223159182091,10.687531667004805,11.140580207982566,True,True,147.0,140.0,True,True,True,0.0007587346914776916,0.45304854097776115,1.0423903811556825,-7.0
v200_s7_p10,200,0.1,h2+3,0,1.3876535294764503,1.3984870242185383,12.624580499948934,9.41163308400428,True,True,145.0,157.0,True,True,True,0.010833494742088057,-3.2129474159446545,0.7455006591341669,12.0
v200_s7_p10,200,0.1,h2+3,1,1.3863074087063025,1.4401551038112794,11.571092208032496,10.016411625023466,True,True,140.0,159.0,True,True,True,0.05384769510497689,-1.5546805830090307,0.8656409822808436,19.0
v200_s7_p10,200,0.1,h2+3,2,1.3962877123054815,1.420777125914468,9.455617624975275,10.211697334016208,True,True,139.0,167.0,True,True,True,0.024489413608986377,0.7560797090409324,1.0799609014480331,28.0
v200_s7_p10,200,0.1,h2+3,3,1.4066115843588012,1.3937911901065805,11.034347583015915,9.387085792026483,True,True,133.0,162.0,True,True,True,-0.012820394252220702,-1.6472617909894325,0.8507150714080368,29.0
v200_s7_p10,200,0.1,h2+3,4,1.4059778145267687,1.413811217205382,11.590433124976698,10.121737041976303,True,True,139.0,170.0,True,True,True,0.007833402678613322,-1.4686960830003954,0.8732837619471319,31.0
v200_s7_p10,200,0.1,h2+3+4,0,1.4005463433680763,1.4405052618175687,12.416659208014607,12.626943332958035,True,True,147.0,166.0,True,True,True,0.0399589184494924,0.21028412494342774,1.0169356443968194,19.0
v200_s7_p10,200,0.1,h2+3+4,1,1.3980559551112681,1.4116171806866853,13.435628667008132,13.29397112497827,True,True,139.0,155.0,True,True,True,0.013561225575417168,-0.14165754202986136,0.9894565750854882,16.0
v200_s7_p10,200,0.1,h2+3+4,2,1.399892334320055,1.3981734735318705,13.469307540974114,11.991967583016958,True,True,136.0,171.0,True,True,True,-0.0017188607881846174,-1.477339957957156,0.8903180469030768,35.0
v200_s7_p10,200,0.1,h2+3+4,3,1.4038692740138499,1.401311318693983,12.345782041025814,11.81782050000038,True,True,130.0,145.0,True,True,True,-0.0025579553198669114,-0.5279615410254337,0.9572354720607423,15.0
v200_s7_p10,200,0.1,h2+3+4,4,1.394744341916938,1.4116966708433065,12.745613000006415,13.123012874973938,True,True,148.0,140.0,True,True,True,0.016952328926368443,0.3773998749675229,1.0296101784172589,-8.0
v200_s7_p30,200,0.3,h2,0,2.1641017659890966,1.9013731155147224,2.3607763330219314,0.9807969160028733,True,True,255.0,151.0,True,True,True,-0.2627286504743742,-1.379979417019058,0.41545524761653135,-104.0
v200_s7_p30,200,0.3,h2,1,2.199487682518468,1.9580232512242048,2.4044470000080764,1.0830401659477502,True,True,255.0,151.0,True,True,True,-0.2414644312942631,-1.3214068340603262,0.4504321226228369,-104.0
v200_s7_p30,200,0.3,h2,2,2.0305608721813813,2.0404577317278374,2.4720795830362476,1.0828043750370853,True,True,255.0,151.0,True,True,True,0.009896859546456138,-1.3892752079991624,0.4380135584903653,-104.0
v200_s7_p30,200,0.3,h2,3,2.3665294379474413,1.8431496113452683,2.327098500041757,1.0584530420019291,True,True,255.0,151.0,True,True,True,-0.523379826602173,-1.2686454580398276,0.45483809214905885,-104.0
v200_s7_p30,200,0.3,h2,4,,1.855835369221644,2.244352333014831,1.1198393749655224,True,True,255.0,151.0,False,True,False,,-1.1245129580493085,0.49895881252354257,-104.0
v200_s7_p30,200,0.3,h3,0,1.844658889896665,1.8748687558850048,8.673130917013623,1.3380657500238158,True,True,161.0,151.0,True,True,True,0.030209865988339857,-7.335065166989807,0.1542771304649631,-10.0
v200_s7_p30,200,0.3,h3,1,1.8758752755052195,1.9788418218962096,8.823457124992274,1.4543364999699406,True,True,161.0,151.0,True,True,True,0.10296654639099012,-7.369120625022333,0.16482615366833486,-10.0
v200_s7_p30,200,0.3,h3,2,1.859723482644468,1.982502473577933,8.99300995800877,1.475096583017148,True,True,163.0,151.0,True,True,True,0.12277899093346512,-7.517913374991622,0.16402701541584455,-12.0
v200_s7_p30,200,0.3,h3,3,1.9093139536890913,1.990446078757522,8.541810540948063,1.495371625002008,True,True,160.0,151.0,True,True,True,0.0811321250684307,-7.046438915946055,0.17506494879902068,-9.0
v200_s7_p30,200,0.3,h3,4,1.8431033539555786,1.9238911695153293,8.898706084000878,1.4255843750433996,True,True,163.0,151.0,True,True,True,0.08078781555975079,-7.473121708957478,0.16020131034628504,-12.0
v200_s7_p30,200,0.3,h4,0,,1.8663537667569403,5.317309167003259,3.2044917499879375,True,True,139.0,135.0,False,True,False,,-2.1128174170153216,0.6026528925332232,-4.0
v200_s7_p30,200,0.3,h4,1,,1.935542558829466,5.382600334007293,3.0454322500154376,True,True,139.0,123.0,False,True,False,,-2.3371680839918554,0.565792007772597,-16.0
v200_s7_p30,200,0.3,h4,2,1.989583074952922,2.038248814047057,5.572783374984283,3.364179124997463,True,True,123.0,142.0,True,True,True,0.048665739094135185,-2.20860424998682,0.6036802255940823,19.0
v200_s7_p30,200,0.3,h4,3,,1.860799052985239,5.165083915984724,3.195314957993105,True,True,130.0,99.0,False,True,False,,-1.9697689579916187,0.6186375691020923,-31.0
v200_s7_p30,200,0.3,h4,4,,1.8918760871163116,5.382748416974209,3.1155455409898423,True,True,123.0,75.0,False,True,False,,-2.267202875984367,0.5788019984670166,-48.0
v200_s7_p30,200,0.3,h2+3,0,1.8065967516182435,1.955485077657476,9.077410416968632,1.5905824580113403,True,True,161.0,151.0,True,True,True,0.1488883260392324,-7.486827958957292,0.17522425283735374,-10.0
v200_s7_p30,200,0.3,h2+3,1,1.817115176740406,1.9591665018194757,9.169083292013966,1.5662683330010623,True,True,161.0,151.0,True,True,True,0.1420513250790698,-7.602814959012903,0.17082060257487697,-10.0
v200_s7_p30,200,0.3,h2+3,2,1.8794021423726461,1.9537189193121727,9.797378082992509,1.5828597089857794,True,True,163.0,151.0,True,True,True,0.07431677693952654,-8.21451837400673,0.16155952088176545,-12.0
v200_s7_p30,200,0.3,h2+3,3,1.9150279078821417,1.8734300765158605,9.08814541704487,1.52559208299499,True,True,160.0,151.0,True,True,True,-0.04159783136628126,-7.5625533340498805,0.1678661611348926,-9.0
v200_s7_p30,200,0.3,h2+3,4,1.816581888873202,1.8971259130723874,9.434656333003659,1.4749519159668125,True,True,163.0,151.0,True,True,True,0.0805440241991855,-7.959704417036846,0.1563334014411567,-12.0
v200_s7_p30,200,0.3,h2+3+4,0,,1.850113415636197,6.362629708019085,3.9367167499731295,True,True,140.0,135.0,False,True,False,,-2.4259129580459557,0.6187247931482674,-5.0
v200_s7_p30,200,0.3,h2+3+4,1,,2.0520989714498157,6.571946542011574,3.785680249973666,True,True,140.0,123.0,False,True,False,,-2.786266292037908,0.5760363730552998,-17.0
v200_s7_p30,200,0.3,h2+3+4,2,,1.9431414931832358,6.696133499965072,4.074418333009817,True,True,124.0,142.0,False,True,False,,-2.621715166955255,0.6084732828327079,18.0
v200_s7_p30,200,0.3,h2+3+4,3,,1.8523957111280562,6.456291207985487,3.7398877080413513,True,True,131.0,99.0,False,True,False,,-2.7164034999441355,0.5792625499010419,-32.0
v200_s7_p30,200,0.3,h2+3+4,4,,1.9210317362276847,6.666855750023387,3.959033916995395,True,True,124.0,76.0,False,True,False,,-2.7078218330279924,0.5938382448100076,-48.0
v200_s7_p50,200,0.5,h2,0,,2.7306030291865957,1.1918662500102073,0.33457937504863366,True,True,213.0,49.0,False,True,False,,-0.8572868749615736,0.2807188936223073,-164.0
v200_s7_p50,200,0.5,h2,1,,2.7770312162298376,1.2095872919890098,0.34632187499664724,True,True,213.0,49.0,False,True,False,,-0.8632654169923626,0.2863140819106703,-164.0
v200_s7_p50,200,0.5,h2,2,3.0399144645160687,2.7027381355165763,1.3260982499923557,0.36797345901140943,True,True,213.0,49.0,True,True,True,-0.33717632899949246,-0.9581247909809463,0.27748581902851516,-164.0
v200_s7_p50,200,0.5,h2,3,,2.797198887623524,1.1928201660048217,0.35844804102089256,True,True,213.0,49.0,False,True,False,,-0.8343721249839291,0.30050467894205907,-164.0
v200_s7_p50,200,0.5,h2,4,,2.6979955653568903,1.1850271659786813,0.3408455830067396,True,True,213.0,49.0,False,True,False,,-0.8441815829719417,0.28762680957212033,-164.0
v200_s7_p50,200,0.5,h3,0,,2.860846914374993,1.2931462909909897,0.39352345798397437,True,True,213.0,49.0,False,True,False,,-0.8996228330070153,0.3043147250435228,-164.0
v200_s7_p50,200,0.5,h3,1,,2.8598445440947406,1.2943220830056816,0.4088554999907501,True,True,213.0,49.0,False,True,False,,-0.8854665830149315,0.3158838942477932,-164.0
v200_s7_p50,200,0.5,h3,2,,2.860846914374993,1.3327872910303995,0.43511650001164526,True,True,213.0,49.0,False,True,False,,-0.8976707910187542,0.3264710752720711,-164.0
v200_s7_p50,200,0.5,h3,3,3.0970288940975306,2.8445915135509785,1.360700208984781,0.4187795410398394,True,True,213.0,49.0,True,True,True,-0.25243738054655207,-0.9419206679449417,0.30776767599109206,-164.0
v200_s7_p50,200,0.5,h3,4,,2.8598445440947406,1.2567189579713158,0.4047396249952726,True,True,213.0,49.0,False,True,False,,-0.8519793329760432,0.3220605708444407,-164.0
v200_s7_p50,200,0.5,h2+3,0,3.1318009925455574,2.860846914374993,1.4152207499719225,0.43747045897180215,True,True,213.0,49.0,True,True,True,-0.2709540781705644,-0.9777502910001203,0.3091181774860787,-164.0
v200_s7_p50,200,0.5,h2+3,1,,2.8445915135509785,1.3551815410028212,0.4087977919843979,True,True,213.0,49.0,False,True,False,,-0.9463837490184233,0.3016553720779664,-164.0
v200_s7_p50,200,0.5,h2+3,2,2.8577711641025907,2.8598445440947406,1.461559874995146,0.4265657919459045,True,True,213.0,49.0,True,True,True,0.0020733799921499596,-1.0349940830492415,0.29185652893441755,-164.0
v200_s7_p50,200,0.5,h2+3,3,,2.8598445440947127,1.3441586249973625,0.42288729100255296,True,True,213.0,49.0,False,True,False,,-0.9212713339948095,0.31461115015601876,-164.0
v200_s7_p50,200,0.5,h2+3,4,,2.8445915135509785,1.394121500023175,0.4324531250167638,True,True,213.0,49.0,False,True,False,,-0.9616683750064112,0.31019758680256704,-164.0
v200_s8_p0,200,0.0,h2,0,1.2524210511052856,1.2526290724781126,7.029071249999106,6.946658207976725,True,True,364.0,360.0,True,True,True,0.0002080213728270497,-0.08241304202238098,0.9882754009610599,-4.0
v200_s8_p0,200,0.0,h2,1,1.2490634982512911,1.2553680682267236,7.187205000023823,6.975367249979172,True,True,364.0,360.0,True,True,True,0.006304569975432495,-0.21183775004465133,0.9705257120057172,-4.0
v200_s8_p0,200,0.0,h2,2,1.2531913725120434,1.2626706896155884,7.275261665985454,7.156172500050161,True,True,364.0,360.0,True,True,True,0.009479317103544993,-0.11908916593529284,0.9836309439573728,-4.0
v200_s8_p0,200,0.0,h2,3,1.2426217551447107,1.2479659881343677,7.389170166978147,6.90088749997085,True,True,364.0,360.0,True,True,True,0.005344232989656916,-0.4882826670072973,0.9339191470796803,-4.0
v200_s8_p0,200,0.0,h2,4,1.250591770025494,1.2545675960535987,7.0831504999659956,6.937467249983456,True,True,364.0,360.0,True,True,True,0.003975826028104645,-0.14568324998253956,0.9794324220580604,-4.0
v200_s8_p0,200,0.0,h3,0,1.316673779475562,1.3341962332936372,12.31524183403235,11.599054417049047,True,True,163.0,140.0,True,True,True,0.017522453818075157,-0.7161874169833027,0.9418454443172877,-23.0
v200_s8_p0,200,0.0,h3,1,1.3217670284863139,1.297301309751159,12.06632245896617,11.370851708983537,True,True,148.0,142.0,True,True,True,-0.024465718735154907,-0.6954707499826327,0.9423626583536356,-6.0
v200_s8_p0,200,0.0,h3,2,1.3117468931191993,1.3275652744166084,13.525600166991353,12.189675250032451,True,True,147.0,110.0,True,True,True,0.01581838129740909,-1.335924916958902,0.9012298973453933,-37.0
v200_s8_p0,200,0.0,h3,3,1.3097559164084946,1.3071613067520544,11.570124416030012,12.112545875017531,True,True,135.0,150.0,True,True,True,-0.0025946096564402055,0.5424214589875191,1.0468812122915474,15.0
v200_s8_p0,200,0.0,h3,4,1.3032021682202006,1.3027548688170898,12.237809500016738,11.563998416007962,True,True,169.0,148.0,True,True,True,-0.0004472994031108346,-0.6738110840087757,0.9449402212047954,-21.0
v200_s8_p0,200,0.0,h4,0,1.362567357521584,1.3650384784791016,15.647354915970936,16.928820540953893,True,True,139.0,144.0,True,True,True,0.0024711209575176696,1.2814656249829568,1.0818966292938745,5.0
v200_s8_p0,200,0.0,h4,1,1.3714653577236169,1.3701663874521899,14.971151749952696,17.165217792033218,True,True,166.0,131.0,True,True,True,-0.0012989702714270024,2.1940660420805216,1.1465529224955893,-35.0
v200_s8_p0,200,0.0,h4,2,1.348414072088624,1.3473469092436012,16.67235912499018,16.4689872500021,True,True,159.0,144.0,True,True,True,-0.0010671628450227288,-0.20337187498807907,0.9878018537470654,-15.0
v200_s8_p0,200,0.0,h4,3,1.3650128390524003,1.3454596838481028,15.951903000008315,14.781643749971408,True,True,139.0,150.0,True,True,True,-0.019553155204297568,-1.1702592500369065,0.9266382669179786,11.0
v200_s8_p0,200,0.0,h4,4,1.3540384572438748,1.3504265698461604,16.51085433398839,16.042377958016004,True,True,166.0,156.0,True,True,True,-0.0036118873977144528,-0.46847637597238645,0.9716261577689529,-10.0
v200_s8_p0,200,0.0,h2+3,0,1.3223277671024052,1.329994781645341,13.24753883300582,12.241639417014085,True,True,163.0,140.0,True,True,True,0.007667014542935835,-1.0058994159917347,0.9240689588706418,-23.0
v200_s8_p0,200,0.0,h2+3,1,1.3252760248992366,1.3038925083029318,12.837869083043188,11.88069091696525,True,True,148.0,142.0,True,True,True,-0.021383516596304775,-0.9571781660779379,0.925441040106709,-6.0
v200_s8_p0,200,0.0,h2+3,2,1.3077828272180985,1.3345746683517359,14.182533958985005,12.787346208002418,True,True,147.0,110.0,True,True,True,0.026791841133637417,-1.3951877509825863,0.9016263415961223,-37.0
v200_s8_p0,200,0.0,h2+3,3,1.3164624869085544,1.3185400560232392,12.393574458023068,12.858866917027626,True,True,135.0,150.0,True,True,True,0.0020775691146848185,0.4652924590045586,1.0375430397889245,15.0
v200_s8_p0,200,0.0,h2+3,4,1.2885249206792404,1.311977936410387,13.08538874995429,12.3370565000223,True,True,169.0,148.0,True,True,True,0.023453015731146554,-0.7483322499319911,0.9428116149828101,-21.0
v200_s8_p0,200,0.0,h2+3+4,0,1.355072960518901,1.3681420463145397,17.819223666971084,19.054045957978815,True,True,139.0,144.0,True,True,True,0.013069085795638813,1.234822291007731,1.0692971991421008,5.0
v200_s8_p0,200,0.0,h2+3+4,1,1.3623438910634973,1.3593316845578407,16.97734333400149,19.16987095802324,True,True,166.0,131.0,True,True,True,-0.0030122065056565894,2.19252762402175,1.1291443296449482,-35.0
v200_s8_p0,200,0.0,h2+3+4,2,1.3590816696802142,1.3518749096818303,19.22381104202941,18.513811416982207,True,True,159.0,144.0,True,True,True,-0.007206759998383827,-0.7099996250472032,0.9630666560602933,-15.0
v200_s8_p0,200,0.0,h2+3+4,3,1.351032238205413,1.3439318437485839,17.993301292008255,16.921088958042674,True,True,139.0,150.0,True,True,True,-0.007100394456829084,-1.072212333965581,0.940410471843663,11.0
v200_s8_p0,200,0.0,h2+3+4,4,1.365276807284217,1.3554669818476368,18.149117290973663,18.052226750005502,True,True,166.0,156.0,True,True,True,-0.009809825436580155,-0.09689054096816108,0.9946614185464354,-10.0
v200_s8_p10,200,0.1,h2,0,1.4201100590923406,1.4154195091157846,5.913490874983836,5.106200749985874,True,True,328.0,306.0,True,True,True,-0.0046905499765559355,-0.8072901249979623,0.8634833227843327,-22.0
v200_s8_p10,200,0.1,h2,1,1.4220150330223773,1.4266930041959365,6.0074386250344105,5.062869583023712,True,True,328.0,306.0,True,True,True,0.00467797117355917,-0.9445690420106985,0.842766759518032,-22.0
v200_s8_p10,200,0.1,h2,2,1.409502071436588,1.430128309363179,6.2635808330378495,5.264041416987311,True,True,328.0,306.0,True,True,True,0.020626237926590907,-0.9995394160505384,0.8404204491497302,-22.0
v200_s8_p10,200,0.1,h2,3,1.4185006633138624,1.4293984113050535,5.951336874975823,4.9480121660162695,True,True,328.0,306.0,True,True,True,0.010897747991191142,-1.0033247089595534,0.8314118776945173,-22.0
v200_s8_p10,200,0.1,h2,4,1.4336961662657468,1.424036071932358,6.049027000030037,5.158732624957338,True,True,328.0,306.0,True,True,True,-0.00966009433338888,-0.890294375072699,0.85282023454875,-22.0
v200_s8_p10,200,0.1,h3,0,1.42936695392002,1.4465671454795488,11.552999541978352,9.800667416013312,True,True,182.0,168.0,True,True,True,0.017200191559528788,-1.7523321259650402,0.8483223236010821,-14.0
v200_s8_p10,200,0.1,h3,1,1.4128604262419358,1.4379390740552687,8.367995708016679,9.876100249995943,True,True,112.0,168.0,True,True,True,0.02507864781333291,1.5081045419792645,1.1802229105512656,56.0
v200_s8_p10,200,0.1,h3,2,1.4389770179475159,1.4646460676865944,12.351164540974423,9.740356207999866,True,True,180.0,163.0,True,True,True,0.025669049739078575,-2.610808332974557,0.7886184477331413,-17.0
v200_s8_p10,200,0.1,h3,3,1.4102093807736538,1.4223242603804251,9.519029000017326,9.939936666982248,True,True,163.0,167.0,True,True,True,0.012114879606771378,0.4209076669649221,1.0442175002265626,4.0
v200_s8_p10,200,0.1,h3,4,1.4134250835609357,1.4234127279646562,11.82996624999214,9.40353083400987,True,True,188.0,163.0,True,True,True,0.009987644403720575,-2.4264354159822688,0.7948907575299397,-25.0
v200_s8_p10,200,0.1,h4,0,1.400992552365876,1.4581789247246797,12.141207124979701,10.916410917008761,True,True,140.0,171.0,True,True,True,0.05718637235880375,-1.2247962079709396,0.8991207220696362,31.0
v200_s8_p10,200,0.1,h4,1,1.4141815014572179,1.4477762609455274,12.413233041006606,11.153113708016463,True,True,160.0,148.0,True,True,True,0.03359475948830948,-1.2601193329901434,0.8984858071360304,-12.0
v200_s8_p10,200,0.1,h4,2,1.4699640031839014,1.4219856141040357,12.702152415993623,10.86923187499633,True,True,119.0,171.0,True,True,True,-0.047978389079865735,-1.8329205409972928,0.8557000041434385,52.0
v200_s8_p10,200,0.1,h4,3,1.4036050293536702,1.448865631016768,12.455979292048141,9.949448041035794,True,True,163.0,161.0,True,True,True,0.045260601663097866,-2.5065312510123476,0.7987688328437966,-2.0
v200_s8_p10,200,0.1,h4,4,1.4180367677382884,1.483256477993561,12.37808670900995,10.164832957962062,True,True,163.0,158.0,True,True,True,0.06521971025527273,-2.213253751047887,0.8211958113496757,-5.0
v200_s8_p10,200,0.1,h2+3,0,1.4131240628889483,1.4403314643736287,12.41280099999858,10.501528166001663,True,True,182.0,168.0,True,True,True,0.02720740148468037,-1.911272833996918,0.8460240493666872,-14.0
v200_s8_p10,200,0.1,h2+3,1,1.413962459698815,1.4351400706030688,9.125806374999229,10.692702167027164,True,True,112.0,168.0,True,True,True,0.021177610904253852,1.5668957920279354,1.171699434290054,56.0
v200_s8_p10,200,0.1,h2+3,2,1.395840859104812,1.4554908988078625,13.159290415991563,10.462197792017832,True,True,180.0,163.0,True,True,True,0.059650039703050606,-2.697092623973731,0.7950427007298096,-17.0
v200_s8_p10,200,0.1,h2+3,3,1.3857164936558966,1.44057501159084,10.071662415983155,10.798678166000172,True,True,163.0,167.0,True,True,True,0.05485851793494345,0.7270157500170171,1.0721842849759624,4.0
v200_s8_p10,200,0.1,h2+3,4,1.4371882517932526,1.462720444085945,12.702542459010147,10.127555417013355,True,True,188.0,163.0,True,True,True,0.025532192292692324,-2.574987041996792,0.7972856969141398,-25.0
v200_s8_p10,200,0.1,h2+3+4,0,1.4044133666357443,1.4646593562899652,14.116196332965046,12.651817417005077,True,True,140.0,171.0,True,True,True,0.0602459896542209,-1.4643789159599692,0.8962625000801202,31.0
v200_s8_p10,200,0.1,h2+3+4,1,1.4161273951967268,1.431224864271094,14.580742916965391,13.413848207972478,True,True,160.0,148.0,True,True,True,0.015097469074367265,-1.1668947089929134,0.9199701472251338,-12.0
v200_s8_p10,200,0.1,h2+3+4,2,1.4531047203915213,1.4425163362037836,14.79720550001366,13.064510541968048,True,True,119.0,171.0,True,True,True,-0.010588384187737665,-1.732694958045613,0.8829039065488403,52.0
v200_s8_p10,200,0.1,h2+3+4,3,1.3999112903391384,1.4443414480155148,14.599897625041194,11.849915375001729,True,True,163.0,161.0,True,True,True,0.04443015767637637,-2.7499822500394657,0.8116437306161106,-2.0
v200_s8_p10,200,0.1,h2+3+4,4,1.4169505173107475,1.4405024354550788,14.386816499987617,12.156821374956053,True,True,163.0,158.0,True,True,True,0.02355191814433133,-2.2299951250315644,0.8449973192447764,-5.0
v200_s8_p30,200,0.3,h2,0,2.6283737149124566,2.2121936456404674,2.0951732500107028,0.966765875054989,True,True,255.0,158.0,True,True,True,-0.41618006927198925,-1.1284073749557137,0.46142526640699066,-97.0
v200_s8_p30,200,0.3,h2,1,2.2070915261235635,2.4056213276932645,2.0200466249953024,0.998532666999381,True,True,255.0,158.0,True,True,True,0.19852980156970101,-1.0215139579959214,0.49431169293020805,-97.0
v200_s8_p30,200,0.3,h2,2,,2.2178808399511243,1.9572654999792576,1.0254288330324925,True,True,255.0,158.0,False,True,False,,-0.931836666946765,0.5239089091609491,-97.0
v200_s8_p30,200,0.3,h2,3,2.582308618329458,2.348391572099505,2.018178624974098,1.0026455839979462,True,True,255.0,158.0,True,True,True,-0.23391704622995313,-1.0155330409761518,0.4968071565076726,-97.0
v200_s8_p30,200,0.3,h2,4,,2.066472165571036,1.9705084160086699,1.0483607080532238,True,True,255.0,158.0,False,True,False,,-0.9221477079554461,0.5320254912570803,-97.0
v200_s8_p30,200,0.3,h3,0,1.9454563521734567,1.979202748223641,7.620774209033698,1.7081378329894505,True,True,140.0,158.0,True,True,True,0.03374639605018426,-5.912636376044247,0.2241422965877426,18.0
v200_s8_p30,200,0.3,h3,1,1.9487839042019526,1.9984994091440114,7.798170207999647,1.5378552500042133,True,True,134.0,158.0,True,True,True,0.049715504942058786,-6.260314957995433,0.19720719207008658,24.0
v200_s8_p30,200,0.3,h3,2,2.202233015500311,1.9307331953951923,6.396837082982529,1.6813477499526925,True,True,147.0,158.0,True,True,True,-0.27149982010511864,-4.715489333029836,0.2628404832171782,11.0
v200_s8_p30,200,0.3,h3,3,2.0430805261635188,1.995196749682735,7.556763708009385,1.5767495000036433,True,True,140.0,158.0,True,True,True,-0.04788377648078379,-5.980014208005741,0.20865406951026572,18.0
v200_s8_p30,200,0.3,h3,4,1.909496603515224,2.0208247763963154,7.538152708031703,1.6179186250083148,True,True,137.0,158.0,True,True,True,0.11132817288109131,-5.920234083023388,0.21463065125816105,21.0
v200_s8_p30,200,0.3,h4,0,,2.194773131574092,6.171772165980656,3.305936125048902,True,True,155.0,187.0,False,True,False,,-2.865836040931754,0.5356542717619275,32.0
v200_s8_p30,200,0.3,h4,1,,1.8912240644482603,6.150967583991587,3.0666349999955855,True,True,155.0,154.0,False,True,False,,-3.0843325839960016,0.4985613983687318,-1.0
v200_s8_p30,200,0.3,h4,2,,2.0063253698459937,6.345823417010251,3.1078857079846784,True,True,177.0,154.0,False,True,False,,-3.237937709025573,0.4897529451660848,-23.0
v200_s8_p30,200,0.3,h4,3,,1.904904670114741,6.563770916021895,3.0518011250533164,True,True,177.0,146.0,False,True,False,,-3.5119697909685783,0.46494631883084087,-31.0
v200_s8_p30,200,0.3,h4,4,,2.0454913644706343,6.095243874995504,3.142313375021331,True,True,155.0,124.0,False,True,False,,-2.9529304999741726,0.5155352992374975,-31.0
v200_s8_p30,200,0.3,h2+3,0,1.976858698856122,2.0810936212163997,8.096720665984321,1.5456178750027902,True,True,140.0,158.0,True,True,True,0.10423492236027765,-6.551102790981531,0.19089430632035875,18.0
v200_s8_p30,200,0.3,h2+3,1,1.941495772656223,2.038021718781128,8.446539208001923,1.737462625023909,True,True,134.0,158.0,True,True,True,0.09652594612490506,-6.709076582978014,0.2057011258975634,24.0
v200_s8_p30,200,0.3,h2+3,2,2.0645539759235056,1.9657358521182249,6.916488124988973,1.725402291980572,True,True,147.0,158.0,True,True,True,-0.09881812380528077,-5.191085833008401,0.24946219248852144,11.0
v200_s8_p30,200,0.3,h2+3,3,1.9657902589180047,2.035425351985414,8.144013542041648,1.6732430420233868,True,True,140.0,158.0,True,True,True,0.06963509306740945,-6.470770500018261,0.20545680988687506,18.0
v200_s8_p30,200,0.3,h2+3,4,1.9568248421287873,2.0068768615994466,8.136300207988825,1.6817257500370033,True,True,137.0,158.0,True,True,True,0.05005201947065929,-6.454574457951821,0.2066941616025623,21.0
v200_s8_p30,200,0.3,h2+3+4,0,,2.1062306605201546,7.456647707964294,4.03970229200786,True,True,155.0,187.0,False,True,False,,-3.416945415956434,0.5417585019730966,32.0
v200_s8_p30,200,0.3,h2+3+4,1,,1.938241056914989,7.33622945798561,3.9057940840139054,True,True,155.0,154.0,False,True,False,,-3.4304353739717044,0.5323980263134194,-1.0
v200_s8_p30,200,0.3,h2+3+4,2,,1.9632339397485965,7.611973249993753,3.9399959160364233,True,True,177.0,154.0,False,True,False,,-3.6719773339573294,0.5176050659452406,-23.0
v200_s8_p30,200,0.3,h2+3+4,3,,1.9221696855285622,7.973561167018488,3.879201625008136,True,True,177.0,147.0,False,True,False,,-4.094359542010352,0.4865080412318033,-30.0
v200_s8_p30,200,0.3,h2+3+4,4,,1.9543689008094416,7.2250931250164285,3.958769582968671,True,True,155.0,125.0,False,True,False,,-3.2663235420477577,0.5479195235922539,-30.0
v200_s8_p50,200,0.5,h2,0,2.8968029045978505,2.524710888486664,1.5588244169484824,0.3115872080088593,True,True,212.0,47.0,True,True,True,-0.3720920161111865,-1.247237208939623,0.19988601963190633,-165.0
v200_s8_p50,200,0.5,h2,1,3.3192279097084545,2.7542695200839287,1.5054485419532284,0.3348002079874277,True,True,212.0,47.0,True,True,True,-0.5649583896245258,-1.1706483339658007,0.22239232936719625,-165.0
v200_s8_p50,200,0.5,h2,2,,2.7542013904812137,1.4262982499785721,0.3330139999743551,True,True,212.0,47.0,False,True,False,,-1.093284250004217,0.2334813213010379,-165.0
v200_s8_p50,200,0.5,h2,3,2.683469470641144,2.521741873342829,1.4434169169981033,0.31342195899924263,True,True,212.0,47.0,True,True,True,-0.16172759729831476,-1.1299949579988606,0.2171388981993305,-165.0
v200_s8_p50,200,0.5,h2,4,,2.8077355162191266,1.418069208972156,0.30909741698997095,True,True,212.0,47.0,False,True,False,,-1.108971791982185,0.2179706145753004,-165.0
v200_s8_p50,200,0.5,h3,0,,2.592025924374537,1.4215550409862772,0.4616024580318481,True,True,212.0,47.0,False,True,False,,-0.9599525829544291,0.3247165566741528,-165.0
v200_s8_p50,200,0.5,h3,1,2.8643135516345923,2.5940751120490133,1.540114666975569,0.4401972920168191,True,True,212.0,47.0,True,True,True,-0.270238439585579,-1.0999173749587499,0.28582111543763516,-165.0
v200_s8_p50,200,0.5,h3,2,2.641553052453889,2.592025924374553,1.657717624970246,0.4363425829797052,True,True,212.0,47.0,True,True,True,-0.0495271280793359,-1.221375041990541,0.26321888384792735,-165.0
v200_s8_p50,200,0.5,h3,3,2.8546012273683883,2.6265059685543637,1.5805143329780549,0.45638691599015146,True,True,212.0,47.0,True,True,True,-0.2280952588140246,-1.1241274169879034,0.28875847973501945,-165.0
v200_s8_p50,200,0.5,h3,4,3.01751159099216,2.6265059685543637,1.5551738329813816,0.46624016598798335,True,True,212.0,47.0,True,True,True,-0.39100562243779624,-1.0889336669933982,0.29979938968891146,-165.0
v200_s8_p50,200,0.5,h2+3,0,3.0103859181027084,2.6294207746234695,1.691758957982529,0.4786870420211926,True,True,212.0,47.0,True,True,True,-0.38096514347923893,-1.2130719159613363,0.2829522726996762,-165.0
v200_s8_p50,200,0.5,h2+3,1,2.85005101945063,2.562942453938189,1.6789195000310428,0.44841837498825043,True,True,212.0,47.0,True,True,True,-0.28710856551244124,-1.2305011250427924,0.2670874779761384,-165.0
v200_s8_p50,200,0.5,h2+3,2,3.0244756909802892,2.592025924374553,1.7492922500241548,0.4845654579694383,True,True,212.0,47.0,True,True,True,-0.4324497666057363,-1.2647267920547165,0.27700657678140816,-165.0
v200_s8_p50,200,0.5,h2+3,3,2.671698997256859,2.6265059685543153,1.7511720419861376,0.4593681250116788,True,True,212.0,47.0,True,True,True,-0.045193028702543714,-1.2918039169744588,0.26232038543207575,-165.0
v200_s8_p50,200,0.5,h2+3,4,,2.592025924374537,1.61852799996268,0.4874663749942556,True,True,212.0,47.0,False,True,False,,-1.1310616249684244,0.30117883348665925,-165.0
v200_s9_p0,200,0.0,h2,0,1.2419646799482984,1.2484657033662563,7.009726541989949,6.87953329202719,True,True,364.0,360.0,True,True,True,0.006501023417957885,-0.13019324996275827,0.9814267719028882,-4.0
v200_s9_p0,200,0.0,h2,1,1.2476113636123363,1.251483659248596,7.069117332983296,6.990714417013805,True,True,364.0,360.0,True,True,True,0.0038722956362597927,-0.078402915969491,0.988909093982119,-4.0
v200_s9_p0,200,0.0,h2,2,1.2514678316779526,1.2539080814409218,7.262689709023107,7.20769620797364,True,True,364.0,360.0,True,True,True,0.0024402497629691933,-0.05499350104946643,0.9924279429174645,-4.0
v200_s9_p0,200,0.0,h2,3,1.2495398017965367,1.2499052459978623,7.1723735830164514,6.930396541021764,True,True,364.0,360.0,True,True,True,0.0003654442013256709,-0.24197704199468717,0.9662626271214222,-4.0
v200_s9_p0,200,0.0,h2,4,1.2512526416567529,1.2519521816192436,7.073023334029131,6.998587834008504,True,True,364.0,360.0,True,True,True,0.000699539962490725,-0.07443550002062693,0.9894761410354029,-4.0
v200_s9_p0,200,0.0,h3,0,1.3366612698346836,1.2978725177827195,11.820478666981217,11.652343125024345,True,True,116.0,150.0,True,True,True,-0.03878875205196408,-0.16813554195687175,0.9857759108836655,34.0
v200_s9_p0,200,0.0,h3,1,1.3047317476619051,1.317565490355868,13.183508583984803,12.040012417011894,True,True,166.0,153.0,True,True,True,0.012833742693962868,-1.1434961669729091,0.9132631378294837,-13.0
v200_s9_p0,200,0.0,h3,2,1.3137896016429373,1.3192628328242446,13.33662033296423,12.63311470800545,True,True,177.0,128.0,True,True,True,0.00547323118130727,-0.7035056249587797,0.9472500823000922,-49.0
v200_s9_p0,200,0.0,h3,3,1.2949641046109164,1.3025078096396332,11.92722249997314,11.335507792013232,True,True,165.0,140.0,True,True,True,0.007543705028716818,-0.591714707959909,0.9503895640446682,-25.0
v200_s9_p0,200,0.0,h3,4,1.2924309086079444,1.321401115872682,11.826719083008356,11.67271791701205,True,True,169.0,111.0,True,True,True,0.028970207264737535,-0.15400116599630564,0.986978538602683,-58.0
v200_s9_p0,200,0.0,h4,0,1.352130972074986,1.3517192277774581,15.391876916983165,16.327669165970292,True,True,213.0,126.0,True,True,True,-0.00041174429752777186,0.9357922489871271,1.0607977996468116,-87.0
v200_s9_p0,200,0.0,h4,1,1.3614053758068623,1.3581115575136298,16.122257208975498,14.664312333043199,True,True,172.0,163.0,True,True,True,-0.0032938182932324978,-1.4579448759322986,0.9095694320569059,-9.0
v200_s9_p0,200,0.0,h4,2,1.3593520266920234,1.3513140383886306,19.65201470797183,18.452992833976168,True,True,137.0,125.0,True,True,True,-0.008037988303392751,-1.1990218739956617,0.9389873307234358,-12.0
v200_s9_p0,200,0.0,h4,3,1.371393197455727,1.362312443408513,15.970979625009932,18.78604566596914,True,True,148.0,146.0,True,True,True,-0.00908075404721398,2.815066040959209,1.1762613256704006,-2.0
v200_s9_p0,200,0.0,h4,4,1.3551592955915914,1.355884193977667,15.776273624971509,18.198879375006072,True,True,171.0,125.0,True,True,True,0.0007248983860754787,2.4226057500345632,1.1535600743004315,-46.0
v200_s9_p0,200,0.0,h2+3,0,1.3288461588667448,1.3021243750964768,12.483057249977719,12.510326333984267,True,True,116.0,150.0,True,True,True,-0.026721783770268015,0.027269084006547928,1.002184487618736,34.0
v200_s9_p0,200,0.0,h2+3,1,1.305053548573025,1.3128924548378453,13.653637708979659,12.813517250004224,True,True,166.0,153.0,True,True,True,0.007838906264820311,-0.8401204589754343,0.9384691115377327,-13.0
v200_s9_p0,200,0.0,h2+3,2,1.3048247656098768,1.32252708815986,14.195336083008442,13.463150249968749,True,True,177.0,128.0,True,True,True,0.017702322549983274,-0.7321858330396935,0.9484206764279356,-49.0
v200_s9_p0,200,0.0,h2+3,3,1.290727347205936,1.319658022471137,12.732043166994117,11.91070441697957,True,True,165.0,140.0,True,True,True,0.02893067526520099,-0.8213387500145473,0.9354904205678675,-25.0
v200_s9_p0,200,0.0,h2+3,4,1.294706479789566,1.3266427129180558,12.668151125020813,12.562802541011479,True,True,169.0,111.0,True,True,True,0.03193623312848981,-0.10534858400933444,0.9916839811137664,-58.0
v200_s9_p0,200,0.0,h2+3+4,0,1.3520644281199068,1.3572499802933304,17.375111542001832,18.072305916051846,True,True,213.0,126.0,True,True,True,0.0051855521734236465,0.6971943740500137,1.0401260373128913,-87.0
v200_s9_p0,200,0.0,h2+3+4,1,1.3614601139094828,1.3483451787408214,18.226541958982125,16.540401167003438,True,True,172.0,163.0,True,True,True,-0.013114935168661468,-1.686140791978687,0.9074898137137994,-9.0
v200_s9_p0,200,0.0,h2+3+4,2,1.3657726378770627,1.3543638397474564,21.816540792002343,20.819629165984225,True,True,137.0,125.0,True,True,True,-0.011408798129606268,-0.9969116260181181,0.9543047802342902,-12.0
v200_s9_p0,200,0.0,h2+3+4,3,1.3596283061781207,1.3659510740665897,17.9609152500052,21.110444666992407,True,True,148.0,146.0,True,True,True,0.006322767888468972,3.149529416987207,1.1753546171310114,-2.0
v200_s9_p0,200,0.0,h2+3+4,4,1.3814363861084817,1.352519216669421,17.9447250419762,20.439170584024396,True,True,171.0,125.0,True,True,True,-0.02891716943906064,2.4944455420481972,1.1390071754352995,-46.0
v200_s9_p10,200,0.1,h2,0,1.4081194118520755,1.4144526075516581,5.9948382919537835,5.050293000007514,True,True,328.0,304.0,True,True,True,0.006333195699582683,-0.9445452919462696,0.8424402384274435,-24.0
v200_s9_p10,200,0.1,h2,1,1.4217938545080697,1.413197658592919,6.107840791984927,5.067391916993074,True,True,328.0,304.0,True,True,True,-0.008596195915150817,-1.0404488749918528,0.8296535698250039,-24.0
v200_s9_p10,200,0.1,h2,2,1.4168889543920595,1.4202619301854744,6.160090832971036,5.1975842919782735,True,True,328.0,304.0,True,True,True,0.0033729757934148896,-0.9625065409927629,0.8437512421341128,-24.0
v200_s9_p10,200,0.1,h2,3,1.4187740270265181,1.4091696408663623,6.040862207999453,5.081884166982491,True,True,328.0,304.0,True,True,True,-0.009604386160155798,-0.9589780410169624,0.8412514624572862,-24.0
v200_s9_p10,200,0.1,h2,4,1.3774325032869303,1.397000339729855,5.914562958001625,5.111442582972813,True,True,328.0,304.0,True,True,True,0.01956783644292459,-0.8031203750288114,0.864213065152634,-24.0
v200_s9_p10,200,0.1,h3,0,1.4048664076215909,1.4253861600664215,11.296223457960878,9.624537625000812,True,True,140.0,142.0,True,True,True,0.02051975244483062,-1.6716858329600655,0.8520137425413654,2.0
v200_s9_p10,200,0.1,h3,1,1.3944422481622767,1.3727008049235219,10.620650166994892,9.8414191249758,True,True,142.0,181.0,True,True,True,-0.02174144323875482,-0.7792310420190915,0.926630570655584,39.0
v200_s9_p10,200,0.1,h3,2,1.428601081996772,1.398309640931328,10.758113874995615,8.396910040988587,True,True,162.0,130.0,True,True,True,-0.030291441065444014,-2.3612038340070285,0.7805187915425379,-32.0
v200_s9_p10,200,0.1,h3,3,1.3986118658548874,1.4001741541684507,8.720404999970924,7.543436000007205,True,True,140.0,131.0,True,True,True,0.0015622883135633092,-1.1769689999637194,0.8650327593766982,-9.0
v200_s9_p10,200,0.1,h3,4,1.3858463195655282,1.3944046831828418,10.785787625005469,7.64418616599869,True,True,162.0,139.0,True,True,True,0.008558363617313658,-3.141601459006779,0.7087276730979407,-23.0
v200_s9_p10,200,0.1,h4,0,1.4101936048010073,1.43591025361095,11.648477999959141,11.054376707994379,True,True,187.0,167.0,True,True,True,0.025716648809942733,-0.5941012919647619,0.9489975177901485,-20.0
v200_s9_p10,200,0.1,h4,1,1.437484893268904,1.4151601259931952,12.26572570798453,10.321068292018026,True,True,208.0,170.0,True,True,True,-0.022324767275708757,-1.9446574159665033,0.8414559837498564,-38.0
v200_s9_p10,200,0.1,h4,2,1.4264137953738418,1.3996449674387712,12.559650917013641,11.620854582986794,True,True,188.0,153.0,True,True,True,-0.026768827935070627,-0.938796334026847,0.9252529914860032,-35.0
v200_s9_p10,200,0.1,h4,3,1.4186835771207167,1.3809697434947934,10.595495541987475,10.280710499966517,True,True,183.0,176.0,True,True,True,-0.03771383362592329,-0.3147850420209579,0.970290672977631,-7.0
v200_s9_p10,200,0.1,h4,4,1.4255664670123323,1.3976108845102055,10.64310354203917,11.379569916985929,True,True,176.0,158.0,True,True,True,-0.027955582502126708,0.7364663749467582,1.069196580869273,-18.0
v200_s9_p10,200,0.1,h2+3,0,1.4169055770042986,1.4088834507581989,12.038685916981194,10.316923082980793,True,True,140.0,142.0,True,True,True,-0.00802212624609977,-1.7217628340004012,0.8569808328023771,2.0
v200_s9_p10,200,0.1,h2+3,1,1.3909648312566898,1.3928262978298622,11.321766667009797,10.609923625015654,True,True,142.0,181.0,True,True,True,0.0018614665731724322,-0.7118430419941433,0.9371261515158792,39.0
v200_s9_p10,200,0.1,h2+3,2,1.4119113138261743,1.402863165063251,11.667602875037119,9.054167166003026,True,True,162.0,130.0,True,True,True,-0.009048148762923258,-2.6134357090340927,0.7760091994024284,-32.0
v200_s9_p10,200,0.1,h2+3,3,1.4085801892486425,1.3974074959896445,9.606175541004632,8.210316625016276,True,True,140.0,131.0,True,True,True,-0.011172693258997946,-1.3958589159883559,0.8546915044358668,-9.0
v200_s9_p10,200,0.1,h2+3,4,1.3926236735059607,1.4085604007311467,11.493550209037494,8.300653041980695,True,True,162.0,139.0,True,True,True,0.01593672722518602,-3.192897167056799,0.7222009641071396,-23.0
v200_s9_p10,200,0.1,h2+3+4,0,1.4489087332985604,1.434882341186813,13.686237833986524,12.740482542023528,True,True,188.0,167.0,True,True,True,-0.014026392111747388,-0.9457552919629961,0.9308973507961087,-21.0
v200_s9_p10,200,0.1,h2+3+4,1,1.4385818367689935,1.4054657619492843,13.929544457991142,12.114071833027992,True,True,208.0,170.0,True,True,True,-0.03311607481970924,-1.8154726249631494,0.8696674804809109,-38.0
v200_s9_p10,200,0.1,h2+3+4,2,1.4286042239976986,1.3956062114501402,14.648318500025198,13.638732665975112,True,True,188.0,153.0,True,True,True,-0.03299801254755841,-1.0095858340500854,0.931078380494775,-35.0
v200_s9_p10,200,0.1,h2+3+4,3,1.4217353934866264,1.3875537079254106,12.34908420901047,11.980204457999207,True,True,183.0,176.0,True,True,True,-0.03418168556121581,-0.3688797510112636,0.9701289792208144,-7.0
v200_s9_p10,200,0.1,h2+3+4,4,1.4353901709195207,1.3907326639788171,12.52949466597056,13.187330666987691,True,True,176.0,158.0,True,True,True,-0.044657506940703584,0.6578360010171309,1.0525029954163896,-18.0
v200_s9_p30,200,0.3,h2,0,,2.3924519647165496,1.8234836669871584,0.9019950419897214,True,True,255.0,157.0,False,True,False,,-0.921488624997437,0.4946548512167581,-98.0
v200_s9_p30,200,0.3,h2,1,2.76892443507297,3.413845109980838,1.8729400410084054,0.9173417090205476,True,True,255.0,157.0,True,True,True,0.6449206749078682,-0.9555983319878578,0.489787013430843,-98.0
v200_s9_p30,200,0.3,h2,2,,2.3819148921701645,1.873734124994371,0.9746879580197856,True,True,255.0,157.0,False,True,False,,-0.8990461669745855,0.5201847716909749,-98.0
v200_s9_p30,200,0.3,h2,3,2.5831125087705615,2.3722788814801374,1.965199499973096,0.9412240829551592,True,True,255.0,157.0,True,True,True,-0.2108336272904241,-1.0239754170179367,0.4789458184617108,-98.0
v200_s9_p30,200,0.3,h2,4,,2.2334273655941086,1.800020917027723,0.8979418329545297,True,True,255.0,157.0,False,True,False,,-0.9020790840731934,0.4988507769327772,-98.0
v200_s9_p30,200,0.3,h3,0,,2.1842265283702087,2.218207916012034,3.1434511670377105,True,True,255.0,106.0,False,True,False,,0.9252432510256767,1.4171129515618668,-149.0
v200_s9_p30,200,0.3,h3,1,2.519778534110665,2.2045550349331235,2.3023642909829505,3.218935540993698,True,True,255.0,106.0,True,True,True,-0.31522349917754156,0.9165712500107475,1.398100011193031,-149.0
v200_s9_p30,200,0.3,h3,2,2.3715901360845906,2.1844477265024342,2.4459964580019005,3.309223791991826,True,True,255.0,106.0,True,True,True,-0.18714240958215633,0.8632273339899257,1.3529143843058071,-149.0
v200_s9_p30,200,0.3,h3,3,2.408993216305121,2.307497757524737,2.355105332972016,3.116150000016205,True,True,255.0,106.0,True,True,True,-0.10149545878038424,0.7610446670441888,1.3231467639215064,-149.0
v200_s9_p30,200,0.3,h3,4,2.5303735220203767,2.177082677699923,2.3374131660093553,3.1524870839784853,True,True,255.0,106.0,True,True,True,-0.3532908443204539,0.81507391796913,1.3487076781383491,-149.0
v200_s9_p30,200,0.3,h4,0,,2.1543468497135807,6.435923083045054,3.21996587497415,True,True,236.0,135.0,False,True,False,,-3.215957208070904,0.5003114290562147,-101.0
v200_s9_p30,200,0.3,h4,1,,2.1792505531455624,6.316272582975216,3.311717416974716,True,True,225.0,143.0,False,True,False,,-3.0045551660005003,0.5243151516134797,-82.0
v200_s9_p30,200,0.3,h4,2,,2.3640036174755,6.360335165983997,3.187649291008711,True,True,214.0,143.0,False,True,False,,-3.1726858749752864,0.5011763071947412,-71.0
v200_s9_p30,200,0.3,h4,3,,2.2859033666223363,6.302581333031412,3.272317541996017,True,True,217.0,136.0,False,True,False,,-3.030263791035395,0.5192027471103018,-81.0
v200_s9_p30,200,0.3,h4,4,,2.2199536040505463,6.200929125014227,3.3056094580097124,True,True,221.0,133.0,False,True,False,,-2.8953196670045145,0.5330829286009826,-88.0
v200_s9_p30,200,0.3,h2+3,0,,2.1163006534454762,2.4078853329992853,3.4257867919513956,True,True,255.0,106.0,False,True,False,,1.0179014589521103,1.4227366830978627,-149.0
v200_s9_p30,200,0.3,h2+3,1,2.573821264779226,2.1588467192746794,2.4675903329625726,3.446821124991402,True,True,255.0,106.0,True,True,True,-0.4149745455045464,0.9792307920288295,1.3968368569725962,-149.0
v200_s9_p30,200,0.3,h2+3,2,,2.0692472979989507,2.415066957997624,3.4506733330199495,True,True,255.0,106.0,False,True,False,,1.0356063750223257,1.4288106263856823,-149.0
v200_s9_p30,200,0.3,h2+3,3,2.1311110565969456,2.2102312638926596,2.525684541964438,3.3140987909864634,True,True,255.0,106.0,True,True,True,0.079120207295714,0.7884142490220256,1.3121586389442006,-149.0
v200_s9_p30,200,0.3,h2+3,4,2.3323344752668924,2.156018830014529,2.4028943330049515,3.375738792004995,True,True,255.0,106.0,True,True,True,-0.17631564525236332,0.9728444590000436,1.4048636037122149,-149.0
v200_s9_p30,200,0.3,h2+3+4,0,,2.1327963054431693,7.9623721249517985,3.9801211659796536,True,True,204.0,135.0,False,True,False,,-3.982250958972145,0.49986625888874137,-69.0
v200_s9_p30,200,0.3,h2+3+4,1,,2.322519343658864,8.209532124979887,3.9127966659725644,True,True,202.0,143.0,False,True,False,,-4.296735459007323,0.47661628049018084,-59.0
v200_s9_p30,200,0.3,h2+3+4,2,,,8.288481458032038,3.968275041959714,True,True,188.0,143.0,False,False,False,,-4.320206416072324,0.47876985211980133,-45.0
v200_s9_p30,200,0.3,h2+3+4,3,,2.2832376453459085,7.529792791989166,4.127124082995579,True,True,217.0,136.0,False,True,False,,-3.4026687089935876,0.5481059302702678,-81.0
v200_s9_p30,200,0.3,h2+3+4,4,,2.396545177922127,7.991624249960296,4.135263083036989,True,True,203.0,133.0,False,True,False,,-3.856361166923307,0.5174496389839066,-70.0
v200_s9_p50,200,0.5,h2,0,,3.2258760629259524,1.3608228750526905,0.41257658298127353,True,True,219.0,65.0,False,True,False,,-0.948246292071417,0.30318169288953106,-154.0
v200_s9_p50,200,0.5,h2,1,,2.9505675205519237,1.4107382079819217,0.40522499999497086,True,True,219.0,65.0,False,True,False,,-1.0055132079869509,0.2872432303188628,-154.0
v200_s9_p50,200,0.5,h2,2,3.141163663470382,2.972764820310881,1.5079191670520231,0.3901768330251798,True,True,219.0,65.0,True,True,True,-0.1683988431595007,-1.1177423340268433,0.25875182274390357,-154.0
v200_s9_p50,200,0.5,h2,3,,2.93726111807595,1.3692202910315245,0.4149072919972241,True,True,219.0,65.0,False,True,False,,-0.9543129990343004,0.30302449847909196,-154.0
v200_s9_p50,200,0.5,h2,4,,2.9084752254081314,1.3575723340036348,0.38371908402768895,True,True,219.0,65.0,False,True,False,,-0.9738532499759458,0.28265093094233723,-154.0
v200_s9_p50,200,0.5,h3,0,3.041801321795574,2.9360418047978425,1.5480699579929933,0.49705166602507234,True,True,219.0,65.0,True,True,True,-0.10575951699773167,-1.051018291967921,0.32107829717817055,-154.0
v200_s9_p50,200,0.5,h3,1,2.9086711244814407,2.8605155489388707,1.546344666974619,0.49884058302268386,True,True,219.0,65.0,True,True,True,-0.048155575542569995,-1.0475040839519352,0.32259339956767324,-154.0
v200_s9_p50,200,0.5,h3,2,3.1296888528850073,2.9515423229697837,1.6713329579797573,0.4949233749648556,True,True,219.0,65.0,True,True,True,-0.17814652991522362,-1.1764095830149017,0.29612494183271526,-154.0
v200_s9_p50,200,0.5,h3,3,,2.9528446051004615,1.43804724997608,0.5113525000051595,True,True,219.0,65.0,False,True,False,,-0.9266947499709204,0.3555881074239148,-154.0
v200_s9_p50,200,0.5,h3,4,,2.9923911224174597,1.4542107919696718,0.4625930829788558,True,True,219.0,65.0,False,True,False,,-0.991617708990816,0.31810593452706504,-154.0
v200_s9_p50,200,0.5,h2+3,0,,2.8605155489388707,1.60134683403885,0.4749155419995077,True,True,219.0,65.0,False,True,False,,-1.1264312920393422,0.29657256748164645,-154.0
v200_s9_p50,200,0.5,h2+3,1,,2.8439330792706112,1.5569842499680817,0.4812952500069514,True,True,219.0,65.0,False,True,False,,-1.0756889999611303,0.3091201789721495,-154.0
v200_s9_p50,200,0.5,h2+3,2,,2.9923911224174655,1.652612500009127,0.5008696249569766,True,True,219.0,65.0,False,True,False,,-1.1517428750521503,0.303077475787101,-154.0
v200_s9_p50,200,0.5,h2+3,3,,2.890834762563967,1.5611102919792756,0.510634417005349,True,True,219.0,65.0,False,True,False,,-1.0504758749739267,0.3270969512076779,-154.0
v200_s9_p50,200,0.5,h2+3,4,,2.9726701613501096,1.571475999953691,0.4676995829795487,True,True,219.0,65.0,False,True,False,,-1.1037764169741422,0.29761802470628324,-154.0
v300_s0_p0,300,0.0,h2,0,1.2208909047383212,1.2082004695025885,10.79759087500861,10.626762125000823,True,True,577.0,573.0,True,True,True,-0.012690435235732656,-0.17082875000778586,0.9841789940010438,-4.0
v300_s0_p0,300,0.0,h2,1,1.213176173758672,1.218013395719319,16.967516249977052,16.934235291962977,True,True,577.0,573.0,True,True,True,0.004837221960647176,-0.03328095801407471,0.9980385486288177,-4.0
v300_s0_p0,300,0.0,h2,2,1.2184245380715435,1.2196686825831693,17.491965875029564,17.17036895902129,True,True,577.0,573.0,True,True,True,0.0012441445116257999,-0.321596916008275,0.981614592761848,-4.0
v300_s0_p0,300,0.0,h2,3,1.2182908214701587,1.2280853334753838,17.01253862498561,16.585748208046425,True,True,577.0,573.0,True,True,True,0.009794512005225187,-0.42679041693918407,0.9749131845430538,-4.0
v300_s0_p0,300,0.0,h2,4,1.2226416106568274,1.2135565984197705,16.687622124969494,16.596159083012026,True,True,577.0,573.0,True,True,True,-0.009085012237056933,-0.0914630419574678,0.9945191087578252,-4.0
v300_s0_p0,300,0.0,h3,0,1.2969976066776374,1.3170630050875576,19.088713500008453,20.665804084041156,True,True,240.0,159.0,True,True,True,0.020065398409920165,1.5770905840327032,1.0826190085587488,-81.0
v300_s0_p0,300,0.0,h3,1,1.2546832058618433,1.3038948193798565,29.21123679203447,33.004396500007715,True,True,245.0,145.0,True,True,True,0.049211613518013175,3.7931597079732455,1.1298527595725625,-100.0
v300_s0_p0,300,0.0,h3,2,1.2936404746471004,1.2961197280430838,29.92436025000643,29.652140124992002,True,True,229.0,219.0,True,True,True,0.0024792533959834273,-0.27222012501442805,0.9909030594893212,-10.0
v300_s0_p0,300,0.0,h3,3,1.2765758571985966,1.315107709148605,31.335072209010832,29.936086417001206,True,True,240.0,171.0,True,True,True,0.03853185195000841,-1.3989857920096256,0.955353994952425,-69.0
v300_s0_p0,300,0.0,h3,4,1.2771263167144808,1.2943361261535324,28.01362387498375,30.605462709034327,True,True,231.0,231.0,True,True,True,0.017209809439051593,2.591838834050577,1.092520655150407,0.0
v300_s0_p0,300,0.0,h4,0,1.3019469790545721,1.3527128828728623,29.884337458002847,32.17843512503896,True,True,232.0,192.0,True,True,True,0.05076590381829016,2.2940976670361124,1.076765886821485,-40.0
v300_s0_p0,300,0.0,h4,1,1.2875683224028078,1.3472801498438887,45.61405541701242,49.37632449995726,True,True,257.0,206.0,True,True,True,0.059711827441080834,3.76226908294484,1.0824804777507604,-51.0
v300_s0_p0,300,0.0,h4,2,1.3058625824951122,1.3537872276446232,43.187196208979,43.33473179099383,True,True,301.0,196.0,True,True,True,0.047924645149511,0.1475355820148252,1.0034161880132462,-105.0
v300_s0_p0,300,0.0,h4,3,1.3102406656570336,1.3518408159065267,43.28309437504504,42.07250945799751,True,True,206.0,196.0,True,True,True,0.04160015024949315,-1.2105849170475267,0.9720309988339121,-10.0
v300_s0_p0,300,0.0,h4,4,1.301073287525791,1.3438482867206496,45.94022487499751,49.924366375023965,True,True,241.0,181.0,True,True,True,0.0427749991948585,3.9841415000264533,1.086724466649156,-60.0
v300_s0_p0,300,0.0,h2+3,0,1.2911147753269838,1.315193309185885,19.837860417028423,21.541401167050935,True,True,240.0,159.0,True,True,True,0.02407853385890113,1.703540750022512,1.0858732098225787,-81.0
v300_s0_p0,300,0.0,h2+3,1,1.2609913149298098,1.2988475627494411,30.40152225003112,35.04134016705211,True,True,245.0,145.0,True,True,True,0.03785624781963137,4.6398179170209914,1.152617947182439,-100.0
v300_s0_p0,300,0.0,h2+3,2,1.2813932598241335,1.2836437159853704,31.512996083009057,30.936071583011653,True,True,229.0,219.0,True,True,True,0.002250456161236869,-0.5769244999974035,0.9816924897119361,-10.0
v300_s0_p0,300,0.0,h2+3,3,1.2604713313649962,1.3114835147489232,32.97180612501688,30.65499141602777,True,True,240.0,171.0,True,True,True,0.05101218338392699,-2.3168147089891136,0.9297334607572115,-69.0
v300_s0_p0,300,0.0,h2+3,4,1.2777812725409674,1.2957319529757079,28.968207333004102,31.692817125003785,True,True,231.0,231.0,True,True,True,0.017950680434740462,2.724609791999683,1.0940551743737168,0.0
v300_s0_p0,300,0.0,h2+3+4,0,1.3149923738426663,1.3524164739979847,32.544134000025224,34.56417425000109,True,True,232.0,192.0,True,True,True,0.037424100155318385,2.020040249975864,1.0620707943856886,-40.0
v300_s0_p0,300,0.0,h2+3+4,1,1.3136445651159143,1.3354680590611905,47.54576312500285,53.118751082976814,True,True,270.0,206.0,True,True,True,0.021823493945276162,5.5729879579739645,1.1172131351288228,-64.0
v300_s0_p0,300,0.0,h2+3+4,2,1.3220143060264744,1.3518942628841688,46.07159404200502,47.01310229196679,True,True,301.0,196.0,True,True,True,0.0298799568576944,0.9415082499617711,1.020435764586382,-105.0
v300_s0_p0,300,0.0,h2+3+4,3,1.3168242024544632,1.349103279950154,46.91388312500203,45.87493549997453,True,True,206.0,196.0,True,True,True,0.03227907749569092,-1.0389476250275038,0.9778541541262055,-10.0
v300_s0_p0,300,0.0,h2+3+4,4,1.3257592068846504,1.3421028397284769,48.60270774998935,54.87470858398592,True,True,241.0,181.0,True,True,True,0.01634363284382645,6.272000833996572,1.1290463252841698,-60.0
v300_s0_p10,300,0.1,h2,0,1.3751330978876495,1.3582546875211317,8.124485583975911,8.616435875010211,True,True,519.0,486.0,True,True,True,-0.016878410366517826,0.4919502910342999,1.0605515618126744,-33.0
v300_s0_p10,300,0.1,h2,1,1.3706858846532224,1.361584078109709,12.51342479197774,13.135612416022923,True,True,519.0,486.0,True,True,True,-0.009101806543513336,0.622187624045182,1.0497216097422075,-33.0
v300_s0_p10,300,0.1,h2,2,1.3455495600739622,1.3587621924397688,13.11695337499259,13.26698816701537,True,True,519.0,486.0,True,True,True,0.01321263236580661,0.15003479202277958,1.0114382347587527,-33.0
v300_s0_p10,300,0.1,h2,3,1.35826935598735,1.3430213813465068,13.805838542000856,12.714172334002797,True,True,519.0,486.0,True,True,True,-0.015247974640843154,-1.0916662079980597,0.9209272073784628,-33.0
v300_s0_p10,300,0.1,h2,4,1.3596796223389196,1.3565257139394673,12.371722707990557,12.852177624998149,True,True,519.0,486.0,True,True,True,-0.0031539083994522876,0.4804549170075916,1.038834924476385,-33.0
v300_s0_p10,300,0.1,h3,0,1.3675654584867563,1.3818986114533178,14.222734541981481,12.062774499994703,True,True,220.0,219.0,True,True,True,0.014333152966561569,-2.1599600419867784,0.8481332801641492,-1.0
v300_s0_p10,300,0.1,h3,1,1.3914202967566471,1.3652033226943416,19.322635042015463,18.085941416036803,True,True,229.0,275.0,True,True,True,-0.026216974062305498,-1.2366936259786598,0.935997671989893,46.0
v300_s0_p10,300,0.1,h3,2,1.3867803880441936,1.3514750110259754,20.787376624997705,20.43003908294486,True,True,197.0,182.0,True,True,True,-0.03530537701821812,-0.3573375420528464,0.982809877912967,-15.0
v300_s0_p10,300,0.1,h3,3,1.3796411181787822,1.3558173580301216,18.63310266600456,17.405640957993455,True,True,221.0,244.0,True,True,True,-0.02382376014866061,-1.2274617080111057,0.9341246742416889,23.0
v300_s0_p10,300,0.1,h3,4,1.3668158335163771,1.3712705193673387,21.111032999993768,17.42490604100749,True,True,266.0,262.0,True,True,True,0.004454685850961537,-3.6861269589862786,0.8253933401085884,-4.0
v300_s0_p10,300,0.1,h4,0,1.404095607283915,1.3784829097481064,20.364737333962694,16.695658750017174,True,True,246.0,247.0,True,True,True,-0.025612697535808637,-3.6690785839455202,0.8198317747105669,1.0
v300_s0_p10,300,0.1,h4,1,1.3810944093748758,1.3892429887005666,35.131209457991645,25.816216374980286,True,True,207.0,270.0,True,True,True,0.008148579325690797,-9.314993083011359,0.7348513408241804,63.0
v300_s0_p10,300,0.1,h4,2,1.3869252239521086,1.3903221571358515,29.764142292027827,26.996174834028352,True,True,213.0,215.0,True,True,True,0.0033969331837429007,-2.7679674579994753,0.9070032849983767,2.0
v300_s0_p10,300,0.1,h4,3,1.3846951698060275,1.4053196863183888,30.47377470799256,33.980294416018296,True,True,216.0,212.0,True,True,True,0.0206245165123613,3.506519708025735,1.1150667989648837,-4.0
v300_s0_p10,300,0.1,h4,4,1.3847165281871228,1.3753598076110696,33.54807900002925,26.632549582980573,True,True,210.0,244.0,True,True,True,-0.00935672057605319,-6.915529417048674,0.7938621338931912,34.0
v300_s0_p10,300,0.1,h2+3,0,1.3614566696243637,1.3740233844916059,15.244683291995898,12.92141295899637,True,True,220.0,219.0,True,True,True,0.012566714867242146,-2.3232703329995275,0.8476012726207738,-1.0
v300_s0_p10,300,0.1,h2+3,1,1.3999171549999325,1.3572473465557437,20.484699250024278,19.354610625014175,True,True,229.0,275.0,True,True,True,-0.04266980844418877,-1.130088625010103,0.9448325498355187,46.0
v300_s0_p10,300,0.1,h2+3,2,1.376880889798319,1.3509748130154793,21.7784702500212,21.938237833965104,True,True,197.0,182.0,True,True,True,-0.025906076782839627,0.15976758394390345,1.0073360333443873,-15.0
v300_s0_p10,300,0.1,h2+3,3,1.3665347353944755,1.3702076416945712,19.69886433298234,18.6939022919978,True,True,221.0,244.0,True,True,True,0.0036729063000957574,-1.0049620409845375,0.9489837574391584,23.0
v300_s0_p10,300,0.1,h2+3,4,1.3872075160978365,1.373810856811821,22.28145404101815,18.651804749970324,True,True,266.0,262.0,True,True,True,-0.013396659286015522,-3.6296492910478264,0.8370999808017031,-4.0
v300_s0_p10,300,0.1,h2+3+4,0,1.4057830719932227,1.381064235747948,23.05293587502092,18.65547391603468,True,True,246.0,248.0,True,True,True,-0.024718836245274822,-4.397461958986241,0.80924503573746,2.0
v300_s0_p10,300,0.1,h2+3+4,1,1.3803989858913137,1.3886270559220935,38.09706733300118,28.445608083042316,True,True,209.0,270.0,True,True,True,0.008228070030779744,-9.651459249958862,0.7466613593745473,61.0
v300_s0_p10,300,0.1,h2+3+4,2,1.3954001648175127,1.3918089706710468,33.233377500029746,30.004770375031512,True,True,214.0,215.0,True,True,True,-0.0035911941464659147,-3.228607124998234,0.9028504663723889,1.0
v300_s0_p10,300,0.1,h2+3+4,3,1.3970427946015995,1.3925206674407042,33.89357775001554,36.27113050001208,True,True,218.0,212.0,True,True,True,-0.004522127160895284,2.377552749996539,1.0701475886532943,-6.0
v300_s0_p10,300,0.1,h2+3+4,4,1.3860811331730931,1.3711287959193295,36.635049791948404,30.063431125017814,True,True,212.0,244.0,True,True,True,-0.014952337253763659,-6.57161866693059,0.820619360305199,32.0
v300_s0_p30,300,0.3,h2,0,,2.2241101710228715,3.0782479580375366,1.509977792040445,True,True,404.0,257.0,False,True,False,,-1.5682701659970917,0.49053156621050603,-147.0
v300_s0_p30,300,0.3,h2,1,,,4.676253207959235,1.9292012079968117,True,True,404.0,257.0,False,False,False,,-2.747051999962423,0.4125527686809618,-147.0
v300_s0_p30,300,0.3,h2,2,,,4.544681709026918,1.915153415990062,True,True,404.0,257.0,False,False,False,,-2.6295282930368558,0.4214054005555703,-147.0
v300_s0_p30,300,0.3,h2,3,,2.1474803854942732,4.236978750035632,2.107891458028462,True,True,404.0,257.0,False,True,False,,-2.1290872920071706,0.497498708958768,-147.0
v300_s0_p30,300,0.3,h2,4,,2.2601380292295583,4.3167103749583475,2.078719084034674,True,True,404.0,257.0,False,True,False,,-2.2379912909236737,0.4815516686256098,-147.0
v300_s0_p30,300,0.3,h3,0,,1.8925950610769882,3.9155877080047503,2.2087793750106357,True,True,404.0,257.0,False,True,False,,-1.7068083329941146,0.564099067553809,-147.0
v300_s0_p30,300,0.3,h3,1,2.0168903396358124,1.9375863775480369,5.745552834006958,3.146012665994931,True,True,404.0,257.0,True,True,True,-0.07930396208777557,-2.5995401680120267,0.5475561285198202,-147.0
v300_s0_p30,300,0.3,h3,2,2.0883756846823336,1.9599392824767243,5.827365832985379,3.1574768330319785,True,True,404.0,257.0,True,True,True,-0.12843640220560926,-2.6698889999534003,0.5418360411078555,-147.0
v300_s0_p30,300,0.3,h3,3,2.0175005044519168,1.9094851301229785,5.6111099169938825,3.1220278330147266,True,True,404.0,257.0,True,True,True,-0.10801537432893826,-2.489082083979156,0.5564011183525939,-147.0
v300_s0_p30,300,0.3,h3,4,1.9478152541595293,2.023965141160857,5.586084000009578,3.0586954580503516,True,True,404.0,257.0,True,True,True,0.07614988700132752,-2.527388541959226,0.5475562949008835,-147.0
v300_s0_p30,300,0.3,h4,0,2.0197405460537063,1.9912340612844315,8.816152040963061,6.094967667013407,True,True,301.0,157.0,True,True,True,-0.028506484769274865,-2.7211843739496544,0.6913410338993659,-144.0
v300_s0_p30,300,0.3,h4,1,,1.940809653366972,12.776963124983013,8.07264391699573,True,True,235.0,161.0,False,True,False,,-4.704319207987282,0.6318124141104511,-74.0
v300_s0_p30,300,0.3,h4,2,1.8887854610656298,1.9926036197732464,12.185063750017434,8.308222791994922,True,True,232.0,161.0,True,True,True,0.10381815870761657,-3.8768409580225125,0.6818366290437368,-71.0
v300_s0_p30,300,0.3,h4,3,2.0006968287243176,1.9472291084054658,12.976983292028308,8.096469250041991,True,True,273.0,159.0,True,True,True,-0.05346772031885183,-4.880514041986316,0.6239099695085228,-114.0
v300_s0_p30,300,0.3,h4,4,,1.975047838229982,12.056514624971896,8.038553999969736,True,True,232.0,159.0,False,True,False,,-4.017960625002161,0.6667394558059082,-73.0
v300_s0_p30,300,0.3,h2+3,0,2.0277840571361,1.900444251837366,4.294045999995433,2.2802703750203364,True,True,404.0,257.0,True,True,True,-0.1273398052987338,-2.0137756249750964,0.5310307283673165,-147.0
v300_s0_p30,300,0.3,h2+3,1,1.8262718770910646,1.9045545921827218,6.174667416024022,3.2055674170260318,True,True,404.0,257.0,True,True,True,0.07828271509165718,-2.96909999899799,0.519148190671321,-147.0
v300_s0_p30,300,0.3,h2+3,2,,1.9227725316790316,5.951203790958971,3.259723207971547,True,True,404.0,257.0,False,True,False,,-2.691480582987424,0.5477418220703005,-147.0
v300_s0_p30,300,0.3,h2+3,3,,1.8417652969807756,5.69518183299806,3.226304915966466,True,True,404.0,257.0,False,True,False,,-2.4688769170315936,0.5664972621722375,-147.0
v300_s0_p30,300,0.3,h2+3,4,1.946998014011763,1.9015220514967528,5.903080374991987,3.2225691659841686,True,True,404.0,257.0,True,True,True,-0.04547596251501029,-2.6805112090078183,0.545913143862376,-147.0
v300_s0_p30,300,0.3,h2+3+4,0,1.9767155805152763,2.0252253887161884,10.659805999952368,7.036588582966942,True,True,189.0,159.0,True,True,True,0.04850980820091211,-3.623217416985426,0.6601047507804911,-30.0
v300_s0_p30,300,0.3,h2+3+4,1,1.9920535256191154,1.9351305359154882,15.274828292021994,9.525388334004674,True,True,189.0,162.0,True,True,True,-0.05692298970362719,-5.749439958017319,0.6236003542494656,-27.0
v300_s0_p30,300,0.3,h2+3+4,2,1.90953860015616,1.981951042682039,15.557073374977335,9.698694833030459,True,True,189.0,162.0,True,True,True,0.07241244252587897,-5.858378541946877,0.6234266946783356,-27.0
v300_s0_p30,300,0.3,h2+3+4,3,1.918405155117058,1.950189267848209,15.166878332966007,9.493820250034332,True,True,189.0,160.0,True,True,True,0.03178411273115089,-5.673058082931675,0.6259574344576243,-29.0
v300_s0_p30,300,0.3,h2+3+4,4,1.9419139567848462,1.9193555505237065,15.334922083013225,9.613858290947974,True,True,189.0,160.0,True,True,True,-0.022558406261139696,-5.721063792065252,0.6269257997468028,-29.0
v300_s0_p50,300,0.5,h2,0,,2.9969371734499637,1.8052219999954104,0.37476929096737877,True,True,329.0,65.0,False,True,False,,-1.4304527090280317,0.20760288261960666,-264.0
v300_s0_p50,300,0.5,h2,1,,3.080249750712445,2.482169208000414,0.5215528340195306,True,True,329.0,65.0,False,True,False,,-1.9606163739808835,0.21011977440477683,-264.0
v300_s0_p50,300,0.5,h2,2,,2.9563763710867623,2.458711708022747,0.4895673330174759,True,True,329.0,65.0,False,True,False,,-1.9691443750052713,0.19911538689957978,-264.0
v300_s0_p50,300,0.5,h2,3,3.3959038043153935,3.2125975770624655,2.7135813329950906,0.5265434580505826,True,True,329.0,65.0,True,True,True,-0.183306227252928,-2.187037874944508,0.19404005019057785,-264.0
v300_s0_p50,300,0.5,h2,4,3.7452916305380533,3.3698838742455233,2.6099333749734797,0.47793995903339237,True,True,329.0,65.0,True,True,True,-0.37540775629253,-2.1319934159400873,0.18312343281109575,-264.0
v300_s0_p50,300,0.5,h3,0,,2.8764297293576018,1.8201341669773683,0.45075537502998486,True,True,329.0,65.0,False,True,False,,-1.3693787919473834,0.2476495322202199,-264.0
v300_s0_p50,300,0.5,h3,1,,3.405658968635412,2.7352435830398463,0.5824699170188978,True,True,329.0,65.0,False,True,False,,-2.1527736660209484,0.21294992542183858,-264.0
v300_s0_p50,300,0.5,h3,2,,3.447970126916225,2.6679654589970596,0.614712500013411,True,True,329.0,65.0,False,True,False,,-2.0532529589836486,0.2304049694273379,-264.0
v300_s0_p50,300,0.5,h3,3,,3.3598418262719845,2.605583624972496,0.6166997080435976,True,True,329.0,65.0,False,True,False,,-1.9888839169288985,0.23668390533813988,-264.0
v300_s0_p50,300,0.5,h3,4,3.2773198762802633,3.3505165949933535,2.868735458003357,0.6143137500039302,True,True,329.0,65.0,True,True,True,0.07319671871309019,-2.254421707999427,0.21414095478552533,-264.0
v300_s0_p50,300,0.5,h4,0,,2.9278372794860057,5.226210624969099,0.7076704580103979,True,True,286.0,67.0,False,True,False,,-4.518540166958701,0.1354079482808028,-219.0
v300_s0_p50,300,0.5,h4,1,,3.07467413747417,7.3443909579655156,0.9869000409962609,True,True,286.0,53.0,False,True,False,,-6.357490916969255,0.1343746604238024,-233.0
v300_s0_p50,300,0.5,h4,2,,3.045592577304711,7.458988667000085,1.0852409999934025,True,True,286.0,53.0,False,True,False,,-6.373747667006683,0.14549438917834867,-233.0
v300_s0_p50,300,0.5,h4,3,,3.099735906676206,7.253101250040345,1.0116385419969447,True,True,286.0,53.0,False,True,False,,-6.2414627080434,0.13947668826370202,-233.0
v300_s0_p50,300,0.5,h4,4,,2.932166175057447,7.341183833021205,1.0077088329708204,True,True,286.0,53.0,False,True,False,,-6.3334750000503846,0.13726789246688922,-233.0
v300_s0_p50,300,0.5,h2+3,0,,2.854661510462968,1.9254057080252096,0.4745054160011932,True,True,329.0,65.0,False,True,False,,-1.4509002920240164,0.2464443800199747,-264.0
v300_s0_p50,300,0.5,h2+3,1,3.325817767896306,2.674224934268249,2.81458358396776,0.6161407919717021,True,True,329.0,65.0,True,True,True,-0.6515928336280568,-2.198442791996058,0.21891010644747644,-264.0
v300_s0_p50,300,0.5,h2+3,2,,3.475846479798976,2.9287491249851882,0.6364537500194274,True,True,329.0,65.0,False,True,False,,-2.292295374965761,0.2173124849068956,-264.0
v300_s0_p50,300,0.5,h2+3,3,,3.5215706901534896,2.7671719579957426,0.6406020420254208,True,True,329.0,65.0,False,True,False,,-2.1265699159703217,0.2315006265419832,-264.0
v300_s0_p50,300,0.5,h2+3,4,,3.0869131913551904,2.6910401670029387,0.6703813330386765,True,True,329.0,65.0,False,True,False,,-2.020658833964262,0.24911606346823603,-264.0
v300_s0_p50,300,0.5,h2+3+4,0,,3.145601235080755,6.264584541961085,0.8525469159940258,True,True,286.0,67.0,False,True,False,,-5.412037625967059,0.13608993705544947,-219.0
v300_s0_p50,300,0.5,h2+3+4,1,,3.032003968193671,8.702657791029196,1.1298248330131173,True,True,286.0,53.0,False,True,False,,-7.572832958016079,0.12982526259710617,-233.0
v300_s0_p50,300,0.5,h2+3+4,2,,2.9941391345933424,8.860003333014902,1.2786293749813922,True,True,286.0,53.0,False,True,False,,-7.5813739580335096,0.14431477358669315,-233.0
v300_s0_p50,300,0.5,h2+3+4,3,,3.030444890005682,8.774155499995686,1.2211742919753306,True,True,286.0,53.0,False,True,False,,-7.5529812080203556,0.13917855592779624,-233.0
v300_s0_p50,300,0.5,h2+3+4,4,,3.003328846350123,8.773729292035569,1.1364572920138016,True,True,286.0,53.0,False,True,False,,-7.637272000021767,0.12952955968739893,-233.0
v300_s1_p0,300,0.0,h2,0,1.2220391656789942,1.2197344257210685,12.16523241699906,11.982906999997795,True,True,577.0,573.0,True,True,True,-0.0023047399579256833,-0.18232541700126603,0.985012582517824,-4.0
v300_s1_p0,300,0.0,h2,1,1.2159854497258074,1.2132831487180409,17.04302308295155,16.78370733297197,True,True,577.0,573.0,True,True,True,-0.002702301007766472,-0.25931574997957796,0.9847846389271763,-4.0
v300_s1_p0,300,0.0,h2,2,1.2143579163607223,1.2183818753411861,17.366238584043458,17.13529370800825,True,True,577.0,573.0,True,True,True,0.004023958980463815,-0.23094487603520975,0.9867015027510098,-4.0
v300_s1_p0,300,0.0,h2,3,1.2133380818983703,1.2170251532536038,17.085675417038146,16.533497416006867,True,True,577.0,573.0,True,True,True,0.0036870713552334955,-0.5521780010312796,0.9676818160503835,-4.0
v300_s1_p0,300,0.0,h2,4,1.2134987916383275,1.2224572079434735,16.665496375004295,16.62701774999732,True,True,577.0,573.0,True,True,True,0.008958416305145933,-0.03847862500697374,0.9976911203758272,-4.0
v300_s1_p0,300,0.0,h3,0,1.2882057119666976,1.2974360983813071,20.57354758301517,19.91883808298735,True,True,238.0,238.0,True,True,True,0.009230386414609493,-0.6547095000278205,0.968177121744024,0.0
v300_s1_p0,300,0.0,h3,1,1.2851543594983523,1.3165494226658552,34.964383084035944,32.336216625000816,True,True,202.0,182.0,True,True,True,0.031395063167502846,-2.6281664590351284,0.9248330378740445,-20.0
v300_s1_p0,300,0.0,h3,2,1.2851498847302283,1.2890554153013618,31.564636041992344,29.76629016600782,True,True,228.0,239.0,True,True,True,0.0039055305711335198,-1.7983458759845234,0.9430265606867104,11.0
v300_s1_p0,300,0.0,h3,3,1.2940882091310069,1.2929413507360306,29.0549247089657,31.210630290966947,True,True,219.0,184.0,True,True,True,-0.0011468583949763023,2.1557055820012465,1.0741941548152092,-35.0
v300_s1_p0,300,0.0,h3,4,1.2614935572836514,1.277706199821262,29.505773000011686,29.841577749990392,True,True,232.0,213.0,True,True,True,0.016212642537610567,0.33580474997870624,1.0113809846628514,-19.0
v300_s1_p0,300,0.0,h4,0,1.3199905721065748,1.3407981079085902,36.62507770798402,31.660659832996316,True,True,209.0,217.0,True,True,True,0.020807535802015442,-4.964417874987703,0.8644530418591988,8.0
v300_s1_p0,300,0.0,h4,1,1.3018981311093725,1.3440634316189644,41.05085850000614,42.32947816699743,True,True,353.0,182.0,True,True,True,0.042165300509591885,1.2786196669912897,1.0311472089430505,-171.0
v300_s1_p0,300,0.0,h4,2,1.285512876247312,1.3515267273745784,42.50298179197125,42.84466629201779,True,True,257.0,206.0,True,True,True,0.06601385112726632,0.34168450004654005,1.0080390712754908,-51.0
v300_s1_p0,300,0.0,h4,3,1.3125155444620296,1.338769341732129,43.94640033401083,51.175553250010125,True,True,236.0,195.0,True,True,True,0.026253797270099355,7.229152915999293,1.1644993187395267,-41.0
v300_s1_p0,300,0.0,h4,4,1.3045405556603424,1.3347701840584856,48.83121958299307,45.54171195899835,True,True,224.0,200.0,True,True,True,0.030229628398143138,-3.289507623994723,0.9326351532465024,-24.0
v300_s1_p0,300,0.0,h2+3,0,1.2893514344069688,1.2939276577296774,21.680583374982234,20.849991249968298,True,True,238.0,238.0,True,True,True,0.0045762233227086835,-0.8305921250139363,0.9616895859927654,0.0
v300_s1_p0,300,0.0,h2+3,1,1.2841540600080792,1.3176633857904299,35.80114537500776,33.175874583015684,True,True,202.0,182.0,True,True,True,0.03350932578235066,-2.6252707919920795,0.9266707597063434,-20.0
v300_s1_p0,300,0.0,h2+3,2,1.2822598105411005,1.2836705711193352,32.4732194590033,31.102676999988034,True,True,228.0,239.0,True,True,True,0.0014107605782347488,-1.3705424590152688,0.9577946849173502,11.0
v300_s1_p0,300,0.0,h2+3,3,1.2773941847975194,1.293389049948027,29.93444287503371,32.37415854202118,True,True,219.0,184.0,True,True,True,0.01599486515050752,2.4397156669874676,1.0815019566982578,-35.0
v300_s1_p0,300,0.0,h2+3,4,1.2704201783209152,1.2793095564065087,30.45942854101304,31.012679292005487,True,True,232.0,213.0,True,True,True,0.008889378085593425,0.5532507509924471,1.0181635302266918,-19.0
v300_s1_p0,300,0.0,h2+3+4,0,1.3379071274626264,1.3454312412496048,39.05484370799968,33.80171174998395,True,True,209.0,217.0,True,True,True,0.00752411378697837,-5.253131958015729,0.8654934584480306,8.0
v300_s1_p0,300,0.0,h2+3+4,1,1.3028820678258288,1.3443290758451982,44.877812709019054,45.434436792042106,True,True,354.0,182.0,True,True,True,0.0414470080193694,0.5566240830230527,1.0124031018764688,-172.0
v300_s1_p0,300,0.0,h2+3+4,2,1.2912186810460962,1.3367679837938824,45.94085012504365,46.750343291962054,True,True,257.0,206.0,True,True,True,0.045549302747786236,0.8094931669184007,1.0176203349462427,-51.0
v300_s1_p0,300,0.0,h2+3+4,3,1.3365803572182249,1.3363926848017746,47.5658360410016,54.92723491700599,True,True,236.0,195.0,True,True,True,-0.00018767241645023525,7.361398876004387,1.1547623144825812,-41.0
v300_s1_p0,300,0.0,h2+3+4,4,1.3184051233175254,1.3413046325151847,51.399200749990996,48.83519633405376,True,True,224.0,200.0,True,True,True,0.022899509197659373,-2.5640044159372337,0.9501158699255128,-24.0
v300_s1_p10,300,0.1,h2,0,1.3481121409198704,1.3652268908477478,9.47958808299154,7.906754916999489,True,True,519.0,481.0,True,True,True,0.017114749927877426,-1.5728331659920514,0.8340821191572597,-38.0
v300_s1_p10,300,0.1,h2,1,1.3524856802010685,1.3597153064444185,13.70041787502123,10.92894879099913,True,True,519.0,481.0,True,True,True,0.007229626243349996,-2.771469084022101,0.7977091568079046,-38.0
v300_s1_p10,300,0.1,h2,2,1.3643468853684075,1.357636821870777,14.110910541960038,11.33904920797795,True,True,519.0,481.0,True,True,True,-0.006710063497630481,-2.7718613339820877,0.80356608981825,-38.0
v300_s1_p10,300,0.1,h2,3,1.3398465821536554,1.355258668896085,13.573017042013817,10.986477459024172,True,True,519.0,481.0,True,True,True,0.015412086742429665,-2.5865395829896443,0.8094351775302949,-38.0
v300_s1_p10,300,0.1,h2,4,1.362467320096197,1.351725043727349,13.51543283299543,11.145451457996387,True,True,519.0,481.0,True,True,True,-0.010742276368848058,-2.3699813749990426,0.8246462836755645,-38.0
v300_s1_p10,300,0.1,h3,0,1.3812520481578328,1.3931305384506099,15.882885458006058,14.156093665980734,True,True,227.0,178.0,True,True,True,0.0118784902927771,-1.726791792025324,0.8912797176186331,-49.0
v300_s1_p10,300,0.1,h3,1,1.3737888374561422,1.3601038751663128,20.420369416999165,20.262871458020527,True,True,241.0,218.0,True,True,True,-0.013684962289829405,-0.15749795897863805,0.9922872130389803,-23.0
v300_s1_p10,300,0.1,h3,2,1.355523510972939,1.353580956166721,25.682141833007336,18.249403166992124,True,True,176.0,197.0,True,True,True,-0.0019425548062181885,-7.4327386660152115,0.7105872744436577,21.0
v300_s1_p10,300,0.1,h3,3,1.3725982102258465,1.3727286794761262,23.228498792042956,17.372547124978155,True,True,255.0,208.0,True,True,True,0.0001304692502797078,-5.855951667064801,0.7478979713888877,-47.0
v300_s1_p10,300,0.1,h3,4,1.3838428419125568,1.357077889539341,22.276491333032027,17.40551516599953,True,True,194.0,246.0,True,True,True,-0.026764952373215856,-4.870976167032495,0.7813400640966419,52.0
v300_s1_p10,300,0.1,h4,0,1.3937073533887814,1.4017062933335758,25.041562457976397,21.447325583023485,True,True,155.0,197.0,True,True,True,0.007998939944794392,-3.5942368749529123,0.8564691448073739,42.0
v300_s1_p10,300,0.1,h4,1,1.3923065527181653,1.387386421149753,33.584588291007094,29.640853582997806,True,True,173.0,193.0,True,True,True,-0.0049201315684122005,-3.9437347080092877,0.8825730816219266,20.0
v300_s1_p10,300,0.1,h4,2,1.3649099164346872,1.3953106401516093,29.21575637499336,34.540482291951776,True,True,233.0,151.0,True,True,True,0.03040072371692215,5.324725916958414,1.1822552819996817,-82.0
v300_s1_p10,300,0.1,h4,3,1.367645674461421,1.3886463143392223,28.350362207973376,29.2997031249688,True,True,233.0,191.0,True,True,True,0.02100063987780132,0.9493409169954248,1.0334860242712676,-42.0
v300_s1_p10,300,0.1,h4,4,1.4004446729315598,1.3743301588049912,35.10127870802535,30.661999292031396,True,True,161.0,199.0,True,True,True,-0.026114514126568622,-4.439279415993951,0.8735294103408552,38.0
v300_s1_p10,300,0.1,h2+3,0,1.383957198888082,1.3759314525002169,16.702018124982715,14.691447083023377,True,True,227.0,178.0,True,True,True,-0.00802574638786524,-2.010571041959338,0.879621071722348,-49.0
v300_s1_p10,300,0.1,h2+3,1,1.3843064248003238,1.3707193530321795,21.609924791031517,21.312852875038516,True,True,241.0,218.0,True,True,True,-0.013587071768144332,-0.2970719159930013,0.9862529870480489,-23.0
v300_s1_p10,300,0.1,h2+3,2,1.358426825706015,1.3583469575185971,26.572665791027248,19.4295303329709,True,True,176.0,197.0,True,True,True,-7.986818741789747e-05,-7.143135458056349,0.7311848380500702,21.0
v300_s1_p10,300,0.1,h2+3,3,1.3641916170940376,1.3741496915402014,24.4775944580324,18.38176595896948,True,True,255.0,208.0,True,True,True,0.009958074446163812,-6.095828499062918,0.7509629261358012,-47.0
v300_s1_p10,300,0.1,h2+3,4,1.3908892325699738,1.3437761397240204,23.070375207986217,18.27702129201498,True,True,194.0,246.0,True,True,True,-0.04711309284595333,-4.793353915971238,0.7922290438383536,52.0
v300_s1_p10,300,0.1,h2+3+4,0,1.3833630118720945,1.4155053019458543,26.122534791997168,23.27130166697316,True,True,155.0,198.0,True,True,True,0.032142290073759794,-2.8512331250240095,0.8908515904858703,43.0
v300_s1_p10,300,0.1,h2+3+4,1,1.3891398732321518,1.3926848864499912,36.04151195799932,32.534700124990195,True,True,173.0,194.0,True,True,True,0.003545013217839399,-3.506811833009124,0.9027007569189728,21.0
v300_s1_p10,300,0.1,h2+3+4,2,1.3584442337793106,1.392533832275675,32.0209767500055,37.78256816603243,True,True,233.0,152.0,True,True,True,0.034089598496364504,5.761591416026931,1.1799317822503943,-81.0
v300_s1_p10,300,0.1,h2+3+4,3,1.376992461036435,1.3907412932394518,31.74119991698535,32.30996070802212,True,True,233.0,192.0,True,True,True,0.013748832203016814,0.568760791036766,1.017918692189466,-41.0
v300_s1_p10,300,0.1,h2+3+4,4,1.385874562539946,1.3706157763778652,37.886546916968655,34.259190540993586,True,True,161.0,200.0,True,True,True,-0.015258786162080762,-3.6273563759750687,0.9042574034544583,39.0
v300_s1_p30,300,0.3,h2,0,,1.9669017391000345,3.4884249580209143,1.6899918749695644,True,True,404.0,254.0,False,True,False,,-1.79843308305135,0.48445699572346435,-150.0
v300_s1_p30,300,0.3,h2,1,2.0900549754802595,2.01222081831042,5.006931041018106,2.1378533329698257,True,True,404.0,254.0,True,True,True,-0.07783415716983955,-2.8690777080482803,0.42697878509928827,-150.0
v300_s1_p30,300,0.3,h2,2,,2.071644183445013,4.86502412497066,2.1762947919778526,True,True,404.0,254.0,False,True,False,,-2.688729332992807,0.4473348407066692,-150.0
v300_s1_p30,300,0.3,h2,3,,2.0836804639131175,4.740715041989461,2.1913192080101,True,True,404.0,254.0,False,True,False,,-2.5493958339793608,0.4622339011311896,-150.0
v300_s1_p30,300,0.3,h2,4,,2.021476663932847,4.900784708966967,2.138132583000697,True,True,404.0,254.0,False,True,False,,-2.7626521259662695,0.43628371984767167,-150.0
v300_s1_p30,300,0.3,h3,0,1.9265363025860203,1.8414790969519503,11.245089333038777,5.418586332991254,True,True,267.0,185.0,True,True,True,-0.08505720563406993,-5.8265030000475235,0.48186245324624566,-82.0
v300_s1_p30,300,0.3,h3,1,1.9207122425772913,1.8723346307729043,15.325966916047037,7.4159354160074145,True,True,267.0,185.0,True,True,True,-0.048377611804387044,-7.910031500039622,0.48388042703149564,-82.0
v300_s1_p30,300,0.3,h3,2,1.8589073304585184,1.9602660849883948,15.502232416998595,7.75217958400026,True,True,267.0,187.0,True,True,True,0.10135875452987642,-7.750052832998335,0.5000685949915056,-80.0
v300_s1_p30,300,0.3,h3,3,1.889485519390986,1.8964019889621564,15.414870708016679,7.557016000035219,True,True,267.0,187.0,True,True,True,0.006916469571170314,-7.85785470798146,0.4902419321691169,-80.0
v300_s1_p30,300,0.3,h3,4,1.9094678513296253,1.9413454655003048,15.095843499992043,7.417117042001337,True,True,267.0,187.0,True,True,True,0.03187761417067958,-7.678726457990706,0.49133505140042333,-80.0
v300_s1_p30,300,0.3,h2+3,0,1.8807635420347852,1.8074490740699185,11.61904591601342,5.8716548749944195,True,True,267.0,185.0,True,True,True,-0.07331446796486674,-5.747391041019,0.5053474198687932,-82.0
v300_s1_p30,300,0.3,h2+3,1,1.9429563383953568,1.9020156211598247,16.88005608296953,8.151286124950275,True,True,267.0,185.0,True,True,True,-0.040940717235532054,-8.728769958019257,0.48289449305646526,-82.0
v300_s1_p30,300,0.3,h2+3,2,1.9072812945554727,1.8698123393063706,16.53023958299309,8.20828766701743,True,True,267.0,187.0,True,True,True,-0.0374689552491021,-8.32195191597566,0.4965619297776188,-80.0
v300_s1_p30,300,0.3,h2+3,3,1.9483724697424805,1.9243380918821935,15.856201167043764,7.983060292026494,True,True,267.0,187.0,True,True,True,-0.02403437786028695,-7.8731408750172704,0.5034661334026742,-80.0
v300_s1_p30,300,0.3,h2+3,4,1.8710150984226817,1.910057364377821,15.945399500022177,8.09319633297855,True,True,267.0,187.0,True,True,True,0.039042265955139266,-7.852203167043626,0.5075568243346487,-80.0
v300_s1_p50,300,0.5,h2,0,,3.017263437370148,1.8436933329794556,0.3574880830128677,True,True,329.0,66.0,False,True,False,,-1.4862052499665879,0.19389780101615806,-263.0
v300_s1_p50,300,0.5,h2,1,,2.839203926932614,2.710249457973987,0.4661955409683287,True,True,329.0,66.0,False,True,False,,-2.244053917005658,0.17201204103065382,-263.0
v300_s1_p50,300,0.5,h2,2,,3.15719602979437,2.643470959039405,0.48892720899311826,True,True,329.0,66.0,False,True,False,,-2.1545437500462867,0.18495652744783192,-263.0
v300_s1_p50,300,0.5,h2,3,,,2.547433874977287,0.36047487502219155,True,True,329.0,66.0,False,False,False,,-2.1869589999550954,0.14150509599602681,-263.0
v300_s1_p50,300,0.5,h2,4,,2.8247521688507984,2.502712916000746,0.44561879202956334,True,True,329.0,66.0,False,True,False,,-2.057094123971183,0.1780542982699141,-263.0
v300_s1_p50,300,0.5,h3,0,3.369088731501717,2.7477403761856767,1.9697745829471387,0.44364379200851545,True,True,329.0,66.0,True,True,True,-0.6213483553160404,-1.5261307909386232,0.22522566584484208,-263.0
v300_s1_p50,300,0.5,h3,1,,2.67629930494134,2.74764591595158,0.5798512910259888,True,True,329.0,66.0,False,True,False,,-2.167794624925591,0.2110356679001601,-263.0
v300_s1_p50,300,0.5,h3,2,,2.558692053691131,2.7065574159496464,0.6051549579715356,True,True,329.0,66.0,False,True,False,,-2.1014024579781108,0.22358844279651302,-263.0
v300_s1_p50,300,0.5,h3,3,,2.6779309362164296,2.5007481669890694,0.6184690420050174,True,True,329.0,66.0,False,True,False,,-1.882279124984052,0.2473136040522071,-263.0
v300_s1_p50,300,0.5,h3,4,,2.5893545326732665,2.645555333001539,0.6124779169913381,True,True,329.0,66.0,False,True,False,,-2.033077416010201,0.231512041857936,-263.0
v300_s1_p50,300,0.5,h4,0,,2.8195930789670016,5.417587665957399,0.7588513750233687,True,True,361.0,51.0,False,True,False,,-4.65873629093403,0.14007182196455775,-310.0
v300_s1_p50,300,0.5,h4,1,,2.964311653426026,7.661576249985956,1.0392435420071706,True,True,361.0,51.0,False,True,False,,-6.622332707978785,0.13564356838569291,-310.0
v300_s1_p50,300,0.5,h4,2,,2.894708768669949,7.747434333025012,1.0639626670163125,True,True,361.0,51.0,False,True,False,,-6.6834716660087,0.13733096936116715,-310.0
v300_s1_p50,300,0.5,h4,3,,2.8735861013917723,7.617221165972296,1.003195124969352,True,True,319.0,51.0,False,True,False,,-6.614026041002944,0.13170093175853056,-268.0
v300_s1_p50,300,0.5,h4,4,,2.8779401749571147,7.658466916007455,1.0316802500165068,True,True,332.0,51.0,False,True,False,,-6.626786665990949,0.13471106702310423,-281.0
v300_s1_p50,300,0.5,h2+3,0,,2.6760218559265154,2.0370150829548948,0.4484018330113031,True,True,329.0,66.0,False,True,False,,-1.5886132499435917,0.22012690861417247,-263.0
v300_s1_p50,300,0.5,h2+3,1,2.803005941228202,2.7397949620425677,2.957443624967709,0.6055656250100583,True,True,329.0,66.0,True,True,True,-0.06321097918563412,-2.351877999957651,0.20475982023720576,-263.0
v300_s1_p50,300,0.5,h2+3,2,,2.7408743290249054,2.8664396250387654,0.5667129580397159,True,True,329.0,66.0,False,True,False,,-2.2997266669990495,0.19770622520334846,-263.0
v300_s1_p50,300,0.5,h2+3,3,,2.6760218559265154,2.833827707974706,0.6073857920127921,True,True,329.0,66.0,False,True,False,,-2.2264419159619138,0.2143340578905136,-263.0
v300_s1_p50,300,0.5,h2+3,4,,2.726113364429087,2.768653750012163,0.6348872919916175,True,True,329.0,66.0,False,True,False,,-2.1337664580205455,0.2293126368686689,-263.0
v300_s1_p50,300,0.5,h2+3+4,0,,3.058676486667395,6.642021291947458,0.9404835840105079,True,True,332.0,51.0,False,True,False,,-5.70153770793695,0.14159599053840968,-281.0
v300_s1_p50,300,0.5,h2+3+4,1,,2.977438676462503,9.222969124966767,1.2676180839771405,True,True,332.0,51.0,False,True,False,,-7.955351040989626,0.1374414320162552,-281.0
v300_s1_p50,300,0.5,h2+3+4,2,,2.83396733558527,9.148717292002402,1.3569810839835554,True,True,319.0,51.0,False,True,False,,-7.791736208018847,0.14832473675515112,-268.0
v300_s1_p50,300,0.5,h2+3+4,3,,2.9128269699836835,9.258154415991157,1.3001036659698002,True,True,319.0,51.0,False,True,False,,-7.958050750021357,0.14042795221952603,-268.0
v300_s1_p50,300,0.5,h2+3+4,4,,2.857930242736906,9.139988249982707,1.292953874974046,True,True,332.0,51.0,False,True,False,,-7.847034375008661,0.14146121850610607,-281.0
v300_s2_p0,300,0.0,h2,0,1.2057730312046464,1.2156084439456663,16.83199495804729,16.638808957999572,True,True,577.0,573.0,True,True,True,0.009835412741019844,-0.19318600004771724,0.9885226914261072,-4.0
v300_s2_p0,300,0.0,h2,1,1.213324577214295,1.2145852564766277,16.97872895904584,16.820515082974453,True,True,577.0,573.0,True,True,True,0.0012606792623326424,-0.15821387607138604,0.9906816419266123,-4.0
v300_s2_p0,300,0.0,h2,2,1.219493376321071,1.2233157090708153,17.395076417014934,16.833495958009735,True,True,577.0,573.0,True,True,True,0.003822332749744417,-0.5615804590051994,0.9677161257851163,-4.0
v300_s2_p0,300,0.0,h2,3,1.211072648068634,1.2203093944987693,16.982548625033814,16.9142104589846,True,True,577.0,573.0,True,True,True,0.009236746430135279,-0.06833816604921594,0.9959759770127506,-4.0
v300_s2_p0,300,0.0,h2,4,1.216326341683269,1.2081817170331302,17.046026124968193,16.74842079100199,True,True,577.0,573.0,True,True,True,-0.008144624650138876,-0.29760533396620303,0.9825410725183458,-4.0
v300_s2_p0,300,0.0,h3,0,1.269609656404731,1.3117407372695682,30.13562225003261,32.00332616601372,True,True,253.0,165.0,True,True,True,0.04213108086483719,1.8677039159811102,1.061976616924812,-88.0
v300_s2_p0,300,0.0,h3,1,1.2783340864896704,1.3025166725668167,30.20285308297025,29.236246124957688,True,True,209.0,203.0,True,True,True,0.024182586077146295,-0.9666069580125622,0.9679961705817263,-6.0
v300_s2_p0,300,0.0,h3,2,1.2767672226470785,1.3192548757430056,29.806551458023023,32.94083145901095,True,True,237.0,149.0,True,True,True,0.04248765309592706,3.1342800009879284,1.105154063374355,-88.0
v300_s2_p0,300,0.0,h3,3,1.2810181664262332,1.2841061522518884,30.437508790986612,29.94060766597977,True,True,238.0,198.0,True,True,True,0.0030879858256551707,-0.49690112500684336,0.9836747110803631,-40.0
v300_s2_p0,300,0.0,h3,4,1.302284995259352,1.2861913714854207,33.28255125001306,32.361046125006396,True,True,187.0,170.0,True,True,True,-0.01609362377393131,-0.9215051250066608,0.9723126656341797,-17.0
v300_s2_p0,300,0.0,h4,0,1.308154600706645,1.3450412424568634,44.13801304099616,49.74625979200937,True,True,242.0,189.0,True,True,True,0.036886641750218496,5.608246751013212,1.1270616043772559,-53.0
v300_s2_p0,300,0.0,h4,1,1.296540121655168,1.351953109858273,53.6245032089646,49.7466611249838,True,True,199.0,198.0,True,True,True,0.05541298820310514,-3.877842083980795,0.9276852585679055,-1.0
v300_s2_p0,300,0.0,h4,2,1.3145892573090325,1.3311199293674987,44.687672458007,44.85150479100412,True,True,252.0,225.0,True,True,True,0.016530672058466145,0.1638323329971172,1.003666163932594,-27.0
v300_s2_p0,300,0.0,h4,3,1.307680419234294,1.333333214581641,51.97925237502204,39.751222749997396,True,True,196.0,268.0,True,True,True,0.0256527953473471,-12.228029625024647,0.7647517217677284,72.0
v300_s2_p0,300,0.0,h4,4,1.3124463334555772,1.353939409357138,52.0506586250267,42.22705408302136,True,True,224.0,203.0,True,True,True,0.041493075901560816,-9.823604542005342,0.8112683911883871,-21.0
v300_s2_p0,300,0.0,h2+3,0,1.263714823448087,1.31378747447308,30.989234875014517,32.912486083980184,True,True,253.0,165.0,True,True,True,0.05007265102499292,1.9232512089656666,1.0620619133296612,-88.0
v300_s2_p0,300,0.0,h2+3,1,1.2846621695696665,1.3016792160621098,31.388061708013993,30.718229999998584,True,True,209.0,203.0,True,True,True,0.01701704649244329,-0.6698317080154084,0.9786596663965272,-6.0
v300_s2_p0,300,0.0,h2+3,2,1.2716928657251565,1.3121430790439763,30.74914491601521,34.297779124986846,True,True,237.0,149.0,True,True,True,0.040450213318819817,3.5486342089716345,1.1154059476666418,-88.0
v300_s2_p0,300,0.0,h2+3,3,1.2793622236245517,1.2928296649996307,31.47669862495968,31.09400183404796,True,True,238.0,198.0,True,True,True,0.013467441375079048,-0.38269679091172293,0.987841901862978,-40.0
v300_s2_p0,300,0.0,h2+3,4,1.309373134887862,1.2857500897733536,34.516578915994614,33.93378941703122,True,True,187.0,170.0,True,True,True,-0.0236230451145083,-0.5827894989633933,0.9831156644932347,-17.0
v300_s2_p0,300,0.0,h2+3+4,0,1.3119018623861174,1.3393812277617778,46.37168012501206,54.38682754198089,True,True,242.0,189.0,True,True,True,0.027479365375660425,8.01514741696883,1.172845741093724,-53.0
v300_s2_p0,300,0.0,h2+3+4,1,1.3111879495590542,1.3345596977547538,56.31504183402285,53.352505333023146,True,True,199.0,198.0,True,True,True,0.02337174819569965,-2.962536500999704,0.9473935132689562,-1.0
v300_s2_p0,300,0.0,h2+3+4,2,1.3214324816251968,1.3367083469328511,47.379022374982014,47.32886729197344,True,True,252.0,225.0,True,True,True,0.015275865307654346,-0.050155083008576185,0.998941407388873,-27.0
v300_s2_p0,300,0.0,h2+3+4,3,1.3324229889103796,1.3372549852625963,55.84004429198103,43.88399079197552,True,True,196.0,268.0,True,True,True,0.004831996352216761,-11.95605350000551,0.7858874638872292,72.0
v300_s2_p0,300,0.0,h2+3+4,4,1.3048435294922134,1.3371215128251428,55.5512424170156,45.642082916980144,True,True,224.0,188.0,True,True,True,0.032277983332929416,-9.909159500035457,0.8216212803010102,-36.0
v300_s2_p10,300,0.1,h2,0,1.3780580565626113,1.3761993345793886,14.848099209018983,12.122697916987818,True,True,519.0,487.0,True,True,True,-0.0018587219832226776,-2.725401292031165,0.8164477988956519,-32.0
v300_s2_p10,300,0.1,h2,1,1.3646817983977584,1.3752170363776275,14.322142207995057,11.978538583032787,True,True,519.0,487.0,True,True,True,0.010535237979869105,-2.3436036249622703,0.8363650080464918,-32.0
v300_s2_p10,300,0.1,h2,2,1.3696486243366135,1.350617309339101,14.52998195803957,13.067090582975652,True,True,519.0,487.0,True,True,True,-0.01903131499751254,-1.4628913750639185,0.8993191196459478,-32.0
v300_s2_p10,300,0.1,h2,3,1.3700401441694845,1.3773172072221744,14.70240512501914,12.576584041991737,True,True,519.0,487.0,True,True,True,0.007277063052689936,-2.125821083027404,0.8554099778266968,-32.0
v300_s2_p10,300,0.1,h2,4,1.3669549500702356,1.3687093348338195,14.670573875016998,11.886370291002095,True,True,519.0,487.0,True,True,True,0.001754384763583916,-2.7842035840149038,0.8102184953544173,-32.0
v300_s2_p10,300,0.1,h3,0,1.3742637071213337,1.3729630693508206,24.71142654097639,22.308625834004488,True,True,224.0,246.0,True,True,True,-0.0013006377705131467,-2.4028007069719024,0.9027656010474512,22.0
v300_s2_p10,300,0.1,h3,1,1.363340686620667,1.3714631083763962,21.956205750000663,20.346968166995794,True,True,200.0,230.0,True,True,True,0.008122421755729192,-1.6092375830048695,0.9267069364657953,30.0
v300_s2_p10,300,0.1,h3,2,1.3431937559136409,1.3496908136189052,27.517176459019538,21.630451459030155,True,True,225.0,255.0,True,True,True,0.00649705770526432,-5.886724999989383,0.7860708925293881,30.0
v300_s2_p10,300,0.1,h3,3,1.380169221217733,1.3724918326899214,22.864611416996922,21.74013166700024,True,True,208.0,222.0,True,True,True,-0.007677388527811635,-1.1244797499966808,0.9508200804514537,14.0
v300_s2_p10,300,0.1,h3,4,1.348742292999405,1.3581918789265728,24.016958624997642,23.982737875019666,True,True,218.0,249.0,True,True,True,0.009449585927167714,-0.034220749977976084,0.9985751422354386,31.0
v300_s2_p10,300,0.1,h4,0,1.3586500106532082,1.3847023047313878,34.54684741597157,31.908337583008688,True,True,198.0,185.0,True,True,True,0.02605229407817955,-2.6385098329628818,0.9236251632111863,-13.0
v300_s2_p10,300,0.1,h4,1,1.3757464399163355,1.366560734364995,27.563426041044295,29.077296208997723,True,True,198.0,183.0,True,True,True,-0.009185705551340462,1.5138701679534279,1.054923149455338,-15.0
v300_s2_p10,300,0.1,h4,2,1.3670902628239872,1.3788430530785547,30.594278541044332,33.58863829099573,True,True,187.0,201.0,True,True,True,0.011752790254567547,2.9943597499514,1.0978731937062762,14.0
v300_s2_p10,300,0.1,h4,3,1.3788107042103888,1.385747966744531,33.72817700001178,32.186553874984384,True,True,184.0,192.0,True,True,True,0.0069372625341421745,-1.5416231250273995,0.9542927231131745,8.0
v300_s2_p10,300,0.1,h4,4,1.368447777158525,1.365018679557798,35.40675124997506,32.09637683304027,True,True,180.0,190.0,True,True,True,-0.0034290976007269602,-3.310374416934792,0.9065044292382763,10.0
v300_s2_p10,300,0.1,h2+3,0,1.3761234048607158,1.3772887895896209,25.919081416970585,23.523732665984426,True,True,224.0,246.0,True,True,True,0.001165384728905039,-2.395348750986159,0.9075835785824649,22.0
v300_s2_p10,300,0.1,h2+3,1,1.3539812323961014,1.3770394223924354,23.315523500030395,21.28046074998565,True,True,200.0,230.0,True,True,True,0.023058189996334022,-2.0350627500447445,0.9127164032991971,30.0
v300_s2_p10,300,0.1,h2+3,2,1.3519808794082717,1.3545033897297079,28.29632175003644,22.623745832999703,True,True,225.0,255.0,True,True,True,0.0025225103214361333,-5.672575917036738,0.7995295654627114,30.0
v300_s2_p10,300,0.1,h2+3,3,1.3902755161440743,1.3740875141289828,23.794295708998106,22.613566083018668,True,True,208.0,222.0,True,True,True,-0.016188002015091518,-1.1807296259794384,0.9503776182149014,14.0
v300_s2_p10,300,0.1,h2+3,4,1.3523351027553245,1.3676331494867844,25.240865707979538,25.355734042008407,True,True,218.0,249.0,True,True,True,0.015298046731459847,0.11486833402886987,1.0045508872539406,31.0
v300_s2_p10,300,0.1,h2+3+4,0,1.3537960229131967,1.3890556015729993,37.26011145801749,35.03059362497879,True,True,198.0,186.0,True,True,True,0.03525957865980267,-2.229517833038699,0.9401634148209462,-12.0
v300_s2_p10,300,0.1,h2+3+4,1,1.3686673687657473,1.3812778854800798,30.241992832976393,32.536390291003045,True,True,199.0,185.0,True,True,True,0.012610516714332443,2.2943974580266513,1.0758679320737357,-14.0
v300_s2_p10,300,0.1,h2+3+4,2,1.3701390913029274,1.383301618413704,33.26184508303413,35.800993915996514,True,True,187.0,202.0,True,True,True,0.013162527110776479,2.5391488329623826,1.07633818348392,15.0
v300_s2_p10,300,0.1,h2+3+4,3,1.3751344018499927,1.3735882359980844,36.58845404203748,34.89751816599164,True,True,184.0,193.0,True,True,True,-0.0015461658519082544,-1.6909358760458417,0.9537849870862792,9.0
v300_s2_p10,300,0.1,h2+3+4,4,1.3695440405398087,1.379043659955042,39.002364167012274,35.43089995800983,True,True,183.0,192.0,True,True,True,0.009499619415233251,-3.5714642090024427,0.9084295456114134,9.0
v300_s2_p30,300,0.3,h2,0,,2.075155140364896,4.258647374983411,1.893872459011618,True,True,404.0,256.0,False,True,False,,-2.3647749159717932,0.44471220372383974,-148.0
v300_s2_p30,300,0.3,h2,1,,,4.133097582962364,1.7690741249825805,True,True,404.0,256.0,False,False,False,,-2.3640234579797834,0.42802621749729197,-148.0
v300_s2_p30,300,0.3,h2,2,,,4.3461638749577105,1.8605987500050105,True,True,404.0,256.0,False,False,False,,-2.4855651249527,0.42810137940855136,-148.0
v300_s2_p30,300,0.3,h2,3,,2.3706428432543523,4.3168880000011995,1.9455192500026897,True,True,404.0,256.0,False,True,False,,-2.37136874999851,0.4506763321175229,-148.0
v300_s2_p30,300,0.3,h2,4,,,4.4171980419778265,1.76831845799461,True,True,404.0,256.0,False,False,False,,-2.6488795839832164,0.40032582673219586,-148.0
v300_s2_p30,300,0.3,h3,0,2.2447991530946454,1.9007936554471998,5.516993166995235,3.1865494169760495,True,True,404.0,256.0,True,True,True,-0.3440054976474456,-2.3304437500191852,0.577588066637314,-148.0
v300_s2_p30,300,0.3,h3,1,,1.8933606384238961,5.456248292000964,3.284908458997961,True,True,404.0,256.0,False,True,False,,-2.171339833003003,0.6020452668574015,-148.0
v300_s2_p30,300,0.3,h3,2,2.1756677203623056,1.929135737346053,5.779374334029853,3.2510056670289487,True,True,404.0,256.0,True,True,True,-0.24653198301625268,-2.5283686670009047,0.5625186186481334,-148.0
v300_s2_p30,300,0.3,h3,3,2.1102281379059016,1.941669942378891,5.739490583946463,3.1883145419997163,True,True,404.0,256.0,True,True,True,-0.16855819552701057,-2.5511760419467464,0.555504795306666,-148.0
v300_s2_p30,300,0.3,h3,4,,1.8659994592744162,5.189087457954884,3.1197480830014683,True,True,404.0,256.0,False,True,False,,-2.0693393749534152,0.6012132399539513,-148.0
v300_s2_p30,300,0.3,h4,0,,2.0971343648614984,13.293404916010331,7.823928208032157,True,True,308.0,224.0,False,True,False,,-5.469476707978174,0.5885571271968977,-84.0
v300_s2_p30,300,0.3,h4,1,,1.9376888386030706,13.975517167011276,8.068323291954584,True,True,298.0,200.0,False,True,False,,-5.9071938750566915,0.5773184058619013,-98.0
v300_s2_p30,300,0.3,h4,2,,1.9733980813915732,14.165487166959792,7.3595003329683095,True,True,290.0,226.0,False,True,False,,-6.805986833991483,0.5195373972124258,-64.0
v300_s2_p30,300,0.3,h4,3,,2.000160066047862,14.006329249998089,7.289458249986637,True,True,304.0,226.0,False,True,False,,-6.7168710000114515,0.5204403037996291,-78.0
v300_s2_p30,300,0.3,h4,4,,1.971529853141212,14.843893916986417,7.4766854999470524,True,True,290.0,226.0,False,True,False,,-7.367208417039365,0.5036876133553612,-64.0
v300_s2_p30,300,0.3,h2+3,0,2.020313392011655,1.9588824480244367,5.788157332979608,2.9312607499887235,True,True,404.0,256.0,True,True,True,-0.06143094398721827,-2.856896582990885,0.5064238204595899,-148.0
v300_s2_p30,300,0.3,h2+3,1,2.1546462483565567,1.9573557014551686,5.765819374995772,3.2447337090270594,True,True,404.0,256.0,True,True,True,-0.19729054690138814,-2.5210856659687124,0.56275327026342,-148.0
v300_s2_p30,300,0.3,h2+3,2,2.040551991725479,1.9862619234993575,5.844181541993748,3.008508583996445,True,True,404.0,256.0,True,True,True,-0.05429006822612137,-2.8356729579973035,0.5147869829810402,-148.0
v300_s2_p30,300,0.3,h2+3,3,,1.8980713907347067,5.603725166991353,3.0092615410103463,True,True,404.0,256.0,False,True,False,,-2.5944636259810068,0.5370109081609408,-148.0
v300_s2_p30,300,0.3,h2+3,4,2.1559549613637565,1.8958425157312433,5.708188000018708,2.8304931669845246,True,True,404.0,256.0,True,True,True,-0.26011244563251323,-2.877694833034184,0.49586544223407636,-148.0
v300_s2_p30,300,0.3,h2+3+4,0,,2.022007240139972,15.442531749955378,9.311183416983113,True,True,308.0,226.0,False,True,False,,-6.131348332972266,0.6029570518454668,-82.0
v300_s2_p30,300,0.3,h2+3+4,1,,1.9509745170802535,15.919642916007433,9.272046375030186,True,True,298.0,201.0,False,True,False,,-6.647596540977247,0.5824280371079811,-97.0
v300_s2_p30,300,0.3,h2+3+4,2,,2.031564624451097,16.286764207994565,8.830732207978144,True,True,290.0,228.0,False,True,False,,-7.456032000016421,0.5422029873584998,-62.0
v300_s2_p30,300,0.3,h2+3+4,3,,2.0116973893363506,16.305456749978475,8.782807042007335,True,True,304.0,228.0,False,True,False,,-7.522649707971141,0.5386421967001279,-76.0
v300_s2_p30,300,0.3,h2+3+4,4,,1.9092899260835405,17.098722667025868,8.834056916995905,True,True,290.0,228.0,False,True,False,,-8.264665750029963,0.5166501082582031,-62.0
v300_s2_p50,300,0.5,h2,0,,2.899722085192752,2.4795736669912003,0.5213903750409372,True,True,333.0,76.0,False,True,False,,-1.958183291950263,0.21027420236867178,-257.0
v300_s2_p50,300,0.5,h2,1,,3.1239955998492084,2.3650879579945467,0.5350761669687927,True,True,333.0,76.0,False,True,False,,-1.830011791025754,0.22623943653347475,-257.0
v300_s2_p50,300,0.5,h2,2,,2.9469975580567627,2.2777295419946313,0.5068772920058109,True,True,333.0,76.0,False,True,False,,-1.7708522499888204,0.2225362066305437,-257.0
v300_s2_p50,300,0.5,h2,3,3.6258086774320932,2.953792016455374,2.528052832989488,0.5183404579875059,True,True,333.0,76.0,True,True,True,-0.6720166609767193,-2.009712375001982,0.2050354530662854,-257.0
v300_s2_p50,300,0.5,h2,4,,2.7284132616142505,2.4654620829969645,0.5401055840193294,True,True,333.0,76.0,False,True,False,,-1.925356498977635,0.219068704298542,-257.0
v300_s2_p50,300,0.5,h3,0,,2.904480171438918,2.517815416038502,0.6411394579918124,True,True,333.0,76.0,False,True,False,,-1.8766759580466896,0.25464116785835433,-257.0
v300_s2_p50,300,0.5,h3,1,3.9525651522262626,2.865287717648726,2.715605208009947,0.6611280420329422,True,True,333.0,76.0,True,True,True,-1.0872774345775365,-2.054477165977005,0.24345513850204714,-257.0
v300_s2_p50,300,0.5,h3,2,,2.81653423547606,2.417922125023324,0.6768408329808153,True,True,333.0,76.0,False,True,False,,-1.7410812920425087,0.2799266469238691,-257.0
v300_s2_p50,300,0.5,h3,3,,2.7063866644065353,2.533590250008274,0.6678984579630196,True,True,333.0,76.0,False,True,False,,-1.8656917920452543,0.26361739352321806,-257.0
v300_s2_p50,300,0.5,h3,4,,2.7783625953922937,2.4006898750085384,0.580878125037998,True,True,333.0,76.0,False,True,False,,-1.8198117499705404,0.24196300033794743,-257.0
v300_s2_p50,300,0.5,h4,0,,3.051735626751933,7.48001816595206,1.1044450409826823,True,True,343.0,64.0,False,True,False,,-6.375573124969378,0.14765272175540337,-279.0
v300_s2_p50,300,0.5,h4,1,,3.033855585338989,7.71356762497453,1.0592277090181597,True,True,343.0,64.0,False,True,False,,-6.6543399159563705,0.13732007814239616,-279.0
v300_s2_p50,300,0.5,h4,2,,3.2479943462385736,7.722587124968413,1.0613668329897337,True,True,334.0,64.0,False,True,False,,-6.66122029197868,0.13743669262832367,-270.0
v300_s2_p50,300,0.5,h4,3,,3.3515884541732373,7.651750040997285,1.1282652909867465,True,True,343.0,64.0,False,True,False,,-6.523484750010539,0.1474519273292538,-279.0
v300_s2_p50,300,0.5,h4,4,,3.1863367083835534,7.648680499987677,1.1499632920022123,True,True,353.0,64.0,False,True,False,,-6.4987172079854645,0.15034793151630077,-289.0
v300_s2_p50,300,0.5,h2+3,0,3.4441006652686688,2.8773672038168074,2.833436166984029,0.6887689589639194,True,True,333.0,76.0,True,True,True,-0.5667334614518613,-2.1446672080201097,0.2430861040702604,-257.0
v300_s2_p50,300,0.5,h2+3,1,,2.879992291347142,2.577783999964595,0.6311493750545196,True,True,333.0,76.0,False,True,False,,-1.9466346249100752,0.24484183898386688,-257.0
v300_s2_p50,300,0.5,h2+3,2,,2.8573641996000276,2.712375792034436,0.6473937080008909,True,True,333.0,76.0,False,True,False,,-2.064982084033545,0.23868142087911381,-257.0
v300_s2_p50,300,0.5,h2+3,3,,2.869365978230777,2.619468874996528,0.6736832079477608,True,True,333.0,76.0,False,True,False,,-1.9457856670487672,0.2571831314272264,-257.0
v300_s2_p50,300,0.5,h2+3,4,,2.843214270680151,2.5830384580185637,0.6737143750069663,True,True,333.0,76.0,False,True,False,,-1.9093240830115974,0.26082243294347596,-257.0
v300_s2_p50,300,0.5,h2+3+4,0,,3.4593366530218024,9.281794041045941,1.3710759170353413,True,True,343.0,66.0,False,True,False,,-7.9107181240106,0.14771669258897263,-277.0
v300_s2_p50,300,0.5,h2+3+4,1,,3.2928813567480355,9.219530541973654,1.3071040000068024,True,True,343.0,66.0,False,True,False,,-7.912426541966852,0.1417755485548819,-277.0
v300_s2_p50,300,0.5,h2+3+4,2,,3.435107755879567,9.397314874979202,1.399828624969814,True,True,334.0,66.0,False,True,False,,-7.997486250009388,0.14896048962847083,-268.0
v300_s2_p50,300,0.5,h2+3+4,3,,3.174413423755908,9.192964332993142,1.3113882089965045,True,True,343.0,66.0,False,True,False,,-7.881576123996638,0.14265128869150404,-277.0
v300_s2_p50,300,0.5,h2+3+4,4,,3.2078565850270904,9.124225082981866,1.415472958004102,True,True,353.0,66.0,False,True,False,,-7.708752124977764,0.15513349847585248,-287.0
v300_s3_p0,300,0.0,h2,0,1.217695580308721,1.2188642060199055,16.924092124972958,16.628196790989023,True,True,577.0,573.0,True,True,True,0.0011686257111844789,-0.2958953339839354,0.9825163245508859,-4.0
v300_s3_p0,300,0.0,h2,1,1.219965788900274,1.2189692264067007,16.911456042027567,16.769134041038342,True,True,577.0,573.0,True,True,True,-0.000996562493573272,-0.14232200098922476,0.9915842846035532,-4.0
v300_s3_p0,300,0.0,h2,2,1.2220968870974789,1.2151925663990164,17.253635165980086,17.150851249985863,True,True,577.0,573.0,True,True,True,-0.006904320698462474,-0.10278391599422321,0.9940427675092558,-4.0
v300_s3_p0,300,0.0,h2,3,1.2261775381603017,1.2134925327031103,16.77682479203213,16.960025916981976,True,True,577.0,573.0,True,True,True,-0.012685005457191423,0.18320112494984642,1.0109198926030898,-4.0
v300_s3_p0,300,0.0,h2,4,1.218240817979777,1.2224023437002836,16.757707290991675,16.692334958002903,True,True,577.0,573.0,True,True,True,0.004161525720506543,-0.06537233298877254,0.9960989691576774,-4.0
v300_s3_p0,300,0.0,h3,0,1.2897522560944652,1.3067346895734346,30.737219041970093,32.01194012496853,True,True,218.0,160.0,True,True,True,0.01698243347896944,1.2747210829984397,1.0414715814484672,-58.0
v300_s3_p0,300,0.0,h3,1,1.2676389947293984,1.2902140471122834,28.631638667022344,32.314878208970185,True,True,225.0,171.0,True,True,True,0.02257505238288493,3.6832395419478416,1.1286422892095995,-54.0
v300_s3_p0,300,0.0,h3,2,1.2770418760543811,1.2810185440451898,32.832474625029135,30.80904595798347,True,True,238.0,210.0,True,True,True,0.003976667990808647,-2.023428667045664,0.9383711191387583,-28.0
v300_s3_p0,300,0.0,h3,3,1.2755518473229284,1.3100543039620853,31.707848917052615,33.94941058300901,True,True,246.0,177.0,True,True,True,0.034502456639156964,2.2415616659563966,1.0706942205956733,-69.0
v300_s3_p0,300,0.0,h3,4,1.2497935596852163,1.300321112900171,29.88380541699007,31.383695999975316,True,True,235.0,165.0,True,True,True,0.050527553214954724,1.4998905829852447,1.050190749205337,-70.0
v300_s3_p0,300,0.0,h4,0,1.291854123436897,1.3360057843654423,41.84786720899865,40.41770216700388,True,True,272.0,249.0,True,True,True,0.04415166092854528,-1.4301650419947691,0.9658246611505392,-23.0
v300_s3_p0,300,0.0,h4,1,1.3292946768873188,1.3475060244162314,55.29898629197851,41.988507582980674,True,True,177.0,202.0,True,True,True,0.018211347528912514,-13.310478708997834,0.7592997701853242,25.0
v300_s3_p0,300,0.0,h4,2,1.2995066032056104,1.3507842498136906,52.24342816701392,60.31876400002511,True,True,205.0,163.0,True,True,True,0.05127764660808021,8.075335833011195,1.1545713234436996,-42.0
v300_s3_p0,300,0.0,h4,3,1.3319674308437695,1.3495674216237956,52.33204475004459,44.46411241701571,True,True,189.0,209.0,True,True,True,0.017599990780026165,-7.867932333028875,0.849653642035033,20.0
v300_s3_p0,300,0.0,h4,4,1.3062428819112604,1.337592162949649,45.53998858301202,49.893230749992654,True,True,245.0,181.0,True,True,True,0.03134928103838863,4.353242166980635,1.095591639401608,-64.0
v300_s3_p0,300,0.0,h2+3,0,1.2869452067901654,1.309378150978585,32.13627054099925,33.29560295899864,True,True,218.0,160.0,True,True,True,0.022432944188419457,1.1593324179993942,1.0360755121388565,-58.0
v300_s3_p0,300,0.0,h2+3,1,1.2643972153116891,1.299644260902207,30.199879249965306,33.609712874982506,True,True,225.0,171.0,True,True,True,0.035247045590517834,3.4098336250171997,1.1129088496279704,-54.0
v300_s3_p0,300,0.0,h2+3,2,1.259411278327101,1.2797654388425903,34.06455499998992,31.80450133397244,True,True,238.0,210.0,True,True,True,0.020354160515489328,-2.260053666017484,0.9336538033149662,-28.0
v300_s3_p0,300,0.0,h2+3,3,1.2753182574570663,1.3019562089126446,32.791848584020045,34.79937904200051,True,True,246.0,177.0,True,True,True,0.026637951455578346,2.007530457980465,1.061220411311571,-69.0
v300_s3_p0,300,0.0,h2+3,4,1.2562946213339725,1.304393925418952,31.306132166006137,32.43800658301916,True,True,235.0,165.0,True,True,True,0.04809930408497953,1.131874417013023,1.0361550386042921,-70.0
v300_s3_p0,300,0.0,h2+3+4,0,1.3011526259055726,1.316415411262256,45.41341945796739,44.405682166980114,True,True,272.0,249.0,True,True,True,0.01526278535668335,-1.0077372909872793,0.9778097024400465,-23.0
v300_s3_p0,300,0.0,h2+3+4,1,1.3209192009859678,1.3506845028735701,60.8109549159999,45.32105362502625,True,True,177.0,202.0,True,True,True,0.02976530188760229,-15.489901290973648,0.7452777823934793,25.0
v300_s3_p0,300,0.0,h2+3+4,2,1.3037365060078119,1.350229136256813,55.816541416978,62.58621325000422,True,True,205.0,163.0,True,True,True,0.04649263024900119,6.769671833026223,1.121284330077948,-42.0
v300_s3_p0,300,0.0,h2+3+4,3,1.3309066566216607,1.351057038932243,57.0801866670372,48.62558225000976,True,True,189.0,209.0,True,True,True,0.020150382310582193,-8.45460441702744,0.8518819767295921,20.0
v300_s3_p0,300,0.0,h2+3+4,4,1.3183802069876467,1.3451382220903614,50.000088041997515,53.52156270900741,True,True,245.0,181.0,True,True,True,0.026758015102714694,3.5214746670098975,1.0704293693253508,-64.0
v300_s3_p10,300,0.1,h2,0,1.3666446020625151,1.3822906844493765,11.829479958978482,11.410889458027668,True,True,519.0,489.0,True,True,True,0.015646082386861382,-0.4185905009508133,0.9646146320546317,-30.0
v300_s3_p10,300,0.1,h2,1,1.3757184681374341,1.3715261196910125,12.264838125032838,11.756189416977577,True,True,519.0,489.0,True,True,True,-0.00419234844642169,-0.5086487080552615,0.9585278906358253,-30.0
v300_s3_p10,300,0.1,h2,2,1.3718779620462207,1.3669087635746067,11.285491249989718,11.63073108298704,True,True,519.0,489.0,True,True,True,-0.004969198471614034,0.3452398329973221,1.0305914758471535,-30.0
v300_s3_p10,300,0.1,h2,3,1.3849437799116096,1.3747151275609675,11.805996041046456,12.198171249998268,True,True,519.0,489.0,True,True,True,-0.010228652350642076,0.39217520895181224,1.0332183076792774,-30.0
v300_s3_p10,300,0.1,h2,4,1.3782569377557408,1.3642179697651156,12.718841333000455,11.944554332992993,True,True,519.0,489.0,True,True,True,-0.014038967990625206,-0.7742870000074618,0.9391228351910887,-30.0
v300_s3_p10,300,0.1,h3,0,1.3758469201365382,1.3738427266966045,23.27924154198263,18.53654895798536,True,True,222.0,220.0,True,True,True,-0.0020041934399337435,-4.742692583997268,0.7962694542498678,-2.0
v300_s3_p10,300,0.1,h3,1,1.3378963720480803,1.3673506844546268,17.816727917001117,18.45531133300392,True,True,215.0,194.0,True,True,True,0.0294543124065465,0.6385834160028026,1.0358417897482428,-21.0
v300_s3_p10,300,0.1,h3,2,1.3492522129706708,1.3832077790706754,18.58116808295017,25.344620749994647,True,True,221.0,219.0,True,True,True,0.03395556610000461,6.763452667044476,1.3639950210261824,-2.0
v300_s3_p10,300,0.1,h3,3,1.3351436932996865,1.383968372255703,19.06192333297804,19.96466112503549,True,True,238.0,252.0,True,True,True,0.0488246789560165,0.9027377920574509,1.0473581692827225,14.0
v300_s3_p10,300,0.1,h3,4,1.3540012426875836,1.3587050183304568,18.741562208975665,18.215843375015538,True,True,231.0,220.0,True,True,True,0.004703775642873165,-0.5257188339601271,0.9719490388208752,-11.0
v300_s3_p10,300,0.1,h4,0,1.3811145102566882,1.4087624959667135,26.13132741698064,26.66193383402424,True,True,264.0,196.0,True,True,True,0.027647985710025358,0.5306064170436002,1.0203053755584879,-68.0
v300_s3_p10,300,0.1,h4,1,1.3757917684852736,1.4009725575966019,26.88705887499964,25.35320670803776,True,True,231.0,282.0,True,True,True,0.02518078911132826,-1.5338521669618785,0.942952028554224,51.0
v300_s3_p10,300,0.1,h4,2,1.378718702839644,1.3792411353445475,28.421243917022366,27.05046483402839,True,True,223.0,216.0,True,True,True,0.0005224325049035805,-1.3707790829939768,0.9517692087300593,-7.0
v300_s3_p10,300,0.1,h4,3,1.3924132112743104,1.3857106859236021,25.719824958010577,29.251116375031415,True,True,241.0,225.0,True,True,True,-0.006702525350708255,3.5312914170208387,1.1372984234062993,-16.0
v300_s3_p10,300,0.1,h4,4,1.379821574827967,1.382273168020734,27.59517445799429,24.96700908394996,True,True,274.0,253.0,True,True,True,0.0024515931927671097,-2.628165374044329,0.9047599652596886,-21.0
v300_s3_p10,300,0.1,h2+3,0,1.3862398247218948,1.3630860151413637,24.629283041052986,19.457057915977202,True,True,222.0,220.0,True,True,True,-0.023153809580531037,-5.172225125075784,0.789996926972883,-2.0
v300_s3_p10,300,0.1,h2+3,1,1.3527784163551402,1.3680896949172707,18.936572417034768,19.390468708996195,True,True,215.0,194.0,True,True,True,0.015311278562130548,0.4538962919614278,1.0239692950743882,-21.0
v300_s3_p10,300,0.1,h2+3,2,1.3436962802249939,1.3891510057840086,19.57543066702783,26.74067308299709,True,True,221.0,219.0,True,True,True,0.04545472555901475,7.16524241596926,1.3660324279883223,-2.0
v300_s3_p10,300,0.1,h2+3,3,1.3411346557424526,1.3659694425853217,20.290950458031148,21.134191458986606,True,True,238.0,252.0,True,True,True,0.024834786842869105,0.8432410009554587,1.041557491488611,14.0
v300_s3_p10,300,0.1,h2+3,4,1.3583535752842082,1.3718559207802787,19.595011750003323,19.505852959002368,True,True,231.0,220.0,True,True,True,0.013502345496070545,-0.0891587910009548,0.9954499240858613,-11.0
v300_s3_p10,300,0.1,h2+3+4,0,1.3732189649643782,1.379041784225372,29.304029749997426,29.489313624973875,True,True,265.0,199.0,True,True,True,0.005822819260993706,0.18528387497644871,1.0063228121373466,-66.0
v300_s3_p10,300,0.1,h2+3+4,1,1.383947530436082,1.4002481051672275,30.098691374994814,28.35740633297246,True,True,232.0,283.0,True,True,True,0.016300574731145545,-1.741285042022355,0.9421474834128846,51.0
v300_s3_p10,300,0.1,h2+3+4,2,1.3875513652167482,1.38885012558864,31.58028104197001,30.100528792012483,True,True,225.0,219.0,True,True,True,0.001298760371891916,-1.479752249957528,0.953143157656167,-6.0
v300_s3_p10,300,0.1,h2+3+4,3,1.3801060921314705,1.3658203973558523,28.70581662497716,32.73478291701758,True,True,241.0,227.0,True,True,True,-0.014285694775618252,4.028966292040423,1.14035365531231,-14.0
v300_s3_p10,300,0.1,h2+3+4,4,1.3692705183298783,1.4038959566653493,31.046411417017225,27.692944124981295,True,True,276.0,254.0,True,True,True,0.03462543833547094,-3.35346729203593,0.8919853490636338,-22.0
v300_s3_p30,300,0.3,h2,0,,2.1411383776785837,4.3989380419952795,1.8836186669650488,True,True,404.0,250.0,False,True,False,,-2.5153193750302307,0.42819849904289015,-154.0
v300_s3_p30,300,0.3,h2,1,,2.1468290486905715,4.181167916976847,1.9938002089620568,True,True,404.0,250.0,False,True,False,,-2.18736770801479,0.47685246049712704,-154.0
v300_s3_p30,300,0.3,h2,2,,,4.392609041009564,1.8544071249780245,True,True,404.0,250.0,False,False,False,,-2.5382019160315394,0.4221653025947016,-154.0
v300_s3_p30,300,0.3,h2,3,2.4372384384683734,2.314258681480497,4.576568834017962,1.9237403329461813,True,True,404.0,250.0,True,True,True,-0.12297975698787633,-2.652828501071781,0.42034554766157617,-154.0
v300_s3_p30,300,0.3,h2,4,,2.3330481802722143,4.134554042015225,1.8902738339966163,True,True,404.0,250.0,False,True,False,,-2.2442802080186084,0.4571892917078131,-154.0
v300_s3_p30,300,0.3,h3,0,2.266925415724863,1.9322554002451209,5.677289374987595,3.276328084000852,True,True,404.0,250.0,True,True,True,-0.3346700154797422,-2.400961290986743,0.577093726882296,-154.0
v300_s3_p30,300,0.3,h3,1,1.8657827844001178,1.9768241342503197,5.892252707970329,3.0475340000120923,True,True,404.0,250.0,True,True,True,0.11104134985020186,-2.8447187079582363,0.5172103355122152,-154.0
v300_s3_p30,300,0.3,h3,2,1.7861727485050998,1.931444390886446,5.543591708992608,3.0917774160043336,True,True,404.0,250.0,True,True,True,0.14527164238134627,-2.4518142929882742,0.5577209827680794,-154.0
v300_s3_p30,300,0.3,h3,3,1.8362322019450783,2.0704377080652834,5.576914208009839,3.0297420420101844,True,True,404.0,250.0,True,True,True,0.23420550612020508,-2.5471721659996547,0.5432649542391597,-154.0
v300_s3_p30,300,0.3,h3,4,1.8629283563661987,1.8731796972574217,5.63667329197051,3.201836333028041,True,True,404.0,250.0,True,True,True,0.010251340891223037,-2.434836958942469,0.5680365292040404,-154.0
v300_s3_p30,300,0.3,h4,0,1.8331569501070866,1.9642730339334242,12.935452083998825,6.940413417003583,True,True,314.0,197.0,True,True,True,0.13111608382633766,-5.995038666995242,0.5365420065672761,-117.0
v300_s3_p30,300,0.3,h4,1,2.189376305603799,1.847501454815808,12.769756541994866,7.33488712500548,True,True,299.0,205.0,True,True,True,-0.34187485078799096,-5.434869416989386,0.5743952205262355,-94.0
v300_s3_p30,300,0.3,h4,2,1.933908348330323,1.8900290861967048,12.104901165992487,6.981490208010655,True,True,311.0,200.0,True,True,True,-0.04387926213361815,-5.123410957981832,0.5767490467104726,-111.0
v300_s3_p30,300,0.3,h4,3,,1.8150312192435203,15.9168698330177,7.469225791981444,True,True,402.0,157.0,False,True,False,,-8.447644041036256,0.46926474051370337,-245.0
v300_s3_p30,300,0.3,h4,4,,2.137431401872119,12.437345708953217,7.03317850001622,True,True,312.0,211.0,False,True,False,,-5.404167208936997,0.5654887035063499,-101.0
v300_s3_p30,300,0.3,h2+3,0,2.0285963670970313,1.9518309637565376,5.916025374957826,2.9983458330389112,True,True,404.0,250.0,True,True,True,-0.07676540334049364,-2.9176795419189148,0.5068176086145144,-154.0
v300_s3_p30,300,0.3,h2+3,1,2.4103418322355674,1.914003677014821,5.911854874982964,3.0868307919590734,True,True,404.0,250.0,True,True,True,-0.4963381552207464,-2.825024083023891,0.5221425182511722,-154.0
v300_s3_p30,300,0.3,h2+3,2,2.2607781014723822,1.9851556545591813,5.821625582990237,3.015489500015974,True,True,404.0,250.0,True,True,True,-0.2756224469132009,-2.8061360829742625,0.517980666573045,-154.0
v300_s3_p30,300,0.3,h2+3,3,2.5987020367086724,2.0799688693520135,5.671307082986459,2.969706208037678,True,True,404.0,250.0,True,True,True,-0.5187331673566589,-2.701600874948781,0.5236369966540161,-154.0
v300_s3_p30,300,0.3,h2+3,4,2.2990938700543606,1.846762054178638,5.5809620830114,2.9908762499690056,True,True,404.0,250.0,True,True,True,-0.4523318158757226,-2.5900858330423944,0.5359069288561042,-154.0
v300_s3_p30,300,0.3,h2+3+4,0,1.9146933442333103,1.96281587402108,14.892257208004594,8.341762292024214,True,True,314.0,199.0,True,True,True,0.04812252978776965,-6.55049491598038,0.5601408957361087,-115.0
v300_s3_p30,300,0.3,h2+3+4,1,2.1196909742402075,1.8699755659168342,15.095676083001308,8.740071750013158,True,True,299.0,206.0,True,True,True,-0.24971540832337324,-6.35560433298815,0.5789784903940165,-93.0
v300_s3_p30,300,0.3,h2+3+4,2,,1.825203184291656,13.815850917017087,8.362094333977439,True,True,311.0,200.0,False,True,False,,-5.453756583039649,0.6052536600317382,-111.0
v300_s3_p30,300,0.3,h2+3+4,3,,1.8689428392012033,18.49629904102767,8.950276208051946,True,True,402.0,160.0,False,True,False,,-9.546022832975723,0.48389551813575465,-242.0
v300_s3_p30,300,0.3,h2+3+4,4,1.9076618008316633,1.9354414600943601,15.047905332990922,8.524399165995419,True,True,312.0,212.0,True,True,True,0.027779659262696876,-6.523506166995503,0.566484103758055,-100.0
v300_s3_p50,300,0.5,h2,0,,3.133571449713238,2.4792212919564918,0.5546290000202134,True,True,335.0,80.0,False,True,False,,-1.9245922919362783,0.22371096998062837,-255.0
v300_s3_p50,300,0.5,h2,1,,2.794675403639625,2.6221255830023438,0.5505458329571411,True,True,335.0,80.0,False,True,False,,-2.0715797500452027,0.209961657262336,-255.0
v300_s3_p50,300,0.5,h2,2,,2.7683653409920295,2.5700028330320492,0.5603468749905005,True,True,335.0,80.0,False,True,False,,-2.0096559580415487,0.218033563149583,-255.0
v300_s3_p50,300,0.5,h2,3,,2.6648626013279255,2.481103500002064,0.5723835829994641,True,True,335.0,80.0,False,True,False,,-1.9087199170025997,0.23069718091123084,-255.0
v300_s3_p50,300,0.5,h2,4,,2.8854209706522718,2.464321415987797,0.607179458020255,True,True,335.0,80.0,False,True,False,,-1.8571419579675421,0.24638809454036803,-255.0
v300_s3_p50,300,0.5,h3,0,,2.8193984187555667,2.6497857500216924,0.7091071250033565,True,True,335.0,80.0,False,True,False,,-1.9406786250183359,0.2676092302925063,-255.0
v300_s3_p50,300,0.5,h3,1,,2.590739040909524,2.6981632499955595,0.6616724589839578,True,True,335.0,80.0,False,True,False,,-2.0364907910116017,0.24523069869291517,-255.0
v300_s3_p50,300,0.5,h3,2,,2.5990913193792062,2.726162916980684,0.6751052910112776,True,True,335.0,80.0,False,True,False,,-2.051057625969406,0.2476393787055761,-255.0
v300_s3_p50,300,0.5,h3,3,,2.5990913193792062,2.6194198750308715,0.6549168329802342,True,True,335.0,80.0,False,True,False,,-1.9645030420506373,0.2500236175281046,-255.0
v300_s3_p50,300,0.5,h3,4,,2.7679388426081317,2.5409404590027407,0.6583164170151576,True,True,335.0,80.0,False,True,False,,-1.882624041987583,0.25908376352649026,-255.0
v300_s3_p50,300,0.5,h2+3,0,,3.0305390088669166,2.8385405000299215,0.67875062499661,True,True,335.0,80.0,False,True,False,,-2.1597898750333115,0.23911958451516022,-255.0
v300_s3_p50,300,0.5,h2+3,1,,2.6255364730182906,2.7887196249794215,0.7100492920144461,True,True,335.0,80.0,False,True,False,,-2.0786703329649754,0.25461480087647237,-255.0
v300_s3_p50,300,0.5,h2+3,2,,2.698566687309782,2.879876959021203,0.7332491659908555,True,True,335.0,80.0,False,True,False,,-2.1466277930303477,0.2546112825042596,-255.0
v300_s3_p50,300,0.5,h2+3,3,3.71819530570179,2.615771152770521,3.1297745410120115,0.6648202079813927,True,True,335.0,80.0,True,True,True,-1.1024241529312686,-2.4649543330306187,0.21241792316657523,-255.0
v300_s3_p50,300,0.5,h2+3,4,,2.9388036966969717,2.803509582998231,0.6547037499840371,True,True,335.0,80.0,False,True,False,,-2.148805833014194,0.23353005602494145,-255.0
v300_s4_p0,300,0.0,h2,0,1.2226524843704174,1.2154055476998715,16.992519832972903,16.825358125031926,True,True,577.0,573.0,True,True,True,-0.007246936670545878,-0.16716170794097707,0.9901626298168792,-4.0
v300_s4_p0,300,0.0,h2,1,1.2020678756712506,1.220307104330909,16.871862458006945,16.88460774999112,True,True,577.0,573.0,True,True,True,0.018239228659658435,0.0127452919841744,1.000755417015513,-4.0
v300_s4_p0,300,0.0,h2,2,1.218642659125288,1.2199372556608592,17.434068083995953,17.10738995799329,True,True,577.0,573.0,True,True,True,0.0012945965355712907,-0.3266781260026619,0.9812620826975809,-4.0
v300_s4_p0,300,0.0,h2,3,1.2202541225433627,1.2202317595287895,16.991563750023488,16.917154084017966,True,True,577.0,573.0,True,True,True,-2.2363014573256734e-05,-0.07440966600552201,0.9956207876390766,-4.0
v300_s4_p0,300,0.0,h2,4,1.2205183096444143,1.221444338779145,16.911131542001385,16.558788332971744,True,True,577.0,573.0,True,True,True,0.0009260291347306104,-0.352343209029641,0.9791650128109676,-4.0
v300_s4_p0,300,0.0,h3,0,1.287967342923583,1.301947888522895,30.65092200000072,31.814653249981347,True,True,204.0,151.0,True,True,True,0.013980545599312055,1.1637312499806285,1.037967251033447,-53.0
v300_s4_p0,300,0.0,h3,1,1.2645477666824902,1.277434118612714,30.477442500006873,28.18673208396649,True,True,211.0,205.0,True,True,True,0.012886351930223805,-2.2907104160403833,0.9248391522339886,-6.0
v300_s4_p0,300,0.0,h3,2,1.275933305268233,1.30975095234936,30.64783129101852,32.57906916696811,True,True,238.0,158.0,True,True,True,0.03381764708112711,1.9312378759495914,1.0630138510490805,-80.0
v300_s4_p0,300,0.0,h3,3,1.2730417160459355,1.3125172760846011,32.673690791008994,33.14420345897088,True,True,226.0,143.0,True,True,True,0.03947556003866559,0.4705126679618843,1.0144003525947354,-83.0
v300_s4_p0,300,0.0,h3,4,1.2839946922346257,1.3169415931982908,29.248100500029977,30.588184166990686,True,True,210.0,167.0,True,True,True,0.03294690096366515,1.3400836669607088,1.0458178016367023,-43.0
v300_s4_p0,300,0.0,h4,0,1.3110726016045982,1.35078943413636,44.00654408300761,43.10166408296209,True,True,216.0,202.0,True,True,True,0.039716832531761836,-0.904880000045523,0.9794376036814277,-14.0
v300_s4_p0,300,0.0,h4,1,1.3195064031754677,1.3449684599158862,45.09247966698604,41.2029527919949,True,True,242.0,202.0,True,True,True,0.02546205674041846,-3.889526874991134,0.9137433358352478,-40.0
v300_s4_p0,300,0.0,h4,2,1.2846999772420093,1.3595049039529576,53.240319875010755,59.010066790971905,True,True,187.0,175.0,True,True,True,0.0748049267109483,5.76974691596115,1.1083717552694359,-12.0
v300_s4_p0,300,0.0,h4,3,1.2890649583556386,1.3626425343018804,40.39093737502117,45.17511574999662,True,True,241.0,202.0,True,True,True,0.07357757594624181,4.784178374975454,1.118446827082902,-39.0
v300_s4_p0,300,0.0,h4,4,1.3035920621169605,1.348531665191901,46.570279042003676,49.94530579197453,True,True,233.0,185.0,True,True,True,0.04493960307494049,3.375026749970857,1.0724716883686005,-48.0
v300_s4_p0,300,0.0,h2+3,0,1.2834996424928553,1.3105025309022535,31.56224979099352,33.49467312498018,True,True,204.0,151.0,True,True,True,0.02700288840939824,1.9324233339866623,1.061225779112175,-53.0
v300_s4_p0,300,0.0,h2+3,1,1.260583408966748,1.2827425673276132,32.536925917025656,29.163782791991252,True,True,211.0,205.0,True,True,True,0.022159158360865128,-3.373143125034403,0.896328770159896,-6.0
v300_s4_p0,300,0.0,h2+3,2,1.2798639079193537,1.3117538952027972,31.84197533299448,34.163156959053595,True,True,238.0,158.0,True,True,True,0.0318899872834435,2.321181626059115,1.0728969105020918,-80.0
v300_s4_p0,300,0.0,h2+3,3,1.268255754607168,1.307428009195324,33.41054604196688,34.34944916598033,True,True,226.0,143.0,True,True,True,0.0391722545881561,0.93890312401345,1.0281019987770956,-83.0
v300_s4_p0,300,0.0,h2+3,4,1.2902326384579597,1.3114837172362404,30.30626741598826,31.21596150001278,True,True,210.0,167.0,True,True,True,0.021251078778280696,0.9096940840245225,1.0300166982471952,-43.0
v300_s4_p0,300,0.0,h2+3+4,0,1.3233610862443954,1.3502017402713453,48.14336279098643,46.67999404197326,True,True,216.0,202.0,True,True,True,0.026840654026949906,-1.4633687490131706,0.9696039357415401,-14.0
v300_s4_p0,300,0.0,h2+3+4,1,1.3150370184057139,1.3351240142464031,48.03318370797206,45.238392249972094,True,True,242.0,202.0,True,True,True,0.020086995840689292,-2.7947914579999633,0.9418154025560436,-40.0
v300_s4_p0,300,0.0,h2+3+4,2,1.3130311971032422,1.3520495911658577,57.43495199998142,63.17806800000835,True,True,187.0,175.0,True,True,True,0.039018394062615425,5.74311600002693,1.0999933977489662,-12.0
v300_s4_p0,300,0.0,h2+3+4,3,1.3008654320207842,1.3614300417736296,43.62797124998178,48.67585016699741,True,True,241.0,202.0,True,True,True,0.06056460975284539,5.047878917015623,1.1157028111184,-39.0
v300_s4_p0,300,0.0,h2+3+4,4,1.297714858126192,1.3482608763611221,49.55559987499146,54.29593420895981,True,True,233.0,185.0,True,True,True,0.05054601823493021,4.740334333968349,1.095656885315207,-48.0
v300_s4_p10,300,0.1,h2,0,1.354017267108906,1.327994867107934,14.70202441595029,11.38594499998726,True,True,519.0,477.0,True,True,True,-0.02602240000097189,-3.3160794159630314,0.7744474283170553,-42.0
v300_s4_p10,300,0.1,h2,1,1.3465356666192305,1.318759097953956,14.79427074996056,11.54934729199158,True,True,519.0,477.0,True,True,True,-0.027776568665274448,-3.24492345796898,0.7806635073257916,-42.0
v300_s4_p10,300,0.1,h2,2,1.3600926220963372,1.3461686406010207,14.967937458015513,11.911741541000083,True,True,519.0,477.0,True,True,True,-0.013923981495316484,-3.0561959170154296,0.7958171641491728,-42.0
v300_s4_p10,300,0.1,h2,3,1.3454442015410168,1.3601402562313238,14.561658583988901,11.880902000004426,True,True,519.0,477.0,True,True,True,0.014696054690306992,-2.6807565839844756,0.8159030739168635,-42.0
v300_s4_p10,300,0.1,h2,4,1.3415567084957984,1.34624150008972,14.192325167008676,11.579718832974322,True,True,519.0,477.0,True,True,True,0.0046847915939216556,-2.6126063340343535,0.8159141435042941,-42.0
v300_s4_p10,300,0.1,h3,0,1.3889042036380916,1.387849114896432,22.742251667019445,16.64262591698207,True,True,180.0,209.0,True,True,True,-0.0010550887416596044,-6.099625750037376,0.7317932349291965,29.0
v300_s4_p10,300,0.1,h3,1,1.3433149450085415,1.3819879544139493,19.64440074999584,17.1325498749502,True,True,249.0,191.0,True,True,True,0.03867300940540774,-2.5118508750456385,0.8721340036271572,-58.0
v300_s4_p10,300,0.1,h3,2,1.3973288777564614,1.3866033572201215,19.293436417006887,18.7406679589767,True,True,228.0,185.0,True,True,True,-0.010725520536339905,-0.5527684580301866,0.9713494036996474,-43.0
v300_s4_p10,300,0.1,h3,3,1.3699585715446798,1.3935505331213207,20.6171688750037,16.836100041982718,True,True,246.0,200.0,True,True,True,0.023591961576640896,-3.7810688330209814,0.8166058174163205,-46.0
v300_s4_p10,300,0.1,h3,4,1.3618686102329443,1.3627836303075616,20.709676833997946,17.72325716697378,True,True,214.0,192.0,True,True,True,0.000915020074617301,-2.9864196670241654,0.8557959310054746,-22.0
v300_s4_p10,300,0.1,h4,0,1.374151929835829,1.3989127477170034,28.23341987503227,32.3678767500096,True,True,181.0,132.0,True,True,True,0.024760817881174457,4.134456874977332,1.1464384014858067,-49.0
v300_s4_p10,300,0.1,h4,1,1.3835449408888587,1.4015033037855091,27.907474582956638,32.56120741699124,True,True,222.0,132.0,True,True,True,0.017958362896650426,4.653732834034599,1.1667557850926675,-90.0
v300_s4_p10,300,0.1,h4,2,1.351368697186927,1.3679241217256228,26.78757566702552,25.429884499986656,True,True,260.0,183.0,True,True,True,0.01655542453869585,-1.3576911670388654,0.9493163851811297,-77.0
v300_s4_p10,300,0.1,h4,3,1.3746435718124634,1.3998680060450612,28.256698207987938,32.40081083297264,True,True,207.0,132.0,True,True,True,0.025224434232597792,4.1441126249847,1.1466594785590765,-75.0
v300_s4_p10,300,0.1,h4,4,1.3850627560102502,1.397069113432433,26.858809791039675,31.88560270803282,True,True,213.0,132.0,True,True,True,0.0120063574221827,5.026792916993145,1.1871562052116742,-81.0
v300_s4_p10,300,0.1,h2+3,0,1.3945647048247678,1.3912926486980517,23.995306958968285,17.74717095901724,True,True,180.0,209.0,True,True,True,-0.0032720561267161052,-6.248135999951046,0.7396100824784075,29.0
v300_s4_p10,300,0.1,h2+3,1,1.3452640273754608,1.3987639165097332,20.730100582994055,18.214561291970313,True,True,249.0,191.0,True,True,True,0.053499889134272394,-2.5155392910237424,0.8786528178697133,-58.0
v300_s4_p10,300,0.1,h2+3,2,1.3975537735771704,1.389547063381323,20.33935270801885,19.665579208987765,True,True,228.0,185.0,True,True,True,-0.008006710195847422,-0.6737734990310855,0.9668734050339051,-43.0
v300_s4_p10,300,0.1,h2+3,3,1.3788045169119783,1.3865467737736308,21.610088290995918,17.87280145898694,True,True,246.0,200.0,True,True,True,0.00774225686165253,-3.7372868320089765,0.827058234020906,-46.0
v300_s4_p10,300,0.1,h2+3,4,1.3583137036285777,1.3654887815047234,22.082529000006616,18.649918833980337,True,True,214.0,192.0,True,True,True,0.007175077876145686,-3.4326101660262793,0.8445553873822491,-22.0
v300_s4_p10,300,0.1,h2+3+4,0,1.3768422968034755,1.4022000244204011,31.289512624964118,34.69979937496828,True,True,181.0,134.0,True,True,True,0.025357727616925674,3.410286750004161,1.1089913668800098,-47.0
v300_s4_p10,300,0.1,h2+3+4,1,1.3829782178365424,1.4054215367043585,31.17110562499147,35.01355420798063,True,True,222.0,134.0,True,True,True,0.022443318867816142,3.8424485829891637,1.1232695634609917,-88.0
v300_s4_p10,300,0.1,h2+3+4,2,1.3788290150398312,1.3648520896211302,29.953934374963865,27.388214333972428,True,True,260.0,183.0,True,True,True,-0.013976925418700992,-2.5657200409914367,0.9143444727869898,-77.0
v300_s4_p10,300,0.1,h2+3+4,3,1.3793424361753233,1.4064014593790344,31.17910483398009,34.570338665973395,True,True,207.0,134.0,True,True,True,0.02705902320371112,3.391233831993304,1.1087662346321572,-73.0
v300_s4_p10,300,0.1,h2+3+4,4,1.3796787252679605,1.4008000358882096,29.9587217499502,34.457202708988916,True,True,213.0,134.0,True,True,True,0.021121310620249023,4.498480959038716,1.150155971158756,-79.0
v300_s4_p30,300,0.3,h2,0,,,4.327372708008625,1.7229853339958936,True,True,404.0,249.0,False,False,False,,-2.604387374012731,0.3981596803083733,-155.0
v300_s4_p30,300,0.3,h2,1,,,4.400338166044094,1.7285704580135643,True,True,404.0,249.0,False,False,False,,-2.6717677080305293,0.3928267312163306,-155.0
v300_s4_p30,300,0.3,h2,2,,,4.309398749959655,1.7340936250402592,True,True,404.0,249.0,False,False,False,,-2.575305124919396,0.4023980433596436,-155.0
v300_s4_p30,300,0.3,h2,3,2.197107676415033,2.2421634600149667,4.3605282079661265,1.9828081669984385,True,True,404.0,249.0,True,True,True,0.045055783599933896,-2.377720040967688,0.45471742697962647,-155.0
v300_s4_p30,300,0.3,h2,4,,2.656814427422196,4.225784542039037,1.927276999980677,True,True,404.0,249.0,False,True,False,,-2.29850754205836,0.45607554782022136,-155.0
v300_s4_p30,300,0.3,h3,0,2.1486515395681254,2.0590354608238846,5.721077541995328,3.11544329096796,True,True,404.0,249.0,True,True,True,-0.08961607874424082,-2.605634251027368,0.5445553338683456,-155.0
v300_s4_p30,300,0.3,h3,1,2.314562986883854,2.1065935124845074,5.282223291986156,2.9915173330227844,True,True,404.0,249.0,True,True,True,-0.20796947439934677,-2.290705958963372,0.5663367804919036,-155.0
v300_s4_p30,300,0.3,h3,2,2.1660824627259405,2.0630654660957077,5.697812790982425,3.049507541989442,True,True,404.0,249.0,True,True,True,-0.10301699663023278,-2.6483052489929833,0.5352066931394637,-155.0
v300_s4_p30,300,0.3,h3,3,2.175003523830529,1.9998827332910154,5.431824458995834,2.9529772920068353,True,True,404.0,249.0,True,True,True,-0.17512079053951357,-2.4788471669889987,0.5436437267622496,-155.0
v300_s4_p30,300,0.3,h3,4,,2.1610901449986075,5.145102000038605,3.149040583986789,True,True,404.0,249.0,False,True,False,,-1.9960614160518162,0.6120462886767183,-155.0
v300_s4_p30,300,0.3,h4,0,,1.9513802586279025,15.986645583005156,7.430776832974516,True,True,257.0,161.0,False,True,False,,-8.55586875003064,0.4648115074793373,-96.0
v300_s4_p30,300,0.3,h4,1,,1.9545939781974813,15.081017041986343,7.703002959024161,True,True,266.0,161.0,False,True,False,,-7.378014082962181,0.5107747665544436,-105.0
v300_s4_p30,300,0.3,h4,2,,1.9530141512475958,16.607124499976635,7.809058999991976,True,True,257.0,161.0,False,True,False,,-8.79806549998466,0.4702234273009131,-96.0
v300_s4_p30,300,0.3,h4,3,,1.961021223827843,16.031932374986354,7.453720624966081,True,True,251.0,165.0,False,True,False,,-8.578211750020273,0.4649296448253279,-86.0
v300_s4_p30,300,0.3,h4,4,,1.9652079974367853,15.82285066699842,7.794520499999635,True,True,272.0,154.0,False,True,False,,-8.028330166998785,0.49261164527429924,-118.0
v300_s4_p30,300,0.3,h2+3,0,2.028198659419125,1.967105265804457,5.685770916985348,2.9824764580116607,True,True,404.0,249.0,True,True,True,-0.06109339361466781,-2.703294458973687,0.5245509362858747,-155.0
v300_s4_p30,300,0.3,h2+3,1,2.2723704030702825,2.0727411805404543,5.6047685840167105,3.0535638330038637,True,True,404.0,249.0,True,True,True,-0.19962922252982818,-2.551204751012847,0.5448153277392763,-155.0
v300_s4_p30,300,0.3,h2+3,2,2.006194111858063,2.1304233466693288,5.8223692500032485,3.095483959012199,True,True,404.0,249.0,True,True,True,0.12422923481126569,-2.7268852909910493,0.5316536664194687,-155.0
v300_s4_p30,300,0.3,h2+3,3,2.1775709913431487,1.9952193711237505,5.488603458041325,3.0136139999958687,True,True,404.0,249.0,True,True,True,-0.1823516202193982,-2.4749894580454566,0.5490675402284051,-155.0
v300_s4_p30,300,0.3,h2+3,4,,1.8962937434292544,5.509682333969977,3.110506125027314,True,True,404.0,249.0,False,True,False,,-2.399176208942663,0.5645527158343542,-155.0
v300_s4_p30,300,0.3,h2+3+4,0,,1.9645968360250623,18.551618708006572,8.750836916966364,True,True,256.0,163.0,False,True,False,,-9.800781791040208,0.4717020684124802,-93.0
v300_s4_p30,300,0.3,h2+3+4,1,,1.95954131043195,17.292177583032753,9.027023292030208,True,True,265.0,163.0,False,True,False,,-8.265154291002546,0.5220292961187033,-102.0
v300_s4_p30,300,0.3,h2+3+4,2,,1.9842086653744007,18.942778958007693,9.312396916968282,True,True,256.0,163.0,False,True,False,,-9.630382041039411,0.49160669285177117,-93.0
v300_s4_p30,300,0.3,h2+3+4,3,,1.972669273908379,18.228553291002754,8.744354458991438,True,True,250.0,167.0,False,True,False,,-9.484198832011316,0.4797064429302503,-83.0
v300_s4_p30,300,0.3,h2+3+4,4,,1.974775131831947,18.083277166006155,9.233370500034653,True,True,271.0,156.0,False,True,False,,-8.849906665971503,0.5106027195884606,-115.0
v300_s4_p50,300,0.5,h2,0,,3.4477264933576017,2.410439375031274,0.6037796250311658,True,True,337.0,88.0,False,True,False,,-1.806659750000108,0.25048529794421076,-249.0
v300_s4_p50,300,0.5,h2,1,,2.9594232226619703,2.3449808749719523,0.5805851250188425,True,True,337.0,88.0,False,True,False,,-1.7643957499531098,0.2475862942915416,-249.0
v300_s4_p50,300,0.5,h2,2,,3.633864210586187,2.4444889999576844,0.5787089999648742,True,True,337.0,88.0,False,True,False,,-1.8657799999928102,0.2367402757692475,-249.0
v300_s4_p50,300,0.5,h2,3,,3.6167035935427974,2.4968542090500705,0.5299164589960128,True,True,337.0,88.0,False,True,False,,-1.9669377500540577,0.21223364066483474,-249.0
v300_s4_p50,300,0.5,h2,4,,4.023358522043585,2.255294375005178,0.536192542000208,True,True,337.0,88.0,False,True,False,,-1.71910183300497,0.2377483613415109,-249.0
v300_s4_p50,300,0.5,h3,0,,3.109422774134495,2.4999366250121966,0.7027839160291478,True,True,337.0,88.0,False,True,False,,-1.7971527089830488,0.28112069281985064,-249.0
v300_s4_p50,300,0.5,h3,1,,2.9938707701512137,2.556611374951899,0.7248092909576371,True,True,337.0,88.0,False,True,False,,-1.831802083994262,0.28350389819073457,-249.0
v300_s4_p50,300,0.5,h3,2,3.422464498273391,3.008537279306938,2.754551124991849,0.6717855000169948,True,True,337.0,88.0,True,True,True,-0.4139272189664531,-2.0827656249748543,0.24388202270850307,-249.0
v300_s4_p50,300,0.5,h3,3,,3.0318071294291395,2.5245108749950305,0.7124787920038216,True,True,337.0,88.0,False,True,False,,-1.8120320829912089,0.28222448913206766,-249.0
v300_s4_p50,300,0.5,h3,4,,3.01316553911844,2.5396104580140673,0.7102201659581624,True,True,337.0,88.0,False,True,False,,-1.8293902920559049,0.2796571276185178,-249.0
v300_s4_p50,300,0.5,h2+3,0,,3.2666351475521433,2.601922416011803,0.7326256249798462,True,True,337.0,88.0,False,True,False,,-1.8692967910319567,0.28157089560833504,-249.0
v300_s4_p50,300,0.5,h2+3,1,,3.1530756586116615,2.6691225829999894,0.6715033329674043,True,True,337.0,88.0,False,True,False,,-1.9976192500325851,0.2515820506874813,-249.0
v300_s4_p50,300,0.5,h2+3,2,,3.1287047233252743,2.696272917033639,0.7583107499522157,True,True,337.0,88.0,False,True,False,,-1.937962167081423,0.2812440629290922,-249.0
v300_s4_p50,300,0.5,h2+3,3,,2.977432801314089,2.6956761659821495,0.7097534170025028,True,True,337.0,88.0,False,True,False,,-1.9859227489796467,0.2632932790515323,-249.0
v300_s4_p50,300,0.5,h2+3,4,,3.0195159913555125,2.7917571250000037,0.7278638340067118,True,True,337.0,88.0,False,True,False,,-2.063893290993292,0.26071889545431387,-249.0
v300_s5_p0,300,0.0,h2,0,1.2133124875581538,1.2201651737622732,16.913458209019154,16.97128066699952,True,True,577.0,573.0,True,True,True,0.006852686204119385,0.05782245798036456,1.003418724737767,-4.0
v300_s5_p0,300,0.0,h2,1,1.2161328420046236,1.2218738341237252,17.017085708037484,16.781260874995496,True,True,577.0,573.0,True,True,True,0.005740992119101618,-0.2358248330419883,0.9861418789863293,-4.0
v300_s5_p0,300,0.0,h2,2,1.217422614223545,1.2177727869609922,17.19739904103335,16.858729333034717,True,True,577.0,573.0,True,True,True,0.00035017273744730737,-0.3386697079986334,0.9803069227392723,-4.0
v300_s5_p0,300,0.0,h2,3,1.2204063122880193,1.213456617160939,16.881046124966815,16.711705624999013,True,True,577.0,573.0,True,True,True,-0.006949695127080213,-0.16934049996780232,0.9899686015479011,-4.0
v300_s5_p0,300,0.0,h2,4,1.2106288267094683,1.2150489436634082,16.87609199999133,16.740013167029247,True,True,577.0,573.0,True,True,True,0.0044201169539399565,-0.13607883296208456,0.9919365909499572,-4.0
v300_s5_p0,300,0.0,h3,0,1.2614033232083022,1.2988334038321279,30.861477375030518,30.44712587504182,True,True,248.0,183.0,True,True,True,0.03743008062382569,-0.41435149998869747,0.9865738281109011,-65.0
v300_s5_p0,300,0.0,h3,1,1.2766417344454735,1.3246699686947847,30.531349750002846,32.70858745800797,True,True,232.0,173.0,True,True,True,0.04802823424931124,2.177237708005123,1.0713115445544599,-59.0
v300_s5_p0,300,0.0,h3,2,1.2913162240045228,1.2783675496552944,29.50117937498726,31.333440624992363,True,True,204.0,255.0,True,True,True,-0.012948674349228417,1.8322612500051036,1.0621080678407928,51.0
v300_s5_p0,300,0.0,h3,3,1.258564133870813,1.288972919759615,28.533305749995634,30.857909541984554,True,True,241.0,247.0,True,True,True,0.030408785888802026,2.3246037919889204,1.0814698378223937,6.0
v300_s5_p0,300,0.0,h3,4,1.2616834324239987,1.3118599397704225,33.395854540984146,33.07448145799572,True,True,210.0,143.0,True,True,True,0.05017650734642376,-0.3213730829884298,0.9903768570259511,-67.0
v300_s5_p0,300,0.0,h4,0,1.3092098935894019,1.3315107378135065,44.09245200001169,42.47681054100394,True,True,255.0,225.0,True,True,True,0.02230084422410461,-1.6156414590077475,0.9633578677137911,-30.0
v300_s5_p0,300,0.0,h4,1,1.3162914091147668,1.343090826218528,43.685699708992615,42.07378170796437,True,True,188.0,221.0,True,True,True,0.026799417103761103,-1.6119180010282435,0.9631019301106345,33.0
v300_s5_p0,300,0.0,h4,2,1.3217471609795735,1.3523206746003826,46.34554145799484,55.4779482500162,True,True,232.0,172.0,True,True,True,0.03057351362080918,9.132406792021357,1.1970503851011967,-60.0
v300_s5_p0,300,0.0,h4,3,1.3192802338561918,1.3501138182455616,51.07899983302923,41.848035584029276,True,True,183.0,210.0,True,True,True,0.030833584389369895,-9.230964248999953,0.8192806382432153,27.0
v300_s5_p0,300,0.0,h4,4,1.3322534527441596,1.3423484941028179,53.51508079195628,41.7775848750025,True,True,189.0,203.0,True,True,True,0.010095041358658241,-11.737495916953776,0.7806693787386002,14.0
v300_s5_p0,300,0.0,h2+3,0,1.2506179131566828,1.3021797886839868,32.46933487500064,31.434215625049546,True,True,248.0,183.0,True,True,True,0.05156187552730396,-1.0351192499510944,0.9681200968872303,-65.0
v300_s5_p0,300,0.0,h2+3,1,1.2702171226026184,1.3224874776806947,32.003563834005035,33.90605258301366,True,True,232.0,173.0,True,True,True,0.052270355078076314,1.9024887490086257,1.059446152899608,-59.0
v300_s5_p0,300,0.0,h2+3,2,1.2895865504364878,1.27998155884298,30.807700957986526,33.03079525002977,True,True,204.0,255.0,True,True,True,-0.009604991593507917,2.2230942920432426,1.07216034377492,51.0
v300_s5_p0,300,0.0,h2+3,3,1.2669222233437127,1.2777683704313703,29.793668541999068,32.02647462498862,True,True,241.0,247.0,True,True,True,0.01084614708765752,2.232806082989555,1.0749423012423611,6.0
v300_s5_p0,300,0.0,h2+3,4,1.2671427466193765,1.3159892421291983,35.164564625010826,34.487288958975114,True,True,210.0,143.0,True,True,True,0.048846495509821786,-0.6772756660357118,0.9807398250694109,-67.0
v300_s5_p0,300,0.0,h2+3+4,0,1.3189131409309514,1.3281516532058248,46.979948583990335,45.63825529097812,True,True,255.0,225.0,True,True,True,0.00923851227487349,-1.341693293012213,0.9714411502470347,-30.0
v300_s5_p0,300,0.0,h2+3+4,1,1.3236730174858238,1.3467562658579184,47.06423779198667,45.44719074998284,True,True,188.0,221.0,True,True,True,0.023083248372094634,-1.6170470420038328,0.9656417033852579,33.0
v300_s5_p0,300,0.0,h2+3+4,2,1.320090568781695,1.348501856290755,49.37789804197382,57.686369040980935,True,True,232.0,172.0,True,True,True,0.028411287509059857,8.308470999007113,1.168262954246138,-60.0
v300_s5_p0,300,0.0,h2+3+4,3,1.3300547473693476,1.343289296259747,55.96027716604294,44.661009458010085,True,True,183.0,210.0,True,True,True,0.013234548890399322,-11.299267708032858,0.7980841361005745,27.0
v300_s5_p0,300,0.0,h2+3+4,4,1.335375155344452,1.346552187830231,56.63351379201049,45.743983042018954,True,True,189.0,203.0,True,True,True,0.011177032485778948,-10.889530749991536,0.8077193163400755,14.0
v300_s5_p10,300,0.1,h2,0,1.3533971678389807,1.3859464861941144,13.626869833038654,11.88861387502402,True,True,519.0,491.0,True,True,True,0.03254931835513375,-1.7382559580146335,0.8724390869427554,-28.0
v300_s5_p10,300,0.1,h2,1,1.3736715467284355,1.3632988370907846,13.36496629199246,11.10053162497934,True,True,519.0,491.0,True,True,True,-0.010372709637650912,-2.26443466701312,0.8305693693840558,-28.0
v300_s5_p10,300,0.1,h2,2,1.3627534158981065,1.3780094261908333,13.498548291041516,11.565469334018417,True,True,519.0,491.0,True,True,True,0.01525601029272683,-1.933078957023099,0.8567935665862668,-28.0
v300_s5_p10,300,0.1,h2,3,1.376711466437207,1.3568240586279912,13.232329207996372,11.085645459010266,True,True,519.0,491.0,True,True,True,-0.01988740780921594,-2.1466837489861064,0.8377697746751303,-28.0
v300_s5_p10,300,0.1,h2,4,1.3642245707952159,1.3884393823016687,13.504881332977675,11.355790792033076,True,True,519.0,491.0,True,True,True,0.024214811506452882,-2.1490905409445986,0.8408656479123058,-28.0
v300_s5_p10,300,0.1,h3,0,1.36245663469144,1.3741846357339857,28.556628292019013,20.447194750013296,True,True,257.0,232.0,True,True,True,0.011728001042545788,-8.109433542005718,0.7160227230232171,-25.0
v300_s5_p10,300,0.1,h3,1,1.3663784067805107,1.3585336236101822,28.662441084044985,22.982115708000492,True,True,265.0,230.0,True,True,True,-0.007844783170328551,-5.680325376044493,0.8018199022411089,-35.0
v300_s5_p10,300,0.1,h3,2,1.3689910397483338,1.3737009712681112,28.32952050003223,27.125389916996937,True,True,256.0,238.0,True,True,True,0.004709931519777388,-1.204130583035294,0.9574955536916369,-18.0
v300_s5_p10,300,0.1,h3,3,1.3617850712654582,1.3504775316038466,24.238186125003267,22.83379679202335,True,True,274.0,265.0,True,True,True,-0.011307539661611576,-1.4043893329799175,0.9420588106000557,-9.0
v300_s5_p10,300,0.1,h3,4,1.3493839086054005,1.3860433674704604,25.064284624997526,25.728769000037573,True,True,233.0,227.0,True,True,True,0.036659458865059946,0.6644843750400469,1.026511204488052,-6.0
v300_s5_p10,300,0.1,h4,0,1.3957162986601301,1.3758479730518451,30.20051933301147,30.103557083988562,True,True,288.0,230.0,True,True,True,-0.019868325608284998,-0.09696224902290851,0.9967893847137614,-58.0
v300_s5_p10,300,0.1,h4,1,1.3702231106795637,1.37367061737207,34.825715958024375,28.46392291598022,True,True,224.0,226.0,True,True,True,0.0034475066925063746,-6.361793042044155,0.8173248455333393,2.0
v300_s5_p10,300,0.1,h4,2,1.395727135093618,1.3778079469274134,28.285302874981426,28.64502450003056,True,True,272.0,258.0,True,True,True,-0.017919188166204636,0.35972162504913285,1.0127176161640932,-14.0
v300_s5_p10,300,0.1,h4,3,1.3849613018835811,1.3802701031426297,31.340741833031643,33.43045995797729,True,True,286.0,203.0,True,True,True,-0.004691198740951474,2.089718124945648,1.0666773663520366,-83.0
v300_s5_p10,300,0.1,h4,4,1.386469487092034,1.389051655240182,30.185854625015054,28.044245917000808,True,True,312.0,221.0,True,True,True,0.002582168148147934,-2.141608708014246,0.9290525733122861,-91.0
v300_s5_p10,300,0.1,h2+3,0,1.3912100704268426,1.3738882170671325,29.19091004197253,21.896755791967735,True,True,257.0,232.0,True,True,True,-0.01732185335971015,-7.2941542500047944,0.7501224100407695,-25.0
v300_s5_p10,300,0.1,h2+3,1,1.362932378514719,1.3590851968371032,30.122431499999948,24.108031124982517,True,True,265.0,230.0,True,True,True,-0.003847181677615774,-6.014400375017431,0.8003348310372143,-35.0
v300_s5_p10,300,0.1,h2+3,2,1.3591401636106073,1.3787466882029875,29.745058834028896,28.302955999970436,True,True,256.0,238.0,True,True,True,0.019606524592380215,-1.4421028340584598,0.9515179027849604,-18.0
v300_s5_p10,300,0.1,h2+3,3,1.3568440952174365,1.3395904756970645,25.85641199996462,24.29054079100024,True,True,274.0,265.0,True,True,True,-0.017253619520372077,-1.5658712089643814,0.9394397332094444,-9.0
v300_s5_p10,300,0.1,h2+3,4,1.3534583234560886,1.3695674987890982,26.27258545800578,27.124999709019903,True,True,233.0,227.0,True,True,True,0.016109175333009595,0.8524142510141246,1.0324450082149939,-6.0
v300_s5_p10,300,0.1,h2+3+4,0,1.3882228779589567,1.3811305615748628,34.094791707990225,33.69668612501118,True,True,257.0,230.0,True,True,True,-0.007092316384093911,-0.3981055829790421,0.9883235660628558,-27.0
v300_s5_p10,300,0.1,h2+3+4,1,1.388099057834884,1.3764319499333408,38.51953491696622,31.331655459012836,True,True,224.0,226.0,True,True,True,-0.011667107901543128,-7.187879457953386,0.8133965149514972,2.0
v300_s5_p10,300,0.1,h2+3+4,2,1.4007084569707264,1.3887792360544966,31.467168542032596,31.68704675004119,True,True,273.0,258.0,True,True,True,-0.011929220916229832,0.2198782080085948,1.006987543468199,-15.0
v300_s5_p10,300,0.1,h2+3+4,3,1.3993519308402453,1.3869527995074058,34.598502874956466,37.04244758299319,True,True,286.0,203.0,True,True,True,-0.012399131332839541,2.4439447080367245,1.070637296557873,-83.0
v300_s5_p10,300,0.1,h2+3+4,4,1.4133939806822535,1.4008237436361897,35.19595429097535,30.70203337498242,True,True,286.0,221.0,True,True,True,-0.012570237046063859,-4.4939209159929305,0.8723171169379197,-65.0
v300_s5_p30,300,0.3,h2,0,,2.090014362239495,4.457176792027894,2.03226258297218,True,True,404.0,260.0,False,True,False,,-2.4249142090557143,0.45595287730275463,-144.0
v300_s5_p30,300,0.3,h2,1,2.1672300761403958,2.189333608235694,4.683425916999113,2.0808000420220196,True,True,404.0,260.0,True,True,True,0.02210353209529803,-2.602625874977093,0.4442901582940559,-144.0
v300_s5_p30,300,0.3,h2,2,,2.1805281499743567,4.51471858297009,2.1356696249567904,True,True,404.0,260.0,False,True,False,,-2.3790489580133,0.47304601288167136,-144.0
v300_s5_p30,300,0.3,h2,3,,,4.616101374966092,1.965009542007465,True,True,404.0,260.0,False,False,False,,-2.6510918329586275,0.4256859592954453,-144.0
v300_s5_p30,300,0.3,h2,4,,,4.441919666016474,1.8572680829674937,True,True,404.0,260.0,False,False,False,,-2.5846515830489807,0.41812284386338233,-144.0
v300_s5_p30,300,0.3,h3,0,1.9674390882975616,1.7347379740383289,17.621281833038665,3.6836414159624837,True,True,261.0,260.0,True,True,True,-0.2327011142592328,-13.937640417076182,0.2090450315059325,-1.0
v300_s5_p30,300,0.3,h3,1,1.8833948782818446,1.7739056010838223,18.47541574999923,3.809595042024739,True,True,265.0,260.0,True,True,True,-0.10948927719802226,-14.66582070797449,0.20619806848053734,-5.0
v300_s5_p30,300,0.3,h3,2,1.9025571492876545,1.796474361203291,18.19179183401866,4.076397999946494,True,True,261.0,260.0,True,True,True,-0.10608278808436356,-14.115393834072165,0.22407897128218165,-1.0
v300_s5_p30,300,0.3,h3,3,1.9070198151951163,1.7297378858142207,16.970705416984856,3.9590127079864033,True,True,261.0,260.0,True,True,True,-0.1772819293808956,-13.011692708998453,0.23328509986532966,-1.0
v300_s5_p30,300,0.3,h3,4,1.86094213513066,1.7906621311902355,17.81653508299496,3.904265374992974,True,True,261.0,260.0,True,True,True,-0.07028000394042455,-13.912269708001986,0.2191371867091829,-1.0
v300_s5_p30,300,0.3,h4,0,1.811567539195349,1.952033237539264,12.921243333024904,7.671434124989901,True,True,248.0,238.0,True,True,True,0.14046569834391498,-5.249809208035003,0.5937071168207768,-10.0
v300_s5_p30,300,0.3,h4,1,,1.8918160799201489,13.057646957982797,7.594781958032399,True,True,282.0,234.0,False,True,False,,-5.462864999950398,0.5816348062151678,-48.0
v300_s5_p30,300,0.3,h4,2,1.826437639872168,1.8649714309004468,13.358001458051149,7.346103916002903,True,True,248.0,185.0,True,True,True,0.03853379102827881,-6.011897542048246,0.5499403439258687,-63.0
v300_s5_p30,300,0.3,h4,3,,1.8696228344104517,13.790824624942616,7.41886945895385,True,True,273.0,237.0,False,True,False,,-6.371955165988766,0.5379569141598536,-36.0
v300_s5_p30,300,0.3,h4,4,,,14.68307716603158,7.604150291997939,True,True,271.0,238.0,False,False,False,,-7.078926874033641,0.5178853319377552,-33.0
v300_s5_p30,300,0.3,h2+3,0,1.889110343300764,1.8331564536882026,19.516836208989844,3.394996125018224,True,True,261.0,260.0,True,True,True,-0.055953889612561536,-16.12184008397162,0.17395217588875503,-1.0
v300_s5_p30,300,0.3,h2+3,1,1.9268061286674152,1.7614488555814884,18.770406665978953,3.5397633330430835,True,True,265.0,260.0,True,True,True,-0.16535727308592674,-15.23064333293587,0.18858213335669732,-5.0
v300_s5_p30,300,0.3,h2+3,2,1.948642305604981,1.777282692096176,18.589924291009083,3.6502928340341896,True,True,261.0,260.0,True,True,True,-0.17135961350880513,-14.939631456974894,0.19635867133679688,-1.0
v300_s5_p30,300,0.3,h2+3,3,1.8653100946981964,1.810437164327752,18.54831100004958,3.444794166018255,True,True,261.0,260.0,True,True,True,-0.054872930370444495,-15.103516834031325,0.18572009958260066,-1.0
v300_s5_p30,300,0.3,h2+3,4,1.9159039408296823,1.80878625137444,19.19055129098706,3.627205041004345,True,True,261.0,260.0,True,True,True,-0.10711768945524236,-15.563346249982715,0.18900994484238084,-1.0
v300_s5_p30,300,0.3,h2+3+4,0,1.8820953618167677,1.898091509996996,15.140033291012514,9.14518983301241,True,True,248.0,238.0,True,True,True,0.01599614818022821,-5.994843458000105,0.6040402723844216,-10.0
v300_s5_p30,300,0.3,h2+3+4,1,,,15.033056750020478,9.098982708004769,True,True,282.0,234.0,False,False,False,,-5.934074042015709,0.6052649743367977,-48.0
v300_s5_p30,300,0.3,h2+3+4,2,1.9088765928982603,1.8776328134217068,15.574313334014732,8.397903250006493,True,True,248.0,185.0,True,True,True,-0.031243779476553435,-7.176410084008239,0.5392149926549403,-63.0
v300_s5_p30,300,0.3,h2+3+4,3,,1.8925242453446496,15.854911000002176,8.880477208993398,True,True,272.0,237.0,False,True,False,,-6.974433791008778,0.5601089283309241,-35.0
v300_s5_p30,300,0.3,h2+3+4,4,,1.9699945656810915,17.127303540997673,9.284299542021472,True,True,270.0,238.0,False,True,False,,-7.843003998976201,0.5420759619164581,-32.0
v300_s5_p50,300,0.5,h2,0,,2.977018675208094,2.613444749964401,0.5302198330173269,True,True,335.0,83.0,False,True,False,,-2.0832249169470742,0.20288159258945468,-252.0
v300_s5_p50,300,0.5,h2,1,,3.133341382690504,2.498156374960672,0.561964166990947,True,True,335.0,83.0,False,True,False,,-1.9361922079697251,0.2249515573258675,-252.0
v300_s5_p50,300,0.5,h2,2,,,2.553408625011798,0.4678699589567259,True,True,335.0,83.0,False,False,False,,-2.085538666055072,0.18323348420371383,-252.0
v300_s5_p50,300,0.5,h2,3,,2.9189013181206276,2.4568018750287592,0.518043290998321,True,True,335.0,83.0,False,True,False,,-1.9387585840304382,0.21086083345335155,-252.0
v300_s5_p50,300,0.5,h2,4,,3.236679142776644,2.5298895420273766,0.5323679579887539,True,True,335.0,83.0,False,True,False,,-1.9975215840386227,0.21043130506090413,-252.0
v300_s5_p50,300,0.5,h3,0,,2.847121374411906,2.6197027080343105,0.6985467089689337,True,True,335.0,83.0,False,True,False,,-1.9211559990653768,0.26665113824808273,-252.0
v300_s5_p50,300,0.5,h3,1,2.8307868672216205,2.7901798453438036,2.7926792500074953,0.7476067909738049,True,True,335.0,83.0,True,True,True,-0.04060702187781695,-2.0450724590336904,0.2677023474757434,-252.0
v300_s5_p50,300,0.5,h3,2,,2.7807603070750164,2.6012414999422617,0.737779583025258,True,True,335.0,83.0,False,True,False,,-1.8634619169170037,0.2836259467033853,-252.0
v300_s5_p50,300,0.5,h3,3,3.105892482831019,2.7750397611918993,2.8205029999953695,0.7387849999940954,True,True,335.0,83.0,True,True,True,-0.3308527216391197,-2.081718000001274,0.2619337756404827,-252.0
v300_s5_p50,300,0.5,h3,4,,2.7483817566723663,2.552131582982838,0.7028350419714116,True,True,335.0,83.0,False,True,False,,-1.8492965410114266,0.27539138132915686,-252.0
v300_s5_p50,300,0.5,h4,0,,3.107898234058871,8.161301207961515,1.3385352920158766,True,True,415.0,70.0,False,True,False,,-6.822765915945638,0.16401003441829942,-345.0
v300_s5_p50,300,0.5,h4,1,,3.208764725424439,8.08397341700038,1.3023842090042308,True,True,358.0,70.0,False,True,False,,-6.781589207996149,0.16110693860835215,-288.0
v300_s5_p50,300,0.5,h4,2,,3.050475218350901,8.04182550002588,1.308845791965723,True,True,358.0,70.0,False,True,False,,-6.7329797080601566,0.16275481132505437,-288.0
v300_s5_p50,300,0.5,h4,3,,3.1101362487161146,7.97755066701211,1.3717818330042064,True,True,375.0,70.0,False,True,False,,-6.605768834007904,0.1719552642487935,-305.0
v300_s5_p50,300,0.5,h4,4,,3.066189664961798,7.969420958019327,1.3462807909818366,True,True,358.0,70.0,False,True,False,,-6.623140167037491,0.16893081668965235,-288.0
v300_s5_p50,300,0.5,h2+3,0,,2.8480996377378522,2.786527542048134,0.6836176670040004,True,True,335.0,83.0,False,True,False,,-2.1029098750441335,0.24532959272368524,-252.0
v300_s5_p50,300,0.5,h2+3,1,,2.82809431127235,2.8201678750338033,0.7671055420069024,True,True,335.0,83.0,False,True,False,,-2.053062333026901,0.27200704922493585,-252.0
v300_s5_p50,300,0.5,h2+3,2,,2.8513671499531568,2.8611655000131577,0.7105659160297364,True,True,335.0,83.0,False,True,False,,-2.1505995839834213,0.24834841466754323,-252.0
v300_s5_p50,300,0.5,h2+3,3,,2.8577128204645788,2.920427082979586,0.7060210419585928,True,True,335.0,83.0,False,True,False,,-2.214406041020993,0.24175266900972237,-252.0
v300_s5_p50,300,0.5,h2+3,4,,2.804810634740941,2.8663709579850547,0.6734579170006327,True,True,335.0,83.0,False,True,False,,-2.192913040984422,0.23495141657241986,-252.0
v300_s5_p50,300,0.5,h2+3+4,0,,3.0697850120360615,9.680270957993343,1.7273429590277374,True,True,415.0,70.0,False,True,False,,-7.952927998965606,0.17843952576569244,-345.0
v300_s5_p50,300,0.5,h2+3+4,1,,2.987839999233164,9.57916883303551,1.6438045830000192,True,True,358.0,70.0,False,True,False,,-7.935364250035491,0.1716020055238049,-288.0
v300_s5_p50,300,0.5,h2+3+4,2,,2.9523559974254767,9.770217542012688,1.6823800830170512,True,True,358.0,70.0,False,True,False,,-8.087837458995637,0.172194741394722,-288.0
v300_s5_p50,300,0.5,h2+3+4,3,,3.1692640990340526,9.24185537500307,1.7004951250273734,True,True,375.0,70.0,False,True,False,,-7.541360249975696,0.18399932221692103,-305.0
v300_s5_p50,300,0.5,h2+3+4,4,,3.0514480912395556,9.405409958970267,1.7051946250139736,True,True,358.0,70.0,False,True,False,,-7.700215333956294,0.1812993407467231,-288.0
v300_s6_p0,300,0.0,h2,0,1.2192139941657945,1.212919775811237,16.825216000026558,16.542359334009234,True,True,577.0,573.0,True,True,True,-0.006294218354557346,-0.28285666601732373,0.9831885269100333,-4.0
v300_s6_p0,300,0.0,h2,1,1.2203346474239014,1.221931214601588,17.064219875028357,17.125661165977363,True,True,577.0,573.0,True,True,True,0.0015965671776865253,0.061441290949005634,1.0036005918465056,-4.0
v300_s6_p0,300,0.0,h2,2,1.2209271216126287,1.2195745164222158,16.999395499995444,17.144221832975745,True,True,577.0,573.0,True,True,True,-0.0013526051904129144,0.14482633298030123,1.0085194990010287,-4.0
v300_s6_p0,300,0.0,h2,3,1.22040248763039,1.2148606413415854,16.908368500007782,16.719953958003316,True,True,577.0,573.0,True,True,True,-0.005541846288804608,-0.18841454200446606,0.988856728429808,-4.0
v300_s6_p0,300,0.0,h2,4,1.2183269707578583,1.218768003092734,16.982068083016202,16.86520025000209,True,True,577.0,573.0,True,True,True,0.0004410323348755796,-0.11686783301411197,0.9931181624968874,-4.0
v300_s6_p0,300,0.0,h3,0,1.2704689920737535,1.276646555045948,30.148351459007245,29.551157500012778,True,True,215.0,198.0,True,True,True,0.006177562972194517,-0.5971939589944668,0.9801914887516662,-17.0
v300_s6_p0,300,0.0,h3,1,1.2674903182859805,1.3120383002702443,29.515082958037965,33.24243662500521,True,True,242.0,159.0,True,True,True,0.044547981984263796,3.7273536669672467,1.126286403201593,-83.0
v300_s6_p0,300,0.0,h3,2,1.2534201874276523,1.3143805612418906,29.883274249965325,31.49071212497074,True,True,249.0,172.0,True,True,True,0.060960373814238356,1.6074378750054166,1.0537905539252375,-77.0
v300_s6_p0,300,0.0,h3,3,1.2614455551891375,1.2765575484823308,33.261959209048655,29.199673916969914,True,True,227.0,201.0,True,True,True,0.015111993293193349,-4.062285292078741,0.8778699334411537,-26.0
v300_s6_p0,300,0.0,h3,4,1.2631586596300994,1.2616414161981495,29.757017707976047,29.314476208004635,True,True,244.0,195.0,True,True,True,-0.0015172434319499217,-0.4425414999714121,0.9851281635708812,-49.0
v300_s6_p0,300,0.0,h4,0,1.2961302370154488,1.3434881158352008,48.31612491700798,50.35286483296659,True,True,205.0,190.0,True,True,True,0.04735787881975195,2.0367399159586057,1.0421544550490565,-15.0
v300_s6_p0,300,0.0,h4,1,1.3022647935103853,1.3443160884964895,43.76980666699819,53.91354420903372,True,True,216.0,189.0,True,True,True,0.04205129498610427,10.143737542035524,1.231751938481459,-27.0
v300_s6_p0,300,0.0,h4,2,1.2876287922227057,1.3488906032307388,40.698844209022354,51.08058870799141,True,True,287.0,181.0,True,True,True,0.061261811008033185,10.381744498969056,1.255086961331142,-106.0
v300_s6_p0,300,0.0,h4,3,1.3278517017213347,1.3344877175446508,52.271719334006775,42.1185534169781,True,True,197.0,219.0,True,True,True,0.006636015823316077,-10.153165917028673,0.8057617762264181,22.0
v300_s6_p0,300,0.0,h4,4,1.3033815279951961,1.3508466591040558,42.40549729199847,49.07350950001273,True,True,275.0,185.0,True,True,True,0.04746513110885964,6.668012208014261,1.1572440516874318,-90.0
v300_s6_p0,300,0.0,h2+3,0,1.2708291142082158,1.2679305683339825,31.623419125040527,30.951498207985424,True,True,215.0,198.0,True,True,True,-0.002898545874233216,-0.6719209170551039,0.9787524266620793,-17.0
v300_s6_p0,300,0.0,h2+3,1,1.273472135898388,1.3136327165666222,31.029723957995884,34.30428570799995,True,True,242.0,159.0,True,True,True,0.040160580668234136,3.274561750004068,1.1055298382427363,-83.0
v300_s6_p0,300,0.0,h2+3,2,1.2579466754710134,1.3106702690677456,31.237511208979413,32.68846841703635,True,True,249.0,172.0,True,True,True,0.05272359359673229,1.4509572080569342,1.046449193674554,-77.0
v300_s6_p0,300,0.0,h2+3,3,1.2692744735335775,1.287459679067825,34.27339083398692,30.39503558294382,True,True,227.0,201.0,True,True,True,0.018185205534247517,-3.8783552510431036,0.8868406318525927,-26.0
v300_s6_p0,300,0.0,h2+3,4,1.2641218837757946,1.2764918518442518,31.24860799999442,31.195604334003292,True,True,244.0,195.0,True,True,True,0.012369968068457249,-0.05300366599112749,0.9983038071330685,-49.0
v300_s6_p0,300,0.0,h2+3+4,0,1.3125453177606636,1.341844701382809,51.62955466599669,54.14118358399719,True,True,205.0,190.0,True,True,True,0.029299383622145347,2.511628918000497,1.0486471156733541,-15.0
v300_s6_p0,300,0.0,h2+3+4,1,1.2953419631317407,1.34343711186732,47.45122475002427,57.92690054199193,True,True,216.0,189.0,True,True,True,0.04809514873557941,10.47567579196766,1.220767237245279,-27.0
v300_s6_p0,300,0.0,h2+3+4,2,1.3068803285865234,1.3496231865559496,43.95956887496868,54.61673004104523,True,True,287.0,181.0,True,True,True,0.04274285796942623,10.657161166076548,1.2424309755263527,-106.0
v300_s6_p0,300,0.0,h2+3+4,3,1.3221082751975153,1.3317272977573908,56.30910108302487,45.415710749977734,True,True,197.0,219.0,True,True,True,0.009619022559875567,-10.893390333047137,0.8065429899691456,22.0
v300_s6_p0,300,0.0,h2+3+4,4,1.3135307037990738,1.3488130898251809,45.42572241695598,52.97331587498775,True,True,275.0,185.0,True,True,True,0.035282386026107115,7.54759345803177,1.1661524144570234,-90.0
v300_s6_p10,300,0.1,h2,0,1.378119424965988,1.3598451947904096,10.322978375013918,12.3128888750216,True,True,519.0,482.0,True,True,True,-0.0182742301755785,1.9899105000076815,1.1927651524316012,-37.0
v300_s6_p10,300,0.1,h2,1,1.3737004531382355,1.3758171071741545,10.813249541970436,11.906174957985058,True,True,519.0,482.0,True,True,True,0.0021166540359189856,1.092925416014623,1.1010728007129174,-37.0
v300_s6_p10,300,0.1,h2,2,1.394209694338819,1.3641920978558328,11.074619249964599,12.159449667029548,True,True,519.0,482.0,True,True,True,-0.030017596482986075,1.0848304170649499,1.097956452730275,-37.0
v300_s6_p10,300,0.1,h2,3,1.3788555915246319,1.356610133295905,10.748875042016152,12.516991375014186,True,True,519.0,482.0,True,True,True,-0.02224545822872681,1.7681163329980336,1.164493151709985,-37.0
v300_s6_p10,300,0.1,h2,4,1.3716091199637648,1.3732176111542858,10.281131167022977,12.008486666018143,True,True,519.0,482.0,True,True,True,0.0016084911905209776,1.7273554989951663,1.168012203222901,-37.0
v300_s6_p10,300,0.1,h3,0,1.3746053634528945,1.3640729013477009,19.69593095802702,17.122793500020634,True,True,245.0,234.0,True,True,True,-0.010532462105193652,-2.5731374580063857,0.8693569010020462,-11.0
v300_s6_p10,300,0.1,h3,1,1.3801532991035954,1.3697542081906875,24.646150707965717,18.92013554199366,True,True,277.0,238.0,True,True,True,-0.010399090912907916,-5.726015165972058,0.7676710154936531,-39.0
v300_s6_p10,300,0.1,h3,2,1.366353294611085,1.365500941129748,20.570337165961973,19.900305334012955,True,True,263.0,165.0,True,True,True,-0.0008523534813369427,-0.6700318319490179,0.9674272800419758,-98.0
v300_s6_p10,300,0.1,h3,3,1.3600234920123533,1.3575383590204662,23.51260104199173,17.902721417020075,True,True,181.0,223.0,True,True,True,-0.002485132991887129,-5.609879624971654,0.7614096537021645,42.0
v300_s6_p10,300,0.1,h3,4,1.3665237853596357,1.3679975364398762,20.201215749955736,21.656206124986056,True,True,197.0,243.0,True,True,True,0.001473751080240504,1.4549903750303201,1.0720248916223525,46.0
v300_s6_p10,300,0.1,h4,0,1.3711563498325852,1.380155648205053,33.63348600000609,25.82696625002427,True,True,208.0,237.0,True,True,True,0.008999298372467823,-7.806519749981817,0.7678944207573248,29.0
v300_s6_p10,300,0.1,h4,1,1.385335343395277,1.4052410040624166,27.954137875000015,25.0748612920288,True,True,221.0,238.0,True,True,True,0.019905660667139502,-2.8792765829712152,0.8969999863402615,17.0
v300_s6_p10,300,0.1,h4,2,1.3902913513505852,1.3777892751817575,27.169259000045713,28.26554708404001,True,True,229.0,221.0,True,True,True,-0.012502076168827703,1.0962880839942954,1.0403503122404791,-8.0
v300_s6_p10,300,0.1,h4,3,1.3952749114470873,1.3830935688336974,29.05119895900134,27.930854416976217,True,True,227.0,224.0,True,True,True,-0.012181342613389878,-1.1203445420251228,0.9614355144651271,-3.0
v300_s6_p10,300,0.1,h4,4,1.3753736791176325,1.3871016923418613,28.605161499988753,26.871281208004802,True,True,229.0,200.0,True,True,True,0.011728013224228784,-1.7338802919839509,0.9393857541414464,-29.0
v300_s6_p10,300,0.1,h2+3,0,1.3614752568759891,1.3654392927316281,20.82733833405655,18.161442457989324,True,True,245.0,234.0,True,True,True,0.003964035855638981,-2.665895876067225,0.8720001647206166,-11.0
v300_s6_p10,300,0.1,h2+3,1,1.3952322344364756,1.3610337914834145,25.87210158299422,20.046096624981146,True,True,277.0,238.0,True,True,True,-0.03419844295306107,-5.826004958013073,0.7748151637653388,-39.0
v300_s6_p10,300,0.1,h2+3,2,1.374786386402031,1.3756600698092805,21.811762541008648,20.892923875013366,True,True,263.0,165.0,True,True,True,0.0008736834072493593,-0.9188386659952812,0.9578741670111364,-98.0
v300_s6_p10,300,0.1,h2+3,3,1.3554728586582268,1.351449761283096,24.526344040990807,18.944763291976415,True,True,181.0,223.0,True,True,True,-0.004023097375130735,-5.5815807490143925,0.7724250813865322,42.0
v300_s6_p10,300,0.1,h2+3,4,1.3692234163732613,1.3817928193629512,21.062034167000093,22.719277666008566,True,True,197.0,243.0,True,True,True,0.012569402989689893,1.657243499008473,1.078683924157954,46.0
v300_s6_p10,300,0.1,h2+3+4,0,1.3899719015043508,1.390056442365245,36.781074917002115,28.62336020800285,True,True,208.0,237.0,True,True,True,8.45408608942666e-05,-8.157714708999265,0.7782089096795715,29.0
v300_s6_p10,300,0.1,h2+3+4,1,1.395129322589726,1.4000598690101125,31.156958665989805,28.157180375012103,True,True,221.0,238.0,True,True,True,0.0049305464203863725,-2.9997782909777015,0.9037204393684231,17.0
v300_s6_p10,300,0.1,h2+3+4,2,1.3962197450968918,1.3695404061207144,30.429264375008643,31.436941916996147,True,True,229.0,221.0,True,True,True,-0.02667933897617747,1.0076775419875048,1.0331154092182098,-8.0
v300_s6_p10,300,0.1,h2+3+4,3,1.4039900335004905,1.38606984199809,31.446413624973502,30.536995458009187,True,True,227.0,225.0,True,True,True,-0.01792019150240054,-0.9094181669643149,0.9710803852607824,-2.0
v300_s6_p10,300,0.1,h2+3+4,4,1.3812888003925414,1.3940213156508188,31.055617832986172,29.165868791984394,True,True,229.0,200.0,True,True,True,0.012732515258277344,-1.889749041001778,0.9391495267888519,-29.0
v300_s6_p30,300,0.3,h2,0,,,4.160445749992505,1.7858070000074804,True,True,404.0,256.0,False,False,False,,-2.3746387499850243,0.4292345357491316,-148.0
v300_s6_p30,300,0.3,h2,1,,,4.069259041978512,1.734253875038121,True,True,404.0,256.0,False,False,False,,-2.335005166940391,0.426184191556139,-148.0
v300_s6_p30,300,0.3,h2,2,,,3.9835104169906117,1.8050854579778388,True,True,404.0,256.0,False,False,False,,-2.178424959012773,0.45313938436779866,-148.0
v300_s6_p30,300,0.3,h2,3,2.2088521338057583,,4.325409166980535,1.7965740829822607,True,True,404.0,256.0,True,False,False,,-2.528835083998274,0.4153535569991882,-148.0
v300_s6_p30,300,0.3,h2,4,,2.257529592489022,4.137735833006445,2.0506023329799064,True,True,404.0,256.0,False,True,False,,-2.087133500026539,0.49558560907208893,-148.0
v300_s6_p30,300,0.3,h3,0,,1.8956727480823292,5.050109999952838,3.5196166249806993,True,True,404.0,256.0,False,True,False,,-1.5304933749721386,0.6969386062904706,-148.0
v300_s6_p30,300,0.3,h3,1,2.315930704565997,2.0544680839018703,5.3364712499897,3.292620083957445,True,True,404.0,256.0,True,True,True,-0.2614626206641266,-2.0438511660322547,0.6170032460989648,-148.0
v300_s6_p30,300,0.3,h3,2,,1.974752512707683,5.040576166997198,3.6266276669921353,True,True,404.0,256.0,False,True,False,,-1.4139485000050627,0.7194867306513912,-148.0
v300_s6_p30,300,0.3,h3,3,,1.9043878838494068,5.098336374969222,3.3999472919967957,True,True,404.0,256.0,False,True,False,,-1.698389082972426,0.6668738666772102,-148.0
v300_s6_p30,300,0.3,h3,4,2.3125272557332446,1.9448632067674774,5.252306249982212,3.3499327909667045,True,True,404.0,256.0,True,True,True,-0.3676640489657672,-1.9023734590155073,0.637802258955873,-148.0
v300_s6_p30,300,0.3,h4,0,,1.9364016609721122,15.590492999996059,7.257241833023727,True,True,304.0,153.0,False,True,False,,-8.333251166972332,0.4654914910660979,-151.0
v300_s6_p30,300,0.3,h4,1,,1.8592710167882605,14.688678750011604,7.624744458007626,True,True,270.0,161.0,False,True,False,,-7.063934292003978,0.5190898778422534,-109.0
v300_s6_p30,300,0.3,h4,2,,1.8915057563445632,15.36018070904538,7.29020920896437,True,True,270.0,156.0,False,True,False,,-8.06997150008101,0.4746174115432949,-114.0
v300_s6_p30,300,0.3,h4,3,,1.9700081507211986,15.084970999974757,7.888760041969363,True,True,306.0,161.0,False,True,False,,-7.196210958005395,0.5229549358750881,-145.0
v300_s6_p30,300,0.3,h4,4,,1.8452049092211633,14.929014208028093,7.490763709007297,True,True,289.0,142.0,False,True,False,,-7.438250499020796,0.5017587634807883,-147.0
v300_s6_p30,300,0.3,h2+3,0,,1.9366918565492595,5.306563541002106,3.388115750043653,True,True,404.0,256.0,False,True,False,,-1.918447790958453,0.6384764309076438,-148.0
v300_s6_p30,300,0.3,h2+3,1,2.168703749384238,1.8535832541376005,5.531739250000101,3.407461666036397,True,True,404.0,256.0,True,True,True,-0.31512049524663754,-2.1242775839637034,0.6159837823224107,-148.0
v300_s6_p30,300,0.3,h2+3,2,,1.9601000091921432,5.273858374974225,3.373985084006563,True,True,404.0,256.0,False,True,False,,-1.8998732909676619,0.6397564826573585,-148.0
v300_s6_p30,300,0.3,h2+3,3,2.0006343935737947,1.909330262831756,5.4831127500510775,3.112600958032999,True,True,404.0,256.0,True,True,True,-0.09130413074203858,-2.3705117920180783,0.5676704273505965,-148.0
v300_s6_p30,300,0.3,h2+3,4,2.234413040550056,1.9219831507176073,5.438261999981478,3.2201974579948,True,True,404.0,256.0,True,True,True,-0.3124298898324489,-2.218064541986678,0.5921372412740996,-148.0
v300_s6_p30,300,0.3,h2+3+4,0,,1.8695639524537118,17.753612915985286,8.521619500010274,True,True,304.0,155.0,False,True,False,,-9.231993415975012,0.4799935393622016,-149.0
v300_s6_p30,300,0.3,h2+3+4,1,,1.8817881160926093,17.00216116697993,8.47441537497798,True,True,270.0,162.0,False,True,False,,-8.527745792001951,0.49843165770221187,-108.0
v300_s6_p30,300,0.3,h2+3+4,2,,1.8539652314320791,17.626415292033926,8.41186595801264,True,True,270.0,157.0,False,True,False,,-9.214549334021285,0.47723066878007214,-113.0
v300_s6_p30,300,0.3,h2+3+4,3,,2.0067801322519117,17.38893241598271,9.129888291994575,True,True,306.0,162.0,False,True,False,,-8.259044123988133,0.5250401849628796,-144.0
v300_s6_p30,300,0.3,h2+3+4,4,,1.775571368930919,17.208208500000183,9.011976749985479,True,True,290.0,143.0,False,True,False,,-8.196231750014704,0.523702205838881,-147.0
v300_s6_p50,300,0.5,h2,0,,2.6897157248017702,2.2477463749819435,0.5257749590091407,True,True,333.0,78.0,False,True,False,,-1.7219714159728028,0.23391204846826386,-255.0
v300_s6_p50,300,0.5,h2,1,,3.1251600583650823,2.278795749996789,0.4957166669773869,True,True,333.0,78.0,False,True,False,,-1.7830790830194019,0.2175344881076268,-255.0
v300_s6_p50,300,0.5,h2,2,,2.783186652212074,2.3012674580095336,0.5198489999747835,True,True,333.0,78.0,False,True,False,,-1.78141845803475,0.22589681967015843,-255.0
v300_s6_p50,300,0.5,h2,3,,2.860355735616861,2.2848877499927767,0.4847089580143802,True,True,333.0,78.0,False,True,False,,-1.8001787919783965,0.21213687981648663,-255.0
v300_s6_p50,300,0.5,h2,4,,2.7036980925537213,2.221956500026863,0.5248439999995753,True,True,333.0,78.0,False,True,False,,-1.6971125000272878,0.23620804457388345,-255.0
v300_s6_p50,300,0.5,h3,0,,2.735598915377781,2.4342390410020016,0.5898610420408659,True,True,333.0,78.0,False,True,False,,-1.8443779989611357,0.24231845439388827,-255.0
v300_s6_p50,300,0.5,h3,1,,2.854509154779365,2.2943745409720577,0.6345014169928618,True,True,333.0,78.0,False,True,False,,-1.659873123979196,0.27654657322166876,-255.0
v300_s6_p50,300,0.5,h3,2,,2.8068353949796974,2.4172869580215774,0.5817537090042606,True,True,333.0,78.0,False,True,False,,-1.8355332490173168,0.24066390093809775,-255.0
v300_s6_p50,300,0.5,h3,3,,2.681670085605542,2.346022833022289,0.5925131669500843,True,True,333.0,78.0,False,True,False,,-1.7535096660722047,0.2525606991585725,-255.0
v300_s6_p50,300,0.5,h3,4,2.948026686016664,2.891102177579669,2.674970875028521,0.5645932920160703,True,True,333.0,78.0,True,True,True,-0.05692450843699515,-2.1103775830124505,0.21106521094740913,-255.0
v300_s6_p50,300,0.5,h2+3,0,,2.6617352305128037,2.6245577500085346,0.6171967500122264,True,True,333.0,78.0,False,True,False,,-2.0073609999963082,0.2351621906624914,-255.0
v300_s6_p50,300,0.5,h2+3,1,,2.8552292845902305,2.6150196670205332,0.6183741249842569,True,True,333.0,78.0,False,True,False,,-1.9966455420362763,0.23647016226413772,-255.0
v300_s6_p50,300,0.5,h2+3,2,,2.9084139512542055,2.582065791997593,0.6186489170067944,True,True,333.0,78.0,False,True,False,,-1.9634168749907985,0.23959455987687361,-255.0
v300_s6_p50,300,0.5,h2+3,3,,2.8359291954874424,2.5718057089834474,0.5634468339849263,True,True,333.0,78.0,False,True,False,,-2.008358874998521,0.2190860810428945,-255.0
v300_s6_p50,300,0.5,h2+3,4,,2.777073713835105,2.5392301250249147,0.6081161669571884,True,True,333.0,78.0,False,True,False,,-1.9311139580677263,0.23948840278949574,-255.0
v300_s7_p0,300,0.0,h2,0,1.2114835142230407,1.2246202878756816,16.890101167024113,16.686242249968927,True,True,577.0,573.0,True,True,True,0.013136773652640876,-0.20385891705518588,0.9879302725875203,-4.0
v300_s7_p0,300,0.0,h2,1,1.218278156625868,1.2231689084159412,17.099362458044197,16.80099270795472,True,True,577.0,573.0,True,True,True,0.0048907517900731445,-0.29836975008947775,0.9825508260426918,-4.0
v300_s7_p0,300,0.0,h2,2,1.2229672916818313,1.2233189304576757,17.03704824997112,17.074921584047843,True,True,577.0,573.0,True,True,True,0.0003516387758444317,0.03787333407672122,1.002222998580566,-4.0
v300_s7_p0,300,0.0,h2,3,1.2179636387548727,1.2211136168492134,16.992307459004223,16.786909124988597,True,True,577.0,573.0,True,True,True,0.0031499780943406996,-0.20539833401562646,0.9879122753333429,-4.0
v300_s7_p0,300,0.0,h2,4,1.219448271753949,1.2040586351592828,16.76706074998947,16.692476416996215,True,True,577.0,573.0,True,True,True,-0.01538963659466619,-0.07458433299325407,0.9955517347908875,-4.0
v300_s7_p0,300,0.0,h3,0,1.2743677689667545,1.2938259547287347,28.648246333003044,32.97648404102074,True,True,250.0,179.0,True,True,True,0.019458185761980218,4.328237708017696,1.1510821171288075,-71.0
v300_s7_p0,300,0.0,h3,1,1.2812974786241702,1.304607458972974,33.586356250045355,33.49191974999849,True,True,189.0,178.0,True,True,True,0.023309980348803716,-0.09443650004686788,0.9971882481283828,-11.0
v300_s7_p0,300,0.0,h3,2,1.2758432276944531,1.2855639283390867,31.252457791997585,31.714952250011265,True,True,237.0,167.0,True,True,True,0.009720700644633595,0.46249445801367983,1.014798658751636,-70.0
v300_s7_p0,300,0.0,h3,3,1.2775191991434727,1.2896366257990013,30.373531416989863,28.968611249991227,True,True,257.0,162.0,True,True,True,0.012117426655528618,-1.404920166998636,0.9537452478702304,-95.0
v300_s7_p0,300,0.0,h3,4,1.2778744563966706,1.2915957141001888,32.7580238750088,31.838720958970953,True,True,185.0,179.0,True,True,True,0.013721257703518175,-0.9193029160378501,0.9719365576035498,-6.0
v300_s7_p0,300,0.0,h4,0,1.2885115716451525,1.3499258250101238,42.56493350001983,51.40107695804909,True,True,305.0,181.0,True,True,True,0.061414253364971305,8.836143458029255,1.2075920888734653,-124.0
v300_s7_p0,300,0.0,h4,1,1.3015954266830585,1.3442360682595482,43.383649500028696,50.80864600004861,True,True,212.0,193.0,True,True,True,0.042640641576489724,7.424996500019915,1.1711473466522222,-19.0
v300_s7_p0,300,0.0,h4,2,1.2941448023771245,1.3301569290190902,43.29618154204218,38.64397254202049,True,True,252.0,223.0,True,True,True,0.036012126641965736,-4.652209000021685,0.8925492079364038,-29.0
v300_s7_p0,300,0.0,h4,3,1.3091183499945747,1.3457329101333195,52.8140361669939,45.68929145898437,True,True,232.0,193.0,True,True,True,0.03661456013874487,-7.12474470800953,0.8650975152612529,-39.0
v300_s7_p0,300,0.0,h4,4,1.3335758817947234,1.3534220930356173,51.705046457995195,51.5988330830005,True,True,180.0,180.0,True,True,True,0.01984621124089392,-0.10621337499469519,0.9979457832016265,0.0
v300_s7_p0,300,0.0,h2+3,0,1.2712410448651579,1.2960850518004925,29.573132125020493,34.16466854204191,True,True,250.0,179.0,True,True,True,0.024844006935334617,4.591536417021416,1.155260403179842,-71.0
v300_s7_p0,300,0.0,h2+3,1,1.2768028983523732,1.302474139154616,34.87243208300788,34.83546512504108,True,True,189.0,178.0,True,True,True,0.025671240802242812,-0.036966957966797054,0.9989399374876177,-11.0
v300_s7_p0,300,0.0,h2+3,2,1.262628474834943,1.2873334010192097,32.55804070900194,32.85760824999306,True,True,237.0,167.0,True,True,True,0.024704926184266673,0.29956754099112004,1.0092010309732273,-70.0
v300_s7_p0,300,0.0,h2+3,3,1.2774546917180256,1.2868499964332292,32.03382737498032,30.333919291966595,True,True,257.0,162.0,True,True,True,0.009395304715203556,-1.6999080830137245,0.9469339687975774,-95.0
v300_s7_p0,300,0.0,h2+3,4,1.2788403471602396,1.2887458942413166,34.239631165983155,32.88263645902043,True,True,185.0,179.0,True,True,True,0.009905547081076937,-1.3569947069627233,0.9603677183207835,-6.0
v300_s7_p0,300,0.0,h2+3+4,0,1.2935977525763522,1.3507164490731514,45.07536924997112,54.25210929103196,True,True,305.0,181.0,True,True,True,0.057118696496799126,9.176740041060839,1.2035865749689165,-124.0
v300_s7_p0,300,0.0,h2+3+4,1,1.304341758854392,1.3507940504423313,46.22292812500382,56.40064737497596,True,True,212.0,193.0,True,True,True,0.04645229158793929,10.177719249972142,1.220187678773786,-19.0
v300_s7_p0,300,0.0,h2+3+4,2,1.3166989518313152,1.334104451479296,46.78968362498563,42.22730062500341,True,True,252.0,223.0,True,True,True,0.01740549964798066,-4.562382999982219,0.9024916894811849,-29.0
v300_s7_p0,300,0.0,h2+3+4,3,1.297347218899667,1.3422001953929692,56.63103899999987,47.979224291979335,True,True,232.0,193.0,True,True,True,0.04485297649330211,-8.651814708020538,0.8472248635943169,-39.0
v300_s7_p0,300,0.0,h2+3+4,4,1.3281352746761155,1.3464874800042974,55.64017783396412,54.91146058397135,True,True,180.0,180.0,True,True,True,0.018352205328181936,-0.7287172499927692,0.9869030388046686,0.0
v300_s7_p10,300,0.1,h2,0,1.3588518360351975,1.3508456694796167,13.422295624972321,11.080131084017921,True,True,519.0,482.0,True,True,True,-0.00800616655558084,-2.3421645409544,0.8255019404730753,-37.0
v300_s7_p10,300,0.1,h2,1,1.350635123396886,1.366167566110452,13.524214582983404,10.71318441600306,True,True,519.0,482.0,True,True,True,0.015532442713565908,-2.811030166980345,0.7921483610207374,-37.0
v300_s7_p10,300,0.1,h2,2,1.3646216918478196,1.3495770946442183,12.511202458001208,11.726842208008748,True,True,519.0,482.0,True,True,True,-0.015044597203601295,-0.78436024999246,0.9373073649295122,-37.0
v300_s7_p10,300,0.1,h2,3,1.358125315701879,1.356151159374999,13.391201541991904,11.323547957988922,True,True,519.0,482.0,True,True,True,-0.0019741563268800277,-2.067653584002983,0.8455961119307129,-37.0
v300_s7_p10,300,0.1,h2,4,1.3475977753411146,1.3560992186355194,12.971483167028055,11.075776750047226,True,True,519.0,482.0,True,True,True,0.008501443294404831,-1.895706416980829,0.8538558472789383,-37.0
v300_s7_p10,300,0.1,h3,0,1.364508063285323,1.3725836563614278,24.22957766696345,22.229400375043042,True,True,248.0,230.0,True,True,True,0.008075593076104726,-2.0001772919204086,0.9174489411489987,-18.0
v300_s7_p10,300,0.1,h3,1,1.3876299759184607,1.3495071757369004,24.37263483298011,21.287782249972224,True,True,182.0,251.0,True,True,True,-0.038122800181560335,-3.084852583007887,0.8734296638772274,69.0
v300_s7_p10,300,0.1,h3,2,1.3577853439212324,1.3659977442204367,25.06189374998212,23.391508625005372,True,True,248.0,269.0,True,True,True,0.008212400299204337,-1.6703851249767467,0.9333496047170043,21.0
v300_s7_p10,300,0.1,h3,3,1.3491109885454389,1.365841403957534,24.77905287500471,18.69824850000441,True,True,236.0,228.0,True,True,True,0.01673041541209508,-6.080804375000298,0.7545989991758657,-8.0
v300_s7_p10,300,0.1,h3,4,1.3776924071928276,1.3614567866032607,27.061572332982905,23.06074924999848,True,True,253.0,231.0,True,True,True,-0.016235620589566846,-4.000823082984425,0.8521585134168947,-22.0
v300_s7_p10,300,0.1,h4,0,1.3781827267022015,1.37200809257412,28.989205041958485,26.417755667003803,True,True,255.0,220.0,True,True,True,-0.006174634128081502,-2.571449374954682,0.9112963128435978,-35.0
v300_s7_p10,300,0.1,h4,1,1.3809548663345275,1.3744801711964625,29.336187791952398,26.91551433398854,True,True,246.0,258.0,True,True,True,-0.006474695138064979,-2.420673457963858,0.9174850708234181,12.0
v300_s7_p10,300,0.1,h4,2,1.4055320642300162,1.377427264377126,29.440764915954787,27.24471270799404,True,True,237.0,254.0,True,True,True,-0.028104799852890272,-2.196052207960747,0.9254077733975368,17.0
v300_s7_p10,300,0.1,h4,3,1.368058544132723,1.3668429838679819,30.593573666003067,24.703867500007618,True,True,243.0,282.0,True,True,True,-0.0012155602647412334,-5.889706165995449,0.807485512143998,39.0
v300_s7_p10,300,0.1,h4,4,1.3848238059347606,1.353461333211386,33.90866587503115,24.90693870797986,True,True,203.0,273.0,True,True,True,-0.03136247272337456,-9.001727167051286,0.734530187645048,70.0
v300_s7_p10,300,0.1,h2+3,0,1.3945769354596398,1.371078337046099,25.59071304096142,23.11248620803235,True,True,248.0,230.0,True,True,True,-0.02349859841354074,-2.4782268329290673,0.9031591331995193,-18.0
v300_s7_p10,300,0.1,h2+3,1,1.3795686857137623,1.359426425587513,25.978014583990443,22.675704000052065,True,True,182.0,251.0,True,True,True,-0.02014226012624931,-3.302310583938379,0.8728805631676908,69.0
v300_s7_p10,300,0.1,h2+3,2,1.3623423523298515,1.3499422110142307,26.65868066600524,24.686256666958798,True,True,248.0,269.0,True,True,True,-0.012400141315620727,-1.9724239990464412,0.9260119424603916,21.0
v300_s7_p10,300,0.1,h2+3,3,1.3640244178122916,1.379258514226014,26.12948891700944,19.917255708016455,True,True,236.0,228.0,True,True,True,0.015234096413722531,-6.212233208992984,0.7622520199792724,-8.0
v300_s7_p10,300,0.1,h2+3,4,1.3768994608681955,1.341748550285247,28.497815707989503,24.010652916971594,True,True,253.0,231.0,True,True,True,-0.03515091058294839,-4.487162791017909,0.8425436237992124,-22.0
v300_s7_p10,300,0.1,h2+3+4,0,1.3718844292083805,1.3635182652660747,32.090125957969576,29.7290791660198,True,True,256.0,220.0,True,True,True,-0.008366163942305826,-2.361046791949775,0.9264245084284747,-36.0
v300_s7_p10,300,0.1,h2+3+4,1,1.3892687091635503,1.3776353725173143,32.23305116704432,29.922278166981414,True,True,248.0,258.0,True,True,True,-0.011633336646236003,-2.310773000062909,0.9283104479285074,10.0
v300_s7_p10,300,0.1,h2+3+4,2,1.40660612368951,1.384326947095198,32.17538225004682,29.57869049999863,True,True,238.0,255.0,True,True,True,-0.022279176594312,-2.596691750048194,0.9192956984980524,17.0
v300_s7_p10,300,0.1,h2+3+4,3,1.399685412556332,1.3735965064805655,33.293441875022836,27.999116375052836,True,True,246.0,283.0,True,True,True,-0.026088906075766527,-5.29432549997,0.8409799287245855,37.0
v300_s7_p10,300,0.1,h2+3+4,4,1.39486061204936,1.3586770144700564,37.527221541968174,27.46374904201366,True,True,205.0,275.0,True,True,True,-0.03618359757930367,-10.063472499954514,0.731835396108392,70.0
v300_s7_p30,300,0.3,h2,0,1.9707351916830582,2.1454739002086756,5.314539166982286,2.1587349580368027,True,True,404.0,254.0,True,True,True,0.17473870852561735,-3.155804208945483,0.4061941948698782,-150.0
v300_s7_p30,300,0.3,h2,1,2.470967475949621,1.9020171139011366,5.282621083024424,2.3136967080063187,True,True,404.0,254.0,True,True,True,-0.5689503620484844,-2.968924375018105,0.43798271192331545,-150.0
v300_s7_p30,300,0.3,h2,2,,2.031454334475655,5.008593457983807,2.2577178750070743,True,True,404.0,254.0,False,True,False,,-2.7508755829767324,0.45076884237993464,-150.0
v300_s7_p30,300,0.3,h2,3,,2.154806774670595,5.01182112499373,2.1817073749843985,True,True,404.0,254.0,False,True,False,,-2.830113750009332,0.4353122987778475,-150.0
v300_s7_p30,300,0.3,h2,4,2.2176972064313745,1.8792415841001513,5.320852249977179,2.219658916001208,True,True,404.0,254.0,True,True,True,-0.33845562233122317,-3.1011933339759707,0.41716229124962606,-150.0
v300_s7_p30,300,0.3,h3,0,1.8326123396722251,1.9063636947444556,6.955440499994438,7.930919250007719,True,True,404.0,193.0,True,True,True,0.0737513550722304,0.9754787500132807,1.1402468686223484,-211.0
v300_s7_p30,300,0.3,h3,1,1.880799914108902,1.8452600609491911,6.457072917022742,7.965109042008407,True,True,404.0,193.0,True,True,True,-0.035539853159710866,1.508036124985665,1.233547947245576,-211.0
v300_s7_p30,300,0.3,h3,2,1.9459813466124756,1.8268250313281966,6.547953416011296,8.011781415960286,True,True,404.0,193.0,True,True,True,-0.11915631528427895,1.4638279999489896,1.223555041850112,-211.0
v300_s7_p30,300,0.3,h3,3,1.88429104211838,1.8181239859831266,6.737239292007871,8.014786957995966,True,True,404.0,193.0,True,True,True,-0.06616705613525342,1.277547665988095,1.1896248018834066,-211.0
v300_s7_p30,300,0.3,h3,4,1.7968254245242996,1.7906619662661585,6.4759685000171885,7.894867041963153,True,True,404.0,193.0,True,True,True,-0.00616345825814113,1.418898541945964,1.219102137686772,-211.0
v300_s7_p30,300,0.3,h4,0,,1.8496498114479314,14.591892542026471,6.7581939160008915,True,True,202.0,198.0,False,True,False,,-7.83369862602558,0.46314718235050384,-4.0
v300_s7_p30,300,0.3,h4,1,,1.7967832686113654,15.78299329202855,7.120738291996531,True,True,199.0,193.0,False,True,False,,-8.662255000032019,0.45116526125579565,-6.0
v300_s7_p30,300,0.3,h4,2,1.9522682270744582,1.74418415024653,15.042579833010677,7.103222207981162,True,True,204.0,207.0,True,True,True,-0.20808407682792818,-7.9393576250295155,0.4722077121633927,3.0
v300_s7_p30,300,0.3,h4,3,,1.7840102214059983,16.45969749998767,6.895231792004779,True,True,207.0,173.0,False,True,False,,-9.56446570798289,0.41891607011671655,-34.0
v300_s7_p30,300,0.3,h4,4,1.9751158144343148,1.821098758981774,15.964922457991634,8.314373457978945,True,True,209.0,151.0,True,True,True,-0.15401705545254085,-7.650549000012688,0.520790093397352,-58.0
v300_s7_p30,300,0.3,h2+3,0,1.93641772002014,1.7875358566153263,6.518586458987556,8.533509041997604,True,True,404.0,193.0,True,True,True,-0.14888186340481369,2.0149225830100477,1.3091042200156686,-211.0
v300_s7_p30,300,0.3,h2+3,1,1.8105187159977898,1.8143361799509792,6.379440791963134,8.644236833031755,True,True,404.0,193.0,True,True,True,0.0038174639531893817,2.264796041068621,1.3550148226035466,-211.0
v300_s7_p30,300,0.3,h2+3,2,1.8158252687197238,1.8215476890905609,6.9089442499680445,8.466859792009927,True,True,404.0,193.0,True,True,True,0.005722420370837034,1.5579155420418829,1.2254925623475814,-211.0
v300_s7_p30,300,0.3,h2+3,3,1.8734066995457568,1.795703797540922,6.8079447919735685,8.626173458003905,True,True,404.0,193.0,True,True,True,-0.07770290200483476,1.8182286660303362,1.2670745315346845,-211.0
v300_s7_p30,300,0.3,h2+3,4,1.7943912293275548,1.7652710224993364,6.758036582963541,8.572219917026814,True,True,404.0,193.0,True,True,True,-0.029120206828218365,1.814183334063273,1.2684482855030232,-211.0
v300_s7_p30,300,0.3,h2+3+4,0,,1.7891216625626036,16.710242750006728,8.039003916957881,True,True,202.0,198.0,False,True,False,,-8.671238833048847,0.48108241377610417,-4.0
v300_s7_p30,300,0.3,h2+3+4,1,,1.8000633009850862,18.168268667010125,8.189099374983925,True,True,199.0,193.0,False,True,False,,-9.9791692920262,0.4507363648718858,-6.0
v300_s7_p30,300,0.3,h2+3+4,2,,1.8202267175508249,17.071927917015273,8.598863332998008,True,True,204.0,207.0,False,True,False,,-8.473064584017266,0.5036843744184089,3.0
v300_s7_p30,300,0.3,h2+3+4,3,,1.733958228823171,18.800210874993354,8.304689707991201,True,True,207.0,173.0,False,True,False,,-10.495521167002153,0.44173385943438986,-34.0
v300_s7_p30,300,0.3,h2+3+4,4,,1.872046257180573,17.971526167006232,9.911000874999445,True,True,209.0,152.0,False,True,False,,-8.060525292006787,0.5514835402902489,-57.0
v300_s7_p50,300,0.5,h2,0,,3.0686123311281337,2.6836660419940017,0.5469367500045337,True,True,337.0,86.0,False,True,False,,-2.136729291989468,0.20380209066481011,-251.0
v300_s7_p50,300,0.5,h2,1,,2.7522539619394664,2.631698624987621,0.6008713340270333,True,True,337.0,86.0,False,True,False,,-2.0308272909605876,0.22832072347564483,-251.0
v300_s7_p50,300,0.5,h2,2,,2.6343521652008945,2.671667749993503,0.5748124579549767,True,True,337.0,86.0,False,True,False,,-2.0968552920385264,0.21515117587371205,-251.0
v300_s7_p50,300,0.5,h2,3,,2.9152034630877837,2.6661645420244895,0.5976842080126517,True,True,337.0,86.0,False,True,False,,-2.068480334011838,0.22417378919862693,-251.0
v300_s7_p50,300,0.5,h2,4,,2.9141530899488925,2.632323959027417,0.5926867090165615,True,True,337.0,86.0,False,True,False,,-2.0396372500108555,0.2251572064236142,-251.0
v300_s7_p50,300,0.5,h3,0,,2.6425208711902353,2.799912124988623,0.6633426669868641,True,True,337.0,86.0,False,True,False,,-2.136569458001759,0.23691553069350685,-251.0
v300_s7_p50,300,0.5,h3,1,,2.8217689770268066,2.844331542029977,0.692635582992807,True,True,337.0,86.0,False,True,False,,-2.15169595903717,0.24351436278011335,-251.0
v300_s7_p50,300,0.5,h3,2,,2.6214358447152857,2.9065101660089567,0.7230297500500455,True,True,337.0,86.0,False,True,False,,-2.183480415958911,0.24876216106371515,-251.0
v300_s7_p50,300,0.5,h3,3,,2.5601324274892963,2.78361154103186,0.7225836249999702,True,True,337.0,86.0,False,True,False,,-2.0610279160318896,0.2595849364570873,-251.0
v300_s7_p50,300,0.5,h3,4,,2.5656340057509683,2.855686666967813,0.6965416670427658,True,True,337.0,86.0,False,True,False,,-2.159144999925047,0.24391389822272005,-251.0
v300_s7_p50,300,0.5,h2+3,0,,2.728488343596948,2.9712499589659274,0.7095270420541056,True,True,337.0,86.0,False,True,False,,-2.261722916911822,0.2387974932614015,-251.0
v300_s7_p50,300,0.5,h2+3,1,,2.627496990326711,3.0306293329922482,0.722934624995105,True,True,337.0,86.0,False,True,False,,-2.3076947079971433,0.2385427399929921,-251.0
v300_s7_p50,300,0.5,h2+3,2,,2.6578408099894326,3.1517459169845097,0.7493990419898182,True,True,337.0,86.0,False,True,False,,-2.4023468749946915,0.23777267004658148,-251.0
v300_s7_p50,300,0.5,h2+3,3,,2.658356568826711,3.075263916980475,0.7254198749433272,True,True,337.0,86.0,False,True,False,,-2.349844042037148,0.23588865688496707,-251.0
v300_s7_p50,300,0.5,h2+3,4,,2.7010267379298023,3.0018736670026556,0.7682543749688193,True,True,337.0,86.0,False,True,False,,-2.2336192920338362,0.25592495227686063,-251.0
v300_s8_p0,300,0.0,h2,0,1.2217892177536465,1.2180218518978352,16.91088712500641,16.67333429097198,True,True,577.0,573.0,True,True,True,-0.0037673658558112777,-0.23755283403443173,0.9859526686992571,-4.0
v300_s8_p0,300,0.0,h2,1,1.2189968968414697,1.2134508574733145,17.135562292009126,16.763473250030074,True,True,577.0,573.0,True,True,True,-0.005546039368155231,-0.3720890419790521,0.9782855656769098,-4.0
v300_s8_p0,300,0.0,h2,2,1.2218467680432474,1.2102449959156456,17.126789333007764,17.068922957987525,True,True,577.0,573.0,True,True,True,-0.011601772127601828,-0.0578663750202395,0.9966212946340902,-4.0
v300_s8_p0,300,0.0,h2,3,1.2226052284210212,1.2256314498004492,17.008293625025544,16.968919584003743,True,True,577.0,573.0,True,True,True,0.0030262213794280957,-0.03937404102180153,0.9976850093319257,-4.0
v300_s8_p0,300,0.0,h2,4,1.2125164888123126,1.212188851563746,16.98076249996666,16.920157750020735,True,True,577.0,573.0,True,True,True,-0.00032763724856654797,-0.060604749945923686,0.9964309759384454,-4.0
v300_s8_p0,300,0.0,h3,0,1.2939364010284726,1.2904947704625502,29.479918958968483,34.382686083961744,True,True,220.0,177.0,True,True,True,-0.0034416305659223934,4.902767124993261,1.1663087043019744,-43.0
v300_s8_p0,300,0.0,h3,1,1.2735022617559189,1.2970744681114343,28.860572125006,33.791848207998555,True,True,195.0,162.0,True,True,True,0.02357220635551549,4.931276082992554,1.1708654998810606,-33.0
v300_s8_p0,300,0.0,h3,2,1.2692832457724847,1.2905259667066218,34.430668250017334,33.14375170803396,True,True,189.0,154.0,True,True,True,0.021242720934137038,-1.2869165419833735,0.9626229577468998,-35.0
v300_s8_p0,300,0.0,h3,3,1.272140806079821,1.2991643092508014,29.312497167033143,32.43980645801639,True,True,229.0,166.0,True,True,True,0.027023503170980456,3.1273092909832485,1.1066886001954293,-63.0
v300_s8_p0,300,0.0,h3,4,1.268883259852907,1.2975500147229408,30.926535041013267,32.43678945902502,True,True,220.0,173.0,True,True,True,0.028666754870033895,1.5102544180117548,1.048833612171843,-47.0
v300_s8_p0,300,0.0,h4,0,1.311369371442569,1.3506011495083217,51.39166770799784,45.389369957963936,True,True,206.0,197.0,True,True,True,0.03923177806575273,-6.002297750033904,0.8832048458878909,-9.0
v300_s8_p0,300,0.0,h4,1,1.311032285631893,1.349356233299849,52.536943042010535,52.08553291601129,True,True,194.0,189.0,True,True,True,0.03832394766795599,-0.4514101259992458,0.9914077580486881,-5.0
v300_s8_p0,300,0.0,h4,2,1.2875739466454763,1.3399202976177251,53.07579029200133,54.63041691703256,True,True,217.0,181.0,True,True,True,0.05234635097224882,1.5546266250312328,1.029290691979871,-36.0
v300_s8_p0,300,0.0,h4,3,1.2931270036764566,1.3514797174008524,47.36679116700543,49.70142262498848,True,True,213.0,181.0,True,True,True,0.058352713724395766,2.3346314579830505,1.0492883600612004,-32.0
v300_s8_p0,300,0.0,h4,4,1.310230126671226,1.3373475264987078,51.37317149998853,42.734597666945774,True,True,206.0,201.0,True,True,True,0.027117399827481847,-8.638573833042756,0.8318465926705598,-5.0
v300_s8_p0,300,0.0,h2+3,0,1.2905017003738237,1.2932053955805074,30.462225167022552,35.175717665988486,True,True,220.0,177.0,True,True,True,0.002703695206683676,4.713492498965934,1.1547323766770856,-43.0
v300_s8_p0,300,0.0,h2+3,1,1.2728543084159787,1.2958238329147997,30.603677957959007,34.57915900001535,True,True,195.0,162.0,True,True,True,0.02296952449882106,3.9754810420563444,1.129902067572321,-33.0
v300_s8_p0,300,0.0,h2+3,2,1.2783028860878618,1.2941485677595217,35.50868500000797,34.25380516599398,True,True,189.0,154.0,True,True,True,0.015845681671659895,-1.254879834013991,0.9646599181576645,-35.0
v300_s8_p0,300,0.0,h2+3,3,1.2764942979831497,1.299705991332362,30.513405375008006,34.72577225003624,True,True,229.0,166.0,True,True,True,0.02321169334921236,4.212366875028238,1.1380497136671077,-63.0
v300_s8_p0,300,0.0,h2+3,4,1.269640337705727,1.2999851418048414,32.598494083969854,32.89328741602367,True,True,220.0,173.0,True,True,True,0.03034480409911433,0.2947933320538141,1.0090431579843677,-47.0
v300_s8_p0,300,0.0,h2+3+4,0,1.3193833291436887,1.3524621685103688,55.444923333008774,48.05503516603494,True,True,206.0,197.0,True,True,True,0.0330788393666801,-7.389888166973833,0.8667165950868163,-9.0
v300_s8_p0,300,0.0,h2+3+4,1,1.3204634604257046,1.3539980881894176,55.93630875000963,55.944381707988214,True,True,194.0,189.0,True,True,True,0.033534627763712965,0.008072957978583872,1.0001443241100278,-5.0
v300_s8_p0,300,0.0,h2+3+4,2,1.3008371927846674,1.3387288207490278,56.88710745802382,57.99841895897407,True,True,217.0,181.0,True,True,True,0.03789162796436041,1.1113115009502508,1.0195353842128512,-36.0
v300_s8_p0,300,0.0,h2+3+4,3,1.312580417994361,1.3482161710160185,50.90513108304003,54.07800350000616,True,True,213.0,181.0,True,True,True,0.03563575302165756,3.172872416966129,1.0623291277217284,-32.0
v300_s8_p0,300,0.0,h2+3+4,4,1.3195494709627864,1.3397127990848103,55.20771991700167,46.2767538340413,True,True,206.0,201.0,True,True,True,0.020163328122023927,-8.930966082960367,0.8382297603236101,-5.0
v300_s8_p10,300,0.1,h2,0,1.3811739588467529,1.3817773261368396,15.442141583014745,13.116653790988494,True,True,519.0,485.0,True,True,True,0.0006033672900866982,-2.3254877920262516,0.8494063935675786,-34.0
v300_s8_p10,300,0.1,h2,1,1.3713119456013274,1.3585606072522025,16.09980204096064,13.487050540978089,True,True,519.0,485.0,True,True,True,-0.012751338349124897,-2.6127514999825507,0.8377153027512223,-34.0
v300_s8_p10,300,0.1,h2,2,1.3683323068978075,1.3607547064781087,15.892727166996337,13.574177292000968,True,True,519.0,485.0,True,True,True,-0.007577600419698793,-2.3185498749953695,0.8541125226254315,-34.0
v300_s8_p10,300,0.1,h2,3,1.392082677040107,1.3981446358610925,16.063607625022996,13.452456958999392,True,True,519.0,485.0,True,True,True,0.006061958820985591,-2.6111506660236046,0.8374492998723339,-34.0
v300_s8_p10,300,0.1,h2,4,1.3707200499118855,1.371014575805302,15.519020000007004,13.10829304199433,True,True,519.0,485.0,True,True,True,0.0002945258934166084,-2.410726958012674,0.8446598459173591,-34.0
v300_s8_p10,300,0.1,h3,0,1.3813990480933622,1.383316643162799,21.845967500004917,21.466640291037038,True,True,228.0,250.0,True,True,True,0.0019175950694367838,-0.3793272089678794,0.98263628246413,22.0
v300_s8_p10,300,0.1,h3,1,1.3885648029818407,1.3747536406229148,20.70530183298979,24.70289091701852,True,True,249.0,232.0,True,True,True,-0.013811162358925877,3.997589084028732,1.1930707949236155,-17.0
v300_s8_p10,300,0.1,h3,2,1.3897507718630249,1.3757610803588303,23.257655624998733,25.655437459005043,True,True,235.0,271.0,True,True,True,-0.013989691504194601,2.3977818340063095,1.1030964544607422,36.0
v300_s8_p10,300,0.1,h3,3,1.4189822487034485,1.3983469765219192,27.610833125014324,19.899618249968626,True,True,271.0,242.0,True,True,True,-0.020635272181529274,-7.711214875045698,0.7207177762390791,-29.0
v300_s8_p10,300,0.1,h3,4,1.3773110196570248,1.3895731381980592,27.238404458970763,20.138144458993338,True,True,255.0,213.0,True,True,True,0.012262118541034317,-7.100259999977425,0.7393290781524097,-42.0
v300_s8_p10,300,0.1,h4,0,1.381844718274576,1.4242144727349104,35.427530749992,31.380320416996256,True,True,217.0,237.0,True,True,True,0.04236975446033453,-4.047210332995746,0.8857608688125502,20.0
v300_s8_p10,300,0.1,h4,1,1.3849761926550777,1.3764922056481872,34.76770420803223,27.62052150000818,True,True,221.0,241.0,True,True,True,-0.008483987006890459,-7.147182708024047,0.7944304097486866,20.0
v300_s8_p10,300,0.1,h4,2,1.4189255468524964,1.3958107704222675,30.63271612499375,27.62574066699017,True,True,278.0,321.0,True,True,True,-0.023114776430228856,-3.0069754580035806,0.9018377787417244,43.0
v300_s8_p10,300,0.1,h4,3,1.3872029136194126,1.3857346309196321,35.153124333999585,28.02635104104411,True,True,229.0,241.0,True,True,True,-0.0014682826997804987,-7.126773292955477,0.7972648682591617,12.0
v300_s8_p10,300,0.1,h4,4,1.3865586440204876,1.418974160432276,33.78413762501441,27.42081587499706,True,True,223.0,265.0,True,True,True,0.032415516411788525,-6.363321750017349,0.811647648945586,42.0
v300_s8_p10,300,0.1,h2+3,0,1.3822987870816446,1.4110910092807212,23.338146707974374,22.808446458016988,True,True,228.0,250.0,True,True,True,0.028792222199076623,-0.5297002499573864,0.9773032427730693,22.0
v300_s8_p10,300,0.1,h2+3,1,1.408314089557298,1.3858953962912466,22.101054541999474,26.16717512498144,True,True,249.0,232.0,True,True,True,-0.022418693266051504,4.066120582981966,1.183978577821025,-17.0
v300_s8_p10,300,0.1,h2+3,2,1.3893815765956479,1.3814624464210985,24.45689366699662,26.876122166984715,True,True,235.0,271.0,True,True,True,-0.007919130174549371,2.419228499988094,1.0989180610149492,36.0
v300_s8_p10,300,0.1,h2+3,3,1.3843155252831452,1.3950950815018033,29.03721008298453,20.826750417007133,True,True,271.0,242.0,True,True,True,0.010779556218658115,-8.210459665977396,0.7172435078124592,-29.0
v300_s8_p10,300,0.1,h2+3,4,1.3743406654805732,1.3858731045005857,28.317312665982172,21.231620542006567,True,True,255.0,213.0,True,True,True,0.011532439020012442,-7.085692123975605,0.7497752626615694,-42.0
v300_s8_p10,300,0.1,h2+3+4,0,1.3931309779294867,1.4259627534731574,38.419641832995694,33.787055291002616,True,True,217.0,239.0,True,True,True,0.03283177554367067,-4.632586541993078,0.8794214021533511,22.0
v300_s8_p10,300,0.1,h2+3+4,1,1.4007490119685408,1.3879955226414282,38.3911807500408,30.109405042021535,True,True,222.0,244.0,True,True,True,-0.012753489327112622,-8.281775708019268,0.7842792134490298,22.0
v300_s8_p10,300,0.1,h2+3+4,2,1.410151608701872,1.4024489905937085,33.26309591700556,30.084831041982397,True,True,278.0,322.0,True,True,True,-0.007702618108163417,-3.17826487502316,0.9044507197119228,44.0
v300_s8_p10,300,0.1,h2+3+4,3,1.3848537717792706,1.3695667183287596,37.03827237500809,29.93866262503434,True,True,230.0,243.0,True,True,True,-0.015287053450510957,-7.099609749973752,0.808316930171822,13.0
v300_s8_p10,300,0.1,h2+3+4,4,1.3830517878242627,1.4311116342172412,37.054264959006105,30.6214163339464,True,True,225.0,266.0,True,True,True,0.048059846392978445,-6.432848625059705,0.8263938407042618,41.0
v300_s8_p30,300,0.3,h2,0,,2.0988216992579334,4.445456082990859,1.9936154169845395,True,True,404.0,254.0,False,True,False,,-2.4518406660063192,0.4484613906349188,-150.0
v300_s8_p30,300,0.3,h2,1,,2.380222470003925,4.50269275001483,2.0537086660042405,True,True,404.0,254.0,False,True,False,,-2.44898408401059,0.45610677432908925,-150.0
v300_s8_p30,300,0.3,h2,2,,2.195499275654435,4.4805757499998435,2.037681124988012,True,True,404.0,254.0,False,True,False,,-2.4428946250118315,0.4547810903516324,-150.0
v300_s8_p30,300,0.3,h2,3,,2.1344665929033635,4.448687958007213,2.1385425420012325,True,True,404.0,254.0,False,True,False,,-2.3101454160059802,0.4807130916323453,-150.0
v300_s8_p30,300,0.3,h2,4,2.356827612103333,2.2949164409747698,4.839375582989305,2.0807958749937825,True,True,404.0,254.0,True,True,True,-0.06191117112856315,-2.7585797079955228,0.42997197454727515,-150.0
v300_s8_p30,300,0.3,h3,0,2.727909918855233,1.9552873274499005,5.472457292024046,3.3229045000043698,True,True,404.0,254.0,True,True,True,-0.7726225914053326,-2.1495527920196764,0.6072051955247618,-150.0
v300_s8_p30,300,0.3,h3,1,2.2280478390966807,1.8996268337253917,5.674456499982625,3.1803731659892946,True,True,404.0,254.0,True,True,True,-0.32842100537128904,-2.4940833339933306,0.560471855938808,-150.0
v300_s8_p30,300,0.3,h3,2,2.25461124542631,1.9329379123944117,5.397530624992214,3.2828292080084793,True,True,404.0,254.0,True,True,True,-0.3216733330318984,-2.114701416983735,0.608209463936708,-150.0
v300_s8_p30,300,0.3,h3,3,2.004982394471276,1.9371683891398115,5.571749833005015,3.0710218329913914,True,True,404.0,254.0,True,True,True,-0.06781400533146464,-2.5007280000136234,0.5511772647795092,-150.0
v300_s8_p30,300,0.3,h3,4,2.163583713748777,1.9276129026624325,5.502692792040762,3.1321038330206648,True,True,404.0,254.0,True,True,True,-0.23597081108634455,-2.370588959020097,0.5691947472610176,-150.0
v300_s8_p30,300,0.3,h2+3,0,2.183486211076298,1.893810689612644,5.779944083013106,3.4451872920035385,True,True,404.0,254.0,True,True,True,-0.28967552146365394,-2.3347567910095677,0.5960589311112418,-150.0
v300_s8_p30,300,0.3,h2+3,1,2.1596343879692115,1.8634275495758335,5.778048874984961,3.3611219170270488,True,True,404.0,254.0,True,True,True,-0.296206838393378,-2.4169269579579122,0.5817053454806225,-150.0
v300_s8_p30,300,0.3,h2+3,2,2.3422911096517733,1.9454121682149066,5.816926999948919,3.2336764999781735,True,True,404.0,254.0,True,True,True,-0.39687894143686675,-2.5832504999707453,0.5559080421684113,-150.0
v300_s8_p30,300,0.3,h2+3,3,2.0656249620431764,1.8819873146661545,6.047519332962111,3.373171791958157,True,True,404.0,254.0,True,True,True,-0.18363764737702182,-2.6743475410039537,0.5577777608039424,-150.0
v300_s8_p30,300,0.3,h2+3,4,2.25153433072913,1.8482621428073382,5.874769583984744,3.2183427499840036,True,True,404.0,254.0,True,True,True,-0.40327218792179154,-2.65642683400074,0.5478245068125827,-150.0
v300_s8_p50,300,0.5,h2,0,,2.789700981779053,3.0119476249674335,0.47844350000377744,True,True,329.0,66.0,False,True,False,,-2.533504124963656,0.1588485457176403,-263.0
v300_s8_p50,300,0.5,h2,1,,3.2004339687877112,2.7929688330041245,0.4992653749650344,True,True,329.0,66.0,False,True,False,,-2.29370345803909,0.17875794712253315,-263.0
v300_s8_p50,300,0.5,h2,2,,3.248692701954555,2.971699959016405,0.47573987499345094,True,True,329.0,66.0,False,True,False,,-2.495960084022954,0.16009014421190584,-263.0
v300_s8_p50,300,0.5,h2,3,2.9339686541987016,2.9090465628959405,3.0754833340179175,0.5203182919649407,True,True,329.0,66.0,True,True,True,-0.024922091302761018,-2.555165042052977,0.16918260821305736,-263.0
v300_s8_p50,300,0.5,h2,4,2.8665511000966215,2.950469883501903,2.9895954999956302,0.4832975839963183,True,True,329.0,66.0,True,True,True,0.0839187834052817,-2.506297915999312,0.16165985799651647,-263.0
v300_s8_p50,300,0.5,h3,0,3.046771705269391,2.6403367525787167,3.289539417019114,0.5837498749606311,True,True,329.0,66.0,True,True,True,-0.4064349526906743,-2.7057895420584828,0.17745641591661135,-263.0
v300_s8_p50,300,0.5,h3,1,,2.609213776748964,3.175868124992121,0.60972958302591,True,True,329.0,66.0,False,True,False,,-2.566138541966211,0.19198831910799904,-263.0
v300_s8_p50,300,0.5,h3,2,,2.7537031342715315,3.111230957962107,0.6251863329671323,True,True,329.0,66.0,False,True,False,,-2.4860446249949746,0.20094500903804222,-263.0
v300_s8_p50,300,0.5,h3,3,3.1983576978603763,2.559340725706957,3.057424667000305,0.6125851249671541,True,True,329.0,66.0,True,True,True,-0.6390169721534193,-2.444839542033151,0.2003598425756709,-263.0
v300_s8_p50,300,0.5,h3,4,,2.6229963031090806,2.9904502910212614,0.6023450839566067,True,True,329.0,66.0,False,True,False,,-2.3881052070646547,0.2014228712529113,-263.0
v300_s8_p50,300,0.5,h2+3,0,,2.500069099008176,3.090860958036501,0.6394545419607311,True,True,329.0,66.0,False,True,False,,-2.45140641607577,0.2068855735157206,-263.0
v300_s8_p50,300,0.5,h2+3,1,,2.6609731166220727,3.1919507910497487,0.659499124973081,True,True,329.0,66.0,False,True,False,,-2.5324516660766676,0.20661318677666365,-263.0
v300_s8_p50,300,0.5,h2+3,2,,2.8039551758849544,3.2874750830233097,0.6260342499590479,True,True,329.0,66.0,False,True,False,,-2.661440833064262,0.19043011251763425,-263.0
v300_s8_p50,300,0.5,h2+3,3,,2.5946535930109254,3.2364213750115596,0.6442839999799617,True,True,329.0,66.0,False,True,False,,-2.592137375031598,0.19907296526789886,-263.0
v300_s8_p50,300,0.5,h2+3,4,,2.5526353188967374,3.2278170420322567,0.6682546250522137,True,True,329.0,66.0,False,True,False,,-2.559562416980043,0.2070298955455901,-263.0
v300_s9_p0,300,0.0,h2,0,1.2178102752254587,1.219543273925346,16.845506292011123,16.591458208975382,True,True,577.0,573.0,True,True,True,0.0017329986998873004,-0.254048083035741,0.9849189404799177,-4.0
v300_s9_p0,300,0.0,h2,1,1.2192457246605453,1.2221291116862236,17.32385320798494,17.08752891595941,True,True,577.0,573.0,True,True,True,0.0028833870256783634,-0.23632429202552885,0.9863584452495475,-4.0
v300_s9_p0,300,0.0,h2,2,1.2173520559090845,1.2205427536866378,16.99806566699408,16.89099420804996,True,True,577.0,573.0,True,True,True,0.0031906977775533196,-0.10707145894411951,0.9937009621540629,-4.0
v300_s9_p0,300,0.0,h2,3,1.2156808610852057,1.2227325962909141,17.024852625036146,16.88285975001054,True,True,577.0,573.0,True,True,True,0.007051735205708454,-0.14199287502560765,0.9916596708263543,-4.0
v300_s9_p0,300,0.0,h2,4,1.2188033543844947,1.217467631471582,16.88156800001161,16.499550832959358,True,True,577.0,573.0,True,True,True,-0.001335722912912729,-0.3820171670522541,0.9773707532942443,-4.0
v300_s9_p0,300,0.0,h3,0,1.2851129759988014,1.2969466617513339,30.06937141600065,30.23997270897962,True,True,208.0,242.0,True,True,True,0.011833685752532519,0.1706012929789722,1.0056735902662797,34.0
v300_s9_p0,300,0.0,h3,1,1.2441611815097489,1.2811162340952889,31.25877166603459,29.17753129202174,True,True,248.0,186.0,True,True,True,0.036955052585539994,-2.0812403740128502,0.9334189968739462,-62.0
v300_s9_p0,300,0.0,h3,2,1.2924120585730259,1.289608356996459,29.300491166999564,35.16215854202164,True,True,217.0,161.0,True,True,True,-0.0028037015765669526,5.86166737502208,1.2000535534238392,-56.0
v300_s9_p0,300,0.0,h3,3,1.2847999716906453,1.2936985457670402,33.050310541002546,28.17120108299423,True,True,198.0,190.0,True,True,True,0.008898574076394938,-4.879109458008315,0.8523732643312006,-8.0
v300_s9_p0,300,0.0,h3,4,1.2544607776303145,1.2934325248775156,30.67075162497349,33.14270404202398,True,True,244.0,186.0,True,True,True,0.038971747247201094,2.4719524170504883,1.0805964081766328,-58.0
v300_s9_p0,300,0.0,h4,0,1.3034974587356463,1.3543488220922888,51.77912495902274,53.478250582993496,True,True,210.0,189.0,True,True,True,0.05085136335664253,1.6991256239707582,1.0328148771404582,-21.0
v300_s9_p0,300,0.0,h4,1,1.3177610042217147,1.3498695293042766,52.12848129199119,51.99417641700711,True,True,198.0,181.0,True,True,True,0.0321085250825619,-0.13430487498408183,0.9974235797465153,-17.0
v300_s9_p0,300,0.0,h4,2,1.279632005987832,1.3368844806192424,47.96186379197752,42.06932862504618,True,True,228.0,198.0,True,True,True,0.057252474631410255,-5.892535166931339,0.8771412388707678,-30.0
v300_s9_p0,300,0.0,h4,3,1.296881512254847,1.3447556193722516,43.27358716598246,54.34989574999781,True,True,294.0,184.0,True,True,True,0.047874107117404696,11.07630858401535,1.2559600280311978,-110.0
v300_s9_p0,300,0.0,h4,4,1.3035903237407125,1.3341785592639241,51.99910162499873,49.4560380000039,True,True,213.0,189.0,True,True,True,0.03058823552321166,-2.5430636249948293,0.9510940853683472,-24.0
v300_s9_p0,300,0.0,h2+3,0,1.2809020805570894,1.2923726371910265,31.8813740000478,31.440964416018687,True,True,208.0,242.0,True,True,True,0.011470556633937035,-0.440409584029112,0.9861859911047607,34.0
v300_s9_p0,300,0.0,h2+3,1,1.248904480998116,1.281662268718898,32.125594458018895,30.475860874983482,True,True,248.0,186.0,True,True,True,0.03275778772078208,-1.6497335830354132,0.9486473756869697,-62.0
v300_s9_p0,300,0.0,h2+3,2,1.284791360252449,1.3023973503186181,30.445727750018705,36.3266171659925,True,True,217.0,161.0,True,True,True,0.01760599006616914,5.880889415973797,1.1931597583825266,-56.0
v300_s9_p0,300,0.0,h2+3,3,1.284549110697244,1.2979641306988587,34.342252040980384,29.280931542045437,True,True,198.0,190.0,True,True,True,0.013415020001614764,-5.061320498934947,0.8526211824170614,-8.0
v300_s9_p0,300,0.0,h2+3,4,1.242093183665975,1.294464268506658,31.673531290958636,34.54602499998873,True,True,244.0,186.0,True,True,True,0.05237108484068309,2.8724937090300955,1.0906906679474058,-58.0
v300_s9_p0,300,0.0,h2+3+4,0,1.305424798100904,1.353238708915377,56.17228608398,58.236366541008465,True,True,210.0,189.0,True,True,True,0.04781391081447306,2.064080457028467,1.0367455305974653,-21.0
v300_s9_p0,300,0.0,h2+3+4,1,1.3347547017839363,1.348535939216431,56.059969625028316,56.33122387499316,True,True,198.0,181.0,True,True,True,0.013781237432494597,0.2712542499648407,1.0048386442550574,-17.0
v300_s9_p0,300,0.0,h2+3+4,2,1.2928616221685798,1.3430936995156217,51.773991624999326,45.00187866599299,True,True,228.0,198.0,True,True,True,0.05023207734704194,-6.772112959006336,0.8691985542073525,-30.0
v300_s9_p0,300,0.0,h2+3+4,3,1.2960289385619108,1.349077225889982,46.762595666979905,57.72433925000951,True,True,294.0,184.0,True,True,True,0.0530482873280711,10.961743583029602,1.234412641699655,-110.0
v300_s9_p0,300,0.0,h2+3+4,4,1.3097851650127466,1.3443765344656549,56.63454062497476,53.52523412503069,True,True,213.0,189.0,True,True,True,0.034591369452908305,-3.1093064999440685,0.9450987601270854,-24.0
v300_s9_p10,300,0.1,h2,0,1.339868860903817,1.3598010952198898,15.377501457987819,12.55789683299372,True,True,519.0,478.0,True,True,True,0.019932234316072828,-2.819604624994099,0.8166409131745223,-41.0
v300_s9_p10,300,0.1,h2,1,1.3414460101263936,1.3579007165066233,15.991991999966558,12.874813792004716,True,True,519.0,478.0,True,True,True,0.01645470638022961,-3.1171782079618424,0.8050788039433511,-41.0
v300_s9_p10,300,0.1,h2,2,1.3426134479043594,1.334058601722206,15.82815874996595,12.439161582966335,True,True,519.0,478.0,True,True,True,-0.008554846182153408,-3.3889971669996157,0.7858880985126014,-41.0
v300_s9_p10,300,0.1,h2,3,1.3420859070695121,1.3222374155458492,15.988683875009883,12.492118708032649,True,True,519.0,478.0,True,True,True,-0.01984849152366297,-3.496565166977234,0.7813100068578926,-41.0
v300_s9_p10,300,0.1,h2,4,1.3308174111992084,1.3528922682832307,15.863070292049088,12.348905791994184,True,True,519.0,478.0,True,True,True,0.022074857084022348,-3.5141645000549033,0.7784688313575538,-41.0
v300_s9_p10,300,0.1,h3,0,1.3675976682077564,1.3529209191994342,21.635243500000797,17.78586591698695,True,True,218.0,230.0,True,True,True,-0.014676749008322165,-3.8493775830138475,0.8220783795193382,12.0
v300_s9_p10,300,0.1,h3,1,1.3569855666271156,1.3494647291685413,23.08753254095791,19.60771654098062,True,True,191.0,218.0,True,True,True,-0.007520837458574237,-3.4798159999772906,0.8492772671222443,27.0
v300_s9_p10,300,0.1,h3,2,1.3620823688437145,1.3702574389698352,22.25315366697032,20.793121375027113,True,True,184.0,243.0,True,True,True,0.008175070126120731,-1.4600322919432074,0.9343898705867345,59.0
v300_s9_p10,300,0.1,h3,3,1.3505330176785324,1.3529462316605545,20.658428583992645,20.31520424998598,True,True,233.0,237.0,True,True,True,0.0024132139820221,-0.3432243340066634,0.9833857482135591,4.0
v300_s9_p10,300,0.1,h3,4,1.3839872533476498,1.3666667157130323,20.822905624983832,19.715603665972594,True,True,199.0,220.0,True,True,True,-0.017320537634617494,-1.107301959011238,0.9468228892281647,21.0
v300_s9_p10,300,0.1,h4,0,1.3913083910067816,1.3888307918917164,23.328430458030198,26.75218620803207,True,True,287.0,237.0,True,True,True,-0.0024775991150651766,3.423755750001874,1.1467632276488338,-50.0
v300_s9_p10,300,0.1,h4,1,1.364770403866656,1.3993613416852773,30.00255662499694,26.6787997080246,True,True,220.0,231.0,True,True,True,0.034590937818621326,-3.323756916972343,0.8892175437408184,11.0
v300_s9_p10,300,0.1,h4,2,1.3614298883661307,1.4071798249663048,34.47002079198137,22.365448583033867,True,True,202.0,330.0,True,True,True,0.045749936600174124,-12.104572208947502,0.6488376876243909,128.0
v300_s9_p10,300,0.1,h4,3,1.3691252896929544,1.3542372403775507,27.583461417001672,24.96565837500384,True,True,216.0,212.0,True,True,True,-0.014888049315403773,-2.6178030419978313,0.9050951944564763,-4.0
v300_s9_p10,300,0.1,h4,4,1.3535392714810794,1.3995317765491309,27.499984249996487,30.541562208964024,True,True,226.0,239.0,True,True,True,0.045992505068051415,3.0415779589675367,1.1106028982168572,13.0
v300_s9_p10,300,0.1,h2+3,0,1.3685371129522816,1.3610114506602478,22.748643917031586,18.79086341697257,True,True,218.0,230.0,True,True,True,-0.007525662292033886,-3.957780500059016,0.8260212558386444,12.0
v300_s9_p10,300,0.1,h2+3,1,1.357799134463232,1.369878061952033,23.728467916953377,20.98439016699558,True,True,191.0,218.0,True,True,True,0.012078927488800906,-2.744077749957796,0.8843550388688507,27.0
v300_s9_p10,300,0.1,h2+3,2,1.3501863994615122,1.361198066465549,23.547879124991596,22.315864000003785,True,True,184.0,243.0,True,True,True,0.011011667004036774,-1.2320151249878109,0.9476804208800162,59.0
v300_s9_p10,300,0.1,h2+3,3,1.340578807906365,1.3488952474387461,21.677429541014135,21.47384241700638,True,True,233.0,237.0,True,True,True,0.008316439532381148,-0.20358712400775403,0.9906083364901469,4.0
v300_s9_p10,300,0.1,h2+3,4,1.3844356754585554,1.3748034038174348,21.7529241250013,20.751987166993786,True,True,199.0,220.0,True,True,True,-0.009632271641120571,-1.0009369580075145,0.9539860962022523,21.0
v300_s9_p10,300,0.1,h2+3+4,0,1.387297508616832,1.394573439214972,26.08109350001905,29.292114124982618,True,True,287.0,238.0,True,True,True,0.0072759305981400235,3.2110206249635667,1.1231167943537805,-49.0
v300_s9_p10,300,0.1,h2+3+4,1,1.3707447255409584,1.3946377108605186,32.42536991700763,29.423189333989285,True,True,220.0,232.0,True,True,True,0.02389298531956019,-3.002180583018344,0.9074126034428477,12.0
v300_s9_p10,300,0.1,h2+3+4,2,1.3650150751032253,1.4045839533586775,37.64499383303337,25.100233874982223,True,True,202.0,332.0,True,True,True,0.03956887825545219,-12.544759958051145,0.6667615350479044,130.0
v300_s9_p10,300,0.1,h2+3+4,3,1.378366991091973,1.3654802323434545,30.534248457988724,29.656474209041335,True,True,216.0,215.0,True,True,True,-0.012886758748518412,-0.8777742489473894,0.9712527966701032,-1.0
v300_s9_p10,300,0.1,h2+3+4,4,1.3490651862071792,1.3875229490610907,30.503159624990076,34.20230733300559,True,True,226.0,241.0,True,True,True,0.03845776285391156,3.6991477080155164,1.1212709684338715,15.0
v300_s9_p30,300,0.3,h2,0,,2.1229792973388557,4.589421166048851,1.8807352079893462,True,True,404.0,248.0,False,True,False,,-2.7086859580595046,0.4097979113144935,-156.0
v300_s9_p30,300,0.3,h2,1,2.5365192028914874,2.1920995103140806,4.847472041030414,1.9323171250289306,True,True,404.0,248.0,True,True,True,-0.3444196925774068,-2.915154916001484,0.3986236761498026,-156.0
v300_s9_p30,300,0.3,h2,2,,2.121043757714623,4.782246207993012,1.9630290829809383,True,True,404.0,248.0,False,True,False,,-2.8192171250120737,0.41048264719201316,-156.0
v300_s9_p30,300,0.3,h2,3,,2.276690280542483,4.513602624996565,1.9803962500300258,True,True,404.0,248.0,False,True,False,,-2.5332063749665394,0.43876176406458306,-156.0
v300_s9_p30,300,0.3,h2,4,,2.380609786113121,4.5768460420076735,1.8999864169745706,True,True,404.0,248.0,False,True,False,,-2.676859625033103,0.41513006982011674,-156.0
v300_s9_p30,300,0.3,h3,0,1.9943588854617453,1.9924984420031873,17.664465332985856,7.263580208003987,True,True,258.0,170.0,True,True,True,-0.0018604434585580698,-10.400885124981869,0.4111972862513021,-88.0
v300_s9_p30,300,0.3,h3,1,1.901658391211012,1.981313464831062,18.467692084028386,7.482370791956782,True,True,260.0,170.0,True,True,True,0.07965507362004987,-10.985321292071603,0.405160036127516,-90.0
v300_s9_p30,300,0.3,h3,2,1.9576583448064886,1.9940088431807252,17.95625824999297,7.3284137500450015,True,True,258.0,169.0,True,True,True,0.03635049837423665,-10.627844499947969,0.4081258827989885,-89.0
v300_s9_p30,300,0.3,h3,3,1.8329082195379065,1.8693170607342775,17.72347508301027,7.314781499968376,True,True,258.0,170.0,True,True,True,0.036408841196371,-10.408693583041895,0.41271711477058626,-88.0
v300_s9_p30,300,0.3,h3,4,1.8821424228159584,1.9760547145158376,18.082567291974556,7.192851042025723,True,True,258.0,170.0,True,True,True,0.09391229169987914,-10.889716249948833,0.39777819852040974,-88.0
v300_s9_p30,300,0.3,h4,0,,1.9073686137845813,14.143669790995773,6.433601666998584,True,True,260.0,227.0,False,True,False,,-7.710068123997189,0.4548749908665417,-33.0
v300_s9_p30,300,0.3,h4,1,,,14.419823584030382,7.313191999972332,True,True,250.0,227.0,False,False,False,,-7.10663158405805,0.507162376665379,-23.0
v300_s9_p30,300,0.3,h4,2,,,14.545372874999885,6.751478457998019,True,True,249.0,240.0,False,False,False,,-7.793894417001866,0.46416675021114384,-9.0
v300_s9_p30,300,0.3,h4,3,,,14.066593958006706,6.598274999996647,True,True,240.0,241.0,False,False,False,,-7.468318958010059,0.46907410704358243,1.0
v300_s9_p30,300,0.3,h4,4,,1.9077518910964308,12.718645124987233,6.620103542052675,True,True,249.0,240.0,False,True,False,,-6.098541582934558,0.5205038333089996,-9.0
v300_s9_p30,300,0.3,h2+3,0,1.9679432768388283,1.9342755796069824,17.933729415992275,7.688767749990802,True,True,258.0,170.0,True,True,True,-0.03366769723184593,-10.244961666001473,0.4287322269474189,-88.0
v300_s9_p30,300,0.3,h2+3,1,1.92173246518686,1.9525328886810822,18.66511995799374,8.003614582994487,True,True,260.0,170.0,True,True,True,0.030800423494222295,-10.661505374999251,0.42880059710340984,-90.0
v300_s9_p30,300,0.3,h2+3,2,1.9817826007800792,2.02511578772148,18.556928917008918,7.78407320799306,True,True,258.0,169.0,True,True,True,0.04333318694140087,-10.772855709015857,0.41946990489672736,-89.0
v300_s9_p30,300,0.3,h2+3,3,1.8392047444548667,1.931773462473153,18.101158374978695,7.761470082972664,True,True,258.0,170.0,True,True,True,0.09256871801828637,-10.33968829200603,0.42878306029858154,-88.0
v300_s9_p30,300,0.3,h2+3,4,1.9528308819699118,1.9171356911574973,18.02206670801388,7.71074624999892,True,True,258.0,170.0,True,True,True,-0.03569519081241457,-10.311320458014961,0.42785027793566976,-88.0
v300_s9_p30,300,0.3,h2+3+4,0,,1.9876788378966568,16.560867750027683,8.716734541987535,True,True,261.0,237.0,False,True,False,,-7.844133208040148,0.5263452781315137,-24.0
v300_s9_p30,300,0.3,h2+3+4,1,,2.042073663061546,16.695557041966822,8.925128208007663,True,True,251.0,228.0,False,True,False,,-7.7704288339591585,0.5345810376720582,-23.0
v300_s9_p30,300,0.3,h2+3+4,2,,1.9591745195038897,16.920930000022054,8.457015542022418,True,True,249.0,241.0,False,True,False,,-8.463914457999635,0.49979614252948246,-8.0
v300_s9_p30,300,0.3,h2+3+4,3,,,16.443111500004306,8.058434000005946,True,True,241.0,242.0,False,False,False,,-8.38467749999836,0.490079630002134,1.0
v300_s9_p30,300,0.3,h2+3+4,4,,1.9275140696321813,15.02338949998375,7.706228875031229,True,True,249.0,222.0,False,True,False,,-7.317160624952521,0.5129487506823652,-27.0
v300_s9_p50,300,0.5,h2,0,,2.670955097076756,2.97293616598472,0.5194764580228366,True,True,332.0,70.0,False,True,False,,-2.4534597079618834,0.17473515374009768,-262.0
v300_s9_p50,300,0.5,h2,1,,3.1524342786086716,2.804915542015806,0.5437175410334021,True,True,332.0,70.0,False,True,False,,-2.2611980009824038,0.19384453217534284,-262.0
v300_s9_p50,300,0.5,h2,2,,2.78626172221991,2.760269042046275,0.5020585830206983,True,True,332.0,70.0,False,True,False,,-2.2582104590255767,0.18188755348591176,-262.0
v300_s9_p50,300,0.5,h2,3,,3.0575988555712326,2.943292041949462,0.49917295802151784,True,True,332.0,70.0,False,True,False,,-2.4441190839279443,0.16959681571078325,-262.0
v300_s9_p50,300,0.5,h2,4,2.7434361581821056,2.9283762943436584,3.040706208033953,0.5323725829948671,True,True,332.0,70.0,True,True,True,0.1849401361615528,-2.5083336250390857,0.17508188774971667,-262.0
v300_s9_p50,300,0.5,h3,0,,2.8017819880352004,2.9153687500511296,0.5604794160462916,True,True,332.0,70.0,False,True,False,,-2.354889334004838,0.1922499224279817,-262.0
v300_s9_p50,300,0.5,h3,1,3.223453553368341,2.8245858766410943,3.311202750017401,0.5619501670007594,True,True,332.0,70.0,True,True,True,-0.39886767672724677,-2.7492525830166414,0.16971179641530748,-262.0
v300_s9_p50,300,0.5,h3,2,3.2192975416041647,3.102549473191726,3.1727672499837354,0.545276791031938,True,True,332.0,70.0,True,True,True,-0.11674806841243868,-2.6274904589517973,0.17186157952012815,-262.0
v300_s9_p50,300,0.5,h3,3,3.374189947335901,3.0032196795061328,3.2849625830422156,0.6065535419620574,True,True,332.0,70.0,True,True,True,-0.3709702678297684,-2.678409041080158,0.18464549492686336,-262.0
v300_s9_p50,300,0.5,h3,4,,2.7249082439901793,3.0384290000074543,0.575999666005373,True,True,332.0,70.0,False,True,False,,-2.4624293340020813,0.18957154042564756,-262.0
v300_s9_p50,300,0.5,h2+3,0,3.1246296133481333,2.7994239148539295,3.5007545000407845,0.6154840000090189,True,True,332.0,70.0,True,True,True,-0.3252056984942038,-2.8852705000317656,0.17581467080934937,-262.0
v300_s9_p50,300,0.5,h2+3,1,,3.019398451040454,3.3381407499546185,0.5828410839894786,True,True,332.0,70.0,False,True,False,,-2.75529966596514,0.17460051197583634,-262.0
v300_s9_p50,300,0.5,h2+3,2,,3.1381915895898427,3.2644490420352668,0.6262716669589281,True,True,332.0,70.0,False,True,False,,-2.6381773750763386,0.19184605392659773,-262.0
v300_s9_p50,300,0.5,h2+3,3,,3.1912501491029697,3.1616002079681493,0.5931738330400549,True,True,332.0,70.0,False,True,False,,-2.5684263749280944,0.1876182293843114,-262.0
v300_s9_p50,300,0.5,h2+3,4,,2.955400058066859,3.283490542031359,0.5956774579826742,True,True,332.0,70.0,False,True,False,,-2.6878130840486847,0.18141592014885274,-262.0
v400_s0_p0,400,0.0,h2,0,1.2041532836357152,1.1991152487019787,21.21513445797609,20.956349249987397,True,True,760.0,756.0,True,True,True,-0.005038034933736446,-0.2587852079886943,0.9878018586919018,-4.0
v400_s0_p0,400,0.0,h2,1,1.1932277418552892,1.1947894359412785,29.34575479099294,29.210412000014912,True,True,760.0,756.0,True,True,True,0.0015616940859892736,-0.13534279097802937,0.9953879942110206,-4.0
v400_s0_p0,400,0.0,h2,2,1.2048409976315326,1.2010288139023166,29.433616666996386,29.397834874980617,True,True,760.0,756.0,True,True,True,-0.00381218372921599,-0.03578179201576859,0.9987843222795012,-4.0
v400_s0_p0,400,0.0,h2,3,1.205830503367409,1.2071043549260563,28.725992167019285,28.98815116699552,True,True,760.0,756.0,True,True,True,0.001273851558647232,0.2621589999762364,1.0091261947873544,-4.0
v400_s0_p0,400,0.0,h2,4,1.2042937787554011,1.1980212917001791,29.477651875000447,29.250543500005733,True,True,760.0,756.0,True,True,True,-0.006272487055221987,-0.2271083749947138,0.9922955744250674,-4.0
v400_s0_p0,400,0.0,h3,0,1.3017782316031896,1.2462803494017864,40.72987074998673,43.070719167008065,True,True,245.0,356.0,True,True,True,-0.05549788220140317,2.340848417021334,1.0574725225962593,111.0
v400_s0_p0,400,0.0,h3,1,1.29082938859016,1.2676567292669474,62.30158766702516,60.38088104198687,True,True,254.0,334.0,True,True,True,-0.023172659323212663,-1.9207066250382923,0.9691708237789439,80.0
v400_s0_p0,400,0.0,h3,2,1.265012724627632,1.2480965965987036,56.42469129199162,60.52207704202738,True,True,294.0,356.0,True,True,True,-0.01691612802892828,4.097385750035755,1.0726168926442545,62.0
v400_s0_p0,400,0.0,h3,3,1.2668120693819562,1.2658291859644726,53.52505524997832,58.48558741703164,True,True,274.0,292.0,True,True,True,-0.0009828834174836487,4.960532167053316,1.0926768247858152,18.0
v400_s0_p0,400,0.0,h3,4,1.2664593194027556,1.2519436595112372,57.054784875013866,58.84769604197936,True,True,343.0,344.0,True,True,True,-0.014515659891518373,1.7929111669654958,1.0314243787071165,1.0
v400_s0_p0,400,0.0,h4,0,1.343304406527898,1.2903321860914254,88.2243109580013,61.79325729201082,True,True,199.0,321.0,True,True,True,-0.05297222043647265,-26.431053665990476,0.7004107668398472,122.0
v400_s0_p0,400,0.0,h4,1,1.3211370057822884,1.2961443175877556,108.38225645804778,109.59933466702932,True,True,243.0,227.0,True,True,True,-0.02499268819453282,1.2170782089815475,1.0112294968637476,-16.0
v400_s0_p0,400,0.0,h4,2,1.3501349532648288,1.3558538457531797,125.28776520799147,121.38584416598314,True,True,176.0,172.0,True,True,True,0.005718892488350891,-3.9019210420083255,0.9688563281855119,-4.0
v400_s0_p0,400,0.0,h4,3,1.350313342911888,1.3429209303109855,109.76587787497556,111.82940766698448,True,True,172.0,172.0,True,True,True,-0.00739241260090262,2.0635297920089215,1.0187993740127448,0.0
v400_s0_p0,400,0.0,h4,4,1.338438926833774,1.2961149040639708,90.73232466698391,112.18642666598316,True,True,242.0,219.0,True,True,True,-0.04232402276980318,21.45410199899925,1.2364548916578797,-23.0
v400_s0_p0,400,0.0,h2+3,0,1.2977892754421836,1.2514260284153909,42.293062416953035,44.33237354201265,True,True,245.0,356.0,True,True,True,-0.04636324702679273,2.039311125059612,1.0482185731776699,111.0
v400_s0_p0,400,0.0,h2+3,1,1.2825710716225478,1.2609739722380569,65.000542957976,61.553087041014805,True,True,254.0,334.0,True,True,True,-0.021597099384490948,-3.4474559169611894,0.946962659693627,80.0
v400_s0_p0,400,0.0,h2+3,2,1.2636618456682809,1.2450850838736485,57.58994120795978,61.994593790965155,True,True,294.0,356.0,True,True,True,-0.018576761794632413,4.404652583005372,1.0764830192672012,62.0
v400_s0_p0,400,0.0,h2+3,3,1.2662187637793993,1.2734416915050562,55.58722433401272,60.01330254197819,True,True,274.0,292.0,True,True,True,0.0072229277256568025,4.426078207965475,1.0796240190258475,18.0
v400_s0_p0,400,0.0,h2+3,4,1.2721594204046474,1.2403860069243726,59.618953500001226,61.00212395802373,True,True,343.0,344.0,True,True,True,-0.03177341348027474,1.383170458022505,1.023200180090757,1.0
v400_s0_p0,400,0.0,h2+3+4,0,1.3564750359622901,1.2916542756923783,90.20803291699849,64.90291562501807,True,True,199.0,321.0,True,True,True,-0.06482076026991179,-25.305117291980423,0.7194804445490572,122.0
v400_s0_p0,400,0.0,h2+3+4,1,1.3398191859275912,1.3170198713073047,113.89693870797055,114.43103604199132,True,True,243.0,227.0,True,True,True,-0.022799314620286504,0.5340973340207711,1.0046893036817275,-16.0
v400_s0_p0,400,0.0,h2+3+4,2,1.3430452472893917,1.3508551129392277,128.8636924159946,126.63719974999549,True,True,176.0,172.0,True,True,True,0.00780986564983599,-2.2264926659991033,0.9827221102836974,-4.0
v400_s0_p0,400,0.0,h2+3+4,3,1.3505928481367706,1.3470157090018127,113.76091716601513,116.54996999999275,True,True,172.0,172.0,True,True,True,-0.0035771391349579407,2.789052833977621,1.024516792791917,0.0
v400_s0_p0,400,0.0,h2+3+4,4,1.3298309383694384,1.2972349811286346,94.41330779099371,116.05060983303702,True,True,242.0,219.0,True,True,True,-0.032595957240803886,21.637302042043302,1.2291764005339438,-23.0
v400_s0_p10,400,0.1,h2,0,1.3335775765493798,1.3256181190663952,12.120618292014115,12.14412795897806,True,True,684.0,636.0,True,True,True,-0.007959457482984655,0.023509666963946074,1.001939642549377,-48.0
v400_s0_p10,400,0.1,h2,1,1.3354099338811725,1.3270750737844017,15.54277058300795,17.66435354098212,True,True,684.0,636.0,True,True,True,-0.008334860096770758,2.1215829579741694,1.1364996637274938,-48.0
v400_s0_p10,400,0.1,h2,2,1.3391405897417792,1.3439862907376294,16.31406041700393,18.25865008396795,True,True,684.0,636.0,True,True,True,0.004845700995850244,1.9445896669640206,1.1191971598276784,-48.0
v400_s0_p10,400,0.1,h2,3,1.3266909058727687,1.3293086518094885,17.83354133402463,17.388491875026375,True,True,684.0,636.0,True,True,True,0.0026177459367198175,-0.44504945899825543,0.9750442466438707,-48.0
v400_s0_p10,400,0.1,h2,4,1.3367315048438067,1.3300136729292975,16.470314958016388,17.244610040972475,True,True,684.0,636.0,True,True,True,-0.0067178319145091425,0.7742950829560868,1.0470115529016781,-48.0
v400_s0_p10,400,0.1,h3,0,1.360155087727595,1.3528473765640932,25.201117707998492,21.86098779103486,True,True,276.0,261.0,True,True,True,-0.007307711163501818,-3.340129916963633,0.867461040590929,-15.0
v400_s0_p10,400,0.1,h3,1,1.3324482104051483,1.3539478257322413,33.62353812501533,31.4099807079765,True,True,360.0,287.0,True,True,True,0.02149961532709299,-2.213557417038828,0.9341664339782261,-73.0
v400_s0_p10,400,0.1,h3,2,1.3548613414777293,1.323580404782517,34.43463716696715,32.62291587499203,True,True,280.0,272.0,True,True,True,-0.03128093669521226,-1.8117212919751182,0.9473866594501804,-8.0
v400_s0_p10,400,0.1,h3,3,1.3555708078139033,1.3409925557596254,40.876320209004916,28.892884083965328,True,True,228.0,287.0,True,True,True,-0.014578252054277874,-11.983436125039589,0.706836719553839,59.0
v400_s0_p10,400,0.1,h3,4,1.337427553282107,1.3346598909538183,34.892320749990176,31.217264917038847,True,True,335.0,227.0,True,True,True,-0.0027676623282886226,-3.6750558329513296,0.8946743651910181,-108.0
v400_s0_p10,400,0.1,h4,0,1.3578666020166625,1.3667829691068776,35.42694391700206,41.5035679579596,True,True,369.0,224.0,True,True,True,0.008916367090215038,6.07662404095754,1.1715254935676587,-145.0
v400_s0_p10,400,0.1,h4,1,1.3830271397451348,1.3746745057035294,50.95961737498874,48.337584333028644,True,True,408.0,299.0,True,True,True,-0.008352634041605356,-2.622033041960094,0.9485468459728467,-109.0
v400_s0_p10,400,0.1,h4,2,1.3824510659999396,1.363476756393617,52.71125662495615,48.384449708042666,True,True,277.0,266.0,True,True,True,-0.018974309606322626,-4.326806916913483,0.9179149351779075,-11.0
v400_s0_p10,400,0.1,h4,3,1.390599808146573,1.3867001976933493,55.69097158400109,58.71367287496105,True,True,333.0,193.0,True,True,True,-0.003899610453223623,3.022701290959958,1.0542763253178424,-140.0
v400_s0_p10,400,0.1,h4,4,1.3804463577017763,1.3661204782661565,53.12677141698077,58.944374791986775,True,True,322.0,217.0,True,True,True,-0.014325879435619804,5.817603375006001,1.109504176893131,-105.0
v400_s0_p10,400,0.1,h2+3,0,1.35623120052378,1.3460735373068842,26.282719084003475,23.155702832969837,True,True,276.0,261.0,True,True,True,-0.010157663216895818,-3.1270162510336377,0.8810238681530922,-15.0
v400_s0_p10,400,0.1,h2+3,1,1.3302278744947085,1.3553825084052475,35.37066108302679,33.1185340420343,True,True,360.0,287.0,True,True,True,0.02515463391053907,-2.252127040992491,0.9363278216455725,-73.0
v400_s0_p10,400,0.1,h2+3,2,1.3602770884587492,1.3292935506426287,35.75111391703831,34.0503331249929,True,True,280.0,272.0,True,True,True,-0.03098353781612051,-1.700780792045407,0.9524271944087637,-8.0
v400_s0_p10,400,0.1,h2+3,3,1.3554519013295443,1.3545296495979895,42.86271483398741,30.936401499959175,True,True,228.0,287.0,True,True,True,-0.0009222517315548018,-11.926313334028237,0.7217555308799193,59.0
v400_s0_p10,400,0.1,h2+3,4,1.3540997678401832,1.3342642082878353,36.37937483302085,32.83895837503951,True,True,335.0,227.0,True,True,True,-0.019835559552347837,-3.540416457981337,0.9026806679820191,-108.0
v400_s0_p10,400,0.1,h2+3+4,0,1.3591302738234876,1.3614594705859533,38.9524952910142,44.06702912499895,True,True,369.0,225.0,True,True,True,0.0023291967624656795,5.114533833984751,1.131301827925889,-144.0
v400_s0_p10,400,0.1,h2+3+4,1,1.3735136967501658,1.3571680220286486,56.51387424999848,52.996230499993544,True,True,408.0,299.0,True,True,True,-0.016345674721517156,-3.517643750004936,0.9377561033164342,-109.0
v400_s0_p10,400,0.1,h2+3+4,2,1.3759387023124408,1.370019322903238,57.831837333971635,51.99273749999702,True,True,278.0,266.0,True,True,True,-0.00591937940920273,-5.839099833974615,0.8990331259881207,-12.0
v400_s0_p10,400,0.1,h2+3+4,3,1.393131003128276,1.385294891668222,60.44517687498592,63.543040374992415,True,True,333.0,193.0,True,True,True,-0.00783611146005403,3.097863500006497,1.0512507971713536,-140.0
v400_s0_p10,400,0.1,h2+3+4,4,1.3773892678244033,1.3664919583621755,58.13331583299441,63.00769462500466,True,True,323.0,218.0,True,True,True,-0.010897309462227778,4.874378792010248,1.0838482842783883,-105.0
v400_s0_p30,400,0.3,h2,0,,1.9930380108158265,5.860571124998387,2.484447208000347,True,True,532.0,336.0,False,True,False,,-3.37612391699804,0.4239257838545609,-196.0
v400_s0_p30,400,0.3,h2,1,,2.1332441126384927,8.052935041021556,3.4767891670344397,True,True,532.0,336.0,False,True,False,,-4.576145873987116,0.4317418617341028,-196.0
v400_s0_p30,400,0.3,h2,2,,2.5144785609249913,8.057687459047884,3.4664550829911605,True,True,532.0,336.0,False,True,False,,-4.591232376056723,0.4302047083122737,-196.0
v400_s0_p30,400,0.3,h2,3,,2.2559110130152176,8.254874749982264,3.3721838330384344,True,True,532.0,336.0,False,True,False,,-4.8826909169438295,0.40850817670439876,-196.0
v400_s0_p30,400,0.3,h2,4,2.1391508532304657,2.0321321334923224,8.531962790992111,3.5427149159950204,True,True,532.0,336.0,True,True,True,-0.10701871973814336,-4.9892478749970905,0.4152285942614932,-196.0
v400_s0_p30,400,0.3,h3,0,1.8456554745333533,1.7688979000662155,7.491759875032585,4.05985508399317,True,True,532.0,336.0,True,True,True,-0.07675757446713782,-3.4319047910394147,0.5419093980205169,-196.0
v400_s0_p30,400,0.3,h3,1,1.962883180964388,1.7951079251697455,10.399190915981308,5.416746417002287,True,True,532.0,336.0,True,True,True,-0.16777525579464259,-4.982444498979021,0.5208815244153195,-196.0
v400_s0_p30,400,0.3,h3,2,2.034354228331676,1.8503395699317138,10.555950792040676,5.723245000001043,True,True,532.0,336.0,True,True,True,-0.184014658399962,-4.832705792039633,0.5421818567320761,-196.0
v400_s0_p30,400,0.3,h3,3,1.8461505593766894,1.8451197555365622,10.259022291051224,5.844220290950034,True,True,532.0,336.0,True,True,True,-0.0010308038401272146,-4.41480200010119,0.5696663995016222,-196.0
v400_s0_p30,400,0.3,h3,4,1.9124033355066716,1.9096200445663547,9.935071250016335,5.388536916987505,True,True,532.0,336.0,True,True,True,-0.0027832909403169293,-4.546534333028831,0.5423752665063821,-196.0
v400_s0_p30,400,0.3,h4,0,,1.8671942866456324,16.492269208014477,8.987507249985356,True,True,280.0,232.0,False,True,False,,-7.504761958029121,0.5449527373478626,-48.0
v400_s0_p30,400,0.3,h4,1,,1.8740502917723907,22.804294500034302,12.980161208019126,True,True,308.0,229.0,False,True,False,,-9.824133292015176,0.5691981046815371,-79.0
v400_s0_p30,400,0.3,h4,2,,1.8127287620357202,21.4483739999705,12.968709541019052,True,True,355.0,204.0,False,True,False,,-8.479664458951447,0.6046476782359768,-151.0
v400_s0_p30,400,0.3,h4,3,,1.7859482742820216,23.121787708019838,12.777974082971923,True,True,259.0,241.0,False,True,False,,-10.343813625047915,0.5526378083014687,-18.0
v400_s0_p30,400,0.3,h4,4,,1.9152230476742254,22.472698750032578,12.81402570795035,True,True,296.0,243.0,False,True,False,,-9.658673042082228,0.5702041330452923,-53.0
v400_s0_p30,400,0.3,h2+3,0,2.056089911501097,1.9376787422436483,7.435609957959969,4.073049624974374,True,True,532.0,336.0,True,True,True,-0.11841116925744855,-3.362560332985595,0.5477761270430939,-196.0
v400_s0_p30,400,0.3,h2+3,1,1.973316082044067,1.9211194253889003,10.951263834023848,5.892343542014714,True,True,532.0,336.0,True,True,True,-0.052196656655166596,-5.058920292009134,0.5380514643166694,-196.0
v400_s0_p30,400,0.3,h2+3,2,2.1038974495006024,1.9198131200275435,10.257823333959095,5.959754167008214,True,True,532.0,336.0,True,True,True,-0.18408432947305897,-4.2980691669508815,0.5809959845260851,-196.0
v400_s0_p30,400,0.3,h2+3,3,2.227782512032466,1.8088340041511415,10.26492666604463,5.796651833981741,True,True,532.0,336.0,True,True,True,-0.41894850788132465,-4.468274832062889,0.564704651340228,-196.0
v400_s0_p30,400,0.3,h2+3,4,1.8631930822654554,1.7908816720332266,10.40661258297041,5.887578833033331,True,True,532.0,336.0,True,True,True,-0.07231141023222887,-4.51903374993708,0.5657536288674648,-196.0
v400_s0_p30,400,0.3,h2+3+4,0,,1.8308705439333315,18.32286604103865,10.30038454203168,True,True,283.0,233.0,False,True,False,,-8.022481499006972,0.5621601183440073,-50.0
v400_s0_p30,400,0.3,h2+3+4,1,,1.8572078288869733,26.087969167041592,15.09454087499762,True,True,309.0,230.0,False,True,False,,-10.993428292043973,0.5786016066772804,-79.0
v400_s0_p30,400,0.3,h2+3+4,2,,1.7927528645644089,24.507048166997265,15.034495041996706,True,True,356.0,205.0,False,True,False,,-9.472553125000559,0.6134763737985836,-151.0
v400_s0_p30,400,0.3,h2+3+4,3,,1.8664955769709093,26.051311250019353,14.677839583018795,True,True,260.0,241.0,False,True,False,,-11.373471667000558,0.5634203761243646,-19.0
v400_s0_p30,400,0.3,h2+3+4,4,,1.817170664498083,25.37820766697405,14.962615167023614,True,True,297.0,243.0,False,True,False,,-10.415592499950435,0.5895851812456884,-54.0
v400_s0_p50,400,0.5,h2,0,,2.644750192836355,2.6220562920207158,0.5855699579697102,True,True,441.0,116.0,False,True,False,,-2.0364863340510055,0.22332470883698477,-325.0
v400_s0_p50,400,0.5,h2,1,,,3.475013667019084,0.6071351669961587,True,True,441.0,116.0,False,False,False,,-2.8678785000229254,0.17471446882595076,-325.0
v400_s0_p50,400,0.5,h2,2,,2.9043723015020046,3.4256977499462664,0.7854572499636561,True,True,441.0,116.0,False,True,False,,-2.6402404999826103,0.2292838736213597,-325.0
v400_s0_p50,400,0.5,h2,3,,2.5782332748822423,3.546700915961992,0.7656556249712594,True,True,441.0,116.0,False,True,False,,-2.7810452909907326,0.21587826070290064,-325.0
v400_s0_p50,400,0.5,h2,4,,,3.616488334024325,0.5864498339942656,True,True,441.0,116.0,False,False,False,,-3.0300385000300594,0.16216002371053717,-325.0
v400_s0_p50,400,0.5,h3,0,,2.6206548382890777,2.722367500013206,0.7747630839585327,True,True,441.0,116.0,False,True,False,,-1.9476044160546735,0.28459165926524405,-325.0
v400_s0_p50,400,0.5,h3,1,,2.4983703181227024,3.9319660420296714,0.9597859579953365,True,True,441.0,116.0,False,True,False,,-2.972180084034335,0.2440982317079975,-325.0
v400_s0_p50,400,0.5,h3,2,,2.6787874012123707,3.7708294579642825,0.9485128749511205,True,True,441.0,116.0,False,True,False,,-2.822316583013162,0.2515395844666982,-325.0
v400_s0_p50,400,0.5,h3,3,,2.5690060948180276,3.784636749944184,1.0461026249686256,True,True,441.0,116.0,False,True,False,,-2.7385341249755584,0.27640766976752884,-325.0
v400_s0_p50,400,0.5,h3,4,,2.6235843633149014,3.6953806250239722,0.9779046250041574,True,True,441.0,116.0,False,True,False,,-2.717476000019815,0.26462893115315117,-325.0
v400_s0_p50,400,0.5,h4,0,,2.562114156250709,9.261619959026575,1.441633708018344,True,True,342.0,88.0,False,True,False,,-7.819986251008231,0.15565675490855102,-254.0
v400_s0_p50,400,0.5,h4,1,,2.521093446815188,11.699256416992284,2.0033483330043964,True,True,405.0,88.0,False,True,False,,-9.695908083987888,0.1712372360772164,-317.0
v400_s0_p50,400,0.5,h4,2,,2.4701219418179368,13.774753167002928,1.920907708001323,True,True,260.0,105.0,False,True,False,,-11.853845459001604,0.13945133424262068,-155.0
v400_s0_p50,400,0.5,h4,3,,2.55201182167219,12.584514459013008,1.9680514999781735,True,True,301.0,88.0,False,True,False,,-10.616462959034834,0.15638676457387343,-213.0
v400_s0_p50,400,0.5,h4,4,,2.5784309604745506,13.358810917008668,2.0022941660135984,True,True,292.0,88.0,False,True,False,,-11.35651675099507,0.14988565812128107,-204.0
v400_s0_p50,400,0.5,h2+3,0,,2.4828876914462352,2.9211933329934254,0.7565557089983486,True,True,441.0,116.0,False,True,False,,-2.164637623995077,0.25898857855569785,-325.0
v400_s0_p50,400,0.5,h2+3,1,,2.5768428010175755,4.0819150829920545,1.0842770840390585,True,True,441.0,116.0,False,True,False,,-2.997637998952996,0.2656295052674836,-325.0
v400_s0_p50,400,0.5,h2+3,2,,2.5391193399736736,4.052736249985173,0.984385583025869,True,True,441.0,116.0,False,True,False,,-3.0683506669593044,0.24289406522061985,-325.0
v400_s0_p50,400,0.5,h2+3,3,,2.505507959033857,4.035589000035543,1.018794749979861,True,True,441.0,116.0,False,True,False,,-3.016794250055682,0.25245255400658695,-325.0
v400_s0_p50,400,0.5,h2+3,4,,2.4718942732748186,4.092143916990608,1.0277106249704957,True,True,441.0,116.0,False,True,False,,-3.0644332920201123,0.25114234636358573,-325.0
v400_s0_p50,400,0.5,h2+3+4,0,,2.566357949293009,11.097394582990091,1.824942999985069,True,True,342.0,88.0,False,True,False,,-9.272451583005022,0.1644478788545838,-254.0
v400_s0_p50,400,0.5,h2+3+4,1,,2.5920759683788908,14.104127958009485,2.458325249957852,True,True,405.0,88.0,False,True,False,,-11.645802708051633,0.1742982804237686,-317.0
v400_s0_p50,400,0.5,h2+3+4,2,,2.6444715947792057,16.110208707978018,2.323539290984627,True,True,260.0,105.0,False,True,False,,-13.78666941699339,0.1442277585040829,-155.0
v400_s0_p50,400,0.5,h2+3+4,3,,2.507463856727539,14.97589370899368,2.347358999948483,True,True,301.0,88.0,False,True,False,,-12.628534709045198,0.15674249868231843,-213.0
v400_s0_p50,400,0.5,h2+3+4,4,,2.567596512036827,15.742915207985789,2.367536000034306,True,True,292.0,88.0,False,True,False,,-13.375379207951482,0.15038739450450347,-204.0
v400_s1_p0,400,0.0,h2,0,1.1984865757867862,1.2025823617306413,21.425098832987715,21.157044374966063,True,True,760.0,756.0,True,True,True,0.004095785943855068,-0.26805445802165195,0.9874887644574626,-4.0
v400_s1_p0,400,0.0,h2,1,1.2040237206452047,1.1895640772474279,29.502414166985545,29.371109667001292,True,True,760.0,756.0,True,True,True,-0.014459643397776833,-0.1313044999842532,0.9955493642235154,-4.0
v400_s1_p0,400,0.0,h2,2,1.200138646307876,1.1925563960015653,29.23963545798324,29.10710383299738,True,True,760.0,756.0,True,True,True,-0.007582250306310767,-0.1325316249858588,0.995467398176824,-4.0
v400_s1_p0,400,0.0,h2,3,1.1997458524135691,1.2046726925822784,29.43663520901464,28.960481791989878,True,True,760.0,756.0,True,True,True,0.004926840168709257,-0.47615341702476144,0.983824461809448,-4.0
v400_s1_p0,400,0.0,h2,4,1.2034727273221826,1.1980024072450672,29.50171349995071,28.662057042005472,True,True,760.0,756.0,True,True,True,-0.005470320077115343,-0.8396564579452388,0.9715387223882219,-4.0
v400_s1_p0,400,0.0,h3,0,1.2715209551432425,1.2722281596163088,40.499635334010236,42.35390920803184,True,True,252.0,290.0,True,True,True,0.0007072044730662697,1.854273874021601,1.0457849523515201,38.0
v400_s1_p0,400,0.0,h3,1,1.2817239803096752,1.2474794345955846,61.55417108297115,58.09159937500954,True,True,237.0,340.0,True,True,True,-0.034244545714090524,-3.462571707961615,0.9437475698715155,103.0
v400_s1_p0,400,0.0,h3,2,1.2730861612756255,1.2778732672493553,55.00371224997798,63.68461349996505,True,True,245.0,257.0,True,True,True,0.004787105973729888,8.680901249987073,1.1578239157847123,12.0
v400_s1_p0,400,0.0,h3,3,1.2772341521061745,1.2710035410503884,59.534523833950516,56.1030675409711,True,True,254.0,298.0,True,True,True,-0.0062306110557861505,-3.4314562929794192,0.9423619091579502,44.0
v400_s1_p0,400,0.0,h3,4,1.2741753598708192,1.2586514685656636,57.71975895803189,53.33208308398025,True,True,266.0,327.0,True,True,True,-0.015523891305155635,-4.387675874051638,0.9239831220147346,61.0
v400_s1_p0,400,0.0,h4,0,1.3498341188687697,1.345331088108479,86.74816158297472,81.33155937504489,True,True,190.0,172.0,True,True,True,-0.004503030760290683,-5.416602207929827,0.9375594582168887,-18.0
v400_s1_p0,400,0.0,h4,1,1.3353782827307468,1.2942673106490494,92.21362495800713,89.97898504097247,True,True,248.0,310.0,True,True,True,-0.04111097208169734,-2.234639917034656,0.9757667056462396,62.0
v400_s1_p0,400,0.0,h4,2,1.3314929739851122,1.339281691929169,105.68942237499868,123.07288070797222,True,True,180.0,184.0,True,True,True,0.007788717944056778,17.383458332973532,1.1644768032821198,4.0
v400_s1_p0,400,0.0,h4,3,1.3349289890233214,1.3118208185584912,106.25530058302684,114.13113758299733,True,True,189.0,202.0,True,True,True,-0.023108170464830158,7.875836999970488,1.0741218269277435,13.0
v400_s1_p0,400,0.0,h4,4,1.306235191000198,1.3434346454151476,91.5183630840038,113.02673049998702,True,True,231.0,175.0,True,True,True,0.03719945441494965,21.50836741598323,1.2350169593422569,-56.0
v400_s1_p0,400,0.0,h2+3,0,1.2810609320216955,1.27478339413927,41.15854550001677,43.35542383301072,True,True,252.0,290.0,True,True,True,-0.006277537882425355,2.196878332993947,1.0533759953444675,38.0
v400_s1_p0,400,0.0,h2+3,1,1.2817088553395515,1.2483067653468778,64.77724716597004,61.58915499999421,True,True,237.0,340.0,True,True,True,-0.03340208999267369,-3.1880921659758314,0.9507837658212395,103.0
v400_s1_p0,400,0.0,h2+3,2,1.2743993224266383,1.2729945876580622,57.29482750000898,65.26123833301244,True,True,245.0,257.0,True,True,True,-0.0014047347685761657,7.966410833003465,1.1390424088981195,12.0
v400_s1_p0,400,0.0,h2+3,3,1.272859166388251,1.2633660446793784,61.514301917050034,58.01325120800175,True,True,254.0,298.0,True,True,True,-0.00949312170887251,-3.501050709048286,0.9430855817274927,44.0
v400_s1_p0,400,0.0,h2+3,4,1.2809310300830759,1.2518982046292557,59.74914199998602,55.05224295903463,True,True,266.0,327.0,True,True,True,-0.029032825453820132,-4.6968990409513935,0.9213896821990767,61.0
v400_s1_p0,400,0.0,h2+3+4,0,1.348938645134866,1.35202404962822,87.59238954196917,82.83912079199217,True,True,190.0,172.0,True,True,True,0.003085404493354149,-4.753268749976996,0.9457342267423872,-18.0
v400_s1_p0,400,0.0,h2+3+4,1,1.3308114442741545,1.311444427509553,96.96508783305762,95.8484901249758,True,True,248.0,310.0,True,True,True,-0.01936701676460162,-1.1165977080818266,0.9884845387857097,62.0
v400_s1_p0,400,0.0,h2+3+4,2,1.3514387791265603,1.3437982911473831,109.2793304999941,129.03525095799705,True,True,180.0,184.0,True,True,True,-0.007640487979177157,19.755920458002947,1.1807836886226533,4.0
v400_s1_p0,400,0.0,h2+3+4,3,1.3482825132825615,1.3240610978945184,109.64782275003381,118.38236674998188,True,True,189.0,202.0,True,True,True,-0.02422141538804312,8.734543999948073,1.0796599857697164,13.0
v400_s1_p0,400,0.0,h2+3+4,4,1.3055605250629723,1.3498922473435255,95.19954104203498,116.10309229197446,True,True,231.0,175.0,True,True,True,0.044331722280553265,20.903551249939483,1.2195761767455329,-56.0
v400_s1_p10,400,0.1,h2,0,1.3220874743566884,1.3479872198017429,14.400191458000336,14.103581250004936,True,True,684.0,644.0,True,True,True,0.025899745445054467,-0.29661020799539983,0.9794023427493659,-40.0
v400_s1_p10,400,0.1,h2,1,1.3164922431798982,1.3241089595337858,17.820042333973106,20.240791834017728,True,True,684.0,644.0,True,True,True,0.007616716353887609,2.4207495000446215,1.1358442059045826,-40.0
v400_s1_p10,400,0.1,h2,2,1.3409745188299895,1.3402173600843623,18.262994874967262,18.8441241250257,True,True,684.0,644.0,True,True,True,-0.0007571587456272066,0.5811292500584386,1.031820041238416,-40.0
v400_s1_p10,400,0.1,h2,3,1.3413106105440207,1.3382333152853527,17.86558745900402,19.546244791999925,True,True,684.0,644.0,True,True,True,-0.003077295258667956,1.6806573329959065,1.094072324061691,-40.0
v400_s1_p10,400,0.1,h2,4,1.337478359147186,1.3377926930859942,18.043287957960274,18.670557375007775,True,True,684.0,644.0,True,True,True,0.00031433393880830884,0.6272694170475006,1.0347646957976284,-40.0
v400_s1_p10,400,0.1,h3,0,1.3613569775191205,1.3529582738577426,32.39970604196424,27.720402458973695,True,True,293.0,227.0,True,True,True,-0.00839870366137796,-4.679303582990542,0.8555757395783193,-66.0
v400_s1_p10,400,0.1,h3,1,1.3579282305327625,1.3573770908659388,43.71228554099798,33.74918395798886,True,True,252.0,272.0,True,True,True,-0.0005511396668236301,-9.96310158300912,0.772075482677183,20.0
v400_s1_p10,400,0.1,h3,2,1.3475864580802002,1.341636692610504,47.218569041986484,37.09297133301152,True,True,323.0,312.0,True,True,True,-0.005949765469696278,-10.125597708974965,0.7855589884570339,-11.0
v400_s1_p10,400,0.1,h3,3,1.3778660975360104,1.335017904454032,36.85266212502029,33.4404144170112,True,True,263.0,300.0,True,True,True,-0.0428481930819784,-3.4122477080090903,0.9074083794426232,37.0
v400_s1_p10,400,0.1,h3,4,1.3642303123720811,1.3549469030184795,37.0781660839566,33.87211120896973,True,True,283.0,303.0,True,True,True,-0.009283409353601613,-3.206054874986876,0.9135325391302428,20.0
v400_s1_p10,400,0.1,h4,0,1.3659872022756625,1.3523759338389798,48.971722042013425,48.6779755000025,True,True,224.0,197.0,True,True,True,-0.0136112684366827,-0.293746542010922,0.9940017109923373,-27.0
v400_s1_p10,400,0.1,h4,1,1.357702203360258,1.3633657344542656,78.83594108303078,73.6078179589822,True,True,242.0,208.0,True,True,True,0.0056635310940076344,-5.2281231240485795,0.9336835071386759,-34.0
v400_s1_p10,400,0.1,h4,2,1.3746181606531633,1.3680655747250123,77.0218810000224,72.46198320796248,True,True,239.0,231.0,True,True,True,-0.006552585928151,-4.559897792059928,0.9407973716967701,-8.0
v400_s1_p10,400,0.1,h4,3,1.3590306531045284,1.3703316366879943,71.06164345797151,68.01202949997969,True,True,233.0,236.0,True,True,True,0.011300983583465873,-3.0496139579918236,0.9570849503389901,3.0
v400_s1_p10,400,0.1,h4,4,1.3687029346749289,1.3714454610684987,70.66083704197081,68.92759245901834,True,True,247.0,199.0,True,True,True,0.0027425263935698663,-1.7332445829524659,0.9754709304968612,-48.0
v400_s1_p10,400,0.1,h2+3,0,1.379763403161235,1.3463077349977766,33.542720832978375,28.630871333007235,True,True,293.0,227.0,True,True,True,-0.03345566816345835,-4.91184949997114,0.8535643687216354,-66.0
v400_s1_p10,400,0.1,h2+3,1,1.3678918460577802,1.352876934130859,45.42711995798163,35.0256300829933,True,True,252.0,272.0,True,True,True,-0.01501491192692117,-10.401489874988329,0.7710290706386557,20.0
v400_s1_p10,400,0.1,h2+3,2,1.3354787061127695,1.3391715716393306,48.80213900003582,38.35476874996675,True,True,323.0,312.0,True,True,True,0.0036928655265611177,-10.44737025006907,0.7859239274315127,-11.0
v400_s1_p10,400,0.1,h2+3,3,1.3766054879319993,1.3523556101287229,37.927663291979115,34.68283758300822,True,True,263.0,300.0,True,True,True,-0.024249877803276476,-3.244825708970893,0.9144469912635745,37.0
v400_s1_p10,400,0.1,h2+3,4,1.353182344599548,1.3426186862368008,38.613873832975514,35.10915329202544,True,True,283.0,303.0,True,True,True,-0.010563658362747086,-3.504720540950075,0.9092367537090488,20.0
v400_s1_p10,400,0.1,h2+3+4,0,1.3627699832853932,1.3635234308096515,52.10358591703698,51.34864899999229,True,True,224.0,197.0,True,True,True,0.0007534475242583216,-0.754936917044688,0.9855108452948564,-27.0
v400_s1_p10,400,0.1,h2+3+4,1,1.3573038891884648,1.36210012405156,83.56925649999175,77.0750030829804,True,True,242.0,210.0,True,True,True,0.004796234863095217,-6.49425341701135,0.9222889649974092,-32.0
v400_s1_p10,400,0.1,h2+3+4,2,1.3753396868624668,1.3759555612457208,79.84977833402809,75.78745920798974,True,True,239.0,232.0,True,True,True,0.0006158743832540559,-4.062319126038346,0.9491254802355891,-7.0
v400_s1_p10,400,0.1,h2+3+4,3,1.3656258223904412,1.3689343460814123,74.59468479204224,72.36468112497823,True,True,234.0,237.0,True,True,True,0.0033085236909711213,-2.230003667064011,0.9701050594518779,3.0
v400_s1_p10,400,0.1,h2+3+4,4,1.3726282784577344,1.368990160663662,75.2002867499832,72.80060987500474,True,True,247.0,200.0,True,True,True,-0.003638117794072304,-2.399676874978468,0.9680895249381611,-47.0
v400_s1_p30,400,0.3,h2,0,,2.2290354541933963,6.100566709006671,2.638636542018503,True,True,532.0,339.0,False,True,False,,-3.461930166988168,0.4325231847924733,-193.0
v400_s1_p30,400,0.3,h2,1,1.933143844817851,2.199729775470008,8.481402917008381,3.623449166014325,True,True,532.0,339.0,True,True,True,0.26658593065215674,-4.8579537509940565,0.4272228546939983,-193.0
v400_s1_p30,400,0.3,h2,2,,2.2473013305649716,8.37826937501086,3.551886250032112,True,True,532.0,339.0,False,True,False,,-4.826383124978747,0.42394032598498405,-193.0
v400_s1_p30,400,0.3,h2,3,2.6865768436168,2.1005464117686534,8.49395870801527,3.5702717499807477,True,True,532.0,339.0,True,True,True,-0.5860304318481466,-4.923686958034523,0.42033071653758847,-193.0
v400_s1_p30,400,0.3,h2,4,,2.074723853784332,8.314488834002987,3.5540417499723844,True,True,532.0,339.0,False,True,False,,-4.760447084030602,0.42745162341643334,-193.0
v400_s1_p30,400,0.3,h3,0,1.8782305365799994,1.7928640065432564,21.490640124946367,4.9281167080043815,True,True,372.0,339.0,True,True,True,-0.085366530036743,-16.562523416941985,0.22931456109973272,-33.0
v400_s1_p30,400,0.3,h3,1,1.8715508544033908,1.7868497994114174,29.500290957977995,6.882510875002481,True,True,376.0,339.0,True,True,True,-0.08470105499197333,-22.617780082975514,0.23330315232505155,-37.0
v400_s1_p30,400,0.3,h3,2,1.894938705805677,1.8186277749822681,28.60939216701081,6.643163124972489,True,True,376.0,339.0,True,True,True,-0.0763109308234089,-21.96622904203832,0.23220217634097975,-37.0
v400_s1_p30,400,0.3,h3,3,1.9038332510258864,1.8613160846591774,29.468159792013466,6.483259291970171,True,True,376.0,339.0,True,True,True,-0.04251716636670899,-22.984900500043295,0.22000896349582305,-37.0
v400_s1_p30,400,0.3,h3,4,1.8948621562896315,1.8371186469419616,27.900933791999705,6.571095416962635,True,True,376.0,339.0,True,True,True,-0.05774350934766992,-21.32983837503707,0.23551525070629808,-37.0
v400_s1_p30,400,0.3,h2+3,0,1.8665145168335153,1.7868873865820685,23.197174291999545,4.916987500037067,True,True,372.0,339.0,True,True,True,-0.07962713025144685,-18.28018679196248,0.21196493323468638,-33.0
v400_s1_p30,400,0.3,h2+3,1,1.9259997255312606,1.805803576708301,31.174704834003933,7.068136167014018,True,True,376.0,339.0,True,True,True,-0.1201961488229597,-24.106568666989915,0.2267266427909983,-37.0
v400_s1_p30,400,0.3,h2+3,2,1.8814091293445834,1.8798121617465922,30.431652084051166,6.710539666994009,True,True,376.0,339.0,True,True,True,-0.0015969675979912168,-23.721112417057157,0.2205118423561012,-37.0
v400_s1_p30,400,0.3,h2+3,3,1.876152651188588,1.8478185613253002,30.355876999965403,6.866735707968473,True,True,376.0,339.0,True,True,True,-0.02833408986328778,-23.48914129199693,0.22620778533185845,-37.0
v400_s1_p30,400,0.3,h2+3,4,1.9167168682741687,1.8060829799800537,30.435552791983355,6.7653431670041755,True,True,376.0,339.0,True,True,True,-0.11063388829411491,-23.67020962497918,0.22228422178637575,-37.0
v400_s1_p50,400,0.5,h2,0,,,2.3307389579713345,0.50048779201461,True,True,444.0,126.0,False,False,False,,-1.8302511659567244,0.21473352487754893,-318.0
v400_s1_p50,400,0.5,h2,1,,3.0481171512448566,3.3699030409916304,0.8836264590499923,True,True,444.0,126.0,False,True,False,,-2.486276581941638,0.26221124118454625,-318.0
v400_s1_p50,400,0.5,h2,2,,,3.1873560000094585,0.6505154580227099,True,True,444.0,126.0,False,False,False,,-2.5368405419867486,0.20409250112656996,-318.0
v400_s1_p50,400,0.5,h2,3,,,3.2367278750170954,0.6415476659894921,True,True,444.0,126.0,False,False,False,,-2.5951802090276033,0.19820871286131944,-318.0
v400_s1_p50,400,0.5,h2,4,,,3.176133624976501,0.6529210000298917,True,True,444.0,126.0,False,False,False,,-2.523212624946609,0.20557101089684868,-318.0
v400_s1_p50,400,0.5,h3,0,,2.568845218731777,2.5177157080033794,0.7275484589627013,True,True,444.0,126.0,False,True,False,,-1.7901672490406781,0.28897164864561614,-318.0
v400_s1_p50,400,0.5,h3,1,,2.731044505300491,3.5866735000163317,0.9857135420315899,True,True,444.0,126.0,False,True,False,,-2.6009599579847418,0.2748266721314615,-318.0
v400_s1_p50,400,0.5,h3,2,,2.5805151864831926,3.289652541046962,0.9904039590037428,True,True,444.0,126.0,False,True,False,,-2.2992485820432194,0.3010664338090057,-318.0
v400_s1_p50,400,0.5,h3,3,,2.491558154473653,3.447555167018436,0.9732928749872372,True,True,444.0,126.0,False,True,False,,-2.4742622920311987,0.2823139378010227,-318.0
v400_s1_p50,400,0.5,h3,4,,2.80515268984996,3.338557875016704,0.9715481250314042,True,True,444.0,126.0,False,True,False,,-2.3670097499853,0.2910083219769084,-318.0
v400_s1_p50,400,0.5,h4,0,,2.920146426690228,9.87119520799024,1.7381158329662867,True,True,394.0,89.0,False,True,False,,-8.133079375023954,0.17607957256881807,-305.0
v400_s1_p50,400,0.5,h4,1,,2.9450124996769373,12.929884541023057,2.382605374965351,True,True,351.0,89.0,False,True,False,,-10.547279166057706,0.18427120268599329,-262.0
v400_s1_p50,400,0.5,h4,2,,2.7969487381189584,13.706738749984652,2.4820758750429377,True,True,398.0,77.0,False,True,False,,-11.224662874941714,0.18108434984548874,-321.0
v400_s1_p50,400,0.5,h4,3,,2.979712084919432,13.667265583004337,2.361340958974324,True,True,394.0,89.0,False,True,False,,-11.305924624030013,0.17277347430130602,-305.0
v400_s1_p50,400,0.5,h4,4,,2.884723360094047,12.220210750005208,2.347105792025104,True,True,363.0,89.0,False,True,False,,-9.873104957980104,0.19206753795339446,-274.0
v400_s1_p50,400,0.5,h2+3,0,,2.7639781372175958,2.6594776659621857,0.7418650839827023,True,True,444.0,126.0,False,True,False,,-1.9176125819794834,0.2789514247393761,-318.0
v400_s1_p50,400,0.5,h2+3,1,,2.407516574248654,3.90636695898138,1.0396159999654628,True,True,444.0,126.0,False,True,False,,-2.866750959015917,0.2661337275483592,-318.0
v400_s1_p50,400,0.5,h2+3,2,,3.294605418629365,3.848919041978661,0.9865773749770597,True,True,444.0,126.0,False,True,False,,-2.8623416670016013,0.2563258318028632,-318.0
v400_s1_p50,400,0.5,h2+3,3,,2.765010418249417,3.6393104169983417,0.9906517500057817,True,True,444.0,126.0,False,True,False,,-2.64865866699256,0.2722086429832108,-318.0
v400_s1_p50,400,0.5,h2+3,4,,2.6623979926225756,3.7387495830189437,1.024900374992285,True,True,444.0,126.0,False,True,False,,-2.7138492080266587,0.2741291847004913,-318.0
v400_s1_p50,400,0.5,h2+3+4,0,,2.884157776672691,11.887387999973726,2.1106643750099465,True,True,327.0,89.0,False,True,False,,-9.776723624963779,0.17755493259028912,-238.0
v400_s1_p50,400,0.5,h2+3+4,1,,3.036349824316927,17.021196624962613,2.8619503749650903,True,True,296.0,89.0,False,True,False,,-14.159246249997523,0.16814037450033725,-207.0
v400_s1_p50,400,0.5,h2+3+4,2,,2.8961335613025603,16.8105410420103,3.0291191250435077,True,True,318.0,77.0,False,True,False,,-13.781421916966792,0.18019164983884828,-241.0
v400_s1_p50,400,0.5,h2+3+4,3,,2.9589233955177257,16.485650291957427,2.8879412500537,True,True,293.0,89.0,False,True,False,,-13.597709041903727,0.17517909205332294,-204.0
v400_s1_p50,400,0.5,h2+3+4,4,,2.9403668624961212,16.551063957973383,2.89312045898987,True,True,318.0,89.0,False,True,False,,-13.657943498983514,0.17479966643450284,-229.0
v400_s2_p0,400,0.0,h2,0,1.2004360706643167,1.1958180906484361,28.528830832976382,28.71813466702588,True,True,760.0,756.0,True,True,True,-0.004617980015880541,0.1893038340494968,1.006635527237614,-4.0
v400_s2_p0,400,0.0,h2,1,1.1993217216389997,1.2095942930974568,29.64777341700392,29.598918250005227,True,True,760.0,756.0,True,True,True,0.010272571458457058,-0.04885516699869186,0.9983521471811211,-4.0
v400_s2_p0,400,0.0,h2,2,1.1922217927084275,1.1964384152808418,29.070754957967438,29.379259833018295,True,True,760.0,756.0,True,True,True,0.004216622572414286,0.30850487505085766,1.010612207199191,-4.0
v400_s2_p0,400,0.0,h2,3,1.1985568307200942,1.2007438607136043,29.03654404100962,28.834247959021013,True,True,760.0,756.0,True,True,True,0.002187029993510059,-0.2022960819886066,0.9930330523597128,-4.0
v400_s2_p0,400,0.0,h2,4,1.1971145020742031,1.1946772636335434,28.80187262495747,28.623618708981667,True,True,760.0,756.0,True,True,True,-0.0024372384406596836,-0.17825391597580165,0.9938110303348352,-4.0
v400_s2_p0,400,0.0,h3,0,1.2774084204424454,1.2638486900519792,64.86714291700628,62.40846229204908,True,True,222.0,305.0,True,True,True,-0.013559730390466207,-2.4586806249571964,0.9620966715290215,83.0
v400_s2_p0,400,0.0,h3,1,1.2774117871889237,1.2690158660976456,60.482855167007074,61.491325208044145,True,True,265.0,288.0,True,True,True,-0.008395921091278069,1.0084700410370715,1.0166736513719872,23.0
v400_s2_p0,400,0.0,h3,2,1.2620084501363376,1.2633896875534911,63.49968904204434,57.9765878340113,True,True,250.0,319.0,True,True,True,0.001381237417153569,-5.52310120803304,0.9130216022888539,69.0
v400_s2_p0,400,0.0,h3,3,1.2688236683147982,1.2458143898491771,57.53308008296881,54.85058150003897,True,True,283.0,287.0,True,True,True,-0.023009278465621064,-2.6824985829298384,0.9533746745513817,4.0
v400_s2_p0,400,0.0,h3,4,1.2937243493424158,1.2696039610325025,67.88495879096445,65.64962904196,True,True,236.0,225.0,True,True,True,-0.024120388309913254,-2.2353297490044497,0.9670717963328576,-11.0
v400_s2_p0,400,0.0,h4,0,1.3478767890080905,1.3309795812553178,90.213201666018,107.50684916600585,True,True,268.0,188.0,True,True,True,-0.016897207752772703,17.293647499987856,1.1916975252027013,-80.0
v400_s2_p0,400,0.0,h4,1,1.336182929545461,1.3047437323753184,115.04552029201295,90.41488762502559,True,True,197.0,279.0,True,True,True,-0.03143919717014265,-24.630632666987367,0.7859053303034403,82.0
v400_s2_p0,400,0.0,h4,2,1.3476544605914458,1.3047003823578296,114.03766849997919,91.00873291597236,True,True,176.0,242.0,True,True,True,-0.04295407823361619,-23.02893558400683,0.7980585197249009,66.0
v400_s2_p0,400,0.0,h4,3,1.336312031376743,1.288232862448128,111.95048037497327,79.08559545798926,True,True,180.0,325.0,True,True,True,-0.04807916892861486,-32.86488491698401,0.7064337302805267,145.0
v400_s2_p0,400,0.0,h4,4,1.325371421849662,1.331538556086637,83.63025075005135,102.6670925830258,True,True,271.0,190.0,True,True,True,0.006167134236975125,19.03684183297446,1.2276310505138928,-81.0
v400_s2_p0,400,0.0,h2+3,0,1.282084734615677,1.2653754988464465,67.47470558300847,62.93018216599012,True,True,222.0,305.0,True,True,True,-0.016709235769230446,-4.544523417018354,0.9326484883816557,83.0
v400_s2_p0,400,0.0,h2+3,1,1.2705154533282341,1.2600788914948922,61.686054833990056,62.86081666598329,True,True,265.0,288.0,True,True,True,-0.010436561833341962,1.1747618319932371,1.0190442043206485,23.0
v400_s2_p0,400,0.0,h2+3,2,1.270377623320443,1.2574810169418045,65.74974108295282,59.59809729200788,True,True,250.0,319.0,True,True,True,-0.012896606378638431,-6.151643790944945,0.9064385092682912,69.0
v400_s2_p0,400,0.0,h2+3,3,1.2694401826954305,1.2411238929760982,59.1583235830185,56.01567120797699,True,True,283.0,287.0,True,True,True,-0.02831628971933231,-3.142652375041507,0.946877257760164,4.0
v400_s2_p0,400,0.0,h2+3,4,1.2920712050777226,1.2726633399018932,69.5488528329879,66.31384620798053,True,True,236.0,225.0,True,True,True,-0.019407865175829375,-3.2350066250073723,0.9534858377495341,-11.0
v400_s2_p0,400,0.0,h2+3+4,0,1.3409919521715887,1.3231840701216773,94.451409375004,113.46380891598528,True,True,268.0,188.0,True,True,True,-0.01780788204991146,19.012399540981278,1.2012929152332246,-80.0
v400_s2_p0,400,0.0,h2+3+4,1,1.3482999223946204,1.3148562760761806,118.22377541702008,95.61278804199537,True,True,197.0,279.0,True,True,True,-0.03344364631843977,-22.610987375024706,0.8087441608486349,82.0
v400_s2_p0,400,0.0,h2+3+4,2,1.3465467626920933,1.3051229171583616,118.01271841599373,95.23292029101867,True,True,176.0,242.0,True,True,True,-0.041423845533731685,-22.77979812497506,0.8069716685562951,66.0
v400_s2_p0,400,0.0,h2+3+4,3,1.3466207688649283,1.2712417491149217,116.123451249965,91.54527295799926,True,True,180.0,402.0,True,True,True,-0.0753790197500066,-24.57817829196574,0.7883444039304408,222.0
v400_s2_p0,400,0.0,h2+3+4,4,1.3248465638378732,1.33028625047697,89.43590133299585,106.9903078750358,True,True,271.0,190.0,True,True,True,0.005439686639096664,17.554406542039942,1.1962791930354655,-81.0
v400_s2_p10,400,0.1,h2,0,1.34740726725776,1.3535985135233002,21.11770941701252,16.993137833022047,True,True,684.0,646.0,True,True,True,0.00619124626554024,-4.124571583990473,0.8046866020105523,-38.0
v400_s2_p10,400,0.1,h2,1,1.3413368545132305,1.3397169208797508,22.00171300000511,19.352979458053596,True,True,684.0,646.0,True,True,True,-0.0016199336334796754,-2.648733541951515,0.8796123946371404,-38.0
v400_s2_p10,400,0.1,h2,2,1.3365933319256686,1.347398392468276,21.326828040997498,19.066119333030656,True,True,684.0,646.0,True,True,True,0.010805060542607325,-2.2607087079668418,0.8939969552142971,-38.0
v400_s2_p10,400,0.1,h2,3,1.3401329910086037,1.3330271806345684,21.49612041702494,17.61261320800986,True,True,684.0,646.0,True,True,True,-0.007105810374035348,-3.883507209015079,0.819339158244604,-38.0
v400_s2_p10,400,0.1,h2,4,1.327475225129317,1.3446563641975915,21.158200083009433,18.50379054195946,True,True,684.0,646.0,True,True,True,0.017181139068274565,-2.654409541049972,0.8745446431815563,-38.0
v400_s2_p10,400,0.1,h3,0,1.3232427306806624,1.3465555763247241,45.50324275001185,44.02236379199894,True,True,328.0,243.0,True,True,True,0.023312845644061664,-1.4808789580129087,0.9674555291334149,-85.0
v400_s2_p10,400,0.1,h3,1,1.3231983910622525,1.3301402471768586,48.88553895894438,45.084002375020646,True,True,324.0,290.0,True,True,True,0.006941856114606182,-3.8015365839237347,0.9222359686549353,-34.0
v400_s2_p10,400,0.1,h3,2,1.350882729844296,1.3426547911823457,49.99580754095223,41.00226995901903,True,True,283.0,284.0,True,True,True,-0.008227938661950374,-8.993537581933197,0.8201141650814127,1.0
v400_s2_p10,400,0.1,h3,3,1.3484420020090284,1.360175393141801,44.79888466699049,41.33003616600763,True,True,328.0,279.0,True,True,True,0.011733391132772608,-3.4688485009828582,0.9225684182370094,-49.0
v400_s2_p10,400,0.1,h3,4,1.35585646395793,1.3420232194158845,45.43856637499994,43.31208408396924,True,True,321.0,253.0,True,True,True,-0.013833244542045486,-2.1264822910306975,0.953200937866722,-68.0
v400_s2_p10,400,0.1,h4,0,1.3378100930213606,1.3586864309181326,69.45393408299424,53.86524295801064,True,True,278.0,321.0,True,True,True,0.020876337896772013,-15.588691124983598,0.775553518590382,43.0
v400_s2_p10,400,0.1,h4,1,1.366580580859405,1.333146660816214,71.15939354203874,72.90786862501409,True,True,277.0,218.0,True,True,True,-0.03343392004319101,1.7484750829753466,1.0245712476729079,-59.0
v400_s2_p10,400,0.1,h4,2,1.3430017894451431,1.349161806105073,56.259753499994986,56.42868129198905,True,True,390.0,309.0,True,True,True,0.006160016659929823,0.16892779199406505,1.0030026401021128,-81.0
v400_s2_p10,400,0.1,h4,3,1.3593760077100658,1.3658745784042254,68.85960337502183,50.49561012495542,True,True,264.0,400.0,True,True,True,0.0064985706941596,-18.363993250066414,0.7333125323122646,136.0
v400_s2_p10,400,0.1,h4,4,1.350746759624125,1.3593158031285604,68.01630858296994,54.03882087499369,True,True,273.0,311.0,True,True,True,0.008569043504435436,-13.977487707976252,0.7944979961544699,38.0
v400_s2_p10,400,0.1,h2+3,0,1.3153495641168784,1.3398642039834954,47.547823458968196,46.16479387501022,True,True,328.0,243.0,True,True,True,0.02451463986661695,-1.3830295839579776,0.9709128729067593,-85.0
v400_s2_p10,400,0.1,h2+3,1,1.3285730690652087,1.3286660590046453,50.212405124970246,46.72589025000343,True,True,324.0,290.0,True,True,True,9.298993943662737e-05,-3.486514874966815,0.9305646708957783,-34.0
v400_s2_p10,400,0.1,h2+3,2,1.358386061876008,1.3432829525004526,51.91887808300089,42.67777762498008,True,True,283.0,284.0,True,True,True,-0.015103109375555368,-9.24110045802081,0.8220088569085143,1.0
v400_s2_p10,400,0.1,h2+3,3,1.3536595837790124,1.3623434529276728,46.85340795904631,42.96423345897347,True,True,328.0,279.0,True,True,True,0.008683869148660373,-3.8891745000728406,0.9169927083325018,-49.0
v400_s2_p10,400,0.1,h2+3,4,1.3469649592627067,1.3427215010995623,47.14250570803415,44.47692075005034,True,True,321.0,253.0,True,True,True,-0.004243458163144309,-2.6655849579838105,0.9434568672591891,-68.0
v400_s2_p10,400,0.1,h2+3+4,0,1.3589713700882708,1.3608406800138069,75.89534408401232,58.46086170797935,True,True,280.0,321.0,True,True,True,0.0018693099255360224,-17.434482376032975,0.7702825833856964,41.0
v400_s2_p10,400,0.1,h2+3+4,1,1.3514135487391552,1.3380874611538374,75.07492366700899,77.79635270801373,True,True,280.0,218.0,True,True,True,-0.013326087585317836,2.7214290410047397,1.0362495079325755,-62.0
v400_s2_p10,400,0.1,h2+3+4,2,1.35441899144546,1.3553174371801604,60.61226058303146,60.967473249998875,True,True,392.0,309.0,True,True,True,0.0008984457347003261,0.35521266696741804,1.0058604094872987,-83.0
v400_s2_p10,400,0.1,h2+3+4,3,1.3555369086078337,1.3475467647180395,73.73591387498891,55.56429054099135,True,True,265.0,400.0,True,True,True,-0.007990143889794243,-18.17162333399756,0.7535580373384192,135.0
v400_s2_p10,400,0.1,h2+3+4,4,1.3553636363965615,1.365356334050168,73.19188787502935,57.58448525000131,True,True,274.0,311.0,True,True,True,0.009992697653606442,-15.607402625028044,0.7867604856473066,37.0
v400_s2_p30,400,0.3,h2,0,,,6.863036583003122,2.964614333002828,True,True,532.0,344.0,False,False,False,,-3.8984222500002943,0.43196831273563957,-188.0
v400_s2_p30,400,0.3,h2,1,,2.238462271964522,7.200035458023194,3.3111373750143684,True,True,532.0,344.0,False,True,False,,-3.888898083008826,0.4598779262016937,-188.0
v400_s2_p30,400,0.3,h2,2,,,7.06932524999138,2.869857542042155,True,True,532.0,344.0,False,False,False,,-4.199467707949225,0.4059591885442892,-188.0
v400_s2_p30,400,0.3,h2,3,,,7.092113624967169,2.921623041969724,True,True,532.0,344.0,False,False,False,,-4.170490582997445,0.41195378366251834,-188.0
v400_s2_p30,400,0.3,h2,4,2.4467154627871235,,7.082446500018705,2.8206894579925574,True,True,532.0,344.0,True,False,False,,-4.261757042026147,0.39826484506238174,-188.0
v400_s2_p30,400,0.3,h3,0,2.0272468681064053,,26.790646041976288,12.559028457966633,True,True,329.0,241.0,True,False,False,,-14.231617584009655,0.4687840837540393,-88.0
v400_s2_p30,400,0.3,h3,1,1.992880169275516,1.9395347645691017,27.770023874996696,12.161779290996492,True,True,329.0,269.0,True,True,True,-0.05334540470641436,-15.608244584000204,0.43794630302592563,-60.0
v400_s2_p30,400,0.3,h3,2,1.993486370518758,1.9204148596547477,27.902453000016976,13.905465917021502,True,True,329.0,234.0,True,True,True,-0.07307151086401031,-13.996987082995474,0.4983599799276803,-95.0
v400_s2_p30,400,0.3,h3,3,1.8831132809365339,1.8833749887990021,28.165840500034392,12.936640208004974,True,True,329.0,241.0,True,True,True,0.0002617078624682634,-15.229200292029418,0.4593024734337034,-88.0
v400_s2_p30,400,0.3,h3,4,1.979002242820157,1.888584216840198,25.945474833017215,12.931988333992194,True,True,317.0,241.0,True,True,True,-0.09041802597995896,-13.01348649902502,0.4984294339271618,-76.0
v400_s2_p30,400,0.3,h4,0,,2.0224794008280473,23.760631292010657,12.354337833996397,True,True,383.0,280.0,False,True,False,,-11.406293458014261,0.5199498987280887,-103.0
v400_s2_p30,400,0.3,h4,1,,1.9859366828076264,25.72566433402244,13.12735091696959,True,True,334.0,257.0,False,True,False,,-12.59831341705285,0.510282290343365,-77.0
v400_s2_p30,400,0.3,h4,2,,1.9168020396061365,21.805721333017573,13.431037417030893,True,True,360.0,215.0,False,True,False,,-8.37468391598668,0.6159409822730338,-145.0
v400_s2_p30,400,0.3,h4,3,,1.9068969933892137,24.331872417009436,13.538909416005481,True,True,378.0,207.0,False,True,False,,-10.792963001003955,0.5564269442141646,-171.0
v400_s2_p30,400,0.3,h4,4,,1.9813365925455586,23.991955000034068,14.98149083298631,True,True,389.0,190.0,False,True,False,,-9.010464167047758,0.624438101562171,-199.0
v400_s2_p30,400,0.3,h2+3,0,2.0559014715225876,,28.213843083009124,13.391290292027406,True,True,329.0,241.0,True,False,False,,-14.822552790981717,0.4746354565249524,-88.0
v400_s2_p30,400,0.3,h2+3,1,2.014874475808905,2.029826631059587,28.35715437500039,13.197872416989412,True,True,329.0,269.0,True,True,True,0.014952155250682164,-15.159281958010979,0.4654159667242433,-60.0
v400_s2_p30,400,0.3,h2+3,2,2.0030916749895225,1.8921088255475111,28.154343750036787,14.797219042025972,True,True,329.0,234.0,True,True,True,-0.11098284944201131,-13.357124708010815,0.5255749938055877,-95.0
v400_s2_p30,400,0.3,h2+3,3,2.0409242707557596,1.851632826859246,28.190448624955025,13.857326207973529,True,True,329.0,241.0,True,True,True,-0.18929144389651364,-14.333122416981496,0.49156103871673085,-88.0
v400_s2_p30,400,0.3,h2+3,4,2.0172739194098117,1.8904377709406568,26.249941750022117,13.600598542019725,True,True,317.0,241.0,True,True,True,-0.12683614846915492,-12.649343208002392,0.5181191894267067,-76.0
v400_s2_p30,400,0.3,h2+3+4,0,,1.9917997617017151,27.218922208005097,14.588758750003763,True,True,382.0,280.0,False,True,False,,-12.630163458001334,0.5359785607423208,-102.0
v400_s2_p30,400,0.3,h2+3+4,1,,1.9484255721502124,28.920980374969076,14.81087754201144,True,True,336.0,257.0,False,True,False,,-14.110102832957637,0.5121153346112071,-79.0
v400_s2_p30,400,0.3,h2+3+4,2,,2.063538538109455,25.06683637498645,14.932467374950647,True,True,360.0,217.0,False,True,False,,-10.134369000035804,0.595706101542649,-143.0
v400_s2_p30,400,0.3,h2+3+4,3,,1.9115927478283963,27.242522250046022,15.504950709000695,True,True,379.0,209.0,False,True,False,,-11.737571541045327,0.569145197595443,-170.0
v400_s2_p30,400,0.3,h2+3+4,4,,1.9791804847890881,27.208114416978788,16.852654459013138,True,True,388.0,193.0,False,True,False,,-10.35545995796565,0.6193981031076711,-195.0
v400_s2_p50,400,0.5,h2,0,,2.688440451446773,4.510544708988164,0.772811750008259,True,True,437.0,103.0,False,True,False,,-3.7377329589799047,0.1713344617709424,-334.0
v400_s2_p50,400,0.5,h2,1,,2.7665883744772364,4.904430499998853,0.8261782079935074,True,True,437.0,103.0,False,True,False,,-4.078252292005345,0.16845548285243325,-334.0
v400_s2_p50,400,0.5,h2,2,,2.921830067765565,4.416113624989521,0.7975467079668306,True,True,437.0,103.0,False,True,False,,-3.61856691702269,0.18059922721502056,-334.0
v400_s2_p50,400,0.5,h2,3,,3.0800335448751452,4.763326291984413,0.776536000019405,True,True,437.0,103.0,False,True,False,,-3.986790291965008,0.16302389389661112,-334.0
v400_s2_p50,400,0.5,h2,4,,2.836891169730283,4.26450670795748,0.7920089999679476,True,True,437.0,103.0,False,True,False,,-3.4724977079895325,0.1857211288916665,-334.0
v400_s2_p50,400,0.5,h3,0,,,4.6458767500007525,0.730255207978189,True,True,437.0,103.0,False,False,False,,-3.9156215420225635,0.15718350857630278,-334.0
v400_s2_p50,400,0.5,h3,1,,3.0978579689503016,4.4991741250269115,0.8844713749713264,True,True,437.0,103.0,False,True,False,,-3.614702750055585,0.1965852732952486,-334.0
v400_s2_p50,400,0.5,h3,2,,,5.091941000020597,0.6862702909857035,True,True,437.0,103.0,False,False,False,,-4.405670709034894,0.13477577430353718,-334.0
v400_s2_p50,400,0.5,h3,3,,,4.672344500024337,0.7288602080079727,True,True,437.0,103.0,False,False,False,,-3.9434842920163646,0.15599453507851918,-334.0
v400_s2_p50,400,0.5,h3,4,2.79299622005698,,5.1358277079998516,0.6743433340452611,True,True,437.0,103.0,True,False,False,,-4.46148437395459,0.1313017827671412,-334.0
v400_s2_p50,400,0.5,h4,0,,2.7060871032707703,14.457343708025292,1.8091706660343334,True,True,235.0,75.0,False,True,False,,-12.648173041990958,0.12513852493041722,-160.0
v400_s2_p50,400,0.5,h4,1,,2.6052324350361586,13.914244500047062,1.9873864999972284,True,True,235.0,71.0,False,True,False,,-11.926858000049833,0.14283107501744033,-164.0
v400_s2_p50,400,0.5,h4,2,,2.5312519588562465,14.817591957980767,2.0428916250239126,True,True,235.0,102.0,False,True,False,,-12.774700332956854,0.1378693400936587,-133.0
v400_s2_p50,400,0.5,h4,3,,2.6176750734102963,14.481174792046659,2.03169141698163,True,True,235.0,53.0,False,True,False,,-12.449483375065029,0.14029879800204292,-182.0
v400_s2_p50,400,0.5,h4,4,,2.6947252999997517,14.353017500019632,2.0844697499996983,True,True,235.0,59.0,False,True,False,,-12.268547750019934,0.1452286775235136,-176.0
v400_s2_p50,400,0.5,h2+3,0,3.169251248965482,,5.279252916981932,0.788811375037767,True,True,437.0,103.0,True,False,False,,-4.490441541944165,0.14941723524939934,-334.0
v400_s2_p50,400,0.5,h2+3,1,,,5.227191540994681,0.7767839580192231,True,True,437.0,103.0,False,False,False,,-4.450407582975458,0.14860445650924223,-334.0
v400_s2_p50,400,0.5,h2+3,2,,,4.815764667000622,0.7635747080203146,True,True,437.0,103.0,False,False,False,,-4.052189958980307,0.15855731349428417,-334.0
v400_s2_p50,400,0.5,h2+3,3,,,4.87305729102809,0.7618788330000825,True,True,437.0,103.0,False,False,False,,-4.111178458028007,0.15634514176609354,-334.0
v400_s2_p50,400,0.5,h2+3,4,,,5.047453000035603,0.7623440419556573,True,True,437.0,103.0,False,False,False,,-4.285108958079945,0.15103539189969278,-334.0
v400_s2_p50,400,0.5,h2+3+4,0,,2.6063820345510647,16.85762991697993,2.3014165409840643,True,True,235.0,75.0,False,True,False,,-14.556213375995867,0.1365207655119983,-160.0
v400_s2_p50,400,0.5,h2+3+4,1,,2.553512417623999,15.851230875006877,2.4874154590070248,True,True,235.0,71.0,False,True,False,,-13.363815415999852,0.15692254302654876,-164.0
v400_s2_p50,400,0.5,h2+3+4,2,,2.6135699110296327,16.944970583019312,2.606779291003477,True,True,235.0,102.0,False,True,False,,-14.338191292015836,0.15383793546480104,-133.0
v400_s2_p50,400,0.5,h2+3+4,3,,2.616852515016998,16.808135416998994,2.4198182079708204,True,True,235.0,53.0,False,True,False,,-14.388317209028173,0.1439670818884244,-182.0
v400_s2_p50,400,0.5,h2+3+4,4,,2.5316525611933667,16.528631458000746,2.460314500029199,True,True,235.0,59.0,False,True,False,,-14.068316957971547,0.14885167633393354,-176.0
v400_s3_p0,400,0.0,h2,0,1.1999621667123068,1.189826667872214,28.953144458995666,28.827994999999646,True,True,760.0,756.0,True,True,True,-0.010135498840092794,-0.12514945899602026,0.9956775175431027,-4.0
v400_s3_p0,400,0.0,h2,1,1.2009386781926066,1.2044101309701585,29.542725125036668,29.20266883302247,True,True,760.0,756.0,True,True,True,0.0034714527775518977,-0.3400562920141965,0.9884893390648648,-4.0
v400_s3_p0,400,0.0,h2,2,1.1998113806237838,1.203285129879156,29.597380916005932,29.225108333979733,True,True,760.0,756.0,True,True,True,0.0034737492553722493,-0.3722725820261985,0.9874221106562548,-4.0
v400_s3_p0,400,0.0,h2,3,1.2021741930278282,1.1997018919693745,29.40733050002018,29.04251950001344,True,True,760.0,756.0,True,True,True,-0.002472301058453752,-0.36481100000673905,0.9875945557177831,-4.0
v400_s3_p0,400,0.0,h2,4,1.1916103638963034,1.2012723051723042,28.537412083009258,28.838306416000705,True,True,760.0,756.0,True,True,True,0.00966194127600084,0.3008943329914473,1.0105438549268662,-4.0
v400_s3_p0,400,0.0,h3,0,1.2844472542172576,1.2570617437423106,55.046792417007964,57.53748195798835,True,True,265.0,359.0,True,True,True,-0.027385510474946972,2.4906895409803838,1.0452467697320513,94.0
v400_s3_p0,400,0.0,h3,1,1.2734040575069756,1.2705703095843621,55.997441667015664,66.98729666694999,True,True,272.0,231.0,True,True,True,-0.002833747922613483,10.989854999934323,1.196256376590999,-41.0
v400_s3_p0,400,0.0,h3,2,1.2864429808504332,1.2740519328728452,60.66216016700491,57.995573208027054,True,True,243.0,295.0,True,True,True,-0.012391047977587943,-2.6665869589778595,0.9560420045768786,52.0
v400_s3_p0,400,0.0,h3,3,1.265402544940307,1.2722678483944367,55.02329154196195,55.93538304104004,True,True,283.0,308.0,True,True,True,0.006865303454129723,0.9120914990780875,1.0165764619585236,25.0
v400_s3_p0,400,0.0,h3,4,1.2541031869884285,1.2629094266452126,56.72602329199435,56.56237074994715,True,True,343.0,279.0,True,True,True,0.008806239656784065,-0.1636525420472026,0.9971150358768354,-64.0
v400_s3_p0,400,0.0,h4,0,1.3457036515224343,1.3497860430174937,113.47848599997815,124.08965833298862,True,True,229.0,172.0,True,True,True,0.004082391495059401,10.611172333010472,1.0935082296834002,-57.0
v400_s3_p0,400,0.0,h4,1,1.3048486608971563,1.3016565816336085,90.22319083299953,80.90127737500006,True,True,276.0,352.0,True,True,True,-0.003192079263547809,-9.321913457999472,0.8966794083435371,76.0
v400_s3_p0,400,0.0,h4,2,1.3314843396010394,1.3265335884987148,114.45800537499599,111.82272333302535,True,True,210.0,192.0,True,True,True,-0.004950751102324569,-2.6352820419706404,0.9769759919078029,-18.0
v400_s3_p0,400,0.0,h4,3,1.3430212724401926,1.3466454877630512,120.49113266699715,122.52289354201639,True,True,180.0,175.0,True,True,True,0.003624215322858504,2.031760875019245,1.016862326961723,-5.0
v400_s3_p0,400,0.0,h4,4,1.3441951986189282,1.2863396118726018,123.76596929196967,88.62811191700166,True,True,172.0,275.0,True,True,True,-0.057855586746326404,-35.13785737496801,0.7160943547246322,103.0
v400_s3_p0,400,0.0,h2+3,0,1.2839325032131486,1.245712468906799,58.16054749995237,59.93785712501267,True,True,265.0,359.0,True,True,True,-0.03822003430634946,1.7773096250602975,1.0305586811242062,94.0
v400_s3_p0,400,0.0,h2+3,1,1.2696712443810685,1.2607253861673338,57.144694832968526,69.50941912498092,True,True,272.0,231.0,True,True,True,-0.008945858213734725,12.364724292012397,1.2163757165587104,-41.0
v400_s3_p0,400,0.0,h2+3,2,1.2775018342825097,1.2741812268631114,63.05618916702224,59.67788679199293,True,True,243.0,295.0,True,True,True,-0.003320607419398325,-3.378302375029307,0.9464239368148158,52.0
v400_s3_p0,400,0.0,h2+3,3,1.2819610172838831,1.272293037741263,56.35026320797624,57.64021987497108,True,True,283.0,308.0,True,True,True,-0.00966797954262022,1.28995666699484,1.0228917593913252,25.0
v400_s3_p0,400,0.0,h2+3,4,1.2602915401495483,1.2674955691766,58.80196187499678,58.44444987497991,True,True,343.0,279.0,True,True,True,0.007204029027051639,-0.3575120000168681,0.9939200668036063,-64.0
v400_s3_p0,400,0.0,h2+3+4,0,1.3428731691552678,1.3451176043112372,117.60649979201844,129.119515458995,True,True,229.0,172.0,True,True,True,0.002244435155969393,11.513015666976571,1.0978943824307057,-57.0
v400_s3_p0,400,0.0,h2+3+4,1,1.3168058814948547,1.2845805417460274,96.04771549999714,85.31897595903138,True,True,276.0,352.0,True,True,True,-0.03222533974882724,-10.728739540965762,0.888297816505942,76.0
v400_s3_p0,400,0.0,h2+3+4,2,1.336258474851667,1.3341992619948921,118.41232008300722,116.32485441700555,True,True,210.0,192.0,True,True,True,-0.0020592128567749057,-2.0874656660016626,0.9823712121801317,-18.0
v400_s3_p0,400,0.0,h2+3+4,3,1.347026917276223,1.3473337779689798,125.89246174995787,126.99738433299353,True,True,180.0,175.0,True,True,True,0.00030686069275676076,1.104922583035659,1.0087767175863969,-5.0
v400_s3_p0,400,0.0,h2+3+4,4,1.3437507708634893,1.2906123498302748,127.3326015000348,92.7839168329956,True,True,172.0,275.0,True,True,True,-0.05313842103321442,-34.5486846670392,0.7286736918900557,103.0
v400_s3_p10,400,0.1,h2,0,1.3405614203922998,1.3444291155016457,23.751568374980707,20.02526087500155,True,True,684.0,640.0,True,True,True,0.0038676951093459255,-3.726307499979157,0.8431132024146939,-44.0
v400_s3_p10,400,0.1,h2,1,1.3212266254188074,1.3299702507548368,24.74295591696864,20.371526750037447,True,True,684.0,640.0,True,True,True,0.008743625336029348,-4.371429166931193,0.8233263163220818,-44.0
v400_s3_p10,400,0.1,h2,2,1.3288342932306836,1.3441949882395134,24.08710504201008,19.54176029097289,True,True,684.0,640.0,True,True,True,0.015360695008829861,-4.545344751037192,0.8112955150438502,-44.0
v400_s3_p10,400,0.1,h2,3,1.3482995166061134,1.350634336938486,23.103105708025396,20.457973333017435,True,True,684.0,640.0,True,True,True,0.0023348203323725336,-2.645132375007961,0.885507498063816,-44.0
v400_s3_p10,400,0.1,h2,4,1.3161942230144086,1.3526090893296692,22.803990665997844,19.344737666018773,True,True,684.0,640.0,True,True,True,0.036414866315260586,-3.4592529999790713,0.848304928262533,-44.0
v400_s3_p10,400,0.1,h3,0,1.360205805863574,1.3495006409663546,34.169920500018634,41.00981445796788,True,True,247.0,191.0,True,True,True,-0.010705164897219399,6.8398939579492435,1.2001729549808438,-56.0
v400_s3_p10,400,0.1,h3,1,1.3495642518239146,1.3398890253993765,32.761513917008415,37.130041749973316,True,True,292.0,233.0,True,True,True,-0.009675226424538108,4.368527832964901,1.1333432833424997,-59.0
v400_s3_p10,400,0.1,h3,2,1.3429416212402612,1.343627997362372,37.31775791698601,38.61696354200831,True,True,293.0,209.0,True,True,True,0.0006863761221107545,1.2992056250222959,1.0348146753058531,-84.0
v400_s3_p10,400,0.1,h3,3,1.347986164689255,1.345918344472015,36.52863220800646,38.29407900001388,True,True,251.0,201.0,True,True,True,-0.0020678202172399462,1.765446792007424,1.0483304926928108,-50.0
v400_s3_p10,400,0.1,h3,4,1.3187803220607766,1.3284885435002731,41.446278124989476,35.879459084011614,True,True,208.0,259.0,True,True,True,0.009708221439496567,-5.566819040977862,0.8656859121538003,51.0
v400_s3_p10,400,0.1,h4,0,1.3345402936951614,1.3637234245633578,55.55969324999023,70.32325604202924,True,True,276.0,224.0,True,True,True,0.02918313086819646,14.76356279203901,1.265724339506529,-52.0
v400_s3_p10,400,0.1,h4,1,1.3549810563242843,1.3540621429393864,54.95833549997769,60.70563695800956,True,True,271.0,243.0,True,True,True,-0.0009189133848979125,5.74730145803187,1.1045756099733808,-28.0
v400_s3_p10,400,0.1,h4,2,1.3515021258435564,1.3545803794790898,67.7083023749874,53.78843187500024,True,True,273.0,262.0,True,True,True,0.003078253635533379,-13.919870499987155,0.7944141263076566,-11.0
v400_s3_p10,400,0.1,h4,3,1.354459058706274,1.3499664581122177,51.462470415979624,47.88556183403125,True,True,305.0,329.0,True,True,True,-0.004492600594056206,-3.5769085819483735,0.9304948139287595,24.0
v400_s3_p10,400,0.1,h4,4,1.35744629974919,1.3580058311026362,50.28518929198617,53.3691667499952,True,True,297.0,261.0,True,True,True,0.0005595313534461077,3.0839774580090307,1.0613297374720336,-36.0
v400_s3_p10,400,0.1,h2+3,0,1.362025427856047,1.347418406965973,35.803331416042056,41.94280474999687,True,True,247.0,191.0,True,True,True,-0.014607020890074152,6.139473333954811,1.1714777114624577,-56.0
v400_s3_p10,400,0.1,h2+3,1,1.340778550337432,1.3257408426640545,34.31234766601119,38.29100650001783,True,True,292.0,233.0,True,True,True,-0.015037707673377643,3.9786588340066373,1.1159541420113255,-59.0
v400_s3_p10,400,0.1,h2+3,2,1.350467129640936,1.3379019664696223,38.66646008298267,39.887793832982425,True,True,293.0,209.0,True,True,True,-0.012565163171313731,1.2213337499997579,1.0315863864284094,-84.0
v400_s3_p10,400,0.1,h2+3,3,1.3427406978685685,1.351456230450065,37.91580045799492,40.31352845800575,True,True,251.0,201.0,True,True,True,0.008715532581496488,2.3977280000108294,1.0632382270992051,-50.0
v400_s3_p10,400,0.1,h2+3,4,1.3193284410508592,1.3272677279106422,42.651124458992854,36.77784374996554,True,True,208.0,259.0,True,True,True,0.007939286859782957,-5.873280709027313,0.8622948214489817,51.0
v400_s3_p10,400,0.1,h2+3+4,0,1.3285315523334122,1.3608393124298312,59.018933375016786,73.77556325000478,True,True,276.0,225.0,True,True,True,0.032307760096419,14.756629874987993,1.250032134285141,-51.0
v400_s3_p10,400,0.1,h2+3+4,1,1.3497842288069632,1.353665017260934,59.168759166961536,64.83287487499183,True,True,272.0,247.0,True,True,True,0.0038807884539706627,5.664115708030295,1.0957281475524503,-25.0
v400_s3_p10,400,0.1,h2+3+4,2,1.3420780535998815,1.3591392000902227,73.35220308299176,57.41872479097219,True,True,274.0,266.0,True,True,True,0.017061146490341184,-15.933478292019572,0.7827811896257267,-8.0
v400_s3_p10,400,0.1,h2+3+4,3,1.3447027951425858,1.35586418151379,56.12233662500512,51.09667187498417,True,True,307.0,331.0,True,True,True,0.011161386371204118,-5.025664750020951,0.9104516124551061,24.0
v400_s3_p10,400,0.1,h2+3+4,4,1.357523575413983,1.3686605425122216,58.34041599999182,57.3652803330333,True,True,319.0,261.0,True,True,True,0.011136967098238637,-0.975135666958522,0.9832854180032131,-58.0
v400_s3_p30,400,0.3,h2,0,,,7.972239917027764,2.9871244999812916,True,True,532.0,335.0,False,False,False,,-4.985115417046472,0.3746907432628998,-197.0
v400_s3_p30,400,0.3,h2,1,,,8.167729666980449,3.0199640840291977,True,True,532.0,335.0,False,False,False,,-5.147765582951251,0.36974339347174506,-197.0
v400_s3_p30,400,0.3,h2,2,,2.500996533257103,7.8454065000405535,3.2495606660377234,True,True,532.0,335.0,False,True,False,,-4.59584583400283,0.41419914519673723,-197.0
v400_s3_p30,400,0.3,h2,3,,,7.61929683299968,2.850264207983855,True,True,532.0,335.0,False,False,False,,-4.769032625015825,0.37408494122963837,-197.0
v400_s3_p30,400,0.3,h2,4,,,7.7259812919655815,2.9132606660132296,True,True,532.0,335.0,False,False,False,,-4.812720625952352,0.3770732229241603,-197.0
v400_s3_p30,400,0.3,h3,0,1.9231395035391865,1.861385715753583,28.209317833010573,13.603431416035164,True,True,349.0,236.0,True,True,True,-0.06175378778560359,-14.605886416975409,0.48223184610711906,-113.0
v400_s3_p30,400,0.3,h3,1,1.8382963021576049,1.8122454351971713,28.86620408395538,13.823801042046398,True,True,349.0,236.0,True,True,True,-0.026050866960433572,-15.042403041908983,0.47889223681232274,-113.0
v400_s3_p30,400,0.3,h3,2,1.885511639964763,1.841701694810118,27.977553125005215,13.644860333006363,True,True,349.0,236.0,True,True,True,-0.04380994515464498,-14.332692791998852,0.48770742287720414,-113.0
v400_s3_p30,400,0.3,h3,3,1.8737645055477024,1.8656652181370665,28.407052833994385,13.058219333004672,True,True,349.0,218.0,True,True,True,-0.008099287410635814,-15.348833500989713,0.4596822982417259,-131.0
v400_s3_p30,400,0.3,h3,4,1.9299862738733335,1.8470851483447193,26.571312458021566,13.338572582986671,True,True,349.0,236.0,True,True,True,-0.08290112552861428,-13.232739875034895,0.5019914843897714,-113.0
v400_s3_p30,400,0.3,h2+3,0,1.8868436013817589,1.859362041891783,28.423241666983813,14.453040249994956,True,True,349.0,236.0,True,True,True,-0.027481559489975993,-13.970201416988857,0.5084937326759418,-113.0
v400_s3_p30,400,0.3,h2+3,1,1.843503539108923,1.8908485982225174,29.811100082995836,14.572564499976579,True,True,349.0,236.0,True,True,True,0.047345059113594434,-15.238535583019257,0.4888301491526885,-113.0
v400_s3_p30,400,0.3,h2+3,2,1.8788224215191316,1.8139738228774736,30.02478204102954,14.49807295796927,True,True,349.0,236.0,True,True,True,-0.06484859864165804,-15.526709083060268,0.4828702149496815,-113.0
v400_s3_p30,400,0.3,h2+3,3,1.858814305667888,1.8918340105874092,29.245196542004123,13.754615292011295,True,True,349.0,218.0,True,True,True,0.03301970491952111,-15.490581249992829,0.4703204942478637,-131.0
v400_s3_p30,400,0.3,h2+3,4,1.815725747346045,1.8799791052064323,28.831819708051626,14.141300417017192,True,True,349.0,236.0,True,True,True,0.06425335786038722,-14.690519291034434,0.4904754732864838,-113.0
v400_s3_p50,400,0.5,h2,0,,2.6853433495964074,3.5142680830322206,0.7549317090306431,True,True,437.0,104.0,False,True,False,,-2.7593363740015775,0.2148190437364882,-333.0
v400_s3_p50,400,0.5,h2,1,,,3.448409917007666,0.5430975840426981,True,True,437.0,104.0,False,False,False,,-2.905312332964968,0.15749217671719473,-333.0
v400_s3_p50,400,0.5,h2,2,,,3.4934127499582246,0.5309564580093138,True,True,437.0,104.0,False,False,False,,-2.962456291948911,0.15198789722619038,-333.0
v400_s3_p50,400,0.5,h2,3,,2.9837903178246137,3.4344997910084203,0.7085711660329252,True,True,437.0,104.0,False,True,False,,-2.725928624975495,0.20630985853834574,-333.0
v400_s3_p50,400,0.5,h2,4,,,3.189952499989886,0.5024161670007743,True,True,437.0,104.0,False,False,False,,-2.6875363329891115,0.15749957624835081,-333.0
v400_s3_p50,400,0.5,h3,0,,2.662001458192255,3.6173461659927852,0.8627137090079486,True,True,437.0,104.0,False,True,False,,-2.7546324569848366,0.23849354455441668,-333.0
v400_s3_p50,400,0.5,h3,1,,2.6398792528230604,3.7354652089998126,0.834620832989458,True,True,437.0,104.0,False,True,False,,-2.9008443760103546,0.22343156375238504,-333.0
v400_s3_p50,400,0.5,h3,2,,2.7981405243916906,3.8863526249770075,0.9284679170232266,True,True,437.0,104.0,False,True,False,,-2.957884707953781,0.23890470233094704,-333.0
v400_s3_p50,400,0.5,h3,3,,2.713333639404022,3.8359143330017105,0.8549927920103073,True,True,437.0,104.0,False,True,False,,-2.980921540991403,0.2228915241027428,-333.0
v400_s3_p50,400,0.5,h3,4,,2.631526527495197,3.696252458030358,0.8615497080027126,True,True,437.0,104.0,False,True,False,,-2.8347027500276454,0.2330873547695417,-333.0
v400_s3_p50,400,0.5,h4,0,,3.1198476573840197,12.827915249974467,1.8047377080074511,True,True,526.0,105.0,False,True,False,,-11.023177541967016,0.1406883092723148,-421.0
v400_s3_p50,400,0.5,h4,1,,2.8624212980549495,12.884228334005456,1.9067419579951093,True,True,526.0,105.0,False,True,False,,-10.977486376010347,0.14799038860267855,-421.0
v400_s3_p50,400,0.5,h4,2,,3.229686557503943,12.872750209004153,1.8220740410033613,True,True,526.0,115.0,False,True,False,,-11.050676168000791,0.1415450475943259,-411.0
v400_s3_p50,400,0.5,h4,3,,3.1808010484540694,12.86465004197089,1.8455656670266762,True,True,526.0,111.0,False,True,False,,-11.019084374944214,0.14346023102109445,-415.0
v400_s3_p50,400,0.5,h4,4,,3.189306530335717,12.74135500000557,1.7612489580060355,True,True,526.0,96.0,False,True,False,,-10.980106041999534,0.13823089914732503,-430.0
v400_s3_p50,400,0.5,h2+3,0,,2.918931728660932,4.059147750027478,0.8441272920463234,True,True,437.0,104.0,False,True,False,,-3.2150204579811543,0.2079567791146822,-333.0
v400_s3_p50,400,0.5,h2+3,1,,3.0316726708818327,4.036104207974859,0.9229683749726973,True,True,437.0,104.0,False,True,False,,-3.1131358330021612,0.2286780339191992,-333.0
v400_s3_p50,400,0.5,h2+3,2,,2.7229037633701654,4.106029833026696,0.8516549579799175,True,True,437.0,104.0,False,True,False,,-3.2543748750467785,0.20741567709266576,-333.0
v400_s3_p50,400,0.5,h2+3,3,,2.7018973225343053,3.8489977910066955,0.8871115419897251,True,True,437.0,104.0,False,True,False,,-2.9618862490169704,0.23047857914142977,-333.0
v400_s3_p50,400,0.5,h2+3,4,,2.808987847641607,3.9641625419608317,0.8941059590433724,True,True,437.0,104.0,False,True,False,,-3.0700565829174593,0.22554724978585572,-333.0
v400_s3_p50,400,0.5,h2+3+4,0,,3.0328557821872004,15.398725541948806,2.2389217909658328,True,True,526.0,105.0,False,True,False,,-13.159803750982974,0.14539656446675542,-421.0
v400_s3_p50,400,0.5,h2+3+4,1,,2.842657000314171,15.365377208043355,2.176881166989915,True,True,526.0,105.0,False,True,False,,-13.18849604105344,0.1416744371137454,-421.0
v400_s3_p50,400,0.5,h2+3+4,2,,3.3370131625252513,15.392812417005189,2.2591772910091095,True,True,526.0,115.0,False,True,False,,-13.13363512599608,0.14676832470934853,-411.0
v400_s3_p50,400,0.5,h2+3+4,3,,,15.357997459010221,2.039781542029232,True,True,526.0,111.0,False,False,False,,-13.31821591698099,0.13281559314443914,-415.0
v400_s3_p50,400,0.5,h2+3+4,4,,2.961415730917167,14.904292125022039,2.1503892079927027,True,True,526.0,97.0,False,True,False,,-12.753902917029336,0.14427986179783248,-429.0
v400_s4_p0,400,0.0,h2,0,1.2007127358519323,1.1949038063433781,29.81314712500898,29.572394749964587,True,True,760.0,756.0,True,True,True,-0.0058089295085541615,-0.24075237504439428,0.9919246239239722,-4.0
v400_s4_p0,400,0.0,h2,1,1.1953464200349455,1.1981540376764486,29.167003375012428,29.027108125039376,True,True,760.0,756.0,True,True,True,0.0028076176415030574,-0.13989524997305125,0.9952036467999692,-4.0
v400_s4_p0,400,0.0,h2,2,1.1990780032192938,1.1958545634322826,29.867388999962714,28.969545750005636,True,True,760.0,756.0,True,True,True,-0.0032234397870112286,-0.8978432499570772,0.9699390110746474,-4.0
v400_s4_p0,400,0.0,h2,3,1.2053824578447054,1.2041790132068555,29.392330792034045,29.45549087499967,True,True,760.0,756.0,True,True,True,-0.0012034446378499375,0.06316008296562359,1.0021488626884514,-4.0
v400_s4_p0,400,0.0,h2,4,1.1997711112549827,1.195009512072437,28.98570495803142,28.21576366701629,True,True,760.0,756.0,True,True,True,-0.004761599182545595,-0.7699412910151295,0.973437206646175,-4.0
v400_s4_p0,400,0.0,h3,0,1.2805872128084095,1.2670834564140625,57.35324391699396,60.55493983399356,True,True,276.0,351.0,True,True,True,-0.013503756394346977,3.201695916999597,1.0558241469590341,75.0
v400_s4_p0,400,0.0,h3,1,1.2665598820504356,1.2817361521330084,62.541331208951306,63.49258662504144,True,True,260.0,247.0,True,True,True,0.01517627008257283,0.9512554160901345,1.015210028275733,-13.0
v400_s4_p0,400,0.0,h3,2,1.2845965394557963,1.2762434896163397,63.62211195897544,61.25972787500359,True,True,238.0,290.0,True,True,True,-0.008353049839456617,-2.362384083971847,0.9628685057563768,52.0
v400_s4_p0,400,0.0,h3,3,1.268632244769399,1.262301844552937,54.83897408400662,61.92574158299249,True,True,275.0,250.0,True,True,True,-0.006330400216461918,7.086767498985864,1.1292286666072526,-25.0
v400_s4_p0,400,0.0,h3,4,1.2624172137675767,1.2584919959736005,60.29705562500749,64.54417566600023,True,True,279.0,279.0,True,True,True,-0.0039252177939761435,4.2471200409927405,1.0704366075087637,0.0
v400_s4_p0,400,0.0,h4,0,1.318778742454445,1.2929514203163088,87.21744479198242,88.45227508299286,True,True,293.0,318.0,True,True,True,-0.02582732213813621,1.2348302910104394,1.014158065441559,25.0
v400_s4_p0,400,0.0,h4,1,1.3480833591550558,1.286108994809836,113.42978679097723,85.38757170800818,True,True,218.0,266.0,True,True,True,-0.061974364345219746,-28.04221508296905,0.7527790902521588,48.0
v400_s4_p0,400,0.0,h4,2,1.3402510701251658,1.2884037026838127,110.03777558298316,89.18172608298482,True,True,248.0,306.0,True,True,True,-0.0518473674413531,-20.856049499998335,0.8104646391704812,58.0
v400_s4_p0,400,0.0,h4,3,1.3169916843195044,1.2929068263085202,108.46919149998575,91.32727270800387,True,True,249.0,245.0,True,True,True,-0.024084858010984256,-17.14191879198188,0.8419650911477096,-4.0
v400_s4_p0,400,0.0,h4,4,1.3411099449081612,1.3405799379962409,120.76421537500573,111.66779441700783,True,True,181.0,181.0,True,True,True,-0.0005300069119202888,-9.096420957997907,0.9246761888051768,0.0
v400_s4_p0,400,0.0,h2+3,0,1.263343602123478,1.2485932393859405,59.19145108398516,63.248927999986336,True,True,276.0,351.0,True,True,True,-0.014750362737537603,4.057476916001178,1.0685483603070338,75.0
v400_s4_p0,400,0.0,h2+3,1,1.2655776970003487,1.2767830982844257,64.42285533400718,64.30020937498193,True,True,260.0,247.0,True,True,True,0.011205401284076988,-0.12264595902524889,0.9980962352818828,-13.0
v400_s4_p0,400,0.0,h2+3,2,1.2815983190857183,1.2628367355285797,65.7667480839882,63.36335091694491,True,True,238.0,290.0,True,True,True,-0.01876158355713864,-2.4033971670432948,0.9634557396091106,52.0
v400_s4_p0,400,0.0,h2+3,3,1.2743459720924173,1.2669443274456218,56.07967241702136,62.58139158296399,True,True,275.0,250.0,True,True,True,-0.007401644646795491,6.501719165942632,1.1159371816153696,-25.0
v400_s4_p0,400,0.0,h2+3,4,1.2734816993134381,1.2616830251967843,62.50875300000189,65.65220620797481,True,True,279.0,279.0,True,True,True,-0.011798674116653807,3.143453207972925,1.0502882085645322,0.0
v400_s4_p0,400,0.0,h2+3+4,0,1.3218225502987544,1.285959678666206,93.30787375004729,93.2450112090446,True,True,293.0,318.0,True,True,True,-0.03586287163254842,-0.06286254100268707,0.9993262889992426,25.0
v400_s4_p0,400,0.0,h2+3+4,1,1.3467630380815123,1.3014180754185245,117.83138150000013,88.646097208024,True,True,218.0,266.0,True,True,True,-0.04534496266298782,-29.18528429197613,0.7523131451023843,48.0
v400_s4_p0,400,0.0,h2+3+4,2,1.340357561257848,1.2891064023482797,113.9813969169627,94.29907612502575,True,True,248.0,306.0,True,True,True,-0.05125115890956833,-19.682320791936945,0.8273198844345114,58.0
v400_s4_p0,400,0.0,h2+3+4,3,1.3319775648488659,1.2957579184952552,113.51493304199539,95.58017037500395,True,True,249.0,245.0,True,True,True,-0.036219646353610635,-17.934762666991446,0.8420052570496923,-4.0
v400_s4_p0,400,0.0,h2+3+4,4,1.3510518310349666,1.3454035774487905,121.72503000003053,115.98184579098597,True,True,181.0,181.0,True,True,True,-0.005648253586176155,-5.743184209044557,0.952818379185915,0.0
v400_s4_p10,400,0.1,h2,0,1.328072116767334,1.3407432221631956,23.383894917031284,18.8651729170233,True,True,684.0,638.0,True,True,True,0.012671105395861693,-4.518722000007983,0.8067592239855284,-46.0
v400_s4_p10,400,0.1,h2,1,1.3407182303819722,1.3446892959486971,21.774434624996502,19.117383249977138,True,True,684.0,638.0,True,True,True,0.003971065566724885,-2.657051375019364,0.8779738064028015,-46.0
v400_s4_p10,400,0.1,h2,2,1.340113847839522,1.3208201889785327,22.78081133303931,20.105158374994062,True,True,684.0,638.0,True,True,True,-0.019293658860989327,-2.675652958045248,0.8825479514785888,-46.0
v400_s4_p10,400,0.1,h2,3,1.3239612660769564,1.3383204622034752,22.090117249987088,19.023135957948398,True,True,684.0,638.0,True,True,True,0.014359196126518814,-3.0669812920386903,0.8611604792618073,-46.0
v400_s4_p10,400,0.1,h2,4,1.3149920583014847,1.3422220539355003,21.931806000007782,18.923217208008282,True,True,684.0,638.0,True,True,True,0.027229995634015625,-3.0085887919995002,0.8628207457243406,-46.0
v400_s4_p10,400,0.1,h3,0,1.338732892579202,1.343049457420841,47.27977587503847,36.90185545897111,True,True,329.0,291.0,True,True,True,0.0043165648416390034,-10.377920416067354,0.7804997967101952,-38.0
v400_s4_p10,400,0.1,h3,1,1.340975677189877,1.340904274586346,40.767381000041496,38.244102958997246,True,True,320.0,242.0,True,True,True,-7.140260353111216e-05,-2.52327804104425,0.9381054662049132,-78.0
v400_s4_p10,400,0.1,h3,2,1.3374693800170736,1.335610519297747,40.47255691699684,34.480016665998846,True,True,292.0,254.0,True,True,True,-0.001858860719326616,-5.99254025099799,0.8519357137902654,-38.0
v400_s4_p10,400,0.1,h3,3,1.3413156623120401,1.3411155252082194,37.9515832089819,34.63179912499618,True,True,290.0,274.0,True,True,True,-0.00020013710382071892,-3.3197840839857236,0.9125258077981833,-16.0
v400_s4_p10,400,0.1,h3,4,1.3590414386794278,1.3574987942103782,35.05193958297605,38.83171741699334,True,True,276.0,311.0,True,True,True,-0.0015426444690496144,3.7797778340172954,1.107833628580515,35.0
v400_s4_p10,400,0.1,h4,0,1.3588003782986293,1.3623935564774363,71.28708062501391,64.75649429199984,True,True,240.0,236.0,True,True,True,0.0035931781788069994,-6.530586333014071,0.9083903243651339,-4.0
v400_s4_p10,400,0.1,h4,1,1.3493205032309612,1.3558320576607843,54.86555649997899,54.74046004097909,True,True,326.0,291.0,True,True,True,0.0065115544298230965,-0.12509645899990574,0.9977199454998702,-35.0
v400_s4_p10,400,0.1,h4,2,1.347686333204451,1.3636533728223437,55.716949000023305,62.269460542011075,True,True,270.0,240.0,True,True,True,0.015967039617892587,6.552511541987769,1.1176035597711036,-30.0
v400_s4_p10,400,0.1,h4,3,1.3645280123566337,1.3587639954880497,54.22305737499846,61.04312091699103,True,True,323.0,262.0,True,True,True,-0.0057640168685839654,6.8200635419925675,1.1257779231227416,-61.0
v400_s4_p10,400,0.1,h4,4,1.3561638786615222,1.3579451365899975,49.70919645798858,65.73706095799571,True,True,315.0,261.0,True,True,True,0.0017812579284752772,16.027864500007126,1.322432580730871,-54.0
v400_s4_p10,400,0.1,h2+3,0,1.3174482974923798,1.3215028822285035,48.806722667010035,38.39867195801344,True,True,329.0,291.0,True,True,True,0.004054584736123745,-10.408050708996598,0.78674964963317,-38.0
v400_s4_p10,400,0.1,h2+3,1,1.33323593366175,1.345528201494597,42.21090816700598,39.982359541987535,True,True,320.0,242.0,True,True,True,0.012292267832846981,-2.2285486250184476,0.9472044378623347,-78.0
v400_s4_p10,400,0.1,h2+3,2,1.3304628675025143,1.344998914330324,41.73783075000392,36.017832833051216,True,True,292.0,254.0,True,True,True,0.014536046827809734,-5.719997916952707,0.8629541158664034,-38.0
v400_s4_p10,400,0.1,h2+3,3,1.3403632862416854,1.330677510983954,38.961542874982115,35.36157125001773,True,True,290.0,274.0,True,True,True,-0.00968577525773151,-3.5999716249643825,0.9076019233500122,-16.0
v400_s4_p10,400,0.1,h2+3,4,1.3645198977068658,1.3710951476664919,36.66812554199714,40.560670332983136,True,True,276.0,311.0,True,True,True,0.006575249959626106,3.892544790985994,1.1061560887950965,35.0
v400_s4_p10,400,0.1,h2+3+4,0,1.3665245933150767,1.3570653913491766,75.36338829202577,69.19431033305591,True,True,240.0,236.0,True,True,True,-0.00945920196590011,-6.169077958969865,0.9181422425559571,-4.0
v400_s4_p10,400,0.1,h2+3+4,1,1.352509688386157,1.3606326631465362,58.624313250009436,73.14182399999117,True,True,326.0,233.0,True,True,True,0.008122974760379265,14.517510749981739,1.2476363465115627,-93.0
v400_s4_p10,400,0.1,h2+3+4,2,1.35566111871199,1.3654609963472775,61.49391645897413,68.99934179103002,True,True,270.0,229.0,True,True,True,0.009799877635287446,7.505425332055893,1.1220515095515695,-41.0
v400_s4_p10,400,0.1,h2+3+4,3,1.373119967643529,1.3581413298646698,58.69225729198661,68.50212254095823,True,True,323.0,249.0,True,True,True,-0.014978637778859216,9.809865248971619,1.1671407047810203,-74.0
v400_s4_p10,400,0.1,h2+3+4,4,1.3482406456670122,1.3587364099657657,58.401916875038296,67.83607716701226,True,True,279.0,236.0,True,True,True,0.01049576429875354,9.434160291973967,1.161538538403801,-43.0
v400_s4_p30,400,0.3,h2,0,,,7.557751999993343,3.0732531659887172,True,True,532.0,346.0,False,False,False,,-4.484498834004626,0.4066358840553943,-186.0
v400_s4_p30,400,0.3,h2,1,,,7.373251416021958,3.093489791965112,True,True,532.0,346.0,False,False,False,,-4.279761624056846,0.41955571801647884,-186.0
v400_s4_p30,400,0.3,h2,2,,,7.338470416027121,3.270177458995022,True,True,532.0,346.0,False,False,False,,-4.068292957032099,0.4456211272383136,-186.0
v400_s4_p30,400,0.3,h2,3,,,7.34757320798235,3.124525542021729,True,True,532.0,346.0,False,False,False,,-4.223047665960621,0.42524592182725957,-186.0
v400_s4_p30,400,0.3,h2,4,,,7.299334916984662,3.061921207990963,True,True,532.0,346.0,False,False,False,,-4.237413708993699,0.41947947899557886,-186.0
v400_s4_p30,400,0.3,h3,0,2.1917482580735115,1.846019166284828,9.955556707980577,6.215231749985833,True,True,532.0,346.0,True,True,True,-0.3457290917886835,-3.740324957994744,0.6242977597630052,-186.0
v400_s4_p30,400,0.3,h3,1,,1.8739310784425183,9.348133917024825,5.753901667019818,True,True,532.0,346.0,False,True,False,,-3.594232250005007,0.615513397442971,-186.0
v400_s4_p30,400,0.3,h3,2,1.939818159835049,1.7944237607531304,9.604254458972719,6.717143499990925,True,True,532.0,346.0,True,True,True,-0.14539439908191865,-2.8871109589817934,0.6993924961781363,-186.0
v400_s4_p30,400,0.3,h3,3,2.0676562089811044,1.8577023583139807,9.370120000035968,6.203240917006042,True,True,532.0,346.0,True,True,True,-0.2099538506671237,-3.166879083029926,0.6620236365150318,-186.0
v400_s4_p30,400,0.3,h3,4,2.2057329884331365,1.8762884698256865,9.579996708023828,6.303394875023514,True,True,532.0,346.0,True,True,True,-0.32944451860744994,-3.2766018330003135,0.6579746389415811,-186.0
v400_s4_p30,400,0.3,h4,0,,1.79140199686859,30.02494262502296,14.244341667043045,True,True,237.0,239.0,False,True,False,,-15.780600957979914,0.4744169487661811,2.0
v400_s4_p30,400,0.3,h4,1,1.8481908769423887,1.8416898024237889,27.235366333043203,13.577315917005762,True,True,242.0,257.0,True,True,True,-0.006501074518599825,-13.65805041603744,0.4985178371011348,15.0
v400_s4_p30,400,0.3,h4,2,,1.8718948110083613,30.201009874988813,13.987554458028171,True,True,237.0,234.0,False,True,False,,-16.21345541696064,0.46314856741304095,-3.0
v400_s4_p30,400,0.3,h4,3,,1.9057949405125283,30.25752383400686,13.142307791975327,True,True,240.0,275.0,False,True,False,,-17.115216042031534,0.4343484240175827,35.0
v400_s4_p30,400,0.3,h4,4,,1.8893289227180756,29.337815333041362,13.275530541955959,True,True,237.0,273.0,False,True,False,,-16.062284791085403,0.45250576402001386,36.0
v400_s4_p30,400,0.3,h2+3,0,1.9654420677742637,1.8822554175036255,9.717870833992492,6.647184333007317,True,True,532.0,346.0,True,True,True,-0.08318665027063821,-3.0706865009851754,0.6840165347491438,-186.0
v400_s4_p30,400,0.3,h2+3,1,2.045558438520245,1.8158073133912749,10.377980834047776,6.308627832971979,True,True,532.0,346.0,True,True,True,-0.22975112512897033,-4.069353001075797,0.6078858627561555,-186.0
v400_s4_p30,400,0.3,h2+3,2,1.98884949600931,1.8412702103577463,9.968008375028148,6.106879916973412,True,True,532.0,346.0,True,True,True,-0.14757928565156364,-3.8611284580547363,0.6126479520495153,-186.0
v400_s4_p30,400,0.3,h2+3,3,1.936386579750479,1.8201324641226333,9.856605292006861,6.3322090000147,True,True,532.0,346.0,True,True,True,-0.1162541156278456,-3.5243962919921614,0.642433049961913,-186.0
v400_s4_p30,400,0.3,h2+3,4,,1.8398253584014765,9.798287624958903,6.6980703749577515,True,True,532.0,346.0,False,True,False,,-3.100217250001151,0.683596015072669,-186.0
v400_s4_p30,400,0.3,h2+3+4,0,1.9465983458556053,1.834997900148177,33.528946749982424,16.33502804103773,True,True,237.0,240.0,True,True,True,-0.11160044570742822,-17.193918708944693,0.4871918036329696,3.0
v400_s4_p30,400,0.3,h2+3+4,1,2.0056226471833134,1.81592356402172,30.622026666009333,15.877193207968958,True,True,242.0,258.0,True,True,True,-0.18969908316159345,-14.744833458040375,0.5184893012190064,16.0
v400_s4_p30,400,0.3,h2+3+4,2,,1.8420788701067201,33.281528209045064,16.021808959019836,True,True,237.0,235.0,False,True,False,,-17.259719250025228,0.48140244217107553,-2.0
v400_s4_p30,400,0.3,h2+3+4,3,,1.8422929023354413,33.48315895796986,15.504815707972739,True,True,240.0,276.0,False,True,False,,-17.978343249997124,0.46306310964970016,36.0
v400_s4_p30,400,0.3,h2+3+4,4,,1.8783684072516196,32.35773208300816,15.148664832988288,True,True,237.0,274.0,False,True,False,,-17.20906725001987,0.46816213182453614,37.0
v400_s4_p50,400,0.5,h2,0,,2.624163828256567,4.324714625021443,0.8418798329657875,True,True,439.0,110.0,False,True,False,,-3.4828347920556553,0.19466714129411794,-329.0
v400_s4_p50,400,0.5,h2,1,,2.4114355064644717,4.393185542023275,0.8110577079933137,True,True,439.0,110.0,False,True,False,,-3.5821278340299614,0.18461722142966497,-329.0
v400_s4_p50,400,0.5,h2,2,,3.1792581417523964,4.288376083015464,0.8148887909483165,True,True,439.0,110.0,False,True,False,,-3.473487292067148,0.19002269744385614,-329.0
v400_s4_p50,400,0.5,h2,3,,2.459867145797449,4.2195822080248035,0.8083364999620244,True,True,439.0,110.0,False,True,False,,-3.411245708062779,0.1915678994059482,-329.0
v400_s4_p50,400,0.5,h2,4,,2.5226665673334256,4.236951791972388,0.8053386659594253,True,True,439.0,110.0,False,True,False,,-3.4316131260129623,0.19007501276867814,-329.0
v400_s4_p50,400,0.5,h3,0,,2.5617470021966393,4.539652624982409,1.050888124969788,True,True,439.0,110.0,False,True,False,,-3.4887645000126213,0.2314908676462574,-329.0
v400_s4_p50,400,0.5,h3,1,,2.442731638916399,4.588274708017707,1.0248253750032745,True,True,439.0,110.0,False,True,False,,-3.5634493330144323,0.2233574579160354,-329.0
v400_s4_p50,400,0.5,h3,2,,2.321208432169746,4.548861166986171,1.075111582991667,True,True,439.0,110.0,False,True,False,,-3.473749583994504,0.2363474160949119,-329.0
v400_s4_p50,400,0.5,h3,3,,2.5274423881444656,4.638639417011291,1.0035440829815343,True,True,439.0,110.0,False,True,False,,-3.6350953340297565,0.21634449086541094,-329.0
v400_s4_p50,400,0.5,h3,4,,2.516513238857621,4.424785375013016,1.0102678340044804,True,True,439.0,110.0,False,True,False,,-3.4145175410085358,0.2283201892027381,-329.0
v400_s4_p50,400,0.5,h4,0,,2.6505386046866177,12.903151208010968,2.140762041963171,True,True,485.0,118.0,False,True,False,,-10.762389166047797,0.16591001744086137,-367.0
v400_s4_p50,400,0.5,h4,1,,2.6465140807459777,13.154851667000912,1.9615400420152582,True,True,485.0,118.0,False,True,False,,-11.193311624985654,0.1491115287096549,-367.0
v400_s4_p50,400,0.5,h4,2,,2.5264104594885937,13.09442666702671,1.9785199170000851,True,True,432.0,118.0,False,True,False,,-11.115906750026625,0.15109633795439312,-314.0
v400_s4_p50,400,0.5,h4,3,,2.6295828287328824,12.839987540966831,1.9728910829871893,True,True,485.0,118.0,False,True,False,,-10.867096457979642,0.15365210259687165,-367.0
v400_s4_p50,400,0.5,h4,4,,2.78946523066577,12.4620458749705,1.8978995410143398,True,True,485.0,118.0,False,True,False,,-10.56414633395616,0.152294379274128,-367.0
v400_s4_p50,400,0.5,h2+3,0,,2.4601833887066697,4.862994582974352,1.078003709029872,True,True,439.0,110.0,False,True,False,,-3.78499087394448,0.22167487350367002,-329.0
v400_s4_p50,400,0.5,h2+3,1,,2.3687149817859776,4.7183344579534605,1.0407395420479588,True,True,439.0,110.0,False,True,False,,-3.6775949159055017,0.22057349925536462,-329.0
v400_s4_p50,400,0.5,h2+3,2,,2.360868108755542,4.819679041975178,1.0690621659741737,True,True,439.0,110.0,False,True,False,,-3.750616876001004,0.22181190005881715,-329.0
v400_s4_p50,400,0.5,h2+3,3,,2.4631059230667187,4.622125459020026,1.0258683339925483,True,True,439.0,110.0,False,True,False,,-3.5962571250274777,0.2219473147338694,-329.0
v400_s4_p50,400,0.5,h2+3,4,,2.5486136934748385,4.702257041994017,1.0422231669654138,True,True,439.0,110.0,False,True,False,,-3.660033875028603,0.22164317213153742,-329.0
v400_s4_p50,400,0.5,h2+3+4,0,,2.6030107159949787,15.117433167004492,2.6549022080143914,True,True,485.0,119.0,False,True,False,,-12.4625309589901,0.17561858409991293,-366.0
v400_s4_p50,400,0.5,h2+3+4,1,,2.7274285254714052,14.901119792019017,2.4462461669463664,True,True,485.0,119.0,False,True,False,,-12.45487362507265,0.16416525744974994,-366.0
v400_s4_p50,400,0.5,h2+3+4,2,,,15.39679020800395,2.268512832990382,True,True,432.0,119.0,False,False,False,,-13.128277375013568,0.14733673722534105,-313.0
v400_s4_p50,400,0.5,h2+3+4,3,,2.929410479191976,14.723678666981868,2.467752499971539,True,True,485.0,119.0,False,True,False,,-12.25592616701033,0.16760434370966823,-366.0
v400_s4_p50,400,0.5,h2+3+4,4,,2.9563257946496773,14.818653666006867,2.1497586659970693,True,True,485.0,119.0,False,True,False,,-12.668895000009798,0.14507111877028958,-366.0
v400_s5_p0,400,0.0,h2,0,1.203830091316278,1.1980949188749561,29.36436320800567,28.86813383398112,True,True,760.0,756.0,True,True,True,-0.005735172441321934,-0.49622937402455136,0.9831009659392422,-4.0
v400_s5_p0,400,0.0,h2,1,1.2020889998417092,1.1987029774440907,29.048820374999195,28.93807970796479,True,True,760.0,756.0,True,True,True,-0.0033860223976185377,-0.11074066703440621,0.9961877740436678,-4.0
v400_s5_p0,400,0.0,h2,2,1.2014427689432785,1.1940231643219743,29.676340791978873,29.136991332983598,True,True,760.0,756.0,True,True,True,-0.007419604621304199,-0.5393494589952752,0.981825607719768,-4.0
v400_s5_p0,400,0.0,h2,3,1.2049585813272448,1.2042954859904227,28.815368707990274,29.07506341696717,True,True,760.0,756.0,True,True,True,-0.0006630953368220727,0.2596947089768946,1.0090123680737384,-4.0
v400_s5_p0,400,0.0,h2,4,1.2048625327288813,1.1905931507026843,28.721508499991614,28.944221750018187,True,True,760.0,756.0,True,True,True,-0.014269382026196986,0.2227132500265725,1.0077542323386892,-4.0
v400_s5_p0,400,0.0,h3,0,1.2518842397061882,1.2761555042816344,58.82158129202435,65.71988754102495,True,True,275.0,218.0,True,True,True,0.02427126457544615,6.898306249000598,1.1172750901536193,-57.0
v400_s5_p0,400,0.0,h3,1,1.2725032762092214,1.2734739854315813,61.21278508298565,66.84753487497801,True,True,242.0,262.0,True,True,True,0.0009707092223598668,5.634749791992363,1.0920518447960403,20.0
v400_s5_p0,400,0.0,h3,2,1.2868270642933266,1.26870686610932,58.44897649995983,56.43204258399783,True,True,267.0,319.0,True,True,True,-0.018120198184006675,-2.0169339159619994,0.9654923997520575,52.0
v400_s5_p0,400,0.0,h3,3,1.2675726496904005,1.2493805461709215,62.17197575001046,54.55211124999914,True,True,259.0,335.0,True,True,True,-0.018192103519478975,-7.619864500011317,0.8774389198977638,76.0
v400_s5_p0,400,0.0,h3,4,1.276091345082147,1.2752843160635137,57.06983883300563,61.44967987498967,True,True,287.0,262.0,True,True,True,-0.0008070290186332763,4.379841041984037,1.0767452849271235,-25.0
v400_s5_p0,400,0.0,h4,0,1.3179987165301106,1.3478215761781749,103.50709470902802,113.24566999997478,True,True,241.0,204.0,True,True,True,0.029822859648064304,9.738575290946756,1.0940860654849136,-37.0
v400_s5_p0,400,0.0,h4,1,1.3354362234124193,1.3464277805767313,109.75922591699054,114.6796007079538,True,True,192.0,172.0,True,True,True,0.010991557164311994,4.920374790963251,1.0448288036823845,-20.0
v400_s5_p0,400,0.0,h4,2,1.3472318808539006,1.346202153773429,127.52582433301723,114.99874595797155,True,True,176.0,172.0,True,True,True,-0.0010297270804715541,-12.527078375045676,0.9017683011220313,-4.0
v400_s5_p0,400,0.0,h4,3,1.3395349370756577,1.350056819648346,112.96159008296672,121.76281716604717,True,True,176.0,172.0,True,True,True,0.010521882572688268,8.801227083080448,1.0779134489574396,-4.0
v400_s5_p0,400,0.0,h4,4,1.3534974950325513,1.342457921828798,110.94150279200403,112.25793000002159,True,True,172.0,172.0,True,True,True,-0.011039573203753372,1.3164272080175579,1.0118659579588138,0.0
v400_s5_p0,400,0.0,h2+3,0,1.2555764712509792,1.2749770874872735,60.77921508299187,67.79501399997389,True,True,275.0,218.0,True,True,True,0.0194006162362943,7.015798916982021,1.1154308904351955,-57.0
v400_s5_p0,400,0.0,h2+3,1,1.2717092093641733,1.272471859311231,62.74436458299169,67.51478954200866,True,True,242.0,262.0,True,True,True,0.0007626499470576587,4.770424959016964,1.0760295365284502,20.0
v400_s5_p0,400,0.0,h2+3,2,1.2882615052514668,1.2624350860021907,60.81470766599523,58.269118583004456,True,True,267.0,319.0,True,True,True,-0.02582641924927609,-2.545589082990773,0.958141884082193,52.0
v400_s5_p0,400,0.0,h2+3,3,1.267797390295576,1.246302598408588,64.66284033400007,55.902213749999646,True,True,259.0,335.0,True,True,True,-0.021494791886987885,-8.76062658400042,0.8645183765706927,76.0
v400_s5_p0,400,0.0,h2+3,4,1.2667258142725646,1.2809032994257046,59.076443874975666,62.46222437504912,True,True,287.0,262.0,True,True,True,0.01417748515313999,3.3857805000734515,1.0573118535577197,-25.0
v400_s5_p0,400,0.0,h2+3+4,0,1.3153678916386762,1.3454820161790306,106.18832433404168,116.53819212503731,True,True,241.0,204.0,True,True,True,0.030114124540354448,10.349867790995631,1.0974670977803318,-37.0
v400_s5_p0,400,0.0,h2+3+4,1,1.333934679747693,1.3526779252663919,114.55846704199212,117.34620408300543,True,True,192.0,172.0,True,True,True,0.01874324551869888,2.7877370410133153,1.0243346224246477,-20.0
v400_s5_p0,400,0.0,h2+3+4,2,1.3501714440180967,1.3455800623457908,129.70376441598637,118.90700116701191,True,True,176.0,172.0,True,True,True,-0.004591381672305994,-10.796763248974457,0.9167582891862179,-4.0
v400_s5_p0,400,0.0,h2+3+4,3,1.3514527452249052,1.3468770653880993,118.00810383399948,127.74854100000812,True,True,176.0,172.0,True,True,True,-0.004575679836805957,9.740437166008633,1.0825404090867385,-4.0
v400_s5_p0,400,0.0,h2+3+4,4,1.3478756478599732,1.3513898103550361,115.54978708398994,116.94280462496681,True,True,172.0,172.0,True,True,True,0.003514162495062978,1.3930175409768708,1.0120555612963988,0.0
v400_s5_p10,400,0.1,h2,0,1.3317113895953927,1.34411488754339,22.42840925004566,19.193359291006345,True,True,684.0,639.0,True,True,True,0.012403497947997222,-3.2350499590393156,0.8557610607612428,-45.0
v400_s5_p10,400,0.1,h2,1,1.3384570665013757,1.3327671183397005,22.050323624978773,18.682547833013814,True,True,684.0,639.0,True,True,True,-0.005689948161675229,-3.3677757919649594,0.8472686456107194,-45.0
v400_s5_p10,400,0.1,h2,2,1.3411737945125972,1.3363482419128505,20.641665083006956,18.772360209026374,True,True,684.0,639.0,True,True,True,-0.0048255525997467075,-1.8693048739805818,0.9094402090885843,-45.0
v400_s5_p10,400,0.1,h2,3,1.3354840464911801,1.3476535007204564,22.752426165970974,19.06649054196896,True,True,684.0,639.0,True,True,True,0.012169454229276289,-3.6859356240020134,0.8379981283264297,-45.0
v400_s5_p10,400,0.1,h2,4,1.343084673882704,1.340694882830821,22.359375,18.560168500000145,True,True,684.0,639.0,True,True,True,-0.0023897910518830834,-3.7992064999998547,0.8300844053109778,-45.0
v400_s5_p10,400,0.1,h3,0,1.3550443761533046,1.3305934942597313,36.1722646660055,35.479032167000696,True,True,282.0,345.0,True,True,True,-0.024450881893573362,-0.6932324990048073,0.9808352475189007,63.0
v400_s5_p10,400,0.1,h3,1,1.347036291288104,1.3498542448197062,33.223975917033385,34.89809037500527,True,True,268.0,326.0,True,True,True,0.002817953531602191,1.674114457971882,1.050388745228821,58.0
v400_s5_p10,400,0.1,h3,2,1.3482608293630873,1.3278706786068042,34.17240891698748,43.274465167021845,True,True,279.0,333.0,True,True,True,-0.020390150756283143,9.102056250034366,1.2663568808434116,54.0
v400_s5_p10,400,0.1,h3,3,1.344936503627805,1.3443158422427228,37.4870957909734,32.450431082979776,True,True,287.0,278.0,True,True,True,-0.0006206613850820997,-5.036664707993623,0.8656427071310653,-9.0
v400_s5_p10,400,0.1,h3,4,1.3510456320041648,1.3230174082457433,35.940864541975316,32.48097624996444,True,True,290.0,315.0,True,True,True,-0.02802822375842151,-3.4598882920108736,0.9037338601588153,25.0
v400_s5_p10,400,0.1,h4,0,1.3505792585727672,1.3602402743273385,53.12642083398532,61.03404524998041,True,True,303.0,267.0,True,True,True,0.009661015754571345,7.9076244159950875,1.148845419884498,-36.0
v400_s5_p10,400,0.1,h4,1,1.359999346270422,1.3651368525617276,65.84764529200038,61.98271524999291,True,True,303.0,247.0,True,True,True,0.005137506291305494,-3.8649300420074724,0.9413049620093703,-56.0
v400_s5_p10,400,0.1,h4,2,1.3620628233139538,1.3820206995712543,69.78811075002886,51.387468875036575,True,True,251.0,321.0,True,True,True,0.0199578762573005,-18.40064187499229,0.7363355781201646,70.0
v400_s5_p10,400,0.1,h4,3,1.3576544885224235,1.3684197733680799,65.70583566598361,63.581865500018466,True,True,279.0,260.0,True,True,True,0.010765284845656309,-2.1239701659651473,0.9676745582118098,-19.0
v400_s5_p10,400,0.1,h4,4,1.3525922909104695,1.3404945214982111,64.23463675001403,59.463404583977535,True,True,250.0,302.0,True,True,True,-0.012097769412258375,-4.771232166036498,0.9257218160257525,52.0
v400_s5_p10,400,0.1,h2+3,0,1.3577154276276986,1.3503396367703988,37.50272716599284,36.799712542037014,True,True,282.0,345.0,True,True,True,-0.00737579085729978,-0.7030146239558235,0.9812543066309772,63.0
v400_s5_p10,400,0.1,h2+3,1,1.3505600410712633,1.3355682662947146,35.56671008298872,36.00748579099309,True,True,268.0,326.0,True,True,True,-0.014991774776548672,0.4407757080043666,1.0123929288645448,58.0
v400_s5_p10,400,0.1,h2+3,2,1.337987820787389,1.3352177372988323,35.97413583297748,45.02864520804724,True,True,279.0,333.0,True,True,True,-0.002770083488556674,9.054509375069756,1.2516949793348333,54.0
v400_s5_p10,400,0.1,h2+3,3,1.3435827643989433,1.3398409909056253,39.239061291038524,33.80774383404059,True,True,287.0,278.0,True,True,True,-0.003741773493318057,-5.431317456997931,0.8615839095458091,-9.0
v400_s5_p10,400,0.1,h2+3,4,1.3572653370207468,1.3341111620488917,37.588578708004206,34.062315458024386,True,True,290.0,315.0,True,True,True,-0.023154174971855124,-3.52626324997982,0.906187906774221,25.0
v400_s5_p10,400,0.1,h2+3+4,0,1.3562113848199342,1.3597391499597444,57.13026216701837,64.77982087497367,True,True,304.0,268.0,True,True,True,0.003527765139810235,7.649558707955293,1.133896789858798,-36.0
v400_s5_p10,400,0.1,h2+3+4,1,1.3710197865444944,1.3657587649204466,69.97795187495649,65.6018558749929,True,True,303.0,247.0,True,True,True,-0.005261021624047846,-4.376095999963582,0.9374646458961357,-56.0
v400_s5_p10,400,0.1,h2+3+4,2,1.3651651474663613,1.3719563860618411,73.88624600000912,53.790415166993625,True,True,251.0,322.0,True,True,True,0.006791238595479809,-20.095830833015498,0.7280166212123834,71.0
v400_s5_p10,400,0.1,h2+3+4,3,1.3579895740975296,1.368560179515012,69.88238595903385,65.43700050003827,True,True,279.0,260.0,True,True,True,0.010570605417482337,-4.445385458995588,0.9363876118711582,-19.0
v400_s5_p10,400,0.1,h2+3+4,4,1.3518196867577914,1.334998859391505,68.35588258301141,63.59206537500722,True,True,250.0,302.0,True,True,True,-0.01682082736628643,-4.763817208004184,0.9303085992311049,52.0
v400_s5_p30,400,0.3,h2,0,,,7.166788583039306,3.1385549580445513,True,True,532.0,342.0,False,False,False,,-4.028233624994755,0.43793045123057706,-190.0
v400_s5_p30,400,0.3,h2,1,,2.194094548381628,7.249098040978424,3.2996534170233645,True,True,532.0,342.0,False,True,False,,-3.94944462395506,0.45518123749613465,-190.0
v400_s5_p30,400,0.3,h2,2,,2.1755968873733513,7.156935165985487,3.171788749983534,True,True,532.0,342.0,False,True,False,,-3.985146416001953,0.44317695723414996,-190.0
v400_s5_p30,400,0.3,h2,3,,,7.206843708001543,2.8927466670284048,True,True,532.0,342.0,False,False,False,,-4.314097040973138,0.40138884430318295,-190.0
v400_s5_p30,400,0.3,h2,4,,2.2170343840909967,6.9372587079997174,3.1746159589965828,True,True,532.0,342.0,False,True,False,,-3.7626427490031347,0.45761821673678776,-190.0
v400_s5_p30,400,0.3,h3,0,1.7929590327347453,1.8099234423467372,36.19124208303401,13.569936625019182,True,True,281.0,176.0,True,True,True,0.01696440961199186,-22.62130545801483,0.3749508401476111,-105.0
v400_s5_p30,400,0.3,h3,1,1.8307851858268278,1.7898858067584549,31.38935233297525,14.637501750024967,True,True,336.0,198.0,True,True,True,-0.04089937906837293,-16.751850582950283,0.4663206043486258,-138.0
v400_s5_p30,400,0.3,h3,2,1.7616117108889195,1.792295174674822,36.47159258299507,13.933660749986302,True,True,253.0,190.0,True,True,True,0.030683463785902365,-22.53793183300877,0.38204146743191275,-63.0
v400_s5_p30,400,0.3,h3,3,1.9050072326573246,1.7337193984007158,31.916405708005186,14.363404000003356,True,True,336.0,192.0,True,True,True,-0.17128783425660887,-17.55300170800183,0.45003200333428417,-144.0
v400_s5_p30,400,0.3,h3,4,1.7522674830624345,1.8174776943081214,32.622027459030505,11.458306042011827,True,True,287.0,168.0,True,True,True,0.06521021124568693,-21.163721417018678,0.35124444844521496,-119.0
v400_s5_p30,400,0.3,h4,0,,1.8636006536724945,23.92071129201213,12.555207416997291,True,True,317.0,224.0,False,True,False,,-11.365503875014838,0.5248676456034093,-93.0
v400_s5_p30,400,0.3,h4,1,,1.771627346463212,22.227666791004594,12.201172082975972,True,True,328.0,266.0,False,True,False,,-10.026494708028622,0.5489182556899636,-62.0
v400_s5_p30,400,0.3,h4,2,,1.8998011317370223,24.710230958997272,13.864030417054892,True,True,348.0,220.0,False,True,False,,-10.84620054194238,0.5610643801775896,-128.0
v400_s5_p30,400,0.3,h4,3,,1.9543695559013354,23.511147500015795,13.606749958009459,True,True,317.0,203.0,False,True,False,,-9.904397542006336,0.5787361062662006,-114.0
v400_s5_p30,400,0.3,h4,4,,1.8108439448938312,21.84254799998598,12.597816584049724,True,True,336.0,213.0,False,True,False,,-9.244731415936258,0.5767558154871771,-123.0
v400_s5_p30,400,0.3,h2+3,0,1.8231842296789857,1.8303266691059799,37.612886582966894,14.275757999974303,True,True,281.0,176.0,True,True,True,0.007142439426994107,-23.33712858299259,0.37954433431969353,-105.0
v400_s5_p30,400,0.3,h2+3,1,1.846992058428873,1.7698375703370972,31.53211204201216,15.441357792005874,True,True,336.0,198.0,True,True,True,-0.07715448809177583,-16.090754250006285,0.4897026171742765,-138.0
v400_s5_p30,400,0.3,h2+3,2,1.7794944044355043,1.7776133087483974,37.05316704197321,14.678915957978461,True,True,253.0,190.0,True,True,True,-0.0018810956871069262,-22.37425108399475,0.3961581999549574,-63.0
v400_s5_p30,400,0.3,h2+3,3,1.9137737124359617,1.7393861854088464,31.506240249960683,15.167365708039142,True,True,336.0,192.0,True,True,True,-0.17438752702711535,-16.33887454192154,0.4814083047582318,-144.0
v400_s5_p30,400,0.3,h2+3,4,1.7971207296726481,1.7560259296872152,33.37587074999465,12.266796040988993,True,True,287.0,168.0,True,True,True,-0.04109479998543297,-21.109074709005654,0.36753486172314953,-119.0
v400_s5_p30,400,0.3,h2+3+4,0,,1.833757064870861,26.75024412496714,14.342206374974921,True,True,318.0,225.0,False,True,False,,-12.408037749992218,0.5361523546466902,-93.0
v400_s5_p30,400,0.3,h2+3+4,1,1.814736868526614,1.842484876672132,25.640612332965247,14.381066750036553,True,True,329.0,266.0,True,True,True,0.02774800814551792,-11.259545582928695,0.5608706439333866,-63.0
v400_s5_p30,400,0.3,h2+3+4,2,,1.9316012188430314,27.37025141698541,15.383657291997224,True,True,349.0,221.0,False,True,False,,-11.986594124988187,0.5620575806055784,-128.0
v400_s5_p30,400,0.3,h2+3+4,3,,2.0090365686969482,26.805918416008353,15.430029000039212,True,True,318.0,204.0,False,True,False,,-11.37588941596914,0.5756202328372558,-114.0
v400_s5_p30,400,0.3,h2+3+4,4,1.9537169241786212,1.806818910560806,25.012674916011747,14.432273707992863,True,True,337.0,213.0,True,True,True,-0.1468980136178153,-10.580401208018884,0.576998412063242,-124.0
v400_s5_p50,400,0.5,h2,0,,,3.282755249994807,0.4684618749888614,True,True,433.0,92.0,False,False,False,,-2.8142933750059456,0.14270386894959727,-341.0
v400_s5_p50,400,0.5,h2,1,,3.0058334063803773,3.4206899169948883,0.6726627920288593,True,True,433.0,92.0,False,True,False,,-2.748027124966029,0.1966453576183253,-341.0
v400_s5_p50,400,0.5,h2,2,,2.8133768000903836,3.391539875010494,0.6229089159751311,True,True,433.0,92.0,False,True,False,,-2.768630959035363,0.18366551446581583,-341.0
v400_s5_p50,400,0.5,h2,3,,3.6516451978217987,3.1925749580259435,0.6463340420159511,True,True,433.0,92.0,False,True,False,,-2.5462409160099924,0.20244913604647113,-341.0
v400_s5_p50,400,0.5,h2,4,,,3.2264233339810744,0.46966520801652223,True,True,433.0,92.0,False,False,False,,-2.756758125964552,0.14556837692994357,-341.0
v400_s5_p50,400,0.5,h3,0,,3.2858438088520088,3.49375558400061,0.6852477080537938,True,True,433.0,92.0,False,True,False,,-2.808507875946816,0.19613498757378275,-341.0
v400_s5_p50,400,0.5,h3,1,,2.9005481508153412,3.589146000042092,0.7036049169837497,True,True,433.0,92.0,False,True,False,,-2.8855410830583423,0.19603686140811719,-341.0
v400_s5_p50,400,0.5,h3,2,,2.804230644761194,3.464563416026067,0.7058778339996934,True,True,433.0,92.0,False,True,False,,-2.7586855820263736,0.20374221777396453,-341.0
v400_s5_p50,400,0.5,h3,3,,,3.4923500000149943,0.5472318340325728,True,True,433.0,92.0,False,False,False,,-2.9451181659824215,0.1566944418601295,-341.0
v400_s5_p50,400,0.5,h3,4,,2.859478402137428,3.497484416991938,0.6914832910406403,True,True,433.0,92.0,False,True,False,,-2.8060011259512976,0.19770875537891905,-341.0
v400_s5_p50,400,0.5,h2+3,0,,2.9204242553720468,3.8612991659902036,0.7335290829651058,True,True,433.0,92.0,False,True,False,,-3.127770083025098,0.1899695028621273,-341.0
v400_s5_p50,400,0.5,h2+3,1,,2.850461997524759,3.8525038749794476,0.7471292920527048,True,True,433.0,92.0,False,True,False,,-3.1053745829267427,0.19393343038667044,-341.0
v400_s5_p50,400,0.5,h2+3,2,,,3.729476624983363,0.570573166012764,True,True,433.0,92.0,False,False,False,,-3.158903458970599,0.152990144030011,-341.0
v400_s5_p50,400,0.5,h2+3,3,,3.2706670807407763,3.862289290991612,0.7164458750048652,True,True,433.0,92.0,False,True,False,,-3.1458434159867465,0.1854977245427733,-341.0
v400_s5_p50,400,0.5,h2+3,4,,2.901379200402191,3.8024505830253474,0.7468696670257486,True,True,433.0,92.0,False,True,False,,-3.055580915999599,0.19641798117242487,-341.0
v400_s6_p0,400,0.0,h2,0,1.201926871927996,1.1905014844139965,28.858301875006873,28.74059533397667,True,True,760.0,756.0,True,True,True,-0.011425387513999574,-0.11770654103020206,0.9959212242792379,-4.0
v400_s6_p0,400,0.0,h2,1,1.199650427021705,1.2029385695931327,29.523722291982267,29.09259999997448,True,True,760.0,756.0,True,True,True,0.0032881425714277324,-0.4311222920077853,0.985397427609429,-4.0
v400_s6_p0,400,0.0,h2,2,1.198368490347921,1.2003258182790635,29.2669483749778,29.183027082995977,True,True,760.0,756.0,True,True,True,0.0019573279311424496,-0.08392129198182374,0.9971325574874907,-4.0
v400_s6_p0,400,0.0,h2,3,1.20253299588009,1.2012806953595565,29.153504208952654,28.88659241696587,True,True,760.0,756.0,True,True,True,-0.0012523005205336002,-0.26691179198678583,0.9908446068756008,-4.0
v400_s6_p0,400,0.0,h2,4,1.1969090989008038,1.2026116883758138,28.712968167033978,28.51604583399603,True,True,760.0,756.0,True,True,True,0.0057025894750100115,-0.19692233303794637,0.993141693610623,-4.0
v400_s6_p0,400,0.0,h3,0,1.2742451533179273,1.2830372167578064,56.80565920798108,65.68686791602522,True,True,281.0,225.0,True,True,True,0.008792063439879039,8.881208708044142,1.1563437310977698,-56.0
v400_s6_p0,400,0.0,h3,1,1.265412916761066,1.2807737660801541,52.74512391700409,66.8119979170151,True,True,286.0,248.0,True,True,True,0.01536084931908821,14.066874000011012,1.266695249823389,-38.0
v400_s6_p0,400,0.0,h3,2,1.2674114269755172,1.2757492228391116,57.784635582997,57.92724033398554,True,True,290.0,311.0,True,True,True,0.0083377958635944,0.1426047509885393,1.0024678662338142,21.0
v400_s6_p0,400,0.0,h3,3,1.2724232502308597,1.2725866688504768,58.57825691701146,54.96040679200087,True,True,280.0,278.0,True,True,True,0.00016341861961710613,-3.617850125010591,0.9382390273214165,-2.0
v400_s6_p0,400,0.0,h3,4,1.2690854397168587,1.2594521216896517,60.188976000004914,58.14333858399186,True,True,317.0,332.0,True,True,True,-0.009633318027207016,-2.045637416013051,0.9660130882437196,15.0
v400_s6_p0,400,0.0,h4,0,1.2928659399053637,1.3459862311424153,90.19638137501897,110.9536454170011,True,True,276.0,175.0,True,True,True,0.05312029123705164,20.757264041982125,1.2301341109869748,-101.0
v400_s6_p0,400,0.0,h4,1,1.3285913533869733,1.297672877438422,86.47165862499969,112.15940070897341,True,True,286.0,248.0,True,True,True,-0.03091847594855124,25.687742083973717,1.2970654488700553,-38.0
v400_s6_p0,400,0.0,h4,2,1.3081117202158206,1.3169633453375518,94.84043545799796,111.10463687498122,True,True,244.0,219.0,True,True,True,0.00885162512173121,16.26420141698327,1.1714901596396212,-25.0
v400_s6_p0,400,0.0,h4,3,1.2883391169194789,1.29427237437482,85.84607866697479,79.67260025005089,True,True,317.0,338.0,True,True,True,0.005933257455341012,-6.173478416923899,0.9280866579721964,21.0
v400_s6_p0,400,0.0,h4,4,1.30805317880433,1.3442480408534532,90.66886625002371,125.77206154202577,True,True,244.0,181.0,True,True,True,0.036194862049123255,35.103195292002056,1.3871582026315772,-63.0
v400_s6_p0,400,0.0,h2+3,0,1.2699012778481733,1.277648077957495,58.59250975004397,66.65222695795819,True,True,281.0,225.0,True,True,True,0.0077468001093217165,8.059717207914218,1.1375554186413421,-56.0
v400_s6_p0,400,0.0,h2+3,1,1.2694567423421792,1.2779497592305133,54.116544332995545,69.07397729199147,True,True,286.0,248.0,True,True,True,0.008493016888334148,14.957432958995923,1.276392980064623,-38.0
v400_s6_p0,400,0.0,h2+3,2,1.266531347605278,1.2635179709654645,60.69849995902041,60.65940879203845,True,True,290.0,311.0,True,True,True,-0.003013376639813492,-0.03909116698196158,0.9993559780388585,21.0
v400_s6_p0,400,0.0,h2+3,3,1.2691669688217473,1.2673543476625722,60.48196125001414,57.486876584007405,True,True,280.0,278.0,True,True,True,-0.0018126211591751318,-2.9950846660067327,0.950479703301519,-2.0
v400_s6_p0,400,0.0,h2+3,4,1.2750149159633417,1.2549023508153467,61.68606383295264,59.350732457998674,True,True,317.0,332.0,True,True,True,-0.020112565147994976,-2.3353313749539666,0.962141669773612,15.0
v400_s6_p0,400,0.0,h2+3+4,0,1.2893613557392787,1.3469449306011276,95.70482820802135,115.38600762496935,True,True,276.0,175.0,True,True,True,0.05758357486184895,19.681179416947998,1.205644582258374,-101.0
v400_s6_p0,400,0.0,h2+3+4,1,1.313181755210827,1.3004004626915582,91.4857704169699,118.21400254202308,True,True,286.0,248.0,True,True,True,-0.012781292519268739,26.728232125053182,1.2921572612137646,-38.0
v400_s6_p0,400,0.0,h2+3+4,2,1.311938166546279,1.310175713027673,98.11912350001512,114.90635791700333,True,True,244.0,219.0,True,True,True,-0.0017624535186060442,16.787234416988213,1.1710903422102585,-25.0
v400_s6_p0,400,0.0,h2+3+4,3,1.3137459810333743,1.2973059152482278,89.7783317079884,90.20605654199608,True,True,317.0,344.0,True,True,True,-0.01644006578514645,0.4277248340076767,1.0047642323695531,27.0
v400_s6_p0,400,0.0,h2+3+4,4,1.316935972106987,1.34227607732147,95.70302629098296,127.82209987496026,True,True,244.0,181.0,True,True,True,0.025340105214482822,32.1190735839773,1.3356118905406393,-63.0
v400_s6_p10,400,0.1,h2,0,1.3308162271520756,1.3489035689169344,16.165289374999702,15.867692416999489,True,True,684.0,645.0,True,True,True,0.018087341764858822,-0.2975969580002129,0.9815903723653435,-39.0
v400_s6_p10,400,0.1,h2,1,1.3351157071925024,1.3342653900337667,16.805432499968447,16.0330582089955,True,True,684.0,645.0,True,True,True,-0.0008503171587357361,-0.7723742909729481,0.9540402015256437,-39.0
v400_s6_p10,400,0.1,h2,2,1.3491367386475976,1.3501826671651416,16.19436158397002,15.853295625012834,True,True,684.0,645.0,True,True,True,0.001045928517543926,-0.34106595895718783,0.9789392155295092,-39.0
v400_s6_p10,400,0.1,h2,3,1.3301081188065256,1.3297824217069885,15.784196416963823,15.58200295799179,True,True,684.0,645.0,True,True,True,-0.00032569709953711445,-0.2021934589720331,0.9871901328625936,-39.0
v400_s6_p10,400,0.1,h2,4,1.3439353876806082,1.3537916178613254,16.874727542046458,15.41698387498036,True,True,684.0,645.0,True,True,True,0.00985623018071724,-1.4577436670660973,0.9136137953377995,-39.0
v400_s6_p10,400,0.1,h3,0,1.3578361377960921,1.3516707594651252,35.96088608301943,33.41979000001447,True,True,300.0,263.0,True,True,True,-0.006165378330966975,-2.541096083004959,0.9293372227497795,-37.0
v400_s6_p10,400,0.1,h3,1,1.361285668196406,1.3481769558609948,35.24398516694782,31.827684083022177,True,True,285.0,289.0,True,True,True,-0.013108712335411221,-3.416301083925646,0.9030671171905529,4.0
v400_s6_p10,400,0.1,h3,2,1.350612768608599,1.3555945974081172,37.16507599997567,38.60265320795588,True,True,287.0,215.0,True,True,True,0.004981828799518251,1.4375772079802118,1.0386808628611752,-72.0
v400_s6_p10,400,0.1,h3,3,1.3539486784680572,1.3510223924905178,35.74513145897072,34.94465374998981,True,True,261.0,285.0,True,True,True,-0.0029262859775394112,-0.8004777089809068,0.9776059654473583,24.0
v400_s6_p10,400,0.1,h3,4,1.3504775773197595,1.3511442917679095,35.81787199998507,37.981667958025355,True,True,287.0,231.0,True,True,True,0.0006667144481500298,2.163795958040282,1.0604110695923303,-56.0
v400_s6_p10,400,0.1,h4,0,1.378726008177351,1.3521098806741108,75.3326726660016,49.426570584008005,True,True,235.0,295.0,True,True,True,-0.02661612750324016,-25.906102081993595,0.6561106732950777,60.0
v400_s6_p10,400,0.1,h4,1,1.375108835466093,1.364054427375582,69.42824483301956,60.68233054201119,True,True,225.0,256.0,True,True,True,-0.011054408090511059,-8.745914291008376,0.8740294485040924,31.0
v400_s6_p10,400,0.1,h4,2,1.3629331722166302,1.3813464923609131,54.592626540979836,51.71154041698901,True,True,286.0,352.0,True,True,True,0.018413320144282874,-2.8810861239908263,0.9472257279684437,66.0
v400_s6_p10,400,0.1,h4,3,1.373716249829442,1.3599527091145682,73.90820795798209,46.526319042022806,True,True,232.0,319.0,True,True,True,-0.013763540714873734,-27.38188891595928,0.6295149121796284,87.0
v400_s6_p10,400,0.1,h4,4,1.3835268824366211,1.3687606598396562,52.72365850000642,50.38787491602125,True,True,326.0,266.0,True,True,True,-0.014766222596964917,-2.335783583985176,0.9556976194285741,-60.0
v400_s6_p10,400,0.1,h2+3,0,1.3338548638050347,1.3535905217814501,38.058069374994375,34.90895983396331,True,True,300.0,263.0,True,True,True,0.01973565797641541,-3.1491095410310663,0.9172551421355033,-37.0
v400_s6_p10,400,0.1,h2+3,1,1.3697415970066005,1.355054495077752,36.435513207979966,33.64039175002836,True,True,285.0,289.0,True,True,True,-0.014687101928848367,-2.795121457951609,0.9232857942195958,4.0
v400_s6_p10,400,0.1,h2+3,2,1.3528082950406517,1.3528742332720978,38.69405716599431,40.00611429102719,True,True,287.0,215.0,True,True,True,6.593823144607214e-05,1.3120571250328794,1.0339084919269195,-72.0
v400_s6_p10,400,0.1,h2+3,3,1.3421027207756857,1.3557687039510238,37.45733175001806,36.28779149998445,True,True,261.0,285.0,True,True,True,0.01366598317533807,-1.1695402500336058,0.9687767335420777,24.0
v400_s6_p10,400,0.1,h2+3,4,1.358865552341122,1.3517911628073145,37.38762737502111,39.7568982920493,True,True,287.0,231.0,True,True,True,-0.007074389533807457,2.3692709170281887,1.0633704539007767,-56.0
v400_s6_p10,400,0.1,h2+3+4,0,1.3772839690027752,1.3537927073912506,78.68507970904466,53.78437499998836,True,True,235.0,296.0,True,True,True,-0.023491261611524594,-24.9007047090563,0.6835396901022136,61.0
v400_s6_p10,400,0.1,h2+3+4,1,1.3762775673410037,1.3731088899700408,74.15228375000879,66.537350708968,True,True,226.0,256.0,True,True,True,-0.0031686773709629357,-7.614933041040786,0.8973068305392565,30.0
v400_s6_p10,400,0.1,h2+3+4,2,1.357418719731255,1.360870090460377,60.46918083302444,56.18816279200837,True,True,287.0,268.0,True,True,True,0.0034513707291219387,-4.281018041016068,0.929203306840928,-19.0
v400_s6_p10,400,0.1,h2+3+4,3,1.3801093432066434,1.370692809758666,79.10051179199945,50.291865542007145,True,True,232.0,334.0,True,True,True,-0.009416533447977438,-28.808646249992307,0.6357969677143589,102.0
v400_s6_p10,400,0.1,h2+3+4,4,1.3845567812908928,1.379832092601005,56.99291266599903,55.4821829169523,True,True,327.0,266.0,True,True,True,-0.004724688689887735,-1.5107297490467317,0.9734926734153735,-61.0
v400_s6_p30,400,0.3,h2,0,,,6.007549665984698,2.819635334017221,True,True,532.0,354.0,False,False,False,,-3.1879143319674768,0.4693486514114494,-178.0
v400_s6_p30,400,0.3,h2,1,,,6.156814583984669,2.8266862079617567,True,True,532.0,354.0,False,False,False,,-3.3301283760229126,0.45911504551633503,-178.0
v400_s6_p30,400,0.3,h2,2,,,6.3162326669553295,2.964659582998138,True,True,532.0,354.0,False,False,False,,-3.3515730839571916,0.46937149711225246,-178.0
v400_s6_p30,400,0.3,h2,3,,,6.168840083992109,2.9489158750511706,True,True,532.0,354.0,False,False,False,,-3.219924208940938,0.4780340931034164,-178.0
v400_s6_p30,400,0.3,h2,4,,,6.0069149160408415,2.842459207982756,True,True,532.0,354.0,False,False,False,,-3.1644557080580853,0.4731978474328419,-178.0
v400_s6_p30,400,0.3,h3,0,,2.019453979705555,8.283874959044624,14.492360499978531,True,True,532.0,254.0,False,True,False,,6.208485540933907,1.7494663513909352,-278.0
v400_s6_p30,400,0.3,h3,1,,1.969914822458238,7.975961624993943,14.623217374959495,True,True,532.0,254.0,False,True,False,,6.647255749965552,1.8334112001160237,-278.0
v400_s6_p30,400,0.3,h3,2,,1.8669200110006456,8.12648687500041,14.955541917006485,True,True,532.0,254.0,False,True,False,,6.829055042006075,1.8403452989033138,-278.0
v400_s6_p30,400,0.3,h3,3,,1.872099005780925,8.26759599999059,14.797339709009975,True,True,532.0,254.0,False,True,False,,6.529743709019385,1.789799563141065,-278.0
v400_s6_p30,400,0.3,h3,4,2.346798427437682,1.9149149473834979,8.439268374990206,14.887936333019752,True,True,532.0,254.0,True,True,True,-0.431883480054184,6.448667958029546,1.764126423226472,-278.0
v400_s6_p30,400,0.3,h4,0,,2.0104877859985044,30.065201750025153,17.723277291981503,True,True,270.0,187.0,False,True,False,,-12.34192445804365,0.5894947068488132,-83.0
v400_s6_p30,400,0.3,h4,1,,1.931930942255894,30.936770708998665,18.703956875018775,True,True,254.0,199.0,False,True,False,,-12.23281383397989,0.6045865953804385,-55.0
v400_s6_p30,400,0.3,h4,2,,1.8772957854039467,31.622567458020058,19.08087816601619,True,True,270.0,199.0,False,True,False,,-12.541689292003866,0.603394338279036,-71.0
v400_s6_p30,400,0.3,h4,3,,1.8918142795394215,30.23116879200097,17.57022512500407,True,True,270.0,210.0,False,True,False,,-12.6609436669969,0.5811956939505784,-60.0
v400_s6_p30,400,0.3,h4,4,,1.8291451965052758,30.053485165990423,16.921597832988482,True,True,270.0,199.0,False,True,False,,-13.131887333001941,0.5630494346837869,-71.0
v400_s6_p30,400,0.3,h2+3,0,,1.9390160948994009,8.444964791007806,15.247617332963273,True,True,532.0,254.0,False,True,False,,6.802652541955467,1.8055276381020473,-278.0
v400_s6_p30,400,0.3,h2+3,1,,1.9296529544223817,8.588457958016079,15.733132958004717,True,True,532.0,254.0,False,True,False,,7.144674999988638,1.8318926441643835,-278.0
v400_s6_p30,400,0.3,h2+3,2,,1.86470653370419,8.59075745899463,16.003375625004992,True,True,532.0,254.0,False,True,False,,7.412618166010361,1.8628596723155368,-278.0
v400_s6_p30,400,0.3,h2+3,3,,1.8552304484330504,8.33946291601751,15.830572333012242,True,True,532.0,254.0,False,True,False,,7.491109416994732,1.8982724058412257,-278.0
v400_s6_p30,400,0.3,h2+3,4,,1.8850570484815818,8.353165582986549,15.582994125026744,True,True,532.0,254.0,False,True,False,,7.229828542040195,1.865519600948133,-278.0
v400_s6_p30,400,0.3,h2+3+4,0,,1.9069384410090227,31.149697249988094,19.913081750040874,True,True,407.0,189.0,False,True,False,,-11.23661549994722,0.6392704747731853,-218.0
v400_s6_p30,400,0.3,h2+3+4,1,,1.834635865120195,31.93157054198673,21.276458792039193,True,True,389.0,200.0,False,True,False,,-10.655111749947537,0.6663141972319476,-189.0
v400_s6_p30,400,0.3,h2+3+4,2,,1.8400311653414831,32.60795033402974,21.592736624996178,True,True,389.0,200.0,False,True,False,,-11.01521370903356,0.6621923918493566,-189.0
v400_s6_p30,400,0.3,h2+3+4,3,,1.8716281751412822,32.148112707945984,19.381462582969107,True,True,411.0,210.0,False,True,False,,-12.766650124976877,0.602880261091614,-201.0
v400_s6_p30,400,0.3,h2+3+4,4,,1.8851187203039443,31.26113720901776,19.080068000010215,True,True,398.0,200.0,False,True,False,,-12.181069209007546,0.6103446548485214,-198.0
v400_s6_p50,400,0.5,h2,0,,3.1335913005004414,2.8188862910028547,0.6569606669945642,True,True,434.0,98.0,False,True,False,,-2.1619256240082905,0.23305681718748653,-336.0
v400_s6_p50,400,0.5,h2,1,,,2.8054792920011096,0.4522721250541508,True,True,434.0,98.0,False,False,False,,-2.3532071669469588,0.161210288147075,-336.0
v400_s6_p50,400,0.5,h2,2,,,2.9512891250196844,0.461358625034336,True,True,434.0,98.0,False,False,False,,-2.4899304999853484,0.15632444179160482,-336.0
v400_s6_p50,400,0.5,h2,3,,3.6302960207717017,2.7008317500003614,0.6194057079846971,True,True,434.0,98.0,False,True,False,,-2.0814260420156643,0.22933887236204706,-336.0
v400_s6_p50,400,0.5,h2,4,,3.3069517107612643,2.734071542043239,0.6421574170235544,True,True,434.0,98.0,False,True,False,,-2.0919141250196844,0.2348722069443927,-336.0
v400_s6_p50,400,0.5,h3,0,,2.9314338615545528,2.969524708983954,0.749483167019207,True,True,434.0,98.0,False,True,False,,-2.220041541964747,0.2523916250811897,-336.0
v400_s6_p50,400,0.5,h3,1,,2.918608134969526,2.9925557079841383,0.8053844579844736,True,True,434.0,98.0,False,True,False,,-2.1871712499996647,0.26912931172365745,-336.0
v400_s6_p50,400,0.5,h3,2,,3.1182805227507226,3.084707125031855,0.7931047089514323,True,True,434.0,98.0,False,True,False,,-2.2916024160804227,0.2571085930704822,-336.0
v400_s6_p50,400,0.5,h3,3,,2.8865467283857345,3.025543791009113,0.8375224580522627,True,True,434.0,98.0,False,True,False,,-2.1880213329568505,0.27681716607146606,-336.0
v400_s6_p50,400,0.5,h3,4,,2.8590107516532175,2.937519458006136,0.7370260000461712,True,True,434.0,98.0,False,True,False,,-2.200493457959965,0.2509008061333603,-336.0
v400_s6_p50,400,0.5,h2+3,0,,2.883643687014492,3.268058374989778,0.8117846670211293,True,True,434.0,98.0,False,True,False,,-2.4562737079686485,0.2483996838103201,-336.0
v400_s6_p50,400,0.5,h2+3,1,,2.942841253347724,3.2766255420283414,0.803139541996643,True,True,434.0,98.0,False,True,False,,-2.4734860000316985,0.2451117870183825,-336.0
v400_s6_p50,400,0.5,h2+3,2,,2.9081193594753407,3.4409847499919124,0.8441747089964338,True,True,434.0,98.0,False,True,False,,-2.5968100409954786,0.24532939560351666,-336.0
v400_s6_p50,400,0.5,h2+3,3,,2.9930433609422336,3.3447690830216743,0.8225140419672243,True,True,434.0,98.0,False,True,False,,-2.52225504105445,0.24591056110341786,-336.0
v400_s6_p50,400,0.5,h2+3,4,,3.1956604189704723,3.2315845410339534,0.7908777080010623,True,True,434.0,98.0,False,True,False,,-2.440706833032891,0.2447337205506061,-336.0
v400_s7_p0,400,0.0,h2,0,1.2058493781134771,1.1981645880407863,28.560333959001582,28.45753979095025,True,True,760.0,756.0,True,True,True,-0.00768479007269085,-0.10279416805133224,0.9964008065102147,-4.0
v400_s7_p0,400,0.0,h2,1,1.198863667654451,1.202074734923832,29.052557166025508,29.035208166984376,True,True,760.0,756.0,True,True,True,0.0032110672693810294,-0.01734899904113263,0.9994028408947967,-4.0
v400_s7_p0,400,0.0,h2,2,1.1997042348296418,1.197052846839349,29.98407591698924,29.56203462497797,True,True,760.0,756.0,True,True,True,-0.0026513879902927417,-0.42204129201127216,0.9859244856109726,-4.0
v400_s7_p0,400,0.0,h2,3,1.2029865347728916,1.1959722441001344,28.966480209026486,28.605500000005122,True,True,760.0,756.0,True,True,True,-0.007014290672757273,-0.3609802090213634,0.9875380023248778,-4.0
v400_s7_p0,400,0.0,h2,4,1.2015923137339029,1.2006256498211116,28.39504825003678,28.369479207962286,True,True,760.0,756.0,True,True,True,-0.0009666639127912102,-0.025569042074494064,0.9990995246125542,-4.0
v400_s7_p0,400,0.0,h3,0,1.2677945013929977,1.261740954862998,56.55392350000329,56.762296958011575,True,True,262.0,321.0,True,True,True,-0.006053546529999565,0.2083734580082819,1.0036845093162858,59.0
v400_s7_p0,400,0.0,h3,1,1.2780075739043473,1.2384546008486839,57.86648837500252,55.192401791980956,True,True,275.0,347.0,True,True,True,-0.03955297305566341,-2.6740865830215625,0.9537886839496428,72.0
v400_s7_p0,400,0.0,h3,2,1.270455249526215,1.2706156215363615,62.419439500023145,59.28276145795826,True,True,238.0,327.0,True,True,True,0.0001603720101466255,-3.1366780420648865,0.9497483785950414,89.0
v400_s7_p0,400,0.0,h3,3,1.2871652372890305,1.2758517417672595,70.38438433303963,62.255377708002925,True,True,202.0,242.0,True,True,True,-0.011313495521771078,-8.129006625036709,0.8845055376690876,40.0
v400_s7_p0,400,0.0,h3,4,1.28250648684233,1.2611838563907747,58.60366966604488,64.95385562500451,True,True,278.0,231.0,True,True,True,-0.021322630451555247,6.350185958959628,1.1083581624691148,-47.0
v400_s7_p0,400,0.0,h4,0,1.3464945751358812,1.3460709513208973,110.46926287497627,121.27189058304066,True,True,184.0,172.0,True,True,True,-0.0004236238149839533,10.802627708064392,1.0977885379781187,-12.0
v400_s7_p0,400,0.0,h4,1,1.326118840195215,1.3016784967827524,85.02087800001027,89.17594441701658,True,True,251.0,324.0,True,True,True,-0.024440343412462706,4.15506641700631,1.0488711304181757,73.0
v400_s7_p0,400,0.0,h4,2,1.3521473544778024,1.335982141181158,116.44133241695818,114.31083937501535,True,True,213.0,215.0,True,True,True,-0.016165213296644332,-2.1304930419428274,0.9817032921410255,2.0
v400_s7_p0,400,0.0,h4,3,1.3387671531910947,1.2890900047940406,104.0648635829566,89.17455033300212,True,True,180.0,312.0,True,True,True,-0.04967714839705417,-14.890313249954488,0.8569131526503709,132.0
v400_s7_p0,400,0.0,h4,4,1.3437720773181248,1.2993454167315959,102.3992450000369,87.46038120804587,True,True,176.0,310.0,True,True,True,-0.04442666058652889,-14.938863791991025,0.8541115826392505,134.0
v400_s7_p0,400,0.0,h2+3,0,1.2738358738492304,1.2518903567442852,58.27566729200771,58.509348374966066,True,True,262.0,321.0,True,True,True,-0.02194551710494519,0.23368108295835555,1.0040099254769135,59.0
v400_s7_p0,400,0.0,h2+3,1,1.2696524861194716,1.2379515721872225,59.49011533299927,57.26497550000204,True,True,275.0,347.0,True,True,True,-0.03170091393224905,-2.225139832997229,0.962596478078049,72.0
v400_s7_p0,400,0.0,h2+3,2,1.2675991459876346,1.267256220272317,64.96353787498083,60.996037500037346,True,True,238.0,327.0,True,True,True,-0.0003429257153175769,-3.9675003749434836,0.9389272735949395,89.0
v400_s7_p0,400,0.0,h2+3,3,1.288203177216214,1.2793369429412966,72.17703895800514,63.70564325002488,True,True,202.0,242.0,True,True,True,-0.008866234274917284,-8.471395707980264,0.8826303235727198,40.0
v400_s7_p0,400,0.0,h2+3,4,1.2774882340282856,1.262670865343667,59.49678170797415,66.67798558302457,True,True,278.0,231.0,True,True,True,-0.014817368684618692,7.181203875050414,1.1206990305845055,-47.0
v400_s7_p0,400,0.0,h2+3+4,0,1.337246375708259,1.3497394920929524,116.18853183300234,126.71095050004078,True,True,184.0,172.0,True,True,True,0.012493116384693304,10.522418667038437,1.090563315510022,-12.0
v400_s7_p0,400,0.0,h2+3+4,1,1.3391961157957237,1.3160899707778277,90.61578366701724,94.67694375000428,True,True,251.0,324.0,True,True,True,-0.023106145017895985,4.061160082987044,1.044817358727597,73.0
v400_s7_p0,400,0.0,h2+3+4,2,1.3524948803540067,1.3351843634627345,121.8204070830252,119.96596183301881,True,True,213.0,215.0,True,True,True,-0.017310516891272165,-1.8544452500063926,0.9847772200535948,2.0
v400_s7_p0,400,0.0,h2+3+4,3,1.3487591222326876,1.3008486604880594,107.87178312498145,92.76038566697389,True,True,180.0,312.0,True,True,True,-0.04791046174462821,-15.11139745800756,0.8599133432280495,132.0
v400_s7_p0,400,0.0,h2+3+4,4,1.3536277892441229,1.3069027164437446,107.54250375000993,93.65560095803812,True,True,176.0,310.0,True,True,True,-0.0467250728003783,-13.886902791971806,0.8708705645885567,134.0
v400_s7_p10,400,0.1,h2,0,1.3493038572127867,1.3448841759205277,26.703047582996078,21.68735112500144,True,True,684.0,638.0,True,True,True,-0.004419681292259003,-5.015696457994636,0.8121676395772697,-46.0
v400_s7_p10,400,0.1,h2,1,1.3320773258177625,1.337853519613345,26.857974000042304,22.581595374969766,True,True,684.0,638.0,True,True,True,0.005776193795582474,-4.276378625072539,0.8407780637115144,-46.0
v400_s7_p10,400,0.1,h2,2,1.3303700445553936,1.3316300214445436,27.46334370796103,23.131887458031997,True,True,684.0,638.0,True,True,True,0.0012599768891499163,-4.331456249929033,0.8422822691953042,-46.0
v400_s7_p10,400,0.1,h2,3,1.3415218691922264,1.358910547876608,26.23379612498684,21.256578458007425,True,True,684.0,638.0,True,True,True,0.017388678684381542,-4.9772176669794135,0.8102745922371953,-46.0
v400_s7_p10,400,0.1,h2,4,1.3371456484979538,1.3219061352407424,26.705584667040966,21.56479566701455,True,True,684.0,638.0,True,True,True,-0.015239513257211401,-5.140789000026416,0.807501349844215,-46.0
v400_s7_p10,400,0.1,h3,0,1.3374489187791982,1.3663630856904345,34.83107229199959,41.48960258398438,True,True,320.0,251.0,True,True,True,0.028914166911236272,6.658530291984789,1.1911663883375248,-69.0
v400_s7_p10,400,0.1,h3,1,1.3391434751985516,1.3542044782256077,36.80904645897681,32.24065395904472,True,True,295.0,253.0,True,True,True,0.015061003027056152,-4.568392499932088,0.8758894092781376,-42.0
v400_s7_p10,400,0.1,h3,2,1.3313920874239535,1.3656895354938487,39.12319991597906,38.66598399996292,True,True,275.0,266.0,True,True,True,0.03429744806989521,-0.4572159160161391,0.9883134325157948,-9.0
v400_s7_p10,400,0.1,h3,3,1.373650122674171,1.3589096967133345,34.78978041704977,37.31494841701351,True,True,242.0,246.0,True,True,True,-0.014740425960836578,2.5251679999637417,1.0725836142020089,4.0
v400_s7_p10,400,0.1,h3,4,1.3454148165707644,1.3711409555418441,32.5525663329754,37.86879358399892,True,True,291.0,237.0,True,True,True,0.02572613897107967,5.31622725102352,1.1633120779678203,-54.0
v400_s7_p10,400,0.1,h4,0,1.3545243639759192,1.3442569120990007,49.71169229201041,44.672625249950215,True,True,357.0,314.0,True,True,True,-0.010267451876918576,-5.039067042060196,0.8986341681457891,-43.0
v400_s7_p10,400,0.1,h4,1,1.382576325209165,1.3481901573377288,64.87647058302537,60.64751870901091,True,True,267.0,240.0,True,True,True,-0.03438616787143611,-4.228951874014456,0.9348153215486272,-27.0
v400_s7_p10,400,0.1,h4,2,1.354588215686444,1.3694470669198862,67.77837829099735,67.64774179202504,True,True,302.0,253.0,True,True,True,0.014858851233442216,-0.1306364989723079,0.998072593321554,-49.0
v400_s7_p10,400,0.1,h4,3,1.3623745036803006,1.3552910383732009,53.661983708967455,49.65075899998192,True,True,294.0,296.0,True,True,True,-0.00708346530709969,-4.011224708985537,0.9252501597641233,2.0
v400_s7_p10,400,0.1,h4,4,1.352989566893854,1.3829169390097713,56.63347887498094,64.52407858299557,True,True,279.0,278.0,True,True,True,0.029927372115917228,7.8905997080146335,1.1393274766933041,-1.0
v400_s7_p10,400,0.1,h2+3,0,1.3437220757458945,1.3537896693260725,35.85473083303077,42.28593141702004,True,True,320.0,251.0,True,True,True,0.010067593580177947,6.431200583989266,1.1793682572583866,-69.0
v400_s7_p10,400,0.1,h2+3,1,1.3397575743775239,1.3574867054708364,38.23365495802136,33.83529004198499,True,True,295.0,253.0,True,True,True,0.017729131093312533,-4.398364916036371,0.8849609088938645,-42.0
v400_s7_p10,400,0.1,h2+3,2,1.3342176042101637,1.3669011940913793,40.651491999975406,40.18896974995732,True,True,275.0,266.0,True,True,True,0.03268358988121567,-0.46252225001808256,0.9886222564717093,-9.0
v400_s7_p10,400,0.1,h2+3,3,1.3731201516259686,1.3505637733725668,36.12427987501724,38.63747208402492,True,True,242.0,246.0,True,True,True,-0.022556378253401732,2.513192209007684,1.069570721345943,4.0
v400_s7_p10,400,0.1,h2+3,4,1.3477618063361116,1.3812728394000058,34.182553499995265,39.048294625012204,True,True,291.0,237.0,True,True,True,0.033511033063894136,4.865741125016939,1.1423457473713194,-54.0
v400_s7_p10,400,0.1,h2+3+4,0,1.3607087942727336,1.350341867033689,53.22922129102517,48.439901417004876,True,True,358.0,314.0,True,True,True,-0.010366927239044532,-4.789319874020293,0.9100246113345302,-44.0
v400_s7_p10,400,0.1,h2+3+4,1,1.390888745598744,1.340305568751548,69.68469704099698,64.55795441602822,True,True,269.0,241.0,True,True,True,-0.05058317684719604,-5.126742624968756,0.9264294336825116,-28.0
v400_s7_p10,400,0.1,h2+3+4,2,1.3565773351033696,1.3655613698031113,72.25949095899705,70.44247308297781,True,True,303.0,254.0,True,True,True,0.008984034699741628,-1.8170178760192357,0.9748542668664759,-49.0
v400_s7_p10,400,0.1,h2+3+4,3,1.360968311456541,1.3529211614477268,58.46964566700626,54.0177599999588,True,True,294.0,296.0,True,True,True,-0.008047150008814175,-4.451885667047463,0.9238598829142621,2.0
v400_s7_p10,400,0.1,h2+3+4,4,1.3615580704267163,1.363425583336392,61.901444584014826,69.59841570799472,True,True,280.0,278.0,True,True,True,0.0018675129096756837,7.696971123979893,1.1243423505817105,-2.0
v400_s7_p30,400,0.3,h2,0,,,7.192091250035446,3.1638123330194503,True,True,532.0,343.0,False,False,False,,-4.028278917015996,0.43990158398002216,-189.0
v400_s7_p30,400,0.3,h2,1,,2.332942468576896,6.99676858301973,3.2951774580287747,True,True,532.0,343.0,False,True,False,,-3.701591124990955,0.4709570452316735,-189.0
v400_s7_p30,400,0.3,h2,2,,,7.22272104100557,3.0488135420018807,True,True,532.0,343.0,False,False,False,,-4.17390749900369,0.4221142592511665,-189.0
v400_s7_p30,400,0.3,h2,3,,,7.115760750020854,2.971790832991246,True,True,532.0,343.0,False,False,False,,-4.143969917029608,0.41763501295100974,-189.0
v400_s7_p30,400,0.3,h2,4,,,7.287002083030529,3.074031791999005,True,True,532.0,343.0,False,False,False,,-4.2129702910315245,0.42185136726632744,-189.0
v400_s7_p30,400,0.3,h3,0,1.8263213537926912,1.8452660810634611,25.40514849999454,12.77390099997865,True,True,374.0,231.0,True,True,True,0.0189447272707699,-12.631247500015888,0.5028075706773135,-143.0
v400_s7_p30,400,0.3,h3,1,1.9281686582475845,1.797897882186646,25.875358000048436,12.969667957979254,True,True,374.0,231.0,True,True,True,-0.1302707760609385,-12.905690042069182,0.5012362711254073,-143.0
v400_s7_p30,400,0.3,h3,2,1.9111532254859034,1.8505365312050206,26.60129958303878,13.163392917020246,True,True,374.0,231.0,True,True,True,-0.06061669428088279,-13.437906666018534,0.4948402192129493,-143.0
v400_s7_p30,400,0.3,h3,3,1.8773752824754795,1.7917038894200195,26.534857749997173,12.830529084021691,True,True,374.0,231.0,True,True,True,-0.08567139305546001,-13.704328665975481,0.48353487344483914,-143.0
v400_s7_p30,400,0.3,h3,4,1.8689717674744057,1.8054324779580018,26.132530290982686,12.939576374948956,True,True,374.0,231.0,True,True,True,-0.06353928951640397,-13.19295391603373,0.4951520664424102,-143.0
v400_s7_p30,400,0.3,h4,0,,1.7889783461093303,26.829178749991115,14.781193167029414,True,True,333.0,180.0,False,True,False,,-12.0479855829617,0.5509372204333429,-153.0
v400_s7_p30,400,0.3,h4,1,,1.8371509826986285,26.510483584017493,14.891332000028342,True,True,338.0,187.0,False,True,False,,-11.61915158398915,0.5617148383142265,-151.0
v400_s7_p30,400,0.3,h4,2,,1.8491689040212336,26.82389045797754,15.212442250049207,True,True,315.0,179.0,False,True,False,,-11.611448207928333,0.567122888973958,-136.0
v400_s7_p30,400,0.3,h4,3,,1.797870267615537,26.200284124992322,14.82139608397847,True,True,310.0,179.0,False,True,False,,-11.378888041013852,0.565696005939127,-131.0
v400_s7_p30,400,0.3,h4,4,,1.8171430375052287,25.798298083012924,14.672863749961834,True,True,319.0,187.0,False,True,False,,-11.12543433305109,0.5687531674666279,-132.0
v400_s7_p30,400,0.3,h2+3,0,1.9333857056652552,1.7791083690725877,27.77326416602591,12.84128208301263,True,True,374.0,231.0,True,True,True,-0.1542773365926675,-14.931982083013281,0.4623612840841709,-143.0
v400_s7_p30,400,0.3,h2+3,1,1.965909787180263,1.784429346876844,28.09321679204004,13.312952458043583,True,True,374.0,231.0,True,True,True,-0.18148044030341914,-14.780264333996456,0.47388494370696943,-143.0
v400_s7_p30,400,0.3,h2+3,2,1.9307836140728734,1.8058417660824988,28.815432958013844,13.094286207982805,True,True,374.0,231.0,True,True,True,-0.12494184799037455,-15.72114675003104,0.45441920748031517,-143.0
v400_s7_p30,400,0.3,h2+3,3,1.885295015076513,1.8468796558284757,27.837233042053413,12.560241791012231,True,True,374.0,231.0,True,True,True,-0.038415359248037406,-15.276991251041181,0.4512029544041826,-143.0
v400_s7_p30,400,0.3,h2+3,4,1.9694851103136413,1.8297981924039644,26.56540587497875,13.17619058402488,True,True,374.0,231.0,True,True,True,-0.1396869179096769,-13.38921529095387,0.4959905617867929,-143.0
v400_s7_p30,400,0.3,h2+3+4,0,,1.7755362339438219,30.157596625038423,16.869710250000935,True,True,333.0,180.0,False,True,False,,-13.287886375037488,0.5593851015301006,-153.0
v400_s7_p30,400,0.3,h2+3+4,1,,1.9500908322284738,29.91905891703209,16.90314995800145,True,True,339.0,187.0,False,True,False,,-13.01590895903064,0.5649626214806829,-152.0
v400_s7_p30,400,0.3,h2+3+4,2,,1.832181476695172,30.1701368750073,17.15990458294982,True,True,315.0,179.0,False,True,False,,-13.01023229205748,0.568771187682776,-136.0
v400_s7_p30,400,0.3,h2+3+4,3,,1.8503715310157482,29.612074792035855,16.66865358297946,True,True,311.0,179.0,False,True,False,,-12.943421209056396,0.5629005633695914,-132.0
v400_s7_p30,400,0.3,h2+3+4,4,,1.8596115767154784,29.418880542041734,16.818523333000485,True,True,320.0,187.0,False,True,False,,-12.600357209041249,0.5716914791834307,-133.0
v400_s7_p50,400,0.5,h2,0,,3.2157608430367155,3.1924943750491366,0.700327833998017,True,True,436.0,104.0,False,True,False,,-2.4921665410511196,0.21936697507485445,-332.0
v400_s7_p50,400,0.5,h2,1,,3.4924748845848126,3.090012666012626,0.7094219590071589,True,True,436.0,104.0,False,True,False,,-2.3805907070054673,0.22958545342230002,-332.0
v400_s7_p50,400,0.5,h2,2,,3.434156183355055,3.194231084024068,0.7490604170016013,True,True,436.0,104.0,False,True,False,,-2.4451706670224667,0.2345041411524744,-332.0
v400_s7_p50,400,0.5,h2,3,,3.0454247602612763,2.980402540997602,0.7025313330232166,True,True,436.0,104.0,False,True,False,,-2.2778712079743855,0.2357169286226903,-332.0
v400_s7_p50,400,0.5,h2,4,,3.2509168797192842,3.1485192499822006,0.702570374996867,True,True,436.0,104.0,False,True,False,,-2.4459488749853335,0.223143109257102,-332.0
v400_s7_p50,400,0.5,h3,0,,3.02098514685588,3.1746269580326043,0.9336484999512322,True,True,436.0,104.0,False,True,False,,-2.240978458081372,0.2940970741739803,-332.0
v400_s7_p50,400,0.5,h3,1,,2.5971511105935763,3.1465167500427924,1.020832042035181,True,True,436.0,104.0,False,True,False,,-2.1256847080076113,0.32443241944327733,-332.0
v400_s7_p50,400,0.5,h3,2,,2.7955267255524174,3.2413596660480835,1.000970542023424,True,True,436.0,104.0,False,True,False,,-2.2403891240246594,0.3088119323838638,-332.0
v400_s7_p50,400,0.5,h3,3,,2.7583936096663115,3.180628333997447,0.9922437909990549,True,True,436.0,104.0,False,True,False,,-2.188384542998392,0.3119647084800985,-332.0
v400_s7_p50,400,0.5,h3,4,,2.9555891380162853,3.253535958006978,0.9495124589884654,True,True,436.0,104.0,False,True,False,,-2.3040234990185127,0.29184016136404073,-332.0
v400_s7_p50,400,0.5,h2+3,0,,2.6326913295449033,3.5884920420357957,0.9252030000207014,True,True,436.0,104.0,False,True,False,,-2.6632890420150943,0.25782501094688853,-332.0
v400_s7_p50,400,0.5,h2+3,1,,2.8286974646607947,3.658416374993976,1.020668499986641,True,True,436.0,104.0,False,True,False,,-2.637747875007335,0.278991890306177,-332.0
v400_s7_p50,400,0.5,h2+3,2,,2.7592657440663984,3.639277500042226,1.0460650000022724,True,True,436.0,104.0,False,True,False,,-2.5932125000399537,0.2874375476973479,-332.0
v400_s7_p50,400,0.5,h2+3,3,,3.1423475988866127,3.5914367920486256,0.9479827919858508,True,True,436.0,104.0,False,True,False,,-2.643454000062775,0.26395641824594185,-332.0
v400_s7_p50,400,0.5,h2+3,4,,2.961408894453235,3.58740466699237,1.0197787079960108,True,True,436.0,104.0,False,True,False,,-2.5676259589963593,0.2842664273085698,-332.0
v400_s8_p0,400,0.0,h2,0,1.203875862580275,1.1991697655063542,28.7840612080181,28.80856724997284,True,True,760.0,756.0,True,True,True,-0.004706097073920779,0.024506041954737157,1.0008513754114694,-4.0
v400_s8_p0,400,0.0,h2,1,1.1944395987135097,1.2036854447464482,29.43565891700564,28.988514334021602,True,True,760.0,756.0,True,True,True,0.009245846032938543,-0.4471445829840377,0.9848094250499108,-4.0
v400_s8_p0,400,0.0,h2,2,1.1875216076684276,1.2011574284948423,29.895523375016637,29.722099584003445,True,True,760.0,756.0,True,True,True,0.01363582082641468,-0.17342379101319239,0.994199004685828,-4.0
v400_s8_p0,400,0.0,h2,3,1.193556716466793,1.206342324805558,28.832082625012845,28.627598750055768,True,True,760.0,756.0,True,True,True,0.012785608338764964,-0.2044838749570772,0.9929077660598933,-4.0
v400_s8_p0,400,0.0,h2,4,1.199942551751968,1.2039097077364764,28.5876608749968,28.1769638749538,True,True,760.0,756.0,True,True,True,0.003967155984508475,-0.410697000043001,0.9856337668954859,-4.0
v400_s8_p0,400,0.0,h3,0,1.2991094381582817,1.2661867113248253,64.07414174999576,57.06650700001046,True,True,226.0,344.0,True,True,True,-0.03292272683345643,-7.0076347499853,0.8906324055446945,118.0
v400_s8_p0,400,0.0,h3,1,1.280466347455078,1.248691721079897,56.94346854102332,60.64064899994992,True,True,296.0,319.0,True,True,True,-0.031774626375181025,3.6971804589265957,1.0649272085746422,23.0
v400_s8_p0,400,0.0,h3,2,1.2673613065969462,1.24212143954982,58.10910404199967,59.036501916009,True,True,290.0,339.0,True,True,True,-0.02523986704712633,0.9273978740093298,1.0159595968531718,49.0
v400_s8_p0,400,0.0,h3,3,1.2817365903523468,1.2795326516434948,61.63528037496144,56.40564537496539,True,True,246.0,261.0,True,True,True,-0.002203938708851938,-5.229634999996051,0.9151519232462108,15.0
v400_s8_p0,400,0.0,h3,4,1.2760320526668505,1.2345075564874666,55.75993075000588,57.85355283302488,True,True,284.0,360.0,True,True,True,-0.04152449617938392,2.0936220830189995,1.0375470710752053,76.0
v400_s8_p0,400,0.0,h4,0,1.3279037583556104,1.347758121808748,109.07399733300554,120.8551125000231,True,True,236.0,172.0,True,True,True,0.019854363453137625,11.78111516701756,1.1080102999347272,-64.0
v400_s8_p0,400,0.0,h4,1,1.328007047248224,1.2816051786769,85.47568508394761,80.6649295000243,True,True,258.0,420.0,True,True,True,-0.04640186857132389,-4.81075558392331,0.9437178470204882,162.0
v400_s8_p0,400,0.0,h4,2,1.3476547735280282,1.3069721761685575,125.99023320904234,87.21612383297179,True,True,176.0,252.0,True,True,True,-0.04068259735947066,-38.774109376070555,0.6922451178280085,76.0
v400_s8_p0,400,0.0,h4,3,1.3468662593489404,1.29959529064022,110.36614437500248,101.81108279101318,True,True,200.0,263.0,True,True,True,-0.047270968708720495,-8.5550615839893,0.9224847290585699,63.0
v400_s8_p0,400,0.0,h4,4,1.351281271430893,1.314058309377977,118.36271858401597,82.90313833404798,True,True,176.0,270.0,True,True,True,-0.037222962052916087,-35.459580249967985,0.7004159698748543,94.0
v400_s8_p0,400,0.0,h2+3,0,1.3010843530779859,1.281295474987285,66.35140108299674,59.429351292026695,True,True,226.0,344.0,True,True,True,-0.019788878090700956,-6.92204979097005,0.8956759061905643,118.0
v400_s8_p0,400,0.0,h2+3,1,1.2867238757447301,1.2541226988872856,59.254059250000864,62.97702091699466,True,True,296.0,319.0,True,True,True,-0.03260117685744457,3.722961666993797,1.0628304915159672,23.0
v400_s8_p0,400,0.0,h2+3,2,1.2684003577964968,1.2398317356760995,59.83941329194931,60.07281866698759,True,True,290.0,339.0,True,True,True,-0.028568622120397347,0.23340537503827363,1.0039005291361984,49.0
v400_s8_p0,400,0.0,h2+3,3,1.2714093406936255,1.2854587523145875,63.33177012496162,58.04573204199551,True,True,246.0,261.0,True,True,True,0.01404941162096196,-5.286038082966115,0.9165341806721005,15.0
v400_s8_p0,400,0.0,h2+3,4,1.2834905211126977,1.2483203456583134,57.122033833002206,59.78608758299379,True,True,284.0,360.0,True,True,True,-0.03517017545438428,2.664053749991581,1.0466379358581666,76.0
v400_s8_p0,400,0.0,h2+3+4,0,1.3261612433331766,1.3501055242335989,114.44412687502336,127.75237624999136,True,True,236.0,172.0,True,True,True,0.02394428090042222,13.308249374968,1.116285996829711,-64.0
v400_s8_p0,400,0.0,h2+3+4,1,1.3365254393100854,1.2898705325023856,88.31525045901071,84.83458916598465,True,True,258.0,420.0,True,True,True,-0.04665490680769979,-3.48066129302606,0.960588219192771,162.0
v400_s8_p0,400,0.0,h2+3+4,2,1.3516184070263961,1.3163978450282665,129.7793612080277,91.23159112496069,True,True,176.0,252.0,True,True,True,-0.03522056199812962,-38.54777008306701,0.7029745737361314,76.0
v400_s8_p0,400,0.0,h2+3+4,3,1.3530663707385076,1.321558969364523,116.4205260000308,109.34141737502068,True,True,200.0,263.0,True,True,True,-0.031507401373984445,-7.079108625010122,0.93919363819909,63.0
v400_s8_p0,400,0.0,h2+3+4,4,1.343250265238546,1.3112071641880172,125.15058070904342,87.24424087494845,True,True,176.0,270.0,True,True,True,-0.03204310105052888,-37.90633983409498,0.6971141514539065,94.0
v400_s8_p10,400,0.1,h2,0,1.3296668319362708,1.3647446305759112,19.183847458974924,20.48982774995966,True,True,684.0,646.0,True,True,True,0.035077798639640445,1.305980290984735,1.0680770785827818,-38.0
v400_s8_p10,400,0.1,h2,1,1.355749102393409,1.3390358604258321,19.926614750002045,21.607033959007822,True,True,684.0,646.0,True,True,True,-0.016713241967576842,1.6804192090057768,1.0843303907908193,-38.0
v400_s8_p10,400,0.1,h2,2,1.3542069323392394,1.3486510843547521,20.181856042006984,20.742708250007126,True,True,684.0,646.0,True,True,True,-0.005555847984487272,0.5608522080001421,1.0277899221376257,-38.0
v400_s8_p10,400,0.1,h2,3,1.3551785289331515,1.347118857412032,19.061238082998898,19.86298950004857,True,True,684.0,646.0,True,True,True,-0.008059671521119416,0.8017514170496725,1.0420618751813804,-38.0
v400_s8_p10,400,0.1,h2,4,1.3505160951076576,1.34905203374673,20.261919874988962,19.346785917005036,True,True,684.0,646.0,True,True,True,-0.001464061360927582,-0.9151339579839259,0.9548347854680072,-38.0
v400_s8_p10,400,0.1,h3,0,1.3476131615128486,1.3405553927082476,33.8175625000149,31.864748708961997,True,True,317.0,298.0,True,True,True,-0.007057768804600961,-1.952813791052904,0.9422544486743525,-19.0
v400_s8_p10,400,0.1,h3,1,1.353283270237107,1.340114967335858,35.470611416967586,42.34974895900814,True,True,270.0,322.0,True,True,True,-0.013168302901248818,6.879137542040553,1.1939390742712113,52.0
v400_s8_p10,400,0.1,h3,2,1.350182819612921,1.3451404996665663,37.70831791695673,33.179684833972715,True,True,332.0,295.0,True,True,True,-0.005042319946354734,-4.528633082984015,0.8799036039486775,-37.0
v400_s8_p10,400,0.1,h3,3,1.3540180859706745,1.365562396060634,35.78945279197069,34.17316237499472,True,True,264.0,318.0,True,True,True,0.011544310089959486,-1.6162904169759713,0.9548389178686022,54.0
v400_s8_p10,400,0.1,h3,4,1.3358854126536233,1.3499743968228815,39.624346791999415,33.181305875012185,True,True,229.0,295.0,True,True,True,0.01408898416925819,-6.443040916987229,0.8373969178392071,66.0
v400_s8_p10,400,0.1,h4,0,1.3485138563011605,1.3659686180872102,52.74422108399449,59.316492082958575,True,True,279.0,264.0,True,True,True,0.017454761786049655,6.572270998964086,1.124606466147217,-15.0
v400_s8_p10,400,0.1,h4,1,1.3451803769618533,1.3661427077851176,71.36639574996661,63.41102816601051,True,True,266.0,277.0,True,True,True,0.020962330823264264,-7.955367583956104,0.8885278218080696,11.0
v400_s8_p10,400,0.1,h4,2,1.3714023209039208,1.3627122346222498,54.67419304099167,52.27951729198685,True,True,346.0,305.0,True,True,True,-0.008690086281671006,-2.3946757490048185,0.9562009859531091,-41.0
v400_s8_p10,400,0.1,h4,3,1.3542811626113465,1.3634447597461659,50.783050333033316,63.91159724997124,True,True,303.0,269.0,True,True,True,0.009163597134819401,13.128546916937921,1.2585222201274127,-34.0
v400_s8_p10,400,0.1,h4,4,1.3476198922072367,1.3692378724103533,54.98131916701095,49.69484491698677,True,True,301.0,352.0,True,True,True,0.02161798020311667,-5.286474250024185,0.9038496287445192,51.0
v400_s8_p10,400,0.1,h2+3,0,1.3465742199515127,1.3419109853620335,35.2128758750041,33.26345675002085,True,True,317.0,298.0,True,True,True,-0.004663234589479259,-1.949419124983251,0.9446390254546904,-19.0
v400_s8_p10,400,0.1,h2+3,1,1.3467415436017298,1.3578677748058707,37.252383499988355,44.200189458962996,True,True,270.0,322.0,True,True,True,0.011126231204140913,6.947805958974641,1.186506346875142,52.0
v400_s8_p10,400,0.1,h2+3,2,1.3515616832659,1.3354147050835445,39.230006582976785,35.401433790975716,True,True,332.0,295.0,True,True,True,-0.016146978182355554,-3.8285727920010686,0.9024070316199637,-37.0
v400_s8_p10,400,0.1,h2+3,3,1.3528875153939977,1.3625799965719891,37.207858042034786,35.775896874954924,True,True,264.0,318.0,True,True,True,0.009692481177991485,-1.4319611670798622,0.9615145498173495,54.0
v400_s8_p10,400,0.1,h2+3,4,1.3442835381107767,1.3459314946338607,41.30420245800633,35.48289199999999,True,True,229.0,295.0,True,True,True,0.0016479565230840265,-5.821310458006337,0.8590625139433494,66.0
v400_s8_p10,400,0.1,h2+3+4,0,1.341883558607359,1.3611411243339022,56.81323262496153,62.834778249962255,True,True,279.0,264.0,True,True,True,0.019257565726543246,6.021545625000726,1.105988435207524,-15.0
v400_s8_p10,400,0.1,h2+3+4,1,1.357601087796924,1.3722510734066977,75.46250074997079,68.29335795802763,True,True,266.0,277.0,True,True,True,0.014649985609773708,-7.169142791943159,0.9049972804943661,11.0
v400_s8_p10,400,0.1,h2+3+4,2,1.3696077037873124,1.3579769923003018,57.80779487499967,55.994641125027556,True,True,347.0,305.0,True,True,True,-0.01163071148701067,-1.8131537499721162,0.9686347878535624,-42.0
v400_s8_p10,400,0.1,h2+3+4,3,1.3613988414356792,1.3679375671950302,54.44047437503468,66.93173791700974,True,True,303.0,269.0,True,True,True,0.006538725759350994,12.491263541975059,1.2294481024526727,-34.0
v400_s8_p10,400,0.1,h2+3+4,4,1.3473398330046449,1.3590214090141015,59.70164033299079,53.662951458012685,True,True,301.0,352.0,True,True,True,0.011681576009456629,-6.0386888749781065,0.8988522117433152,51.0
v400_s8_p30,400,0.3,h2,0,,2.194400292837102,8.228840958036017,3.2770398749853484,True,True,532.0,338.0,False,True,False,,-4.951801083050668,0.39823832927346814,-194.0
v400_s8_p30,400,0.3,h2,1,2.080608329822308,2.0310535254250155,8.8522336659953,3.3796192909940146,True,True,532.0,338.0,True,True,True,-0.04955480439729243,-5.472614375001285,0.3817815275229777,-194.0
v400_s8_p30,400,0.3,h2,2,,2.2611768314982847,8.627055832999758,3.4918316670227796,True,True,532.0,338.0,False,True,False,,-5.135224165976979,0.4047535723213949,-194.0
v400_s8_p30,400,0.3,h2,3,2.0543176350368033,2.7082775587610253,8.29415929102106,3.2061793750035577,True,True,532.0,338.0,True,True,True,0.653959923724222,-5.0879799160175025,0.38655869299187984,-194.0
v400_s8_p30,400,0.3,h2,4,,3.000019925059346,8.425540291005746,3.348976749985013,True,True,532.0,338.0,False,True,False,,-5.076563541020732,0.3974791686130849,-194.0
v400_s8_p30,400,0.3,h3,0,1.8572128389381815,1.9100425366247398,10.579053749970626,13.082214416994248,True,True,532.0,230.0,True,True,True,0.05282969768655832,2.5031606670236215,1.2366147980891553,-302.0
v400_s8_p30,400,0.3,h3,1,1.8745362053368089,1.838527744698938,10.987996583979111,13.395515541022178,True,True,532.0,230.0,True,True,True,-0.036008460637870776,2.4075189570430666,1.2191044508107434,-302.0
v400_s8_p30,400,0.3,h3,2,1.73171385947829,1.9081863410362903,11.783805291983299,13.70778966601938,True,True,532.0,230.0,True,True,True,0.17647248155800033,1.9239843740360811,1.163273605288183,-302.0
v400_s8_p30,400,0.3,h3,3,1.830978053807773,1.9114320021932087,11.007097458001226,13.387589374964591,True,True,532.0,251.0,True,True,True,0.08045394838543585,2.380491916963365,1.2162688143760323,-281.0
v400_s8_p30,400,0.3,h3,4,1.998385347774967,1.816360407929611,10.817068417032715,12.62076545797754,True,True,532.0,227.0,True,True,True,-0.18202493984535595,1.8036970409448259,1.166745459250743,-305.0
v400_s8_p30,400,0.3,h2+3,0,1.9534556509357082,1.8727918188216934,11.24403170903679,13.832834583008662,True,True,532.0,230.0,True,True,True,-0.08066383211401473,2.588802873971872,1.2302379556517313,-302.0
v400_s8_p30,400,0.3,h2+3,1,1.794296987758906,1.8745164977276996,11.480134667013772,14.422685292025562,True,True,532.0,230.0,True,True,True,0.08021950996879368,2.9425506250117905,1.2563167341117272,-302.0
v400_s8_p30,400,0.3,h2+3,2,1.8642450134505153,1.8998587658299737,11.814716166001745,14.529704082990065,True,True,532.0,230.0,True,True,True,0.03561375237945841,2.7149879169883206,1.2297971342554146,-302.0
v400_s8_p30,400,0.3,h2+3,3,1.7570832279365736,1.8793256021810798,11.264331041020341,14.103018291003536,True,True,532.0,251.0,True,True,True,0.12224237424450624,2.838687249983195,1.2520067316599444,-281.0
v400_s8_p30,400,0.3,h2+3,4,2.0376631202868025,1.8628131234425584,10.690720832964871,13.515462917042896,True,True,532.0,227.0,True,True,True,-0.17484999684424407,2.824742084078025,1.264223725248528,-305.0
v400_s8_p50,400,0.5,h2,0,,,3.178751666971948,0.4602181669906713,True,True,438.0,108.0,False,False,False,,-2.7185334999812767,0.14477952832001856,-330.0
v400_s8_p50,400,0.5,h2,1,,,3.2105891249957494,0.5525342499604449,True,True,438.0,108.0,False,False,False,,-2.6580548750353046,0.1720974651221297,-330.0
v400_s8_p50,400,0.5,h2,2,,,3.28585570800351,0.5389004169846885,True,True,438.0,108.0,False,False,False,,-2.7469552910188213,0.16400611130673326,-330.0
v400_s8_p50,400,0.5,h2,3,,,3.0782595420023426,0.5026865410036407,True,True,438.0,108.0,False,False,False,,-2.575573000998702,0.16330219532971993,-330.0
v400_s8_p50,400,0.5,h2,4,,,2.9757467090385035,0.5189818330109119,True,True,438.0,108.0,False,False,False,,-2.4567648760275915,0.17440390051833432,-330.0
v400_s8_p50,400,0.5,h3,0,,2.9121734414112774,3.473758166015614,0.7937875000061467,True,True,438.0,108.0,False,True,False,,-2.679970666009467,0.22850971831370107,-330.0
v400_s8_p50,400,0.5,h3,1,,2.885689170539759,3.4503494579694234,0.8146956250420772,True,True,438.0,108.0,False,True,False,,-2.6356538329273462,0.23611974235257213,-330.0
v400_s8_p50,400,0.5,h3,2,,2.886711056086785,3.501243832986802,0.8331012079725042,True,True,438.0,108.0,False,True,False,,-2.6681426250142977,0.23794435569539055,-330.0
v400_s8_p50,400,0.5,h3,3,,2.8374699223036686,3.403816415986512,0.8283450839808211,True,True,438.0,108.0,False,True,False,,-2.575471332005691,0.24335774399887714,-330.0
v400_s8_p50,400,0.5,h3,4,,2.8516830884003745,3.3570051660062745,0.8349834999535233,True,True,438.0,108.0,False,True,False,,-2.5220216660527512,0.24872869080117543,-330.0
v400_s8_p50,400,0.5,h4,0,,2.952255182419483,13.00161733396817,1.6968154579517432,True,True,508.0,80.0,False,True,False,,-11.304801876016427,0.13050802945250697,-428.0
v400_s8_p50,400,0.5,h4,1,,2.784912966882052,13.432165541977156,1.655084042053204,True,True,428.0,80.0,False,True,False,,-11.777081499923952,0.12321796041605239,-348.0
v400_s8_p50,400,0.5,h4,2,,2.8579388069239924,12.48866883298615,1.7745937090367079,True,True,452.0,80.0,False,True,False,,-10.714075123949442,0.14209630608103707,-372.0
v400_s8_p50,400,0.5,h4,3,,2.8449808250383537,12.650968625035603,1.6985268749995157,True,True,508.0,80.0,False,True,False,,-10.952441750036087,0.13426061871959907,-428.0
v400_s8_p50,400,0.5,h4,4,,2.9861096804431666,12.361587874998804,1.6393977089901455,True,True,508.0,80.0,False,True,False,,-10.722190166008659,0.1326203175164747,-428.0
v400_s8_p50,400,0.5,h2+3,0,,,3.4846159999724478,0.6351789589971304,True,True,438.0,108.0,False,False,False,,-2.8494370409753174,0.18228090527109805,-330.0
v400_s8_p50,400,0.5,h2+3,1,,2.8340140714754143,3.7048966250149533,0.8411049999995157,True,True,438.0,108.0,False,True,False,,-2.8637916250154376,0.22702522772713554,-330.0
v400_s8_p50,400,0.5,h2+3,2,,2.9218780870438197,3.632748584030196,0.8757934580207802,True,True,438.0,108.0,False,True,False,,-2.756955126009416,0.2410828709343736,-330.0
v400_s8_p50,400,0.5,h2+3,3,,3.023012910811849,3.6544559170142747,0.8147285840241238,True,True,438.0,108.0,False,True,False,,-2.839727332990151,0.22294114432491632,-330.0
v400_s8_p50,400,0.5,h2+3,4,,2.8639095431186568,3.67072737502167,0.8581831670016982,True,True,438.0,108.0,False,True,False,,-2.812544208019972,0.23379103902986856,-330.0
v400_s8_p50,400,0.5,h2+3+4,0,,2.980365549763387,15.347022583009675,2.04583595902659,True,True,508.0,80.0,False,True,False,,-13.301186623983085,0.1333050725612072,-428.0
v400_s8_p50,400,0.5,h2+3+4,1,,2.890233168534559,15.890664000005927,1.998283041990362,True,True,428.0,80.0,False,True,False,,-13.892380958015565,0.12575201652930404,-348.0
v400_s8_p50,400,0.5,h2+3+4,2,,2.9334409545233298,14.73217333300272,2.1519133750116453,True,True,452.0,80.0,False,True,False,,-12.580259957991075,0.1460689693482612,-372.0
v400_s8_p50,400,0.5,h2+3+4,3,,2.8862779140810506,14.742606209008954,2.0432400419958867,True,True,508.0,80.0,False,True,False,,-12.699366167013068,0.13859422228529023,-428.0
v400_s8_p50,400,0.5,h2+3+4,4,,2.9038346672205537,14.691570791997947,1.886645624996163,True,True,508.0,80.0,False,True,False,,-12.804925167001784,0.1284168760241595,-428.0
v400_s9_p0,400,0.0,h2,0,1.1979138729555994,1.1970304099277485,28.375264208007138,28.564776792016346,True,True,760.0,756.0,True,True,True,-0.000883463027850917,0.18951258400920779,1.0066787953979908,-4.0
v400_s9_p0,400,0.0,h2,1,1.2026310205100912,1.1949150530031565,29.518803916987963,29.314214874990284,True,True,760.0,756.0,True,True,True,-0.007715967506934707,-0.20458904199767858,0.9930691960767442,-4.0
v400_s9_p0,400,0.0,h2,2,1.19893425957858,1.1995733584368864,29.654996292025317,29.627980958030093,True,True,760.0,756.0,True,True,True,0.000639098858306486,-0.027015333995223045,0.9990890123967917,-4.0
v400_s9_p0,400,0.0,h2,3,1.2061435342543296,1.2022248506508777,28.924249625008088,28.494308041990735,True,True,760.0,756.0,True,True,True,-0.0039186836034519335,-0.42994158301735297,0.9851356011446665,-4.0
v400_s9_p0,400,0.0,h2,4,1.203440181577815,1.2018471233919048,28.85570562502835,28.607497667020652,True,True,760.0,756.0,True,True,True,-0.0015930581859102677,-0.24820795800769702,0.9913983057204323,-4.0
v400_s9_p0,400,0.0,h3,0,1.2762708906969396,1.2454961501207742,60.56322325003566,56.94450262497412,True,True,233.0,351.0,True,True,True,-0.03077474057616536,-3.618720625061542,0.940248876614086,118.0
v400_s9_p0,400,0.0,h3,1,1.257947725055196,1.2638304239644937,57.04438358300831,59.22996266698465,True,True,351.0,310.0,True,True,True,0.005882698909297712,2.185579083976336,1.038313659412166,-41.0
v400_s9_p0,400,0.0,h3,2,1.2802712102459848,1.271413102678912,55.16449925000779,61.31790391600225,True,True,267.0,303.0,True,True,True,-0.008858107567072837,6.153404665994458,1.1115464610329728,36.0
v400_s9_p0,400,0.0,h3,3,1.2910259748880253,1.2744350072701556,63.077916542009916,55.233707416045945,True,True,211.0,276.0,True,True,True,-0.016590967617869712,-7.844209125963971,0.875642545664302,65.0
v400_s9_p0,400,0.0,h3,4,1.2800687585173698,1.2637398865672,54.19688287505414,56.95607579202624,True,True,296.0,288.0,True,True,True,-0.016328871950169743,2.759192916972097,1.0509105463377508,-8.0
v400_s9_p0,400,0.0,h4,0,1.3459522411372942,1.3479458946306382,111.26644770801067,109.3143440830172,True,True,181.0,181.0,True,True,True,0.0019936534933440164,-1.9521036249934696,0.9824555949686086,0.0
v400_s9_p0,400,0.0,h4,1,1.3263752460977973,1.2759443435150926,91.73325675004162,86.46929516701493,True,True,250.0,407.0,True,True,True,-0.05043090258270477,-5.263961583026685,0.9426166499531339,157.0
v400_s9_p0,400,0.0,h4,2,1.3484393881351187,1.2900595541075826,106.38150154199684,87.33475500001805,True,True,213.0,329.0,True,True,True,-0.058379834027536104,-19.04674654197879,0.8209580964181108,116.0
v400_s9_p0,400,0.0,h4,3,1.3478972502216076,1.288337351925021,111.12450745800743,83.54635654197773,True,True,176.0,326.0,True,True,True,-0.05955989829658659,-27.5781509160297,0.7518265633127675,150.0
v400_s9_p0,400,0.0,h4,4,1.342016655926775,1.3028394372512575,103.47021250001853,90.35609833401395,True,True,176.0,252.0,True,True,True,-0.03917721867551749,-13.114114166004583,0.8732571060873946,76.0
v400_s9_p0,400,0.0,h2+3,0,1.2794589382148696,1.2420385713199482,62.637966124981176,58.380970625032205,True,True,233.0,351.0,True,True,True,-0.03742036689492134,-4.256995499948971,0.9320380950515696,118.0
v400_s9_p0,400,0.0,h2+3,1,1.265285627230682,1.2644776660066719,59.644138458999805,60.62867304199608,True,True,351.0,310.0,True,True,True,-0.0008079612240101675,0.9845345829962753,1.0165068120427803,-41.0
v400_s9_p0,400,0.0,h2+3,2,1.287125588497772,1.2717903242004398,56.61829874996329,61.92359687498538,True,True,267.0,303.0,True,True,True,-0.015335264297332118,5.305298125022091,1.0937028883268156,36.0
v400_s9_p0,400,0.0,h2+3,3,1.2886368020961585,1.2655284916833989,64.70877595897764,56.9199758329778,True,True,211.0,276.0,True,True,True,-0.023108310412759625,-7.788800125999842,0.8796330171515285,65.0
v400_s9_p0,400,0.0,h2+3,4,1.2715356259747115,1.2729983217633625,55.74482883402379,58.398999500030186,True,True,296.0,288.0,True,True,True,0.0014626957886509917,2.6541706660063937,1.0476128588341171,-8.0
v400_s9_p0,400,0.0,h2+3+4,0,1.3468825468559307,1.3419903245513438,118.50765479099937,112.9709984579822,True,True,181.0,181.0,True,True,True,-0.004892222304586857,-5.536656333017163,0.9532801797252537,0.0
v400_s9_p0,400,0.0,h2+3+4,1,1.3351671981679198,1.2669541434001628,95.40719254204305,91.85784841602435,True,True,250.0,407.0,True,True,True,-0.06821305476775708,-3.5493441260186955,0.9627979397417589,157.0
v400_s9_p0,400,0.0,h2+3+4,2,1.3512081151453084,1.2994768370692806,111.61755254102172,92.14420787501149,True,True,213.0,329.0,True,True,True,-0.05173127807602773,-19.473344666010235,0.8255351042672846,116.0
v400_s9_p0,400,0.0,h2+3+4,3,1.3458051061474132,1.2926182984943704,112.97126670897705,89.92326499999035,True,True,176.0,326.0,True,True,True,-0.053186807653042845,-23.048001708986703,0.795983506422388,150.0
v400_s9_p0,400,0.0,h2+3+4,4,1.3399386742690522,1.316711023467927,108.27794837503461,94.83878637501039,True,True,176.0,252.0,True,True,True,-0.02322765080112532,-13.439162000024226,0.8758827425001076,76.0
v400_s9_p10,400,0.1,h2,0,1.32823783046711,1.3486051434231996,23.437963042000774,21.252104708983097,True,True,684.0,650.0,True,True,True,0.02036731295608951,-2.185858333017677,0.9067385536404924,-34.0
v400_s9_p10,400,0.1,h2,1,1.3445285969665337,1.351845841204939,24.674433416046668,21.251218832971063,True,True,684.0,650.0,True,True,True,0.007317244238405296,-3.4232145830756053,0.8612647137482247,-34.0
v400_s9_p10,400,0.1,h2,2,1.3440780024131143,1.3498995608740765,24.15163883304922,22.926119791984092,True,True,684.0,650.0,True,True,True,0.005821558460962217,-1.2255190410651267,0.9492573133634261,-34.0
v400_s9_p10,400,0.1,h2,3,1.33471124644529,1.355391111140627,23.832416916964576,21.195080875011627,True,True,684.0,650.0,True,True,True,0.020679864695337002,-2.637336041952949,0.8893382886367844,-34.0
v400_s9_p10,400,0.1,h2,4,1.3389353775477524,1.3596637465213604,23.409039708029013,20.099600375047885,True,True,684.0,650.0,True,True,True,0.02072836897360797,-3.3094393329811282,0.8586255833533388,-34.0
v400_s9_p10,400,0.1,h3,0,1.364883474478943,1.3452051363204438,43.807417917007115,37.31086462503299,True,True,270.0,259.0,True,True,True,-0.019678338158499287,-6.496553291974124,0.8517019810598788,-11.0
v400_s9_p10,400,0.1,h3,1,1.331600198466076,1.3202032399686818,36.57693775004009,33.68063912499929,True,True,267.0,311.0,True,True,True,-0.011396958497394083,-2.8962986250407994,0.9208162628366114,44.0
v400_s9_p10,400,0.1,h3,2,1.3381479421018407,1.3463219197662561,37.222484458005056,32.12560862500686,True,True,285.0,296.0,True,True,True,0.00817397766441541,-5.096875832998194,0.8630699721629661,11.0
v400_s9_p10,400,0.1,h3,3,1.3268896342410357,1.3576770036573738,42.6463010419975,35.92438699997729,True,True,245.0,300.0,True,True,True,0.030787369416338084,-6.721914042020217,0.8423799045220695,55.0
v400_s9_p10,400,0.1,h3,4,1.340306720974177,1.3475737684617222,36.29995312500978,37.01413816702552,True,True,272.0,288.0,True,True,True,0.007267047487545142,0.7141850420157425,1.0196745444699675,16.0
v400_s9_p10,400,0.1,h4,0,1.3374959689644033,1.3445784475726885,73.82781020901166,56.13407216698397,True,True,218.0,300.0,True,True,True,0.007082478608285259,-17.69373804202769,0.7603377644286687,82.0
v400_s9_p10,400,0.1,h4,1,1.3316180496714043,1.3583230050137816,75.3984413750004,58.129667125002015,True,True,219.0,329.0,True,True,True,0.026704955342377268,-17.268774249998387,0.7709664293441995,110.0
v400_s9_p10,400,0.1,h4,2,1.3399640365165277,1.3592113070854606,75.78330887504853,55.74983120796969,True,True,219.0,346.0,True,True,True,0.01924727056893283,-20.03347766707884,0.7356478891663331,127.0
v400_s9_p10,400,0.1,h4,3,1.3344727094913575,1.366770550237933,73.9530696659931,55.99550791695947,True,True,219.0,333.0,True,True,True,0.03229784074657549,-17.95756174903363,0.7571762493411235,114.0
v400_s9_p10,400,0.1,h4,4,1.3381710592213938,1.3883316842639803,74.34984812501352,55.36970233300235,True,True,219.0,338.0,True,True,True,0.05016062504258656,-18.98014579201117,0.7447184322408094,119.0
v400_s9_p10,400,0.1,h2+3,0,1.352112456836357,1.328478331643448,45.213019707996864,38.592770875024144,True,True,270.0,259.0,True,True,True,-0.02363412519290886,-6.62024883297272,0.8535764946528933,-11.0
v400_s9_p10,400,0.1,h2+3,1,1.3389952195443173,1.328514440312792,38.06190383300418,35.056607500009704,True,True,267.0,311.0,True,True,True,-0.01048077923152535,-3.005296332994476,0.9210418809794657,44.0
v400_s9_p10,400,0.1,h2+3,2,1.343348705409653,1.3325320156632547,38.63093254104024,33.94236187497154,True,True,285.0,296.0,True,True,True,-0.010816689746398156,-4.688570666068699,0.8786316985465542,11.0
v400_s9_p10,400,0.1,h2+3,3,1.3304096402340706,1.34815629398635,44.115670417028014,37.34608691598987,True,True,245.0,300.0,True,True,True,0.017746653752279462,-6.7695835010381415,0.846549232119905,55.0
v400_s9_p10,400,0.1,h2+3,4,1.3434759370704707,1.3574570181995147,37.62970074999612,37.936901542008854,True,True,272.0,288.0,True,True,True,0.013981081129043949,0.3072007920127362,1.008163785145508,16.0
v400_s9_p10,400,0.1,h2+3+4,0,1.3484408417154865,1.3478395397275558,78.38957970804768,60.07131966599263,True,True,218.0,301.0,True,True,True,-0.0006013019879307357,-18.318260042055044,0.7663176647932143,83.0
v400_s9_p10,400,0.1,h2+3+4,1,1.3505681136013281,1.3501862093950272,79.62501804198837,62.07254720898345,True,True,219.0,329.0,True,True,True,-0.00038190420630090927,-17.552470833004918,0.7795608558135706,110.0
v400_s9_p10,400,0.1,h2+3+4,2,1.337435304489892,1.364531068962343,80.70543287496548,59.55529537500115,True,True,219.0,347.0,True,True,True,0.02709576447245121,-21.15013749996433,0.7379341545354002,128.0
v400_s9_p10,400,0.1,h2+3+4,3,1.3374311007321285,1.3633878167617,78.17577216605423,59.73036641697399,True,True,219.0,336.0,True,True,True,0.025956716029571503,-18.445405749080237,0.764052145082749,117.0
v400_s9_p10,400,0.1,h2+3+4,4,1.3373528007189064,1.3578246732542711,77.39554454101017,59.06501887500053,True,True,219.0,339.0,True,True,True,0.020471872535364755,-18.330525666009635,0.7631578694262342,120.0
v400_s9_p30,400,0.3,h2,0,,2.1546767041901305,7.645837542018853,3.11863608303247,True,True,532.0,331.0,False,True,False,,-4.527201458986383,0.40788678361180647,-201.0
v400_s9_p30,400,0.3,h2,1,2.2642109489269093,2.2645299764951847,8.46681983396411,3.0728667079820298,True,True,532.0,331.0,True,True,True,0.00031902756827539847,-5.39395312598208,0.3629304471149156,-201.0
v400_s9_p30,400,0.3,h2,2,,2.1156606868818932,8.209963915986009,3.263557958009187,True,True,532.0,331.0,False,True,False,,-4.946405957976822,0.3975118516239224,-201.0
v400_s9_p30,400,0.3,h2,3,2.21339622824356,,8.516564792022109,2.8118792500463314,True,True,532.0,331.0,True,False,False,,-5.704685541975778,0.3301658965455601,-201.0
v400_s9_p30,400,0.3,h2,4,,2.081611312749037,7.753586790990084,3.1825110830250196,True,True,532.0,331.0,False,True,False,,-4.571075707965065,0.41045662721196324,-201.0
v400_s9_p30,400,0.3,h3,0,1.8629853298055774,1.812990563241905,29.66737658402417,4.225806000002194,True,True,371.0,331.0,True,True,True,-0.04999476656367241,-25.441570584021974,0.14243949032816686,-40.0
v400_s9_p30,400,0.3,h3,1,1.999370992653589,1.9565894662562386,32.560827084002085,4.956509249983355,True,True,384.0,331.0,True,True,True,-0.04278152639735033,-27.60431783401873,0.15222307582041142,-53.0
v400_s9_p30,400,0.3,h3,2,1.8198698257520554,1.9878925342217801,29.90377262502443,4.729946875013411,True,True,371.0,331.0,True,True,True,0.16802270846972478,-25.17382575001102,0.158172245834134,-40.0
v400_s9_p30,400,0.3,h3,3,1.94472342369477,1.997849771194938,33.08811708400026,4.557812959013972,True,True,384.0,331.0,True,True,True,0.05312634750016798,-28.530304124986287,0.1377477282083815,-53.0
v400_s9_p30,400,0.3,h3,4,1.8597598088035547,1.9727788297455573,29.642402666970156,4.180481625022367,True,True,371.0,331.0,True,True,True,0.11301902094200256,-25.46192104194779,0.14103045802291123,-40.0
v400_s9_p30,400,0.3,h4,0,,1.9376112968529537,22.45773249998456,11.7885229170206,True,True,303.0,214.0,False,True,False,,-10.669209582963958,0.524920444084402,-89.0
v400_s9_p30,400,0.3,h4,1,,1.74211475682813,22.834925708011724,13.848382791969925,True,True,317.0,178.0,False,True,False,,-8.986542916041799,0.606456222763675,-139.0
v400_s9_p30,400,0.3,h4,2,,1.746875137383902,23.23832154198317,14.135915249993559,True,True,352.0,178.0,False,True,False,,-9.10240629198961,0.6083019044406937,-174.0
v400_s9_p30,400,0.3,h4,3,,1.8483603041141046,21.800975457997993,13.421013250015676,True,True,314.0,164.0,False,True,False,,-8.379962207982317,0.6156152634487734,-150.0
v400_s9_p30,400,0.3,h4,4,,1.831438489821215,24.466875959013123,13.080492417037021,True,True,333.0,201.0,False,True,False,,-11.386383541976102,0.5346204574278075,-132.0
v400_s9_p30,400,0.3,h2+3,0,1.8187886130523045,2.0290331203010146,30.231669583008625,4.604763625015039,True,True,371.0,331.0,True,True,True,0.21024450724871002,-25.626905957993586,0.1523158888850484,-40.0
v400_s9_p30,400,0.3,h2+3,1,1.9712753512174779,2.003913049643044,33.477899292018265,5.18238625000231,True,True,384.0,331.0,True,True,True,0.0326376984255663,-28.295513042015955,0.15480022222415504,-53.0
v400_s9_p30,400,0.3,h2+3,2,1.8385972054788344,1.9126348390279164,31.75633875001222,4.9070116659859195,True,True,371.0,331.0,True,True,True,0.074037633549082,-26.8493270840263,0.15452069914652966,-40.0
v400_s9_p30,400,0.3,h2+3,3,1.9585511444308497,1.9741996187004718,32.78887070796918,5.113011583976913,True,True,384.0,331.0,True,True,True,0.015648474269622126,-27.675859123992268,0.15593741027299912,-53.0
v400_s9_p30,400,0.3,h2+3,4,1.8291363639383555,1.9507933903074564,30.58246612502262,4.726207917032298,True,True,371.0,331.0,True,True,True,0.1216570263691008,-25.856258207990322,0.15453979079748925,-40.0
v400_s9_p30,400,0.3,h2+3+4,0,1.9811918286593455,1.88990878992313,25.815924208029173,13.465601541975047,True,True,264.0,214.0,True,True,True,-0.09128303873621557,-12.350322666054126,0.5216005994388155,-50.0
v400_s9_p30,400,0.3,h2+3+4,1,,1.7868005952624637,25.42141587496735,15.72111133398721,True,True,300.0,179.0,False,True,False,,-9.700304540980142,0.6184199735888,-121.0
v400_s9_p30,400,0.3,h2+3+4,2,,1.843861867382722,26.721497791004367,15.90513066702988,True,True,352.0,179.0,False,True,False,,-10.816367123974487,0.595218531215127,-173.0
v400_s9_p30,400,0.3,h2+3+4,3,,1.8674861843124895,24.88935441704234,15.49544208298903,True,True,314.0,166.0,False,True,False,,-9.393912334053311,0.622573081782263,-148.0
v400_s9_p30,400,0.3,h2+3+4,4,,1.8344375162861617,27.411877667007502,15.202296959003434,True,True,333.0,202.0,False,True,False,,-12.209580708004069,0.55458794700885,-131.0
v400_s9_p50,400,0.5,h2,0,,2.9638413849765324,3.4045766250346787,0.7041186660062522,True,True,438.0,103.0,False,True,False,,-2.7004579590284266,0.20681533816237138,-335.0
v400_s9_p50,400,0.5,h2,1,,2.624300380965994,3.403258583974093,0.6952118330518715,True,True,438.0,103.0,False,True,False,,-2.7080467509222217,0.20427828679419668,-335.0
v400_s9_p50,400,0.5,h2,2,,,3.5193883340107277,0.5534719160059467,True,True,438.0,103.0,False,False,False,,-2.965916418004781,0.15726366728482188,-335.0
v400_s9_p50,400,0.5,h2,3,,2.741135798886545,3.1855532079935074,0.6742324999650009,True,True,438.0,103.0,False,True,False,,-2.5113207080285065,0.2116531904955,-335.0
v400_s9_p50,400,0.5,h2,4,,,3.3231184579781257,0.5381292499951087,True,True,438.0,103.0,False,False,False,,-2.784989207983017,0.1619350188083638,-335.0
v400_s9_p50,400,0.5,h3,0,,2.5711630541442703,3.654934875026811,0.8286141250282526,True,True,438.0,103.0,False,True,False,,-2.8263207499985583,0.22671105050050291,-335.0
v400_s9_p50,400,0.5,h3,1,,2.8501189652602528,3.7034643749939278,0.7922002500272356,True,True,438.0,103.0,False,True,False,,-2.911264124966692,0.2139078899681692,-335.0
v400_s9_p50,400,0.5,h3,2,,2.4002557875316617,3.7640575830009766,0.7860055000055581,True,True,438.0,103.0,False,True,False,,-2.9780520829954185,0.2088186704569217,-335.0
v400_s9_p50,400,0.5,h3,3,,2.8338067987979345,3.586706166039221,0.8433603749726899,True,True,438.0,103.0,False,True,False,,-2.743345791066531,0.2351350615107699,-335.0
v400_s9_p50,400,0.5,h3,4,,2.586848372280383,3.5362309999763966,0.8064085419755429,True,True,438.0,103.0,False,True,False,,-2.7298224580008537,0.22804181683292904,-335.0
v400_s9_p50,400,0.5,h4,0,,2.478603027967635,12.611653917003423,1.9100349589716643,True,True,400.0,82.0,False,True,False,,-10.701618958031759,0.15144999787827162,-318.0
v400_s9_p50,400,0.5,h4,1,,2.603237613573598,12.713836500013713,1.8751644999720156,True,True,400.0,82.0,False,True,False,,-10.838672000041697,0.14749005935147846,-318.0
v400_s9_p50,400,0.5,h4,2,,2.5418611197892362,12.690772000001743,1.9105770830065012,True,True,462.0,71.0,False,True,False,,-10.780194916995242,0.1505485310906412,-391.0
v400_s9_p50,400,0.5,h4,3,,2.4562387518929554,12.358500375004951,1.7559029590338469,True,True,400.0,71.0,False,True,False,,-10.602597415971104,0.14208058467879792,-329.0
v400_s9_p50,400,0.5,h4,4,,2.4390893538566676,12.419523166958243,1.8218505830154754,True,True,400.0,71.0,False,True,False,,-10.597672583942767,0.14669247430227053,-329.0
v400_s9_p50,400,0.5,h2+3,0,,2.850836997667322,3.9858342919615097,0.82032200001413,True,True,438.0,103.0,False,True,False,,-3.1655122919473797,0.20580935882571097,-335.0
v400_s9_p50,400,0.5,h2+3,1,,2.863244652255895,4.147034165973309,0.8685070830397308,True,True,438.0,103.0,False,True,False,,-3.2785270829335786,0.20942848510048195,-335.0
v400_s9_p50,400,0.5,h2+3,2,,2.771157929142302,4.2072727080085315,0.8636557499994524,True,True,438.0,103.0,False,True,False,,-3.343616958009079,0.2052768645957953,-335.0
v400_s9_p50,400,0.5,h2+3,3,,2.8272774119063597,3.7642715419642627,0.7941898329881951,True,True,438.0,103.0,False,True,False,,-2.9700817089760676,0.21098101561870136,-335.0
v400_s9_p50,400,0.5,h2+3,4,,2.672276993548654,3.9695325000211596,0.8104963329969905,True,True,438.0,103.0,False,True,False,,-3.159036167024169,0.2041792913882605,-335.0
v400_s9_p50,400,0.5,h2+3+4,0,,2.4957154442370797,14.955550332961138,2.270775417040568,True,True,400.0,82.0,False,True,False,,-12.68477491592057,0.15183496203653,-318.0
v400_s9_p50,400,0.5,h2+3+4,1,,2.5179758566426402,15.336352000012994,2.391665625036694,True,True,400.0,82.0,False,True,False,,-12.9446863749763,0.15594749162217114,-318.0
v400_s9_p50,400,0.5,h2+3+4,2,,2.5252463419931654,15.360650791961234,2.286731290980242,True,True,462.0,71.0,False,True,False,,-13.073919500980992,0.14886942760113842,-391.0
v400_s9_p50,400,0.5,h2+3+4,3,,2.4951785089084426,14.847702333005145,2.176291375013534,True,True,400.0,71.0,False,True,False,,-12.671410957991611,0.14657428645884343,-329.0
v400_s9_p50,400,0.5,h2+3+4,4,,2.4508890393993044,15.027934792044107,2.319548750005197,True,True,400.0,71.0,False,True,False,,-12.70838604203891,0.15434913593271526,-329.0
v500_s0_p0,500,0.0,h2,0,1.1824583737492325,1.1898702773873597,34.37872687494382,34.23233395797433,True,True,967.0,963.0,True,True,True,0.007411903638127271,-0.1463929169694893,0.9957417586316675,-4.0
v500_s0_p0,500,0.0,h2,1,1.1825097414255386,1.189370141535142,47.267679167038295,46.79943816701416,True,True,967.0,963.0,True,True,True,0.006860400109603537,-0.46824100002413616,0.9900938440753685,-4.0
v500_s0_p0,500,0.0,h2,2,1.1823546534702134,1.182975631870131,47.89170712500345,48.00511191703845,True,True,967.0,963.0,True,True,True,0.0006209783999175933,0.11340479203499854,1.0023679421520515,-4.0
v500_s0_p0,500,0.0,h2,3,1.1869870737708,1.1848192896495482,46.329409792029765,45.89012012502644,True,True,967.0,963.0,True,True,True,-0.002167784121251737,-0.4392896670033224,0.9905181251180347,-4.0
v500_s0_p0,500,0.0,h2,4,1.1877758322966943,1.1847336780517703,45.93950949999271,45.307107333967,True,True,967.0,963.0,True,True,True,-0.0030421542449239336,-0.6324021660257131,0.9862340244180053,-4.0
v500_s0_p0,500,0.0,h3,0,1.2699480298895223,1.2508167634497216,76.3476410000003,71.0325213749893,True,True,339.0,388.0,True,True,True,-0.019131266439800676,-5.315119625010993,0.9303826607424456,49.0
v500_s0_p0,500,0.0,h3,1,1.284299663510054,1.2814370748333408,102.01791012502508,103.46337895898614,True,True,298.0,352.0,True,True,True,-0.0028625886767132958,1.4454688339610584,1.0141687751904505,54.0
v500_s0_p0,500,0.0,h3,2,1.256968975946454,1.244154260676532,98.62860433303285,98.6510394999641,True,True,420.0,400.0,True,True,True,-0.012814715269922061,0.022435166931245476,1.0002274711994859,-20.0
v500_s0_p0,500,0.0,h3,3,1.2602973012474854,1.2600817761717362,103.42316716699861,109.58167520799907,True,True,334.0,304.0,True,True,True,-0.0002155250757491789,6.158508041000459,1.0595466974150602,-30.0
v500_s0_p0,500,0.0,h3,4,1.2827973900656762,1.2668982536402476,127.50657987501472,95.12648608302698,True,True,238.0,405.0,True,True,True,-0.015899136425428617,-32.38009379198775,0.7460515855438397,167.0
v500_s0_p0,500,0.0,h4,0,1.3328349879825865,1.307074753064718,153.58028300001752,151.05955962499138,True,True,251.0,289.0,True,True,True,-0.025760234917868496,-2.5207233750261366,0.983586933649381,38.0
v500_s0_p0,500,0.0,h4,1,1.3429855385261948,1.3305775175512697,215.9067893330357,250.73235104198102,True,True,238.0,239.0,True,True,True,-0.012408020974925105,34.825561708945315,1.1612990578782911,1.0
v500_s0_p0,500,0.0,h4,2,1.3460183672628363,1.3315428887404823,220.89079179102555,237.5508934169775,True,True,239.0,256.0,True,True,True,-0.01447547852235398,16.66010162595194,1.0754223455440066,17.0
v500_s0_p0,500,0.0,h4,3,1.3380007747889129,1.3246524528769794,251.78129650000483,163.38527850003447,True,True,222.0,346.0,True,True,True,-0.01334832191193347,-88.39601799997035,0.6489174564244542,124.0
v500_s0_p0,500,0.0,h4,4,1.3147044629640574,1.3212388142002367,163.30842449999182,222.75556174997473,True,True,274.0,248.0,True,True,True,0.006534351236179292,59.447137249982916,1.3640175785909066,-26.0
v500_s0_p0,500,0.0,h2+3,0,1.2760033547306662,1.2515238276461442,76.49558066600002,74.07243754196679,True,True,339.0,388.0,True,True,True,-0.024479527084521946,-2.4231431240332313,0.9683230965379123,49.0
v500_s0_p0,500,0.0,h2+3,1,1.2807685512718225,1.2756822856698795,101.4702803749824,104.84085883299122,True,True,298.0,352.0,True,True,True,-0.00508626560194303,3.370578458008822,1.0332173957295958,54.0
v500_s0_p0,500,0.0,h2+3,2,1.2533619675868821,1.2425648063777583,99.94571745797293,101.95689737499924,True,True,420.0,400.0,True,True,True,-0.010797161209123773,2.011179917026311,1.02012272229545,-20.0
v500_s0_p0,500,0.0,h2+3,3,1.2561399509933802,1.2552439050127506,106.14399629202671,113.25653675000649,True,True,334.0,304.0,True,True,True,-0.000896045980629534,7.112540457979776,1.067008410333558,-30.0
v500_s0_p0,500,0.0,h2+3,4,1.286391224206725,1.2703039285576898,126.78451320901513,97.62056737503735,True,True,238.0,405.0,True,True,True,-0.016087295649035216,-29.163945833977778,0.7699723326152736,167.0
v500_s0_p0,500,0.0,h2+3+4,0,1.3354481707909172,1.3135035529979204,154.91450945899123,155.30511208297685,True,True,251.0,289.0,True,True,True,-0.021944617792996723,0.3906026239856146,1.002521407616044,38.0
v500_s0_p0,500,0.0,h2+3+4,1,1.3433179483093658,1.3324442939595451,220.87321266595973,266.350384041958,True,True,238.0,239.0,True,True,True,-0.010873654349820683,45.477171375998296,1.2058971788705597,1.0
v500_s0_p0,500,0.0,h2+3+4,2,1.3394312322892514,1.3359125126283629,229.50927633297397,243.48432533297455,True,True,239.0,256.0,True,True,True,-0.0035187196608885696,13.975049000000581,1.0608909984959627,17.0
v500_s0_p0,500,0.0,h2+3+4,3,1.3422351449405896,1.306733874244992,254.41569362499285,176.57917329098564,True,True,222.0,346.0,True,True,True,-0.0355012706955975,-77.83652033400722,0.6940577083710183,124.0
v500_s0_p0,500,0.0,h2+3+4,4,1.3262742511255885,1.335805186991332,167.94225995900342,231.37668383395066,True,True,274.0,248.0,True,True,True,0.009530935865743606,63.43442387494724,1.3777156737704512,-26.0
v500_s0_p10,500,0.1,h2,0,1.292113852504244,1.3066682988686842,28.618790166976396,24.65304904099321,True,True,870.0,813.0,True,True,True,0.014554446364440254,-3.965741125983186,0.8614287640097621,-57.0
v500_s0_p10,500,0.1,h2,1,1.2819121056166014,1.2916994711323422,41.75203058304032,32.037560749973636,True,True,870.0,813.0,True,True,True,0.009787365515740776,-9.714469833066687,0.7673294041652502,-57.0
v500_s0_p10,500,0.1,h2,2,1.2882809535047275,1.300121743050099,41.944856540998444,32.926416332949884,True,True,870.0,813.0,True,True,True,0.0118407895453716,-9.01844020804856,0.7849929418823115,-57.0
v500_s0_p10,500,0.1,h2,3,1.2920325828721675,1.2883534904889966,39.96307862503454,32.50587716704467,True,True,870.0,813.0,True,True,True,-0.003679092383170879,-7.457201457989868,0.8133977232345067,-57.0
v500_s0_p10,500,0.1,h2,4,1.3101790128930018,1.2867386620933097,39.13054462498985,31.585264166991692,True,True,870.0,813.0,True,True,True,-0.02344035079969209,-7.54528045799816,0.8071767073443814,-57.0
v500_s0_p10,500,0.1,h3,0,1.3142275143690245,1.3318244220874007,42.038264792005066,42.38452420802787,True,True,420.0,343.0,True,True,True,0.017596907718376187,0.34625941602280363,1.008236767567263,-77.0
v500_s0_p10,500,0.1,h3,1,1.310911358906867,1.3121619556156596,60.16767916700337,53.85800658300286,True,True,402.0,377.0,True,True,True,0.001250596708792573,-6.309672584000509,0.8951318603051452,-25.0
v500_s0_p10,500,0.1,h3,2,1.3237563554467218,1.3235971296417932,60.4684072919772,57.208364165970124,True,True,377.0,374.0,True,True,True,-0.00015922580492855332,-3.2600431260070764,0.9460868365481223,-3.0
v500_s0_p10,500,0.1,h3,3,1.3142387563399651,1.3163011122685313,58.490266749984585,60.30976295802975,True,True,443.0,428.0,True,True,True,0.002062355928566184,1.819496208045166,1.0311076749884311,-15.0
v500_s0_p10,500,0.1,h3,4,1.2995754591577071,1.3264935256220947,59.77102283301065,57.152611750003416,True,True,439.0,336.0,True,True,True,0.026918066464387547,-2.6184110830072314,0.9561926338399362,-103.0
v500_s0_p10,500,0.1,h4,0,1.3532223208921306,1.350871816035294,89.53940004098695,89.43962879199535,True,True,311.0,308.0,True,True,True,-0.0023505048568366327,-0.09977124899160117,0.9988857279706371,-3.0
v500_s0_p10,500,0.1,h4,1,1.3568071554354162,1.3493412998347283,132.4229461249779,125.45842924999306,True,True,307.0,273.0,True,True,True,-0.0074658556006879095,-6.964516874984838,0.9474070236406621,-34.0
v500_s0_p10,500,0.1,h4,2,1.353040536086323,1.3456183333892076,128.8260074579739,122.25839945895132,True,True,268.0,268.0,True,True,True,-0.007422202697115354,-6.567607999022584,0.9490195487028107,0.0
v500_s0_p10,500,0.1,h4,3,1.3539766525722536,1.352075919360978,123.46410983294481,119.13398341601714,True,True,268.0,291.0,True,True,True,-0.001900733211275707,-4.330126416927669,0.9649280554260942,23.0
v500_s0_p10,500,0.1,h4,4,1.34550863273063,1.3523240885281793,130.08592095796485,126.26491900003748,True,True,269.0,265.0,True,True,True,0.006815455797549275,-3.821001957927365,0.9706270906967552,-4.0
v500_s0_p10,500,0.1,h2+3,0,1.3156183028313064,1.326462512915262,43.132824458007235,44.72165966697503,True,True,420.0,343.0,True,True,True,0.010844210083955641,1.5888352089677937,1.0368358721909026,-77.0
v500_s0_p10,500,0.1,h2+3,1,1.3253184130172162,1.3070393026105729,62.179153624980245,56.210296000004746,True,True,402.0,377.0,True,True,True,-0.018279110406643317,-5.968857624975499,0.9040054861316489,-25.0
v500_s0_p10,500,0.1,h2+3,2,1.3135608751263401,1.32124748820068,62.93944745801855,59.80774754198501,True,True,377.0,374.0,True,True,True,0.007686613074339821,-3.13169991603354,0.9502426531767311,-3.0
v500_s0_p10,500,0.1,h2+3,3,1.307828172610365,1.3179978001882462,61.22626145801041,62.65368258301169,True,True,443.0,428.0,True,True,True,0.01016962757788109,1.427421125001274,1.0233138704047806,-15.0
v500_s0_p10,500,0.1,h2+3,4,1.3082416564747967,1.3337217010422133,62.04148412501672,58.74379295902327,True,True,439.0,336.0,True,True,True,0.025480044567416593,-3.297691165993456,0.9468469974163023,-103.0
v500_s0_p10,500,0.1,h2+3+4,0,1.3541942475413309,1.3468676410173754,93.05948016699404,93.21097079099854,True,True,311.0,311.0,True,True,True,-0.007326606523955448,0.1514906240045093,1.0016278902883688,0.0
v500_s0_p10,500,0.1,h2+3+4,1,1.3492803857924955,1.3471791336507817,141.11762587499106,129.19895437499508,True,True,309.0,275.0,True,True,True,-0.0021012521417138608,-11.91867149999598,0.9155408728987963,-34.0
v500_s0_p10,500,0.1,h2+3+4,2,1.3536767942594452,1.3374468976763048,132.88605349999852,126.99154345801799,True,True,268.0,270.0,True,True,True,-0.016229896583140446,-5.8945100419805385,0.9556423726438636,2.0
v500_s0_p10,500,0.1,h2+3+4,3,1.3500680203426323,1.34735052924398,130.2122927500168,124.56302329199389,True,True,268.0,293.0,True,True,True,-0.0027174910986522693,-5.6492694580229,0.9566149298294867,25.0
v500_s0_p10,500,0.1,h2+3+4,4,1.3377830051569672,1.3492967681493149,133.62252866697963,131.5346055830014,True,True,269.0,267.0,True,True,True,0.011513762992347631,-2.0879230839782394,0.984374468101993,-2.0
v500_s0_p30,500,0.3,h2,0,2.2065074293287714,1.9156318754169366,10.973018874996342,4.444744665990584,True,True,677.0,431.0,True,True,True,-0.29087555391183484,-6.528274209005758,0.405061243093147,-246.0
v500_s0_p30,500,0.3,h2,1,1.944276549476738,1.9161152258385359,15.394410874985624,5.700925625045784,True,True,677.0,431.0,True,True,True,-0.028161323638202118,-9.69348524993984,0.37032437755115505,-246.0
v500_s0_p30,500,0.3,h2,2,2.4121478694348895,1.8838645974598045,15.255114250001498,6.310315832961351,True,True,677.0,431.0,True,True,True,-0.528283271975085,-8.944798417040147,0.41365247939462213,-246.0
v500_s0_p30,500,0.3,h2,3,,,13.807081207982264,5.140197708969936,True,True,677.0,431.0,False,False,False,,-8.666883499012329,0.3722870628151475,-246.0
v500_s0_p30,500,0.3,h2,4,2.0208960309921067,1.9018594751036009,14.61676812497899,5.777473583002575,True,True,677.0,431.0,True,True,True,-0.11903655588850581,-8.839294541976415,0.39526340799846815,-246.0
v500_s0_p30,500,0.3,h3,0,1.7280476356172845,1.780446632350635,30.381574207975063,16.11376208398724,True,True,334.0,360.0,True,True,True,0.05239899673335047,-14.267812123987824,0.530379432404705,26.0
v500_s0_p30,500,0.3,h3,1,1.7794897182093723,1.7542852025277418,54.51449908397626,22.23751354200067,True,True,351.0,360.0,True,True,True,-0.025204515681630513,-32.27698554197559,0.40791924929448836,9.0
v500_s0_p30,500,0.3,h3,2,1.7691692770466338,1.7197705465905884,40.90254120901227,22.42076750000706,True,True,328.0,360.0,True,True,True,-0.04939873045604548,-18.48177370900521,0.5481509665973266,32.0
v500_s0_p30,500,0.3,h3,3,1.7380530174965794,1.7336557701392112,55.51906104205409,21.47336333396379,True,True,342.0,363.0,True,True,True,-0.004397247357368128,-34.0456977080903,0.386774612735225,21.0
v500_s0_p30,500,0.3,h3,4,1.7159876875978277,1.765147907160069,51.18383429199457,21.277423583029304,True,True,329.0,363.0,True,True,True,0.04916021956224137,-29.906410708965268,0.4157059328858684,34.0
v500_s0_p30,500,0.3,h4,0,1.6520170093583224,1.6644737908754812,28.141601374954917,14.2122862500255,True,True,251.0,228.0,True,True,True,0.012456781517158788,-13.929315124929417,0.5050276301146799,-23.0
v500_s0_p30,500,0.3,h4,1,1.6681092537635362,1.740097119252719,39.40830183302751,18.05894062499283,True,True,250.0,275.0,True,True,True,0.07198786548918279,-21.34936120803468,0.4582521901478612,25.0
v500_s0_p30,500,0.3,h4,2,1.7111889793480557,1.7445262429464876,39.09175449999748,20.702073291991837,True,True,254.0,280.0,True,True,True,0.03333726359843192,-18.38968120800564,0.529576468408272,26.0
v500_s0_p30,500,0.3,h4,3,1.718548082677709,1.7759818923838209,32.891097832995,20.07039650005754,True,True,369.0,251.0,True,True,True,0.05743380970611178,-12.82070133293746,0.6102075583480142,-118.0
v500_s0_p30,500,0.3,h4,4,1.6463276356535197,1.6534078467073205,38.79329566704109,19.512639499967918,True,True,252.0,230.0,True,True,True,0.007080211053800856,-19.280656167073175,0.5029899925864231,-22.0
v500_s0_p30,500,0.3,h2+3,0,1.6885930941247072,1.8085608642932702,31.498091458983254,16.850497958017513,True,True,334.0,360.0,True,True,True,0.11996777016856308,-14.64759350096574,0.5349688561276862,26.0
v500_s0_p30,500,0.3,h2+3,1,1.6856630170278055,1.7765622082305685,56.155415416986216,23.098241416970268,True,True,351.0,360.0,True,True,True,0.09089919120276302,-33.05717400001595,0.4113270509255885,9.0
v500_s0_p30,500,0.3,h2+3,2,1.6958154636719254,1.7036518491964567,42.15088408300653,23.40384650003398,True,True,328.0,360.0,True,True,True,0.007836385524531364,-18.747037582972553,0.5552397537841781,32.0
v500_s0_p30,500,0.3,h2+3,3,1.6914597749375513,1.6899410511108546,57.2225246669841,23.136856291035656,True,True,342.0,363.0,True,True,True,-0.0015187238266967107,-34.085668375948444,0.4043312738416279,21.0
v500_s0_p30,500,0.3,h2+3,4,1.6581577087223147,1.7477685988652438,53.299273083976004,22.323770291986875,True,True,329.0,363.0,True,True,True,0.08961089014292911,-30.97550279198913,0.41883817546281576,34.0
v500_s0_p30,500,0.3,h2+3+4,0,1.6954856759262995,1.6596055112733734,30.41632241703337,15.904057666019071,True,True,250.0,230.0,True,True,True,-0.035880164652926094,-14.5122647510143,0.5228790465842997,-20.0
v500_s0_p30,500,0.3,h2+3+4,1,1.6680914625324141,1.734775145987022,42.57797245902475,20.077618707960937,True,True,249.0,278.0,True,True,True,0.06668368345460784,-22.500353751063813,0.4715494315113946,29.0
v500_s0_p30,500,0.3,h2+3+4,2,1.679042780274651,1.6823755479585576,42.52636158303358,22.480691041972023,True,True,253.0,280.0,True,True,True,0.0033327676839065568,-20.045670541061554,0.5286295418919867,27.0
v500_s0_p30,500,0.3,h2+3+4,3,1.7091900263591273,1.7179499416802717,36.12335045798682,22.218011791992467,True,True,369.0,251.0,True,True,True,0.008759915321144396,-13.90533866599435,0.6150595531782989,-118.0
v500_s0_p30,500,0.3,h2+3+4,4,1.6767368559135338,1.6747326037233294,41.80423720902763,21.78278541599866,True,True,251.0,231.0,True,True,True,-0.002004252190204392,-20.021451793028973,0.52106644852964,-20.0
v500_s0_p50,500,0.5,h2,0,,2.9896105189893936,3.5444347910233773,0.6799358749995008,True,True,547.0,119.0,False,True,False,,-2.8644989160238765,0.19183196054883106,-428.0
v500_s0_p50,500,0.5,h2,1,,,4.805845374998171,0.6107786250067875,True,True,547.0,119.0,False,False,False,,-4.195066749991383,0.1270907774487064,-428.0
v500_s0_p50,500,0.5,h2,2,,,4.83024291699985,0.6773311249562539,True,True,547.0,119.0,False,False,False,,-4.1529117920435965,0.1402271348657049,-428.0
v500_s0_p50,500,0.5,h2,3,,2.8956830537142304,4.667531084036455,0.8412672080448829,True,True,547.0,119.0,False,True,False,,-3.8262638759915717,0.18023815865353804,-428.0
v500_s0_p50,500,0.5,h2,4,,,4.516723832988646,0.6271270000142977,True,True,547.0,119.0,False,False,False,,-3.889596832974348,0.13884554894279147,-428.0
v500_s0_p50,500,0.5,h3,0,,2.8097650334278734,3.5094337500049733,0.7947785420110449,True,True,547.0,119.0,False,True,False,,-2.7146552079939283,0.22646916814141843,-428.0
v500_s0_p50,500,0.5,h3,1,,2.891182785077797,4.949498417030554,1.0911355839925818,True,True,547.0,119.0,False,True,False,,-3.8583628330379725,0.22045376966646396,-428.0
v500_s0_p50,500,0.5,h3,2,,2.803519672954222,5.098791667027399,1.0840141249937005,True,True,547.0,119.0,False,True,False,,-4.014777542033698,0.21260216062635914,-428.0
v500_s0_p50,500,0.5,h3,3,,2.7597241015958933,4.763980207964778,1.0912496249657124,True,True,547.0,119.0,False,True,False,,-3.6727305829990655,0.22906258576416413,-428.0
v500_s0_p50,500,0.5,h3,4,,2.844131189654812,4.838920457987115,1.085466583026573,True,True,547.0,119.0,False,True,False,,-3.7534538749605417,0.2243199888179405,-428.0
v500_s0_p50,500,0.5,h2+3,0,,2.640484142686172,3.926697500050068,0.8356051670270972,True,True,547.0,119.0,False,True,False,,-3.0910923330229707,0.21280100313722733,-428.0
v500_s0_p50,500,0.5,h2+3,1,,2.8082617498920865,5.370189999986906,1.1204604170052335,True,True,547.0,119.0,False,True,False,,-4.249729582981672,0.20864446453625765,-428.0
v500_s0_p50,500,0.5,h2+3,2,,2.646034148204485,5.346136333013419,1.109284000005573,True,True,547.0,119.0,False,True,False,,-4.236852333007846,0.2074926509366271,-428.0
v500_s0_p50,500,0.5,h2+3,3,,2.9194456861442797,5.254931624978781,1.0974557090085,True,True,547.0,119.0,False,True,False,,-4.157475915970281,0.20884300450111593,-428.0
v500_s0_p50,500,0.5,h2+3,4,,2.7873086085628467,5.074589541007299,1.0590284169884399,True,True,547.0,119.0,False,True,False,,-4.015561124018859,0.20869242890100312,-428.0
v500_s1_p0,500,0.0,h2,0,1.1849474874330113,1.1788796745613128,34.17165895900689,34.44167950004339,True,True,967.0,963.0,True,True,True,-0.006067812871698441,0.2700205410365015,1.0079018856345379,-4.0
v500_s1_p0,500,0.0,h2,1,1.1871733203999089,1.1899585804459745,47.21215629199287,47.528167707961984,True,True,967.0,963.0,True,True,True,0.0027852600460656074,0.31601141596911475,1.0066934332339044,-4.0
v500_s1_p0,500,0.0,h2,2,1.1893449897011081,1.1859957953565397,46.976356750004925,47.20852029201342,True,True,967.0,963.0,True,True,True,-0.0033491943445684846,0.2321635420084931,1.0049421359609474,-4.0
v500_s1_p0,500,0.0,h2,3,1.1842148580709067,1.186649493475032,46.12609854101902,46.04415741597768,True,True,967.0,963.0,True,True,True,0.0024346354041253626,-0.08194112504133955,0.998223540953318,-4.0
v500_s1_p0,500,0.0,h2,4,1.186450533285617,1.1900904599112878,46.07695087499451,46.29197883303277,True,True,967.0,963.0,True,True,True,0.0036399266256708085,0.21502795803826302,1.0046667141370016,-4.0
v500_s1_p0,500,0.0,h3,0,1.2658476763101152,1.2560265683892529,69.2490907079773,85.01206312497379,True,True,342.0,300.0,True,True,True,-0.009821107920862326,15.76297241699649,1.2276271393001936,-42.0
v500_s1_p0,500,0.0,h3,1,1.2879841493594195,1.250769617701333,112.2381143749808,118.5180309159914,True,True,273.0,331.0,True,True,True,-0.037214531658086525,6.279916541010607,1.0559517288399,58.0
v500_s1_p0,500,0.0,h3,2,1.2607913437458238,1.246056349882206,89.70712370803813,118.14834429096663,True,True,376.0,315.0,True,True,True,-0.014734993863617873,28.44122058292851,1.3170452847813252,-61.0
v500_s1_p0,500,0.0,h3,3,1.268123201016292,1.2479779650259895,94.41503216599813,118.840837249998,True,True,393.0,288.0,True,True,True,-0.02014523599030249,24.425805083999876,1.2587067389973987,-105.0
v500_s1_p0,500,0.0,h3,4,1.2611031433489739,1.2622717185879022,100.59868179203477,103.76608858298277,True,True,399.0,355.0,True,True,True,0.0011685752389283266,3.1674067909480073,1.0314855695375404,-44.0
v500_s1_p0,500,0.0,h4,0,1.3408295456270725,1.3037560730842892,161.55281366599957,118.59098479204113,True,True,222.0,322.0,True,True,True,-0.03707347254278326,-42.96182887395844,0.7340694482562257,100.0
v500_s1_p0,500,0.0,h4,1,1.3451168560762463,1.3219724605572416,228.79738058301155,232.16295979102142,True,True,211.0,252.0,True,True,True,-0.023144395519004712,3.3655792080098763,1.0147098677416404,41.0
v500_s1_p0,500,0.0,h4,2,1.3335339198908744,1.326198593568569,208.5477502500289,249.543690874998,True,True,235.0,234.0,True,True,True,-0.007335326322305491,40.99594062496908,1.1965781964841091,-1.0
v500_s1_p0,500,0.0,h4,3,1.3402952764716092,1.302878997319532,229.3621020000428,208.41549441602547,True,True,227.0,264.0,True,True,True,-0.037416279152077125,-20.94660758401733,0.9086745046310509,37.0
v500_s1_p0,500,0.0,h4,4,1.353446851978207,1.3302832483283817,228.04334395896876,214.80569629196543,True,True,215.0,263.0,True,True,True,-0.023163603649825282,-13.23764766700333,0.9419511771876791,48.0
v500_s1_p0,500,0.0,h2+3,0,1.2723285772255746,1.2721939232784096,70.93934520799667,87.64129529101774,True,True,342.0,300.0,True,True,True,-0.00013465394716494217,16.701950083021075,1.2354398681585004,-42.0
v500_s1_p0,500,0.0,h2+3,1,1.2835251464479802,1.2484939134504618,116.04471149999881,122.579363249999,True,True,273.0,331.0,True,True,True,-0.035031232997518424,6.534651750000194,1.0563114998135892,58.0
v500_s1_p0,500,0.0,h2+3,2,1.2601966105590185,1.2547225413192404,91.76040204201126,122.27875445899554,True,True,376.0,315.0,True,True,True,-0.005474069239778112,30.51835241698427,1.3325873877820615,-61.0
v500_s1_p0,500,0.0,h2+3,3,1.264622164662748,1.2542769653638086,96.33780316595221,119.97157020901795,True,True,393.0,288.0,True,True,True,-0.0103451992989394,23.633767043065745,1.2453218390537102,-105.0
v500_s1_p0,500,0.0,h2+3,4,1.2533070745364456,1.2695526851937666,103.3944567500148,105.60150437499397,True,True,399.0,355.0,True,True,True,0.016245610657320997,2.207047624979168,1.0213458989422937,-44.0
v500_s1_p0,500,0.0,h2+3+4,0,1.3451955086796004,1.2999145323140662,166.6522366660065,122.8861702909926,True,True,222.0,322.0,True,True,True,-0.04528097636553419,-43.76606637501391,0.7373808641840974,100.0
v500_s1_p0,500,0.0,h2+3+4,1,1.3425823154924452,1.329531400958579,237.9226234999951,238.07482808298664,True,True,211.0,252.0,True,True,True,-0.013050914533866198,0.15220458299154416,1.0006397230358026,41.0
v500_s1_p0,500,0.0,h2+3+4,2,1.3433245321593508,1.3257436692669804,217.35422266600654,258.5275420830003,True,True,235.0,234.0,True,True,True,-0.017580862892370375,41.17331941699376,1.1894295814085103,-1.0
v500_s1_p0,500,0.0,h2+3+4,3,1.3387774197768396,1.3190557585781473,237.12587566603906,217.69266666600015,True,True,227.0,264.0,True,True,True,-0.019721661198692342,-19.433209000038914,0.9180468645800256,37.0
v500_s1_p0,500,0.0,h2+3+4,4,1.353089526311468,1.3367585551905632,231.8051105000195,219.6636706669815,True,True,215.0,263.0,True,True,True,-0.016330971120904758,-12.14143983303802,0.9476222081262656,48.0
v500_s1_p10,500,0.1,h2,0,1.3157895743117556,1.3250900204023086,27.655987458012532,22.95020562503487,True,True,870.0,820.0,True,True,True,0.009300446090553027,-4.705781832977664,0.8298458212666604,-50.0
v500_s1_p10,500,0.1,h2,1,1.3222314182069466,1.3287696427983684,37.21363137499429,33.57616079098079,True,True,870.0,820.0,True,True,True,0.006538224591421837,-3.6374705840134993,0.9022543500966235,-50.0
v500_s1_p10,500,0.1,h2,2,1.316399121837006,1.3277551983442717,37.5265004169778,32.085295083990786,True,True,870.0,820.0,True,True,True,0.011356076507265778,-5.4412053329870105,0.8550036568151371,-50.0
v500_s1_p10,500,0.1,h2,3,1.3196365279534914,1.3145757272576408,35.97273249999853,31.85871420899639,True,True,870.0,820.0,True,True,True,-0.005060800695850576,-4.1140182910021394,0.8856350906620089,-50.0
v500_s1_p10,500,0.1,h2,4,1.3164079483861009,1.3183746922283823,37.960605458996724,30.790491833002307,True,True,870.0,820.0,True,True,True,0.00196674384228146,-7.170113625994418,0.8111169845871072,-50.0
v500_s1_p10,500,0.1,h3,0,1.3368644744378932,1.3478758352946856,46.33393037499627,40.553966042003594,True,True,361.0,332.0,True,True,True,0.01101136085679233,-5.779964332992677,0.8752541758013305,-29.0
v500_s1_p10,500,0.1,h3,1,1.3477373580532215,1.311030212460505,62.85874374996638,67.38477716699708,True,True,357.0,369.0,True,True,True,-0.03670714559271637,4.526033417030703,1.0720032432565616,12.0
v500_s1_p10,500,0.1,h3,2,1.3327584449435372,1.3303997537133494,74.89110537501983,65.36664745799499,True,True,297.0,357.0,True,True,True,-0.002358691230187837,-9.524457917024847,0.872822575266705,60.0
v500_s1_p10,500,0.1,h3,3,1.3104972017406746,1.31758952200281,61.80016858398449,57.079730041034054,True,True,361.0,294.0,True,True,True,0.007092320262135354,-4.720438542950433,0.9236177076679734,-67.0
v500_s1_p10,500,0.1,h3,4,1.322469798309785,1.3436629399248958,61.445945834042504,65.1721067079925,True,True,377.0,277.0,True,True,True,0.021193141615110767,3.7261608739499934,1.0606412811028065,-100.0
v500_s1_p10,500,0.1,h4,0,1.3459955749671662,1.352946848313748,93.24778329202672,96.88563541602343,True,True,301.0,274.0,True,True,True,0.006951273346581743,3.6378521239967085,1.0390127464221208,-27.0
v500_s1_p10,500,0.1,h4,1,1.3389909633346868,1.3326507756248167,140.90475512499688,137.88368370797252,True,True,258.0,261.0,True,True,True,-0.006340187709870104,-3.021071417024359,0.978559478604222,3.0
v500_s1_p10,500,0.1,h4,2,1.3461835691388262,1.3348930809167852,135.2757662080112,137.47983845800627,True,True,239.0,280.0,True,True,True,-0.01129048822204104,2.204072249995079,1.0162931788285414,41.0
v500_s1_p10,500,0.1,h4,3,1.3318390815677352,1.3516999604004534,128.5730741249863,120.16260262503056,True,True,346.0,306.0,True,True,True,0.019860878832718143,-8.410471499955747,0.9345860588836827,-40.0
v500_s1_p10,500,0.1,h4,4,1.342075832164062,1.350162396219717,95.77048695803387,124.00995700003114,True,True,377.0,303.0,True,True,True,0.008086564055654888,28.239470041997265,1.294866100601239,-74.0
v500_s1_p10,500,0.1,h2+3,0,1.3279005332783194,1.330588367678889,47.45131312502781,42.17799333395669,True,True,361.0,332.0,True,True,True,0.002687834400569633,-5.273319791071117,0.8888688332570137,-29.0
v500_s1_p10,500,0.1,h2+3,1,1.353830198923223,1.322626809903012,64.96617400000105,68.67356762499548,True,True,357.0,369.0,True,True,True,-0.031203389020211025,3.707393624994438,1.0570665224181799,12.0
v500_s1_p10,500,0.1,h2+3,2,1.3308435566599839,1.3242522615507242,76.82031874998938,67.51707312499639,True,True,297.0,357.0,True,True,True,-0.006591295109259709,-9.303245624992996,0.8788960293790204,60.0
v500_s1_p10,500,0.1,h2+3,3,1.316064593573603,1.3257573565475054,64.57138270803262,57.61035616701702,True,True,361.0,294.0,True,True,True,0.009692762973902314,-6.961026541015599,0.8921964150513746,-67.0
v500_s1_p10,500,0.1,h2+3,4,1.3309975807826646,1.3431937996501453,63.27842291700654,68.12123279098887,True,True,377.0,277.0,True,True,True,0.01219621886748068,4.842809873982333,1.076531772612822,-100.0
v500_s1_p10,500,0.1,h2+3+4,0,1.3372625221944974,1.3537813402135368,94.21280608401867,96.36980724998284,True,True,285.0,276.0,True,True,True,0.016518818019039427,2.157001165964175,1.0228949890744212,-9.0
v500_s1_p10,500,0.1,h2+3+4,1,1.339330368315457,1.3410902660129957,144.98025445797248,140.55613370798528,True,True,259.0,262.0,True,True,True,0.0017598976975388148,-4.424120749987196,0.9694846669532527,3.0
v500_s1_p10,500,0.1,h2+3+4,2,1.345673125599596,1.329711745563132,142.08538275002502,144.25655099999858,True,True,239.0,281.0,True,True,True,-0.015961380036463968,2.1711682499735616,1.0152807291499744,42.0
v500_s1_p10,500,0.1,h2+3+4,3,1.3443664315029464,1.3510104587712932,135.16645958297886,125.29904708400136,True,True,303.0,306.0,True,True,True,0.006644027268346786,-9.867412498977501,0.9269980694218015,3.0
v500_s1_p10,500,0.1,h2+3+4,4,1.3299725643847948,1.349957098107389,99.69728995801415,129.93541641702177,True,True,378.0,304.0,True,True,True,0.019984533722594122,30.238126459007617,1.3032993822775112,-74.0
v500_s1_p30,500,0.3,h2,0,,,9.085927208012436,3.5889234589994885,True,True,677.0,438.0,False,False,False,,-5.497003749012947,0.3949980422289309,-239.0
v500_s1_p30,500,0.3,h2,1,,,11.647938708018046,4.949928541958798,True,True,677.0,438.0,False,False,False,,-6.698010166059248,0.42496176070633296,-239.0
v500_s1_p30,500,0.3,h2,2,,2.042560578944707,12.97075204103021,5.347938084043562,True,True,677.0,438.0,False,True,False,,-7.622813956986647,0.4123074797148616,-239.0
v500_s1_p30,500,0.3,h2,3,,,12.640127374965232,4.773861667024903,True,True,677.0,438.0,False,False,False,,-7.866265707940329,0.3776751234706631,-239.0
v500_s1_p30,500,0.3,h2,4,,,12.565465082996525,4.96630600001663,True,True,677.0,438.0,False,False,False,,-7.599159082979895,0.39523455496581583,-239.0
v500_s1_p30,500,0.3,h3,0,1.7488311126312666,1.7899622431363782,32.97457166603999,16.724531250016298,True,True,487.0,308.0,True,True,True,0.041131130505111635,-16.250040416023694,0.507194799053012,-179.0
v500_s1_p30,500,0.3,h3,1,1.7969516289283534,1.8008000708981284,44.49394549999852,23.43564120796509,True,True,487.0,308.0,True,True,True,0.003848441969775074,-21.058304292033426,0.5267152855204956,-179.0
v500_s1_p30,500,0.3,h3,2,1.8720029512245882,1.8023614608276344,46.2130908750114,23.506498540984467,True,True,487.0,301.0,True,True,True,-0.06964149039695378,-22.706592334026936,0.5086545412978432,-186.0
v500_s1_p30,500,0.3,h3,3,1.8207774062342508,1.7580401344053693,44.15156487497734,23.012724332977086,True,True,487.0,301.0,True,True,True,-0.06273727182888145,-21.138840542000253,0.5212210348181662,-186.0
v500_s1_p30,500,0.3,h3,4,1.8462810388904207,1.8451151608309033,44.60316512500867,19.84572829096578,True,True,487.0,290.0,True,True,True,-0.0011658780595174,-24.757436834042892,0.44493991032574554,-197.0
v500_s1_p30,500,0.3,h4,0,,1.8906612456153786,28.86359658295987,13.417694000003394,True,True,341.0,342.0,False,True,False,,-15.445902582956478,0.46486562966739786,1.0
v500_s1_p30,500,0.3,h4,1,1.8344730291476432,1.787517030992081,38.112499916984234,20.477228749950882,True,True,358.0,309.0,True,True,True,-0.046955998155562284,-17.635271167033352,0.5372837991355568,-49.0
v500_s1_p30,500,0.3,h4,2,1.7609824185063991,1.8391575972399543,37.97958220797591,20.024182208057027,True,True,344.0,279.0,True,True,True,0.07817517873355517,-17.955399999918882,0.52723545241769,-65.0
v500_s1_p30,500,0.3,h4,3,,1.6959577710924236,38.06153083400568,23.97487562499009,True,True,395.0,218.0,False,True,False,,-14.08665520901559,0.629897828585759,-177.0
v500_s1_p30,500,0.3,h4,4,1.8516606936600255,1.750671428129136,38.79478629195364,17.603326207958162,True,True,331.0,334.0,True,True,True,-0.1009892655308895,-21.19146008399548,0.45375494726231386,3.0
v500_s1_p30,500,0.3,h2+3,0,1.8608445056567777,1.876897495824179,33.98398325004382,17.58873954101,True,True,487.0,308.0,True,True,True,0.01605299016740136,-16.39524370903382,0.5175596813239166,-179.0
v500_s1_p30,500,0.3,h2+3,1,1.9141788656256349,1.787092550580521,46.24664399999892,24.30068037501769,True,True,487.0,308.0,True,True,True,-0.1270863150451138,-21.945963624981232,0.5254582446029653,-179.0
v500_s1_p30,500,0.3,h2+3,2,1.7929998972298962,1.8299770754716547,45.190328249998856,24.440190833003726,True,True,487.0,301.0,True,True,True,0.0369771782417585,-20.75013741699513,0.540827911180405,-186.0
v500_s1_p30,500,0.3,h2+3,3,1.8014486358644022,1.8468013671423444,44.53203454200411,23.934397167002317,True,True,487.0,301.0,True,True,True,0.04535273127794226,-20.597637375001796,0.5374647130578907,-186.0
v500_s1_p30,500,0.3,h2+3,4,1.8892464171491572,1.7865827084990027,45.1632436660002,21.073908250022214,True,True,487.0,290.0,True,True,True,-0.1026637086501545,-24.089335415977985,0.4666163574492564,-197.0
v500_s1_p30,500,0.3,h2+3+4,0,,1.7143665047477181,29.610597208957188,17.244281625025906,True,True,339.0,264.0,False,True,False,,-12.366315583931282,0.5823685859267141,-75.0
v500_s1_p30,500,0.3,h2+3+4,1,,1.774734017269432,42.225929541978985,21.91947916697245,True,True,357.0,283.0,False,True,False,,-20.306450375006534,0.5190999796743648,-74.0
v500_s1_p30,500,0.3,h2+3+4,2,1.7141059366839462,1.83022556326793,41.29732370801503,22.39716925000539,True,True,343.0,283.0,True,True,True,0.11611962658398389,-18.900154458009638,0.5423394844750805,-60.0
v500_s1_p30,500,0.3,h2+3+4,3,,1.7098139290155103,42.39366208401043,26.60565729200607,True,True,396.0,223.0,False,True,False,,-15.788004792004358,0.6275857282459422,-173.0
v500_s1_p30,500,0.3,h2+3+4,4,1.832264959355666,1.755894293321256,42.78687675000401,23.350084000034258,True,True,330.0,279.0,True,True,True,-0.0763706660344099,-19.436792749969754,0.5457300409297126,-51.0
v500_s1_p50,500,0.5,h2,0,,2.5336624366789717,3.9384000829886645,0.7781877500237897,True,True,553.0,132.0,False,True,False,,-3.160212332964875,0.19758981658187963,-421.0
v500_s1_p50,500,0.5,h2,1,,,5.2987098330049776,0.7177840410149656,True,True,553.0,132.0,False,False,False,,-4.580925791990012,0.13546392681176497,-421.0
v500_s1_p50,500,0.5,h2,2,,2.712022146920747,5.410852125030942,1.0633177080308087,True,True,553.0,132.0,False,True,False,,-4.3475344170001335,0.19651575823183823,-421.0
v500_s1_p50,500,0.5,h2,3,,3.569814775340932,5.353555999987293,1.017892915988341,True,True,553.0,132.0,False,True,False,,-4.335663083998952,0.1901339812249572,-421.0
v500_s1_p50,500,0.5,h2,4,,3.3637689110894606,5.442595041007735,1.0168781250249594,True,True,553.0,132.0,False,True,False,,-4.425716915982775,0.18683699914529692,-421.0
v500_s1_p50,500,0.5,h3,0,,2.537527404358358,4.405625457991846,1.0785880830371752,True,True,553.0,132.0,False,True,False,,-3.3270373749546707,0.24482064880949114,-421.0
v500_s1_p50,500,0.5,h3,1,,2.3686622785570326,5.939573709038086,1.4274947909871116,True,True,553.0,132.0,False,True,False,,-4.512078918050975,0.24033623638931056,-421.0
v500_s1_p50,500,0.5,h3,2,,2.528144251683402,5.584523707977496,1.362934958015103,True,True,553.0,132.0,False,True,False,,-4.221588749962393,0.24405572064599695,-421.0
v500_s1_p50,500,0.5,h3,3,,2.4022733656144446,5.557717084011529,1.4759138329536654,True,True,553.0,132.0,False,True,False,,-4.081803251057863,0.2655611666883121,-421.0
v500_s1_p50,500,0.5,h3,4,,2.366279735950494,5.759915957984049,1.4178246249794029,True,True,553.0,132.0,False,True,False,,-4.342091333004646,0.24615370004037987,-421.0
v500_s1_p50,500,0.5,h4,0,,2.7513913526302614,14.04160574998241,2.253856875002384,True,True,551.0,82.0,False,True,False,,-11.787748874980025,0.16051275866403011,-469.0
v500_s1_p50,500,0.5,h4,1,,2.705481665994848,20.97826541698305,2.9121911250404082,True,True,521.0,88.0,False,True,False,,-18.06607429194264,0.1388194432263609,-433.0
v500_s1_p50,500,0.5,h4,2,,2.7440860614921245,21.214913750009146,3.0856808749958873,True,True,551.0,82.0,False,True,False,,-18.12923287501326,0.1454486646213472,-469.0
v500_s1_p50,500,0.5,h4,3,,2.7102855670846395,20.673708624963183,2.931370667007286,True,True,521.0,92.0,False,True,False,,-17.742337957955897,0.1417922018823319,-429.0
v500_s1_p50,500,0.5,h4,4,,2.7694430147969977,20.76400995795848,2.902769625012297,True,True,551.0,99.0,False,True,False,,-17.86124033294618,0.13979812333405844,-452.0
v500_s1_p50,500,0.5,h2+3,0,,2.4980128419718715,4.501618208014406,1.0517107080086134,True,True,553.0,132.0,False,True,False,,-3.449907500005793,0.23362947709252907,-421.0
v500_s1_p50,500,0.5,h2+3,1,,2.617127062841812,6.154238666989841,1.3805931250099093,True,True,553.0,132.0,False,True,False,,-4.773645541979931,0.2243320741548661,-421.0
v500_s1_p50,500,0.5,h2+3,2,,2.4047200206180275,6.509770834003575,1.4188262909883633,True,True,553.0,132.0,False,True,False,,-5.090944543015212,0.21795333924462756,-421.0
v500_s1_p50,500,0.5,h2+3,3,,2.3517463742159,6.4279793329769745,1.4590837910072878,True,True,553.0,132.0,False,True,False,,-4.968895541969687,0.2269894962981385,-421.0
v500_s1_p50,500,0.5,h2+3,4,,2.399389039052752,6.340360667032655,1.3912875420064665,True,True,553.0,132.0,False,True,False,,-4.949073125026189,0.21943350151050656,-421.0
v500_s1_p50,500,0.5,h2+3+4,0,,2.6036526206297106,16.18278954201378,2.6322356250020675,True,True,551.0,82.0,False,True,False,,-13.550553917011712,0.16265648256552148,-469.0
v500_s1_p50,500,0.5,h2+3+4,1,,2.599050258428809,24.321649125020485,3.640351040987298,True,True,521.0,88.0,False,True,False,,-20.681298084033187,0.1496753374853331,-433.0
v500_s1_p50,500,0.5,h2+3+4,2,,2.7203974489903144,24.468702292011585,3.608575749967713,True,True,551.0,82.0,False,True,False,,-20.860126542043872,0.14747720197428787,-469.0
v500_s1_p50,500,0.5,h2+3+4,3,,2.593080095416506,23.792547832999844,3.439218583982438,True,True,521.0,92.0,False,True,False,,-20.353329249017406,0.14455024355198742,-429.0
v500_s1_p50,500,0.5,h2+3+4,4,,2.6470437609255466,24.45601349999197,3.457910874974914,True,True,551.0,99.0,False,True,False,,-20.998102625017054,0.14139307189113423,-452.0
v500_s2_p0,500,0.0,h2,0,1.1871518517983075,1.1846569658261532,46.19497579202289,46.089402582962066,True,True,967.0,963.0,True,True,True,-0.0024948859721543037,-0.10557320906082168,0.9977146170714294,-4.0
v500_s2_p0,500,0.0,h2,1,1.187617360548159,1.174132350524616,46.869275583012495,46.53878495801473,True,True,967.0,963.0,True,True,True,-0.013485010023543076,-0.3304906249977648,0.9929486722189163,-4.0
v500_s2_p0,500,0.0,h2,2,1.1866570125101406,1.1882866416996414,47.15339158294955,47.34310179197928,True,True,967.0,963.0,True,True,True,0.0016296291895008252,0.18971020902972668,1.004023256920894,-4.0
v500_s2_p0,500,0.0,h2,3,1.1871210750271688,1.1830633309507397,45.840102249989286,45.681266082974616,True,True,967.0,963.0,True,True,True,-0.004057744076429115,-0.15883616701466963,0.9965349953595554,-4.0
v500_s2_p0,500,0.0,h2,4,1.1891691167095508,1.1864208597749513,46.96694437501719,46.53228179202415,True,True,967.0,963.0,True,True,True,-0.002748256934599569,-0.4346625829930417,0.9907453510383305,-4.0
v500_s2_p0,500,0.0,h3,0,1.2680652703549684,1.3135879108467587,96.99594570900081,177.43777483300073,True,True,397.0,182.0,True,True,True,0.045522640491790334,80.44182912399992,1.829331870894221,-215.0
v500_s2_p0,500,0.0,h3,1,1.2497673597838894,1.2422599352802122,96.26109858299606,95.09509379201336,True,True,393.0,444.0,True,True,True,-0.007507424503677251,-1.1660047909826972,0.9878870612516709,51.0
v500_s2_p0,500,0.0,h3,2,1.2739317403606272,1.274699022555262,95.88190083298832,124.01135954103665,True,True,339.0,295.0,True,True,True,0.000767282194634733,28.129458708048332,1.2933761060603666,-44.0
v500_s2_p0,500,0.0,h3,3,1.2510559700638682,1.2569133281219458,93.62960366701009,114.17712729203049,True,True,399.0,334.0,True,True,True,0.005857358058077633,20.547523625020403,1.2194554160252227,-65.0
v500_s2_p0,500,0.0,h3,4,1.2671699510484429,1.2699813604273986,104.38890349998837,95.45051125000464,True,True,347.0,381.0,True,True,True,0.0028114093789557426,-8.938392249983735,0.9143741149653447,34.0
v500_s2_p0,500,0.0,h4,0,1.3145533298003405,1.3259329323237428,164.16026274999604,215.21342416701373,True,True,326.0,275.0,True,True,True,0.01137960252340231,51.05316141701769,1.3109958558897283,-51.0
v500_s2_p0,500,0.0,h4,1,1.3307445331321477,1.3237047318825026,168.44646041700616,171.97220512502827,True,True,261.0,335.0,True,True,True,-0.007039801249645095,3.5257447080221027,1.0209309515871914,74.0
v500_s2_p0,500,0.0,h4,2,1.3299435573541563,1.3173906308044545,213.4120597919682,216.8235079169972,True,True,251.0,261.0,True,True,True,-0.012552926549701748,3.4114481250289828,1.0159852640396911,10.0
v500_s2_p0,500,0.0,h4,3,1.343591800413627,1.313737044479633,220.72444412502227,212.65284670802066,True,True,233.0,284.0,True,True,True,-0.029854755933993893,-8.071597417001612,0.9634313387944032,51.0
v500_s2_p0,500,0.0,h4,4,1.3490075938081207,1.3398046574147457,225.18017895898083,212.3259148329962,True,True,203.0,274.0,True,True,True,-0.009202936393374994,-12.854264125984628,0.94291565010113,71.0
v500_s2_p0,500,0.0,h2+3,0,1.2619831878517274,1.3186561706266882,99.09808812499978,173.84877541702008,True,True,397.0,182.0,True,True,True,0.0566729827749608,74.7506872920203,1.754310085152518,-215.0
v500_s2_p0,500,0.0,h2+3,1,1.253332756506653,1.2321271971555812,99.96791399997892,98.65467499999795,True,True,393.0,444.0,True,True,True,-0.021205559351071823,-1.3132389999809675,0.9868633949891038,51.0
v500_s2_p0,500,0.0,h2+3,2,1.268572807368245,1.2756621177063274,98.10481433296809,127.23421250004321,True,True,339.0,295.0,True,True,True,0.007089310338082466,29.129398167075124,1.296921189496469,-44.0
v500_s2_p0,500,0.0,h2+3,3,1.2482769554079296,1.2592785493323015,95.28906533302506,114.998723333003,True,True,399.0,334.0,True,True,True,0.011001593924371944,19.709657999977935,1.2068407107478156,-65.0
v500_s2_p0,500,0.0,h2+3,4,1.2559813014219388,1.2624206470064199,105.60579704196425,98.79159233300015,True,True,347.0,381.0,True,True,True,0.006439345584481115,-6.814204708964098,0.9354750884910574,34.0
v500_s2_p0,500,0.0,h2+3+4,0,1.3183617750595964,1.317739829902823,171.42214233300183,220.80998883402208,True,True,326.0,275.0,True,True,True,-0.0006219451567734957,49.38784650102025,1.2881065761334392,-51.0
v500_s2_p0,500,0.0,h2+3+4,1,1.334568860868962,1.3119253434916633,174.94866212503985,173.90478720900137,True,True,261.0,335.0,True,True,True,-0.02264351737729875,-1.043874916038476,0.9940332500782865,74.0
v500_s2_p0,500,0.0,h2+3+4,2,1.3346344757277289,1.317181080970955,216.63708479201887,221.77182837500004,True,True,251.0,261.0,True,True,True,-0.017453394756773877,5.134743582981173,1.0237020526190646,10.0
v500_s2_p0,500,0.0,h2+3+4,3,1.3489916562337119,1.3122916415589312,234.6407623750274,216.00368999998318,True,True,233.0,284.0,True,True,True,-0.03670001467478068,-18.637072375044227,0.9205718896137215,51.0
v500_s2_p0,500,0.0,h2+3+4,4,1.3487719407891554,1.3269586460906695,234.32730204198742,221.8184449590044,True,True,203.0,274.0,True,True,True,-0.02181329469848592,-12.508857082983013,0.9466180126089548,71.0
v500_s2_p10,500,0.1,h2,0,1.3293886213741217,1.340123873593958,35.860352624964435,30.347527500009164,True,True,870.0,831.0,True,True,True,0.010735252219836289,-5.51282512495527,0.846269634250125,-39.0
v500_s2_p10,500,0.1,h2,1,1.3295979624694343,1.309205241560955,35.9506659170147,30.36099870799808,True,True,870.0,831.0,True,True,True,-0.020392720908479323,-5.589667209016625,0.8445183957949677,-39.0
v500_s2_p10,500,0.1,h2,2,1.3316181433578336,1.3222495977134834,35.435262832965236,31.66225516697159,True,True,870.0,831.0,True,True,True,-0.00936854564435019,-3.773007665993646,0.893523926045678,-39.0
v500_s2_p10,500,0.1,h2,3,1.3315448977738795,1.3248849191073453,35.912790624948684,29.25758179195691,True,True,870.0,831.0,True,True,True,-0.0066599786665342275,-6.655208832991775,0.8146841635757376,-39.0
v500_s2_p10,500,0.1,h2,4,1.3405670295877614,1.3323215970288178,35.27479754202068,31.13587950001238,True,True,870.0,831.0,True,True,True,-0.00824543255894361,-4.138918042008299,0.8826664267292289,-39.0
v500_s2_p10,500,0.1,h3,0,1.3378501124132613,1.335392729149812,81.96754579199478,68.62413675000425,True,True,305.0,397.0,True,True,True,-0.002457383263449353,-13.343409041990526,0.8372110703930129,92.0
v500_s2_p10,500,0.1,h3,1,1.3417494344056458,1.332809632450384,78.21931670804042,65.37450095801614,True,True,408.0,386.0,True,True,True,-0.008939801955261784,-12.844815750024281,0.8357846080659521,-22.0
v500_s2_p10,500,0.1,h3,2,1.3256550135786147,1.3467396830561806,71.16850575001445,66.4639373330283,True,True,313.0,325.0,True,True,True,0.02108466947756593,-4.704568416986149,0.9338953604911792,12.0
v500_s2_p10,500,0.1,h3,3,1.3207860089001804,1.3379746036202003,74.64510700001847,61.752870749973226,True,True,320.0,366.0,True,True,True,0.01718859472001988,-12.892236250045244,0.8272862513273368,46.0
v500_s2_p10,500,0.1,h3,4,1.329442181816021,1.324987167433126,81.02897354104789,74.92353458300931,True,True,354.0,367.0,True,True,True,-0.004455014382894973,-6.105438958038576,0.9246511625258875,13.0
v500_s2_p10,500,0.1,h4,0,1.3350704950905878,1.3451760301603242,107.65997116704239,123.735617792001,True,True,424.0,322.0,True,True,True,0.010105535069736327,16.07564662495861,1.1493186971043867,-102.0
v500_s2_p10,500,0.1,h4,1,1.349655913112763,1.3447690577463283,100.19754812499741,137.17987791704945,True,True,394.0,339.0,True,True,True,-0.004886855366434739,36.98232979205204,1.3690941593292905,-55.0
v500_s2_p10,500,0.1,h4,2,1.334795660651854,1.3549572633088163,108.5502289159922,125.50837683299324,True,True,418.0,372.0,True,True,True,0.020161602656962208,16.958147917001043,1.1562239719468954,-46.0
v500_s2_p10,500,0.1,h4,3,1.3408591468324473,1.3499622622516878,104.61739095801022,133.94491404201835,True,True,401.0,339.0,True,True,True,0.00910311541924047,29.327523084008135,1.2803312414451167,-62.0
v500_s2_p10,500,0.1,h4,4,1.3328991320258692,1.3481504838160083,142.0305579159758,142.8097366670263,True,True,345.0,284.0,True,True,True,0.015251351790139145,0.7791787510504946,1.00548599373602,-61.0
v500_s2_p10,500,0.1,h2+3,0,1.3335004432299002,1.3269717405285368,84.24803608300863,70.79650816594949,True,True,305.0,397.0,True,True,True,-0.006528702701363409,-13.451527917059138,0.8403342256690055,92.0
v500_s2_p10,500,0.1,h2+3,1,1.3329409299567523,1.3441287192994773,80.53883670800133,68.60827979200985,True,True,408.0,386.0,True,True,True,0.011187789342725019,-11.930556915991474,0.8518657904229923,-22.0
v500_s2_p10,500,0.1,h2+3,2,1.3306928884777993,1.3448938849149388,73.0818368330365,69.05192283302313,True,True,313.0,325.0,True,True,True,0.014200996437139457,-4.0299140000133775,0.9448575162496236,12.0
v500_s2_p10,500,0.1,h2+3,3,1.3308496573695168,1.3363981881456362,76.1733688749955,63.37814895896008,True,True,320.0,366.0,True,True,True,0.005548530776119387,-12.795219916035421,0.8320250225898103,46.0
v500_s2_p10,500,0.1,h2+3,4,1.3305882036685057,1.3341803262341536,82.87547570798779,76.22724212502362,True,True,354.0,367.0,True,True,True,0.003592122565647893,-6.648233582964167,0.9197804473981029,13.0
v500_s2_p10,500,0.1,h2+3+4,0,1.3357538465933252,1.3516212367436635,114.79555441695265,131.91574658302125,True,True,424.0,322.0,True,True,True,0.015867390150338334,17.12019216606859,1.1491363690259797,-102.0
v500_s2_p10,500,0.1,h2+3+4,1,1.3391596961346464,1.3481803949913802,107.21820275002392,142.26233533403138,True,True,394.0,339.0,True,True,True,0.009020698856733844,35.04413258400746,1.3268487223733065,-55.0
v500_s2_p10,500,0.1,h2+3+4,2,1.3271173055657133,1.3526356953804166,114.51529504201608,130.3570375419804,True,True,419.0,373.0,True,True,True,0.025518389814703335,15.841742499964312,1.1383373504312408,-46.0
v500_s2_p10,500,0.1,h2+3+4,3,1.3441710381784389,1.3599493105507678,109.98122954199789,139.58067724999273,True,True,401.0,339.0,True,True,True,0.015778272372328983,29.59944770799484,1.2691318130489884,-62.0
v500_s2_p10,500,0.1,h2+3+4,4,1.3309215749468704,1.3453501494818674,146.38554083404597,145.83884895901429,True,True,347.0,284.0,True,True,True,0.014428574534997018,-0.5466918750316836,0.9962653970336356,-63.0
v500_s2_p30,500,0.3,h2,0,,,12.028738250024617,4.690033625054639,True,True,677.0,434.0,False,False,False,,-7.338704624969978,0.38990237609044665,-243.0
v500_s2_p30,500,0.3,h2,1,,2.161326188056477,12.229716417030431,5.092373833002057,True,True,677.0,434.0,False,True,False,,-7.137342584028374,0.4163934517656269,-243.0
v500_s2_p30,500,0.3,h2,2,,,11.961310332990251,4.7123138749739155,True,True,677.0,434.0,False,False,False,,-7.248996458016336,0.39396301440127146,-243.0
v500_s2_p30,500,0.3,h2,3,,2.084209820126365,11.976347125018947,5.153800625004806,True,True,677.0,434.0,False,True,False,,-6.822546500014141,0.4303316003790807,-243.0
v500_s2_p30,500,0.3,h2,4,,2.6991624282944455,12.3907698749681,5.1267678330186754,True,True,677.0,434.0,False,True,False,,-7.264002041949425,0.41375700499254686,-243.0
v500_s2_p30,500,0.3,h3,0,1.7644120904516012,1.9407110251479625,49.61512233299436,7.61227704101475,True,True,403.0,434.0,True,True,True,0.17629893469636126,-42.00284529197961,0.15342654987172205,31.0
v500_s2_p30,500,0.3,h3,1,1.8549091010730903,2.0163824141256503,50.08262083301088,7.513748291996308,True,True,381.0,434.0,True,True,True,0.16147331305256007,-42.56887254101457,0.15002705862876453,53.0
v500_s2_p30,500,0.3,h3,2,1.8394652115271795,1.9439890037646952,46.59611437498825,7.994593791023362,True,True,401.0,434.0,True,True,True,0.10452379223751573,-38.601520583964884,0.1715721127878998,33.0
v500_s2_p30,500,0.3,h3,3,1.8397406338019293,1.8787050778080543,53.973312958027236,7.222939625033177,True,True,426.0,434.0,True,True,True,0.038964444006124976,-46.75037333299406,0.13382427776205164,8.0
v500_s2_p30,500,0.3,h3,4,1.7944406198325007,1.858125877932403,56.10508391697658,7.3780544579494745,True,True,440.0,434.0,True,True,True,0.06368525809990233,-48.72702945902711,0.1315042050176309,-6.0
v500_s2_p30,500,0.3,h4,0,,1.7629329698396954,42.05415733298287,19.773153499991167,True,True,384.0,318.0,False,True,False,,-22.2810038329917,0.47018308661919567,-66.0
v500_s2_p30,500,0.3,h4,1,,,40.10437937499955,18.748453250038438,True,True,389.0,320.0,False,False,False,,-21.355926124961115,0.46749141969582336,-69.0
v500_s2_p30,500,0.3,h4,2,,1.7437633286180683,42.49472595896805,22.755412541970145,True,True,402.0,276.0,False,True,False,,-19.739313416997902,0.5354879229940737,-126.0
v500_s2_p30,500,0.3,h4,3,,1.800222753146179,39.54573904204881,20.33888208301505,True,True,399.0,289.0,False,True,False,,-19.206856959033757,0.5143128583686047,-110.0
v500_s2_p30,500,0.3,h4,4,,,37.09916041698307,20.592340166971553,True,True,429.0,360.0,False,False,False,,-16.506820250011515,0.5550621613944906,-69.0
v500_s2_p30,500,0.3,h2+3,0,1.8555671733090933,1.8284210745049931,51.65124141704291,7.739264000032563,True,True,403.0,434.0,True,True,True,-0.027146098804100127,-43.91197741701035,0.14983694075315884,31.0
v500_s2_p30,500,0.3,h2+3,1,1.8252644568043839,1.9220895563150864,51.620802374964114,7.797884166997392,True,True,381.0,434.0,True,True,True,0.0968250995107025,-43.82291820796672,0.15106088646888866,53.0
v500_s2_p30,500,0.3,h2+3,2,1.848643136817943,1.8655422875507823,49.8292887089774,7.581866334017832,True,True,401.0,434.0,True,True,True,0.01689915073283932,-42.24742237495957,0.15215682443911463,33.0
v500_s2_p30,500,0.3,h2+3,3,1.8434673110759177,1.8618356002440775,54.81972620799206,7.523698791977949,True,True,426.0,434.0,True,True,True,0.0183682891681598,-47.29602741601411,0.13724437009101814,8.0
v500_s2_p30,500,0.3,h2+3,4,1.852576382848161,1.9462242179883151,56.92764079099288,8.090463500004262,True,True,440.0,434.0,True,True,True,0.09364783514015418,-48.83717729098862,0.14211836969861463,-6.0
v500_s2_p30,500,0.3,h2+3+4,0,,1.7446569857617111,46.30270387500059,22.34395783400396,True,True,384.0,320.0,False,True,False,,-23.95874604099663,0.48256270075121344,-64.0
v500_s2_p30,500,0.3,h2+3+4,1,,1.7786451108403623,44.18462162499782,21.817294790991582,True,True,389.0,321.0,False,True,False,,-22.367326834006235,0.4937757524814531,-68.0
v500_s2_p30,500,0.3,h2+3+4,2,,1.7346639935288035,47.55509949999396,25.72012483299477,True,True,402.0,278.0,False,True,False,,-21.834974666999187,0.5408489332042726,-124.0
v500_s2_p30,500,0.3,h2+3+4,3,,1.7779639213759182,44.590037833026145,22.52163379197009,True,True,399.0,290.0,False,True,False,,-22.068404041056056,0.5050821862117635,-109.0
v500_s2_p30,500,0.3,h2+3+4,4,,1.8704185012070755,42.317472417023964,23.771115167008247,True,True,429.0,362.0,False,True,False,,-18.546357250015717,0.5617328684651148,-67.0
v500_s2_p50,500,0.5,h2,0,,,4.104633582988754,0.606612415984273,True,True,551.0,130.0,False,False,False,,-3.498021167004481,0.1477872272200661,-421.0
v500_s2_p50,500,0.5,h2,1,,,4.167199040995911,0.6216878749546595,True,True,551.0,130.0,False,False,False,,-3.5455111660412513,0.14918602851427118,-421.0
v500_s2_p50,500,0.5,h2,2,,,4.10387070896104,0.5840385420015082,True,True,551.0,130.0,False,False,False,,-3.5198321669595316,0.1423140696723769,-421.0
v500_s2_p50,500,0.5,h2,3,,,4.049086291983258,0.6226129159913398,True,True,551.0,130.0,False,False,False,,-3.426473375991918,0.15376627493072806,-421.0
v500_s2_p50,500,0.5,h2,4,,,4.021772166946903,0.6175697920261882,True,True,551.0,130.0,False,False,False,,-3.4042023749207146,0.15355663284502055,-421.0
v500_s2_p50,500,0.5,h3,0,,2.7724853549052426,4.585809958982281,1.0377858750289306,True,True,551.0,130.0,False,True,False,,-3.548024083953351,0.22630372481882002,-421.0
v500_s2_p50,500,0.5,h3,1,,2.9987477353071976,4.588139416999184,1.1216182920034043,True,True,551.0,130.0,False,True,False,,-3.4665211249957792,0.2444603770861403,-421.0
v500_s2_p50,500,0.5,h3,2,,3.0802824128725415,4.598368542036042,1.0976436670171097,True,True,551.0,130.0,False,True,False,,-3.500724875018932,0.2387028479737948,-421.0
v500_s2_p50,500,0.5,h3,3,,3.0984940451876244,4.394054625008721,1.0201062919804826,True,True,551.0,130.0,False,True,False,,-3.3739483330282383,0.23215603333070944,-421.0
v500_s2_p50,500,0.5,h3,4,,3.0769385907672744,4.448684917006176,1.0822907079709694,True,True,551.0,130.0,False,True,False,,-3.3663942090352066,0.2432832911662615,-421.0
v500_s2_p50,500,0.5,h4,0,,3.1643707777723087,19.044061749998946,2.4932678749901243,True,True,782.0,102.0,False,True,False,,-16.55079387500882,0.13092101400008652,-680.0
v500_s2_p50,500,0.5,h4,1,,3.0829877150483926,19.44730449997587,2.5314591249916703,True,True,782.0,102.0,False,True,False,,-16.9158453749842,0.13017017988250304,-680.0
v500_s2_p50,500,0.5,h4,2,,3.054771250569167,19.41005458298605,2.538448832987342,True,True,782.0,108.0,False,True,False,,-16.871605749998707,0.1307800976104636,-674.0
v500_s2_p50,500,0.5,h4,3,,3.105798896934006,18.871618500037584,2.514694416022394,True,True,782.0,102.0,False,True,False,,-16.35692408401519,0.1332527157656025,-680.0
v500_s2_p50,500,0.5,h4,4,,3.0984043923691837,19.1907876249752,2.45786608295748,True,True,782.0,89.0,False,True,False,,-16.73292154201772,0.12807531045566747,-693.0
v500_s2_p50,500,0.5,h2+3,0,,3.143884853091255,4.789441916975193,1.0923290000064299,True,True,551.0,130.0,False,True,False,,-3.697112916968763,0.2280702050347232,-421.0
v500_s2_p50,500,0.5,h2+3,1,,3.278089990217367,4.779720208025537,1.1081724170362577,True,True,551.0,130.0,False,True,False,,-3.6715477909892797,0.2318488047010673,-421.0
v500_s2_p50,500,0.5,h2+3,2,,3.0445605893941914,4.896117250027601,1.120931167039089,True,True,551.0,130.0,False,True,False,,-3.7751860829885118,0.22894287652787929,-421.0
v500_s2_p50,500,0.5,h2+3,3,,3.0579859705671013,4.69726216600975,1.0482677079853602,True,True,551.0,130.0,False,True,False,,-3.64899445802439,0.22316568054702532,-421.0
v500_s2_p50,500,0.5,h2+3,4,,3.4303340896202914,4.8503444159869105,1.1206783339730464,True,True,551.0,130.0,False,True,False,,-3.729666082013864,0.23105128994123594,-421.0
v500_s2_p50,500,0.5,h2+3+4,0,,,22.77793516701786,2.8301717080175877,True,True,782.0,102.0,False,False,False,,-19.94776345900027,0.12425058229666217,-680.0
v500_s2_p50,500,0.5,h2+3+4,1,,3.1991672781070073,22.519504667026922,3.04533612501109,True,True,782.0,102.0,False,True,False,,-19.474168542015832,0.13523104393455304,-680.0
v500_s2_p50,500,0.5,h2+3+4,2,,3.025800010533659,22.896864000009373,3.1434868330252357,True,True,782.0,108.0,False,True,False,,-19.753377166984137,0.1372889681759017,-674.0
v500_s2_p50,500,0.5,h2+3+4,3,,3.1049168821679665,22.31347229098901,3.047715834050905,True,True,782.0,102.0,False,True,False,,-19.265756456938107,0.13658635439190175,-680.0
v500_s2_p50,500,0.5,h2+3+4,4,,3.0862174247414984,22.412341042014305,3.0443423339747824,True,True,782.0,89.0,False,True,False,,-19.367998708039522,0.13583330399389518,-693.0
v500_s3_p0,500,0.0,h2,0,1.1825479465798776,1.188459210963639,46.694900167000014,45.93202491698321,True,True,967.0,963.0,True,True,True,0.005911264383761328,-0.7628752500168048,0.9836625574251481,-4.0
v500_s3_p0,500,0.0,h2,1,1.1919252407143115,1.1847776558090921,47.09948416601401,46.88493437500438,True,True,967.0,963.0,True,True,True,-0.007147584905219384,-0.214549791009631,0.9954447528500865,-4.0
v500_s3_p0,500,0.0,h2,2,1.1875239462297138,1.1871261626784242,47.58883608400356,47.47091749997344,True,True,967.0,963.0,True,True,True,-0.00039778355128960996,-0.11791858403012156,0.9975221376748535,-4.0
v500_s3_p0,500,0.0,h2,3,1.182197758170829,1.186641409188594,45.80293858400546,45.848809832998086,True,True,967.0,963.0,True,True,True,0.004443651017765005,0.045871248992625624,1.0010014913979481,-4.0
v500_s3_p0,500,0.0,h2,4,1.1899904734940379,1.182756798276742,46.63835454196669,46.66497841704404,True,True,967.0,963.0,True,True,True,-0.0072336752172958985,0.026623875077348202,1.0005708579416839,-4.0
v500_s3_p0,500,0.0,h3,0,1.2789091106234765,1.2602476450439786,110.86569691699697,103.38269291596953,True,True,279.0,359.0,True,True,True,-0.018661465579497882,-7.483004001027439,0.9325038834453021,80.0
v500_s3_p0,500,0.0,h3,1,1.2645204292532386,1.2609989233223224,99.21986441599438,106.39327262499137,True,True,364.0,326.0,True,True,True,-0.003521505930916158,7.173408208996989,1.07229810533626,-38.0
v500_s3_p0,500,0.0,h3,2,1.2555325323274042,1.2547788648113691,92.71896954200929,106.89566508401185,True,True,400.0,362.0,True,True,True,-0.000753667516035117,14.176695542002562,1.1528996235832771,-38.0
v500_s3_p0,500,0.0,h3,3,1.2722193548627418,1.2690255425688532,98.17568841698812,119.21302262501558,True,True,334.0,298.0,True,True,True,-0.0031938122938885982,21.03733420802746,1.2142825229671341,-36.0
v500_s3_p0,500,0.0,h3,4,1.2656785791219372,1.2694470110850273,114.90342179103754,97.21817374997772,True,True,299.0,393.0,True,True,True,0.0037684319630901797,-17.685248041059822,0.8460859758099974,94.0
v500_s3_p0,500,0.0,h4,0,1.3446775188805324,1.3324970044539541,225.57554537500255,248.54959283396602,True,True,233.0,230.0,True,True,True,-0.012180514426578304,22.97404745896347,1.1018463567084402,-3.0
v500_s3_p0,500,0.0,h4,1,1.3498822065913159,1.3134385560111626,227.44388870795956,211.6146901670145,True,True,236.0,280.0,True,True,True,-0.03644365058015331,-15.829198540945072,0.9304039399305649,44.0
v500_s3_p0,500,0.0,h4,2,1.318341460222671,1.3309494172971195,212.0565463330131,220.12119570898358,True,True,237.0,289.0,True,True,True,0.012607957074448395,8.064649375970475,1.0380306551032183,52.0
v500_s3_p0,500,0.0,h4,3,1.3423200310785761,1.325147368460213,228.50837416603463,226.37120287498692,True,True,219.0,262.0,True,True,True,-0.017172662618363033,-2.137171291047707,0.9906472955363341,43.0
v500_s3_p0,500,0.0,h4,4,1.3543784247989366,1.3016248391693972,253.09226054197643,205.997613500047,True,True,203.0,307.0,True,True,True,-0.05275358562953936,-47.09464704192942,0.8139230060173311,104.0
v500_s3_p0,500,0.0,h2+3,0,1.2762065035993986,1.2648898999646376,113.51885183400009,106.95487020799192,True,True,279.0,359.0,True,True,True,-0.011316603634760947,-6.563981626008172,0.9421771668761524,80.0
v500_s3_p0,500,0.0,h2+3,1,1.26134958325565,1.2643251608503634,101.08385125000495,108.62556424998911,True,True,364.0,326.0,True,True,True,0.002975577594713341,7.541712999984156,1.074608485002532,-38.0
v500_s3_p0,500,0.0,h2+3,2,1.2557416333640778,1.2557176597674258,94.69423091702629,108.19429483299609,True,True,400.0,362.0,True,True,True,-2.397359665207155e-05,13.500063915969804,1.1425647981427605,-38.0
v500_s3_p0,500,0.0,h2+3,3,1.2794561090356762,1.2683705906017144,100.11283808399457,123.83832066698233,True,True,334.0,298.0,True,True,True,-0.011085518433961772,23.725482582987752,1.236987413772868,-36.0
v500_s3_p0,500,0.0,h2+3,4,1.2686947267995887,1.2701148923379924,114.55198350001592,99.9902051249519,True,True,299.0,393.0,True,True,True,0.0014201655384036282,-14.561778375064023,0.8728806090462676,94.0
v500_s3_p0,500,0.0,h2+3+4,0,1.3426445125923607,1.3391630166622428,231.56380608398467,252.41801245801616,True,True,233.0,230.0,True,True,True,-0.0034814959301179282,20.85420637403149,1.090058143052235,-3.0
v500_s3_p0,500,0.0,h2+3+4,1,1.3363866035474865,1.3123074440451175,236.4819693340105,218.54661904199747,True,True,236.0,280.0,True,True,True,-0.024079159502369052,-17.935350292013027,0.924157641521156,44.0
v500_s3_p0,500,0.0,h2+3+4,2,1.3142590226167556,1.335322655660463,213.51169416698394,226.75642487499863,True,True,237.0,289.0,True,True,True,0.021063633043707286,13.244730708014686,1.062032811643826,52.0
v500_s3_p0,500,0.0,h2+3+4,3,1.3371664513284989,1.329271892316149,235.01424533402314,229.96243529202184,True,True,219.0,262.0,True,True,True,-0.007894559012349811,-5.051810042001307,0.9785042390310373,43.0
v500_s3_p0,500,0.0,h2+3+4,4,1.3476757252661062,1.3098030003019896,253.36063695902703,210.9015055409982,True,True,203.0,307.0,True,True,True,-0.037872724964116644,-42.459131418028846,0.8324162272101674,104.0
v500_s3_p10,500,0.1,h2,0,1.3155565574279149,1.3182703354312286,32.026199291984085,28.85380066698417,True,True,870.0,820.0,True,True,True,0.002713778003313738,-3.1723986249999143,0.9009436431692367,-50.0
v500_s3_p10,500,0.1,h2,1,1.3235983947036298,1.3110488650469507,33.21225304098334,28.696956583997235,True,True,870.0,820.0,True,True,True,-0.012549529656679104,-4.515296456986107,0.8640472704030555,-50.0
v500_s3_p10,500,0.1,h2,2,1.3170008841184193,1.3171720140759557,34.25554162502522,28.509054958005436,True,True,870.0,820.0,True,True,True,0.00017112995753643112,-5.746486667019781,0.8322465097786773,-50.0
v500_s3_p10,500,0.1,h2,3,1.2976450012988365,1.3164987878493135,29.52665795799112,28.395446707960218,True,True,870.0,820.0,True,True,True,0.01885378655047698,-1.1312112500309013,0.9616884765068798,-50.0
v500_s3_p10,500,0.1,h2,4,1.3126273824757426,1.3349256416008752,33.681980666005984,28.197898166021332,True,True,870.0,820.0,True,True,True,0.022298259125132613,-5.484082499984652,0.8371805222986919,-50.0
v500_s3_p10,500,0.1,h3,0,1.3409741689233727,1.3329485669519445,62.27080229198327,58.17532887501875,True,True,368.0,431.0,True,True,True,-0.008025601971428209,-4.0954734169645235,0.9342312405457514,63.0
v500_s3_p10,500,0.1,h3,1,1.320441663144482,1.313889185562064,64.79353437502868,61.62428500002716,True,True,385.0,445.0,True,True,True,-0.006552477582417948,-3.1692493750015274,0.9510869501784278,60.0
v500_s3_p10,500,0.1,h3,2,1.3395745464253175,1.30755159845275,65.15124487504363,63.027141833968926,True,True,390.0,410.0,True,True,True,-0.03202294797256755,-2.1241030410747044,0.9673973529569755,20.0
v500_s3_p10,500,0.1,h3,3,1.3292087629708937,1.3198293053633943,59.8449067909969,57.32063020899659,True,True,365.0,445.0,True,True,True,-0.009379457607499475,-2.5242765820003115,0.9578196923120604,80.0
v500_s3_p10,500,0.1,h3,4,1.3306450146278204,1.3296710095245503,63.91863312496571,60.653654083027504,True,True,405.0,444.0,True,True,True,-0.0009740051032700592,-3.2649790419382043,0.9489197612290156,39.0
v500_s3_p10,500,0.1,h4,0,1.360744940128357,1.360715742429208,99.34593620797386,92.44482145900838,True,True,353.0,344.0,True,True,True,-2.9197699148886258e-05,-6.901114748965483,0.9305345038520904,-9.0
v500_s3_p10,500,0.1,h4,1,1.3529505391878682,1.3595963735746726,104.5423498749733,143.88297629199224,True,True,357.0,248.0,True,True,True,0.006645834386804328,39.34062641701894,1.3763128192935026,-109.0
v500_s3_p10,500,0.1,h4,2,1.3528956956944542,1.3697748071254487,111.46262795798248,121.83120612497441,True,True,392.0,271.0,True,True,True,0.01687911143099452,10.368578166991938,1.0930229114183503,-121.0
v500_s3_p10,500,0.1,h4,3,1.3519338834109205,1.3579576165981602,97.16864237497794,113.60168541700114,True,True,333.0,347.0,True,True,True,0.006023733187239699,16.4330430420232,1.1691187881231002,14.0
v500_s3_p10,500,0.1,h4,4,1.3626560960144658,1.3629795239233198,108.5489785830141,87.7225634159986,True,True,354.0,447.0,True,True,True,0.0003234279088539793,-20.82641516701551,0.8081380825606915,93.0
v500_s3_p10,500,0.1,h2+3,0,1.3502863465068817,1.3268254476780126,64.52870979200816,59.9921991659794,True,True,368.0,431.0,True,True,True,-0.023460898828869148,-4.5365106260287575,0.9296977943515213,63.0
v500_s3_p10,500,0.1,h2+3,1,1.3201875626460533,1.3119381466411102,67.35530308296438,64.39817916601896,True,True,385.0,445.0,True,True,True,-0.008249416004943111,-2.95712391694542,0.9560966430022146,60.0
v500_s3_p10,500,0.1,h2+3,2,1.3310980774365935,1.313773996231441,67.2090937080211,64.90774708299432,True,True,390.0,410.0,True,True,True,-0.017324081205152497,-2.301346625026781,0.9657584041376216,20.0
v500_s3_p10,500,0.1,h2+3,3,1.3269657013982146,1.313332235783175,62.420306624961086,60.11301854200428,True,True,365.0,445.0,True,True,True,-0.013633465615039642,-2.307288082956802,0.9630362584275716,80.0
v500_s3_p10,500,0.1,h2+3,4,1.3336887403503432,1.3285479714143225,65.37875929201255,61.6569153330056,True,True,405.0,444.0,True,True,True,-0.005140768936020779,-3.7218439590069465,0.943072581992824,39.0
v500_s3_p10,500,0.1,h2+3+4,0,1.3512509037964835,1.3619226774801465,103.9394200000097,95.29775766696548,True,True,353.0,344.0,True,True,True,0.01067177368366301,-8.641662333044223,0.9168586631227746,-9.0
v500_s3_p10,500,0.1,h2+3+4,1,1.352162535388383,1.3658817717059641,110.9789042089833,151.73138020798797,True,True,357.0,249.0,True,True,True,0.013719236317581096,40.75247599900467,1.3672092123225879,-108.0
v500_s3_p10,500,0.1,h2+3+4,2,1.356391781700247,1.3731863118785634,116.07277870795224,142.45380383299198,True,True,392.0,280.0,True,True,True,0.016794530178316336,26.38102512503974,1.2272800342913852,-112.0
v500_s3_p10,500,0.1,h2+3+4,3,1.3464487625489405,1.3604091371849054,112.9379931249423,131.28372254199348,True,True,330.0,344.0,True,True,True,0.01396037463596489,18.34572941705119,1.162440724413754,14.0
v500_s3_p10,500,0.1,h2+3+4,4,1.3610018896430554,1.3546358375383236,113.5385115420213,91.68465345801087,True,True,355.0,449.0,True,True,True,-0.006366052104731734,-21.853858084010426,0.8075203048974076,94.0
v500_s3_p30,500,0.3,h2,0,,2.100943740651953,12.298257041955367,5.552176334022079,True,True,677.0,439.0,False,True,False,,-6.746080707933288,0.451460423625957,-238.0
v500_s3_p30,500,0.3,h2,1,,2.2460979894352633,12.985006625007372,5.6981005420093425,True,True,677.0,439.0,False,True,False,,-7.28690608299803,0.4388215352185935,-238.0
v500_s3_p30,500,0.3,h2,2,,1.9077399946195939,13.11131445801584,5.844943291042,True,True,677.0,439.0,False,True,False,,-7.2663711669738404,0.44579384544229184,-238.0
v500_s3_p30,500,0.3,h2,3,,,12.42872724996414,5.0279558330075815,True,True,677.0,439.0,False,False,False,,-7.400771416956559,0.4045430985720673,-238.0
v500_s3_p30,500,0.3,h2,4,,,13.08054966700729,5.194816583010834,True,True,677.0,439.0,False,False,False,,-7.885733083996456,0.39714054189279036,-238.0
v500_s3_p30,500,0.3,h3,0,1.7606208211131489,1.789128318381463,42.01578079198953,20.749150625022594,True,True,501.0,343.0,True,True,True,0.02850749726831414,-21.266630166966934,0.49384184308621726,-158.0
v500_s3_p30,500,0.3,h3,1,1.7969493301560573,1.7353627931944182,41.90618120797444,20.679907832993194,True,True,501.0,343.0,True,True,True,-0.06158653696163907,-21.226273374981247,0.49348108648606615,-158.0
v500_s3_p30,500,0.3,h3,2,1.7950007524560765,1.7541453395758015,40.97360295802355,21.24748845899012,True,True,501.0,343.0,True,True,True,-0.040855412880274944,-19.72611449903343,0.5185652938736593,-158.0
v500_s3_p30,500,0.3,h3,3,1.8221759404560551,1.715884637321826,42.73636133299442,20.02624666702468,True,True,501.0,343.0,True,True,True,-0.10629130313422919,-22.71011466596974,0.46859971327422073,-158.0
v500_s3_p30,500,0.3,h3,4,1.838182919052437,1.6888102484763856,40.95528120797826,19.79936349997297,True,True,501.0,343.0,True,True,True,-0.14937267057605141,-21.15591770800529,0.48343859243520393,-158.0
v500_s3_p30,500,0.3,h4,0,,1.7287158779592442,40.28980312496424,26.073178208025638,True,True,310.0,224.0,False,True,False,,-14.2166249169386,0.647140869047093,-86.0
v500_s3_p30,500,0.3,h4,1,,1.7192936073241238,41.41606399999,26.867808083014097,True,True,310.0,222.0,False,True,False,,-14.548255916975904,0.6487291521236924,-88.0
v500_s3_p30,500,0.3,h4,2,,1.7134507704568773,41.091995124996174,26.383721208025236,True,True,310.0,224.0,False,True,False,,-14.708273916970938,0.6420647410224205,-86.0
v500_s3_p30,500,0.3,h4,3,,1.711908737390978,39.871432874992024,25.69478454097407,True,True,310.0,226.0,False,True,False,,-14.176648334017955,0.6444409615659996,-84.0
v500_s3_p30,500,0.3,h4,4,,1.7004858631647282,40.59152037499007,24.449685791973025,True,True,310.0,224.0,False,True,False,,-16.141834583017044,0.6023348119534191,-86.0
v500_s3_p30,500,0.3,h2+3,0,1.7796195252860092,1.7551248761064604,43.38234399998328,21.397021875018254,True,True,501.0,343.0,True,True,True,-0.0244946491795488,-21.985322124965023,0.49321958894213974,-158.0
v500_s3_p30,500,0.3,h2+3,1,1.8103915363983436,1.8660280228908461,43.52110620797612,22.15980462502921,True,True,501.0,343.0,True,True,True,0.055636486492502524,-21.361301582946908,0.5091737447833525,-158.0
v500_s3_p30,500,0.3,h2+3,2,1.8050178932619012,1.7617818712198,42.3424140830175,22.061999375000596,True,True,501.0,343.0,True,True,True,-0.04323602204210131,-20.280414708016906,0.5210378258486948,-158.0
v500_s3_p30,500,0.3,h2+3,3,1.810086410141322,1.7874620112222628,42.283958124986384,21.663050916977227,True,True,501.0,343.0,True,True,True,-0.02262439891905932,-20.620907208009157,0.5123231569983068,-158.0
v500_s3_p30,500,0.3,h2+3,4,1.8208533713797683,1.788355687787126,42.46260662499117,21.66521270899102,True,True,501.0,343.0,True,True,True,-0.03249768359264227,-20.797393916000146,0.5102186236546312,-158.0
v500_s3_p50,500,0.5,h2,0,,,4.434956458979286,0.6802133750170469,True,True,551.0,128.0,False,False,False,,-3.7547430839622393,0.15337543475536158,-423.0
v500_s3_p50,500,0.5,h2,1,,2.919686913844167,4.5522040000068955,0.9773826250457205,True,True,551.0,128.0,False,True,False,,-3.574821374961175,0.21470536580615454,-423.0
v500_s3_p50,500,0.5,h2,2,,,4.470074208977167,0.6874515829840675,True,True,551.0,128.0,False,False,False,,-3.782622625993099,0.15378974729400943,-423.0
v500_s3_p50,500,0.5,h2,3,,2.7293025088339764,4.514202916994691,0.9558585830382071,True,True,551.0,128.0,False,True,False,,-3.5583443339564838,0.21174470900270595,-423.0
v500_s3_p50,500,0.5,h2,4,,2.6396871151112036,4.251848500047345,0.9832158750505187,True,True,551.0,128.0,False,True,False,,-3.268632624996826,0.23124433409129475,-423.0
v500_s3_p50,500,0.5,h3,0,,2.5529895682034955,5.100127333018463,1.0958494580117986,True,True,551.0,128.0,False,True,False,,-4.0042778750066645,0.21486707810552452,-423.0
v500_s3_p50,500,0.5,h3,1,,2.486670919706924,5.109729207993951,1.1869127079844475,True,True,551.0,128.0,False,True,False,,-3.922816500009503,0.2322848549640505,-423.0
v500_s3_p50,500,0.5,h3,2,,2.788163047484183,4.905363333993591,1.1200724160298705,True,True,551.0,128.0,False,True,False,,-3.785290917963721,0.22833628006062268,-423.0
v500_s3_p50,500,0.5,h3,3,,3.0177708770755984,4.638701833027881,1.165598042018246,True,True,551.0,128.0,False,True,False,,-3.4731037910096347,0.2512767761271282,-423.0
v500_s3_p50,500,0.5,h3,4,,2.529882356043481,4.660190416965634,1.1100279579986818,True,True,551.0,128.0,False,True,False,,-3.550162458966952,0.23819369139028632,-423.0
v500_s3_p50,500,0.5,h4,0,,2.6264750466706785,20.14187904202845,2.728800165990833,True,True,381.0,73.0,False,True,False,,-17.413078876037616,0.13547892727867464,-308.0
v500_s3_p50,500,0.5,h4,1,,2.678807812849472,20.977507290954236,2.826741166994907,True,True,381.0,73.0,False,True,False,,-18.15076612395933,0.13475105158055806,-308.0
v500_s3_p50,500,0.5,h4,2,,2.9158140020915484,20.635765500017442,2.8111616249661893,True,True,381.0,73.0,False,True,False,,-17.824603875051253,0.13622763957866324,-308.0
v500_s3_p50,500,0.5,h4,3,,2.8325474191189457,19.785042250005063,2.7485067499801517,True,True,381.0,73.0,False,True,False,,-17.03653550002491,0.13891841701674648,-308.0
v500_s3_p50,500,0.5,h4,4,,2.623207530041125,20.18346016597934,2.7404606249765493,True,True,381.0,73.0,False,True,False,,-17.44299954100279,0.13577754272261952,-308.0
v500_s3_p50,500,0.5,h2+3,0,,2.631626368470742,5.306160165986512,1.2397956670029089,True,True,551.0,128.0,False,True,False,,-4.066364498983603,0.2336521379339872,-423.0
v500_s3_p50,500,0.5,h2+3,1,,2.474209198350518,5.195329541980755,1.188145165971946,True,True,551.0,128.0,False,True,False,,-4.007184376008809,0.2286948607150255,-423.0
v500_s3_p50,500,0.5,h2+3,2,,2.7118232503241204,5.449589208990801,1.1677549160085618,True,True,551.0,128.0,False,True,False,,-4.281834292982239,0.2142831085473351,-423.0
v500_s3_p50,500,0.5,h2+3,3,,2.6890503183697048,4.927259791002143,1.151650374988094,True,True,551.0,128.0,False,True,False,,-3.775609416014049,0.23373039454732356,-423.0
v500_s3_p50,500,0.5,h2+3,4,,2.6149882564208666,5.178221791982651,1.1276800829800777,True,True,551.0,128.0,False,True,False,,-4.050541709002573,0.2177736157856438,-423.0
v500_s3_p50,500,0.5,h2+3+4,0,,2.7548898038954084,23.533746083034202,3.2602917500189506,True,True,381.0,74.0,False,True,False,,-20.273454333015252,0.13853687970098985,-307.0
v500_s3_p50,500,0.5,h2+3+4,1,,2.781986203833998,24.008443083032034,3.3536949579720385,True,True,381.0,74.0,False,True,False,,-20.654748125059996,0.13968814830572093,-307.0
v500_s3_p50,500,0.5,h2+3+4,2,,3.1059997719208807,24.202497749996837,3.3359481249935925,True,True,381.0,74.0,False,True,False,,-20.866549625003245,0.13783486974992193,-307.0
v500_s3_p50,500,0.5,h2+3+4,3,,2.773570105052506,23.398866584000643,3.3467518750112504,True,True,381.0,74.0,False,True,False,,-20.052114708989393,0.14303051231120942,-307.0
v500_s3_p50,500,0.5,h2+3+4,4,,2.8289539055245534,23.321168875030708,3.281263208016753,True,True,381.0,74.0,False,True,False,,-20.039905667013954,0.14069891717691327,-307.0
v500_s4_p0,500,0.0,h2,0,1.1885007856125633,1.183498785305479,46.970463791978545,46.793013375019655,True,True,967.0,963.0,True,True,True,-0.005002000307084309,-0.17745041695889086,0.9962220850587131,-4.0
v500_s4_p0,500,0.0,h2,1,1.1909768700430035,1.187905856452991,47.37891995895188,47.43476420798106,True,True,967.0,963.0,True,True,True,-0.0030710135900124946,0.05584424902917817,1.0011786729008927,-4.0
v500_s4_p0,500,0.0,h2,2,1.1895569697137518,1.1845484338171846,47.357216292002704,47.578310124983545,True,True,967.0,963.0,True,True,True,-0.0050085358965672455,0.2210938329808414,1.0046686408174328,-4.0
v500_s4_p0,500,0.0,h2,3,1.1826260965172546,1.1898056140121713,46.39182424999308,45.65293212502729,True,True,967.0,963.0,True,True,True,0.007179517494916743,-0.7388921249657869,0.9840727943573829,-4.0
v500_s4_p0,500,0.0,h2,4,1.1845675502321134,1.1870250252811698,45.81627362500876,46.46758245798992,True,True,967.0,963.0,True,True,True,0.002457475049056468,0.651308832981158,1.0142156657765733,-4.0
v500_s4_p0,500,0.0,h3,0,1.2683519786261561,1.2908298543756507,97.16277708299458,175.48077241599094,True,True,353.0,218.0,True,True,True,0.022477875749494558,78.31799533299636,1.806049370800699,-135.0
v500_s4_p0,500,0.0,h3,1,1.2631809667313338,1.2520754697886487,106.11666820797836,123.58049416600261,True,True,365.0,296.0,True,True,True,-0.011105496942685145,17.463825958024245,1.1645719400442995,-69.0
v500_s4_p0,500,0.0,h3,2,1.2794926128788082,1.2504113442030405,105.14902204100508,98.78213195799617,True,True,306.0,386.0,True,True,True,-0.02908126867576777,-6.3668900830089115,0.9394488892105339,80.0
v500_s4_p0,500,0.0,h3,3,1.2760595443414697,1.255267007764772,94.6980119580403,99.1216419999837,True,True,320.0,387.0,True,True,True,-0.020792536576697662,4.423630041943397,1.0467130191064988,67.0
v500_s4_p0,500,0.0,h3,4,1.2692430149264096,1.261976050837452,92.53086883400101,114.35938829201041,True,True,384.0,289.0,True,True,True,-0.00726696408895755,21.828519458009396,1.2359052685128185,-95.0
v500_s4_p0,500,0.0,h4,0,1.348615500632703,1.310873515230329,228.80887850001454,226.99105704197427,True,True,203.0,247.0,True,True,True,-0.037741985402373945,-1.817821458040271,0.9920552844367001,44.0
v500_s4_p0,500,0.0,h4,1,1.3002172745193459,1.3285953654544627,169.80919391597854,235.5637544170022,True,True,335.0,231.0,True,True,True,0.028378090935116784,65.75456050102366,1.387226150626208,-104.0
v500_s4_p0,500,0.0,h4,2,1.3398245284597148,1.307786000410685,213.48648712498834,215.50246420799522,True,True,227.0,280.0,True,True,True,-0.032038528049029846,2.0159770830068737,1.0094431132862596,53.0
v500_s4_p0,500,0.0,h4,3,1.329976004209603,1.3407808613127505,203.85545908403583,225.41858987504384,True,True,245.0,231.0,True,True,True,0.010804857103147603,21.563130791008007,1.105776567808856,-14.0
v500_s4_p0,500,0.0,h4,4,1.3425669053585907,1.3043293733232593,225.45969829097157,211.36838712502504,True,True,207.0,284.0,True,True,True,-0.03823753203533142,-14.091311165946536,0.9374996450684472,77.0
v500_s4_p0,500,0.0,h2+3,0,1.2626837417206391,1.2930325714017172,99.44180908304406,175.71302245900733,True,True,353.0,218.0,True,True,True,0.030348829681078104,76.27121337596327,1.7669934213713774,-135.0
v500_s4_p0,500,0.0,h2+3,1,1.2661874702028184,1.2568139491419246,108.54820991697488,127.39473004097817,True,True,365.0,296.0,True,True,True,-0.009373521060893841,18.84652012400329,1.1736234999952408,-69.0
v500_s4_p0,500,0.0,h2+3,2,1.2736030104859977,1.2554332898733251,107.3389837499708,100.01605004101293,True,True,306.0,386.0,True,True,True,-0.018169720612672524,-7.322933708957862,0.9317775010240876,80.0
v500_s4_p0,500,0.0,h2+3,3,1.2756017667920903,1.2580696780713432,96.59410562500125,101.88598158297827,True,True,320.0,387.0,True,True,True,-0.017532088720747074,5.291875957977027,1.0547846674881096,67.0
v500_s4_p0,500,0.0,h2+3,4,1.271116900577453,1.2517751959078567,94.58281250001164,117.45582141599152,True,True,384.0,289.0,True,True,True,-0.019341704669596282,22.87300891597988,1.241830500821458,-95.0
v500_s4_p0,500,0.0,h2+3+4,0,1.3502111478133747,1.3107704476471496,235.23021612496814,232.01068620895967,True,True,203.0,247.0,True,True,True,-0.03944070016622514,-3.2195299160084687,0.9863132807976588,44.0
v500_s4_p0,500,0.0,h2+3+4,1,1.3120902003640427,1.3293403830009156,169.86708895803895,239.46751287498046,True,True,335.0,231.0,True,True,True,0.017250182636872946,69.60042391694151,1.4097346009981628,-104.0
v500_s4_p0,500,0.0,h2+3+4,2,1.3432622601994906,1.3176002843243098,226.25213270896347,222.37014675000682,True,True,227.0,280.0,True,True,True,-0.02566197587518082,-3.8819859589566477,0.9828422127452376,53.0
v500_s4_p0,500,0.0,h2+3+4,3,1.3347299888124309,1.340404061573216,209.3345890000346,232.2752612499753,True,True,245.0,231.0,True,True,True,0.0056740727607851316,22.94067224994069,1.1095885412894517,-14.0
v500_s4_p0,500,0.0,h2+3+4,4,1.347379636622125,1.3083041000709599,228.16057595901657,217.99182512500556,True,True,207.0,284.0,True,True,True,-0.039075536551165024,-10.168750834011007,0.9554316042932958,77.0
v500_s4_p10,500,0.1,h2,0,1.3114084843761227,1.3202497415917573,33.27377349999733,27.51699745800579,True,True,870.0,819.0,True,True,True,0.008841257215634668,-5.756776041991543,0.8269875810150596,-51.0
v500_s4_p10,500,0.1,h2,1,1.3241491812212873,1.3278755593898888,33.43980608403217,29.59663124999497,True,True,870.0,819.0,True,True,True,0.0037263781686014408,-3.8431748340371996,0.8850718564461906,-51.0
v500_s4_p10,500,0.1,h2,2,1.3083036020862389,1.32469536500215,33.2220370839932,27.875443042023107,True,True,870.0,819.0,True,True,True,0.016391762915911157,-5.346594041970093,0.8390648343311209,-51.0
v500_s4_p10,500,0.1,h2,3,1.3161068231864947,1.3096650984824691,30.739158375014085,28.08095187501749,True,True,870.0,819.0,True,True,True,-0.006441724704025598,-2.658206499996595,0.913523770964488,-51.0
v500_s4_p10,500,0.1,h2,4,1.3118914172009228,1.304894182549564,33.87930100003723,26.83346283400897,True,True,870.0,819.0,True,True,True,-0.00699723465135893,-7.045838166028261,0.7920311825199546,-51.0
v500_s4_p10,500,0.1,h3,0,1.3319896118220416,1.3240494041129294,63.9227580409497,71.56391945801442,True,True,350.0,297.0,True,True,True,-0.00794020770911219,7.641161417064723,1.1195374175214672,-53.0
v500_s4_p10,500,0.1,h3,1,1.3449812495887143,1.3399386744691693,79.0474215830327,63.237511790997814,True,True,277.0,344.0,True,True,True,-0.00504257511954509,-15.809909792034887,0.7999946174660751,67.0
v500_s4_p10,500,0.1,h3,2,1.317690555735696,1.3220228778615442,61.55950395797845,74.87649008299923,True,True,375.0,310.0,True,True,True,0.00433232212584822,13.316986125020776,1.216327053806528,-65.0
v500_s4_p10,500,0.1,h3,3,1.3282565857831985,1.3432391660708227,66.87239900004352,61.86255858297227,True,True,325.0,376.0,True,True,True,0.014982580287624225,-5.009840417071246,0.925083584677918,51.0
v500_s4_p10,500,0.1,h3,4,1.3577674115041247,1.3288216580594618,69.49267345899716,62.148687582986895,True,True,319.0,341.0,True,True,True,-0.02894575344466288,-7.343985876010265,0.8943199979154142,22.0
v500_s4_p10,500,0.1,h2+3,0,1.3341544572454291,1.3189095505637258,64.41354533296544,74.06231774995103,True,True,350.0,297.0,True,True,True,-0.015244906681703307,9.648772416985594,1.1497941522564752,-53.0
v500_s4_p10,500,0.1,h2+3,1,1.3552246176102298,1.3352746191260585,79.40551633300493,64.77723604097264,True,True,277.0,344.0,True,True,True,-0.01994999848417134,-14.628280292032287,0.8157775307362111,67.0
v500_s4_p10,500,0.1,h2+3,2,1.3233245117656378,1.3302644309493434,64.11241683299886,77.38212325004861,True,True,375.0,310.0,True,True,True,0.006939919183705623,13.269706417049747,1.2069756074180593,-65.0
v500_s4_p10,500,0.1,h2+3,3,1.3250037755384547,1.3503862272714118,68.94759366702056,63.81544550001854,True,True,325.0,376.0,True,True,True,0.025382451732957056,-5.132148167002015,0.9255645064019564,51.0
v500_s4_p10,500,0.1,h2+3,4,1.3498633275776093,1.3348758970860235,71.23553200002061,63.79085962497629,True,True,319.0,341.0,True,True,True,-0.014987430491585796,-7.44467237504432,0.8954921488472611,22.0
v500_s4_p30,500,0.3,h2,0,2.06711567280999,2.0702770856191957,13.03496666700812,5.611133875034284,True,True,677.0,437.0,True,True,True,0.003161412809205455,-7.423832791973837,0.4304678345849726,-240.0
v500_s4_p30,500,0.3,h2,1,,,12.682700417004526,4.930530333018396,True,True,677.0,437.0,False,False,False,,-7.75217008398613,0.3887602932264892,-240.0
v500_s4_p30,500,0.3,h2,2,,,12.513054250041023,4.857042041956447,True,True,677.0,437.0,False,False,False,,-7.656012208084576,0.3881579944353333,-240.0
v500_s4_p30,500,0.3,h2,3,,2.2349901001232397,12.20407812501071,5.292351250012871,True,True,677.0,437.0,False,True,False,,-6.911726874997839,0.43365432405474924,-240.0
v500_s4_p30,500,0.3,h2,4,,,12.06037862499943,4.85884837503545,True,True,677.0,437.0,False,False,False,,-7.20153024996398,0.4028769349714905,-240.0
v500_s4_p30,500,0.3,h3,0,1.8255389071426618,1.8537014976862518,45.38415024999995,22.613775499979965,True,True,393.0,334.0,True,True,True,0.02816259054359005,-22.770374750019982,0.4982747363432235,-59.0
v500_s4_p30,500,0.3,h3,1,1.738444901959119,1.8273415220571958,47.54377133300295,22.831811584008392,True,True,316.0,334.0,True,True,True,0.08889662009807675,-24.71195974899456,0.4802271873657502,18.0
v500_s4_p30,500,0.3,h3,2,1.781460719381167,1.9166823047539359,35.67182950000279,22.99310591595713,True,True,290.0,334.0,True,True,True,0.13522158537276896,-12.678723584045656,0.644573217528844,44.0
v500_s4_p30,500,0.3,h3,3,1.7848619986953163,1.7950911745954878,47.21307945903391,22.237560666981153,True,True,399.0,334.0,True,True,True,0.010229175900171583,-24.975518792052753,0.4710042412352356,-65.0
v500_s4_p30,500,0.3,h3,4,1.8472762816860449,1.8624109389590366,47.924532084027305,22.345667999994475,True,True,360.0,334.0,True,True,True,0.015134657272991792,-25.57886408403283,0.46626783879319356,-26.0
v500_s4_p30,500,0.3,h4,0,1.9348502252192745,1.8291628894787675,46.173216167022474,20.837224250019062,True,True,281.0,241.0,True,True,True,-0.10568733574050704,-25.335991917003412,0.4512837956672658,-40.0
v500_s4_p30,500,0.3,h4,1,,1.8181260751915405,42.47057524998672,21.85137204104103,True,True,292.0,270.0,False,True,False,,-20.61920320894569,0.5145061471953541,-22.0
v500_s4_p30,500,0.3,h4,2,,1.8439187523006815,45.73021916701691,23.09597887500422,True,True,281.0,225.0,False,True,False,,-22.63424029201269,0.5050485061235456,-56.0
v500_s4_p30,500,0.3,h4,3,,1.8420895956826568,41.188717624987476,23.47218799998518,True,True,281.0,218.0,False,True,False,,-17.716529625002295,0.5698693563051253,-63.0
v500_s4_p30,500,0.3,h4,4,,1.8223976516822324,44.2751775420038,24.870924542017747,True,True,281.0,198.0,False,True,False,,-19.404252999986056,0.5617351735839508,-83.0
v500_s4_p30,500,0.3,h2+3,0,1.8312761996294789,1.8045851768817294,46.249293499975465,23.949757749971468,True,True,393.0,334.0,True,True,True,-0.026691022747749482,-22.299535750003997,0.5178405103633459,-59.0
v500_s4_p30,500,0.3,h2+3,1,1.7413269412602737,1.8569237242906853,48.9862337919767,24.445361457997933,True,True,316.0,334.0,True,True,True,0.11559678303041165,-24.54087233397877,0.4990251253404535,18.0
v500_s4_p30,500,0.3,h2+3,2,1.8320763192174563,1.8528100437253705,37.42399883305188,23.97444608301157,True,True,290.0,334.0,True,True,True,0.02073372450791422,-13.449552750040311,0.6406168990641903,44.0
v500_s4_p30,500,0.3,h2+3,3,1.7945806844656471,1.8875742114185747,48.14900229201885,23.40761895797914,True,True,399.0,334.0,True,True,True,0.09299352695292762,-24.74138333403971,0.4861496156454974,-65.0
v500_s4_p30,500,0.3,h2+3,4,1.8020903890979485,1.8244390913658648,49.82691570796305,23.335390042047948,True,True,360.0,334.0,True,True,True,0.0223487022679163,-26.491525665915105,0.46832900873931915,-26.0
v500_s4_p30,500,0.3,h2+3+4,0,1.886462806012808,1.8441341165954097,50.26761404203717,23.22612929198658,True,True,283.0,246.0,True,True,True,-0.0423286894173982,-27.041484750050586,0.4620495667958962,-37.0
v500_s4_p30,500,0.3,h2+3+4,1,,1.799879156011534,46.492060041986406,24.50899645802565,True,True,294.0,272.0,False,True,False,,-21.983063583960757,0.5271652070459316,-22.0
v500_s4_p30,500,0.3,h2+3+4,2,1.7784308080210827,1.8242944024712353,49.88317250000546,25.845828458026517,True,True,283.0,229.0,True,True,True,0.045863594450152645,-24.03734404197894,0.5181271992679233,-54.0
v500_s4_p30,500,0.3,h2+3+4,3,,1.8242216283973567,45.2385146250017,25.54459941695677,True,True,283.0,222.0,False,True,False,,-19.693915208044928,0.5646648575600931,-61.0
v500_s4_p30,500,0.3,h2+3+4,4,1.8242686160352821,1.8135577629118622,47.95243954198668,27.149892166024074,True,True,283.0,201.0,True,True,True,-0.010710853123419906,-20.802547375962604,0.5661837525961927,-82.0
v500_s4_p50,500,0.5,h2,0,,,4.68611987499753,0.7487639159662649,True,True,555.0,142.0,False,False,False,,-3.9373559590312652,0.15978334655100124,-413.0
v500_s4_p50,500,0.5,h2,1,,,4.992865582986269,0.8102427499834448,True,True,555.0,142.0,False,False,False,,-4.182622833002824,0.16228010478480231,-413.0
v500_s4_p50,500,0.5,h2,2,,,4.583315791969653,0.7269277920131572,True,True,555.0,142.0,False,False,False,,-3.856387999956496,0.1586030343549084,-413.0
v500_s4_p50,500,0.5,h2,3,,,4.592347958008759,0.8031208339962177,True,True,555.0,142.0,False,False,False,,-3.789227124012541,0.17488240031891022,-413.0
v500_s4_p50,500,0.5,h2,4,,3.671782910374245,4.554890625004191,1.0011472080368549,True,True,555.0,142.0,False,True,False,,-3.553743416967336,0.21979610279575784,-413.0
v500_s4_p50,500,0.5,h3,0,,2.8948156006301864,4.897186375048477,1.2902592499740422,True,True,555.0,142.0,False,True,False,,-3.606927125074435,0.2634695008848361,-413.0
v500_s4_p50,500,0.5,h3,1,,2.6143062451466346,5.099594541999977,1.3213510410278104,True,True,555.0,142.0,False,True,False,,-3.7782435009721667,0.25910903899226434,-413.0
v500_s4_p50,500,0.5,h3,2,,2.7120412852278384,5.3316758329747245,1.282894124975428,True,True,555.0,142.0,False,True,False,,-4.0487817079992965,0.24061742783406573,-413.0
v500_s4_p50,500,0.5,h3,3,,2.646517340873968,4.828889375028666,1.2475007089669816,True,True,555.0,142.0,False,True,False,,-3.5813886660616845,0.2583411240311497,-413.0
v500_s4_p50,500,0.5,h3,4,,2.561380563872439,5.030305583029985,1.276927292055916,True,True,555.0,142.0,False,True,False,,-3.7533782909740694,0.25384686297462744,-413.0
v500_s4_p50,500,0.5,h4,0,,2.799540282503225,21.218550374964252,3.003342874988448,True,True,488.0,88.0,False,True,False,,-18.215207499975804,0.1415432638853637,-400.0
v500_s4_p50,500,0.5,h4,1,,2.7650759755167154,21.138529790972825,3.071333041007165,True,True,558.0,103.0,False,True,False,,-18.06719674996566,0.14529548986508856,-455.0
v500_s4_p50,500,0.5,h4,2,,2.8597875603956933,20.795935333997477,2.9384496660204604,True,True,558.0,99.0,False,True,False,,-17.857485667977016,0.14129923077884568,-459.0
v500_s4_p50,500,0.5,h4,3,,2.9006061887885104,20.442046375013888,2.9068763329996727,True,True,558.0,85.0,False,True,False,,-17.535170042014215,0.1422008481769574,-473.0
v500_s4_p50,500,0.5,h4,4,,2.8558472116494413,20.646253791986965,2.9796914160251617,True,True,505.0,103.0,False,True,False,,-17.666562375961803,0.14432116576914367,-402.0
v500_s4_p50,500,0.5,h2+3,0,,2.8460261944161442,5.290972165996209,1.315771916997619,True,True,555.0,142.0,False,True,False,,-3.97520024899859,0.2486824492205355,-413.0
v500_s4_p50,500,0.5,h2+3,1,,2.7239798220747042,5.118029500008561,1.3861241670092568,True,True,555.0,142.0,False,True,False,,-3.731905332999304,0.27083160951044505,-413.0
v500_s4_p50,500,0.5,h2+3,2,,2.676908745297439,5.353291290986817,1.3792130000074394,True,True,555.0,142.0,False,True,False,,-3.974078290979378,0.25763832473110154,-413.0
v500_s4_p50,500,0.5,h2+3,3,,2.8172220229156335,4.949640000006184,1.277387332986109,True,True,555.0,142.0,False,True,False,,-3.672252667020075,0.2580768162905813,-413.0
v500_s4_p50,500,0.5,h2+3,4,,2.8262808293290935,5.257359415991232,1.3265962500008754,True,True,555.0,142.0,False,True,False,,-3.9307631659903564,0.25233128364132523,-413.0
v500_s4_p50,500,0.5,h2+3+4,0,,2.7631419589348756,24.598349749983754,3.561228874954395,True,True,488.0,89.0,False,True,False,,-21.03712087502936,0.1447751134181978,-399.0
v500_s4_p50,500,0.5,h2+3+4,1,,2.7799818165375783,24.77325337502407,3.7961717500002123,True,True,558.0,104.0,False,True,False,,-20.977081625023857,0.1532367062384887,-454.0
v500_s4_p50,500,0.5,h2+3+4,2,,2.795103081738041,24.539150749973487,3.6579204160370864,True,True,558.0,100.0,False,True,False,,-20.8812303339364,0.14906467030204942,-458.0
v500_s4_p50,500,0.5,h2+3+4,3,,2.9102452179411804,24.126431999960914,3.5226655839942396,True,True,558.0,86.0,False,True,False,,-20.603766415966675,0.14600855957482425,-472.0
v500_s4_p50,500,0.5,h2+3+4,4,,,24.115423000010196,3.399150584009476,True,True,505.0,104.0,False,False,False,,-20.71627241600072,0.14095338837755567,-401.0
v500_s5_p0,500,0.0,h2,0,1.1892075957572141,1.1867910806777804,47.3529412909993,46.60461979202228,True,True,967.0,963.0,True,True,True,-0.0024165150794337453,-0.7483214989770204,0.9841969373269056,-4.0
v500_s5_p0,500,0.0,h2,1,1.1828699597016357,1.1837460775248678,47.81390954204835,47.517250291013625,True,True,967.0,963.0,True,True,True,0.0008761178232321587,-0.29665925103472546,0.9937955449810303,-4.0
v500_s5_p0,500,0.0,h2,2,1.1907343361892466,1.1869803175917708,46.689643374993466,47.11839337501442,True,True,967.0,963.0,True,True,True,-0.0037540185974758167,0.42875000002095476,1.0091829786871018,-4.0
v500_s5_p0,500,0.0,h2,3,1.188432524037518,1.1889103853319967,46.22707174997777,46.21888533397578,True,True,967.0,963.0,True,True,True,0.0004778612944786875,-0.008186416001990438,0.9998229086184333,-4.0
v500_s5_p0,500,0.0,h2,4,1.1834201354976488,1.1864173665030497,46.38740833301563,46.02747441700194,True,True,967.0,963.0,True,True,True,0.0029972310054009466,-0.35993391601368785,0.9922406978758175,-4.0
v500_s5_p0,500,0.0,h3,0,1.2530561441113115,1.260249259148726,98.57786895899335,103.90503070800332,True,True,383.0,332.0,True,True,True,0.007193115037414488,5.327161749009974,1.0540401390825964,-51.0
v500_s5_p0,500,0.0,h3,1,1.277738295339772,1.2860046901109048,108.60918129200581,133.91635254200082,True,True,325.0,229.0,True,True,True,0.008266394771132779,25.307171249995008,1.2330113435065342,-96.0
v500_s5_p0,500,0.0,h3,2,1.2599412838586992,1.260234384245969,100.52201045799302,95.50266341603128,True,True,337.0,409.0,True,True,True,0.0002931003872697069,-5.019347041961737,0.950067184101344,72.0
v500_s5_p0,500,0.0,h3,3,1.2872423259992163,1.26515919780029,109.32719216699479,117.1064566670102,True,True,289.0,327.0,True,True,True,-0.022083128198926216,7.779264500015415,1.0711558062163782,38.0
v500_s5_p0,500,0.0,h3,4,1.2680490252491654,1.2401471709665355,114.88871408300474,98.77366254199296,True,True,304.0,405.0,True,True,True,-0.027901854282629923,-16.11505154101178,0.8597333805183947,101.0
v500_s5_p0,500,0.0,h4,0,1.344011170249853,1.3408128495888905,212.37870850000763,210.8246403330122,True,True,208.0,227.0,True,True,True,-0.0031983206609624837,-1.554068166995421,0.9926825613642181,19.0
v500_s5_p0,500,0.0,h4,1,1.3222180103349035,1.3217565264957893,204.9722107910202,208.25462850002805,True,True,240.0,251.0,True,True,True,-0.0004614838391141518,3.2824177090078592,1.0160139645093376,11.0
v500_s5_p0,500,0.0,h4,2,1.3444752290591053,1.3324817177350852,229.64416591700865,235.67130566603737,True,True,214.0,260.0,True,True,True,-0.011993511324020156,6.02713974902872,1.02624556006011,46.0
v500_s5_p0,500,0.0,h4,3,1.339966998745789,1.3178065282953586,248.207385583024,216.40638899995247,True,True,222.0,259.0,True,True,True,-0.022160470450430347,-31.800996583071537,0.8718773153813577,37.0
v500_s5_p0,500,0.0,h4,4,1.3393849941678606,1.3255663095875723,217.12856662500417,210.65333137498237,True,True,235.0,250.0,True,True,True,-0.013818684580288343,-6.475235250021797,0.9701778750227511,15.0
v500_s5_p0,500,0.0,h2+3,0,1.2592514099544565,1.2555735988240788,102.09812558401609,108.402516208007,True,True,383.0,332.0,True,True,True,-0.003677811130377684,6.304390623990912,1.0617483483455634,-51.0
v500_s5_p0,500,0.0,h2+3,1,1.2701293649041239,1.2861597637280084,109.25503891601693,133.66955024999334,True,True,325.0,229.0,True,True,True,0.016030398823884573,24.414511333976407,1.223463481192328,-96.0
v500_s5_p0,500,0.0,h2+3,2,1.2612752351138752,1.2696622830997697,102.19705654197605,100.16769875003956,True,True,337.0,409.0,True,True,True,0.008387047985894514,-2.0293577919364907,0.9801426982282708,72.0
v500_s5_p0,500,0.0,h2+3,3,1.2867824075177765,1.2614733032769623,112.88176200003363,119.9245354590239,True,True,289.0,327.0,True,True,True,-0.02530910424081423,7.042773458990268,1.0623907116101552,38.0
v500_s5_p0,500,0.0,h2+3,4,1.2724434579805122,1.239740440153958,117.69658787496155,99.76668233296368,True,True,304.0,405.0,True,True,True,-0.03270301782655416,-17.92990554199787,0.8476599375927003,101.0
v500_s5_p0,500,0.0,h2+3+4,0,1.3529020680308328,1.3472216252269762,219.39849758299533,219.15935933298897,True,True,208.0,227.0,True,True,True,-0.0056804428038566,-0.2391382500063628,0.9989100278596215,19.0
v500_s5_p0,500,0.0,h2+3+4,1,1.321349671672237,1.336006554164714,212.19907299999613,216.61500262498157,True,True,240.0,251.0,True,True,True,0.014656882492476875,4.415929624985438,1.020810315344712,11.0
v500_s5_p0,500,0.0,h2+3+4,2,1.3447046989983493,1.3352642889622066,234.74886250001146,237.6032953330432,True,True,214.0,260.0,True,True,True,-0.00944041003614271,2.854432833031751,1.012159517207593,46.0
v500_s5_p0,500,0.0,h2+3+4,3,1.3418984116485866,1.3246120052198818,253.83394849998876,217.82134654198308,True,True,222.0,259.0,True,True,True,-0.017286406428704826,-36.01260195800569,0.858125352535312,37.0
v500_s5_p0,500,0.0,h2+3+4,4,1.3426810998322456,1.3235216326567936,217.84229591698386,219.15902099997038,True,True,235.0,250.0,True,True,True,-0.019159467175452027,1.3167250829865225,1.0060443959123913,15.0
v500_s5_p10,500,0.1,h2,0,1.3120062501997694,1.3131717449915055,39.55529291694984,33.155535500030965,True,True,870.0,817.0,True,True,True,0.0011654947917361103,-6.399757416918874,0.8382073056479247,-53.0
v500_s5_p10,500,0.1,h2,1,1.3167096948847994,1.3083461517935102,38.7592858329881,33.02325970801758,True,True,870.0,817.0,True,True,True,-0.008363543091289172,-5.736026124970522,0.8520089830940957,-53.0
v500_s5_p10,500,0.1,h2,2,1.3093335915449567,1.2916862376710723,40.80192141700536,32.60339149995707,True,True,870.0,817.0,True,True,True,-0.017647353873884386,-8.19852991704829,0.7990651020265109,-53.0
v500_s5_p10,500,0.1,h2,3,1.3057108402779996,1.3055747181305546,38.945894000004046,34.07705075002741,True,True,870.0,817.0,True,True,True,-0.00013612214744496143,-4.868843249976635,0.8749844271137767,-53.0
v500_s5_p10,500,0.1,h2,4,1.2980717403785302,1.3136363855279447,39.8750572919962,33.34600895794574,True,True,870.0,817.0,True,True,True,0.015564645149414469,-6.529048334050458,0.8362623460014192,-53.0
v500_s5_p10,500,0.1,h3,0,1.3093233166349714,1.329307433426165,76.86445087502943,63.83153312501963,True,True,405.0,347.0,True,True,True,0.019984116791193607,-13.032917750009801,0.8304428431915886,-58.0
v500_s5_p10,500,0.1,h3,1,1.3429181634860954,1.3253522877571564,65.68078379199142,60.63418879103847,True,True,345.0,332.0,True,True,True,-0.017565875728938973,-5.046595000952948,0.9231648176286184,-13.0
v500_s5_p10,500,0.1,h3,2,1.3264204355511309,1.3223255523457675,66.17609708296368,62.40252812503604,True,True,332.0,402.0,True,True,True,-0.004094883205363331,-3.773568957927637,0.9429768583481618,70.0
v500_s5_p10,500,0.1,h3,3,1.317903140723225,1.3348778175475768,60.735801166971214,64.90242429100908,True,True,334.0,349.0,True,True,True,0.016974676824351942,4.166623124037869,1.0686024230187272,15.0
v500_s5_p10,500,0.1,h3,4,1.3223630245475595,1.3099280789492795,65.84775941597763,65.26890587504022,True,True,332.0,404.0,True,True,True,-0.012434945598279956,-0.5788535409374163,0.9912092143138744,72.0
v500_s5_p10,500,0.1,h4,0,1.3307710053304174,1.337419506484433,106.10205212503206,115.97898804198485,True,True,381.0,269.0,True,True,True,0.006648501154015607,9.876935916952789,1.0930890187242908,-112.0
v500_s5_p10,500,0.1,h4,1,1.326089649189688,1.3370016399268108,105.55297233402962,124.89055033301702,True,True,349.0,295.0,True,True,True,0.010911990737122679,19.3375779989874,1.1832025908071286,-54.0
v500_s5_p10,500,0.1,h4,2,1.3423056997666643,1.328289908317089,125.9956949169864,116.70556437497726,True,True,330.0,281.0,True,True,True,-0.014015791449575321,-9.290130542009138,0.9262662859383407,-49.0
v500_s5_p10,500,0.1,h4,3,1.341074375155441,1.3516872157816324,129.39888529101154,114.62696829199558,True,True,323.0,309.0,True,True,True,0.010612840626191389,-14.771916999015957,0.8858420073264568,-14.0
v500_s5_p10,500,0.1,h4,4,1.3287284867208633,1.3485399402568115,123.53189241699874,118.94754920899868,True,True,312.0,270.0,True,True,True,0.019811453535948154,-4.584343208000064,0.9628893954564787,-42.0
v500_s5_p10,500,0.1,h2+3,0,1.3146859667410984,1.3251186535127966,77.40490216598846,65.07625958300196,True,True,405.0,347.0,True,True,True,0.010432686771698174,-12.328642582986504,0.8407252998453671,-58.0
v500_s5_p10,500,0.1,h2+3,1,1.3381940987168734,1.318200084986603,66.9191433750093,62.61763458303176,True,True,345.0,332.0,True,True,True,-0.019994013730270543,-4.30150879197754,0.9357208031209807,-13.0
v500_s5_p10,500,0.1,h2+3,2,1.3326873531225227,1.3235015698599795,66.50844445795519,64.69321200001286,True,True,332.0,402.0,True,True,True,-0.009185783262543268,-1.8152324579423293,0.9727067371258417,70.0
v500_s5_p10,500,0.1,h2+3,3,1.307625573362158,1.3365539989892625,63.045574375020806,67.67080062499736,True,True,334.0,349.0,True,True,True,0.028928425627104515,4.625226249976549,1.0733632185260746,15.0
v500_s5_p10,500,0.1,h2+3,4,1.3269370375697442,1.3225525198520118,67.75124000001233,66.25015995901776,True,True,332.0,404.0,True,True,True,-0.004384517717732406,-1.501080040994566,0.977844242540885,72.0
v500_s5_p10,500,0.1,h2+3+4,0,1.337828649739805,1.346192037484079,112.1529232080211,121.80165783403208,True,True,381.0,270.0,True,True,True,0.00836338774427392,9.648734626010992,1.0860319495026851,-111.0
v500_s5_p10,500,0.1,h2+3+4,1,1.328390662425421,1.3396736739588322,109.9688010000391,131.74310474999947,True,True,352.0,298.0,True,True,True,0.011283011533411269,21.77430374996038,1.1980043753496288,-54.0
v500_s5_p10,500,0.1,h2+3+4,2,1.340221042302016,1.3283288457195201,132.98192370904144,124.3716903749737,True,True,331.0,282.0,True,True,True,-0.011892196582495851,-8.610233334067743,0.935252603557559,-49.0
v500_s5_p10,500,0.1,h2+3+4,3,1.3416493928061854,1.3531949158071652,136.6246827080031,121.24840270797722,True,True,324.0,310.0,True,True,True,0.011545523000979774,-15.376280000025872,0.8874560606820339,-14.0
v500_s5_p10,500,0.1,h2+3+4,4,1.3327882423010737,1.347523785885916,126.95752445899416,123.37222108297283,True,True,314.0,270.0,True,True,True,0.014735543584842192,-3.5853033760213293,0.9717598197405043,-44.0
v500_s5_p30,500,0.3,h2,0,,,11.812441249960102,4.679810916015413,True,True,677.0,437.0,False,False,False,,-7.1326303339446895,0.3961764394833472,-240.0
v500_s5_p30,500,0.3,h2,1,,2.267221186111314,12.313237207999919,5.412331041006837,True,True,677.0,437.0,False,True,False,,-6.900906166993082,0.4395538678886525,-240.0
v500_s5_p30,500,0.3,h2,2,,2.2425940678372824,11.98909658298362,5.090800667006988,True,True,677.0,437.0,False,True,False,,-6.898295915976632,0.42461920560657335,-240.0
v500_s5_p30,500,0.3,h2,3,,,12.219326874997932,4.549254707992077,True,True,677.0,437.0,False,False,False,,-7.670072167005856,0.3722999437309714,-240.0
v500_s5_p30,500,0.3,h2,4,,,12.193346249987371,4.592250666988548,True,True,677.0,437.0,False,False,False,,-7.601095582998823,0.37661939330176114,-240.0
v500_s5_p30,500,0.3,h3,0,1.783993217724045,1.786896411277407,36.70113520795712,22.743108750029933,True,True,338.0,308.0,True,True,True,0.0029031935533621045,-13.95802645792719,0.619684067567998,-30.0
v500_s5_p30,500,0.3,h3,1,1.8267519386078885,1.8342030650387129,49.65743487497093,22.92957825004123,True,True,466.0,309.0,True,True,True,0.007451126430824351,-26.7278566249297,0.461755189485201,-157.0
v500_s5_p30,500,0.3,h3,2,,1.906666698045481,35.305147499952,21.363242207968142,True,True,346.0,288.0,False,True,False,,-13.941905291983858,0.605102760383516,-58.0
v500_s5_p30,500,0.3,h3,3,,1.828440999455469,33.32432920899009,21.90893016604241,True,True,359.0,308.0,False,True,False,,-11.415399042947683,0.657445496611284,-51.0
v500_s5_p30,500,0.3,h3,4,,1.7753008600161062,34.11418095900444,22.404679833038244,True,True,334.0,308.0,False,True,False,,-11.709501125966199,0.6567556131557813,-26.0
v500_s5_p30,500,0.3,h4,0,,,42.65787333302433,22.722864332958125,True,True,344.0,270.0,False,False,False,,-19.935009000066202,0.5326769141903478,-74.0
v500_s5_p30,500,0.3,h4,1,,1.7506816796880573,39.69712249998702,20.94957900000736,True,True,393.0,320.0,False,True,False,,-18.747543499979656,0.5277354548812502,-73.0
v500_s5_p30,500,0.3,h4,2,,,43.1421798330266,22.028385040990543,True,True,375.0,259.0,False,False,False,,-21.11379479203606,0.510599722272892,-116.0
v500_s5_p30,500,0.3,h4,3,,,33.01637662498979,21.456466500007082,True,True,425.0,271.0,False,False,False,,-11.559910124982707,0.6498734474626413,-154.0
v500_s5_p30,500,0.3,h4,4,,,34.83843791601248,21.76809399999911,True,True,386.0,275.0,False,False,False,,-13.070343916013371,0.6248297943919591,-111.0
v500_s5_p30,500,0.3,h2+3,0,1.8402303335373846,1.8512144060116298,37.78046408400405,23.742748124990612,True,True,338.0,308.0,True,True,True,0.010984072474245155,-14.03771595901344,0.6284398220254553,-30.0
v500_s5_p30,500,0.3,h2+3,1,1.822274428756927,1.8327056742506327,49.69870416697813,24.04889016697416,True,True,466.0,309.0,True,True,True,0.010431245493705665,-25.64981400000397,0.48389370648728575,-157.0
v500_s5_p30,500,0.3,h2+3,2,,1.8521561414289198,37.10564920800971,22.317789166991133,True,True,346.0,288.0,False,True,False,,-14.787860041018575,0.6014660743942344,-58.0
v500_s5_p30,500,0.3,h2+3,3,,1.8463217921381503,34.68907025002409,23.746498749998864,True,True,359.0,308.0,False,True,False,,-10.942571500025224,0.6845527590922497,-51.0
v500_s5_p30,500,0.3,h2+3,4,,1.7982513951015269,36.17660866701044,23.64937658299459,True,True,334.0,308.0,False,True,False,,-12.52723208401585,0.6537201096066401,-26.0
v500_s5_p30,500,0.3,h2+3+4,0,,,47.02679466700647,25.358317582984455,True,True,344.0,272.0,False,False,False,,-21.668477084022015,0.5392312566175299,-72.0
v500_s5_p30,500,0.3,h2+3+4,1,,1.7186011880413723,43.00149812496966,23.522108250006568,True,True,392.0,321.0,False,True,False,,-19.47938987496309,0.54700671547878,-71.0
v500_s5_p30,500,0.3,h2+3+4,2,,,47.07941079098964,24.441210500022862,True,True,375.0,261.0,False,False,False,,-22.63820029096678,0.5191486063521547,-114.0
v500_s5_p30,500,0.3,h2+3+4,3,,,36.086678666993976,24.061854084022343,True,True,425.0,273.0,False,False,False,,-12.024824582971632,0.6667794037257876,-152.0
v500_s5_p30,500,0.3,h2+3+4,4,,,37.64952783304034,24.15426275000209,True,True,386.0,278.0,False,False,False,,-13.495265083038248,0.6415555291188773,-108.0
v500_s5_p50,500,0.5,h2,0,,2.828979987514143,5.467563959013205,0.925449958012905,True,True,548.0,119.0,False,True,False,,-4.5421140010003,0.16926184402238464,-429.0
v500_s5_p50,500,0.5,h2,1,,2.8193389108657114,5.264312999963295,0.9304030839703046,True,True,548.0,119.0,False,True,False,,-4.33390991599299,0.17673779731121456,-429.0
v500_s5_p50,500,0.5,h2,2,,3.227459496022908,5.518889041966759,0.9329263329855166,True,True,548.0,119.0,False,True,False,,-4.585962708981242,0.16904241522004781,-429.0
v500_s5_p50,500,0.5,h2,3,,3.2681138980653768,5.086463832994923,0.9011666660080664,True,True,548.0,119.0,False,True,False,,-4.185297166986857,0.17716958098912838,-429.0
v500_s5_p50,500,0.5,h2,4,,,5.24174749996746,0.6293006249470636,True,True,548.0,119.0,False,False,False,,-4.612446875020396,0.12005550151947805,-429.0
v500_s5_p50,500,0.5,h3,0,,2.819461362456091,5.390166374971159,1.1526161250076257,True,True,548.0,119.0,False,True,False,,-4.237550249963533,0.21383683634696582,-429.0
v500_s5_p50,500,0.5,h3,1,,2.8943940753657187,5.786614582990296,1.1427997919963673,True,True,548.0,119.0,False,True,False,,-4.643814790993929,0.19749022085480125,-429.0
v500_s5_p50,500,0.5,h3,2,,2.753908596139317,5.560534542019013,1.1557327919872478,True,True,548.0,119.0,False,True,False,,-4.4048017500317656,0.20784562765571898,-429.0
v500_s5_p50,500,0.5,h3,3,,2.826066181209103,5.823631749954075,1.129762500000652,True,True,548.0,119.0,False,True,False,,-4.693869249953423,0.19399621207325846,-429.0
v500_s5_p50,500,0.5,h3,4,,2.6570446563080448,5.699857458006591,1.1172341670026071,True,True,548.0,119.0,False,True,False,,-4.5826232910039835,0.19601089592744608,-429.0
v500_s5_p50,500,0.5,h4,0,,3.1475681106720246,19.68495616700966,2.3367266670102254,True,True,457.0,92.0,False,True,False,,-17.348229499999434,0.11870621642157293,-365.0
v500_s5_p50,500,0.5,h4,1,,2.8992646445832166,20.885281792026944,2.280132958025206,True,True,473.0,77.0,False,True,False,,-18.60514883400174,0.1091741533933077,-396.0
v500_s5_p50,500,0.5,h4,2,,2.842885205536319,20.249791166977957,2.389845709025394,True,True,495.0,92.0,False,True,False,,-17.859945457952563,0.11801828914278381,-403.0
v500_s5_p50,500,0.5,h4,3,,2.812829286722039,19.062809459050186,2.2184524170006625,True,True,457.0,77.0,False,True,False,,-16.844357042049523,0.11637594247407423,-380.0
v500_s5_p50,500,0.5,h4,4,,3.192569683644501,19.5638609159505,2.31811429199297,True,True,495.0,92.0,False,True,False,,-17.24574662395753,0.11848961214516718,-403.0
v500_s5_p50,500,0.5,h2+3,0,,2.9935483022926705,5.833434208994731,1.1837403749814257,True,True,548.0,119.0,False,True,False,,-4.649693834013306,0.20292341227679986,-429.0
v500_s5_p50,500,0.5,h2+3,1,,2.722982374438699,6.182892708980944,1.1877982500009239,True,True,548.0,119.0,False,True,False,,-4.99509445898002,0.19211044181238837,-429.0
v500_s5_p50,500,0.5,h2+3,2,,2.8548314158788175,5.858506124990527,1.1922107079881243,True,True,548.0,119.0,False,True,False,,-4.666295417002402,0.2035008042242257,-429.0
v500_s5_p50,500,0.5,h2+3,3,,2.739257844263183,5.802119416999631,1.0729511660174467,True,True,548.0,119.0,False,True,False,,-4.729168250982184,0.1849240060233519,-429.0
v500_s5_p50,500,0.5,h2+3,4,,3.0282289345162283,6.035838832962327,1.13041887502186,True,True,548.0,119.0,False,True,False,,-4.905419957940467,0.1872844696993114,-429.0
v500_s5_p50,500,0.5,h2+3+4,0,,2.760789263527355,22.969753417011816,2.874665833020117,True,True,457.0,93.0,False,True,False,,-20.0950875839917,0.12515005193269021,-364.0
v500_s5_p50,500,0.5,h2+3+4,1,,2.9544619314666694,24.781075250008143,2.7413400409859605,True,True,473.0,78.0,False,True,False,,-22.039735209022183,0.11062232019109258,-395.0
v500_s5_p50,500,0.5,h2+3+4,2,,2.7738972975341656,24.589607583009638,2.8409594999975525,True,True,457.0,93.0,False,True,False,,-21.748648083012085,0.1155349669736305,-364.0
v500_s5_p50,500,0.5,h2+3+4,3,,2.7741743008535695,22.343870666984003,2.6024044159566984,True,True,457.0,78.0,False,True,False,,-19.741466251027305,0.116470617590984,-379.0
v500_s5_p50,500,0.5,h2+3+4,4,,2.7619203650466657,24.072541500034276,2.8428458749549463,True,True,457.0,93.0,False,True,False,,-21.22969562507933,0.11809496205254848,-364.0
v500_s6_p0,500,0.0,h2,0,1.1886195476834764,1.1911368870979984,46.64392608398339,46.639913749997504,True,True,967.0,963.0,True,True,True,0.002517339414521924,-0.004012333985883743,0.9999139794969518,-4.0
v500_s6_p0,500,0.0,h2,1,1.1884597159210069,1.1785070710341568,47.056829208973795,47.174691541003995,True,True,967.0,963.0,True,True,True,-0.009952644886850104,0.11786233203019947,1.00250468070228,-4.0
v500_s6_p0,500,0.0,h2,2,1.1782033184030807,1.1764758708868464,46.88689349999186,46.5762127499911,True,True,967.0,963.0,True,True,True,-0.0017274475162343261,-0.31068075000075623,0.9933738252460507,-4.0
v500_s6_p0,500,0.0,h2,3,1.1809567382432113,1.1894719442640984,46.16038412501803,46.025699666992296,True,True,967.0,963.0,True,True,True,0.008515206020887067,-0.13468445802573115,0.9970822500596841,-4.0
v500_s6_p0,500,0.0,h2,4,1.1852112660343865,1.1843295684775907,45.61151995800901,45.87748237501364,True,True,967.0,963.0,True,True,True,-0.0008816975567957908,0.26596241700462997,1.0058310360463647,-4.0
v500_s6_p0,500,0.0,h3,0,1.2726494672983504,1.2513032896753065,116.51114841696108,117.91276345803635,True,True,312.0,331.0,True,True,True,-0.021346177623043916,1.4016150410752743,1.0120298792014244,19.0
v500_s6_p0,500,0.0,h3,1,1.2655641865465115,1.262499663587975,99.03702833299758,123.14473579096375,True,True,385.0,307.0,True,True,True,-0.003064522958536431,24.10770745796617,1.2434211512981541,-78.0
v500_s6_p0,500,0.0,h3,2,1.2295871408633399,1.2713534629578933,100.2812628329848,119.55065400002059,True,True,368.0,314.0,True,True,True,0.04176632209455344,19.269391167035792,1.1921534554179711,-54.0
v500_s6_p0,500,0.0,h3,3,1.2757455045798223,1.3151833016243035,96.7355745419627,183.36514695797814,True,True,310.0,188.0,True,True,True,0.03943779704448125,86.62957241601544,1.8955296210954595,-122.0
v500_s6_p0,500,0.0,h3,4,1.2471188062053522,1.2771540963364678,96.48352845897898,116.52507858298486,True,True,425.0,275.0,True,True,True,0.03003529013111561,20.04155012400588,1.207719912860844,-150.0
v500_s6_p0,500,0.0,h4,0,1.3438311775639273,1.3179891120314307,248.06708466698183,227.20148058299674,True,True,215.0,270.0,True,True,True,-0.025842065532496683,-20.86560408398509,0.9158872523857965,55.0
v500_s6_p0,500,0.0,h4,1,1.3162931817214447,1.3296562939297398,207.0247937500244,219.7810727909673,True,True,239.0,255.0,True,True,True,0.013363112208295114,12.7562790409429,1.0616171561380503,16.0
v500_s6_p0,500,0.0,h4,2,1.344287752067697,1.3119364668695037,227.4962833750178,167.0103063749848,True,True,218.0,329.0,True,True,True,-0.0323512851981933,-60.48597700003302,0.7341232300471279,111.0
v500_s6_p0,500,0.0,h4,3,1.342306357102317,1.3192120190704912,213.83722862502327,222.17682862497168,True,True,220.0,242.0,True,True,True,-0.023094338031825812,8.339599999948405,1.038999757215206,22.0
v500_s6_p0,500,0.0,h4,4,1.3274282644600897,1.3108340550327422,163.78499137499603,222.57373966701562,True,True,296.0,261.0,True,True,True,-0.01659420942734746,58.78874829201959,1.3589385559597402,-35.0
v500_s6_p0,500,0.0,h2+3,0,1.2744860938396747,1.2509337900842847,120.06177954102168,121.52080841595307,True,True,312.0,331.0,True,True,True,-0.02355230375538997,1.4590288749313913,1.0121523175860714,19.0
v500_s6_p0,500,0.0,h2+3,1,1.2663491637531905,1.2610916239409942,100.50535883399425,123.98567408300005,True,True,385.0,307.0,True,True,True,-0.0052575398121963435,23.4803152490058,1.2336225204447901,-78.0
v500_s6_p0,500,0.0,h2+3,2,1.256448493424231,1.2614976151984378,101.44792520796182,122.88912366703153,True,True,368.0,314.0,True,True,True,0.0050491217742067995,21.44119845906971,1.211351769049161,-54.0
v500_s6_p0,500,0.0,h2+3,3,1.267467341865702,1.315444358138042,99.08248641696991,191.01027770800283,True,True,310.0,188.0,True,True,True,0.047977016272339856,91.92779129103292,1.9277905169251828,-122.0
v500_s6_p0,500,0.0,h2+3,4,1.2504319801093617,1.2760188667205534,99.4575458340114,119.14426216599531,True,True,425.0,275.0,True,True,True,0.025586886611191684,19.686716331983916,1.1979409019888732,-150.0
v500_s6_p0,500,0.0,h2+3+4,0,1.340655747787384,1.324374982099342,256.43415308295516,229.71610241697636,True,True,215.0,270.0,True,True,True,-0.01628076568804193,-26.718050665978808,0.8958093126646214,55.0
v500_s6_p0,500,0.0,h2+3+4,1,1.3311892288832015,1.3246180127616443,213.27958425000543,221.67425629100762,True,True,239.0,255.0,True,True,True,-0.0065712161215572,8.394672041002195,1.0393599418834294,16.0
v500_s6_p0,500,0.0,h2+3+4,2,1.341739291360611,1.3140120641544388,232.22750437498325,177.740500874992,True,True,218.0,329.0,True,True,True,-0.027727227206172156,-54.48700349999126,0.7653723074420599,111.0
v500_s6_p0,500,0.0,h2+3+4,3,1.3444829765346769,1.3153824974250834,218.51189216598868,227.39653799997177,True,True,220.0,242.0,True,True,True,-0.029100479109593458,8.884645833983086,1.0406597816984442,22.0
v500_s6_p0,500,0.0,h2+3+4,4,1.3265329686822576,1.321848196365798,169.90796837495873,233.4806912500062,True,True,296.0,261.0,True,True,True,-0.0046847723164595845,63.572722875047475,1.3741597494400792,-35.0
v500_s6_p10,500,0.1,h2,0,1.3006403714373198,1.312514609773292,29.734665083000436,23.1023702090024,True,True,870.0,810.0,True,True,True,0.011874238335972231,-6.632294873998035,0.776950745687404,-60.0
v500_s6_p10,500,0.1,h2,1,1.3122350004324719,1.3228980506008898,28.988077540998347,24.84743249998428,True,True,870.0,810.0,True,True,True,0.010663050168417954,-4.140645041014068,0.8571604124089333,-60.0
v500_s6_p10,500,0.1,h2,2,1.3095472294388846,1.3061342308632,28.298132917028852,22.679741208034102,True,True,870.0,810.0,True,True,True,-0.003412998575684556,-5.61839170899475,0.8014571588355996,-60.0
v500_s6_p10,500,0.1,h2,3,1.2974331862708373,1.3101099771132083,28.444213707989547,23.94121387496125,True,True,870.0,810.0,True,True,True,0.012676790842371055,-4.502999833028298,0.841690127937568,-60.0
v500_s6_p10,500,0.1,h2,4,1.2982941643161625,1.3041714858104956,29.387809583975468,23.126247333013453,True,True,870.0,810.0,True,True,True,0.005877321494333065,-6.261562250962015,0.7869333461866341,-60.0
v500_s6_p10,500,0.1,h3,0,1.328484475006477,1.3426113980024148,56.85474204196362,69.0009465420153,True,True,364.0,294.0,True,True,True,0.014126922995937763,12.146204500051681,1.213635733165173,-70.0
v500_s6_p10,500,0.1,h3,1,1.3185183284767221,1.358041780295196,63.668056791997515,60.4177980000386,True,True,330.0,300.0,True,True,True,0.03952345181847394,-3.250258791958913,0.9489499294351411,-30.0
v500_s6_p10,500,0.1,h3,2,1.325219697870395,1.3447136730475504,70.47430766600883,64.0440248749801,True,True,291.0,283.0,True,True,True,0.019493975177155454,-6.430282791028731,0.9087570633328806,-8.0
v500_s6_p10,500,0.1,h3,3,1.318422467586782,1.3291669768273051,61.583913875045255,56.8766607909929,True,True,355.0,344.0,True,True,True,0.01074450924052317,-4.707253084052354,0.9235635933499867,-11.0
v500_s6_p10,500,0.1,h3,4,1.3052118035880012,1.3419380547521296,58.59062462497968,63.32043529197108,True,True,366.0,281.0,True,True,True,0.03672625116412842,4.729810666991398,1.080726407975089,-85.0
v500_s6_p10,500,0.1,h2+3,0,1.3278639331401376,1.3410217433113603,59.437461042020004,71.49274004099425,True,True,364.0,294.0,True,True,True,0.01315781017122264,12.055278998974245,1.2028229131532322,-70.0
v500_s6_p10,500,0.1,h2+3,1,1.3188519878754033,1.3600380503556424,64.96701583400136,62.51814145798562,True,True,330.0,300.0,True,True,True,0.04118606248023915,-2.4488743760157377,0.9623058817681743,-30.0
v500_s6_p10,500,0.1,h2+3,2,1.3267012691410716,1.3394979531907705,73.63272512500407,66.98961937503191,True,True,291.0,283.0,True,True,True,0.012796684049698914,-6.643105749972165,0.909780525728277,-8.0
v500_s6_p10,500,0.1,h2+3,3,1.3222229337595102,1.3284302294527477,65.0003707089927,58.90626625000732,True,True,355.0,344.0,True,True,True,0.0062072956932375245,-6.0941044589853846,0.9062450814893234,-11.0
v500_s6_p10,500,0.1,h2+3,4,1.3145649767771495,1.3416052558032654,59.72975108301034,65.11011808295734,True,True,366.0,281.0,True,True,True,0.027040279026115943,5.380366999947,1.0900785103301294,-85.0
v500_s6_p30,500,0.3,h2,0,,,9.731090000015683,4.352556041965727,True,True,677.0,447.0,False,False,False,,-5.378533958049957,0.44728350492685937,-230.0
v500_s6_p30,500,0.3,h2,1,,,9.420594415976666,4.288660666963551,True,True,677.0,447.0,False,False,False,,-5.131933749013115,0.4552431064955184,-230.0
v500_s6_p30,500,0.3,h2,2,,,9.482053457992151,4.362021957989782,True,True,677.0,447.0,False,False,False,,-5.120031500002369,0.4600292518191994,-230.0
v500_s6_p30,500,0.3,h2,3,,,9.652887250005733,4.313737249991391,True,True,677.0,447.0,False,False,False,,-5.339150000014342,0.4468856973325601,-230.0
v500_s6_p30,500,0.3,h2,4,,,9.303471708029974,4.043202792003285,True,True,677.0,447.0,False,False,False,,-5.260268916026689,0.4345907548161331,-230.0
v500_s6_p30,500,0.3,h3,0,2.056964359724094,,45.506102959043346,5.911228250013664,True,True,496.0,447.0,True,False,False,,-39.59487470902968,0.1298996808259745,-49.0
v500_s6_p30,500,0.3,h3,1,1.9367898297708692,1.9696022171986682,44.474160999991,6.42566958302632,True,True,496.0,447.0,True,True,True,0.03281238742779902,-38.04849141696468,0.14448096239584193,-49.0
v500_s6_p30,500,0.3,h3,2,1.941728674094991,1.9773674129255991,44.256524458993226,6.256333917030133,True,True,496.0,447.0,True,True,True,0.035638738830608085,-38.00019054196309,0.1413652335674724,-49.0
v500_s6_p30,500,0.3,h3,3,1.9616202082670544,1.895732679996919,45.69323695800267,6.543745125003625,True,True,496.0,447.0,True,True,True,-0.06588752827013544,-39.14949183299905,0.14321036461080833,-49.0
v500_s6_p30,500,0.3,h3,4,1.9664903129628222,1.9177578022091468,42.69056058395654,6.705967542016879,True,True,499.0,447.0,True,True,True,-0.04873251075367535,-35.98459304193966,0.15708314555459446,-52.0
v500_s6_p30,500,0.3,h4,0,,1.9106995754014693,45.62110399996163,22.11795229098061,True,True,383.0,257.0,False,True,False,,-23.503151708981022,0.48481843602467867,-126.0
v500_s6_p30,500,0.3,h4,1,,1.8368048509769803,45.83331341698067,23.698726332979277,True,True,419.0,252.0,False,True,False,,-22.134587084001396,0.5170633446762588,-167.0
v500_s6_p30,500,0.3,h4,2,,1.906613973052792,43.012533416971564,22.963792584021576,True,True,397.0,264.0,False,True,False,,-20.04874083294999,0.5338860736568634,-133.0
v500_s6_p30,500,0.3,h4,3,,1.9089731022087355,42.851889959012624,23.967081416980363,True,True,416.0,250.0,False,True,False,,-18.88480854203226,0.5593004518564904,-166.0
v500_s6_p30,500,0.3,h4,4,,,43.961517375020776,22.938536166970152,True,True,424.0,299.0,False,False,False,,-21.022981208050624,0.5217867247686037,-125.0
v500_s6_p30,500,0.3,h2+3,0,1.949314516985908,1.894535818919026,46.26153883396182,6.6201947500230744,True,True,496.0,447.0,True,True,True,-0.05477869806688207,-39.64134408393875,0.1431036432614951,-49.0
v500_s6_p30,500,0.3,h2+3,1,1.9942674416319317,,47.71484708302887,6.248668625019491,True,True,496.0,447.0,True,False,False,,-41.46617845800938,0.13095858012802908,-49.0
v500_s6_p30,500,0.3,h2+3,2,2.0273728670453313,2.1676838037261965,45.25661937502446,6.6597717920085415,True,True,496.0,447.0,True,True,True,0.14031093668086525,-38.596847583015915,0.14715575056151534,-49.0
v500_s6_p30,500,0.3,h2+3,3,2.0462984481073696,,46.41627237497596,6.102177458000369,True,True,496.0,447.0,True,False,False,,-40.31409491697559,0.13146634026756074,-49.0
v500_s6_p30,500,0.3,h2+3,4,1.8831436754026807,,46.143797917000484,6.078884791990276,True,True,499.0,447.0,True,False,False,,-40.06491312501021,0.1317378513776533,-52.0
v500_s6_p30,500,0.3,h2+3+4,0,,1.9894499156117562,50.89268783398438,24.900557000015397,True,True,384.0,259.0,False,True,False,,-25.992130833968986,0.48927573016467135,-125.0
v500_s6_p30,500,0.3,h2+3+4,1,,1.8485432729153695,50.53038025001297,26.500587542017456,True,True,420.0,255.0,False,True,False,,-24.02979270799551,0.5244486071725267,-165.0
v500_s6_p30,500,0.3,h2+3+4,2,,1.9097591008178274,47.184412834001705,25.506290875026025,True,True,397.0,265.0,False,True,False,,-21.67812195897568,0.5405660332101422,-132.0
v500_s6_p30,500,0.3,h2+3+4,3,,1.940975512582517,47.20721274998505,26.89818712498527,True,True,416.0,253.0,False,True,False,,-20.309025624999776,0.5697897748685404,-163.0
v500_s6_p30,500,0.3,h2+3+4,4,,,48.667148792010266,25.21657458296977,True,True,424.0,301.0,False,False,False,,-23.450574209040496,0.5181436597146534,-123.0
v500_s6_p50,500,0.5,h2,0,,,3.881751250009984,0.7215028750360943,True,True,562.0,160.0,False,False,False,,-3.1602483749738894,0.1858704560304421,-402.0
v500_s6_p50,500,0.5,h2,1,,,3.899870124994777,0.7334053330123425,True,True,562.0,160.0,False,False,False,,-3.1664647919824347,0.18805891209346995,-402.0
v500_s6_p50,500,0.5,h2,2,,,3.9269254580140114,0.7366917500039563,True,True,562.0,160.0,False,False,False,,-3.190233708010055,0.1876001360047532,-402.0
v500_s6_p50,500,0.5,h2,3,,,3.8669543330324814,0.7730689170421101,True,True,562.0,160.0,False,False,False,,-3.0938854159903713,0.19991674337562354,-402.0
v500_s6_p50,500,0.5,h2,4,,,3.8078807499841787,0.7410102079738863,True,True,562.0,160.0,False,False,False,,-3.0668705420102924,0.19459911079856299,-402.0
v500_s6_p50,500,0.5,h3,0,,3.2909478526404707,4.338126457994804,1.2274582909885794,True,True,562.0,160.0,False,True,False,,-3.1106681670062244,0.2829466367275847,-402.0
v500_s6_p50,500,0.5,h3,1,,2.9557338596907816,4.240205333975609,1.2473573329625651,True,True,562.0,160.0,False,True,False,,-2.9928480010130443,0.2941738040296848,-402.0
v500_s6_p50,500,0.5,h3,2,,2.7564806036591722,4.21903562505031,1.2118997920188121,True,True,562.0,160.0,False,True,False,,-3.007135833031498,0.2872456882855453,-402.0
v500_s6_p50,500,0.5,h3,3,,2.958843983414715,4.313696249970235,1.2329291669884697,True,True,562.0,160.0,False,True,False,,-3.0807670829817653,0.2858173351906679,-402.0
v500_s6_p50,500,0.5,h3,4,,2.9217971123807334,4.034894207958132,1.1873659999691881,True,True,562.0,160.0,False,True,False,,-2.847528207988944,0.2942743821206796,-402.0
v500_s6_p50,500,0.5,h2+3,0,,2.9779696596562437,4.818206124997232,1.2691687910119072,True,True,562.0,160.0,False,True,False,,-3.549037333985325,0.26341106172842205,-402.0
v500_s6_p50,500,0.5,h2+3,1,,2.688200569245625,4.650461292010732,1.293441082991194,True,True,562.0,160.0,False,True,False,,-3.357020209019538,0.27813178129517246,-402.0
v500_s6_p50,500,0.5,h2+3,2,,3.0976920179881247,4.54033679200802,1.2671974580152892,True,True,562.0,160.0,False,True,False,,-3.273139333992731,0.27909767844663685,-402.0
v500_s6_p50,500,0.5,h2+3,3,,3.053519231406048,4.639618042041548,1.321206374967005,True,True,562.0,160.0,False,True,False,,-3.3184116670745425,0.28476619475892057,-402.0
v500_s6_p50,500,0.5,h2+3,4,,2.868262254372116,4.665330332994927,1.2659472500090487,True,True,562.0,160.0,False,True,False,,-3.399383082985878,0.2713521143520761,-402.0
v500_s7_p0,500,0.0,h2,0,1.178702401811126,1.1860405780033139,47.484469624992926,47.39407212502556,True,True,967.0,963.0,True,True,True,0.007338176192187795,-0.09039749996736646,0.998096272303739,-4.0
v500_s7_p0,500,0.0,h2,1,1.18159658246658,1.1857510642039082,47.15835441701347,47.48521720903227,True,True,967.0,963.0,True,True,True,0.004154481737328242,0.326862792018801,1.006931174678582,-4.0
v500_s7_p0,500,0.0,h2,2,1.1830592380620917,1.1810500440418998,46.81499066698598,45.98913804203039,True,True,967.0,963.0,True,True,True,-0.00200919402019184,-0.8258526249555871,0.9823592269657766,-4.0
v500_s7_p0,500,0.0,h2,3,1.1872241093439397,1.1785415670201496,46.86203816701891,46.90831366699422,True,True,967.0,963.0,True,True,True,-0.008682542323790177,0.046275499975308776,1.000987483724254,-4.0
v500_s7_p0,500,0.0,h2,4,1.1779323549552612,1.178271623706252,46.440650832955725,46.03145095799118,True,True,967.0,963.0,True,True,True,0.00033926875099088427,-0.4091998749645427,0.9911887566684539,-4.0
v500_s7_p0,500,0.0,h3,0,1.266318515849793,1.254204822792965,98.68250812502811,118.96604320802726,True,True,379.0,320.0,True,True,True,-0.012113693056827968,20.28353508299915,1.2055433680029743,-59.0
v500_s7_p0,500,0.0,h3,1,1.273294665576586,1.2565958368883894,101.89459287503269,105.26242133404594,True,True,341.0,351.0,True,True,True,-0.01669882868819661,3.3678284590132535,1.033052082195801,10.0
v500_s7_p0,500,0.0,h3,2,1.273044131382025,1.2628335077435828,102.51251479197526,104.22230650001438,True,True,337.0,320.0,True,True,True,-0.010210623638442273,1.7097917080391198,1.0166788582985087,-17.0
v500_s7_p0,500,0.0,h3,3,1.2797508499561077,1.2645319322666573,113.4731858340092,120.86343595798826,True,True,294.0,293.0,True,True,True,-0.015218917689450384,7.390250123979058,1.065127722198526,-1.0
v500_s7_p0,500,0.0,h3,4,1.2816781616882673,1.2701283207631717,109.33800820901524,105.2529742079787,True,True,301.0,356.0,True,True,True,-0.011549840925095589,-4.085034001036547,0.9626384816410097,55.0
v500_s7_p0,500,0.0,h4,0,1.3410882922022331,1.3187724697315333,227.52631266700337,212.8289499580278,True,True,229.0,274.0,True,True,True,-0.022315822470699853,-14.697362708975561,0.9354036790879395,45.0
v500_s7_p0,500,0.0,h4,1,1.3449610400530736,1.2899271784928417,229.44073762500193,144.3181891249842,True,True,215.0,438.0,True,True,True,-0.055033861560231934,-85.12254850001773,0.6289998481475331,223.0
v500_s7_p0,500,0.0,h4,2,1.3496447909072957,1.3389338117692153,263.2251140840235,234.90950962499483,True,True,203.0,250.0,True,True,True,-0.01071097913808039,-28.31560445902869,0.8924281805041212,47.0
v500_s7_p0,500,0.0,h4,3,1.3339785018811192,1.3207520908242578,222.8448382919887,216.7475261670188,True,True,230.0,289.0,True,True,True,-0.013226411056861398,-6.097312124969903,0.9726387554151884,59.0
v500_s7_p0,500,0.0,h4,4,1.3372738971287892,1.3390752323691122,232.83180891600205,225.64093070896342,True,True,220.0,235.0,True,True,True,0.0018013352403229987,-7.190878207038622,0.9691155678405057,15.0
v500_s7_p0,500,0.0,h2+3,0,1.2647784107380724,1.252671747820969,99.37517754198052,120.36721554095857,True,True,379.0,320.0,True,True,True,-0.012106662917103383,20.99203799897805,1.2112402565531022,-59.0
v500_s7_p0,500,0.0,h2+3,1,1.272977673731363,1.2573189545699324,103.95531495794421,106.20999241701793,True,True,341.0,351.0,True,True,True,-0.01565871916143058,2.2546774590737186,1.0216889098935045,10.0
v500_s7_p0,500,0.0,h2+3,2,1.267771715762779,1.2696635943360495,104.76656320801703,105.31076737499097,True,True,337.0,320.0,True,True,True,0.0018918785732704446,0.544204166973941,1.0051944451579786,-17.0
v500_s7_p0,500,0.0,h2+3,3,1.2756868513809136,1.2622085776895946,115.37956379103707,119.92986387497513,True,True,294.0,293.0,True,True,True,-0.013478273691319043,4.550300083938055,1.0394376606604188,-1.0
v500_s7_p0,500,0.0,h2+3,4,1.2701553860796029,1.2561361417698091,111.39197500003502,105.81792491703527,True,True,301.0,356.0,True,True,True,-0.014019244309793732,-5.574050082999747,0.9499600390153959,55.0
v500_s7_p0,500,0.0,h2+3+4,0,1.3437683435788412,1.3169458694501728,234.6144394580042,218.45427354204003,True,True,229.0,274.0,True,True,True,-0.02682247412866845,-16.16016591596417,0.9311203268081168,45.0
v500_s7_p0,500,0.0,h2+3+4,1,1.3440502013791744,1.289915400954197,239.3437229580013,150.30106825003168,True,True,215.0,438.0,True,True,True,-0.054134800424977314,-89.04265470796963,0.6279716317290078,223.0
v500_s7_p0,500,0.0,h2+3+4,2,1.347399550248453,1.3440803167121007,261.02670662500896,236.12423883297015,True,True,203.0,250.0,True,True,True,-0.0033192335363523284,-24.902467792038806,0.9045980079432496,47.0
v500_s7_p0,500,0.0,h2+3+4,3,1.3445106981617918,1.3152663182996205,231.94151545903878,221.1620367920259,True,True,230.0,289.0,True,True,True,-0.02924437986217132,-10.779478667012881,0.95352501407228,59.0
v500_s7_p0,500,0.0,h2+3+4,4,1.3452895149417115,1.3337929048411357,236.08576904202346,227.6520169999567,True,True,220.0,235.0,True,True,True,-0.011496610100575788,-8.433752042066772,0.9642767453697493,15.0
v500_s7_p10,500,0.1,h2,0,1.3066318941827046,1.298690693764989,37.116742708021775,29.472973333962727,True,True,870.0,820.0,True,True,True,-0.007941200417715732,-7.6437693740590475,0.7940614176683383,-50.0
v500_s7_p10,500,0.1,h2,1,1.314518842479283,1.307555655765719,37.01931725000031,33.34111416700762,True,True,870.0,820.0,True,True,True,-0.006963186713563996,-3.6782030829926953,0.9006409800009841,-50.0
v500_s7_p10,500,0.1,h2,2,1.316090509473447,1.3232390988588207,37.69569787499495,31.882992167025805,True,True,870.0,820.0,True,True,True,0.007148589385373771,-5.812705707969144,0.8457992281441501,-50.0
v500_s7_p10,500,0.1,h2,3,1.3136360854972198,1.302559786200505,36.50406208302593,32.13875395798823,True,True,870.0,820.0,True,True,True,-0.011076299296714831,-4.3653081250377,0.8804158256385519,-50.0
v500_s7_p10,500,0.1,h2,4,1.3021565123737984,1.3056301006104047,38.63891308300663,30.43725474999519,True,True,870.0,820.0,True,True,True,0.003473588236606373,-8.201658333011437,0.787735790719783,-50.0
v500_s7_p10,500,0.1,h3,0,1.344789878677402,1.3144936594998968,57.7550201669801,57.509021167003084,True,True,347.0,378.0,True,True,True,-0.030296219177505135,-0.24599899997701868,0.995740647319215,31.0
v500_s7_p10,500,0.1,h3,1,1.31049472912435,1.302182123394491,62.91941779199988,56.72074241703376,True,True,340.0,378.0,True,True,True,-0.008312605729859035,-6.198675374966115,0.9014823151183978,38.0
v500_s7_p10,500,0.1,h3,2,1.3188390550459552,1.3155393075160193,59.50243200000841,58.99444195802789,True,True,391.0,410.0,True,True,True,-0.0032997475299358925,-0.5079900419805199,0.9914627011887439,19.0
v500_s7_p10,500,0.1,h3,3,1.3165843310345395,1.3072359070982196,60.20453729102155,59.82551054103533,True,True,405.0,364.0,True,True,True,-0.00934842393631996,-0.3790267499862239,0.9937043490899357,-41.0
v500_s7_p10,500,0.1,h3,4,1.32734017037224,1.3284412137663615,59.65862754097907,52.89819479198195,True,True,346.0,410.0,True,True,True,0.001101043394121426,-6.760432748997118,0.8866813899740917,64.0
v500_s7_p10,500,0.1,h4,0,1.3471682747110851,1.3574180720538942,112.4149145000265,91.75107991602272,True,True,346.0,408.0,True,True,True,0.010249797342809064,-20.66383458400378,0.8161824462891984,62.0
v500_s7_p10,500,0.1,h4,1,1.3200632733729265,1.3537322788888089,93.03953479096526,88.15361495799152,True,True,374.0,413.0,True,True,True,0.033669005515882366,-4.885919832973741,0.9474855517716089,39.0
v500_s7_p10,500,0.1,h4,2,1.3492696024623398,1.3520072664414848,94.78710520802997,92.81200475001242,True,True,372.0,347.0,True,True,True,0.0027376639791449886,-1.9751004580175504,0.9791627726821831,-25.0
v500_s7_p10,500,0.1,h4,3,1.3495321944909144,1.3535919773434568,93.15158004098339,101.32953808398452,True,True,429.0,363.0,True,True,True,0.004059782852542382,8.177958043001126,1.087791941257498,-66.0
v500_s7_p10,500,0.1,h4,4,1.3362732951860723,1.339158257176561,74.18477824999718,85.04634062497644,True,True,439.0,419.0,True,True,True,0.0028849619904887103,10.861562374979258,1.146412277979407,-20.0
v500_s7_p10,500,0.1,h2+3,0,1.3378240474105785,1.2963885811694948,59.74630483298097,59.12870245904196,True,True,347.0,378.0,True,True,True,-0.04143546624108363,-0.6176023739390075,0.9896629193108177,31.0
v500_s7_p10,500,0.1,h2+3,1,1.3168080163383467,1.3034078807961849,64.81347562500741,59.427253625006415,True,True,340.0,378.0,True,True,True,-0.013400135542161795,-5.386222000000998,0.9168965720776314,38.0
v500_s7_p10,500,0.1,h2+3,2,1.3266134857852288,1.3118981895760486,61.35384279099526,61.10404516599374,True,True,391.0,410.0,True,True,True,-0.014715296209180107,-0.24979762500151992,0.9959285740935174,19.0
v500_s7_p10,500,0.1,h2+3,3,1.3283302010941342,1.3023055922060454,62.692074916965794,62.04191862500738,True,True,405.0,364.0,True,True,True,-0.026024608888088885,-0.6501562919584103,0.9896293703339771,-41.0
v500_s7_p10,500,0.1,h2+3,4,1.343268882711097,1.3198898500038911,60.97506200004136,55.00760954094585,True,True,346.0,410.0,True,True,True,-0.02337903270720587,-5.967452459095512,0.9021329005111719,64.0
v500_s7_p10,500,0.1,h2+3+4,0,1.3460768469503475,1.3402123090536202,114.3126712499652,106.52397299994482,True,True,348.0,354.0,True,True,True,-0.005864537896727251,-7.7886982500203885,0.9318649615580323,6.0
v500_s7_p10,500,0.1,h2+3+4,1,1.3272624050204422,1.3572034775960335,99.27950404200237,92.56976704200497,True,True,375.0,416.0,True,True,True,0.02994107257559131,-6.7097369999974035,0.9324156877621115,41.0
v500_s7_p10,500,0.1,h2+3+4,2,1.3433394598780823,1.3446807300011223,100.41824741702294,98.71458220900968,True,True,374.0,344.0,True,True,True,0.0013412701230399726,-1.7036652080132626,0.9830343064947332,-30.0
v500_s7_p10,500,0.1,h2+3+4,3,1.3475558614845617,1.3403445887350904,99.68733545800205,96.73749370803125,True,True,431.0,360.0,True,True,True,-0.007211272749471309,-2.949841749970801,0.9704090621299276,-71.0
v500_s7_p10,500,0.1,h2+3+4,4,1.3423252137909678,1.3346330501252588,79.69277570903068,102.88801191700622,True,True,439.0,390.0,True,True,True,-0.0076921636657090176,23.19523620797554,1.291058204480975,-49.0
v500_s7_p30,500,0.3,h2,0,,,12.674909290974028,5.0403205420007,True,True,677.0,442.0,False,False,False,,-7.634588748973329,0.39766127127947015,-235.0
v500_s7_p30,500,0.3,h2,1,,2.1061210690969383,13.190207750012632,5.4590335409739055,True,True,677.0,442.0,False,True,False,,-7.731174209038727,0.41387017129951403,-235.0
v500_s7_p30,500,0.3,h2,2,,2.046900853912932,12.969983332965057,5.635745167033747,True,True,677.0,442.0,False,True,False,,-7.3342381659313105,0.43452215953968876,-235.0
v500_s7_p30,500,0.3,h2,3,,1.9330536025888352,13.41122120799264,5.553370832989458,True,True,677.0,442.0,False,True,False,,-7.857850375003181,0.41408390383418886,-235.0
v500_s7_p30,500,0.3,h2,4,,,12.382514541968703,4.838160082988907,True,True,677.0,442.0,False,False,False,,-7.544354458979797,0.39072516867157137,-235.0
v500_s7_p30,500,0.3,h3,0,,1.7553413541776222,15.703028500021901,20.344814707990736,True,True,677.0,344.0,False,True,False,,4.641786207968835,1.295598152162964,-333.0
v500_s7_p30,500,0.3,h3,1,1.8433967206043913,1.7270308877560658,16.86814883298939,20.39328120899154,True,True,677.0,344.0,True,True,True,-0.11636583284832547,3.525132376002148,1.2089815788859992,-333.0
v500_s7_p30,500,0.3,h3,2,1.9510025831496693,1.7229040719295448,16.140150999999605,19.786716583010275,True,True,677.0,344.0,True,True,True,-0.2280985112201246,3.64656558301067,1.2259313176816473,-333.0
v500_s7_p30,500,0.3,h3,3,1.833277112465864,1.756437087767431,16.729043459054083,20.634768083982635,True,True,677.0,344.0,True,True,True,-0.0768400246984331,3.9057246249285527,1.2334696920650714,-333.0
v500_s7_p30,500,0.3,h3,4,,1.7675967277882836,15.2632399580325,20.24331616703421,True,True,677.0,344.0,False,True,False,,4.980076209001709,1.3262791008131187,-333.0
v500_s7_p30,500,0.3,h4,0,1.7180518065898636,1.7906092002288636,41.604072500020266,22.963768457993865,True,True,291.0,245.0,True,True,True,0.07255739363900005,-18.6403040420264,0.5519596298651455,-46.0
v500_s7_p30,500,0.3,h4,1,1.7150723140325153,1.7188709701524125,41.608230374986306,22.113037416012958,True,True,292.0,232.0,True,True,True,0.00379865611989727,-19.495192958973348,0.5314582527717087,-60.0
v500_s7_p30,500,0.3,h4,2,1.7206655363298808,1.7874246229892197,41.76772883301601,22.68346545798704,True,True,290.0,269.0,True,True,True,0.06675908665933883,-19.084263375028968,0.543085920440484,-21.0
v500_s7_p30,500,0.3,h4,3,1.7171099755869208,1.7144127338844344,41.13835154095432,22.664611917047296,True,True,292.0,229.0,True,True,True,-0.0026972417024864193,-18.473739623907022,0.5509363177686902,-63.0
v500_s7_p30,500,0.3,h4,4,1.7293561944949176,1.838445969603723,40.54624337499263,22.819351875048596,True,True,294.0,270.0,True,True,True,0.10908977510880535,-17.72689149994403,0.562798177478575,-24.0
v500_s7_p30,500,0.3,h2+3,0,1.8571382240686323,1.7635479253640183,17.038954792020377,21.243459042045288,True,True,677.0,344.0,True,True,True,-0.093590298704614,4.204504250024911,1.2467583429468307,-333.0
v500_s7_p30,500,0.3,h2+3,1,,1.7171202795593548,15.869348084030207,21.99411637498997,True,True,677.0,344.0,False,True,False,,6.124768290959764,1.3859495839733518,-333.0
v500_s7_p30,500,0.3,h2+3,2,2.0880479225884976,1.7639437754236886,16.79663633304881,21.116182291996665,True,True,677.0,344.0,True,True,True,-0.32410414716480895,4.319545958947856,1.257167320485994,-333.0
v500_s7_p30,500,0.3,h2+3,3,2.0486906944588066,1.736210534753811,16.261214500002097,20.887565209006425,True,True,677.0,344.0,True,True,True,-0.31248015970499554,4.626350709004328,1.2845021636608835,-333.0
v500_s7_p30,500,0.3,h2+3,4,1.8516559558423193,1.7521746937830618,16.30130137503147,21.191645791986957,True,True,677.0,344.0,True,True,True,-0.09948126205925756,4.890344416955486,1.2999971784121465,-333.0
v500_s7_p30,500,0.3,h2+3+4,0,1.7306154715334374,1.789132763537348,46.11261700000614,25.437224583001807,True,True,290.0,245.0,True,True,True,0.05851729200391054,-20.675392417004332,0.5516326384815337,-45.0
v500_s7_p30,500,0.3,h2+3+4,1,1.7242141191439468,1.719545380795052,45.92664491699543,24.082089666975662,True,True,291.0,235.0,True,True,True,-0.0046687383488948075,-21.844555250019766,0.5243598723682065,-56.0
v500_s7_p30,500,0.3,h2+3+4,2,1.7270848520632365,1.795064063590043,45.70572808396537,25.31565129198134,True,True,290.0,272.0,True,True,True,0.06797921152680653,-20.39007679198403,0.5538835579968073,-18.0
v500_s7_p30,500,0.3,h2+3+4,3,1.7330679573124046,1.753536026330219,45.41786158300238,24.82126675004838,True,True,291.0,231.0,True,True,True,0.020468069017814505,-20.596594832953997,0.546508925892225,-60.0
v500_s7_p30,500,0.3,h2+3+4,4,1.7402868484526108,1.770810005266684,45.08714879199397,25.33629387500696,True,True,293.0,273.0,True,True,True,0.030523156814073138,-19.75085491698701,0.5619404764735505,-20.0
v500_s7_p50,500,0.5,h2,0,,3.1355201662309984,5.739174582995474,0.9362223339849152,True,True,547.0,116.0,False,True,False,,-4.802952249010559,0.16312839423962397,-431.0
v500_s7_p50,500,0.5,h2,1,,3.2241121677959566,5.781219916010741,0.9332953749690205,True,True,547.0,116.0,False,True,False,,-4.847924541041721,0.1614357157361053,-431.0
v500_s7_p50,500,0.5,h2,2,,3.425229366328555,5.446390707977116,0.9078800840070471,True,True,547.0,116.0,False,True,False,,-4.538510623970069,0.16669389558801034,-431.0
v500_s7_p50,500,0.5,h2,3,,3.233230279903277,5.151439417037182,0.9339281669817865,True,True,547.0,116.0,False,True,False,,-4.217511250055395,0.18129460358070745,-431.0
v500_s7_p50,500,0.5,h2,4,,3.2026606284147383,5.217498750018422,0.935446834017057,True,True,547.0,116.0,False,True,False,,-4.282051916001365,0.1792902842600114,-431.0
v500_s7_p50,500,0.5,h3,0,,2.774568416809229,5.575220625032671,1.3479668339714408,True,True,547.0,116.0,False,True,False,,-4.22725379106123,0.24177820477975107,-431.0
v500_s7_p50,500,0.5,h3,1,,2.760615509681177,5.912695374980103,1.3174243330140598,True,True,547.0,116.0,False,True,False,,-4.595271041966043,0.22281282045897605,-431.0
v500_s7_p50,500,0.5,h3,2,,2.737912334720495,5.544909790973179,1.3268129589851014,True,True,547.0,116.0,False,True,False,,-4.218096831988078,0.23928485926769863,-431.0
v500_s7_p50,500,0.5,h3,3,,2.7104375655651527,6.011793040961493,1.3693109580199234,True,True,547.0,116.0,False,True,False,,-4.642482082941569,0.2277708079253712,-431.0
v500_s7_p50,500,0.5,h3,4,,2.7055586666918554,5.519640583021101,1.3423903749790043,True,True,547.0,116.0,False,True,False,,-4.177250208042096,0.24320249747933134,-431.0
v500_s7_p50,500,0.5,h4,0,,2.60177136224064,18.93502350000199,2.095513290958479,True,True,768.0,82.0,False,True,False,,-16.83951020904351,0.11066863956932818,-686.0
v500_s7_p50,500,0.5,h4,1,,2.7047722826931433,18.908462417020928,2.1662056669592857,True,True,768.0,82.0,False,True,False,,-16.742256750061642,0.11456276132792909,-686.0
v500_s7_p50,500,0.5,h4,2,,2.8057096297945363,18.825135875027627,2.0631470840307884,True,True,768.0,82.0,False,True,False,,-16.76198879099684,0.10959533560486244,-686.0
v500_s7_p50,500,0.5,h4,3,,2.7623669017821633,18.502194416010752,2.347633917001076,True,True,768.0,81.0,False,True,False,,-16.154560499009676,0.1268840800294243,-687.0
v500_s7_p50,500,0.5,h4,4,,2.892456902187025,18.424224540998694,2.0881288750097156,True,True,768.0,81.0,False,True,False,,-16.336095665988978,0.11333605223726434,-687.0
v500_s7_p50,500,0.5,h2+3,0,,2.9137331752678923,5.948537499993108,1.293099834001623,True,True,547.0,116.0,False,True,False,,-4.655437665991485,0.21738113511146584,-431.0
v500_s7_p50,500,0.5,h2+3,1,,2.8099034458687564,6.006177167000715,1.2885817079804838,True,True,547.0,116.0,False,True,False,,-4.717595459020231,0.2145427402741699,-431.0
v500_s7_p50,500,0.5,h2+3,2,,2.9989733426830205,6.272977542015724,1.3184581249952316,True,True,547.0,116.0,False,True,False,,-4.954519417020492,0.21018059066278205,-431.0
v500_s7_p50,500,0.5,h2+3,3,,2.782877911127216,6.144512208004016,1.3463682499714196,True,True,547.0,116.0,False,True,False,,-4.798143958032597,0.2191171901680986,-431.0
v500_s7_p50,500,0.5,h2+3,4,,2.7652622038337906,5.953393584000878,1.26228970795637,True,True,547.0,116.0,False,True,False,,-4.691103876044508,0.21202860018337127,-431.0
v500_s7_p50,500,0.5,h2+3+4,0,,2.864262859081189,22.443627417029347,2.623124915990047,True,True,768.0,83.0,False,True,False,,-19.8205025010393,0.11687615674816106,-685.0
v500_s7_p50,500,0.5,h2+3+4,1,,2.6868061918201516,22.579982916999143,2.580952249991242,True,True,768.0,83.0,False,True,False,,-19.9990306670079,0.11430266619237318,-685.0
v500_s7_p50,500,0.5,h2+3+4,2,,2.7733740999873318,22.49897020799108,2.5820074590155855,True,True,768.0,83.0,False,True,False,,-19.916962748975493,0.11476113951644419,-685.0
v500_s7_p50,500,0.5,h2+3+4,3,,2.916771587738428,22.149183166970033,2.791772500029765,True,True,768.0,82.0,False,True,False,,-19.357410666940268,0.12604403868911046,-686.0
v500_s7_p50,500,0.5,h2+3+4,4,,3.068044713064559,21.970150124980137,2.6320521669695154,True,True,768.0,82.0,False,True,False,,-19.33809795801062,0.11980128274029693,-686.0
v500_s8_p0,500,0.0,h2,0,1.1861896134060184,1.1903166012612914,47.318871166033205,47.408797750016674,True,True,967.0,963.0,True,True,True,0.00412698785527299,0.08992658398346975,1.0019004380655645,-4.0
v500_s8_p0,500,0.0,h2,1,1.1867390803173032,1.1854842494149198,47.15888024994638,47.130792833981104,True,True,967.0,963.0,True,True,True,-0.0012548309023834303,-0.028087415965273976,0.9994044087599958,-4.0
v500_s8_p0,500,0.0,h2,2,1.183471060918189,1.1893465634492675,47.17408720799722,46.59003245900385,True,True,967.0,963.0,True,True,True,0.00587550253107838,-0.584054748993367,0.9876191616296001,-4.0
v500_s8_p0,500,0.0,h2,3,1.1838192581730096,1.1880007486600648,47.04260758304736,46.5854832920013,True,True,967.0,963.0,True,True,True,0.004181490487055184,-0.4571242910460569,0.99028276036274,-4.0
v500_s8_p0,500,0.0,h2,4,1.1922514852538713,1.1886732934108928,46.40290537499823,47.037668999983,True,True,967.0,963.0,True,True,True,-0.003578191842978473,0.634763624984771,1.0136793939917128,-4.0
v500_s8_p0,500,0.0,h3,0,1.2728822981981451,1.3190751803600373,102.40340254199691,172.441778916982,True,True,338.0,188.0,True,True,True,0.04619288216189221,70.03837637498509,1.6839457931709005,-150.0
v500_s8_p0,500,0.0,h3,1,1.2621674087545183,1.268554131816795,104.73073841695441,100.87863487499999,True,True,323.0,345.0,True,True,True,0.006386723062276722,-3.8521035419544205,0.9632189784949438,22.0
v500_s8_p0,500,0.0,h3,2,1.2722510211095939,1.2708815365460107,97.40637341700494,104.31179970799712,True,True,322.0,317.0,True,True,True,-0.001369484563583212,6.905426290992182,1.0708929616076504,-5.0
v500_s8_p0,500,0.0,h3,3,1.2792585238282992,1.2602933200669855,127.19247916701715,97.76394137501484,True,True,273.0,345.0,True,True,True,-0.01896520376131372,-29.428537792002317,0.7686298908179977,72.0
v500_s8_p0,500,0.0,h3,4,1.2587450630912829,1.2403816972813473,98.7071939590387,97.22673749999376,True,True,392.0,407.0,True,True,True,-0.018363365809935583,-1.4804564590449445,0.9850015343394393,15.0
v500_s8_p0,500,0.0,h4,0,1.330535279579004,1.3248050672591876,168.62754474999383,226.70930474996567,True,True,262.0,246.0,True,True,True,-0.005730212319816408,58.08175999997184,1.3444381526522462,-16.0
v500_s8_p0,500,0.0,h4,1,1.3480687068014339,1.335331459407052,239.12860454199836,233.66775987501023,True,True,210.0,248.0,True,True,True,-0.012737247394381868,-5.460844666988123,0.9771635656995229,38.0
v500_s8_p0,500,0.0,h4,2,1.3370164978730106,1.3338079713040458,216.09187491697958,256.0936450830195,True,True,229.0,234.0,True,True,True,-0.0032085265689647535,40.00177016603993,1.185114642470515,5.0
v500_s8_p0,500,0.0,h4,3,1.3376587896810208,1.3253412439864716,225.01395691704238,253.38984666595934,True,True,217.0,233.0,True,True,True,-0.012317545694549237,28.37588974891696,1.1261072430248338,16.0
v500_s8_p0,500,0.0,h4,4,1.3197718472963156,1.321431630067341,207.45231433399022,221.02629829203943,True,True,241.0,256.0,True,True,True,0.0016597827710254087,13.573983958049212,1.0654318270761522,15.0
v500_s8_p0,500,0.0,h2+3,0,1.2672253283089099,1.3213374556310022,104.96230754099088,175.87700137501815,True,True,338.0,188.0,True,True,True,0.05411212732209236,70.91469383402728,1.67562056794848,-150.0
v500_s8_p0,500,0.0,h2+3,1,1.267913546923229,1.2685509739501255,108.336969416996,104.02026374998968,True,True,323.0,345.0,True,True,True,0.0006374270268965088,-4.3167056670063175,0.9601548235082058,22.0
v500_s8_p0,500,0.0,h2+3,2,1.2557631954747912,1.2629040221376295,100.30722741596401,106.1468626660062,True,True,322.0,317.0,True,True,True,0.007140826662838329,5.839635250042193,1.0582174924028735,-5.0
v500_s8_p0,500,0.0,h2+3,3,1.28694460051337,1.2634347220117517,129.22284491697792,100.91248849994736,True,True,273.0,345.0,True,True,True,-0.023509878501618342,-28.31035641703056,0.7809183319310206,72.0
v500_s8_p0,500,0.0,h2+3,4,1.2566143820223932,1.2383897202371164,100.289651625033,99.40939391695429,True,True,392.0,407.0,True,True,True,-0.01822466178527682,-0.880257708078716,0.9912228460881501,15.0
v500_s8_p0,500,0.0,h2+3+4,0,1.3298965731695758,1.3316613948124965,170.95744070899673,231.69727662502555,True,True,262.0,246.0,True,True,True,0.0017648216429206887,60.739835916028824,1.3552921456014306,-16.0
v500_s8_p0,500,0.0,h2+3+4,1,1.3547883830293301,1.3361538170974254,248.83224399999017,239.91413216700312,True,True,210.0,248.0,True,True,True,-0.018634565931904712,-8.918111832987051,0.9641601438397694,38.0
v500_s8_p0,500,0.0,h2+3+4,2,1.3411900586893792,1.3412930969161103,224.84661137498915,255.8261919170036,True,True,229.0,234.0,True,True,True,0.0001030382267310781,30.979580542014446,1.1377809536579944,5.0
v500_s8_p0,500,0.0,h2+3+4,3,1.3385457808038226,1.3342938456375204,231.48655870795483,254.81258454197086,True,True,217.0,233.0,True,True,True,-0.004251935166302179,23.326025834016036,1.1007662214351042,16.0
v500_s8_p0,500,0.0,h2+3+4,4,1.3225274494507786,1.3172980149041387,213.70406708400697,230.42949941603,True,True,241.0,256.0,True,True,True,-0.005229434546639933,16.725432332023047,1.078264454955124,15.0
v500_s8_p10,500,0.1,h2,0,1.3456112771986843,1.3294125512870294,28.700374708976597,32.778550957969856,True,True,870.0,826.0,True,True,True,-0.016198725911654943,4.078176248993259,1.1420948782148732,-44.0
v500_s8_p10,500,0.1,h2,1,1.3326550431897117,1.34750672055824,32.28237849997822,32.44003608397907,True,True,870.0,826.0,True,True,True,0.014851677368528327,0.1576575840008445,1.0048837040926508,-44.0
v500_s8_p10,500,0.1,h2,2,1.340418540221982,1.3412853412937826,29.27319404197624,32.45744550001109,True,True,870.0,826.0,True,True,True,0.0008668010718007046,3.1842514580348507,1.1087770420087675,-44.0
v500_s8_p10,500,0.1,h2,3,1.3338398720549887,1.3344429685538468,31.787938499997836,32.3131227910053,True,True,870.0,826.0,True,True,True,0.0006030964988581466,0.5251842910074629,1.016521495755615,-44.0
v500_s8_p10,500,0.1,h2,4,1.3453740793498878,1.337365473239478,27.524917958013248,31.780658458999824,True,True,870.0,826.0,True,True,True,-0.008008606110409877,4.255740500986576,1.154614103027603,-44.0
v500_s8_p10,500,0.1,h3,0,1.3465963849674512,1.334862223262663,63.52078504196834,72.44730937498389,True,True,349.0,299.0,True,True,True,-0.011734161704788137,8.92652433301555,1.1405291878417083,-50.0
v500_s8_p10,500,0.1,h3,1,1.3394166331551522,1.3308371912578132,69.36697045899928,60.79846004099818,True,True,348.0,366.0,True,True,True,-0.008579441897339057,-8.568510418001097,0.8764756430718611,18.0
v500_s8_p10,500,0.1,h3,2,1.312850195997611,1.3353297292366253,64.8242100419593,74.45784741698299,True,True,322.0,362.0,True,True,True,0.022479533239014193,9.633637375023682,1.1486117203555282,40.0
v500_s8_p10,500,0.1,h3,3,1.3323131458222603,1.3403779099404267,75.41173762496328,70.83274395798799,True,True,313.0,293.0,True,True,True,0.008064764118166368,-4.578993666975293,0.93928009337555,-20.0
v500_s8_p10,500,0.1,h3,4,1.356359630770125,1.337690855352784,65.32350483298069,57.57456854195334,True,True,414.0,386.0,True,True,True,-0.01866877541734091,-7.7489362910273485,0.8813759869308934,-28.0
v500_s8_p10,500,0.1,h4,0,1.3577480333683463,1.359594773660676,138.65180520899594,121.35335300001316,True,True,246.0,292.0,True,True,True,0.0018467402923296738,-17.29845220898278,0.8752381753493359,46.0
v500_s8_p10,500,0.1,h4,1,1.3553306333345772,1.337549315122339,152.58696575002978,102.1795932080131,True,True,246.0,319.0,True,True,True,-0.017781318212238162,-50.407372542016674,0.6696482409605368,73.0
v500_s8_p10,500,0.1,h4,2,1.3483492672491229,1.3375029053992407,154.84845020796638,93.86653604201274,True,True,246.0,376.0,True,True,True,-0.010846361849882191,-60.98191416595364,0.6061832450757305,130.0
v500_s8_p10,500,0.1,h4,3,1.3465881142282174,1.3398936262984262,155.4440544579993,97.1794318750035,True,True,246.0,366.0,True,True,True,-0.006694487929791215,-58.2646225829958,0.6251730387106006,120.0
v500_s8_p10,500,0.1,h4,4,1.3470026879187018,1.3281669176970965,150.66122341604205,102.23019795800792,True,True,246.0,325.0,True,True,True,-0.01883577022160532,-48.43102545803413,0.6785435272598662,79.0
v500_s8_p10,500,0.1,h2+3,0,1.3369046637883615,1.3351495663642505,65.71379845798947,75.55302820797078,True,True,349.0,299.0,True,True,True,-0.0017550974241109518,9.839229749981314,1.1497285194413391,-50.0
v500_s8_p10,500,0.1,h2+3,1,1.34579353746146,1.3273262442530207,72.26671787496889,62.809640958032105,True,True,348.0,366.0,True,True,True,-0.018467293208439317,-9.457076916936785,0.8691364822559288,18.0
v500_s8_p10,500,0.1,h2+3,2,1.3168710018894652,1.3347153975094148,66.72831258299993,76.21082879201276,True,True,322.0,362.0,True,True,True,0.01784439561994966,9.482516209012829,1.1421063390029234,40.0
v500_s8_p10,500,0.1,h2+3,3,1.3365050397320677,1.3328555569170044,77.4572462500073,73.33127054100623,True,True,313.0,293.0,True,True,True,-0.0036494828150632763,-4.125975709001068,0.946732217981469,-20.0
v500_s8_p10,500,0.1,h2+3,4,1.3340241509630393,1.3380872818939282,67.03560649999417,59.87214837502688,True,True,414.0,386.0,True,True,True,0.004063130930888947,-7.163458124967292,0.8931395045263308,-28.0
v500_s8_p10,500,0.1,h2+3+4,0,1.347992384257452,1.3544484796211569,145.35198820900405,127.44119554205099,True,True,246.0,294.0,True,True,True,0.00645609536370495,-17.910792666953057,0.8767764178003618,48.0
v500_s8_p10,500,0.1,h2+3+4,1,1.356844327198905,1.356868936976578,160.62892079201993,108.64194170798874,True,True,246.0,322.0,True,True,True,2.460977767304584e-05,-51.98697908403119,0.6763535555882667,76.0
v500_s8_p10,500,0.1,h2+3+4,2,1.3593248798061572,1.3511065055161111,163.74326191702858,99.59343420801451,True,True,246.0,376.0,True,True,True,-0.008218374290046127,-64.14982770901406,0.6082292061488317,130.0
v500_s8_p10,500,0.1,h2+3+4,3,1.3541572481159307,1.3382920015676292,158.51734566601226,100.70676895801444,True,True,246.0,368.0,True,True,True,-0.01586524654830157,-57.810576707997825,0.635304411229534,122.0
v500_s8_p10,500,0.1,h2+3+4,4,1.36164139247967,1.3312743220082042,157.3168538750033,107.69998362497427,True,True,246.0,327.0,True,True,True,-0.030367070471465807,-49.616870250029024,0.6846055013949599,81.0
v500_s8_p30,500,0.3,h2,0,,,12.510358875035308,4.88132929202402,True,True,677.0,441.0,False,False,False,,-7.629029583011288,0.3901829948111895,-236.0
v500_s8_p30,500,0.3,h2,1,,2.017028231507968,12.398389749985654,5.384432333987206,True,True,677.0,441.0,False,True,False,,-7.013957415998448,0.4342848097668035,-236.0
v500_s8_p30,500,0.3,h2,2,,2.3578152996674544,12.450501582992729,5.351484750048257,True,True,677.0,441.0,False,True,False,,-7.099016832944471,0.4298208160029743,-236.0
v500_s8_p30,500,0.3,h2,3,,,12.367469832999632,4.821866041980684,True,True,677.0,441.0,False,False,False,,-7.545603791018948,0.3898829839159736,-236.0
v500_s8_p30,500,0.3,h2,4,,,11.740127458004281,4.794708499975968,True,True,677.0,441.0,False,False,False,,-6.945418958028313,0.4084034451182208,-236.0
v500_s8_p30,500,0.3,h3,0,1.831421977793737,1.84199522424796,15.017910707974806,8.618498208001256,True,True,677.0,441.0,True,True,True,0.010573246454222973,-6.39941249997355,0.5738813058346833,-236.0
v500_s8_p30,500,0.3,h3,1,1.8408817448791879,1.8642350662534029,15.662236250005662,9.115853083028924,True,True,677.0,441.0,True,True,True,0.023353321374214975,-6.546383166976739,0.5820275558048505,-236.0
v500_s8_p30,500,0.3,h3,2,1.848971665093194,1.8551374384368906,15.346117249981035,8.74591545801377,True,True,677.0,441.0,True,True,True,0.006165773343696612,-6.600201791967265,0.5699106370391233,-236.0
v500_s8_p30,500,0.3,h3,3,2.0454663782449423,1.8654782850141445,14.903736792039126,7.814584375009872,True,True,677.0,441.0,True,True,True,-0.17998809323079779,-7.089152417029254,0.5243372507211785,-236.0
v500_s8_p30,500,0.3,h3,4,1.8676742675883116,1.842630180368476,15.320106291968841,8.259598041011486,True,True,677.0,441.0,True,True,True,-0.025044087219835642,-7.060508250957355,0.5391345127508261,-236.0
v500_s8_p30,500,0.3,h4,0,,1.8703099024065317,46.70677216601325,24.471515749988612,True,True,368.0,273.0,False,True,False,,-22.23525641602464,0.5239393478746024,-95.0
v500_s8_p30,500,0.3,h4,1,,1.929102491831123,49.26577370800078,23.121107124956325,True,True,368.0,294.0,False,True,False,,-26.144666583044454,0.46931379301978665,-74.0
v500_s8_p30,500,0.3,h4,2,,1.8901215961581446,47.01370383397443,24.62431387498509,True,True,368.0,280.0,False,True,False,,-22.38938995898934,0.5237688560327881,-88.0
v500_s8_p30,500,0.3,h4,3,,1.8715742616419389,49.57000187499216,23.568093582987785,True,True,379.0,282.0,False,True,False,,-26.001908292004373,0.47545073010936845,-97.0
v500_s8_p30,500,0.3,h4,4,,2.057318703382685,45.26539904100355,23.281613249971997,True,True,370.0,286.0,False,True,False,,-21.98378579103155,0.5143357562999148,-84.0
v500_s8_p30,500,0.3,h2+3,0,,1.8519846840471332,15.08894191699801,9.126912833016831,True,True,677.0,441.0,False,True,False,,-5.962029083981179,0.6048742770184019,-236.0
v500_s8_p30,500,0.3,h2+3,1,,1.8475037148111393,15.144480457995087,9.057561167050153,True,True,677.0,441.0,False,True,False,,-6.086919290944934,0.5980767179285096,-236.0
v500_s8_p30,500,0.3,h2+3,2,2.0739112451445965,1.828630881572247,15.798614875006024,9.306697791966144,True,True,677.0,441.0,True,True,True,-0.2452803635723495,-6.49191708303988,0.5890831484657351,-236.0
v500_s8_p30,500,0.3,h2+3,3,,1.8411437599305147,14.824726541992277,8.305624875007197,True,True,677.0,441.0,False,True,False,,-6.51910166698508,0.5602548452735922,-236.0
v500_s8_p30,500,0.3,h2+3,4,1.8373929491962202,1.831939437464235,15.505723125010263,8.701183833996765,True,True,677.0,441.0,True,True,True,-0.005453511731985161,-6.804539291013498,0.5611594998727933,-236.0
v500_s8_p30,500,0.3,h2+3+4,0,,1.85138123294725,50.97029337496497,27.220519833033904,True,True,368.0,275.0,False,True,False,,-23.749773541931063,0.5340467560738777,-93.0
v500_s8_p30,500,0.3,h2+3+4,1,,1.8681728302113867,53.709231750050094,26.02783154201461,True,True,368.0,296.0,False,True,False,,-27.681400208035484,0.4846062900907223,-72.0
v500_s8_p30,500,0.3,h2+3+4,2,,1.885651445660047,51.01728045800701,27.142482750001363,True,True,368.0,283.0,False,True,False,,-23.874797708005644,0.5320252766578316,-85.0
v500_s8_p30,500,0.3,h2+3+4,3,,1.8981898975306601,54.116928125033155,26.303598875005264,True,True,379.0,285.0,False,True,False,,-27.81332925002789,0.48605121883919106,-94.0
v500_s8_p30,500,0.3,h2+3+4,4,,1.8845769093188591,49.55958083301084,26.579871167021338,True,True,370.0,289.0,False,True,False,,-22.979709665989503,0.5363215491386262,-81.0
v500_s8_p50,500,0.5,h2,0,,2.463114147030727,5.160055542015471,1.0674683329998516,True,True,556.0,141.0,False,True,False,,-4.092587209015619,0.20687148119008583,-415.0
v500_s8_p50,500,0.5,h2,1,,2.914170268810723,5.0532390419975854,1.079012041038368,True,True,556.0,141.0,False,True,False,,-3.9742270009592175,0.21352879451588855,-415.0
v500_s8_p50,500,0.5,h2,2,,3.5771131290963853,5.337977999995928,1.071156083024107,True,True,556.0,141.0,False,True,False,,-4.266821916971821,0.20066700968511372,-415.0
v500_s8_p50,500,0.5,h2,3,,3.1344352094195127,5.402000624977518,1.0735717909992673,True,True,556.0,141.0,False,True,False,,-4.328428833978251,0.19873596201291355,-415.0
v500_s8_p50,500,0.5,h2,4,,2.5388529483030124,5.08611320797354,1.0645203749882057,True,True,556.0,141.0,False,True,False,,-4.021592832985334,0.20929938667494635,-415.0
v500_s8_p50,500,0.5,h3,0,,2.4673088975537003,5.491415624972433,1.3554964590002783,True,True,556.0,141.0,False,True,False,,-4.135919165972155,0.2468391670876456,-415.0
v500_s8_p50,500,0.5,h3,1,,2.3263675077099646,5.77703758404823,1.389467291010078,True,True,556.0,141.0,False,True,False,,-4.387570293038152,0.24051553599836817,-415.0
v500_s8_p50,500,0.5,h3,2,,2.378591263728691,6.188621292007156,1.3341834170278162,True,True,556.0,141.0,False,True,False,,-4.8544378749793395,0.2155865343951432,-415.0
v500_s8_p50,500,0.5,h3,3,,2.541080508160519,5.238515792007092,1.3782138340175152,True,True,556.0,141.0,False,True,False,,-3.860301957989577,0.26309242708027886,-415.0
v500_s8_p50,500,0.5,h3,4,,2.470199302564366,5.44115462503396,1.3435455840080976,True,True,556.0,141.0,False,True,False,,-4.097609041025862,0.24692288247546582,-415.0
v500_s8_p50,500,0.5,h4,0,,3.238006134118064,19.692202375037596,2.8970974999829195,True,True,578.0,127.0,False,True,False,,-16.795104875054676,0.14711901923450493,-451.0
v500_s8_p50,500,0.5,h4,1,,2.517886162330354,22.016423665976617,2.861365457996726,True,True,515.0,111.0,False,True,False,,-19.15505820797989,0.12996504343339724,-404.0
v500_s8_p50,500,0.5,h4,2,,3.2000866751819244,19.966393999988213,2.8321589580154978,True,True,578.0,127.0,False,True,False,,-17.134235041972715,0.14184629222568532,-451.0
v500_s8_p50,500,0.5,h4,3,,3.1427517878364264,19.918814875010867,2.783048457989935,True,True,478.0,122.0,False,True,False,,-17.135766417020932,0.13971958047973054,-356.0
v500_s8_p50,500,0.5,h4,4,,2.905154791713147,19.477366583014373,2.965495040989481,True,True,578.0,111.0,False,True,False,,-16.511871542024892,0.1522533874561667,-467.0
v500_s8_p50,500,0.5,h2+3,0,,2.6168449758909578,5.888164208969101,1.419098375015892,True,True,556.0,141.0,False,True,False,,-4.469065833953209,0.24100862758790953,-415.0
v500_s8_p50,500,0.5,h2+3,1,,2.7587214558209365,5.751243707956746,1.4375481250463054,True,True,556.0,141.0,False,True,False,,-4.313695582910441,0.24995430519793177,-415.0
v500_s8_p50,500,0.5,h2+3,2,,2.3830623949025656,5.909488999983296,1.4877897499827668,True,True,556.0,141.0,False,True,False,,-4.421699250000529,0.25176284277489513,-415.0
v500_s8_p50,500,0.5,h2+3,3,,2.487860502737811,5.816738500026986,1.5353910000412725,True,True,556.0,141.0,False,True,False,,-4.2813474999857135,0.26396080897123864,-415.0
v500_s8_p50,500,0.5,h2+3,4,,2.6775345168614013,5.965339749993291,1.3156547920079902,True,True,556.0,141.0,False,True,False,,-4.649684957985301,0.22054985082944686,-415.0
v500_s8_p50,500,0.5,h2+3+4,0,,3.1155412630226347,22.843288416974247,3.4873097089584917,True,True,578.0,127.0,False,True,False,,-19.355978708015755,0.15266233325527526,-451.0
v500_s8_p50,500,0.5,h2+3+4,1,,3.1273552109968468,25.26862725004321,3.417929582996294,True,True,515.0,111.0,False,True,False,,-21.850697667046916,0.13526376202294285,-404.0
v500_s8_p50,500,0.5,h2+3+4,2,,3.069318229048134,22.742649665975478,3.3646083750063553,True,True,578.0,127.0,False,True,False,,-19.378041290969122,0.14794267266228148,-451.0
v500_s8_p50,500,0.5,h2+3+4,3,,2.8168035948375847,22.897408584016375,3.4435260419850238,True,True,478.0,122.0,False,True,False,,-19.45388254203135,0.15038933464238352,-356.0
v500_s8_p50,500,0.5,h2+3+4,4,,2.678588816276039,22.434837625012733,3.5343477909918875,True,True,578.0,111.0,False,True,False,,-18.900489834020846,0.15753837179777144,-467.0
v500_s9_p0,500,0.0,h2,0,1.1868953587581017,1.188461032431839,47.25645950000035,47.28217087499797,True,True,967.0,963.0,True,True,True,0.0015656736737372778,0.02571137499762699,1.0005440817037432,-4.0
v500_s9_p0,500,0.0,h2,1,1.1911095153655034,1.1820541325945553,47.104655709001236,46.586837207956705,True,True,967.0,963.0,True,True,True,-0.009055382770948084,-0.5178185010445304,0.989007063245649,-4.0
v500_s9_p0,500,0.0,h2,2,1.1864043849378374,1.1848469650234377,47.38669666700298,46.8737697500037,True,True,967.0,963.0,True,True,True,-0.001557419914399727,-0.5129269169992767,0.9891757190714573,-4.0
v500_s9_p0,500,0.0,h2,3,1.1904390460744072,1.1902506230400367,47.26269904198125,47.22431645798497,True,True,967.0,963.0,True,True,True,-0.00018842303437049956,-0.03838258399628103,0.9991878884453428,-4.0
v500_s9_p0,500,0.0,h2,4,1.1887253893941234,1.1911837082032413,46.490149749966804,46.22514499997487,True,True,967.0,963.0,True,True,True,0.002458318809117843,-0.265004749991931,0.9942997656187993,-4.0
v500_s9_p0,500,0.0,h3,0,1.2646143865389399,1.257710948108984,103.45352874998935,122.31076224998105,True,True,314.0,305.0,True,True,True,-0.006903438429955777,18.857233499991708,1.18227733483662,-9.0
v500_s9_p0,500,0.0,h3,1,1.258752980246323,1.2632679530940503,97.69181437499356,102.90618449996691,True,True,422.0,402.0,True,True,True,0.004514972847727172,5.214370124973357,1.053375711755724,-20.0
v500_s9_p0,500,0.0,h3,2,1.270951525576314,1.2680600747470439,104.88382145803189,119.74900754197733,True,True,341.0,299.0,True,True,True,-0.0028914508292701147,14.865186083945446,1.1417300197237148,-42.0
v500_s9_p0,500,0.0,h3,3,1.2719709642259784,1.2590073634268284,102.45068658300443,119.76443079096498,True,True,374.0,319.0,True,True,True,-0.012963600799150043,17.313744207960553,1.1689958826574887,-55.0
v500_s9_p0,500,0.0,h3,4,1.2829766731119383,1.273403686190537,110.08626870799344,131.41365920897806,True,True,286.0,301.0,True,True,True,-0.009572986921401405,21.32739050098462,1.1937334306202716,15.0
v500_s9_p0,500,0.0,h4,0,1.337677729871657,1.3346647739719082,225.78204741701484,227.11807408399181,True,True,229.0,240.0,True,True,True,-0.003012955899748704,1.3360266669769771,1.0059173290448082,11.0
v500_s9_p0,500,0.0,h4,1,1.3147057835706413,1.3138614079599709,163.87779320799746,216.84917274996405,True,True,339.0,313.0,True,True,True,-0.0008443756106704114,52.9713795419666,1.3232370811506724,-26.0
v500_s9_p0,500,0.0,h4,2,1.331627551944114,1.3315330210509349,231.89504525001394,249.83736499998486,True,True,235.0,246.0,True,True,True,-9.453089317923435e-05,17.94231974997092,1.0773725878042228,11.0
v500_s9_p0,500,0.0,h4,3,1.321617939210501,1.3288891664632314,168.44128812500276,231.27005108300364,True,True,262.0,231.0,True,True,True,0.007271227252730439,62.82876295800088,1.373000964652887,-31.0
v500_s9_p0,500,0.0,h4,4,1.346491115560028,1.3318447530542308,212.25143937504617,224.9874340420356,True,True,237.0,256.0,True,True,True,-0.014646362505797317,12.735994666989427,1.0600042793796327,19.0
v500_s9_p0,500,0.0,h2+3,0,1.2753772526201734,1.2624834493361001,107.64507362496806,126.29666787502356,True,True,314.0,305.0,True,True,True,-0.012893803284073302,18.651594250055496,1.173269371481291,-9.0
v500_s9_p0,500,0.0,h2+3,1,1.2576994500483347,1.2552444062057169,100.27221204101807,107.06160100002307,True,True,422.0,402.0,True,True,True,-0.0024550438426178545,6.789388959005009,1.0677095759713338,-20.0
v500_s9_p0,500,0.0,h2+3,2,1.2705153163549556,1.2610159315372917,106.4557797080488,123.93783950002398,True,True,341.0,299.0,True,True,True,-0.00949938481766388,17.48205979197519,1.1642189821907192,-42.0
v500_s9_p0,500,0.0,h2+3,3,1.2719041448448896,1.25471716084223,102.98338495800272,122.54573120799614,True,True,374.0,319.0,True,True,True,-0.0171869840026595,19.562346249993425,1.1899563338102654,-55.0
v500_s9_p0,500,0.0,h2+3,4,1.2764714554894403,1.2720402252593794,112.8381742920028,133.97467691695783,True,True,286.0,301.0,True,True,True,-0.0044312302300608675,21.13650262495503,1.187316949760796,15.0
v500_s9_p0,500,0.0,h2+3+4,0,1.3335665753302557,1.3335418669324084,223.6053763339878,235.46581158298068,True,True,229.0,240.0,True,True,True,-2.470839784729506e-05,11.860435248992871,1.0530418160933552,11.0
v500_s9_p0,500,0.0,h2+3+4,1,1.3155831182456996,1.3157194899063098,172.10432595794555,228.66078054200625,True,True,339.0,313.0,True,True,True,0.00013637166061020167,56.5564545840607,1.328617274837592,-26.0
v500_s9_p0,500,0.0,h2+3+4,2,1.3418374835595286,1.3351750964817048,245.1608034169767,253.77105033298722,True,True,235.0,246.0,True,True,True,-0.006662387077823739,8.61024691601051,1.0351208137516419,11.0
v500_s9_p0,500,0.0,h2+3+4,3,1.3288891493529968,1.3320874620234184,175.1723809580435,236.66446820902638,True,True,262.0,231.0,True,True,True,0.003198312670421588,61.49208725098288,1.351037571760306,-31.0
v500_s9_p0,500,0.0,h2+3+4,4,1.3395987771741025,1.330122149467553,206.03628933400614,226.77454824995948,True,True,237.0,256.0,True,True,True,-0.009476627706549445,20.738258915953338,1.1006534284954748,19.0
v500_s9_p10,500,0.1,h2,0,1.3144796247569324,1.3226580526845053,31.282662708021235,31.346633584005758,True,True,870.0,822.0,True,True,True,0.008178427927572951,0.06397087598452345,1.0020449306563703,-48.0
v500_s9_p10,500,0.1,h2,1,1.3152410853669638,1.3168406304606943,31.66053583403118,31.538155791989993,True,True,870.0,822.0,True,True,True,0.0015995450937305034,-0.12238004204118624,0.9961346187353645,-48.0
v500_s9_p10,500,0.1,h2,2,1.3245539968929188,1.305266683224411,30.996112833032385,31.90827266598353,True,True,870.0,822.0,True,True,True,-0.019287313668507666,0.9121598329511471,1.0294282008155249,-48.0
v500_s9_p10,500,0.1,h2,3,1.331607969144917,1.3120888905811312,31.803802583017386,30.282305208966136,True,True,870.0,822.0,True,True,True,-0.019519078563785763,-1.5214973740512505,0.9521598912557802,-48.0
v500_s9_p10,500,0.1,h2,4,1.3170341593142676,1.3123839406380922,31.866409999958705,31.091029083007015,True,True,870.0,822.0,True,True,True,-0.004650218676175433,-0.7753809169516899,0.9756677668757574,-48.0
v500_s9_p10,500,0.1,h3,0,1.321890325436347,1.3147551010466219,81.14425324997865,62.268669999961276,True,True,421.0,361.0,True,True,True,-0.007135224389725137,-18.87558325001737,0.7673823777530131,-60.0
v500_s9_p10,500,0.1,h3,1,1.317732243331884,1.3383003086688547,75.96710145799443,68.10254350001924,True,True,388.0,363.0,True,True,True,0.020568065336970642,-7.864557957975194,0.8964741604321463,-25.0
v500_s9_p10,500,0.1,h3,2,1.3178593178290074,1.3101503678047255,71.29787999996915,71.06270720798057,True,True,397.0,470.0,True,True,True,-0.0077089500242819575,-0.23517279198858887,0.9967015457964712,73.0
v500_s9_p10,500,0.1,h3,3,1.3283520073697044,1.3478719713133676,67.47681362496223,74.91983916697791,True,True,323.0,368.0,True,True,True,0.019519963943663177,7.4430255420156755,1.1103049350164071,45.0
v500_s9_p10,500,0.1,h3,4,1.319741795908029,1.328863005825886,67.99616962496657,61.26023666601395,True,True,383.0,347.0,True,True,True,0.00912120991785681,-6.735932958952617,0.9009365822206646,-36.0
v500_s9_p10,500,0.1,h4,0,1.3373233034998464,1.3634408838164649,143.74949304194888,115.16333850001683,True,True,286.0,305.0,True,True,True,0.026117580316618483,-28.586154541932046,0.8011390931751665,19.0
v500_s9_p10,500,0.1,h4,1,1.3570444346711101,1.3412926812648978,99.3126017919858,119.29098408296704,True,True,361.0,304.0,True,True,True,-0.015751753406212377,19.978382290981244,1.201166638779908,-57.0
v500_s9_p10,500,0.1,h4,2,1.354763765012482,1.3454459398795253,98.41241254203487,132.5867728330195,True,True,382.0,261.0,True,True,True,-0.009317825132956647,34.17436029098462,1.347256605221295,-121.0
v500_s9_p10,500,0.1,h4,3,1.3348839505182155,1.3530720440323956,94.37973783398047,100.53976758301724,True,True,411.0,329.0,True,True,True,0.018188093514180048,6.160029749036767,1.0652685617740603,-82.0
v500_s9_p10,500,0.1,h4,4,1.351961927787318,1.3458054021873105,101.58689937501913,128.18144516600296,True,True,363.0,260.0,True,True,True,-0.006156525600007567,26.59454579098383,1.2617910966335055,-103.0
v500_s9_p10,500,0.1,h2+3,0,1.3276672993547982,1.3181408936892147,84.18891662498936,64.63565133401426,True,True,421.0,361.0,True,True,True,-0.009526405665583493,-19.553265290975105,0.7677453746308073,-60.0
v500_s9_p10,500,0.1,h2+3,1,1.3176004064390296,1.3364597308483857,77.63937124999939,70.51651395799126,True,True,388.0,363.0,True,True,True,0.018859324409356004,-7.122857292008121,0.9082571486949261,-25.0
v500_s9_p10,500,0.1,h2+3,2,1.3160498628262192,1.311253064647132,73.58911324996734,72.90574858296895,True,True,397.0,470.0,True,True,True,-0.0047967981790870695,-0.6833646669983864,0.9907137803838302,73.0
v500_s9_p10,500,0.1,h2+3,3,1.330010212521806,1.3473861480816232,69.71458008297486,77.19323762500426,True,True,323.0,368.0,True,True,True,0.01737593555981709,7.478657542029396,1.1072753724275215,45.0
v500_s9_p10,500,0.1,h2+3,4,1.3355169174377957,1.3325523737962472,71.90479549998417,64.49958599999081,True,True,383.0,347.0,True,True,True,-0.0029645436415484117,-7.4052094999933615,0.8970136908324148,-36.0
v500_s9_p10,500,0.1,h2+3+4,0,1.3380395598121477,1.3624918072818024,150.28851774998475,121.50293650000822,True,True,287.0,305.0,True,True,True,0.024452247469654687,-28.78558124997653,0.8084645342110346,18.0
v500_s9_p10,500,0.1,h2+3+4,1,1.3559645291008946,1.3552242710547353,106.67605650000041,123.59245787502732,True,True,363.0,305.0,True,True,True,-0.0007402580461592922,16.916401375026908,1.1585773033804154,-58.0
v500_s9_p10,500,0.1,h2+3+4,2,1.3403332294656842,1.3546119954158624,112.8922090419801,138.65670129202772,True,True,381.0,261.0,True,True,True,0.014278765950178185,25.764492250047624,1.2282220577371008,-120.0
v500_s9_p10,500,0.1,h2+3+4,3,1.3456078764172088,1.3502577188796367,101.19930958299665,105.80471154197585,True,True,412.0,330.0,True,True,True,0.004649842462427944,4.605401958979201,1.0455082349667828,-82.0
v500_s9_p10,500,0.1,h2+3+4,4,1.3542591686661263,1.3471752724665542,103.52885758405318,120.1268638339825,True,True,364.0,260.0,True,True,True,-0.0070838961995720595,16.598006249929313,1.16032250946509,-104.0
v500_s9_p30,500,0.3,h2,0,,,12.925866209028754,5.030573667027056,True,True,677.0,440.0,False,False,False,,-7.895292542001698,0.38918658027832487,-237.0
v500_s9_p30,500,0.3,h2,1,,,13.415010208031163,5.282292541989591,True,True,677.0,440.0,False,False,False,,-8.132717666041572,0.3937598600429869,-237.0
v500_s9_p30,500,0.3,h2,2,,,12.730074791004881,5.292194375011604,True,True,677.0,440.0,False,False,False,,-7.437880415993277,0.41572374568852405,-237.0
v500_s9_p30,500,0.3,h2,3,,,12.965829416993074,5.236317124974448,True,True,677.0,440.0,False,False,False,,-7.729512292018626,0.40385516086704853,-237.0
v500_s9_p30,500,0.3,h2,4,,,12.698758249985985,5.088958583015483,True,True,677.0,440.0,False,False,False,,-7.609799666970503,0.40074458327617185,-237.0
v500_s9_p30,500,0.3,h3,0,1.7589225148058751,1.7273630598223528,50.22999041597359,24.387561124982312,True,True,349.0,322.0,True,True,True,-0.031559454983522306,-25.842429290991277,0.4855179330718496,-27.0
v500_s9_p30,500,0.3,h3,1,1.7305692430769557,1.7127946558310445,47.582954124954995,24.465778458979912,True,True,355.0,313.0,True,True,True,-0.01777458724591119,-23.117175665975083,0.5141710704789717,-42.0
v500_s9_p30,500,0.3,h3,2,1.669091246561989,1.7307666984586203,39.07587420899654,24.15910408302443,True,True,347.0,322.0,True,True,True,0.06167545189663137,-14.916770125972107,0.6182613843470255,-25.0
v500_s9_p30,500,0.3,h3,3,1.6725213336657114,1.6732605787903871,45.905133290973026,24.333587791013997,True,True,368.0,316.0,True,True,True,0.0007392451246757137,-21.57154549995903,0.5300842421428946,-52.0
v500_s9_p30,500,0.3,h3,4,1.6543973963379004,1.7109942824137276,39.37990066700149,23.3881842920091,True,True,331.0,323.0,True,True,True,0.056596886075827246,-15.991716374992393,0.5939117137389658,-8.0
v500_s9_p30,500,0.3,h4,0,,1.6459718326503188,40.055337459023576,25.276001624995843,True,True,406.0,234.0,False,True,False,,-14.779335834027734,0.6310270547802294,-172.0
v500_s9_p30,500,0.3,h4,1,,1.6926005946681748,41.527429207984824,20.83393220801372,True,True,440.0,254.0,False,True,False,,-20.693496999971103,0.5016908728847537,-186.0
v500_s9_p30,500,0.3,h4,2,,1.6425216957481632,39.16044312500162,21.09728033299325,True,True,456.0,261.0,False,True,False,,-18.06316279200837,0.538739571093461,-195.0
v500_s9_p30,500,0.3,h4,3,,,39.922891708032694,20.623899333004374,True,True,419.0,261.0,False,False,False,,-19.29899237502832,0.516593324046583,-158.0
v500_s9_p30,500,0.3,h4,4,,1.7188358341021632,35.57185287500033,17.381939666986,True,True,435.0,314.0,False,True,False,,-18.18991320801433,0.48864307766216797,-121.0
v500_s9_p30,500,0.3,h2+3,0,1.7191126598868829,1.7164679736609545,52.23293537501013,25.621585416025482,True,True,349.0,322.0,True,True,True,-0.0026446862259283943,-26.611349958984647,0.49052547462771257,-27.0
v500_s9_p30,500,0.3,h2+3,1,1.7122980524918727,1.7569442575624485,46.83770425000694,25.594642916054,True,True,355.0,313.0,True,True,True,0.04464620507057582,-21.243061333952937,0.5464538308589326,-42.0
v500_s9_p30,500,0.3,h2+3,2,1.6781637533944007,1.7541963460693937,40.98844750004355,25.458911292022094,True,True,347.0,322.0,True,True,True,0.07603259267499296,-15.529536208021455,0.6211240689707763,-25.0
v500_s9_p30,500,0.3,h2+3,3,1.7465094802963959,1.7019983497185782,47.254431375011336,25.668515084020328,True,True,368.0,316.0,True,True,True,-0.04451113057781764,-21.58591629099101,0.5431980522697416,-52.0
v500_s9_p30,500,0.3,h2+3,4,1.6611377944483754,1.773880968316207,39.62269416695926,24.365803250053432,True,True,331.0,323.0,True,True,True,0.1127431738678315,-15.256890916905832,0.6149456457297567,-8.0
v500_s9_p30,500,0.3,h2+3+4,0,,1.6431837571748573,45.01191837503575,27.898068416980095,True,True,408.0,237.0,False,True,False,,-17.113849958055653,0.6197929220553453,-171.0
v500_s9_p30,500,0.3,h2+3+4,1,,1.6823749239747428,46.423168166016694,23.43329158303095,True,True,442.0,236.0,False,True,False,,-22.989876582985744,0.5047757942592316,-206.0
v500_s9_p30,500,0.3,h2+3+4,2,,1.6865852993872998,43.81911400001263,27.121322541031986,True,True,458.0,235.0,False,True,False,,-16.697791458980646,0.6189381770937716,-223.0
v500_s9_p30,500,0.3,h2+3+4,3,,1.6531812294475816,44.05673095799284,23.119763708964456,True,True,421.0,234.0,False,True,False,,-20.936967249028385,0.5247725649687595,-187.0
v500_s9_p30,500,0.3,h2+3+4,4,,1.6555340086790138,37.09238079097122,22.599857082997914,True,True,437.0,224.0,False,True,False,,-14.492523707973305,0.6092856969833282,-213.0
v500_s9_p50,500,0.5,h2,0,,3.1164892494340135,5.054316624999046,0.9782563750050031,True,True,553.0,131.0,False,True,False,,-4.076060249994043,0.1935486926494613,-422.0
v500_s9_p50,500,0.5,h2,1,,,5.172527666029055,0.7011054590111598,True,True,553.0,131.0,False,False,False,,-4.471422207017895,0.1355440713475,-422.0
v500_s9_p50,500,0.5,h2,2,,2.988082236093452,5.155667707964312,0.9871986249927431,True,True,553.0,131.0,False,True,False,,-4.168469082971569,0.1914783265546284,-422.0
v500_s9_p50,500,0.5,h2,3,,2.667440621578803,5.40908595797373,1.022785874956753,True,True,553.0,131.0,False,True,False,,-4.386300083016977,0.18908663735488015,-422.0
v500_s9_p50,500,0.5,h2,4,,2.6232174903101924,5.065212166984566,0.9588327500387095,True,True,553.0,131.0,False,True,False,,-4.106379416945856,0.18929764804097518,-422.0
v500_s9_p50,500,0.5,h3,0,,2.481760207368234,5.61981016601203,1.1547259999788366,True,True,553.0,131.0,False,True,False,,-4.4650841660331935,0.20547420034977115,-422.0
v500_s9_p50,500,0.5,h3,1,,2.652453312859699,5.774658999987878,1.1455489589716308,True,True,553.0,131.0,False,True,False,,-4.629110041016247,0.1983751696808479,-422.0
v500_s9_p50,500,0.5,h3,2,,2.666071107933641,5.853042832983192,1.0993070420227014,True,True,553.0,131.0,False,True,False,,-4.753735790960491,0.1878180415540209,-422.0
v500_s9_p50,500,0.5,h3,3,,2.586895746803674,5.693918915989343,1.1972149169887416,True,True,553.0,131.0,False,True,False,,-4.4967039990006015,0.21026202421442813,-422.0
v500_s9_p50,500,0.5,h3,4,,2.694911012983134,5.530785457987804,1.1351228330167942,True,True,553.0,131.0,False,True,False,,-4.39566262497101,0.20523718405627175,-422.0
v500_s9_p50,500,0.5,h2+3,0,,2.5674174876415656,6.2318537079845555,1.259138207999058,True,True,553.0,131.0,False,True,False,,-4.9727154999854974,0.20204874295842162,-422.0
v500_s9_p50,500,0.5,h2+3,1,,2.517917518171736,6.146464375022333,1.227007708977908,True,True,553.0,131.0,False,True,False,,-4.919456666044425,0.19962821454951482,-422.0
v500_s9_p50,500,0.5,h2+3,2,,2.600556212768857,6.024316459021065,1.1818155830260366,True,True,553.0,131.0,False,True,False,,-4.842500875995029,0.19617422010696933,-422.0
v500_s9_p50,500,0.5,h2+3,3,,2.618821612849216,6.548070417018607,1.1582151660113595,True,True,553.0,131.0,False,True,False,,-5.389855251007248,0.17687885014204,-422.0
v500_s9_p50,500,0.5,h2+3,4,,2.4345076737158307,5.723745042050723,1.189127457968425,True,True,553.0,131.0,False,True,False,,-4.534617584082298,0.20775339384131275,-422.0
