run_id,graph_id,vertices,graph_seed,remove_ratio_target,remove_ratio_actual,n_vertices,n_edges,hop_key,hops,use_reduction,use_dnc,rep,run_seed,status,error_type,error_message,elapsed_sec,timeout_sec,started_at,hostname,python_version,git_sha,sampler,num_reads,contraction_sec,n_edges_contracted,n_super_edges,n_cycle_chains,n_subgraphs,partition_target_k,qubo_vars_total,qubo_vars_max,qubo_couplings_total,n_edges_solved,peak_rss_mb,apsp_sum,strong_connect_rate,flow_score,sample_score,strongly_connected,ok
v100_s0_p0__h2__nored__r0,v100_s0_p0,100,0,0.0,0.0,100,294,h2,2,False,True,0,151413802,ok,,,4.855009457969572,,2026-08-29T06:09:35+00:00,iyohwan-ui-Macmini.local,3.12.14,f88372a,dwave.samplers.SimulatedAnnealingSampler,100,0.0003191669820807874,294,0,0,49,43,161,21,365,294,175.859375,1.3734191919192114,1.0,128.0,,True,True
v100_s0_p0__h2__red__r0,v100_s0_p0,100,0,0.0,0.0,100,294,h2,2,True,True,0,151413802,ok,,,4.826942791987676,,2026-08-29T06:09:36+00:00,iyohwan-ui-Macmini.local,3.12.14,f88372a,dwave.samplers.SimulatedAnnealingSampler,100,0.00025825004559010267,294,0,0,49,43,161,21,365,294,180.375,1.3734191919192114,1.0,128.0,,True,True
v100_s0_p0__h3__nored__r0,v100_s0_p0,100,0,0.0,0.0,100,294,h3,3,False,True,0,151413802,ok,,,6.73602791596204,,2026-08-29T06:09:36+00:00,iyohwan-ui-Macmini.local,3.12.14,f88372a,dwave.samplers.SimulatedAnnealingSampler,100,0.0002792500308714807,294,0,0,49,43,161,21,507,294,183.46875,1.3846969696969826,1.0,84.0,,True,True
v100_s0_p0__h3__red__r0,v100_s0_p0,100,0,0.0,0.0,100,294,h3,3,True,True,0,151413802,ok,,,6.6925790419918485,,2026-08-29T06:09:35+00:00,iyohwan-ui-Macmini.local,3.12.14,f88372a,dwave.samplers.SimulatedAnnealingSampler,100,0.0002571250079199672,294,0,0,49,43,161,21,507,294,184.5625,1.3846969696969826,1.0,84.0,,True,True
v100_s0_p0__h4__nored__r0,v100_s0_p0,100,0,0.0,0.0,100,294,h4,4,False,True,0,151413802,ok,,,40.70192716602469,,2026-08-29T06:09:36+00:00,iyohwan-ui-Macmini.local,3.12.14,f88372a,dwave.samplers.SimulatedAnnealingSampler,100,0.0002019999665208161,294,0,0,81,86,149,18,361,294,484.84375,1.3742575757575917,1.0,112.0,,True,True
v100_s0_p0__h4__red__r0,v100_s0_p0,100,0,0.0,0.0,100,294,h4,4,True,True,0,151413802,ok,,,39.82474116701633,,2026-08-29T06:09:36+00:00,iyohwan-ui-Macmini.local,3.12.14,f88372a,dwave.samplers.SimulatedAnnealingSampler,100,0.00021683401428163052,294,0,0,81,86,149,18,361,294,487.953125,1.3742575757575917,1.0,112.0,,True,True
v100_s0_p0__h2+3__nored__r0,v100_s0_p0,100,0,0.0,0.0,100,294,h2+3,2+3,False,True,0,151413802,ok,,,7.332641541957855,,2026-08-29T06:09:36+00:00,iyohwan-ui-Macmini.local,3.12.14,f88372a,dwave.samplers.SimulatedAnnealingSampler,100,0.0002633330295793712,294,0,0,49,43,161,21,507,294,181.90625,1.39097306397308,1.0,88.0,,True,True
v100_s0_p0__h2+3__red__r0,v100_s0_p0,100,0,0.0,0.0,100,294,h2+3,2+3,True,True,0,151413802,ok,,,7.326139417011291,,2026-08-29T06:09:36+00:00,iyohwan-ui-Macmini.local,3.12.14,f88372a,dwave.samplers.SimulatedAnnealingSampler,100,0.00026933400658890605,294,0,0,49,43,161,21,507,294,186.03125,1.39097306397308,1.0,88.0,,True,True
v100_s0_p0__h2+3+4__nored__r0,v100_s0_p0,100,0,0.0,0.0,100,294,h2+3+4,2+3+4,False,True,0,151413802,ok,,,42.82128058298258,,2026-08-29T06:09:36+00:00,iyohwan-ui-Macmini.local,3.12.14,f88372a,dwave.samplers.SimulatedAnnealingSampler,100,0.0002590420190244913,294,0,0,81,86,149,18,359,294,480.609375,1.377462962962982,1.0,128.0,,True,True
v100_s0_p0__h2+3+4__red__r0,v100_s0_p0,100,0,0.0,0.0,100,294,h2+3+4,2+3+4,True,True,0,151413802,ok,,,42.81392154202331,,2026-08-29T06:09:36+00:00,iyohwan-ui-Macmini.local,3.12.14,f88372a,dwave.samplers.SimulatedAnnealingSampler,100,0.00024183298228308558,294,0,0,81,86,149,18,359,294,491.109375,1.377462962962982,1.0,128.0,,True,True
v100_s0_p10__h2__nored__r0,v100_s0_p10,100,0,0.1,0.09863945578231292,100,265,h2,2,False,True,0,2002666364,ok,,,3.438698749989271,,2026-08-29T06:09:41+00:00,iyohwan-ui-Macmini.local,3.12.14,f88372a,dwave.samplers.SimulatedAnnealingSampler,100,0.00027837499510496855,254,11,0,23,15,194,34,624,265,179.09375,1.3824360269360512,1.0,90.0,,True,True
v100_s0_p10__h2__red__r0,v100_s0_p10,100,0,0.1,0.09863945578231292,100,265,h2,2,True,True,0,2002666364,ok,,,3.342528000008315,,2026-08-29T06:09:41+00:00,iyohwan-ui-Macmini.local,3.12.14,f88372a,dwave.samplers.SimulatedAnnealingSampler,100,0.00027612497797235847,254,11,0,27,19,179,25,521,254,175.84375,1.382919191919201,1.0,94.0,,True,True
v100_s0_p10__h3__nored__r0,v100_s0_p10,100,0,0.1,0.09863945578231292,100,265,h3,3,False,True,0,2002666364,ok,,,5.163264958013315,,2026-08-29T06:09:43+00:00,iyohwan-ui-Macmini.local,3.12.14,f88372a,dwave.samplers.SimulatedAnnealingSampler,100,0.0002703749923966825,254,11,0,49,46,145,14,372,265,175.390625,1.3906111111111243,1.0,98.0,,True,True
v100_s0_p10__h3__red__r0,v100_s0_p10,100,0,0.1,0.09863945578231292,100,265,h3,3,True,True,0,2002666364,ok,,,5.116596832987852,,2026-08-29T06:09:43+00:00,iyohwan-ui-Macmini.local,3.12.14,f88372a,dwave.samplers.SimulatedAnnealingSampler,100,0.0002894580247811973,254,11,0,52,54,131,14,350,254,175.796875,1.4078131313131488,1.0,106.0,,True,True
v100_s0_p10__h4__nored__r0,v100_s0_p10,100,0,0.1,0.09863945578231292,100,265,h4,4,False,True,0,2002666364,ok,,,24.93956920801429,,2026-08-29T06:09:44+00:00,iyohwan-ui-Macmini.local,3.12.14,f88372a,dwave.samplers.SimulatedAnnealingSampler,100,0.00031337502878159285,254,11,0,64,73,163,20,496,265,390.359375,1.3983299663299866,1.0,86.0,,True,True
v100_s0_p10__h4__red__r0,v100_s0_p10,100,0,0.1,0.09863945578231292,100,265,h4,4,True,True,0,2002666364,ok,,,24.058407708012965,,2026-08-29T06:09:44+00:00,iyohwan-ui-Macmini.local,3.12.14,f88372a,dwave.samplers.SimulatedAnnealingSampler,100,0.00027758401120081544,254,11,0,82,89,91,19,205,254,392.9375,1.3843703703703896,1.0,134.0,,True,True
v100_s0_p10__h2+3__nored__r0,v100_s0_p10,100,0,0.1,0.09863945578231292,100,265,h2+3,2+3,False,True,0,2002666364,ok,,,5.544067542010453,,2026-08-29T06:09:45+00:00,iyohwan-ui-Macmini.local,3.12.14,f88372a,dwave.samplers.SimulatedAnnealingSampler,100,0.0003089999663643539,254,11,0,49,46,145,14,372,265,179.921875,1.3936111111111293,1.0,114.0,,True,True
v100_s0_p10__h2+3__red__r0,v100_s0_p10,100,0,0.1,0.09863945578231292,100,265,h2+3,2+3,True,True,0,2002666364,ok,,,5.542020249995403,,2026-08-29T06:09:45+00:00,iyohwan-ui-Macmini.local,3.12.14,f88372a,dwave.samplers.SimulatedAnnealingSampler,100,0.00028062501223757863,254,11,0,52,54,131,14,350,254,179.75,1.408414141414163,1.0,94.0,,True,True
v100_s0_p10__h2+3+4__nored__r0,v100_s0_p10,100,0,0.1,0.09863945578231292,100,265,h2+3+4,2+3+4,False,True,0,2002666364,ok,,,27.108744667028077,,2026-08-29T06:09:49+00:00,iyohwan-ui-Macmini.local,3.12.14,f88372a,dwave.samplers.SimulatedAnnealingSampler,100,0.000281583983451128,254,11,0,64,73,167,20,496,265,395.53125,1.416528619528639,1.0,106.0,,True,True
v100_s0_p10__h2+3+4__red__r0,v100_s0_p10,100,0,0.1,0.09863945578231292,100,265,h2+3+4,2+3+4,True,True,0,2002666364,ok,,,26.461164416978136,,2026-08-29T06:09:49+00:00,iyohwan-ui-Macmini.local,3.12.14,f88372a,dwave.samplers.SimulatedAnnealingSampler,100,0.00031450000824406743,254,11,0,82,89,98,19,204,254,396.015625,1.3958282828283095,1.0,98.0,,True,True
v100_s0_p30__h2__nored__r0,v100_s0_p30,100,0,0.3,0.29931972789115646,100,206,h2,2,False,True,0,822628483,ok,,,2.2599597909720615,,2026-08-29T06:09:52+00:00,iyohwan-ui-Macmini.local,3.12.14,f88372a,dwave.samplers.SimulatedAnnealingSampler,100,0.00040800002170726657,164,40,0,9,9,169,51,548,206,185.0625,1.3976697931698006,1.0,38.0,,True,True
v100_s0_p30__h2__red__r0,v100_s0_p30,100,0,0.3,0.29931972789115646,100,206,h2,2,True,True,0,822628483,ok,,,1.4498204169794917,,2026-08-29T06:09:52+00:00,iyohwan-ui-Macmini.local,3.12.14,f88372a,dwave.samplers.SimulatedAnnealingSampler,100,0.0007402499904856086,164,40,0,26,19,102,17,278,164,161.703125,1.4293929773929792,1.0,54.0,,True,True
v100_s0_p30__h3__nored__r0,v100_s0_p30,100,0,0.3,0.29931972789115646,100,206,h3,3,False,True,0,822628483,ok,,,2.7380012499634176,,2026-08-29T06:09:55+00:00,iyohwan-ui-Macmini.local,3.12.14,f88372a,dwave.samplers.SimulatedAnnealingSampler,100,0.00036466598976403475,164,40,0,28,27,119,15,336,206,170.265625,1.4400769600769656,1.0,70.0,,True,True
v100_s0_p30__h3__red__r0,v100_s0_p30,100,0,0.3,0.29931972789115646,100,206,h3,3,True,True,0,822628483,ok,,,2.2407295419834554,,2026-08-29T06:09:54+00:00,iyohwan-ui-Macmini.local,3.12.14,f88372a,dwave.samplers.SimulatedAnnealingSampler,100,0.0003992909914813936,164,40,0,38,45,78,11,153,164,164.90625,1.4656620971621037,1.0,62.0,,True,True
v100_s0_p30__h4__nored__r0,v100_s0_p30,100,0,0.3,0.29931972789115646,100,206,h4,4,False,True,0,822628483,ok,,,7.043672666011844,,2026-08-29T06:09:58+00:00,iyohwan-ui-Macmini.local,3.12.14,f88372a,dwave.samplers.SimulatedAnnealingSampler,100,0.0003625830286182463,164,40,0,36,46,182,36,641,206,214.515625,1.4584357864357989,1.0,58.0,,True,True
v100_s0_p30__h4__red__r0,v100_s0_p30,100,0,0.3,0.29931972789115646,100,206,h4,4,True,True,0,822628483,ok,,,5.877971624955535,,2026-08-29T06:09:57+00:00,iyohwan-ui-Macmini.local,3.12.14,f88372a,dwave.samplers.SimulatedAnnealingSampler,100,0.0003951659891754389,164,40,0,47,53,76,15,179,164,220.265625,1.4581556036556038,1.0,58.0,,True,True
v100_s0_p30__h2+3__nored__r0,v100_s0_p30,100,0,0.3,0.29931972789115646,100,206,h2+3,2+3,False,True,0,822628483,ok,,,3.0225923330290243,,2026-08-29T06:10:06+00:00,iyohwan-ui-Macmini.local,3.12.14,f88372a,dwave.samplers.SimulatedAnnealingSampler,100,0.0003632080042734742,164,40,0,28,27,119,15,336,206,175.421875,1.4396149591149676,1.0,58.0,,True,True
v100_s0_p30__h2+3__red__r0,v100_s0_p30,100,0,0.3,0.29931972789115646,100,206,h2+3,2+3,True,True,0,822628483,ok,,,2.5146149580250494,,2026-08-29T06:10:04+00:00,iyohwan-ui-Macmini.local,3.12.14,f88372a,dwave.samplers.SimulatedAnnealingSampler,100,0.0003755419747903943,164,40,0,38,45,81,11,153,164,166.359375,1.457699134199135,1.0,66.0,,True,True
v100_s0_p30__h2+3+4__nored__r0,v100_s0_p30,100,0,0.3,0.29931972789115646,100,206,h2+3+4,2+3+4,False,True,0,822628483,ok,,,7.3144658749806695,,2026-08-29T06:10:08+00:00,iyohwan-ui-Macmini.local,3.12.14,f88372a,dwave.samplers.SimulatedAnnealingSampler,100,0.00037495902506634593,164,40,0,36,46,184,36,644,206,218.140625,1.4565050505050645,1.0,78.0,,True,True
v100_s0_p30__h2+3+4__red__r0,v100_s0_p30,100,0,0.3,0.29931972789115646,100,206,h2+3+4,2+3+4,True,True,0,822628483,ok,,,6.573692832957022,,2026-08-29T06:10:07+00:00,iyohwan-ui-Macmini.local,3.12.14,f88372a,dwave.samplers.SimulatedAnnealingSampler,100,0.00037595798494294286,164,40,0,47,53,81,15,186,164,219.546875,1.4574627224627235,1.0,58.0,,True,True
v100_s0_p50__h2__nored__r0,v100_s0_p50,100,0,0.5,0.5,100,147,h2,2,False,True,0,1450776837,ok,,,1.4905608330154791,,2026-08-29T06:10:10+00:00,iyohwan-ui-Macmini.local,3.12.14,f88372a,dwave.samplers.SimulatedAnnealingSampler,100,0.0003581669880077243,85,46,0,4,7,114,59,247,147,183.265625,1.811931727083254,1.0,30.0,,True,True
v100_s0_p50__h2__red__r0,v100_s0_p50,100,0,0.5,0.5,100,147,h2,2,True,True,0,1450776837,ok,,,0.6307744579971768,,2026-08-29T06:10:09+00:00,iyohwan-ui-Macmini.local,3.12.14,f88372a,dwave.samplers.SimulatedAnnealingSampler,100,0.00038908299757167697,85,46,0,3,3,66,41,210,85,164.484375,1.9805043836634855,1.0,26.0,,True,True
v100_s0_p50__h3__nored__r0,v100_s0_p50,100,0,0.5,0.5,100,147,h3,3,False,True,0,1450776837,ok,,,1.5337192920269445,,2026-08-29T06:10:12+00:00,iyohwan-ui-Macmini.local,3.12.14,f88372a,dwave.samplers.SimulatedAnnealingSampler,100,0.00035195803502574563,85,46,0,11,13,79,22,244,147,174.546875,1.9781534901686417,1.0,38.0,,True,True
v100_s0_p50__h3__red__r0,v100_s0_p50,100,0,0.5,0.5,100,147,h3,3,True,True,0,1450776837,ok,,,0.738982415990904,,2026-08-29T06:10:11+00:00,iyohwan-ui-Macmini.local,3.12.14,f88372a,dwave.samplers.SimulatedAnnealingSampler,100,0.00036462501157075167,85,46,0,14,17,46,12,170,85,161.515625,1.8462939751045875,1.0,34.0,,True,True
v100_s0_p50__h4__nored__r0,v100_s0_p50,100,0,0.5,0.5,100,147,h4,4,False,True,0,1450776837,ok,,,1.9731457910384052,,2026-08-29T06:10:14+00:00,iyohwan-ui-Macmini.local,3.12.14,f88372a,dwave.samplers.SimulatedAnnealingSampler,100,0.0003444590256549418,85,46,0,16,31,90,19,291,147,174.953125,1.884278637748348,1.0,30.0,,True,True
v100_s0_p50__h4__red__r0,v100_s0_p50,100,0,0.5,0.5,100,147,h4,4,True,True,0,1450776837,ok,,,1.1759890000103042,,2026-08-29T06:10:12+00:00,iyohwan-ui-Macmini.local,3.12.14,f88372a,dwave.samplers.SimulatedAnnealingSampler,100,0.00037174997851252556,85,46,0,22,26,38,19,91,85,164.703125,1.8161620971621026,1.0,34.0,,True,True
v100_s0_p50__h2+3__nored__r0,v100_s0_p50,100,0,0.5,0.5,100,147,h2+3,2+3,False,True,0,1450776837,ok,,,1.7122154160169885,,2026-08-29T06:10:14+00:00,iyohwan-ui-Macmini.local,3.12.14,f88372a,dwave.samplers.SimulatedAnnealingSampler,100,0.00034854200202971697,85,46,0,11,13,79,22,244,147,173.328125,1.9559495568965282,1.0,38.0,,True,True
v100_s0_p50__h2+3__red__r0,v100_s0_p50,100,0,0.5,0.5,100,147,h2+3,2+3,True,True,0,1450776837,ok,,,0.8235641670180485,,2026-08-29T06:10:14+00:00,iyohwan-ui-Macmini.local,3.12.14,f88372a,dwave.samplers.SimulatedAnnealingSampler,100,0.0003274170449003577,85,46,0,14,17,46,12,170,85,161.65625,1.845687754165033,1.0,42.0,,True,True
v100_s0_p50__h2+3+4__nored__r0,v100_s0_p50,100,0,0.5,0.5,100,147,h2+3+4,2+3+4,False,True,0,1450776837,ok,,,2.489893165999092,,2026-08-29T06:10:16+00:00,iyohwan-ui-Macmini.local,3.12.14,f88372a,dwave.samplers.SimulatedAnnealingSampler,100,0.00039291696157306433,85,46,0,16,31,90,19,293,147,175.890625,1.8841712106636437,1.0,38.0,,True,True
v100_s0_p50__h2+3+4__red__r0,v100_s0_p50,100,0,0.5,0.5,100,147,h2+3+4,2+3+4,True,True,0,1450776837,ok,,,1.5217147080111317,,2026-08-29T06:10:16+00:00,iyohwan-ui-Macmini.local,3.12.14,f88372a,dwave.samplers.SimulatedAnnealingSampler,100,0.0003415000392124057,85,46,0,22,26,41,19,91,85,159.484375,1.8110469704257661,1.0,34.0,,True,True
v100_s1_p0__h2__nored__r0,v100_s1_p0,100,1,0.0,0.0,100,294,h2,2,False,True,0,1849447674,ok,,,4.907236542028841,,2026-08-29T06:10:16+00:00,iyohwan-ui-Macmini.local,3.12.14,f88372a,dwave.samplers.SimulatedAnnealingSampler,100,0.00019037496531382203,294,0,0,40,38,185,17,429,294,178.984375,1.3562828282828496,1.0,104.0,,True,True
v100_s1_p0__h2__red__r0,v100_s1_p0,100,1,0.0,0.0,100,294,h2,2,True,True,0,1849447674,ok,,,4.9884359579882585,,2026-08-29T06:10:16+00:00,iyohwan-ui-Macmini.local,3.12.14,f88372a,dwave.samplers.SimulatedAnnealingSampler,100,0.00021408300381153822,294,0,0,40,38,185,17,429,294,180.1875,1.3562828282828496,1.0,104.0,,True,True
v100_s1_p0__h3__nored__r0,v100_s1_p0,100,1,0.0,0.0,100,294,h3,3,False,True,0,1849447674,ok,,,6.898707833955996,,2026-08-29T06:10:17+00:00,iyohwan-ui-Macmini.local,3.12.14,f88372a,dwave.samplers.SimulatedAnnealingSampler,100,0.0002300000051036477,294,0,0,65,67,136,10,264,294,177.0625,1.3877239057239161,1.0,124.0,,True,True
v100_s1_p0__h3__red__r0,v100_s1_p0,100,1,0.0,0.0,100,294,h3,3,True,True,0,1849447674,ok,,,7.097437874996103,,2026-08-29T06:10:17+00:00,iyohwan-ui-Macmini.local,3.12.14,f88372a,dwave.samplers.SimulatedAnnealingSampler,100,0.000210291997063905,294,0,0,65,67,136,10,264,294,180.453125,1.3877239057239161,1.0,124.0,,True,True
v100_s1_p0__h4__nored__r0,v100_s1_p0,100,1,0.0,0.0,100,294,h4,4,False,True,0,1849447674,ok,,,39.758826125005726,,2026-08-29T06:10:17+00:00,iyohwan-ui-Macmini.local,3.12.14,f88372a,dwave.samplers.SimulatedAnnealingSampler,100,0.00019358296412974596,294,0,0,87,102,145,16,367,294,477.15625,1.3704107744107856,1.0,136.0,,True,True
v100_s1_p0__h4__red__r0,v100_s1_p0,100,1,0.0,0.0,100,294,h4,4,True,True,0,1849447674,ok,,,39.71271979098674,,2026-08-29T06:10:17+00:00,iyohwan-ui-Macmini.local,3.12.14,f88372a,dwave.samplers.SimulatedAnnealingSampler,100,0.00019624998094514012,294,0,0,87,102,145,16,367,294,467.0625,1.3704107744107856,1.0,136.0,,True,True
v100_s1_p0__h2+3__nored__r0,v100_s1_p0,100,1,0.0,0.0,100,294,h2+3,2+3,False,True,0,1849447674,ok,,,7.383565208991058,,2026-08-29T06:10:19+00:00,iyohwan-ui-Macmini.local,3.12.14,f88372a,dwave.samplers.SimulatedAnnealingSampler,100,0.00020691700046882033,294,0,0,65,67,136,10,264,294,181.828125,1.385220538720552,1.0,176.0,,True,True
v100_s1_p0__h2+3__red__r0,v100_s1_p0,100,1,0.0,0.0,100,294,h2+3,2+3,True,True,0,1849447674,ok,,,7.462278084014542,,2026-08-29T06:10:18+00:00,iyohwan-ui-Macmini.local,3.12.14,f88372a,dwave.samplers.SimulatedAnnealingSampler,100,0.00019945797976106405,294,0,0,65,67,136,10,264,294,178.59375,1.385220538720552,1.0,176.0,,True,True
v100_s1_p0__h2+3+4__nored__r0,v100_s1_p0,100,1,0.0,0.0,100,294,h2+3+4,2+3+4,False,True,0,1849447674,ok,,,42.87264162499923,,2026-08-29T06:10:19+00:00,iyohwan-ui-Macmini.local,3.12.14,f88372a,dwave.samplers.SimulatedAnnealingSampler,100,0.00021887500770390034,294,0,0,87,102,145,16,365,294,461.890625,1.3758451178451325,1.0,144.0,,True,True
v100_s1_p0__h2+3+4__red__r0,v100_s1_p0,100,1,0.0,0.0,100,294,h2+3+4,2+3+4,True,True,0,1849447674,ok,,,42.36161887500202,,2026-08-29T06:10:19+00:00,iyohwan-ui-Macmini.local,3.12.14,f88372a,dwave.samplers.SimulatedAnnealingSampler,100,0.00021429097978398204,294,0,0,87,102,145,16,365,294,469.96875,1.3758451178451325,1.0,144.0,,True,True
v100_s1_p10__h2__nored__r0,v100_s1_p10,100,1,0.1,0.09863945578231292,100,265,h2,2,False,True,0,1870773349,ok,,,3.5521312080090865,,2026-08-29T06:10:22+00:00,iyohwan-ui-Macmini.local,3.12.14,f88372a,dwave.samplers.SimulatedAnnealingSampler,100,0.000278000021353364,253,12,0,20,15,209,32,681,265,176.3125,1.3631245791246003,1.0,86.0,,True,True
v100_s1_p10__h2__red__r0,v100_s1_p10,100,1,0.1,0.09863945578231292,100,265,h2,2,True,True,0,1870773349,ok,,,3.3215285419719294,,2026-08-29T06:10:22+00:00,iyohwan-ui-Macmini.local,3.12.14,f88372a,dwave.samplers.SimulatedAnnealingSampler,100,0.00027204101206734776,253,12,0,28,25,167,19,472,253,167.84375,1.390609427609444,1.0,114.0,,True,True
v100_s1_p10__h3__nored__r0,v100_s1_p10,100,1,0.1,0.09863945578231292,100,265,h3,3,False,True,0,1870773349,ok,,,5.2464744170429185,,2026-08-29T06:10:25+00:00,iyohwan-ui-Macmini.local,3.12.14,f88372a,dwave.samplers.SimulatedAnnealingSampler,100,0.0002919160178862512,253,12,0,52,57,140,13,309,265,180.90625,1.3783299663299795,1.0,86.0,,True,True
v100_s1_p10__h3__red__r0,v100_s1_p10,100,1,0.1,0.09863945578231292,100,265,h3,3,True,True,0,1870773349,ok,,,5.286231332982425,,2026-08-29T06:10:24+00:00,iyohwan-ui-Macmini.local,3.12.14,f88372a,dwave.samplers.SimulatedAnnealingSampler,100,0.000294625002425164,253,12,0,55,61,120,14,296,253,172.703125,1.3969107744107914,1.0,102.0,,True,True
v100_s1_p10__h4__nored__r0,v100_s1_p10,100,1,0.1,0.09863945578231292,100,265,h4,4,False,True,0,1870773349,ok,,,26.354519625019748,,2026-08-29T06:10:26+00:00,iyohwan-ui-Macmini.local,3.12.14,f88372a,dwave.samplers.SimulatedAnnealingSampler,100,0.00027837499510496855,253,12,0,74,75,135,13,313,265,403.328125,1.376942760942772,1.0,142.0,,True,True
v100_s1_p10__h4__red__r0,v100_s1_p10,100,1,0.1,0.09863945578231292,100,265,h4,4,True,True,0,1870773349,ok,,,26.819822999997996,,2026-08-29T06:10:26+00:00,iyohwan-ui-Macmini.local,3.12.14,f88372a,dwave.samplers.SimulatedAnnealingSampler,100,0.0002775830216705799,253,12,0,88,97,78,12,162,253,403.703125,1.373052188552211,1.0,138.0,,True,True
v100_s1_p10__h2+3__nored__r0,v100_s1_p10,100,1,0.1,0.09863945578231292,100,265,h2+3,2+3,False,True,0,1870773349,ok,,,5.656166667002253,,2026-08-29T06:10:27+00:00,iyohwan-ui-Macmini.local,3.12.14,f88372a,dwave.samplers.SimulatedAnnealingSampler,100,0.00027291703736409545,253,12,0,52,57,140,13,309,265,179.15625,1.38826767676769,1.0,102.0,,True,True
v100_s1_p10__h2+3__red__r0,v100_s1_p10,100,1,0.1,0.09863945578231292,100,265,h2+3,2+3,True,True,0,1870773349,ok,,,5.561094875039998,,2026-08-29T06:10:26+00:00,iyohwan-ui-Macmini.local,3.12.14,f88372a,dwave.samplers.SimulatedAnnealingSampler,100,0.00027983303880319,253,12,0,55,61,121,14,296,253,173.59375,1.3932508417508584,1.0,102.0,,True,True
v100_s1_p10__h2+3+4__nored__r0,v100_s1_p10,100,1,0.1,0.09863945578231292,100,265,h2+3+4,2+3+4,False,True,0,1870773349,ok,,,28.956369958992582,,2026-08-29T06:10:31+00:00,iyohwan-ui-Macmini.local,3.12.14,f88372a,dwave.samplers.SimulatedAnnealingSampler,100,0.0005204579792916775,253,12,0,74,75,138,13,315,265,405.234375,1.3890892255892353,1.0,146.0,,True,True
v100_s1_p10__h2+3+4__red__r0,v100_s1_p10,100,1,0.1,0.09863945578231292,100,265,h2+3+4,2+3+4,True,True,0,1870773349,ok,,,28.904810333042406,,2026-08-29T06:10:30+00:00,iyohwan-ui-Macmini.local,3.12.14,f88372a,dwave.samplers.SimulatedAnnealingSampler,100,0.0003178329789079726,253,12,0,88,97,87,12,161,253,405.59375,1.398208754208766,1.0,114.0,,True,True
v100_s1_p30__h2__nored__r0,v100_s1_p30,100,1,0.3,0.29931972789115646,100,206,h2,2,False,True,0,505601101,ok,,,2.190079207997769,,2026-08-29T06:10:34+00:00,iyohwan-ui-Macmini.local,3.12.14,f88372a,dwave.samplers.SimulatedAnnealingSampler,100,0.00039733300218358636,169,32,0,11,7,169,32,489,206,173.5625,1.4451560846560945,1.0,40.0,,True,True
v100_s1_p30__h2__red__r0,v100_s1_p30,100,1,0.3,0.29931972789115646,100,206,h2,2,True,True,0,505601101,ok,,,1.6702829170390032,,2026-08-29T06:10:33+00:00,iyohwan-ui-Macmini.local,3.12.14,f88372a,dwave.samplers.SimulatedAnnealingSampler,100,0.00035729201044887304,169,32,0,12,6,136,39,439,169,164.984375,1.4635404040404125,1.0,52.0,,True,True
v100_s1_p30__h3__nored__r0,v100_s1_p30,100,1,0.3,0.29931972789115646,100,206,h3,3,False,True,0,505601101,ok,,,2.8362710409564897,,2026-08-29T06:10:37+00:00,iyohwan-ui-Macmini.local,3.12.14,f88372a,dwave.samplers.SimulatedAnnealingSampler,100,0.0004049590206705034,169,32,0,18,16,147,17,559,206,174.5,1.4359420394420512,1.0,36.0,,True,True
v100_s1_p30__h3__red__r0,v100_s1_p30,100,1,0.3,0.29931972789115646,100,206,h3,3,True,True,0,505601101,ok,,,2.225562000006903,,2026-08-29T06:10:35+00:00,iyohwan-ui-Macmini.local,3.12.14,f88372a,dwave.samplers.SimulatedAnnealingSampler,100,0.00047308299690485,169,32,0,29,25,92,12,248,169,168.828125,1.5027008177008285,1.0,68.0,,True,True
v100_s1_p30__h4__nored__r0,v100_s1_p30,100,1,0.3,0.29931972789115646,100,206,h4,4,False,True,0,505601101,ok,,,8.225416250003036,,2026-08-29T06:10:40+00:00,iyohwan-ui-Macmini.local,3.12.14,f88372a,dwave.samplers.SimulatedAnnealingSampler,100,0.00038179103285074234,169,32,0,51,59,83,9,123,206,224.375,1.4959297739297834,1.0,68.0,,True,True
v100_s1_p30__h4__red__r0,v100_s1_p30,100,1,0.3,0.29931972789115646,100,206,h4,4,True,True,0,505601101,ok,,,7.021412375033833,,2026-08-29T06:10:38+00:00,iyohwan-ui-Macmini.local,3.12.14,f88372a,dwave.samplers.SimulatedAnnealingSampler,100,0.0003667909768410027,169,32,0,47,53,67,10,124,169,225.8125,1.4818513708513787,1.0,68.0,,True,True
v100_s1_p30__h2+3__nored__r0,v100_s1_p30,100,1,0.3,0.29931972789115646,100,206,h2+3,2+3,False,True,0,505601101,ok,,,3.148385666019749,,2026-08-29T06:10:49+00:00,iyohwan-ui-Macmini.local,3.12.14,f88372a,dwave.samplers.SimulatedAnnealingSampler,100,0.00036337500205263495,169,32,0,18,16,147,17,559,206,174.671875,1.4461221741221824,1.0,48.0,,True,True
v100_s1_p30__h2+3__red__r0,v100_s1_p30,100,1,0.3,0.29931972789115646,100,206,h2+3,2+3,True,True,0,505601101,ok,,,2.3782383339712396,,2026-08-29T06:10:46+00:00,iyohwan-ui-Macmini.local,3.12.14,f88372a,dwave.samplers.SimulatedAnnealingSampler,100,0.0003487920039333403,169,32,0,29,25,95,12,248,169,166.984375,1.5102570947571041,1.0,64.0,,True,True
v100_s1_p30__h2+3+4__nored__r0,v100_s1_p30,100,1,0.3,0.29931972789115646,100,206,h2+3+4,2+3+4,False,True,0,505601101,ok,,,8.538592333032284,,2026-08-29T06:10:53+00:00,iyohwan-ui-Macmini.local,3.12.14,f88372a,dwave.samplers.SimulatedAnnealingSampler,100,0.00037575000897049904,169,32,0,51,59,83,9,125,206,227.734375,1.4959297739297834,1.0,68.0,,True,True
v100_s1_p30__h2+3+4__red__r0,v100_s1_p30,100,1,0.3,0.29931972789115646,100,206,h2+3+4,2+3+4,True,True,0,505601101,ok,,,7.706474667007569,,2026-08-29T06:10:49+00:00,iyohwan-ui-Macmini.local,3.12.14,f88372a,dwave.samplers.SimulatedAnnealingSampler,100,0.00035879097413271666,169,32,0,47,53,71,10,124,169,224.53125,1.4960889850889927,1.0,60.0,,True,True
v100_s1_p50__h2__nored__r0,v100_s1_p50,100,1,0.5,0.5,100,147,h2,2,False,True,0,1355844551,ok,,,1.6673887920333073,,2026-08-29T06:10:53+00:00,iyohwan-ui-Macmini.local,3.12.14,f88372a,dwave.samplers.SimulatedAnnealingSampler,100,0.00030741700902581215,84,40,0,3,3,115,88,258,147,196.1875,1.622086842450483,1.0,28.0,,True,True
v100_s1_p50__h2__red__r0,v100_s1_p50,100,1,0.5,0.5,100,147,h2,2,True,True,0,1355844551,ok,,,0.6564941669930704,,2026-08-29T06:10:53+00:00,iyohwan-ui-Macmini.local,3.12.14,f88372a,dwave.samplers.SimulatedAnnealingSampler,100,0.00033666699891909957,84,40,0,6,5,55,24,116,84,163.453125,1.997518886556777,1.0,36.0,,True,True
v100_s1_p50__h3__nored__r0,v100_s1_p50,100,1,0.5,0.5,100,147,h3,3,False,True,0,1355844551,ok,,,1.648689416993875,,2026-08-29T06:10:56+00:00,iyohwan-ui-Macmini.local,3.12.14,f88372a,dwave.samplers.SimulatedAnnealingSampler,100,0.00032316602300852537,84,40,0,6,4,103,35,371,147,179.921875,1.638863002317545,1.0,32.0,,True,True
v100_s1_p50__h3__red__r0,v100_s1_p50,100,1,0.5,0.5,100,147,h3,3,True,True,0,1355844551,ok,,,0.7779879170120694,,2026-08-29T06:10:55+00:00,iyohwan-ui-Macmini.local,3.12.14,f88372a,dwave.samplers.SimulatedAnnealingSampler,100,0.0003030410152859986,84,40,0,6,7,52,15,151,84,162.453125,1.7789056255192588,1.0,28.0,,True,True
v100_s1_p50__h4__nored__r0,v100_s1_p50,100,1,0.5,0.5,100,147,h4,4,False,True,0,1355844551,ok,,,2.107636958011426,,2026-08-29T06:10:57+00:00,iyohwan-ui-Macmini.local,3.12.14,f88372a,dwave.samplers.SimulatedAnnealingSampler,100,0.0003085000207647681,84,40,0,19,31,110,31,388,147,176.828125,1.6298189178946683,1.0,36.0,,True,True
v100_s1_p50__h4__red__r0,v100_s1_p50,100,1,0.5,0.5,100,147,h4,4,True,True,0,1355844551,ok,,,1.2675184169784188,,2026-08-29T06:10:56+00:00,iyohwan-ui-Macmini.local,3.12.14,f88372a,dwave.samplers.SimulatedAnnealingSampler,100,0.0003031669766642153,84,40,0,17,25,50,24,168,84,166.203125,1.766712339848703,1.0,28.0,,True,True
v100_s1_p50__h2+3__nored__r0,v100_s1_p50,100,1,0.5,0.5,100,147,h2+3,2+3,False,True,0,1355844551,ok,,,1.8260304579744115,,2026-08-29T06:10:58+00:00,iyohwan-ui-Macmini.local,3.12.14,f88372a,dwave.samplers.SimulatedAnnealingSampler,100,0.0003024580073542893,84,40,0,6,4,103,35,371,147,183.546875,1.6332957497048377,1.0,36.0,,True,True
v100_s1_p50__h2+3__red__r0,v100_s1_p50,100,1,0.5,0.5,100,147,h2+3,2+3,True,True,0,1355844551,ok,,,0.9135148749919608,,2026-08-29T06:10:57+00:00,iyohwan-ui-Macmini.local,3.12.14,f88372a,dwave.samplers.SimulatedAnnealingSampler,100,0.00033029098995029926,84,40,0,6,7,52,15,151,84,157.5,1.770840992901595,1.0,36.0,,True,True
v100_s1_p50__h2+3+4__nored__r0,v100_s1_p50,100,1,0.5,0.5,100,147,h2+3+4,2+3+4,False,True,0,1355844551,ok,,,2.648434750037268,,2026-08-29T06:10:58+00:00,iyohwan-ui-Macmini.local,3.12.14,f88372a,dwave.samplers.SimulatedAnnealingSampler,100,0.00030874996446073055,84,40,0,19,31,110,31,388,147,179.515625,1.6311397852988672,1.0,36.0,,True,True
v100_s1_p50__h2+3+4__red__r0,v100_s1_p50,100,1,0.5,0.5,100,147,h2+3+4,2+3+4,True,True,0,1355844551,ok,,,1.5549162499955855,,2026-08-29T06:10:58+00:00,iyohwan-ui-Macmini.local,3.12.14,f88372a,dwave.samplers.SimulatedAnnealingSampler,100,0.00031004101037979126,84,40,0,17,25,51,24,172,84,169.328125,1.784471183698453,1.0,36.0,,True,True
v200_s0_p0__h2__nored__r0,v200_s0_p0,200,0,0.0,0.0,200,594,h2,2,False,True,0,331455054,ok,,,22.515943499980494,,2026-08-29T06:11:00+00:00,iyohwan-ui-Macmini.local,3.12.14,f88372a,dwave.samplers.SimulatedAnnealingSampler,100,0.0003458749852143228,594,0,0,69,47,405,27,1199,594,228.515625,1.3434660804020178,1.0,228.0,,True,True
v200_s0_p0__h2__red__r0,v200_s0_p0,200,0,0.0,0.0,200,594,h2,2,True,True,0,331455054,ok,,,22.371178000001237,,2026-08-29T06:10:59+00:00,iyohwan-ui-Macmini.local,3.12.14,f88372a,dwave.samplers.SimulatedAnnealingSampler,100,0.00035087496507912874,594,0,0,69,47,405,27,1199,594,236.75,1.3434660804020178,1.0,228.0,,True,True
v200_s0_p0__h3__nored__r0,v200_s0_p0,200,0,0.0,0.0,200,594,h3,3,False,True,0,331455054,ok,,,38.44154600001639,,2026-08-29T06:11:00+00:00,iyohwan-ui-Macmini.local,3.12.14,f88372a,dwave.samplers.SimulatedAnnealingSampler,100,0.00031229096930474043,594,0,0,107,113,333,15,900,594,270.90625,1.356126884422109,1.0,256.0,,True,True
v200_s0_p0__h3__red__r0,v200_s0_p0,200,0,0.0,0.0,200,594,h3,3,True,True,0,331455054,ok,,,38.66745429101866,,2026-08-29T06:11:00+00:00,iyohwan-ui-Macmini.local,3.12.14,f88372a,dwave.samplers.SimulatedAnnealingSampler,100,0.0003357910318300128,594,0,0,107,113,333,15,900,594,272.59375,1.356126884422109,1.0,256.0,,True,True
v200_s0_p0__h4__nored__r0,v200_s0_p0,200,0,0.0,0.0,200,594,h4,4,False,True,0,331455054,ok,,,225.80486679199385,,2026-08-29T06:11:00+00:00,iyohwan-ui-Macmini.local,3.12.14,f88372a,dwave.samplers.SimulatedAnnealingSampler,100,0.00033283402444794774,594,0,0,163,186,292,18,679,594,1188.984375,1.3796000837521,1.0,328.0,,True,True
v200_s0_p0__h4__red__r0,v200_s0_p0,200,0,0.0,0.0,200,594,h4,4,True,True,0,331455054,ok,,,227.92112308304058,,2026-08-29T06:11:00+00:00,iyohwan-ui-Macmini.local,3.12.14,f88372a,dwave.samplers.SimulatedAnnealingSampler,100,0.0003524170024320483,594,0,0,163,186,292,18,679,594,1187.234375,1.3796000837521,1.0,328.0,,True,True
v200_s0_p0__h2+3__nored__r0,v200_s0_p0,200,0,0.0,0.0,200,594,h2+3,2+3,False,True,0,331455054,ok,,,39.65351491601905,,2026-08-29T06:11:02+00:00,iyohwan-ui-Macmini.local,3.12.14,f88372a,dwave.samplers.SimulatedAnnealingSampler,100,0.0003845419851131737,594,0,0,107,113,333,15,900,594,272.4375,1.368820770519253,1.0,276.0,,True,True
v200_s0_p0__h2+3__red__r0,v200_s0_p0,200,0,0.0,0.0,200,594,h2+3,2+3,True,True,0,331455054,ok,,,39.56504087499343,,2026-08-29T06:11:02+00:00,iyohwan-ui-Macmini.local,3.12.14,f88372a,dwave.samplers.SimulatedAnnealingSampler,100,0.00032779102912172675,594,0,0,107,113,333,15,900,594,266.609375,1.368820770519253,1.0,276.0,,True,True
v200_s0_p0__h2+3+4__nored__r0,v200_s0_p0,200,0,0.0,0.0,200,594,h2+3+4,2+3+4,False,True,0,331455054,ok,,,239.32032329199137,,2026-08-29T06:11:03+00:00,iyohwan-ui-Macmini.local,3.12.14,f88372a,dwave.samplers.SimulatedAnnealingSampler,100,0.00034791603684425354,594,0,0,163,186,292,18,683,594,1200.90625,1.395776381909556,1.0,384.0,,True,True
v200_s0_p0__h2+3+4__red__r0,v200_s0_p0,200,0,0.0,0.0,200,594,h2+3+4,2+3+4,True,True,0,331455054,ok,,,239.50402095797472,,2026-08-29T06:11:02+00:00,iyohwan-ui-Macmini.local,3.12.14,f88372a,dwave.samplers.SimulatedAnnealingSampler,100,0.0003346250159665942,594,0,0,163,186,292,18,683,594,1203.265625,1.395776381909556,1.0,384.0,,True,True
v200_s0_p10__h2__nored__r0,v200_s0_p10,200,0,0.1,0.09932659932659933,200,535,h2,2,False,True,0,1640257663,ok,,,16.824597499973606,,2026-08-29T06:11:23+00:00,iyohwan-ui-Macmini.local,3.12.14,f88372a,dwave.samplers.SimulatedAnnealingSampler,100,0.00042683305218815804,508,26,0,61,53,361,27,1024,535,264.0625,1.3602601698970815,1.0,198.0,,True,True
v200_s0_p10__h2__red__r0,v200_s0_p10,200,0,0.1,0.09932659932659933,200,535,h2,2,True,True,0,1640257663,ok,,,18.324896415986586,,2026-08-29T06:11:22+00:00,iyohwan-ui-Macmini.local,3.12.14,f88372a,dwave.samplers.SimulatedAnnealingSampler,100,0.0005317910108715296,508,26,0,71,67,315,20,773,508,206.28125,1.3648284876764567,1.0,206.0,,True,True
v200_s0_p10__h3__nored__r0,v200_s0_p10,200,0,0.1,0.09932659932659933,200,535,h3,3,False,True,0,1640257663,ok,,,28.80516724998597,,2026-08-29T06:11:40+00:00,iyohwan-ui-Macmini.local,3.12.14,f88372a,dwave.samplers.SimulatedAnnealingSampler,100,0.00047816598089411855,508,26,0,94,105,292,16,702,535,259.3125,1.386758494855178,1.0,230.0,,True,True
v200_s0_p10__h3__red__r0,v200_s0_p10,200,0,0.1,0.09932659932659933,200,535,h3,3,True,True,0,1640257663,ok,,,25.538284874986857,,2026-08-29T06:11:40+00:00,iyohwan-ui-Macmini.local,3.12.14,f88372a,dwave.samplers.SimulatedAnnealingSampler,100,0.0005875419592484832,508,26,0,103,100,260,13,631,508,205.53125,1.3699016511126982,1.0,198.0,,True,True
v200_s0_p10__h4__nored__r0,v200_s0_p10,200,0,0.1,0.09932659932659933,200,535,h4,4,False,True,0,1640257663,ok,,,156.37329408398364,,2026-08-29T06:11:41+00:00,iyohwan-ui-Macmini.local,3.12.14,f88372a,dwave.samplers.SimulatedAnnealingSampler,100,0.000417750037740916,508,26,0,154,179,246,23,587,535,848.109375,1.3888551687006345,1.0,238.0,,True,True
v200_s0_p10__h4__red__r0,v200_s0_p10,200,0,0.1,0.09932659932659933,200,535,h4,4,True,True,0,1640257663,ok,,,148.73861608299194,,2026-08-29T06:11:41+00:00,iyohwan-ui-Macmini.local,3.12.14,f88372a,dwave.samplers.SimulatedAnnealingSampler,100,0.0004770830273628235,508,26,0,169,199,215,32,552,508,848.8125,1.3869614740368676,1.0,214.0,,True,True
v200_s0_p10__h2+3__nored__r0,v200_s0_p10,200,0,0.1,0.09932659932659933,200,535,h2+3,2+3,False,True,0,1640257663,ok,,,29.13061391597148,,2026-08-29T06:11:43+00:00,iyohwan-ui-Macmini.local,3.12.14,f88372a,dwave.samplers.SimulatedAnnealingSampler,100,0.00048704096116125584,508,26,0,94,105,292,16,702,535,259.015625,1.385072206269399,1.0,246.0,,True,True
v200_s0_p10__h2+3__red__r0,v200_s0_p10,200,0,0.1,0.09932659932659933,200,535,h2+3,2+3,True,True,0,1640257663,ok,,,26.836218833981548,,2026-08-29T06:11:42+00:00,iyohwan-ui-Macmini.local,3.12.14,f88372a,dwave.samplers.SimulatedAnnealingSampler,100,0.00043341604759916663,508,26,0,103,100,261,13,631,508,203.78125,1.364176417803278,1.0,194.0,,True,True
v200_s0_p10__h2+3+4__nored__r0,v200_s0_p10,200,0,0.1,0.09932659932659933,200,535,h2+3+4,2+3+4,False,True,0,1640257663,ok,,,163.4574068330112,,2026-08-29T06:12:09+00:00,iyohwan-ui-Macmini.local,3.12.14,f88372a,dwave.samplers.SimulatedAnnealingSampler,100,0.00046070897951722145,508,26,0,154,179,250,23,591,535,843.296875,1.3863886097152331,1.0,218.0,,True,True
v200_s0_p10__h2+3+4__red__r0,v200_s0_p10,200,0,0.1,0.09932659932659933,200,535,h2+3+4,2+3+4,True,True,0,1640257663,ok,,,156.64708954200614,,2026-08-29T06:12:06+00:00,iyohwan-ui-Macmini.local,3.12.14,f88372a,dwave.samplers.SimulatedAnnealingSampler,100,0.00044533301843330264,508,26,0,169,199,222,32,550,508,867.421875,1.3843106604450859,1.0,214.0,,True,True
v200_s0_p30__h2__nored__r0,v200_s0_p30,200,0,0.3,0.2996632996632997,200,416,h2,2,False,True,0,759745484,ok,,,7.546840583963785,,2026-08-29T06:12:13+00:00,iyohwan-ui-Macmini.local,3.12.14,f88372a,dwave.samplers.SimulatedAnnealingSampler,100,0.0004959169891662896,341,68,0,61,47,224,24,462,416,197.515625,1.4571806353194574,1.0,138.0,,True,True
v200_s0_p30__h2__red__r0,v200_s0_p30,200,0,0.3,0.2996632996632997,200,416,h2,2,True,True,0,759745484,ok,,,6.262660207983572,,2026-08-29T06:12:10+00:00,iyohwan-ui-Macmini.local,3.12.14,f88372a,dwave.samplers.SimulatedAnnealingSampler,100,0.0005321659846231341,341,68,0,59,46,203,20,470,341,186.125,1.4645671512323506,1.0,106.0,,True,True
v200_s0_p30__h3__nored__r0,v200_s0_p30,200,0,0.3,0.2996632996632997,200,416,h3,3,False,True,0,759745484,ok,,,10.62067529198248,,2026-08-29T06:12:21+00:00,iyohwan-ui-Macmini.local,3.12.14,f88372a,dwave.samplers.SimulatedAnnealingSampler,100,0.0004916249890811741,341,68,0,73,73,210,17,676,416,198.0,1.434884810959521,1.0,106.0,,True,True
v200_s0_p30__h3__red__r0,v200_s0_p30,200,0,0.3,0.2996632996632997,200,416,h3,3,True,True,0,759745484,ok,,,10.37649216601858,,2026-08-29T06:12:17+00:00,iyohwan-ui-Macmini.local,3.12.14,f88372a,dwave.samplers.SimulatedAnnealingSampler,100,0.0005899579846300185,341,68,0,84,92,161,11,382,341,185.09375,1.4653050370901763,1.0,110.0,,True,True
v200_s0_p30__h4__nored__r0,v200_s0_p30,200,0,0.3,0.2996632996632997,200,416,h4,4,False,True,0,759745484,ok,,,42.84510541695636,,2026-08-29T06:12:32+00:00,iyohwan-ui-Macmini.local,3.12.14,f88372a,dwave.samplers.SimulatedAnnealingSampler,100,0.0005237080040387809,341,68,0,147,185,66,8,71,416,380.609375,1.444270549174437,1.0,126.0,,True,True
v200_s0_p30__h4__red__r0,v200_s0_p30,200,0,0.3,0.2996632996632997,200,416,h4,4,True,True,0,759745484,ok,,,35.86087358399527,,2026-08-29T06:12:28+00:00,iyohwan-ui-Macmini.local,3.12.14,f88372a,dwave.samplers.SimulatedAnnealingSampler,100,0.0006257500499486923,341,68,0,115,129,128,18,298,341,407.109375,1.4363099724814359,1.0,118.0,,True,True
v200_s0_p30__h2+3__nored__r0,v200_s0_p30,200,0,0.3,0.2996632996632997,200,416,h2+3,2+3,False,True,0,759745484,ok,,,11.108620374987368,,2026-08-29T06:13:16+00:00,iyohwan-ui-Macmini.local,3.12.14,f88372a,dwave.samplers.SimulatedAnnealingSampler,100,0.0005124579765833914,341,68,0,73,73,210,17,676,416,197.65625,1.434303511605618,1.0,102.0,,True,True
v200_s0_p30__h2+3__red__r0,v200_s0_p30,200,0,0.3,0.2996632996632997,200,416,h2+3,2+3,True,True,0,759745484,ok,,,11.129139541997574,,2026-08-29T06:13:05+00:00,iyohwan-ui-Macmini.local,3.12.14,f88372a,dwave.samplers.SimulatedAnnealingSampler,100,0.0005851250025443733,341,68,0,84,92,162,11,382,341,188.375,1.4739898600143264,1.0,130.0,,True,True
v200_s0_p30__h2+3+4__nored__r0,v200_s0_p30,200,0,0.3,0.2996632996632997,200,416,h2+3+4,2+3+4,False,True,0,759745484,ok,,,47.51736941700801,,2026-08-29T06:13:28+00:00,iyohwan-ui-Macmini.local,3.12.14,f88372a,dwave.samplers.SimulatedAnnealingSampler,100,0.000491540995426476,341,68,0,147,185,75,8,72,416,379.21875,1.4421498863364424,1.0,126.0,,True,True
v200_s0_p30__h2+3+4__red__r0,v200_s0_p30,200,0,0.3,0.2996632996632997,200,416,h2+3+4,2+3+4,True,True,0,759745484,ok,,,38.50777954101795,,2026-08-29T06:13:16+00:00,iyohwan-ui-Macmini.local,3.12.14,f88372a,dwave.samplers.SimulatedAnnealingSampler,100,0.000538624997716397,341,68,0,115,129,140,18,297,341,401.828125,1.451205252452713,1.0,142.0,,True,True
v200_s0_p50__h2__nored__r0,v200_s0_p50,200,0,0.5,0.5,200,297,h2,2,False,True,0,1203408389,ok,,,4.171256291971076,,2026-08-29T06:13:58+00:00,iyohwan-ui-Macmini.local,3.12.14,f88372a,dwave.samplers.SimulatedAnnealingSampler,100,0.0005222500185482204,162,83,0,11,11,219,54,441,297,238.25,1.6448156470135047,1.0,68.0,,True,True
v200_s0_p50__h2__red__r0,v200_s0_p50,200,0,0.5,0.5,200,297,h2,2,True,True,0,1203408389,ok,,,1.443226792034693,,2026-08-29T06:13:56+00:00,iyohwan-ui-Macmini.local,3.12.14,f88372a,dwave.samplers.SimulatedAnnealingSampler,100,0.00047904200619086623,162,83,0,15,19,104,19,244,162,167.09375,1.6243434655796127,1.0,48.0,,True,True
v200_s0_p50__h3__nored__r0,v200_s0_p50,200,0,0.5,0.5,200,297,h3,3,False,True,0,1203408389,ok,,,4.511700667033438,,2026-08-29T06:14:06+00:00,iyohwan-ui-Macmini.local,3.12.14,f88372a,dwave.samplers.SimulatedAnnealingSampler,100,0.0005042909760959446,162,83,0,28,32,170,24,439,297,208.890625,1.6213209004144888,1.0,72.0,,True,True
v200_s0_p50__h3__red__r0,v200_s0_p50,200,0,0.5,0.5,200,297,h3,3,True,True,0,1203408389,ok,,,2.0149843750405125,,2026-08-29T06:14:03+00:00,iyohwan-ui-Macmini.local,3.12.14,f88372a,dwave.samplers.SimulatedAnnealingSampler,100,0.000553457997739315,162,83,0,29,28,84,14,204,162,167.703125,1.6395886730522196,1.0,60.0,,True,True
v200_s0_p50__h4__nored__r0,v200_s0_p50,200,0,0.5,0.5,200,297,h4,4,False,True,0,1203408389,ok,,,6.6277405000291765,,2026-08-29T06:14:11+00:00,iyohwan-ui-Macmini.local,3.12.14,f88372a,dwave.samplers.SimulatedAnnealingSampler,100,0.0005077080568298697,162,83,0,43,61,183,19,559,297,214.21875,1.6714310523368205,1.0,60.0,,True,True
v200_s0_p50__h4__red__r0,v200_s0_p50,200,0,0.5,0.5,200,297,h4,4,True,True,0,1203408389,ok,,,4.1505228750174865,,2026-08-29T06:14:10+00:00,iyohwan-ui-Macmini.local,3.12.14,f88372a,dwave.samplers.SimulatedAnnealingSampler,100,0.00047520798398181796,162,83,0,43,47,72,15,146,162,187.875,1.698687411904095,1.0,56.0,,True,True
v200_s0_p50__h2+3__nored__r0,v200_s0_p50,200,0,0.5,0.5,200,297,h2+3,2+3,False,True,0,1203408389,ok,,,4.958427292003762,,2026-08-29T06:14:16+00:00,iyohwan-ui-Macmini.local,3.12.14,f88372a,dwave.samplers.SimulatedAnnealingSampler,100,0.00047862500650808215,162,83,0,28,32,170,24,439,297,208.5,1.6220968835045442,1.0,72.0,,True,True
v200_s0_p50__h2+3__red__r0,v200_s0_p50,200,0,0.5,0.5,200,297,h2+3,2+3,True,True,0,1203408389,ok,,,2.1881005420000292,,2026-08-29T06:14:15+00:00,iyohwan-ui-Macmini.local,3.12.14,f88372a,dwave.samplers.SimulatedAnnealingSampler,100,0.00045250001130625606,162,83,0,29,28,86,14,204,162,167.6875,1.6415470025507535,1.0,68.0,,True,True
v200_s0_p50__h2+3+4__nored__r0,v200_s0_p50,200,0,0.5,0.5,200,297,h2+3+4,2+3+4,False,True,0,1203408389,ok,,,7.834809874999337,,2026-08-29T06:14:18+00:00,iyohwan-ui-Macmini.local,3.12.14,f88372a,dwave.samplers.SimulatedAnnealingSampler,100,0.0004777080030180514,162,83,0,43,61,183,19,562,297,213.40625,1.6722225476923867,1.0,44.0,,True,True
v200_s0_p50__h2+3+4__red__r0,v200_s0_p50,200,0,0.5,0.5,200,297,h2+3+4,2+3+4,True,True,0,1203408389,ok,,,4.845001542009413,,2026-08-29T06:14:18+00:00,iyohwan-ui-Macmini.local,3.12.14,f88372a,dwave.samplers.SimulatedAnnealingSampler,100,0.0004879999905824661,162,83,0,43,47,75,15,149,162,187.421875,1.6996468216317246,1.0,76.0,,True,True
v200_s1_p0__h2__nored__r0,v200_s1_p0,200,1,0.0,0.0,200,594,h2,2,False,True,0,1198994972,ok,,,24.70825883402722,,2026-08-29T06:14:22+00:00,iyohwan-ui-Macmini.local,3.12.14,f88372a,dwave.samplers.SimulatedAnnealingSampler,100,0.00033775001065805554,594,0,0,78,64,377,24,1023,594,236.484375,1.3526442928930331,1.0,224.0,,True,True
v200_s1_p0__h2__red__r0,v200_s1_p0,200,1,0.0,0.0,200,594,h2,2,True,True,0,1198994972,ok,,,25.450240208010655,,2026-08-29T06:14:18+00:00,iyohwan-ui-Macmini.local,3.12.14,f88372a,dwave.samplers.SimulatedAnnealingSampler,100,0.0003172499709762633,594,0,0,78,64,377,24,1023,594,271.78125,1.3526442928930331,1.0,224.0,,True,True
v200_s1_p0__h3__nored__r0,v200_s1_p0,200,1,0.0,0.0,200,594,h3,3,False,True,0,1198994972,ok,,,43.04999274999136,,2026-08-29T06:14:27+00:00,iyohwan-ui-Macmini.local,3.12.14,f88372a,dwave.samplers.SimulatedAnnealingSampler,100,0.00034262501867488027,594,0,0,143,145,264,11,484,594,263.796875,1.3900957166786327,1.0,312.0,,True,True
v200_s1_p0__h3__red__r0,v200_s1_p0,200,1,0.0,0.0,200,594,h3,3,True,True,0,1198994972,ok,,,42.95318904198939,,2026-08-29T06:14:24+00:00,iyohwan-ui-Macmini.local,3.12.14,f88372a,dwave.samplers.SimulatedAnnealingSampler,100,0.0003402919974178076,594,0,0,143,145,264,11,484,594,272.625,1.3900957166786327,1.0,312.0,,True,True
v200_s1_p0__h4__nored__r0,v200_s1_p0,200,1,0.0,0.0,200,594,h4,4,False,True,0,1198994972,ok,,,230.79973770905053,,2026-08-29T06:14:45+00:00,iyohwan-ui-Macmini.local,3.12.14,f88372a,dwave.samplers.SimulatedAnnealingSampler,100,0.00033787498250603676,594,0,0,180,204,262,29,706,594,1199.765625,1.3722494017707418,1.0,356.0,,True,True
v200_s1_p0__h4__red__r0,v200_s1_p0,200,1,0.0,0.0,200,594,h4,4,True,True,0,1198994972,ok,,,232.43469187500887,,2026-08-29T06:14:43+00:00,iyohwan-ui-Macmini.local,3.12.14,f88372a,dwave.samplers.SimulatedAnnealingSampler,100,0.0003308749874122441,594,0,0,180,204,262,29,706,594,1198.671875,1.3722494017707418,1.0,356.0,,True,True
v200_s1_p0__h2+3__nored__r0,v200_s1_p0,200,1,0.0,0.0,200,594,h2+3,2+3,False,True,0,1198994972,ok,,,44.02599733299576,,2026-08-29T06:14:47+00:00,iyohwan-ui-Macmini.local,3.12.14,f88372a,dwave.samplers.SimulatedAnnealingSampler,100,0.0006718750228174031,594,0,0,143,145,264,11,484,594,261.265625,1.3757035175879362,1.0,292.0,,True,True
v200_s1_p0__h2+3__red__r0,v200_s1_p0,200,1,0.0,0.0,200,594,h2+3,2+3,True,True,0,1198994972,ok,,,44.42073670803802,,2026-08-29T06:14:47+00:00,iyohwan-ui-Macmini.local,3.12.14,f88372a,dwave.samplers.SimulatedAnnealingSampler,100,0.00035495898919180036,594,0,0,143,145,264,11,484,594,274.0625,1.3757035175879362,1.0,292.0,,True,True
v200_s1_p0__h2+3+4__nored__r0,v200_s1_p0,200,1,0.0,0.0,200,594,h2+3+4,2+3+4,False,True,0,1198994972,ok,,,236.72838449996198,,2026-08-29T06:14:54+00:00,iyohwan-ui-Macmini.local,3.12.14,f88372a,dwave.samplers.SimulatedAnnealingSampler,100,0.0006754169589839876,594,0,0,180,204,262,29,708,594,1217.0625,1.3766384302464527,1.0,388.0,,True,True
v200_s1_p0__h2+3+4__red__r0,v200_s1_p0,200,1,0.0,0.0,200,594,h2+3+4,2+3+4,True,True,0,1198994972,ok,,,238.07514183298917,,2026-08-29T06:14:49+00:00,iyohwan-ui-Macmini.local,3.12.14,f88372a,dwave.samplers.SimulatedAnnealingSampler,100,0.00036616699071601033,594,0,0,180,204,262,29,708,594,1199.5,1.3766384302464527,1.0,388.0,,True,True
v200_s1_p10__h2__nored__r0,v200_s1_p10,200,1,0.1,0.09932659932659933,200,535,h2,2,False,True,0,1379733369,ok,,,17.569971207994968,,2026-08-29T06:15:03+00:00,iyohwan-ui-Macmini.local,3.12.14,f88372a,dwave.samplers.SimulatedAnnealingSampler,100,0.0008665419882163405,512,23,0,66,56,363,26,927,535,261.5625,1.3675216558985415,1.0,170.0,,True,True
v200_s1_p10__h2__red__r0,v200_s1_p10,200,1,0.1,0.09932659932659933,200,535,h2,2,True,True,0,1379733369,ok,,,19.43019662500592,,2026-08-29T06:15:03+00:00,iyohwan-ui-Macmini.local,3.12.14,f88372a,dwave.samplers.SimulatedAnnealingSampler,100,0.0008797500049695373,512,23,0,94,85,291,23,660,512,251.671875,1.388820710696354,1.0,186.0,,True,True
v200_s1_p10__h3__nored__r0,v200_s1_p10,200,1,0.1,0.09932659932659933,200,535,h3,3,False,True,0,1379733369,ok,,,31.42506245803088,,2026-08-29T06:15:11+00:00,iyohwan-ui-Macmini.local,3.12.14,f88372a,dwave.samplers.SimulatedAnnealingSampler,100,0.00045929098268970847,512,23,0,131,134,229,12,444,535,227.640625,1.4005583273510298,1.0,186.0,,True,True
v200_s1_p10__h3__red__r0,v200_s1_p10,200,1,0.1,0.09932659932659933,200,535,h3,3,True,True,0,1379733369,ok,,,26.04223587497836,,2026-08-29T06:15:08+00:00,iyohwan-ui-Macmini.local,3.12.14,f88372a,dwave.samplers.SimulatedAnnealingSampler,100,0.0004647080204449594,512,23,0,114,102,245,12,547,512,252.703125,1.396511306532654,1.0,210.0,,True,True
v200_s1_p10__h4__nored__r0,v200_s1_p10,200,1,0.1,0.09932659932659933,200,535,h4,4,False,True,0,1379733369,ok,,,153.45600729098078,,2026-08-29T06:15:23+00:00,iyohwan-ui-Macmini.local,3.12.14,f88372a,dwave.samplers.SimulatedAnnealingSampler,100,0.000467624980956316,512,23,0,172,203,192,15,417,535,803.828125,1.3895930844699727,1.0,226.0,,True,True
v200_s1_p10__h4__red__r0,v200_s1_p10,200,1,0.1,0.09932659932659933,200,535,h4,4,True,True,0,1379733369,ok,,,142.3469904169906,,2026-08-29T06:15:21+00:00,iyohwan-ui-Macmini.local,3.12.14,f88372a,dwave.samplers.SimulatedAnnealingSampler,100,0.00043462496250867844,512,23,0,168,179,196,17,406,512,819.921875,1.4043042593922204,1.0,206.0,,True,True
v200_s1_p10__h2+3__nored__r0,v200_s1_p10,200,1,0.1,0.09932659932659933,200,535,h2+3,2+3,False,True,0,1379733369,ok,,,31.711452665971592,,2026-08-29T06:15:32+00:00,iyohwan-ui-Macmini.local,3.12.14,f88372a,dwave.samplers.SimulatedAnnealingSampler,100,0.00047233299119398,512,23,0,131,134,229,12,444,535,255.265625,1.4042781765972596,1.0,214.0,,True,True
v200_s1_p10__h2+3__red__r0,v200_s1_p10,200,1,0.1,0.09932659932659933,200,535,h2+3,2+3,True,True,0,1379733369,ok,,,26.698145625006873,,2026-08-29T06:15:32+00:00,iyohwan-ui-Macmini.local,3.12.14,f88372a,dwave.samplers.SimulatedAnnealingSampler,100,0.0004537089844234288,512,23,0,114,102,246,12,547,512,254.515625,1.4005640703517532,1.0,214.0,,True,True
v200_s1_p10__h2+3+4__nored__r0,v200_s1_p10,200,1,0.1,0.09932659932659933,200,535,h2+3+4,2+3+4,False,True,0,1379733369,ok,,,160.99609587504528,,2026-08-29T06:15:43+00:00,iyohwan-ui-Macmini.local,3.12.14,f88372a,dwave.samplers.SimulatedAnnealingSampler,100,0.0005006670253351331,512,23,0,172,203,199,15,413,535,824.484375,1.3842396506341281,1.0,166.0,,True,True
v200_s1_p10__h2+3+4__red__r0,v200_s1_p10,200,1,0.1,0.09932659932659933,200,535,h2+3+4,2+3+4,True,True,0,1379733369,ok,,,151.1527693750104,,2026-08-29T06:15:34+00:00,iyohwan-ui-Macmini.local,3.12.14,f88372a,dwave.samplers.SimulatedAnnealingSampler,100,0.0005025830469094217,512,23,0,168,179,201,17,409,512,819.5,1.4041414812156219,1.0,190.0,,True,True
v200_s1_p30__h2__nored__r0,v200_s1_p30,200,1,0.3,0.2996632996632997,200,416,h2,2,False,True,0,1623346134,ok,,,7.373949666041881,,2026-08-29T06:16:05+00:00,iyohwan-ui-Macmini.local,3.12.14,f88372a,dwave.samplers.SimulatedAnnealingSampler,100,0.0005427910364232957,346,65,0,26,18,318,59,945,416,215.21875,1.43804651232352,1.0,130.0,,True,True
v200_s1_p30__h2__red__r0,v200_s1_p30,200,1,0.3,0.2996632996632997,200,416,h2,2,True,True,0,1623346134,ok,,,5.7948627499863505,,2026-08-29T06:16:00+00:00,iyohwan-ui-Macmini.local,3.12.14,f88372a,dwave.samplers.SimulatedAnnealingSampler,100,0.0005091660423204303,346,65,0,29,16,254,45,781,346,193.71875,1.4560856066044414,1.0,110.0,,True,True
v200_s1_p30__h3__nored__r0,v200_s1_p30,200,1,0.3,0.2996632996632997,200,416,h3,3,False,True,0,1623346134,ok,,,11.111228957946878,,2026-08-29T06:16:13+00:00,iyohwan-ui-Macmini.local,3.12.14,f88372a,dwave.samplers.SimulatedAnnealingSampler,100,0.0005151670193299651,346,65,0,71,83,212,17,526,416,204.703125,1.4462504785833938,1.0,130.0,,True,True
v200_s1_p30__h3__red__r0,v200_s1_p30,200,1,0.3,0.2996632996632997,200,416,h3,3,True,True,0,1623346134,ok,,,9.146056875004433,,2026-08-29T06:16:06+00:00,iyohwan-ui-Macmini.local,3.12.14,f88372a,dwave.samplers.SimulatedAnnealingSampler,100,0.0005042090197093785,346,65,0,71,76,167,14,402,346,190.71875,1.4640398121560136,1.0,118.0,,True,True
v200_s1_p30__h4__nored__r0,v200_s1_p30,200,1,0.3,0.2996632996632997,200,416,h4,4,False,True,0,1623346134,ok,,,40.74610633397242,,2026-08-29T06:16:25+00:00,iyohwan-ui-Macmini.local,3.12.14,f88372a,dwave.samplers.SimulatedAnnealingSampler,100,0.0005814160103909671,346,65,0,95,127,257,31,777,416,380.3125,1.4490331119885156,1.0,146.0,,True,True
v200_s1_p30__h4__red__r0,v200_s1_p30,200,1,0.3,0.2996632996632997,200,416,h4,4,True,True,0,1623346134,ok,,,35.98440541699529,,2026-08-29T06:16:16+00:00,iyohwan-ui-Macmini.local,3.12.14,f88372a,dwave.samplers.SimulatedAnnealingSampler,100,0.0005797920166514814,346,65,0,107,131,128,13,262,346,400.5625,1.4625992163197001,1.0,130.0,,True,True
v200_s1_p30__h2+3__nored__r0,v200_s1_p30,200,1,0.3,0.2996632996632997,200,416,h2+3,2+3,False,True,0,1623346134,ok,,,12.119303124956787,,2026-08-29T06:17:04+00:00,iyohwan-ui-Macmini.local,3.12.14,f88372a,dwave.samplers.SimulatedAnnealingSampler,100,0.0004892500001005828,346,65,0,71,83,212,17,526,416,204.015625,1.440242163196945,1.0,130.0,,True,True
v200_s1_p30__h2+3__red__r0,v200_s1_p30,200,1,0.3,0.2996632996632997,200,416,h2+3,2+3,True,True,0,1623346134,ok,,,9.618527624988928,,2026-08-29T06:16:53+00:00,iyohwan-ui-Macmini.local,3.12.14,f88372a,dwave.samplers.SimulatedAnnealingSampler,100,0.000534582999534905,346,65,0,71,76,168,14,402,346,188.671875,1.4685562036372268,1.0,130.0,,True,True
v200_s1_p30__h2+3+4__nored__r0,v200_s1_p30,200,1,0.3,0.2996632996632997,200,416,h2+3+4,2+3+4,False,True,0,1623346134,ok,,,43.67314366699429,,2026-08-29T06:17:17+00:00,iyohwan-ui-Macmini.local,3.12.14,f88372a,dwave.samplers.SimulatedAnnealingSampler,100,0.0005406669806689024,346,65,0,95,127,263,31,782,416,382.5625,1.4559718533141934,1.0,138.0,,True,True
v200_s1_p30__h2+3+4__red__r0,v200_s1_p30,200,1,0.3,0.2996632996632997,200,416,h2+3+4,2+3+4,True,True,0,1623346134,ok,,,38.98382370802574,,2026-08-29T06:17:07+00:00,iyohwan-ui-Macmini.local,3.12.14,f88372a,dwave.samplers.SimulatedAnnealingSampler,100,0.0005237499717622995,346,65,0,107,131,138,13,264,346,409.546875,1.449421302943296,1.0,114.0,,True,True
v200_s1_p50__h2__nored__r0,v200_s1_p50,200,1,0.5,0.5,200,297,h2,2,False,True,0,1206257853,ok,,,4.020463708031457,,2026-08-29T06:17:46+00:00,iyohwan-ui-Macmini.local,3.12.14,f88372a,dwave.samplers.SimulatedAnnealingSampler,100,0.0005088750040158629,171,90,0,7,6,239,78,537,297,214.03125,1.6712779493677625,1.0,58.0,,True,True
v200_s1_p50__h2__red__r0,v200_s1_p50,200,1,0.5,0.5,200,297,h2,2,True,True,0,1206257853,ok,,,1.7656796670053154,,2026-08-29T06:17:45+00:00,iyohwan-ui-Macmini.local,3.12.14,f88372a,dwave.samplers.SimulatedAnnealingSampler,100,0.0005540419952012599,171,90,0,10,6,129,45,314,171,169.90625,1.7064186447625167,1.0,62.0,,True,True
v200_s1_p50__h3__nored__r0,v200_s1_p50,200,1,0.5,0.5,200,297,h3,3,False,True,0,1206257853,ok,,,4.973148416960612,,2026-08-29T06:17:50+00:00,iyohwan-ui-Macmini.local,3.12.14,f88372a,dwave.samplers.SimulatedAnnealingSampler,100,0.0005285409861244261,171,90,0,26,41,151,56,478,297,222.140625,1.6723144091740114,1.0,58.0,,True,True
v200_s1_p50__h3__red__r0,v200_s1_p50,200,1,0.5,0.5,200,297,h3,3,True,True,0,1206257853,ok,,,2.197125916951336,,2026-08-29T06:17:47+00:00,iyohwan-ui-Macmini.local,3.12.14,f88372a,dwave.samplers.SimulatedAnnealingSampler,100,0.0005482499836944044,171,90,0,24,28,90,20,267,171,166.328125,1.758494815555724,1.0,74.0,,True,True
v200_s1_p50__h4__nored__r0,v200_s1_p50,200,1,0.5,0.5,200,297,h4,4,False,True,0,1206257853,ok,,,7.239085458975751,,2026-08-29T06:17:56+00:00,iyohwan-ui-Macmini.local,3.12.14,f88372a,dwave.samplers.SimulatedAnnealingSampler,100,0.00048204197082668543,171,90,0,48,70,119,27,269,297,210.28125,1.7542759606738514,1.0,70.0,,True,True
v200_s1_p50__h4__red__r0,v200_s1_p50,200,1,0.5,0.5,200,297,h4,4,True,True,0,1206257853,ok,,,5.038311291020364,,2026-08-29T06:17:51+00:00,iyohwan-ui-Macmini.local,3.12.14,f88372a,dwave.samplers.SimulatedAnnealingSampler,100,0.0005124169983901083,171,90,0,41,60,92,42,340,171,202.15625,1.7228829253869602,1.0,74.0,,True,True
v200_s1_p50__h2+3__nored__r0,v200_s1_p50,200,1,0.5,0.5,200,297,h2+3,2+3,False,True,0,1206257853,ok,,,5.428719624993391,,2026-08-29T06:17:57+00:00,iyohwan-ui-Macmini.local,3.12.14,f88372a,dwave.samplers.SimulatedAnnealingSampler,100,0.0005055410438217223,171,90,0,26,41,151,56,478,297,218.125,1.6769732929340389,1.0,58.0,,True,True
v200_s1_p50__h2+3__red__r0,v200_s1_p50,200,1,0.5,0.5,200,297,h2+3,2+3,True,True,0,1206257853,ok,,,2.437291542009916,,2026-08-29T06:17:57+00:00,iyohwan-ui-Macmini.local,3.12.14,f88372a,dwave.samplers.SimulatedAnnealingSampler,100,0.0004913749871775508,171,90,0,24,28,91,20,267,171,171.765625,1.7322123404233585,1.0,74.0,,True,True
v200_s1_p50__h2+3+4__nored__r0,v200_s1_p50,200,1,0.5,0.5,200,297,h2+3+4,2+3+4,False,True,0,1206257853,ok,,,8.12266020802781,,2026-08-29T06:18:01+00:00,iyohwan-ui-Macmini.local,3.12.14,f88372a,dwave.samplers.SimulatedAnnealingSampler,100,0.0004724169848486781,171,90,0,48,70,119,27,270,297,205.15625,1.7470024255127576,1.0,78.0,,True,True
v200_s1_p50__h2+3+4__red__r0,v200_s1_p50,200,1,0.5,0.5,200,297,h2+3+4,2+3+4,True,True,0,1206257853,ok,,,5.745354624988977,,2026-08-29T06:18:00+00:00,iyohwan-ui-Macmini.local,3.12.14,f88372a,dwave.samplers.SimulatedAnnealingSampler,100,0.0004812090191990137,171,90,0,41,60,98,42,343,171,201.15625,1.709020716058036,1.0,82.0,,True,True
v300_s0_p0__h2__nored__r0,v300_s0_p0,300,0,0.0,0.0,300,894,h2,2,False,True,0,791404282,ok,,,68.95053862500936,,2026-08-29T06:35:07+00:00,iyohwan-ui-Macmini.local,3.12.14,f88372a,dwave.samplers.SimulatedAnnealingSampler,100,0.001331249950453639,894,0,0,116,106,581,32,1631,894,285.515625,1.3428535860271222,1.0,324.0,,True,True
v300_s0_p0__h2__red__r0,v300_s0_p0,300,0,0.0,0.0,300,894,h2,2,True,True,0,791404282,ok,,,68.36015262501314,,2026-08-29T06:35:07+00:00,iyohwan-ui-Macmini.local,3.12.14,f88372a,dwave.samplers.SimulatedAnnealingSampler,100,0.0011551660136319697,894,0,0,116,106,581,32,1631,894,339.3125,1.3428535860271222,1.0,324.0,,True,True
v300_s0_p0__h3__nored__r0,v300_s0_p0,300,0,0.0,0.0,300,894,h3,3,False,True,0,791404282,ok,,,116.0616838329588,,2026-08-29T06:35:07+00:00,iyohwan-ui-Macmini.local,3.12.14,f88372a,dwave.samplers.SimulatedAnnealingSampler,100,0.0011848330032080412,894,0,0,176,183,463,14,1039,894,270.09375,1.3600759940539244,1.0,332.0,,True,True
v300_s0_p0__h3__red__r0,v300_s0_p0,300,0,0.0,0.0,300,894,h3,3,True,True,0,791404282,ok,,,117.2871944590006,,2026-08-29T06:35:07+00:00,iyohwan-ui-Macmini.local,3.12.14,f88372a,dwave.samplers.SimulatedAnnealingSampler,100,0.0009434579988010228,894,0,0,176,183,463,14,1039,894,325.390625,1.3600759940539244,1.0,332.0,,True,True
v300_s0_p0__h4__nored__r0,v300_s0_p0,300,0,0.0,0.0,300,894,h4,4,False,True,0,791404282,ok,,,641.9461534589645,,2026-08-29T06:35:07+00:00,iyohwan-ui-Macmini.local,3.12.14,f88372a,dwave.samplers.SimulatedAnnealingSampler,100,0.0009577079908922315,894,0,0,263,316,392,22,907,894,2039.0625,1.351680787810873,1.0,500.0,,True,True
v300_s0_p0__h4__red__r0,v300_s0_p0,300,0,0.0,0.0,300,894,h4,4,True,True,0,791404282,ok,,,634.6665934590274,,2026-08-29T06:35:07+00:00,iyohwan-ui-Macmini.local,3.12.14,f88372a,dwave.samplers.SimulatedAnnealingSampler,100,0.0011337499599903822,894,0,0,263,316,392,22,907,894,2066.71875,1.351680787810873,1.0,500.0,,True,True
v300_s0_p0__h2+3__nored__r0,v300_s0_p0,300,0,0.0,0.0,300,894,h2+3,2+3,False,True,0,791404282,ok,,,120.9165950420429,,2026-08-29T06:35:07+00:00,iyohwan-ui-Macmini.local,3.12.14,f88372a,dwave.samplers.SimulatedAnnealingSampler,100,0.0009681660449132323,894,0,0,176,183,463,14,1039,894,326.125,1.357594760311817,1.0,412.0,,True,True
v300_s0_p0__h2+3__red__r0,v300_s0_p0,300,0,0.0,0.0,300,894,h2+3,2+3,True,True,0,791404282,ok,,,120.01172816602048,,2026-08-29T06:35:07+00:00,iyohwan-ui-Macmini.local,3.12.14,f88372a,dwave.samplers.SimulatedAnnealingSampler,100,0.0009586669621057808,894,0,0,176,183,463,14,1039,894,276.390625,1.357594760311817,1.0,412.0,,True,True
v300_s0_p0__h2+3+4__nored__r0,v300_s0_p0,300,0,0.0,0.0,300,894,h2+3+4,2+3+4,False,True,0,791404282,ok,,,665.1799646249856,,2026-08-29T06:35:07+00:00,iyohwan-ui-Macmini.local,3.12.14,f88372a,dwave.samplers.SimulatedAnnealingSampler,100,0.0009667090489529073,894,0,0,263,316,392,22,905,894,2116.390625,1.351220735785623,1.0,504.0,,True,True
v300_s0_p0__h2+3+4__red__r0,v300_s0_p0,300,0,0.0,0.0,300,894,h2+3+4,2+3+4,True,True,0,791404282,ok,,,657.3151380829513,,2026-08-29T06:35:07+00:00,iyohwan-ui-Macmini.local,3.12.14,f88372a,dwave.samplers.SimulatedAnnealingSampler,100,0.0009275000193156302,894,0,0,263,316,392,22,905,894,2057.640625,1.351220735785623,1.0,504.0,,True,True
v300_s0_p10__h2__nored__r0,v300_s0_p10,300,0,0.1,0.09955257270693513,300,805,h2,2,False,True,0,1653470055,ok,,,52.766211207956076,,2026-08-29T06:36:17+00:00,iyohwan-ui-Macmini.local,3.12.14,f88372a,dwave.samplers.SimulatedAnnealingSampler,100,0.001174915989395231,763,42,0,120,97,504,30,1341,805,266.859375,1.3621520013798887,1.0,250.0,,True,True
v300_s0_p10__h2__red__r0,v300_s0_p10,300,0,0.1,0.09955257270693513,300,805,h2,2,True,True,0,1653470055,ok,,,54.38181291701039,,2026-08-29T06:36:16+00:00,iyohwan-ui-Macmini.local,3.12.14,f88372a,dwave.samplers.SimulatedAnnealingSampler,100,0.0011816659825854003,763,42,0,124,108,459,20,1074,763,281.28125,1.3557305037953664,1.0,258.0,,True,True
v300_s0_p10__h3__nored__r0,v300_s0_p10,300,0,0.1,0.09955257270693513,300,805,h3,3,False,True,0,1653470055,ok,,,80.30515420797747,,2026-08-29T06:37:05+00:00,iyohwan-ui-Macmini.local,3.12.14,f88372a,dwave.samplers.SimulatedAnnealingSampler,100,0.001418416970409453,763,42,0,154,147,427,19,1170,805,271.109375,1.3623055157399446,1.0,322.0,,True,True
v300_s0_p10__h3__red__r0,v300_s0_p10,300,0,0.1,0.09955257270693513,300,805,h3,3,True,True,0,1653470055,ok,,,89.18846787500661,,2026-08-29T06:37:04+00:00,iyohwan-ui-Macmini.local,3.12.14,f88372a,dwave.samplers.SimulatedAnnealingSampler,100,0.0012522079632617533,763,42,0,192,191,327,16,734,763,301.15625,1.3930130063170538,1.0,366.0,,True,True
v300_s0_p10__h4__nored__r0,v300_s0_p10,300,0,0.1,0.09955257270693513,300,805,h4,4,False,True,0,1653470055,ok,,,431.2705749999732,,2026-08-29T06:37:09+00:00,iyohwan-ui-Macmini.local,3.12.14,f88372a,dwave.samplers.SimulatedAnnealingSampler,100,0.001211124996189028,763,42,0,244,270,351,22,891,805,1411.59375,1.358698492328604,1.0,346.0,,True,True
v300_s0_p10__h4__red__r0,v300_s0_p10,300,0,0.1,0.09955257270693513,300,805,h4,4,True,True,0,1653470055,ok,,,417.8818223749986,,2026-08-29T06:37:08+00:00,iyohwan-ui-Macmini.local,3.12.14,f88372a,dwave.samplers.SimulatedAnnealingSampler,100,0.001499915961176157,763,42,0,251,286,288,16,591,763,1469.984375,1.3579919175024462,1.0,342.0,,True,True
v300_s0_p10__h2+3__nored__r0,v300_s0_p10,300,0,0.1,0.09955257270693513,300,805,h2+3,2+3,False,True,0,1653470055,ok,,,81.98915724997642,,2026-08-29T06:37:11+00:00,iyohwan-ui-Macmini.local,3.12.14,f88372a,dwave.samplers.SimulatedAnnealingSampler,100,0.0012869999627582729,763,42,0,154,147,427,19,1170,805,269.40625,1.367133381111287,1.0,330.0,,True,True
v300_s0_p10__h2+3__red__r0,v300_s0_p10,300,0,0.1,0.09955257270693513,300,805,h2+3,2+3,True,True,0,1653470055,ok,,,88.52483116695657,,2026-08-29T06:37:10+00:00,iyohwan-ui-Macmini.local,3.12.14,f88372a,dwave.samplers.SimulatedAnnealingSampler,100,0.0012496669660322368,763,42,0,192,191,327,16,734,763,306.78125,1.3832543796779895,1.0,334.0,,True,True
v300_s0_p10__h2+3+4__nored__r0,v300_s0_p10,300,0,0.1,0.09955257270693513,300,805,h2+3+4,2+3+4,False,True,0,1653470055,ok,,,445.8208218750078,,2026-08-29T06:38:34+00:00,iyohwan-ui-Macmini.local,3.12.14,f88372a,dwave.samplers.SimulatedAnnealingSampler,100,0.0011598750133998692,763,42,0,254,295,327,18,747,805,1404.421875,1.3547238944626905,1.0,366.0,,True,True
v300_s0_p10__h2+3+4__red__r0,v300_s0_p10,300,0,0.1,0.09955257270693513,300,805,h2+3+4,2+3+4,True,True,0,1653470055,ok,,,430.2499013749766,,2026-08-29T06:38:26+00:00,iyohwan-ui-Macmini.local,3.12.14,f88372a,dwave.samplers.SimulatedAnnealingSampler,100,0.0014510840410366654,763,42,0,251,286,296,16,591,763,1440.453125,1.3586359160160058,1.0,318.0,,True,True
v300_s0_p30__h2__nored__r0,v300_s0_p30,300,0,0.3,0.29977628635346754,300,626,h2,2,False,True,0,1348495661,ok,,,20.745910666009877,,2026-08-29T06:38:40+00:00,iyohwan-ui-Macmini.local,3.12.14,f88372a,dwave.samplers.SimulatedAnnealingSampler,100,0.0007459170301444829,505,112,0,84,72,372,27,782,626,248.34375,1.3751672329276852,1.0,174.0,,True,True
v300_s0_p30__h2__red__r0,v300_s0_p30,300,0,0.3,0.29977628635346754,300,626,h2,2,True,True,0,1348495661,ok,,,15.69435700000031,,2026-08-29T06:38:34+00:00,iyohwan-ui-Macmini.local,3.12.14,f88372a,dwave.samplers.SimulatedAnnealingSampler,100,0.0007065839599817991,505,112,0,68,63,315,28,793,505,229.0625,1.403363800852624,1.0,162.0,,True,True
v300_s0_p30__h3__nored__r0,v300_s0_p30,300,0,0.3,0.29977628635346754,300,626,h3,3,False,True,0,1348495661,ok,,,33.485444999998435,,2026-08-29T06:39:01+00:00,iyohwan-ui-Macmini.local,3.12.14,f88372a,dwave.samplers.SimulatedAnnealingSampler,100,0.0006702080136165023,505,112,0,120,127,303,15,774,626,294.8125,1.4117129673865583,1.0,178.0,,True,True
v300_s0_p30__h3__red__r0,v300_s0_p30,300,0,0.3,0.29977628635346754,300,626,h3,3,True,True,0,1348495661,ok,,,24.911238458007574,,2026-08-29T06:38:51+00:00,iyohwan-ui-Macmini.local,3.12.14,f88372a,dwave.samplers.SimulatedAnnealingSampler,100,0.0007565830019302666,505,112,0,121,120,226,12,476,505,221.578125,1.420425496805636,1.0,198.0,,True,True
v300_s0_p30__h4__nored__r0,v300_s0_p30,300,0,0.3,0.29977628635346754,300,626,h4,4,False,True,0,1348495661,ok,,,120.19396783300908,,2026-08-29T06:39:36+00:00,iyohwan-ui-Macmini.local,3.12.14,f88372a,dwave.samplers.SimulatedAnnealingSampler,100,0.000689583015628159,505,112,0,172,213,262,26,578,626,574.34375,1.391637428995792,1.0,210.0,,True,True
v300_s0_p30__h4__red__r0,v300_s0_p30,300,0,0.3,0.29977628635346754,300,626,h4,4,True,True,0,1348495661,ok,,,99.73729345900938,,2026-08-29T06:39:16+00:00,iyohwan-ui-Macmini.local,3.12.14,f88372a,dwave.samplers.SimulatedAnnealingSampler,100,0.0007031249697320163,505,112,0,137,143,267,24,706,505,630.421875,1.4183330855936618,1.0,206.0,,True,True
v300_s0_p30__h2+3__nored__r0,v300_s0_p30,300,0,0.3,0.29977628635346754,300,626,h2+3,2+3,False,True,0,1348495661,ok,,,33.89353304100223,,2026-08-29T06:41:23+00:00,iyohwan-ui-Macmini.local,3.12.14,f88372a,dwave.samplers.SimulatedAnnealingSampler,100,0.0006931659881956875,505,112,0,120,127,303,15,774,626,255.328125,1.4151276432903739,1.0,182.0,,True,True
v300_s0_p30__h2+3__red__r0,v300_s0_p30,300,0,0.3,0.29977628635346754,300,626,h2+3,2+3,True,True,0,1348495661,ok,,,25.505418790969998,,2026-08-29T06:40:57+00:00,iyohwan-ui-Macmini.local,3.12.14,f88372a,dwave.samplers.SimulatedAnnealingSampler,100,0.0006787909660488367,505,112,0,121,120,229,12,476,505,257.953125,1.430516726831673,1.0,210.0,,True,True
v300_s0_p30__h2+3+4__nored__r0,v300_s0_p30,300,0,0.3,0.29977628635346754,300,626,h2+3+4,2+3+4,False,True,0,1348495661,ok,,,123.67036770901177,,2026-08-29T06:41:58+00:00,iyohwan-ui-Macmini.local,3.12.14,f88372a,dwave.samplers.SimulatedAnnealingSampler,100,0.0006892500096000731,505,112,0,172,213,268,26,589,626,620.59375,1.392299012581295,1.0,190.0,,True,True
v300_s0_p30__h2+3+4__red__r0,v300_s0_p30,300,0,0.3,0.29977628635346754,300,626,h2+3+4,2+3+4,True,True,0,1348495661,ok,,,104.97163458296563,,2026-08-29T06:41:37+00:00,iyohwan-ui-Macmini.local,3.12.14,f88372a,dwave.samplers.SimulatedAnnealingSampler,100,0.0006984169594943523,505,112,0,135,147,294,24,813,505,671.046875,1.4331691042449002,1.0,226.0,,True,True
v300_s0_p50__h2__nored__r0,v300_s0_p50,300,0,0.5,0.5,300,447,h2,2,False,True,0,1944936874,ok,,,8.488084916956723,,2026-08-29T06:43:27+00:00,iyohwan-ui-Macmini.local,3.12.14,f88372a,dwave.samplers.SimulatedAnnealingSampler,100,0.0007107499986886978,247,135,0,19,17,313,68,606,447,305.015625,1.5845321063179605,1.0,76.0,,True,True
v300_s0_p50__h2__red__r0,v300_s0_p50,300,0,0.5,0.5,300,447,h2,2,True,True,0,1944936874,ok,,,3.4768233749782667,,2026-08-29T06:43:22+00:00,iyohwan-ui-Macmini.local,3.12.14,f88372a,dwave.samplers.SimulatedAnnealingSampler,100,0.0007442500209435821,247,135,0,24,19,173,51,449,247,191.6875,1.6269974021703981,1.0,88.0,,True,True
v300_s0_p50__h3__nored__r0,v300_s0_p50,300,0,0.5,0.5,300,447,h3,3,False,True,0,1944936874,ok,,,10.085345958010294,,2026-08-29T06:43:41+00:00,iyohwan-ui-Macmini.local,3.12.14,f88372a,dwave.samplers.SimulatedAnnealingSampler,100,0.0007249159971252084,247,135,0,51,68,199,18,504,447,281.984375,1.6494648167699388,1.0,96.0,,True,True
v300_s0_p50__h3__red__r0,v300_s0_p50,300,0,0.5,0.5,300,447,h3,3,True,True,0,1944936874,ok,,,4.518580124946311,,2026-08-29T06:43:36+00:00,iyohwan-ui-Macmini.local,3.12.14,f88372a,dwave.samplers.SimulatedAnnealingSampler,100,0.0007195830112323165,247,135,0,50,50,116,13,295,247,185.671875,1.5983385701996964,1.0,108.0,,True,True
v300_s0_p50__h4__nored__r0,v300_s0_p50,300,0,0.5,0.5,300,447,h4,4,False,True,0,1944936874,ok,,,14.164859999960754,,2026-08-29T06:44:02+00:00,iyohwan-ui-Macmini.local,3.12.14,f88372a,dwave.samplers.SimulatedAnnealingSampler,100,0.0007394580170512199,247,135,0,74,106,202,21,547,447,275.734375,1.671681411676326,1.0,124.0,,True,True
v300_s0_p50__h4__red__r0,v300_s0_p50,300,0,0.5,0.5,300,447,h4,4,True,True,0,1944936874,ok,,,9.037005290971138,,2026-08-29T06:43:52+00:00,iyohwan-ui-Macmini.local,3.12.14,f88372a,dwave.samplers.SimulatedAnnealingSampler,100,0.0007179579697549343,247,135,0,60,60,139,21,461,247,243.8125,1.597855020799731,1.0,124.0,,True,True
v300_s0_p50__h2+3__nored__r0,v300_s0_p50,300,0,0.5,0.5,300,447,h2+3,2+3,False,True,0,1944936874,ok,,,10.936839583038818,,2026-08-29T06:44:07+00:00,iyohwan-ui-Macmini.local,3.12.14,f88372a,dwave.samplers.SimulatedAnnealingSampler,100,0.0007348749786615372,247,135,0,51,68,199,18,504,447,276.5,1.6472290396027058,1.0,108.0,,True,True
v300_s0_p50__h2+3__red__r0,v300_s0_p50,300,0,0.5,0.5,300,447,h2+3,2+3,True,True,0,1944936874,ok,,,4.745547833037563,,2026-08-29T06:44:02+00:00,iyohwan-ui-Macmini.local,3.12.14,f88372a,dwave.samplers.SimulatedAnnealingSampler,100,0.000719917006790638,247,135,0,50,50,118,13,295,247,185.390625,1.5865789772904246,1.0,108.0,,True,True
v300_s0_p50__h2+3+4__nored__r0,v300_s0_p50,300,0,0.5,0.5,300,447,h2+3+4,2+3+4,False,True,0,1944936874,ok,,,16.28434141696198,,2026-08-29T06:44:17+00:00,iyohwan-ui-Macmini.local,3.12.14,f88372a,dwave.samplers.SimulatedAnnealingSampler,100,0.000694291025865823,247,135,0,74,106,201,21,552,447,271.359375,1.7019929334878638,1.0,132.0,,True,True
v300_s0_p50__h2+3+4__red__r0,v300_s0_p50,300,0,0.5,0.5,300,447,h2+3+4,2+3+4,True,True,0,1944936874,ok,,,10.322931166971102,,2026-08-29T06:44:08+00:00,iyohwan-ui-Macmini.local,3.12.14,f88372a,dwave.samplers.SimulatedAnnealingSampler,100,0.0007957079797051847,247,135,0,60,60,148,21,466,247,243.71875,1.6170192450308711,1.0,128.0,,True,True
v300_s1_p0__h2__nored__r0,v300_s1_p0,300,1,0.0,0.0,300,894,h2,2,False,True,0,1947543261,ok,,,90.57705495896516,,2026-08-29T06:44:19+00:00,iyohwan-ui-Macmini.local,3.12.14,f88372a,dwave.samplers.SimulatedAnnealingSampler,100,0.0009660839568823576,894,0,0,153,141,515,21,1074,894,276.25,1.3535410097145872,1.0,382.0,,True,True
v300_s1_p0__h2__red__r0,v300_s1_p0,300,1,0.0,0.0,300,894,h2,2,True,True,0,1947543261,ok,,,92.1867217089748,,2026-08-29T06:44:18+00:00,iyohwan-ui-Macmini.local,3.12.14,f88372a,dwave.samplers.SimulatedAnnealingSampler,100,0.0009843750158324838,894,0,0,153,141,515,21,1074,894,277.6875,1.3535410097145872,1.0,382.0,,True,True
v300_s1_p0__h3__nored__r0,v300_s1_p0,300,1,0.0,0.0,300,894,h3,3,False,True,0,1947543261,ok,,,116.58466404199135,,2026-08-29T06:44:34+00:00,iyohwan-ui-Macmini.local,3.12.14,f88372a,dwave.samplers.SimulatedAnnealingSampler,100,0.0010242499993182719,894,0,0,178,183,462,14,961,894,325.390625,1.3884838084618,1.0,318.0,,True,True
v300_s1_p0__h3__red__r0,v300_s1_p0,300,1,0.0,0.0,300,894,h3,3,True,True,0,1947543261,ok,,,117.19486791698728,,2026-08-29T06:44:21+00:00,iyohwan-ui-Macmini.local,3.12.14,f88372a,dwave.samplers.SimulatedAnnealingSampler,100,0.000995791982859373,894,0,0,178,183,462,14,961,894,331.03125,1.3884838084618,1.0,318.0,,True,True
v300_s1_p0__h4__nored__r0,v300_s1_p0,300,1,0.0,0.0,300,894,h4,4,False,True,0,1947543261,ok,,,685.390144541976,,2026-08-29T06:45:42+00:00,iyohwan-ui-Macmini.local,3.12.14,f88372a,dwave.samplers.SimulatedAnnealingSampler,100,0.0011766670504584908,894,0,0,268,305,375,27,820,894,2144.40625,1.3670786749479527,1.0,390.0,,True,True
v300_s1_p0__h4__red__r0,v300_s1_p0,300,1,0.0,0.0,300,894,h4,4,True,True,0,1947543261,ok,,,673.5252157500363,,2026-08-29T06:45:37+00:00,iyohwan-ui-Macmini.local,3.12.14,f88372a,dwave.samplers.SimulatedAnnealingSampler,100,0.0009256250341422856,894,0,0,268,305,375,27,820,894,2117.34375,1.3670786749479527,1.0,390.0,,True,True
v300_s1_p0__h2+3__nored__r0,v300_s1_p0,300,1,0.0,0.0,300,894,h2+3,2+3,False,True,0,1947543261,ok,,,121.4207424169872,,2026-08-29T06:45:50+00:00,iyohwan-ui-Macmini.local,3.12.14,f88372a,dwave.samplers.SimulatedAnnealingSampler,100,0.001054749998729676,894,0,0,178,183,462,14,961,894,325.953125,1.3770270478311295,1.0,386.0,,True,True
v300_s1_p0__h2+3__red__r0,v300_s1_p0,300,1,0.0,0.0,300,894,h2+3,2+3,True,True,0,1947543261,ok,,,121.39961891697021,,2026-08-29T06:45:50+00:00,iyohwan-ui-Macmini.local,3.12.14,f88372a,dwave.samplers.SimulatedAnnealingSampler,100,0.0011427919962443411,894,0,0,178,183,462,14,961,894,281.8125,1.3770270478311295,1.0,386.0,,True,True
v300_s1_p0__h2+3+4__nored__r0,v300_s1_p0,300,1,0.0,0.0,300,894,h2+3+4,2+3+4,False,True,0,1947543261,ok,,,701.8718301249901,,2026-08-29T06:46:00+00:00,iyohwan-ui-Macmini.local,3.12.14,f88372a,dwave.samplers.SimulatedAnnealingSampler,100,0.0010363750043325126,894,0,0,268,305,375,27,818,894,2132.84375,1.3700271274616185,1.0,410.0,,True,True
v300_s1_p0__h2+3+4__red__r0,v300_s1_p0,300,1,0.0,0.0,300,894,h2+3+4,2+3+4,True,True,0,1947543261,ok,,,698.3519404169638,,2026-08-29T06:45:51+00:00,iyohwan-ui-Macmini.local,3.12.14,f88372a,dwave.samplers.SimulatedAnnealingSampler,100,0.0010216249502263963,894,0,0,268,305,375,27,818,894,2125.5625,1.3700271274616185,1.0,410.0,,True,True
v300_s1_p10__h2__nored__r0,v300_s1_p10,300,1,0.1,0.09955257270693513,300,805,h2,2,False,True,0,2135052157,ok,,,72.33577754202997,,2026-08-29T06:46:13+00:00,iyohwan-ui-Macmini.local,3.12.14,f88372a,dwave.samplers.SimulatedAnnealingSampler,100,0.0006286670104600489,773,32,0,155,164,409,20,742,805,310.40625,1.3704487710354238,1.0,356.0,,True,True
v300_s1_p10__h2__red__r0,v300_s1_p10,300,1,0.1,0.09955257270693513,300,805,h2,2,True,True,0,2135052157,ok,,,103.64893050002865,,2026-08-29T06:46:05+00:00,iyohwan-ui-Macmini.local,3.12.14,f88372a,dwave.samplers.SimulatedAnnealingSampler,100,0.0005837079952470958,773,32,0,204,237,284,10,387,773,299.0625,1.360403885968794,1.0,388.0,,True,True
v300_s1_p10__h3__nored__r0,v300_s1_p10,300,1,0.1,0.09955257270693513,300,805,h3,3,False,True,0,2135052157,ok,,,89.70576666604029,,2026-08-29T06:46:31+00:00,iyohwan-ui-Macmini.local,3.12.14,f88372a,dwave.samplers.SimulatedAnnealingSampler,100,0.0006748749874532223,773,32,0,169,171,397,16,949,805,312.75,1.3892078887293604,1.0,308.0,,True,True
v300_s1_p10__h3__red__r0,v300_s1_p10,300,1,0.1,0.09955257270693513,300,805,h3,3,True,True,0,2135052157,ok,,,113.70384716702392,,2026-08-29T06:46:19+00:00,iyohwan-ui-Macmini.local,3.12.14,f88372a,dwave.samplers.SimulatedAnnealingSampler,100,0.0005921660340391099,773,32,0,204,237,293,10,465,773,305.25,1.394031984922998,1.0,352.0,,True,True
v300_s1_p10__h4__nored__r0,v300_s1_p10,300,1,0.1,0.09955257270693513,300,805,h4,4,False,True,0,2135052157,ok,,,446.78516116703395,,2026-08-29T06:47:50+00:00,iyohwan-ui-Macmini.local,3.12.14,f88372a,dwave.samplers.SimulatedAnnealingSampler,100,0.0006087500369176269,773,32,0,234,271,360,23,840,805,1463.8125,1.361759064606543,1.0,360.0,,True,True
v300_s1_p10__h4__red__r0,v300_s1_p10,300,1,0.1,0.09955257270693513,300,805,h4,4,True,True,0,2135052157,ok,,,419.80482937500346,,2026-08-29T06:47:26+00:00,iyohwan-ui-Macmini.local,3.12.14,f88372a,dwave.samplers.SimulatedAnnealingSampler,100,0.0006747499573975801,773,32,0,230,279,293,23,592,773,1478.859375,1.373739077347458,1.0,404.0,,True,True
v300_s1_p10__h2+3__nored__r0,v300_s1_p10,300,1,0.1,0.09955257270693513,300,805,h2+3,2+3,False,True,0,2135052157,ok,,,89.54796024999814,,2026-08-29T06:47:53+00:00,iyohwan-ui-Macmini.local,3.12.14,f88372a,dwave.samplers.SimulatedAnnealingSampler,100,0.0006199579802341759,773,32,0,169,171,397,16,949,805,319.328125,1.3839142379356866,1.0,272.0,,True,True
v300_s1_p10__h2+3__red__r0,v300_s1_p10,300,1,0.1,0.09955257270693513,300,805,h2+3,2+3,True,True,0,2135052157,ok,,,108.62091695802519,,2026-08-29T06:47:52+00:00,iyohwan-ui-Macmini.local,3.12.14,f88372a,dwave.samplers.SimulatedAnnealingSampler,100,0.0006384169682860374,773,32,0,204,237,296,10,465,773,273.390625,1.3839726071027487,1.0,356.0,,True,True
v300_s1_p10__h2+3+4__nored__r0,v300_s1_p10,300,1,0.1,0.09955257270693513,300,805,h2+3+4,2+3+4,False,True,0,2135052157,ok,,,463.53924912499497,,2026-08-29T06:48:13+00:00,iyohwan-ui-Macmini.local,3.12.14,f88372a,dwave.samplers.SimulatedAnnealingSampler,100,0.0006040000007487833,773,32,0,234,271,368,23,839,805,1463.75,1.3648184955137899,1.0,364.0,,True,True
v300_s1_p10__h2+3+4__red__r0,v300_s1_p10,300,1,0.1,0.09955257270693513,300,805,h2+3+4,2+3+4,True,True,0,2135052157,ok,,,442.15922237496125,,2026-08-29T06:48:02+00:00,iyohwan-ui-Macmini.local,3.12.14,f88372a,dwave.samplers.SimulatedAnnealingSampler,100,0.0005880829994566739,773,32,0,230,279,311,23,592,773,1491.421875,1.379590539894581,1.0,304.0,,True,True
v300_s1_p30__h2__nored__r0,v300_s1_p30,300,1,0.3,0.29977628635346754,300,626,h2,2,False,True,0,816737930,ok,,,23.785120417014696,,2026-08-29T06:49:41+00:00,iyohwan-ui-Macmini.local,3.12.14,f88372a,dwave.samplers.SimulatedAnnealingSampler,100,0.0007048330153338611,504,115,0,78,80,388,27,905,626,253.46875,1.4360796172423607,1.0,204.0,,True,True
v300_s1_p30__h2__red__r0,v300_s1_p30,300,1,0.3,0.29977628635346754,300,626,h2,2,True,True,0,816737930,ok,,,17.129273790982552,,2026-08-29T06:49:23+00:00,iyohwan-ui-Macmini.local,3.12.14,f88372a,dwave.samplers.SimulatedAnnealingSampler,100,0.000719917006790638,504,115,0,82,79,296,19,743,504,207.875,1.4500264373305034,1.0,160.0,,True,True
v300_s1_p30__h3__nored__r0,v300_s1_p30,300,1,0.3,0.29977628635346754,300,626,h3,3,False,True,0,816737930,ok,,,34.00916458299616,,2026-08-29T06:50:06+00:00,iyohwan-ui-Macmini.local,3.12.14,f88372a,dwave.samplers.SimulatedAnnealingSampler,100,0.0008272080449387431,504,115,0,130,144,277,16,580,626,258.15625,1.4313035249771557,1.0,216.0,,True,True
v300_s1_p30__h3__red__r0,v300_s1_p30,300,1,0.3,0.29977628635346754,300,626,h3,3,True,True,0,816737930,ok,,,24.75635958299972,,2026-08-29T06:49:41+00:00,iyohwan-ui-Macmini.local,3.12.14,f88372a,dwave.samplers.SimulatedAnnealingSampler,100,0.0007022919598966837,504,115,0,119,115,231,14,582,504,209.453125,1.4394757126928244,1.0,200.0,,True,True
v300_s1_p30__h4__nored__r0,v300_s1_p30,300,1,0.3,0.29977628635346754,300,626,h4,4,False,True,0,816737930,ok,,,140.72525391698582,,2026-08-29T06:50:40+00:00,iyohwan-ui-Macmini.local,3.12.14,f88372a,dwave.samplers.SimulatedAnnealingSampler,100,0.0006956669967621565,504,115,0,168,196,286,25,746,626,631.765625,1.4575785555021972,1.0,236.0,,True,True
v300_s1_p30__h4__red__r0,v300_s1_p30,300,1,0.3,0.29977628635346754,300,626,h4,4,True,True,0,816737930,ok,,,108.01236891699955,,2026-08-29T06:50:07+00:00,iyohwan-ui-Macmini.local,3.12.14,f88372a,dwave.samplers.SimulatedAnnealingSampler,100,0.0007349589723162353,504,115,0,160,170,239,36,777,504,676.03125,1.4473033789879228,1.0,252.0,,True,True
v300_s1_p30__h2+3__nored__r0,v300_s1_p30,300,1,0.3,0.29977628635346754,300,626,h2+3,2+3,False,True,0,816737930,ok,,,35.68832866696175,,2026-08-29T06:52:22+00:00,iyohwan-ui-Macmini.local,3.12.14,f88372a,dwave.samplers.SimulatedAnnealingSampler,100,0.0007447089883498847,504,115,0,130,144,277,16,580,626,251.84375,1.4298408318731495,1.0,204.0,,True,True
v300_s1_p30__h2+3__red__r0,v300_s1_p30,300,1,0.3,0.29977628635346754,300,626,h2+3,2+3,True,True,0,816737930,ok,,,25.417373292031698,,2026-08-29T06:51:56+00:00,iyohwan-ui-Macmini.local,3.12.14,f88372a,dwave.samplers.SimulatedAnnealingSampler,100,0.0007349170045927167,504,115,0,119,115,238,14,582,504,217.5,1.4452121091466132,1.0,184.0,,True,True
v300_s1_p30__h2+3+4__nored__r0,v300_s1_p30,300,1,0.3,0.29977628635346754,300,626,h2+3+4,2+3+4,False,True,0,816737930,ok,,,139.38574516697554,,2026-08-29T06:53:02+00:00,iyohwan-ui-Macmini.local,3.12.14,f88372a,dwave.samplers.SimulatedAnnealingSampler,100,0.0007392500410787761,504,115,0,168,196,297,25,753,626,637.5,1.44909081860142,1.0,220.0,,True,True
v300_s1_p30__h2+3+4__red__r0,v300_s1_p30,300,1,0.3,0.29977628635346754,300,626,h2+3+4,2+3+4,True,True,0,816737930,ok,,,108.92414258304052,,2026-08-29T06:52:58+00:00,iyohwan-ui-Macmini.local,3.12.14,f88372a,dwave.samplers.SimulatedAnnealingSampler,100,0.0006689589936286211,504,115,0,160,170,262,36,780,504,671.171875,1.4479960848328068,1.0,204.0,,True,True
v300_s1_p50__h2__nored__r0,v300_s1_p50,300,1,0.5,0.5,300,447,h2,2,False,True,0,1029945452,ok,,,8.401070957945194,,2026-08-29T06:54:31+00:00,iyohwan-ui-Macmini.local,3.12.14,f88372a,dwave.samplers.SimulatedAnnealingSampler,100,0.0007719589630141854,247,144,0,35,28,254,30,420,447,278.21875,1.6409973665006796,1.0,110.0,,True,True
v300_s1_p50__h2__red__r0,v300_s1_p50,300,1,0.5,0.5,300,447,h2,2,True,True,0,1029945452,ok,,,3.454725540999789,,2026-08-29T06:54:27+00:00,iyohwan-ui-Macmini.local,3.12.14,f88372a,dwave.samplers.SimulatedAnnealingSampler,100,0.0007722500013187528,247,144,0,37,31,135,21,275,247,187.0625,1.7055558416561403,1.0,90.0,,True,True
v300_s1_p50__h3__nored__r0,v300_s1_p50,300,1,0.5,0.5,300,447,h3,3,False,True,0,1029945452,ok,,,9.882496832986362,,2026-08-29T06:54:45+00:00,iyohwan-ui-Macmini.local,3.12.14,f88372a,dwave.samplers.SimulatedAnnealingSampler,100,0.0007224999717436731,247,144,0,59,71,185,20,426,447,264.375,1.6183221917435384,1.0,94.0,,True,True
v300_s1_p50__h3__red__r0,v300_s1_p50,300,1,0.5,0.5,300,447,h3,3,True,True,0,1029945452,ok,,,4.4483560000080615,,2026-08-29T06:54:40+00:00,iyohwan-ui-Macmini.local,3.12.14,f88372a,dwave.samplers.SimulatedAnnealingSampler,100,0.0007217079983092844,247,144,0,45,50,115,13,229,247,188.09375,1.8504903179009098,1.0,122.0,,True,True
v300_s1_p50__h4__nored__r0,v300_s1_p50,300,1,0.5,0.5,300,447,h4,4,False,True,0,1029945452,ok,,,14.776831125025637,,2026-08-29T06:54:56+00:00,iyohwan-ui-Macmini.local,3.12.14,f88372a,dwave.samplers.SimulatedAnnealingSampler,100,0.0007211249903775752,247,144,0,77,108,197,23,549,447,264.046875,1.7285351468486303,1.0,114.0,,True,True
v300_s1_p50__h4__red__r0,v300_s1_p50,300,1,0.5,0.5,300,447,h4,4,True,True,0,1029945452,ok,,,8.779815250018146,,2026-08-29T06:54:48+00:00,iyohwan-ui-Macmini.local,3.12.14,f88372a,dwave.samplers.SimulatedAnnealingSampler,100,0.000727917009498924,247,144,0,61,62,115,14,276,247,233.75,1.730709791199764,1.0,114.0,,True,True
v300_s1_p50__h2+3__nored__r0,v300_s1_p50,300,1,0.5,0.5,300,447,h2+3,2+3,False,True,0,1029945452,ok,,,10.649425250012428,,2026-08-29T06:55:03+00:00,iyohwan-ui-Macmini.local,3.12.14,f88372a,dwave.samplers.SimulatedAnnealingSampler,100,0.0007771250093355775,247,144,0,59,71,185,20,426,447,262.765625,1.6323471426380693,1.0,94.0,,True,True
v300_s1_p50__h2+3__red__r0,v300_s1_p50,300,1,0.5,0.5,300,447,h2+3,2+3,True,True,0,1029945452,ok,,,4.755032374989241,,2026-08-29T06:54:58+00:00,iyohwan-ui-Macmini.local,3.12.14,f88372a,dwave.samplers.SimulatedAnnealingSampler,100,0.0007127920398488641,247,144,0,45,50,116,13,229,247,184.890625,1.8142728992177348,1.0,130.0,,True,True
v300_s1_p50__h2+3+4__nored__r0,v300_s1_p50,300,1,0.5,0.5,300,447,h2+3+4,2+3+4,False,True,0,1029945452,ok,,,16.757980833004694,,2026-08-29T06:55:15+00:00,iyohwan-ui-Macmini.local,3.12.14,f88372a,dwave.samplers.SimulatedAnnealingSampler,100,0.0007495420286431909,247,144,0,77,108,199,23,556,447,262.46875,1.694947984413647,1.0,110.0,,True,True
v300_s1_p50__h2+3+4__red__r0,v300_s1_p50,300,1,0.5,0.5,300,447,h2+3+4,2+3+4,True,True,0,1029945452,ok,,,10.023877375002485,,2026-08-29T06:55:11+00:00,iyohwan-ui-Macmini.local,3.12.14,f88372a,dwave.samplers.SimulatedAnnealingSampler,100,0.0007013749564066529,247,144,0,61,62,124,14,282,247,247.546875,1.7405225558227093,1.0,138.0,,True,True
v400_s0_p0__h2__nored__r0,v400_s0_p0,400,0,0.0,0.0,400,1194,h2,2,False,True,0,2123453403,ok,,,247.1565955830156,,2026-08-29T06:55:22+00:00,iyohwan-ui-Macmini.local,3.12.14,f88372a,dwave.samplers.SimulatedAnnealingSampler,100,0.0010549169965088367,1194,0,0,219,225,643,16,1281,1194,498.296875,1.3532672007401787,1.0,472.0,,True,True
v400_s0_p0__h2__red__r0,v400_s0_p0,400,0,0.0,0.0,400,1194,h2,2,True,True,0,2123453403,ok,,,247.39876483299304,,2026-08-29T06:55:17+00:00,iyohwan-ui-Macmini.local,3.12.14,f88372a,dwave.samplers.SimulatedAnnealingSampler,100,0.001125333015806973,1194,0,0,219,225,643,16,1281,1194,505.890625,1.3532672007401787,1.0,472.0,,True,True
v400_s0_p0__h3__nored__r0,v400_s0_p0,400,0,0.0,0.0,400,1194,h3,3,False,True,0,2123453403,ok,,,458.2926965839579,,2026-08-29T06:55:25+00:00,iyohwan-ui-Macmini.local,3.12.14,f88372a,dwave.samplers.SimulatedAnnealingSampler,100,0.0011314169969409704,1194,0,0,327,374,442,10,606,1194,507.078125,1.3712445995943627,1.0,592.0,,True,True
v400_s0_p0__h3__red__r0,v400_s0_p0,400,0,0.0,0.0,400,1194,h3,3,True,True,0,2123453403,ok,,,454.51500479201786,,2026-08-29T06:55:22+00:00,iyohwan-ui-Macmini.local,3.12.14,f88372a,dwave.samplers.SimulatedAnnealingSampler,100,0.0010334169492125511,1194,0,0,327,374,442,10,606,1194,518.46875,1.3712445995943627,1.0,592.0,,True,True
v400_s0_p0__h4__nored__r0,v400_s0_p0,400,0,0.0,0.0,400,1194,h4,4,False,True,0,2123453403,ok,,,1342.8553955829702,,2026-08-29T06:55:58+00:00,iyohwan-ui-Macmini.local,3.12.14,f88372a,dwave.samplers.SimulatedAnnealingSampler,100,0.0011314169969409704,1194,0,0,360,417,484,17,987,1194,2830.046875,1.358481993674772,1.0,736.0,,True,True
v400_s0_p0__h4__red__r0,v400_s0_p0,400,0,0.0,0.0,400,1194,h4,4,True,True,0,2123453403,ok,,,1358.9145914170076,,2026-08-29T06:55:32+00:00,iyohwan-ui-Macmini.local,3.12.14,f88372a,dwave.samplers.SimulatedAnnealingSampler,100,0.0011280839680694044,1194,0,0,360,417,484,17,987,1194,2865.59375,1.358481993674772,1.0,736.0,,True,True
v400_s0_p0__h2+3__nored__r0,v400_s0_p0,400,0,0.0,0.0,400,1194,h2+3,2+3,False,True,0,2123453403,ok,,,452.578458916978,,2026-08-29T06:57:09+00:00,iyohwan-ui-Macmini.local,3.12.14,f88372a,dwave.samplers.SimulatedAnnealingSampler,100,0.001170167000964284,1194,0,0,327,374,442,10,606,1194,503.109375,1.3707422574294335,1.0,612.0,,True,True
v400_s0_p0__h2+3__red__r0,v400_s0_p0,400,0,0.0,0.0,400,1194,h2+3,2+3,True,True,0,2123453403,ok,,,469.3083140840172,,2026-08-29T06:56:51+00:00,iyohwan-ui-Macmini.local,3.12.14,f88372a,dwave.samplers.SimulatedAnnealingSampler,100,0.0011963750002905726,1194,0,0,327,374,442,10,606,1194,520.453125,1.3707422574294335,1.0,612.0,,True,True
v400_s0_p0__h2+3+4__nored__r0,v400_s0_p0,400,0,0.0,0.0,400,1194,h2+3+4,2+3+4,False,True,0,2123453403,ok,,,1415.0588369169855,,2026-08-29T06:57:43+00:00,iyohwan-ui-Macmini.local,3.12.14,f88372a,dwave.samplers.SimulatedAnnealingSampler,100,0.0012226669932715595,1194,0,0,360,417,484,17,988,1194,2848.84375,1.355116063969562,1.0,720.0,,True,True
v400_s0_p0__h2+3+4__red__r0,v400_s0_p0,400,0,0.0,0.0,400,1194,h2+3+4,2+3+4,True,True,0,2123453403,ok,,,1433.472138083016,,2026-08-29T06:57:30+00:00,iyohwan-ui-Macmini.local,3.12.14,f88372a,dwave.samplers.SimulatedAnnealingSampler,100,0.00120449997484684,1194,0,0,360,417,484,17,988,1194,2865.375,1.355116063969562,1.0,720.0,,True,True
v400_s0_p10__h2__nored__r0,v400_s0_p10,400,0,0.1,0.09966499162479062,400,1075,h2,2,False,True,0,803517079,ok,,,155.22702387499157,,2026-08-29T06:59:30+00:00,iyohwan-ui-Macmini.local,3.12.14,f88372a,dwave.samplers.SimulatedAnnealingSampler,100,0.0014588749618269503,1017,57,0,203,198,574,19,1126,1075,472.046875,1.3642942624420424,1.0,362.0,,True,True
v400_s0_p10__h2__red__r0,v400_s0_p10,400,0,0.1,0.09966499162479062,400,1075,h2,2,True,True,0,803517079,ok,,,136.65288370801136,,2026-08-29T06:59:25+00:00,iyohwan-ui-Macmini.local,3.12.14,f88372a,dwave.samplers.SimulatedAnnealingSampler,100,0.001361292030196637,1017,57,0,176,160,588,28,1454,1017,367.3125,1.3690911877910843,1.0,358.0,,True,True
v400_s0_p10__h3__nored__r0,v400_s0_p10,400,0,0.1,0.09966499162479062,400,1075,h3,3,False,True,0,803517079,ok,,,300.00278687500395,,2026-08-29T07:02:06+00:00,iyohwan-ui-Macmini.local,3.12.14,f88372a,dwave.samplers.SimulatedAnnealingSampler,100,0.0012814169749617577,1017,57,0,288,337,421,12,695,1075,368.84375,1.3931291994870072,1.0,510.0,,True,True
v400_s0_p10__h3__red__r0,v400_s0_p10,400,0,0.1,0.09966499162479062,400,1075,h3,3,True,True,0,803517079,ok,,,256.7351590420003,,2026-08-29T07:01:43+00:00,iyohwan-ui-Macmini.local,3.12.14,f88372a,dwave.samplers.SimulatedAnnealingSampler,100,0.0013242079876363277,1017,57,0,269,295,416,14,940,1017,312.78125,1.36928519214727,1.0,414.0,,True,True
v400_s0_p10__h4__nored__r0,v400_s0_p10,400,0,0.1,0.09966499162479062,400,1075,h4,4,False,True,0,803517079,ok,,,976.8831490000011,,2026-08-29T07:03:04+00:00,iyohwan-ui-Macmini.local,3.12.14,f88372a,dwave.samplers.SimulatedAnnealingSampler,100,0.001286833023186773,1017,57,0,357,437,347,16,640,1075,2144.328125,1.3724926825995316,1.0,546.0,,True,True
v400_s0_p10__h4__red__r0,v400_s0_p10,400,0,0.1,0.09966499162479062,400,1075,h4,4,True,True,0,803517079,ok,,,875.5987211670144,,2026-08-29T07:02:57+00:00,iyohwan-ui-Macmini.local,3.12.14,f88372a,dwave.samplers.SimulatedAnnealingSampler,100,0.0013818750157952309,1017,57,0,325,382,439,32,1123,1017,2237.984375,1.3764350310301205,1.0,470.0,,True,True
v400_s0_p10__h2+3__nored__r0,v400_s0_p10,400,0,0.1,0.09966499162479062,400,1075,h2+3,2+3,False,True,0,803517079,ok,,,302.1245793750277,,2026-08-29T07:04:42+00:00,iyohwan-ui-Macmini.local,3.12.14,f88372a,dwave.samplers.SimulatedAnnealingSampler,100,0.001318915979936719,1017,57,0,288,337,421,12,695,1075,470.203125,1.3922744286312634,1.0,522.0,,True,True
v400_s0_p10__h2+3__red__r0,v400_s0_p10,400,0,0.1,0.09966499162479062,400,1075,h2+3,2+3,True,True,0,803517079,ok,,,260.42943800002104,,2026-08-29T07:04:42+00:00,iyohwan-ui-Macmini.local,3.12.14,f88372a,dwave.samplers.SimulatedAnnealingSampler,100,0.0013439159956760705,1017,57,0,269,295,420,14,940,1017,374.375,1.3704084765487243,1.0,450.0,,True,True
v400_s0_p10__h2+3+4__nored__r0,v400_s0_p10,400,0,0.1,0.09966499162479062,400,1075,h2+3+4,2+3+4,False,True,0,803517079,ok,,,967.549052959017,,2026-08-29T07:07:07+00:00,iyohwan-ui-Macmini.local,3.12.14,f88372a,dwave.samplers.SimulatedAnnealingSampler,100,0.0012926249764859676,1017,57,0,357,437,362,16,647,1075,2141.328125,1.3709436388592422,1.0,474.0,,True,True
v400_s0_p10__h2+3+4__red__r0,v400_s0_p10,400,0,0.1,0.09966499162479062,400,1075,h2+3+4,2+3+4,True,True,0,803517079,ok,,,888.239185625047,,2026-08-29T07:06:00+00:00,iyohwan-ui-Macmini.local,3.12.14,f88372a,dwave.samplers.SimulatedAnnealingSampler,100,0.0013698340044356883,1017,57,0,325,382,453,32,1124,1017,2281.671875,1.3749413563672774,1.0,502.0,,True,True
v400_s0_p30__h2__nored__r0,v400_s0_p30,400,0,0.3,0.2998324958123953,400,836,h2,2,False,True,0,1261094667,ok,,,40.644952124974225,,2026-08-29T07:09:35+00:00,iyohwan-ui-Macmini.local,3.12.14,f88372a,dwave.samplers.SimulatedAnnealingSampler,100,0.0016298750415444374,668,156,0,96,80,546,56,1384,836,309.859375,1.3987752938896263,1.0,196.0,,True,True
v400_s0_p30__h2__red__r0,v400_s0_p30,400,0,0.3,0.2998324958123953,400,836,h2,2,True,True,0,1261094667,ok,,,31.557133459020406,,2026-08-29T07:09:03+00:00,iyohwan-ui-Macmini.local,3.12.14,f88372a,dwave.samplers.SimulatedAnnealingSampler,100,0.0015225000097416341,668,156,0,92,68,444,28,1264,668,268.4375,1.4065168501612668,1.0,224.0,,True,True
v400_s0_p30__h3__nored__r0,v400_s0_p30,400,0,0.3,0.2998324958123953,400,836,h3,3,False,True,0,1261094667,ok,,,111.49561245803488,,2026-08-29T07:10:17+00:00,iyohwan-ui-Macmini.local,3.12.14,f88372a,dwave.samplers.SimulatedAnnealingSampler,100,0.0017094169743359089,668,156,0,223,273,283,16,541,836,343.578125,1.4158871782632698,1.0,216.0,,True,True
v400_s0_p30__h3__red__r0,v400_s0_p30,400,0,0.3,0.2998324958123953,400,836,h3,3,True,True,0,1261094667,ok,,,64.41112037503626,,2026-08-29T07:09:45+00:00,iyohwan-ui-Macmini.local,3.12.14,f88372a,dwave.samplers.SimulatedAnnealingSampler,100,0.0016035839798860252,668,156,0,161,171,318,12,747,668,265.15625,1.399598221745009,1.0,220.0,,True,True
v400_s0_p30__h4__nored__r0,v400_s0_p30,400,0,0.3,0.2998324958123953,400,836,h4,4,False,True,0,1261094667,ok,,,277.44925662496826,,2026-08-29T07:12:09+00:00,iyohwan-ui-Macmini.local,3.12.14,f88372a,dwave.samplers.SimulatedAnnealingSampler,100,0.0017214170075021684,668,156,0,256,307,276,20,602,836,789.328125,1.4166763734734604,1.0,264.0,,True,True
v400_s0_p30__h4__red__r0,v400_s0_p30,400,0,0.3,0.2998324958123953,400,836,h4,4,True,True,0,1261094667,ok,,,254.4130557909957,,2026-08-29T07:10:50+00:00,iyohwan-ui-Macmini.local,3.12.14,f88372a,dwave.samplers.SimulatedAnnealingSampler,100,0.00161070900503546,668,156,0,208,249,325,22,861,668,1120.578125,1.4117466757172474,1.0,232.0,,True,True
v400_s0_p30__h2+3__nored__r0,v400_s0_p30,400,0,0.3,0.2998324958123953,400,836,h2+3,2+3,False,True,0,1261094667,ok,,,117.1488199160085,,2026-08-29T07:16:19+00:00,iyohwan-ui-Macmini.local,3.12.14,f88372a,dwave.samplers.SimulatedAnnealingSampler,100,0.0015156670124270022,668,156,0,223,273,283,16,541,836,289.15625,1.4200392598561513,1.0,224.0,,True,True
v400_s0_p30__h2+3__red__r0,v400_s0_p30,400,0,0.3,0.2998324958123953,400,836,h2+3,2+3,True,True,0,1261094667,ok,,,72.02312720799819,,2026-08-29T07:15:06+00:00,iyohwan-ui-Macmini.local,3.12.14,f88372a,dwave.samplers.SimulatedAnnealingSampler,100,0.0014787919935770333,668,156,0,161,171,324,12,747,668,265.4375,1.4055144284323782,1.0,244.0,,True,True
v400_s0_p30__h2+3+4__nored__r0,v400_s0_p30,400,0,0.3,0.2998324958123953,400,836,h2+3+4,2+3+4,False,True,0,1261094667,ok,,,273.4877141249599,,2026-08-29T07:17:34+00:00,iyohwan-ui-Macmini.local,3.12.14,f88372a,dwave.samplers.SimulatedAnnealingSampler,100,0.0015944589977152646,668,156,0,256,307,293,20,606,836,815.46875,1.415009632215551,1.0,228.0,,True,True
v400_s0_p30__h2+3+4__red__r0,v400_s0_p30,400,0,0.3,0.2998324958123953,400,836,h2+3+4,2+3+4,True,True,0,1261094667,ok,,,238.21045154199237,,2026-08-29T07:16:47+00:00,iyohwan-ui-Macmini.local,3.12.14,f88372a,dwave.samplers.SimulatedAnnealingSampler,100,0.0015898330020718277,668,156,0,208,249,345,22,868,668,1090.15625,1.4155883110555723,1.0,240.0,,True,True
v400_s0_p50__h2__nored__r0,v400_s0_p50,400,0,0.5,0.5,400,597,h2,2,False,True,0,1995264793,ok,,,14.376469792041462,,2026-08-29T07:18:17+00:00,iyohwan-ui-Macmini.local,3.12.14,f88372a,dwave.samplers.SimulatedAnnealingSampler,100,0.0009708339930512011,336,193,0,27,23,442,94,858,597,385.5625,1.6395625573258452,1.0,114.0,,True,True
v400_s0_p50__h2__red__r0,v400_s0_p50,400,0,0.5,0.5,400,597,h2,2,True,True,0,1995264793,ok,,,5.7452027079998516,,2026-08-29T07:18:12+00:00,iyohwan-ui-Macmini.local,3.12.14,f88372a,dwave.samplers.SimulatedAnnealingSampler,100,0.000960292003583163,336,193,0,33,22,223,32,536,336,199.890625,1.616670721926439,1.0,118.0,,True,True
v400_s0_p50__h3__nored__r0,v400_s0_p50,400,0,0.5,0.5,400,597,h3,3,False,True,0,1995264793,ok,,,16.056714457983617,,2026-08-29T07:18:21+00:00,iyohwan-ui-Macmini.local,3.12.14,f88372a,dwave.samplers.SimulatedAnnealingSampler,100,0.0010472919675521553,336,193,0,54,49,345,29,1054,597,311.6875,1.6429796745132592,1.0,122.0,,True,True
v400_s0_p50__h3__red__r0,v400_s0_p50,400,0,0.5,0.5,400,597,h3,3,True,True,0,1995264793,ok,,,8.150730166991707,,2026-08-29T07:18:18+00:00,iyohwan-ui-Macmini.local,3.12.14,f88372a,dwave.samplers.SimulatedAnnealingSampler,100,0.0009782079723663628,336,193,0,47,47,189,15,540,336,206.53125,1.685898053926902,1.0,122.0,,True,True
v400_s0_p50__h4__nored__r0,v400_s0_p50,400,0,0.5,0.5,400,597,h4,4,False,True,0,1995264793,ok,,,33.123689875006676,,2026-08-29T07:18:32+00:00,iyohwan-ui-Macmini.local,3.12.14,f88372a,dwave.samplers.SimulatedAnnealingSampler,100,0.0009729170124046504,336,193,0,127,171,135,12,172,597,310.6875,1.6568338398583948,1.0,126.0,,True,True
v400_s0_p50__h4__red__r0,v400_s0_p50,400,0,0.5,0.5,400,597,h4,4,True,True,0,1995264793,ok,,,23.908256124996115,,2026-08-29T07:18:27+00:00,iyohwan-ui-Macmini.local,3.12.14,f88372a,dwave.samplers.SimulatedAnnealingSampler,100,0.0009914999827742577,336,193,0,72,86,183,21,543,336,305.765625,,0.0,146.0,,False,True
v400_s0_p50__h2+3__nored__r0,v400_s0_p50,400,0,0.5,0.5,400,597,h2+3,2+3,False,True,0,1995264793,ok,,,16.979576874990016,,2026-08-29T07:18:47+00:00,iyohwan-ui-Macmini.local,3.12.14,f88372a,dwave.samplers.SimulatedAnnealingSampler,100,0.000964208971709013,336,193,0,54,49,345,29,1054,597,315.859375,1.6441950865378896,1.0,122.0,,True,True
v400_s0_p50__h2+3__red__r0,v400_s0_p50,400,0,0.5,0.5,400,597,h2+3,2+3,True,True,0,1995264793,ok,,,8.656693666998763,,2026-08-29T07:18:38+00:00,iyohwan-ui-Macmini.local,3.12.14,f88372a,dwave.samplers.SimulatedAnnealingSampler,100,0.000980457989498973,336,193,0,47,47,190,15,540,336,201.171875,1.689916960789277,1.0,130.0,,True,True
v400_s0_p50__h2+3+4__nored__r0,v400_s0_p50,400,0,0.5,0.5,400,597,h2+3+4,2+3+4,False,True,0,1995264793,ok,,,36.47556720796274,,2026-08-29T07:19:05+00:00,iyohwan-ui-Macmini.local,3.12.14,f88372a,dwave.samplers.SimulatedAnnealingSampler,100,0.0009930409723892808,336,193,0,127,171,136,12,176,597,312.96875,1.6540125758571582,1.0,122.0,,True,True
v400_s0_p50__h2+3+4__red__r0,v400_s0_p50,400,0,0.5,0.5,400,597,h2+3+4,2+3+4,True,True,0,1995264793,ok,,,26.357718833023682,,2026-08-29T07:18:52+00:00,iyohwan-ui-Macmini.local,3.12.14,f88372a,dwave.samplers.SimulatedAnnealingSampler,100,0.001496999990195036,336,193,0,72,86,195,21,555,336,314.4375,1.6869684919648087,1.0,182.0,,True,True
v400_s1_p0__h2__nored__r0,v400_s1_p0,400,1,0.0,0.0,400,1194,h2,2,False,True,0,1393096903,ok,,,211.07964570901822,,2026-08-29T07:19:19+00:00,iyohwan-ui-Macmini.local,3.12.14,f88372a,dwave.samplers.SimulatedAnnealingSampler,100,0.0012039999710395932,1194,0,0,156,159,764,33,1937,1194,507.734375,1.3504032999167115,1.0,444.0,,True,True
v400_s1_p0__h2__red__r0,v400_s1_p0,400,1,0.0,0.0,400,1194,h2,2,True,True,0,1393096903,ok,,,205.82077254203614,,2026-08-29T07:19:06+00:00,iyohwan-ui-Macmini.local,3.12.14,f88372a,dwave.samplers.SimulatedAnnealingSampler,100,0.001141333021223545,1194,0,0,156,159,764,33,1937,1194,407.609375,1.3504032999167115,1.0,444.0,,True,True
v400_s1_p0__h3__nored__r0,v400_s1_p0,400,1,0.0,0.0,400,1194,h3,3,False,True,0,1393096903,ok,,,271.31299054197734,,2026-08-29T07:19:42+00:00,iyohwan-ui-Macmini.local,3.12.14,f88372a,dwave.samplers.SimulatedAnnealingSampler,100,0.0012317500077188015,1194,0,0,223,223,641,19,1514,1194,510.703125,1.3840817072444698,1.0,524.0,,True,True
v400_s1_p0__h3__red__r0,v400_s1_p0,400,1,0.0,0.0,400,1194,h3,3,True,True,0,1393096903,ok,,,271.2109150829492,,2026-08-29T07:19:22+00:00,iyohwan-ui-Macmini.local,3.12.14,f88372a,dwave.samplers.SimulatedAnnealingSampler,100,0.001155041973106563,1194,0,0,223,223,641,19,1514,1194,518.328125,1.3840817072444698,1.0,524.0,,True,True
v400_s1_p0__h4__nored__r0,v400_s1_p0,400,1,0.0,0.0,400,1194,h4,4,False,True,0,1393096903,ok,,,1447.298971292039,,2026-08-29T07:20:49+00:00,iyohwan-ui-Macmini.local,3.12.14,f88372a,dwave.samplers.SimulatedAnnealingSampler,100,0.001196208002511412,1194,0,0,374,432,447,16,818,1194,3398.796875,1.3564291457813071,1.0,728.0,,True,True
v400_s1_p0__h4__red__r0,v400_s1_p0,400,1,0.0,0.0,400,1194,h4,4,True,True,0,1393096903,ok,,,1442.543417290959,,2026-08-29T07:20:46+00:00,iyohwan-ui-Macmini.local,3.12.14,f88372a,dwave.samplers.SimulatedAnnealingSampler,100,0.001101040979847312,1194,0,0,374,432,447,16,818,1194,3454.109375,1.3564291457813071,1.0,728.0,,True,True
v400_s1_p0__h2+3__nored__r0,v400_s1_p0,400,1,0.0,0.0,400,1194,h2+3,2+3,False,True,0,1393096903,ok,,,277.5828168329899,,2026-08-29T07:21:25+00:00,iyohwan-ui-Macmini.local,3.12.14,f88372a,dwave.samplers.SimulatedAnnealingSampler,100,0.00122637499589473,1194,0,0,223,223,641,19,1514,1194,497.578125,1.3845516096791364,1.0,568.0,,True,True
v400_s1_p0__h2+3__red__r0,v400_s1_p0,400,1,0.0,0.0,400,1194,h2+3,2+3,True,True,0,1393096903,ok,,,278.6482329159626,,2026-08-29T07:21:19+00:00,iyohwan-ui-Macmini.local,3.12.14,f88372a,dwave.samplers.SimulatedAnnealingSampler,100,0.0010654579964466393,1194,0,0,223,223,641,19,1514,1194,402.796875,1.3845516096791364,1.0,568.0,,True,True
v400_s1_p0__h2+3+4__nored__r0,v400_s1_p0,400,1,0.0,0.0,400,1194,h2+3+4,2+3+4,False,True,0,1393096903,ok,,,1498.1088192079915,,2026-08-29T07:22:32+00:00,iyohwan-ui-Macmini.local,3.12.14,f88372a,dwave.samplers.SimulatedAnnealingSampler,100,0.0012294590123929083,1194,0,0,374,432,447,16,812,1194,3472.078125,1.3580999746392002,1.0,668.0,,True,True
v400_s1_p0__h2+3+4__red__r0,v400_s1_p0,400,1,0.0,0.0,400,1194,h2+3+4,2+3+4,True,True,0,1393096903,ok,,,1499.594229166978,,2026-08-29T07:22:08+00:00,iyohwan-ui-Macmini.local,3.12.14,f88372a,dwave.samplers.SimulatedAnnealingSampler,100,0.001139041967689991,1194,0,0,374,432,447,16,812,1194,3043.703125,1.3580999746392002,1.0,668.0,,True,True
v400_s1_p10__h2__nored__r0,v400_s1_p10,400,1,0.1,0.09966499162479062,400,1075,h2,2,False,True,0,987913145,ok,,,153.29502041696105,,2026-08-29T07:23:15+00:00,iyohwan-ui-Macmini.local,3.12.14,f88372a,dwave.samplers.SimulatedAnnealingSampler,100,0.0013442919589579105,1026,49,0,185,191,600,23,1162,1075,469.984375,1.368889470700763,1.0,384.0,,True,True
v400_s1_p10__h2__red__r0,v400_s1_p10,400,1,0.1,0.09966499162479062,400,1075,h2,2,True,True,0,987913145,ok,,,158.88859216700075,,2026-08-29T07:22:51+00:00,iyohwan-ui-Macmini.local,3.12.14,f88372a,dwave.samplers.SimulatedAnnealingSampler,100,0.0014649580116383731,1026,49,0,196,196,542,15,983,1026,358.9375,1.3734623388831186,1.0,460.0,,True,True
v400_s1_p10__h3__nored__r0,v400_s1_p10,400,1,0.1,0.09966499162479062,400,1075,h3,3,False,True,0,987913145,ok,,,193.86051475000568,,2026-08-29T07:24:15+00:00,iyohwan-ui-Macmini.local,3.12.14,f88372a,dwave.samplers.SimulatedAnnealingSampler,100,0.001309957995545119,1026,49,0,213,225,550,15,1356,1075,480.359375,1.3762728696743862,1.0,448.0,,True,True
v400_s1_p10__h3__red__r0,v400_s1_p10,400,1,0.1,0.09966499162479062,400,1075,h3,3,True,True,0,987913145,ok,,,197.6250817910186,,2026-08-29T07:23:54+00:00,iyohwan-ui-Macmini.local,3.12.14,f88372a,dwave.samplers.SimulatedAnnealingSampler,100,0.001279874995816499,1026,49,0,234,250,478,15,947,1026,479.734375,1.3831251342644446,1.0,408.0,,True,True
v400_s1_p10__h4__nored__r0,v400_s1_p10,400,1,0.1,0.09966499162479062,400,1075,h4,4,False,True,0,987913145,ok,,,1006.0080950830015,,2026-08-29T07:25:49+00:00,iyohwan-ui-Macmini.local,3.12.14,f88372a,dwave.samplers.SimulatedAnnealingSampler,100,0.0013450420228764415,1026,49,0,312,366,498,19,1143,1075,2351.453125,1.3816744838287855,1.0,516.0,,True,True
v400_s1_p10__h4__red__r0,v400_s1_p10,400,1,0.1,0.09966499162479062,400,1075,h4,4,True,True,0,987913145,ok,,,992.7615150000202,,2026-08-29T07:25:31+00:00,iyohwan-ui-Macmini.local,3.12.14,f88372a,dwave.samplers.SimulatedAnnealingSampler,100,0.0014044580166228116,1026,49,0,350,418,325,28,598,1026,2351.234375,1.3967903464018576,1.0,500.0,,True,True
v400_s1_p10__h2+3__nored__r0,v400_s1_p10,400,1,0.1,0.09966499162479062,400,1075,h2+3,2+3,False,True,0,987913145,ok,,,189.62423924996983,,2026-08-29T07:26:03+00:00,iyohwan-ui-Macmini.local,3.12.14,f88372a,dwave.samplers.SimulatedAnnealingSampler,100,0.0012986250221729279,1026,49,0,213,225,550,15,1356,1075,481.84375,1.3875590016710466,1.0,444.0,,True,True
v400_s1_p10__h2+3__red__r0,v400_s1_p10,400,1,0.1,0.09966499162479062,400,1075,h2+3,2+3,True,True,0,987913145,ok,,,194.32706570799928,,2026-08-29T07:25:58+00:00,iyohwan-ui-Macmini.local,3.12.14,f88372a,dwave.samplers.SimulatedAnnealingSampler,100,0.0012832910288125277,1026,49,0,234,250,480,15,947,1026,384.09375,1.3876620942238427,1.0,504.0,,True,True
v400_s1_p10__h2+3+4__nored__r0,v400_s1_p10,400,1,0.1,0.09966499162479062,400,1075,h2+3+4,2+3+4,False,True,0,987913145,ok,,,1023.0454682910349,,2026-08-29T07:27:29+00:00,iyohwan-ui-Macmini.local,3.12.14,f88372a,dwave.samplers.SimulatedAnnealingSampler,100,0.0013629580498673022,1026,49,0,312,366,504,19,1150,1075,2360.5,1.3837893692566237,1.0,516.0,,True,True
v400_s1_p10__h2+3+4__red__r0,v400_s1_p10,400,1,0.1,0.09966499162479062,400,1075,h2+3+4,2+3+4,True,True,0,987913145,ok,,,1039.5288622499793,,2026-08-29T07:27:12+00:00,iyohwan-ui-Macmini.local,3.12.14,f88372a,dwave.samplers.SimulatedAnnealingSampler,100,0.0013842080370523036,1026,49,0,350,418,338,28,603,1026,2383.15625,1.3947876909537114,1.0,452.0,,True,True
v400_s1_p30__h2__nored__r0,v400_s1_p30,400,1,0.3,0.2998324958123953,400,836,h2,2,False,True,0,310999946,ok,,,45.203062332991976,,2026-08-29T07:29:13+00:00,iyohwan-ui-Macmini.local,3.12.14,f88372a,dwave.samplers.SimulatedAnnealingSampler,100,0.001575667003635317,686,134,0,105,97,516,37,1146,836,365.671875,1.4315436458210384,1.0,242.0,,True,True
v400_s1_p30__h2__red__r0,v400_s1_p30,400,1,0.3,0.2998324958123953,400,836,h2,2,True,True,0,310999946,ok,,,39.10575325001264,,2026-08-29T07:29:13+00:00,iyohwan-ui-Macmini.local,3.12.14,f88372a,dwave.samplers.SimulatedAnnealingSampler,100,0.0016566659905947745,686,134,0,138,124,351,22,718,686,266.25,1.4347715295183732,1.0,318.0,,True,True
v400_s1_p30__h3__nored__r0,v400_s1_p30,400,1,0.3,0.2998324958123953,400,836,h3,3,False,True,0,310999946,ok,,,102.62267933401745,,2026-08-29T07:30:00+00:00,iyohwan-ui-Macmini.local,3.12.14,f88372a,dwave.samplers.SimulatedAnnealingSampler,100,0.001452916010748595,686,134,0,222,276,264,14,419,836,340.9375,1.4536011780444762,1.0,282.0,,True,True
v400_s1_p30__h3__red__r0,v400_s1_p30,400,1,0.3,0.2998324958123953,400,836,h3,3,True,True,0,310999946,ok,,,69.29826504096854,,2026-08-29T07:29:53+00:00,iyohwan-ui-Macmini.local,3.12.14,f88372a,dwave.samplers.SimulatedAnnealingSampler,100,0.0017177499830722809,686,134,0,166,188,298,17,633,686,273.875,1.4714334621276706,1.0,282.0,,True,True
v400_s1_p30__h4__nored__r0,v400_s1_p30,400,1,0.3,0.2998324958123953,400,836,h4,4,False,True,0,310999946,ok,,,312.8798069580225,,2026-08-29T07:31:43+00:00,iyohwan-ui-Macmini.local,3.12.14,f88372a,dwave.samplers.SimulatedAnnealingSampler,100,0.0014009169535711408,686,134,0,250,331,272,22,603,836,1029.6875,1.4535265669135509,1.0,226.0,,True,True
v400_s1_p30__h4__red__r0,v400_s1_p30,400,1,0.3,0.2998324958123953,400,836,h4,4,True,True,0,310999946,ok,,,278.7539855830255,,2026-08-29T07:31:04+00:00,iyohwan-ui-Macmini.local,3.12.14,f88372a,dwave.samplers.SimulatedAnnealingSampler,100,0.0014935419894754887,686,134,0,246,298,152,11,211,686,1069.25,1.4502257628199045,1.0,350.0,,True,True
v400_s1_p30__h2+3__nored__r0,v400_s1_p30,400,1,0.3,0.2998324958123953,400,836,h2+3,2+3,False,True,0,310999946,ok,,,109.9281344160554,,2026-08-29T07:36:57+00:00,iyohwan-ui-Macmini.local,3.12.14,f88372a,dwave.samplers.SimulatedAnnealingSampler,100,0.0014589999918825924,686,134,0,222,276,264,14,419,836,283.890625,1.4445868714446677,1.0,270.0,,True,True
v400_s1_p30__h2+3__red__r0,v400_s1_p30,400,1,0.3,0.2998324958123953,400,836,h2+3,2+3,True,True,0,310999946,ok,,,72.4739123749896,,2026-08-29T07:35:43+00:00,iyohwan-ui-Macmini.local,3.12.14,f88372a,dwave.samplers.SimulatedAnnealingSampler,100,0.0013804170303046703,686,134,0,166,188,304,17,633,686,321.328125,1.46442235797842,1.0,290.0,,True,True
v400_s1_p30__h2+3+4__nored__r0,v400_s1_p30,400,1,0.3,0.2998324958123953,400,836,h2+3+4,2+3+4,False,True,0,310999946,ok,,,281.32534825004404,,2026-08-29T07:38:47+00:00,iyohwan-ui-Macmini.local,3.12.14,f88372a,dwave.samplers.SimulatedAnnealingSampler,100,0.0014530000044032931,686,134,0,250,331,288,22,605,836,1031.140625,1.4548992247485917,1.0,246.0,,True,True
v400_s1_p30__h2+3+4__red__r0,v400_s1_p30,400,1,0.3,0.2998324958123953,400,836,h2+3+4,2+3+4,True,True,0,310999946,ok,,,275.0586876660236,,2026-08-29T07:36:57+00:00,iyohwan-ui-Macmini.local,3.12.14,f88372a,dwave.samplers.SimulatedAnnealingSampler,100,0.0014672079705633223,686,134,0,246,298,187,11,212,686,1105.515625,1.4386423872182343,1.0,286.0,,True,True
v400_s1_p50__h2__nored__r0,v400_s1_p50,400,1,0.5,0.5,400,597,h2,2,False,True,0,1935590764,ok,,,14.892215374973603,,2026-08-29T07:41:39+00:00,iyohwan-ui-Macmini.local,3.12.14,f88372a,dwave.samplers.SimulatedAnnealingSampler,100,0.0009322079713456333,329,187,0,31,29,433,59,890,597,366.171875,1.7115773193321624,1.0,100.0,,True,True
v400_s1_p50__h2__red__r0,v400_s1_p50,400,1,0.5,0.5,400,597,h2,2,True,True,0,1935590764,ok,,,5.882995208026841,,2026-08-29T07:41:33+00:00,iyohwan-ui-Macmini.local,3.12.14,f88372a,dwave.samplers.SimulatedAnnealingSampler,100,0.0008864999981597066,329,187,0,29,27,230,39,596,329,204.25,1.711582738968157,1.0,104.0,,True,True
v400_s1_p50__h3__nored__r0,v400_s1_p50,400,1,0.5,0.5,400,597,h3,3,False,True,0,1935590764,ok,,,17.038147584011313,,2026-08-29T07:42:04+00:00,iyohwan-ui-Macmini.local,3.12.14,f88372a,dwave.samplers.SimulatedAnnealingSampler,100,0.000934917014092207,329,187,0,65,68,307,20,755,597,322.140625,1.6467875864390014,1.0,112.0,,True,True
v400_s1_p50__h3__red__r0,v400_s1_p50,400,1,0.5,0.5,400,597,h3,3,True,True,0,1935590764,ok,,,8.961654917045962,,2026-08-29T07:41:55+00:00,iyohwan-ui-Macmini.local,3.12.14,f88372a,dwave.samplers.SimulatedAnnealingSampler,100,0.0009432079968973994,329,187,0,65,71,144,12,300,329,197.265625,1.6865112998427334,1.0,140.0,,True,True
v400_s1_p50__h4__nored__r0,v400_s1_p50,400,1,0.5,0.5,400,597,h4,4,False,True,0,1935590764,ok,,,28.924242999986745,,2026-08-29T07:42:22+00:00,iyohwan-ui-Macmini.local,3.12.14,f88372a,dwave.samplers.SimulatedAnnealingSampler,100,0.0009703329997137189,329,187,0,92,132,303,25,834,597,359.109375,1.6433688297048856,1.0,152.0,,True,True
v400_s1_p50__h4__red__r0,v400_s1_p50,400,1,0.5,0.5,400,597,h4,4,True,True,0,1935590764,ok,,,20.815967416972853,,2026-08-29T07:42:05+00:00,iyohwan-ui-Macmini.local,3.12.14,f88372a,dwave.samplers.SimulatedAnnealingSampler,100,0.000984916987363249,329,187,0,83,117,148,28,411,329,306.65625,1.6516150947181456,1.0,148.0,,True,True
v400_s1_p50__h2+3__nored__r0,v400_s1_p50,400,1,0.5,0.5,400,597,h2+3,2+3,False,True,0,1935590764,ok,,,18.150507208018098,,2026-08-29T07:42:36+00:00,iyohwan-ui-Macmini.local,3.12.14,f88372a,dwave.samplers.SimulatedAnnealingSampler,100,0.0009331670007668436,329,187,0,65,68,307,20,755,597,328.296875,1.6478804831691236,1.0,120.0,,True,True
v400_s1_p50__h2+3__red__r0,v400_s1_p50,400,1,0.5,0.5,400,597,h2+3,2+3,True,True,0,1935590764,ok,,,9.458120082970709,,2026-08-29T07:42:26+00:00,iyohwan-ui-Macmini.local,3.12.14,f88372a,dwave.samplers.SimulatedAnnealingSampler,100,0.0009340000106021762,329,187,0,65,71,147,12,300,329,202.640625,1.653360326286168,1.0,152.0,,True,True
v400_s1_p50__h2+3+4__nored__r0,v400_s1_p50,400,1,0.5,0.5,400,597,h2+3+4,2+3+4,False,True,0,1935590764,ok,,,32.62731141701806,,2026-08-29T07:42:52+00:00,iyohwan-ui-Macmini.local,3.12.14,f88372a,dwave.samplers.SimulatedAnnealingSampler,100,0.0009491659584455192,329,187,0,92,132,305,25,842,597,347.671875,1.6271670057178174,1.0,132.0,,True,True
v400_s1_p50__h2+3+4__red__r0,v400_s1_p50,400,1,0.5,0.5,400,597,h2+3+4,2+3+4,True,True,0,1935590764,ok,,,23.020544541999698,,2026-08-29T07:42:37+00:00,iyohwan-ui-Macmini.local,3.12.14,f88372a,dwave.samplers.SimulatedAnnealingSampler,100,0.0009893749956972897,329,187,0,83,117,163,28,410,329,309.46875,1.666826969953046,1.0,152.0,,True,True
v500_s0_p0__h2__nored__r0,v500_s0_p0,500,0,0.0,0.0,500,1494,h2,2,False,True,0,1477687778,ok,,,400.5972487080144,,2026-08-29T07:43:00+00:00,iyohwan-ui-Macmini.local,3.12.14,f88372a,dwave.samplers.SimulatedAnnealingSampler,100,0.0006954589625820518,1494,0,0,234,234,876,22,1946,1494,593.03125,1.3549354375425207,1.0,576.0,,True,True
v500_s0_p0__h2__red__r0,v500_s0_p0,500,0,0.0,0.0,500,1494,h2,2,True,True,0,1477687778,ok,,,406.12707608303754,,2026-08-29T07:42:55+00:00,iyohwan-ui-Macmini.local,3.12.14,f88372a,dwave.samplers.SimulatedAnnealingSampler,100,0.0006846250034868717,1494,0,0,234,234,876,22,1946,1494,607.671875,1.3549354375425207,1.0,576.0,,True,True
v500_s0_p0__h3__nored__r0,v500_s0_p0,500,0,0.0,0.0,500,1494,h3,3,False,True,0,1477687778,ok,,,475.1323432500358,,2026-08-29T07:43:29+00:00,iyohwan-ui-Macmini.local,3.12.14,f88372a,dwave.samplers.SimulatedAnnealingSampler,100,0.0007160829845815897,1494,0,0,273,278,814,23,2152,1494,606.671875,1.3661638658275983,1.0,628.0,,True,True
v500_s0_p0__h3__red__r0,v500_s0_p0,500,0,0.0,0.0,500,1494,h3,3,True,True,0,1477687778,ok,,,470.8821433329722,,2026-08-29T07:43:25+00:00,iyohwan-ui-Macmini.local,3.12.14,f88372a,dwave.samplers.SimulatedAnnealingSampler,100,0.0006985410000197589,1494,0,0,273,278,814,23,2152,1494,627.484375,1.3661638658275983,1.0,628.0,,True,True
v500_s0_p0__h4__nored__r0,v500_s0_p0,500,0,0.0,0.0,500,1494,h4,4,False,True,0,1477687778,ok,,,3038.1168109579594,,2026-08-29T07:44:33+00:00,iyohwan-ui-Macmini.local,3.12.14,f88372a,dwave.samplers.SimulatedAnnealingSampler,100,0.0007110830047167838,1494,0,0,485,564,531,19,1072,1494,3735.453125,1.3481215096867607,1.0,880.0,,True,True
v500_s0_p0__h4__red__r0,v500_s0_p0,500,0,0.0,0.0,500,1494,h4,4,True,True,0,1477687778,ok,,,3033.6521677499986,,2026-08-29T07:44:32+00:00,iyohwan-ui-Macmini.local,3.12.14,f88372a,dwave.samplers.SimulatedAnnealingSampler,100,0.0007050420390442014,1494,0,0,485,564,531,19,1072,1494,3591.75,1.3481215096867607,1.0,880.0,,True,True
v500_s0_p0__h2+3__nored__r0,v500_s0_p0,500,0,0.0,0.0,500,1494,h2+3,2+3,False,True,0,1477687778,ok,,,485.0736049580155,,2026-08-29T07:44:57+00:00,iyohwan-ui-Macmini.local,3.12.14,f88372a,dwave.samplers.SimulatedAnnealingSampler,100,0.0007102089584805071,1494,0,0,273,278,814,23,2152,1494,604.203125,1.3648590848370572,1.0,596.0,,True,True
v500_s0_p0__h2+3__red__r0,v500_s0_p0,500,0,0.0,0.0,500,1494,h2+3,2+3,True,True,0,1477687778,ok,,,490.2745054999832,,2026-08-29T07:44:50+00:00,iyohwan-ui-Macmini.local,3.12.14,f88372a,dwave.samplers.SimulatedAnnealingSampler,100,0.0007001670310273767,1494,0,0,273,278,814,23,2152,1494,637.625,1.3648590848370572,1.0,596.0,,True,True
v500_s0_p0__h2+3+4__nored__r0,v500_s0_p0,500,0,0.0,0.0,500,1494,h2+3+4,2+3+4,False,True,0,1477687778,ok,,,3173.309961583989,,2026-08-29T07:47:31+00:00,iyohwan-ui-Macmini.local,3.12.14,f88372a,dwave.samplers.SimulatedAnnealingSampler,100,0.0007743749883957207,1494,0,0,485,564,531,19,1064,1494,3718.609375,1.3489451235812107,1.0,916.0,,True,True
v500_s0_p0__h2+3+4__red__r0,v500_s0_p0,500,0,0.0,0.0,500,1494,h2+3+4,2+3+4,True,True,0,1477687778,ok,,,3193.99046237499,,2026-08-29T07:47:09+00:00,iyohwan-ui-Macmini.local,3.12.14,f88372a,dwave.samplers.SimulatedAnnealingSampler,100,0.0006984170177020133,1494,0,0,485,564,531,19,1064,1494,3632.828125,1.3489451235812107,1.0,916.0,,True,True
v500_s0_p10__h2__nored__r0,v500_s0_p10,500,0,0.1,0.0997322623828648,500,1345,h2,2,False,True,0,911241612,ok,,,221.51073499995982,,2026-08-29T07:49:42+00:00,iyohwan-ui-Macmini.local,3.12.14,f88372a,dwave.samplers.SimulatedAnnealingSampler,100,0.0008582499576732516,1281,63,0,171,155,883,39,2408,1345,424.453125,1.3521604208424602,1.0,494.0,,True,True
v500_s0_p10__h2__red__r0,v500_s0_p10,500,0,0.1,0.0997322623828648,500,1345,h2,2,True,True,0,911241612,ok,,,206.05821904196637,,2026-08-29T07:49:42+00:00,iyohwan-ui-Macmini.local,3.12.14,f88372a,dwave.samplers.SimulatedAnnealingSampler,100,0.0008249999955296516,1281,63,0,147,146,866,36,2641,1281,556.828125,1.354941435252212,1.0,526.0,,True,True
v500_s0_p10__h3__nored__r0,v500_s0_p10,500,0,0.1,0.0997322623828648,500,1345,h3,3,False,True,0,911241612,ok,,,423.2880532910349,,2026-08-29T07:51:26+00:00,iyohwan-ui-Macmini.local,3.12.14,f88372a,dwave.samplers.SimulatedAnnealingSampler,100,0.0008536249515600502,1281,63,0,262,270,700,21,1761,1345,524.015625,1.3679610029590625,1.0,558.0,,True,True
v500_s0_p10__h3__red__r0,v500_s0_p10,500,0,0.1,0.0997322623828648,500,1345,h3,3,True,True,0,911241612,ok,,,391.620517791016,,2026-08-29T07:51:17+00:00,iyohwan-ui-Macmini.local,3.12.14,f88372a,dwave.samplers.SimulatedAnnealingSampler,100,0.000897333025932312,1281,63,0,262,283,639,15,1543,1281,509.46875,1.384513727455609,1.0,578.0,,True,True
v500_s0_p10__h4__nored__r0,v500_s0_p10,500,0,0.1,0.0997322623828648,500,1345,h4,4,False,True,0,911241612,ok,,,2210.628264375031,,2026-08-29T07:53:04+00:00,iyohwan-ui-Macmini.local,3.12.14,f88372a,dwave.samplers.SimulatedAnnealingSampler,100,0.0009154580184258521,1281,63,0,419,499,528,30,1282,1345,2870.96875,1.3673813865834057,1.0,730.0,,True,True
v500_s0_p10__h4__red__r0,v500_s0_p10,500,0,0.1,0.0997322623828648,500,1345,h4,4,True,True,0,911241612,ok,,,2104.417973500036,,2026-08-29T07:53:01+00:00,iyohwan-ui-Macmini.local,3.12.14,f88372a,dwave.samplers.SimulatedAnnealingSampler,100,0.0008930829935707152,1281,63,0,419,503,470,30,1051,1281,3012.4375,1.376948702166887,1.0,698.0,,True,True
v500_s0_p10__h2+3__nored__r0,v500_s0_p10,500,0,0.1,0.0997322623828648,500,1345,h2+3,2+3,False,True,0,911241612,ok,,,464.07510295900283,,2026-08-29T07:53:25+00:00,iyohwan-ui-Macmini.local,3.12.14,f88372a,dwave.samplers.SimulatedAnnealingSampler,100,0.0008924579597078264,1281,63,0,262,270,700,21,1761,1345,448.171875,1.3681472230182787,1.0,582.0,,True,True
v500_s0_p10__h2+3__red__r0,v500_s0_p10,500,0,0.1,0.0997322623828648,500,1345,h2+3,2+3,True,True,0,911241612,ok,,,424.7419573329971,,2026-08-29T07:53:09+00:00,iyohwan-ui-Macmini.local,3.12.14,f88372a,dwave.samplers.SimulatedAnnealingSampler,100,0.0008882919792085886,1281,63,0,262,283,644,15,1543,1281,448.21875,1.3893334144486453,1.0,590.0,,True,True
v500_s0_p10__h2+3+4__nored__r0,v500_s0_p10,500,0,0.1,0.0997322623828648,500,1345,h2+3+4,2+3+4,False,True,0,911241612,ok,,,2263.078047582996,,2026-08-29T07:58:30+00:00,iyohwan-ui-Macmini.local,3.12.14,f88372a,dwave.samplers.SimulatedAnnealingSampler,100,0.0017429580329917371,1281,63,0,419,499,546,30,1284,1345,2864.5625,1.3701583786627725,1.0,646.0,,True,True
v500_s0_p10__h2+3+4__red__r0,v500_s0_p10,500,0,0.1,0.0997322623828648,500,1345,h2+3+4,2+3+4,True,True,0,911241612,ok,,,2191.5209605830023,,2026-08-29T07:57:50+00:00,iyohwan-ui-Macmini.local,3.12.14,f88372a,dwave.samplers.SimulatedAnnealingSampler,100,0.001009583007544279,1281,63,0,419,503,489,30,1055,1281,2889.984375,1.3780504866883243,1.0,710.0,,True,True
v500_s0_p30__h2__nored__r0,v500_s0_p30,500,0,0.3,0.2998661311914324,500,1046,h2,2,False,True,0,184397383,ok,,,153.44479333300842,,2026-08-29T08:01:10+00:00,iyohwan-ui-Macmini.local,3.12.14,f88372a,dwave.samplers.SimulatedAnnealingSampler,100,0.00167012499878183,847,181,0,187,213,493,20,823,1046,415.65625,1.4363194070686427,1.0,332.0,,True,True
v500_s0_p30__h2__red__r0,v500_s0_p30,500,0,0.3,0.2998661311914324,500,1046,h2,2,True,True,0,184397383,ok,,,93.2525703330175,,2026-08-29T08:00:15+00:00,iyohwan-ui-Macmini.local,3.12.14,f88372a,dwave.samplers.SimulatedAnnealingSampler,100,0.003462082997430116,847,181,0,149,137,470,19,1017,847,320.78125,1.4122171708503197,1.0,316.0,,True,True
v500_s0_p30__h3__nored__r0,v500_s0_p30,500,0,0.3,0.2998661311914324,500,1046,h3,3,False,True,0,184397383,ok,,,171.90191558300285,,2026-08-29T08:03:44+00:00,iyohwan-ui-Macmini.local,3.12.14,f88372a,dwave.samplers.SimulatedAnnealingSampler,100,0.004108999972231686,847,181,0,187,213,515,20,1342,1046,412.109375,1.4472356140858034,1.0,352.0,,True,True
v500_s0_p30__h3__red__r0,v500_s0_p30,500,0,0.3,0.2998661311914324,500,1046,h3,3,True,True,0,184397383,ok,,,178.79127195803449,,2026-08-29T08:01:49+00:00,iyohwan-ui-Macmini.local,3.12.14,f88372a,dwave.samplers.SimulatedAnnealingSampler,100,0.0034583339584060013,847,181,0,199,227,364,11,731,847,317.734375,1.4484650014320575,1.0,328.0,,True,True
v500_s0_p30__h4__nored__r0,v500_s0_p30,500,0,0.3,0.2998661311914324,500,1046,h4,4,False,True,0,184397383,ok,,,687.2013162910007,,2026-08-29T08:06:37+00:00,iyohwan-ui-Macmini.local,3.12.14,f88372a,dwave.samplers.SimulatedAnnealingSampler,100,0.0037532499991357327,847,181,0,306,394,341,19,761,1046,1147.90625,1.4431665760097065,1.0,352.0,,True,True
v500_s0_p30__h4__red__r0,v500_s0_p30,500,0,0.3,0.2998661311914324,500,1046,h4,4,True,True,0,184397383,ok,,,539.4368740000064,,2026-08-29T08:04:49+00:00,iyohwan-ui-Macmini.local,3.12.14,f88372a,dwave.samplers.SimulatedAnnealingSampler,100,0.004001167020760477,847,181,0,241,294,375,28,894,847,1317.71875,1.4445221045270502,1.0,364.0,,True,True
v500_s0_p30__h2+3__nored__r0,v500_s0_p30,500,0,0.3,0.2998661311914324,500,1046,h2+3,2+3,False,True,0,184397383,ok,,,179.18634900002507,,2026-08-29T08:16:52+00:00,iyohwan-ui-Macmini.local,3.12.14,f88372a,dwave.samplers.SimulatedAnnealingSampler,100,0.0035726659698411822,847,181,0,187,213,515,20,1342,1046,425.703125,1.4419622212684782,1.0,356.0,,True,True
v500_s0_p30__h2+3__red__r0,v500_s0_p30,500,0,0.3,0.2998661311914324,500,1046,h2+3,2+3,True,True,0,184397383,ok,,,182.02533141698223,,2026-08-29T08:13:49+00:00,iyohwan-ui-Macmini.local,3.12.14,f88372a,dwave.samplers.SimulatedAnnealingSampler,100,0.0033459169790148735,847,181,0,199,227,378,11,731,847,324.640625,1.452307537297402,1.0,364.0,,True,True
v500_s0_p30__h2+3+4__nored__r0,v500_s0_p30,500,0,0.3,0.2998661311914324,500,1046,h2+3+4,2+3+4,False,True,0,184397383,ok,,,662.3182948339963,,2026-08-29T08:19:52+00:00,iyohwan-ui-Macmini.local,3.12.14,f88372a,dwave.samplers.SimulatedAnnealingSampler,100,0.0029933329788036644,847,181,0,306,394,362,19,770,1046,1172.890625,1.4450496564562874,1.0,392.0,,True,True
v500_s0_p30__h2+3+4__red__r0,v500_s0_p30,500,0,0.3,0.2998661311914324,500,1046,h2+3+4,2+3+4,True,True,0,184397383,ok,,,531.2118166249711,,2026-08-29T08:18:05+00:00,iyohwan-ui-Macmini.local,3.12.14,f88372a,dwave.samplers.SimulatedAnnealingSampler,100,0.0037482500192709267,847,181,0,240,284,407,25,931,847,1344.25,1.4500897493404745,1.0,348.0,,True,True
v500_s0_p50__h2__nored__r0,v500_s0_p50,500,0,0.5,0.5,500,747,h2,2,False,True,0,685105769,ok,,,27.295641292002983,,2026-08-29T08:27:10+00:00,iyohwan-ui-Macmini.local,3.12.14,f88372a,dwave.samplers.SimulatedAnnealingSampler,100,0.0035364170325919986,411,229,0,44,39,522,77,936,747,405.734375,1.5656471871923205,1.0,140.0,,True,True
v500_s0_p50__h2__red__r0,v500_s0_p50,500,0,0.5,0.5,500,747,h2,2,True,True,0,685105769,ok,,,11.090302375028841,,2026-08-29T08:26:58+00:00,iyohwan-ui-Macmini.local,3.12.14,f88372a,dwave.samplers.SimulatedAnnealingSampler,100,0.0018331669853068888,411,229,0,53,43,241,35,548,411,206.703125,,0.0,168.0,,False,True
v500_s0_p50__h3__nored__r0,v500_s0_p50,500,0,0.5,0.5,500,747,h3,3,False,True,0,685105769,ok,,,33.17172554199351,,2026-08-29T08:27:55+00:00,iyohwan-ui-Macmini.local,3.12.14,f88372a,dwave.samplers.SimulatedAnnealingSampler,100,0.001577083021402359,411,229,0,76,83,406,62,1203,747,396.03125,1.5481538788751141,1.0,156.0,,True,True
v500_s0_p50__h3__red__r0,v500_s0_p50,500,0,0.5,0.5,500,747,h3,3,True,True,0,685105769,ok,,,16.037606916972436,,2026-08-29T08:27:38+00:00,iyohwan-ui-Macmini.local,3.12.14,f88372a,dwave.samplers.SimulatedAnnealingSampler,100,0.003356084052938968,411,229,0,80,81,200,14,465,411,222.546875,1.6366662368407523,1.0,144.0,,True,True
v500_s0_p50__h4__nored__r0,v500_s0_p50,500,0,0.5,0.5,500,747,h4,4,False,True,0,685105769,ok,,,66.6425300000119,,2026-08-29T08:28:29+00:00,iyohwan-ui-Macmini.local,3.12.14,f88372a,dwave.samplers.SimulatedAnnealingSampler,100,0.0031646250281482935,411,229,0,151,222,155,27,241,747,352.6875,1.658641022066374,1.0,152.0,,True,True
v500_s0_p50__h4__red__r0,v500_s0_p50,500,0,0.5,0.5,500,747,h4,4,True,True,0,685105769,ok,,,45.49974245898193,,2026-08-29T08:28:07+00:00,iyohwan-ui-Macmini.local,3.12.14,f88372a,dwave.samplers.SimulatedAnnealingSampler,100,0.0033033749787136912,411,229,0,100,138,197,13,477,411,378.9375,1.6559525545183271,1.0,156.0,,True,True
v500_s0_p50__h2+3__nored__r0,v500_s0_p50,500,0,0.5,0.5,500,747,h2+3,2+3,False,True,0,685105769,ok,,,34.36874208296649,,2026-08-29T08:29:11+00:00,iyohwan-ui-Macmini.local,3.12.14,f88372a,dwave.samplers.SimulatedAnnealingSampler,100,0.003331166983116418,411,229,0,76,83,406,62,1203,747,395.96875,1.5516003044530093,1.0,156.0,,True,True
v500_s0_p50__h2+3__red__r0,v500_s0_p50,500,0,0.5,0.5,500,747,h2+3,2+3,True,True,0,685105769,ok,,,16.95915574999526,,2026-08-29T08:28:53+00:00,iyohwan-ui-Macmini.local,3.12.14,f88372a,dwave.samplers.SimulatedAnnealingSampler,100,0.0031394159886986017,411,229,0,80,81,202,14,465,411,219.53125,1.619674491240133,1.0,160.0,,True,True
v500_s0_p50__h2+3+4__nored__r0,v500_s0_p50,500,0,0.5,0.5,500,747,h2+3+4,2+3+4,False,True,0,685105769,ok,,,75.81597516697366,,2026-08-29T08:29:46+00:00,iyohwan-ui-Macmini.local,3.12.14,f88372a,dwave.samplers.SimulatedAnnealingSampler,100,0.003194709017407149,411,229,0,151,222,156,27,243,747,341.40625,1.6583470883336837,1.0,164.0,,True,True
v500_s0_p50__h2+3+4__red__r0,v500_s0_p50,500,0,0.5,0.5,500,747,h2+3+4,2+3+4,True,True,0,685105769,ok,,,50.464740000024904,,2026-08-29T08:29:37+00:00,iyohwan-ui-Macmini.local,3.12.14,f88372a,dwave.samplers.SimulatedAnnealingSampler,100,0.003276415984146297,411,229,0,100,138,206,13,488,411,378.078125,1.6505208660664654,1.0,192.0,,True,True
v500_s1_p0__h2__nored__r0,v500_s1_p0,500,1,0.0,0.0,500,1494,h2,2,False,True,0,1191480925,ok,,,519.2313197919866,,2026-08-29T08:30:28+00:00,iyohwan-ui-Macmini.local,3.12.14,f88372a,dwave.samplers.SimulatedAnnealingSampler,100,0.0014323329669423401,1494,0,0,249,266,848,20,1778,1494,480.875,1.3500454241823696,1.0,656.0,,True,True
v500_s1_p0__h2__red__r0,v500_s1_p0,500,1,0.0,0.0,500,1494,h2,2,True,True,0,1191480925,ok,,,521.8692440419691,,2026-08-29T08:29:55+00:00,iyohwan-ui-Macmini.local,3.12.14,f88372a,dwave.samplers.SimulatedAnnealingSampler,100,0.0016081249923445284,1494,0,0,249,266,848,20,1778,1494,491.578125,1.3500454241823696,1.0,656.0,,True,True
v500_s1_p0__h3__nored__r0,v500_s1_p0,500,1,0.0,0.0,500,1494,h3,3,False,True,0,1191480925,ok,,,789.8005450000055,,2026-08-29T08:31:03+00:00,iyohwan-ui-Macmini.local,3.12.14,f88372a,dwave.samplers.SimulatedAnnealingSampler,100,0.0007020829943940043,1494,0,0,337,359,694,15,1390,1494,477.640625,1.3691122244495693,1.0,608.0,,True,True
v500_s1_p0__h3__red__r0,v500_s1_p0,500,1,0.0,0.0,500,1494,h3,3,True,True,0,1191480925,ok,,,789.3748290829826,,2026-08-29T08:30:56+00:00,iyohwan-ui-Macmini.local,3.12.14,f88372a,dwave.samplers.SimulatedAnnealingSampler,100,0.0014081670087762177,1494,0,0,337,359,694,15,1390,1494,496.46875,1.3691122244495693,1.0,608.0,,True,True
v500_s1_p0__h4__nored__r0,v500_s1_p0,500,1,0.0,0.0,500,1494,h4,4,False,True,0,1191480925,ok,,,3377.3621339169913,,2026-08-29T08:35:07+00:00,iyohwan-ui-Macmini.local,3.12.14,f88372a,dwave.samplers.SimulatedAnnealingSampler,100,0.0007309159846045077,1494,0,0,515,604,448,23,796,1494,4059.71875,1.3595387632414004,1.0,948.0,,True,True
v500_s1_p0__h4__red__r0,v500_s1_p0,500,1,0.0,0.0,500,1494,h4,4,True,True,0,1191480925,ok,,,3480.104598667007,,2026-08-29T08:34:22+00:00,iyohwan-ui-Macmini.local,3.12.14,f88372a,dwave.samplers.SimulatedAnnealingSampler,100,0.0007857909658923745,1494,0,0,515,604,448,23,796,1494,4461.265625,1.3595387632414004,1.0,948.0,,True,True
v500_s1_p0__h2+3__nored__r0,v500_s1_p0,500,1,0.0,0.0,500,1494,h2+3,2+3,False,True,0,1191480925,ok,,,809.6593485419871,,2026-08-29T08:36:14+00:00,iyohwan-ui-Macmini.local,3.12.14,f88372a,dwave.samplers.SimulatedAnnealingSampler,100,0.0007719169952906668,1494,0,0,337,359,694,15,1390,1494,473.828125,1.366823962210849,1.0,732.0,,True,True
v500_s1_p0__h2+3__red__r0,v500_s1_p0,500,1,0.0,0.0,500,1494,h2+3,2+3,True,True,0,1191480925,ok,,,782.9540849169716,,2026-08-29T08:35:12+00:00,iyohwan-ui-Macmini.local,3.12.14,f88372a,dwave.samplers.SimulatedAnnealingSampler,100,0.0007519160280935466,1494,0,0,337,359,694,15,1390,1494,487.609375,1.366823962210849,1.0,732.0,,True,True
v500_s1_p0__h2+3+4__nored__r0,v500_s1_p0,500,1,0.0,0.0,500,1494,h2+3+4,2+3+4,False,True,0,1191480925,ok,,,3472.091059750004,,2026-08-29T08:39:09+00:00,iyohwan-ui-Macmini.local,3.12.14,f88372a,dwave.samplers.SimulatedAnnealingSampler,100,0.0015416659880429506,1494,0,0,515,604,448,23,794,1494,4483.921875,1.359710917072867,1.0,876.0,,True,True
v500_s1_p0__h2+3+4__red__r0,v500_s1_p0,500,1,0.0,0.0,500,1494,h2+3+4,2+3+4,True,True,0,1191480925,ok,,,3498.857437083032,,2026-08-29T08:38:38+00:00,iyohwan-ui-Macmini.local,3.12.14,f88372a,dwave.samplers.SimulatedAnnealingSampler,100,0.001432958000805229,1494,0,0,515,604,448,23,794,1494,4081.875,1.359710917072867,1.0,876.0,,True,True
v500_s1_p10__h2__nored__r0,v500_s1_p10,500,1,0.1,0.0997322623828648,500,1345,h2,2,False,True,0,963496587,ok,,,435.05319329199847,,2026-08-29T08:40:26+00:00,iyohwan-ui-Macmini.local,3.12.14,f88372a,dwave.samplers.SimulatedAnnealingSampler,100,0.00167479197261855,1283,62,0,262,296,671,15,1141,1345,449.5625,1.3635528724121877,1.0,574.0,,True,True
v500_s1_p10__h2__red__r0,v500_s1_p10,500,1,0.1,0.0997322623828648,500,1345,h2,2,True,True,0,963496587,ok,,,532.8247189579997,,2026-08-29T08:40:24+00:00,iyohwan-ui-Macmini.local,3.12.14,f88372a,dwave.samplers.SimulatedAnnealingSampler,100,0.0007918750052340329,1283,62,0,302,322,565,15,872,1283,437.890625,1.3603423275128688,1.0,546.0,,True,True
v500_s1_p10__h3__nored__r0,v500_s1_p10,500,1,0.1,0.0997322623828648,500,1345,h3,3,False,True,0,963496587,ok,,,469.03495395800564,,2026-08-29T08:44:14+00:00,iyohwan-ui-Macmini.local,3.12.14,f88372a,dwave.samplers.SimulatedAnnealingSampler,100,0.0008682080078870058,1283,62,0,292,307,636,14,1337,1345,449.140625,1.3771122769354571,1.0,502.0,,True,True
v500_s1_p10__h3__red__r0,v500_s1_p10,500,1,0.1,0.0997322623828648,500,1345,h3,3,True,True,0,963496587,ok,,,567.410401375033,,2026-08-29T08:44:06+00:00,iyohwan-ui-Macmini.local,3.12.14,f88372a,dwave.samplers.SimulatedAnnealingSampler,100,0.0017310840194113553,1283,62,0,309,323,569,12,1022,1283,444.296875,1.3767587031211428,1.0,610.0,,True,True
v500_s1_p10__h4__nored__r0,v500_s1_p10,500,1,0.1,0.0997322623828648,500,1345,h4,4,False,True,0,963496587,ok,,,2281.6345335419755,,2026-08-29T08:48:16+00:00,iyohwan-ui-Macmini.local,3.12.14,f88372a,dwave.samplers.SimulatedAnnealingSampler,100,0.0017893339972943068,1283,62,0,438,524,495,21,1012,1345,2915.96875,1.3595340490511745,1.0,546.0,,True,True
v500_s1_p10__h4__red__r0,v500_s1_p10,500,1,0.1,0.0997322623828648,500,1345,h4,4,True,True,0,963496587,ok,,,2141.3896542500006,,2026-08-29T08:47:42+00:00,iyohwan-ui-Macmini.local,3.12.14,f88372a,dwave.samplers.SimulatedAnnealingSampler,100,0.0025762500008568168,1283,62,0,449,529,369,17,629,1283,3413.4375,1.3569126395655724,1.0,658.0,,True,True
v500_s1_p10__h2+3__nored__r0,v500_s1_p10,500,1,0.1,0.0997322623828648,500,1345,h2+3,2+3,False,True,0,963496587,ok,,,482.3909043750027,,2026-08-29T08:49:45+00:00,iyohwan-ui-Macmini.local,3.12.14,f88372a,dwave.samplers.SimulatedAnnealingSampler,100,0.0012554999557323754,1283,62,0,292,307,636,14,1337,1345,452.078125,1.3756866542615627,1.0,594.0,,True,True
v500_s1_p10__h2+3__red__r0,v500_s1_p10,500,1,0.1,0.0997322623828648,500,1345,h2+3,2+3,True,True,0,963496587,ok,,,575.9740382920136,,2026-08-29T08:49:18+00:00,iyohwan-ui-Macmini.local,3.12.14,f88372a,dwave.samplers.SimulatedAnnealingSampler,100,0.0018549999804235995,1283,62,0,309,323,571,12,1022,1283,459.546875,1.3643987021668835,1.0,630.0,,True,True
v500_s1_p10__h2+3+4__nored__r0,v500_s1_p10,500,1,0.1,0.0997322623828648,500,1345,h2+3+4,2+3+4,False,True,0,963496587,ok,,,2272.6436233749846,,2026-08-29T08:53:34+00:00,iyohwan-ui-Macmini.local,3.12.14,f88372a,dwave.samplers.SimulatedAnnealingSampler,100,0.001852167013566941,1283,62,0,438,524,509,21,1016,1345,2969.0,1.36004550529699,1.0,538.0,,True,True
v500_s1_p10__h2+3+4__red__r0,v500_s1_p10,500,1,0.1,0.0997322623828648,500,1345,h2+3+4,2+3+4,True,True,0,963496587,ok,,,2188.698997750005,,2026-08-29T08:52:04+00:00,iyohwan-ui-Macmini.local,3.12.14,f88372a,dwave.samplers.SimulatedAnnealingSampler,100,0.0016875829896889627,1283,62,0,449,529,388,17,631,1283,2841.703125,1.3575166666673872,1.0,670.0,,True,True
v500_s1_p30__h2__nored__r0,v500_s1_p30,500,1,0.3,0.2998661311914324,500,1046,h2,2,False,True,0,1410917815,ok,,,98.67941645800602,,2026-08-29T08:58:55+00:00,iyohwan-ui-Macmini.local,3.12.14,f88372a,dwave.samplers.SimulatedAnnealingSampler,100,0.003393291961401701,850,183,0,128,108,640,35,1372,1046,435.203125,1.411580760656039,1.0,368.0,,True,True
v500_s1_p30__h2__red__r0,v500_s1_p30,500,1,0.3,0.2998661311914324,500,1046,h2,2,True,True,0,1410917815,ok,,,85.94531354203355,,2026-08-29T08:57:48+00:00,iyohwan-ui-Macmini.local,3.12.14,f88372a,dwave.samplers.SimulatedAnnealingSampler,100,0.0017356249736621976,850,183,0,143,111,478,25,1164,850,321.21875,1.417825198738564,1.0,340.0,,True,True
v500_s1_p30__h3__nored__r0,v500_s1_p30,500,1,0.3,0.2998661311914324,500,1046,h3,3,False,True,0,1410917815,ok,,,160.3658735420322,,2026-08-29T09:00:35+00:00,iyohwan-ui-Macmini.local,3.12.14,f88372a,dwave.samplers.SimulatedAnnealingSampler,100,0.003909791994374245,850,183,0,191,192,517,18,1229,1046,419.6875,1.4328507329238107,1.0,332.0,,True,True
v500_s1_p30__h3__red__r0,v500_s1_p30,500,1,0.3,0.2998661311914324,500,1046,h3,3,True,True,0,1410917815,ok,,,199.85340120800538,,2026-08-29T08:59:15+00:00,iyohwan-ui-Macmini.local,3.12.14,f88372a,dwave.samplers.SimulatedAnnealingSampler,100,0.004108582972548902,850,183,0,244,272,303,12,509,850,315.984375,1.4548231351596608,1.0,396.0,,True,True
v500_s1_p30__h4__nored__r0,v500_s1_p30,500,1,0.3,0.2998661311914324,500,1046,h4,4,False,True,0,1410917815,ok,,,690.5231509580044,,2026-08-29T09:03:16+00:00,iyohwan-ui-Macmini.local,3.12.14,f88372a,dwave.samplers.SimulatedAnnealingSampler,100,0.0036731670261360705,850,183,0,303,369,386,23,853,1046,1201.0,1.432714051769295,1.0,316.0,,True,True
v500_s1_p30__h4__red__r0,v500_s1_p30,500,1,0.3,0.2998661311914324,500,1046,h4,4,True,True,0,1410917815,ok,,,564.7499859160162,,2026-08-29T09:02:36+00:00,iyohwan-ui-Macmini.local,3.12.14,f88372a,dwave.samplers.SimulatedAnnealingSampler,100,0.003590583975892514,850,183,0,286,336,277,11,454,850,1360.28125,1.447694657569555,1.0,340.0,,True,True
v500_s1_p30__h2+3__nored__r0,v500_s1_p30,500,1,0.3,0.2998661311914324,500,1046,h2+3,2+3,False,True,0,1410917815,ok,,,163.7767048330279,,2026-08-29T09:14:48+00:00,iyohwan-ui-Macmini.local,3.12.14,f88372a,dwave.samplers.SimulatedAnnealingSampler,100,0.003576916002202779,850,183,0,191,192,517,18,1229,1046,405.90625,1.4372586311155262,1.0,312.0,,True,True
v500_s1_p30__h2+3__red__r0,v500_s1_p30,500,1,0.3,0.2998661311914324,500,1046,h2+3,2+3,True,True,0,1410917815,ok,,,206.30094533402007,,2026-08-29T09:12:02+00:00,iyohwan-ui-Macmini.local,3.12.14,f88372a,dwave.samplers.SimulatedAnnealingSampler,100,0.0033593749976716936,850,183,0,244,272,320,12,509,850,317.0,1.4500482561086685,1.0,344.0,,True,True
v500_s1_p30__h2+3+4__nored__r0,v500_s1_p30,500,1,0.3,0.2998661311914324,500,1046,h2+3+4,2+3+4,False,True,0,1410917815,ok,,,662.8200859579956,,2026-08-29T09:17:33+00:00,iyohwan-ui-Macmini.local,3.12.14,f88372a,dwave.samplers.SimulatedAnnealingSampler,100,0.0016184169799089432,850,183,0,303,369,398,23,860,1046,1184.609375,1.4393752327170435,1.0,328.0,,True,True
v500_s1_p30__h2+3+4__red__r0,v500_s1_p30,500,1,0.3,0.2998661311914324,500,1046,h2+3+4,2+3+4,True,True,0,1410917815,ok,,,558.3207185829524,,2026-08-29T09:15:29+00:00,iyohwan-ui-Macmini.local,3.12.14,f88372a,dwave.samplers.SimulatedAnnealingSampler,100,0.0018002910073846579,850,183,0,286,336,299,11,459,850,1358.984375,1.4444886770659646,1.0,344.0,,True,True
v500_s1_p50__h2__nored__r0,v500_s1_p50,500,1,0.5,0.5,500,747,h2,2,False,True,0,368592400,ok,,,26.746719541959465,,2026-08-29T09:23:36+00:00,iyohwan-ui-Macmini.local,3.12.14,f88372a,dwave.samplers.SimulatedAnnealingSampler,100,0.002213625004515052,411,226,0,30,26,562,68,1109,747,404.9375,1.538545148814512,1.0,158.0,,True,True
v500_s1_p50__h2__red__r0,v500_s1_p50,500,1,0.5,0.5,500,747,h2,2,True,True,0,368592400,ok,,,10.718341584026348,,2026-08-29T09:23:25+00:00,iyohwan-ui-Macmini.local,3.12.14,f88372a,dwave.samplers.SimulatedAnnealingSampler,100,0.003513749979902059,411,226,0,22,13,332,41,1102,411,235.265625,1.6031281271807263,1.0,150.0,,True,True
v500_s1_p50__h3__nored__r0,v500_s1_p50,500,1,0.5,0.5,500,747,h3,3,False,True,0,368592400,ok,,,33.854948583000805,,2026-08-29T09:24:23+00:00,iyohwan-ui-Macmini.local,3.12.14,f88372a,dwave.samplers.SimulatedAnnealingSampler,100,0.0034654579940252006,411,226,0,74,75,381,28,1015,747,396.09375,1.576209090282461,1.0,174.0,,True,True
v500_s1_p50__h3__red__r0,v500_s1_p50,500,1,0.5,0.5,500,747,h3,3,True,True,0,368592400,ok,,,17.6454077080125,,2026-08-29T09:24:04+00:00,iyohwan-ui-Macmini.local,3.12.14,f88372a,dwave.samplers.SimulatedAnnealingSampler,100,0.0016382920439355075,411,226,0,77,82,198,19,507,411,225.46875,1.6079645886046867,1.0,166.0,,True,True
v500_s1_p50__h4__nored__r0,v500_s1_p50,500,1,0.5,0.5,500,747,h4,4,False,True,0,368592400,ok,,,62.60309695795877,,2026-08-29T09:24:57+00:00,iyohwan-ui-Macmini.local,3.12.14,f88372a,dwave.samplers.SimulatedAnnealingSampler,100,0.003373167011886835,411,226,0,119,168,398,29,1306,747,363.28125,1.5544512554454886,1.0,150.0,,True,True
v500_s1_p50__h4__red__r0,v500_s1_p50,500,1,0.5,0.5,500,747,h4,4,True,True,0,368592400,ok,,,52.04809208295774,,2026-08-29T09:24:49+00:00,iyohwan-ui-Macmini.local,3.12.14,f88372a,dwave.samplers.SimulatedAnnealingSampler,100,0.003253375005442649,411,226,0,115,160,170,25,454,411,384.890625,1.591227441432505,1.0,162.0,,True,True
v500_s1_p50__h2+3__nored__r0,v500_s1_p50,500,1,0.5,0.5,500,747,h2+3,2+3,False,True,0,368592400,ok,,,35.44534183299402,,2026-08-29T09:26:01+00:00,iyohwan-ui-Macmini.local,3.12.14,f88372a,dwave.samplers.SimulatedAnnealingSampler,100,0.0017915830248966813,411,226,0,74,75,381,28,1015,747,395.046875,1.5729571134961793,1.0,174.0,,True,True
v500_s1_p50__h2+3__red__r0,v500_s1_p50,500,1,0.5,0.5,500,747,h2+3,2+3,True,True,0,368592400,ok,,,18.234238957986236,,2026-08-29T09:25:42+00:00,iyohwan-ui-Macmini.local,3.12.14,f88372a,dwave.samplers.SimulatedAnnealingSampler,100,0.001631417020689696,411,226,0,77,82,199,19,507,411,226.15625,1.5820677115057382,1.0,166.0,,True,True
v500_s1_p50__h2+3+4__nored__r0,v500_s1_p50,500,1,0.5,0.5,500,747,h2+3+4,2+3+4,False,True,0,368592400,ok,,,64.84798241598764,,2026-08-29T09:26:19+00:00,iyohwan-ui-Macmini.local,3.12.14,f88372a,dwave.samplers.SimulatedAnnealingSampler,100,0.0016366670024581254,411,226,0,119,168,399,29,1312,747,357.875,1.5444750706083117,1.0,170.0,,True,True
v500_s1_p50__h2+3+4__red__r0,v500_s1_p50,500,1,0.5,0.5,500,747,h2+3+4,2+3+4,True,True,0,368592400,ok,,,55.08715575002134,,2026-08-29T09:26:01+00:00,iyohwan-ui-Macmini.local,3.12.14,f88372a,dwave.samplers.SimulatedAnnealingSampler,100,0.0017167500336654484,411,226,0,115,160,180,25,458,411,385.796875,1.5863099490083483,1.0,190.0,,True,True
