graph_id,vertices,remove_ratio_target,hop_key,use_reduction,rep,apsp_sum_dnc,elapsed_sec_dnc,qubo_vars_total_dnc,n_subgraphs_dnc,strongly_connected_dnc,ok_dnc,apsp_sum_whole,elapsed_sec_whole,qubo_vars_total_whole,n_subgraphs_whole,strongly_connected_whole,ok_whole,both_sc,diff_apsp,ratio_time
v100_s0_p0,100,0.0,h2,False,0,1.3094349446849456,5.020525583007839,252.0,5.0,True,True,1.3196556036556053,2.0423264169949107,284,1,True,True,True,-0.010220658970659713,2.4582385759838847
v100_s0_p0,100,0.0,h2,True,0,1.3094349446849456,4.959056749998126,252.0,5.0,True,True,1.3196556036556053,2.136826707981527,284,1,True,True,True,-0.010220658970659713,2.320757566102547
v100_s0_p0,100,0.0,h3,False,0,1.3473691678691668,5.282800083004986,153.0,41.0,True,True,1.3573333333333335,2.596122542017838,284,1,True,True,True,-0.009964165464166674,2.0348808646370466
v100_s0_p0,100,0.0,h3,True,0,1.3473691678691668,5.31733050000912,153.0,41.0,True,True,1.3573333333333335,2.67029020798509,284,1,True,True,True,-0.009964165464166674,1.9912931126768414
v100_s0_p0,100,0.0,h4,False,0,1.3429129389129386,13.226904333001585,108.0,89.0,True,True,,11.456169207987841,3939,1,False,True,False,,1.154566076396558
v100_s0_p0,100,0.0,h4,True,0,1.3429129389129386,13.338435875004507,108.0,89.0,True,True,,11.76297120799427,3939,1,False,True,False,,1.1339342449414083
v100_s0_p0,100,0.0,h2+3,False,0,1.3421069023569028,5.803725417004898,153.0,41.0,True,True,1.3514189514189516,2.6580852500046603,284,1,True,True,True,-0.009312049062048855,2.1834233559644947
v100_s0_p0,100,0.0,h2+3,True,0,1.3421069023569028,5.876789916990674,153.0,41.0,True,True,1.3514189514189516,2.697057124983985,284,1,True,True,True,-0.009312049062048855,2.1789638278520225
v100_s0_p0,100,0.0,h2+3+4,False,0,1.348886724386721,15.054755042001489,108.0,89.0,True,True,,12.566463916999055,3939,1,False,True,False,,1.198010446012298
v100_s0_p0,100,0.0,h2+3+4,True,0,1.348886724386721,15.403075125010218,108.0,89.0,True,True,,12.792697124998085,3939,1,False,True,False,,1.2040522006036725
v100_s0_p10,100,0.1,h2,False,0,1.3547279140612476,2.189023500002804,256.0,1.0,True,True,1.3547279140612476,1.9439632919966243,256,1,True,True,True,0.0,1.126062158177113
v100_s0_p10,100,0.1,h2,True,0,1.3449863716530384,2.158930917008547,254.0,1.0,True,True,1.3449863716530384,1.8694777080090716,254,1,True,True,True,0.0,1.154831056695366
v100_s0_p10,100,0.1,h3,False,0,1.3570214045214055,4.750916999997571,114.0,52.0,True,True,1.3839693763027057,2.371184124989668,256,1,True,True,True,-0.02694797178130015,2.0036052662162085
v100_s0_p10,100,0.1,h3,True,0,1.3595498236331591,4.622213791997638,120.0,49.0,True,True,1.3972960157126806,2.206737875007093,254,1,True,True,True,-0.03774619207952146,2.0945912264195767
v100_s0_p10,100,0.1,h4,False,0,1.3634260461760428,9.606904957996449,90.0,81.0,True,True,,8.092565792001551,3033,1,False,True,False,,1.1871271985816445
v100_s0_p10,100,0.1,h4,True,0,1.3597966971300284,9.499330791993998,146.0,70.0,True,True,,8.104042332997778,3032,1,False,True,False,,1.1721719114564504
v100_s0_p10,100,0.1,h2+3,False,0,1.3575876623376613,5.23271704200306,114.0,52.0,True,True,1.3762187349687298,2.3642734170134645,256,1,True,True,True,-0.018631072631068557,2.213245305872024
v100_s0_p10,100,0.1,h2+3,True,0,1.3586958072791393,5.375228541990509,120.0,49.0,True,True,1.3678248356581661,2.3145120829867665,254,1,True,True,True,-0.009129028379026849,2.3224024542805735
v100_s0_p10,100,0.1,h2+3+4,False,0,1.3598466410133014,11.065625999995973,92.0,81.0,True,True,,8.788356834003935,3033,1,False,True,False,,1.2591234298977054
v100_s0_p10,100,0.1,h2+3+4,True,0,1.3738456790123463,11.192833458000678,150.0,70.0,True,True,,8.87524554200354,3032,1,False,True,False,,1.2611294420000863
v100_s0_p30,100,0.3,h2,False,0,1.4764291726791763,1.782974791000015,199.0,1.0,True,True,1.4764291726791763,1.4968392500013579,199,1,True,True,True,0.0,1.1911598329602846
v100_s0_p30,100,0.3,h2,True,0,1.5104868672292886,1.3806696249957895,182.0,1.0,True,True,1.5104868672292886,1.1540642080071848,182,1,True,True,True,0.0,1.1963542543095609
v100_s0_p30,100,0.3,h3,False,0,1.5171237519495124,3.190386457994464,119.0,14.0,True,True,1.5045142150217905,1.695866666996153,199,1,True,True,True,0.012609536927721932,1.88127198917443
v100_s0_p30,100,0.3,h3,True,0,1.5013863855000225,2.3775097080069827,80.0,26.0,True,True,1.514445854650397,1.349206208018586,182,1,True,True,True,-0.01305946915037448,1.7621544385706172
v100_s0_p30,100,0.3,h4,False,0,1.506138502630926,4.200781499996083,99.0,37.0,True,True,,3.4359445420268457,1624,1,False,True,False,,1.222598749372731
v100_s0_p30,100,0.3,h4,True,0,1.506788101068405,3.834955166996224,112.0,35.0,True,True,,3.3292603750014678,1606,1,False,True,False,,1.1518940350210767
v100_s0_p30,100,0.3,h2+3,False,0,1.5042500947425206,3.7121769999939715,119.0,14.0,True,True,1.5136207056131281,1.8008835839864332,199,1,True,True,True,-0.009370610870607532,2.0613087003529134
v100_s0_p30,100,0.3,h2+3,True,0,1.507717073330711,2.6368866659904597,80.0,26.0,True,True,1.5109404178873833,1.4293051669956185,182,1,True,True,True,-0.0032233445566722807,1.8448731081922571
v100_s0_p30,100,0.3,h2+3+4,False,0,1.5210374524465422,5.243225957994582,101.0,37.0,True,True,,4.0143412920006085,1624,1,False,True,False,,1.3061236144626707
v100_s0_p30,100,0.3,h2+3+4,True,0,1.511057902254873,4.642295875004493,113.0,35.0,True,True,,3.830503459001193,1606,1,False,True,False,,1.2119283860965304
v100_s0_p50,100,0.5,h2,False,0,2.0401119850968428,0.8473439590015914,142.0,1.0,True,True,2.0401119850968428,0.6116148750006687,142,1,True,True,True,0.0,1.3854207829733785
v100_s0_p50,100,0.5,h2,True,0,1.9785851796912488,0.5851284170057625,94.0,1.0,True,True,1.9785851796912488,0.3980997500184458,94,1,True,True,True,0.0,1.4698035278310293
v100_s0_p50,100,0.5,h3,False,0,1.9120158713340543,2.22510691700154,85.0,3.0,True,True,1.8700001042728323,0.7911009580129758,142,1,True,True,True,0.04201576706122201,2.812671245640235
v100_s0_p50,100,0.5,h3,True,0,1.8670063068244935,1.1854329589987174,70.0,2.0,True,True,1.87396288587956,0.5043455840204842,94,1,True,True,True,-0.006956579055066525,2.3504378675209545
v100_s0_p50,100,0.5,h4,False,0,,2.1599223329976667,136.0,8.0,False,True,,0.8996309580106754,617,1,False,True,False,,2.4008981835994536
v100_s0_p50,100,0.5,h4,True,0,2.036648622701658,1.422985458993935,79.0,8.0,True,True,,0.7474873749888502,509,1,False,True,False,,1.903691629594628
v100_s0_p50,100,0.5,h2+3,False,0,1.8939075873621334,2.455835916000069,85.0,3.0,True,True,1.9626310014340447,0.8401978750189301,142,1,True,True,True,-0.06872341407191129,2.9229256452769987
v100_s0_p50,100,0.5,h2+3,True,0,1.9217308121171843,1.3138955830072518,70.0,2.0,True,True,1.9133215496624645,0.49336724999011494,94,1,True,True,True,0.008409262454719846,2.6631187680851878
v100_s0_p50,100,0.5,h2+3+4,False,0,,2.6891504999948665,139.0,8.0,False,True,,1.0308136660023592,617,1,False,True,False,,2.608764889995853
v100_s0_p50,100,0.5,h2+3+4,True,0,2.027560342295202,1.793415832988103,80.0,8.0,True,True,,0.830887874995824,509,1,False,True,False,,2.1584330292425036
v100_s1_p0,100,0.0,h2,False,0,1.2916308722142038,5.481602792002377,240.0,4.0,True,True,1.3002646304312957,2.1263897090102546,282,1,True,True,True,-0.008633758217091891,2.57789189289946
v100_s1_p0,100,0.0,h2,True,0,1.2916308722142038,5.567896042004577,240.0,4.0,True,True,1.3002646304312957,2.194393415993545,282,1,True,True,True,-0.008633758217091891,2.5373280841182377
v100_s1_p0,100,0.0,h3,False,0,1.3223746592913266,6.189908999993349,118.0,60.0,True,True,1.3628601090267742,2.7011375830043107,282,1,True,True,True,-0.040485449735447654,2.2915933786344533
v100_s1_p0,100,0.0,h3,True,0,1.3223746592913266,6.237205375000485,118.0,60.0,True,True,1.3628601090267742,2.7587858749902807,282,1,True,True,True,-0.040485449735447654,2.260851569360184
v100_s1_p0,100,0.0,h4,False,0,1.337974987974989,13.931614000000991,115.0,85.0,True,True,,11.526351625012467,3880,1,False,True,False,,1.2086750823885197
v100_s1_p0,100,0.0,h4,True,0,1.337974987974989,13.96426337500452,115.0,85.0,True,True,,11.66832341699046,3880,1,False,True,False,,1.1967669112317283
v100_s1_p0,100,0.0,h2+3,False,0,1.3283280824114143,6.834452792012598,118.0,60.0,True,True,1.3396833814333795,2.738168499985477,282,1,True,True,True,-0.011355299021965193,2.4959942355807714
v100_s1_p0,100,0.0,h2+3,True,0,1.3283280824114143,6.910716291007702,118.0,60.0,True,True,1.3396833814333795,2.821075167012168,282,1,True,True,True,-0.011355299021965193,2.449674638881359
v100_s1_p0,100,0.0,h2+3+4,False,0,1.3469567500400816,15.787032624997664,115.0,85.0,True,True,,12.775947625021217,3880,1,False,True,False,,1.2356838872820164
v100_s1_p0,100,0.0,h2+3+4,True,0,1.3469567500400816,15.732779542013304,115.0,85.0,True,True,,13.046867875003954,3880,1,False,True,False,,1.2058663958845781
v100_s1_p10,100,0.1,h2,False,0,1.3650575196408579,4.023603957990417,159.0,22.0,True,True,1.3540563973063957,2.045490124990465,254,1,True,True,True,0.011001122334462154,1.967061052425845
v100_s1_p10,100,0.1,h2,True,0,1.3587582170915502,4.632340625001234,179.0,12.0,True,True,1.3413508096841393,1.9459096250066068,252,1,True,True,True,0.01740740740741087,2.3805528095815376
v100_s1_p10,100,0.1,h3,False,0,1.3564503367003324,4.715200624996214,134.0,31.0,True,True,1.3820879830046449,2.3611557919939514,254,1,True,True,True,-0.025637646304312423,1.9969883567125049
v100_s1_p10,100,0.1,h3,True,0,1.3777079525412865,4.6785942089918535,130.0,39.0,True,True,1.379401956068621,2.3839383749873377,252,1,True,True,True,-0.0016940035273345089,1.962548301617362
v100_s1_p10,100,0.1,h4,False,0,1.3846348805515503,8.5833412919892,126.0,60.0,True,True,,8.230457416997524,2974,1,False,True,False,,1.0428753661081949
v100_s1_p10,100,0.1,h4,True,0,1.3748106461439824,8.938735291987541,131.0,67.0,True,True,,8.154461124999216,2974,1,False,True,False,,1.0961773138612394
v100_s1_p10,100,0.1,h2+3,False,0,1.3614332210998867,5.143899375005276,134.0,31.0,True,True,1.3752467131633768,2.4621341660094913,254,1,True,True,True,-0.01381349206349003,2.0892035235197035
v100_s1_p10,100,0.1,h2+3,True,0,1.3584998797498802,5.225744667011895,130.0,39.0,True,True,1.3575625701458998,2.4291260839963797,252,1,True,True,True,0.0009373096039804185,2.151285888962396
v100_s1_p10,100,0.1,h2+3+4,False,0,1.3917123216289895,9.60467095799686,127.0,60.0,True,True,,9.083854374999646,2974,1,False,True,False,,1.0573343166344225
v100_s1_p10,100,0.1,h2+3+4,True,0,1.3733784672118052,10.067434458003845,135.0,67.0,True,True,,9.093255624989979,2974,1,False,True,False,,1.1071320188488531
v100_s1_p30,100,0.3,h2,False,0,1.4293431756234818,3.3848494160047267,159.0,2.0,True,True,1.4744506063521237,1.709421542007476,197,1,True,True,True,-0.04510743072864187,1.9801139349336239
v100_s1_p30,100,0.3,h2,True,0,1.4723667592228293,2.560380416995031,136.0,3.0,True,True,1.4723262604399,1.27545258300961,180,1,True,True,True,4.049878292944342e-05,2.0074289323664645
v100_s1_p30,100,0.3,h3,False,0,1.514747015610653,3.9792430000088643,127.0,9.0,True,True,1.4980832604544772,1.8726074580044951,197,1,True,True,True,0.016663755156175908,2.1249744483284614
v100_s1_p30,100,0.3,h3,True,0,1.4672675638054449,3.208214082987979,107.0,10.0,True,True,1.4901163037299405,1.4570931670023128,180,1,True,True,True,-0.022848739924495653,2.2017906305801014
v100_s1_p30,100,0.3,h4,False,0,1.4876702195111324,4.209637624997413,123.0,32.0,True,True,,3.3823980409943033,1541,1,False,True,False,,1.2445719202698955
v100_s1_p30,100,0.3,h4,True,0,1.5263911226259765,4.046461125006317,140.0,20.0,True,True,,3.2935334159992635,1529,1,False,True,False,,1.2286078851817612
v100_s1_p30,100,0.3,h2+3,False,0,1.4930987581442121,4.3701116250013,127.0,9.0,True,True,1.4897819974638171,1.984783249994507,197,1,True,True,True,0.0033167606803949923,2.20180799339847
v100_s1_p30,100,0.3,h2+3,True,0,1.4752190191962944,3.5958019999961834,107.0,10.0,True,True,1.4803411714548107,1.524763042019913,180,1,True,True,True,-0.00512215225851631,2.3582693840956983
v100_s1_p30,100,0.3,h2+3+4,False,0,1.4969185688049373,5.048347791002016,125.0,32.0,True,True,,3.795012165996013,1541,1,False,True,False,,1.3302586579922229
v100_s1_p30,100,0.3,h2+3+4,True,0,1.5159707974405017,5.049119542003609,141.0,20.0,True,True,,3.7354153750056867,1529,1,False,True,False,,1.3516889114362343
v100_s1_p50,100,0.5,h2,False,0,1.8798459455807968,1.146886667003855,141.0,1.0,True,True,1.8798459455807968,0.8555670840141829,141,1,True,True,True,0.0,1.340498820528307
v100_s1_p50,100,0.5,h2,True,0,2.035261205264991,0.5298493750015041,89.0,1.0,True,True,2.035261205264991,0.32718812499661,89,1,True,True,True,0.0,1.6194028282872244
v100_s1_p50,100,0.5,h3,False,0,1.9604188234604913,2.4924572089948924,104.0,3.0,True,True,1.876111804161052,0.9794162499892991,141,1,True,True,True,0.08430701929943929,2.544839550111737
v100_s1_p50,100,0.5,h3,True,0,2.1037173240620395,1.112454375004745,69.0,2.0,True,True,2.0334329141677565,0.3701100840116851,89,1,True,True,True,0.07028440989428297,3.0057391653495795
v100_s1_p50,100,0.5,h4,False,0,2.1871917592788863,2.2705316670035245,101.0,10.0,True,True,,0.8906234170135576,608,1,False,True,False,,2.54937342049357
v100_s1_p50,100,0.5,h4,True,0,2.1514343390896404,1.3945069579931442,53.0,10.0,True,True,,0.6994479589920957,476,1,False,True,False,,1.9937251085879617
v100_s1_p50,100,0.5,h2+3,False,0,1.960486639903308,2.787245208004606,104.0,3.0,True,True,1.8944627287695512,1.0372628750046715,141,1,True,True,True,0.06602391113375683,2.6871155568852814
v100_s1_p50,100,0.5,h2+3,True,0,2.1034208895761997,1.2292985840031179,69.0,2.0,True,True,2.0202948579198705,0.38361074999556877,89,1,True,True,True,0.08312603165632915,3.2045467547958912
v100_s1_p50,100,0.5,h2+3+4,False,0,2.165639556711536,2.66792833400541,79.0,13.0,True,True,,1.0081559579994064,608,1,False,True,False,,2.6463448565038195
v100_s1_p50,100,0.5,h2+3+4,True,0,2.163554671899368,1.6791441250097705,53.0,10.0,True,True,,0.8165049579984043,476,1,False,True,False,,2.056502056185986
v100_s2_p0,100,0.0,h2,False,0,1.3168682058682049,2.717462125001475,285.0,1.0,True,True,1.3168682058682049,2.2288215000007767,285,1,True,True,True,0.0,1.2192372179649775
v100_s2_p0,100,0.0,h2,True,0,1.3168682058682049,2.7404510829946958,285.0,1.0,True,True,1.3168682058682049,2.2553326670022216,285,1,True,True,True,0.0,1.2150983857460333
v100_s2_p0,100,0.0,h3,False,0,1.3281461038961,6.019946250002249,154.0,42.0,True,True,1.3529923039923013,2.788053249998484,285,1,True,True,True,-0.02484620009620131,2.15919342645465
v100_s2_p0,100,0.0,h3,True,0,1.3281461038961,6.048991458999808,154.0,42.0,True,True,1.3529923039923013,2.8009823329921346,285,1,True,True,True,-0.02484620009620131,2.159596434347376
v100_s2_p0,100,0.0,h4,False,0,1.3443924963924991,14.7055896249949,121.0,96.0,True,True,,12.23711554100737,3976,1,False,True,False,,1.2017202563557983
v100_s2_p0,100,0.0,h4,True,0,1.3443924963924991,14.620938417006982,121.0,96.0,True,True,,12.361800250015222,3976,1,False,True,False,,1.1827515508502882
v100_s2_p0,100,0.0,h2+3,False,0,1.3232077922077916,6.50151995800843,154.0,42.0,True,True,1.3777438672438653,2.888602416991489,285,1,True,True,True,-0.05453607503607372,2.2507493311522717
v100_s2_p0,100,0.0,h2+3,True,0,1.3232077922077916,6.490301459009061,154.0,42.0,True,True,1.3777438672438653,2.984274499991443,285,1,True,True,True,-0.05453607503607372,2.1748339366997476
v100_s2_p0,100,0.0,h2+3+4,False,0,1.3451261423761436,16.55371141700016,121.0,96.0,True,True,,13.958579915983137,3976,1,False,True,False,,1.1859165843973491
v100_s2_p0,100,0.0,h2+3+4,True,0,1.3451261423761436,16.49017950000416,121.0,96.0,True,True,,13.858438750001369,3976,1,False,True,False,,1.1899016763343946
v100_s2_p10,100,0.1,h2,False,0,1.3349798781465347,2.6088484159990912,257.0,1.0,True,True,1.3349798781465347,2.06078704202082,257,1,True,True,True,0.0,1.265947602931761
v100_s2_p10,100,0.1,h2,True,0,1.3433435145101735,2.49933754200174,256.0,1.0,True,True,1.3433435145101735,2.0237933750031516,256,1,True,True,True,0.0,1.2349766398448894
v100_s2_p10,100,0.1,h3,False,0,1.3589327801827753,5.187688958001672,124.0,45.0,True,True,1.382069745069738,2.405676374997711,257,1,True,True,True,-0.023136964886962597,2.156436755964987
v100_s2_p10,100,0.1,h3,True,0,1.3618389049222328,4.8446415409998735,128.0,44.0,True,True,1.3845765993265893,2.4452464589849114,256,1,True,True,True,-0.022737694404356468,1.98124877073169
v100_s2_p10,100,0.1,h4,False,0,1.3769919432419373,10.231103541009361,83.0,79.0,True,True,,8.263027292006882,3002,1,False,True,False,,1.238178597196002
v100_s2_p10,100,0.1,h4,True,0,1.3538260381593676,10.279022917005932,113.0,73.0,True,True,,8.255414334009402,2996,1,False,True,False,,1.245125017488217
v100_s2_p10,100,0.1,h2+3,False,0,1.3610856581689872,5.610956958000315,124.0,45.0,True,True,1.3845189594356146,2.4838507079984993,257,1,True,True,True,-0.02343330126662746,2.2589751227527097
v100_s2_p10,100,0.1,h2+3,True,0,1.3524892175725445,5.254946959001245,128.0,44.0,True,True,1.378556517556508,2.4854208750184625,256,1,True,True,True,-0.02606729998396351,2.114308691867815
v100_s2_p10,100,0.1,h2+3+4,False,0,1.3739356661856623,11.401345874997787,87.0,79.0,True,True,,9.294726291002007,3002,1,False,True,False,,1.2266467583919223
v100_s2_p10,100,0.1,h2+3+4,True,0,1.3542637085137044,11.595936833997257,117.0,73.0,True,True,,9.275794332992518,2996,1,False,True,False,,1.2501287132631178
v100_s2_p30,100,0.3,h2,False,0,1.4963399033626335,2.071124209003756,199.0,1.0,True,True,1.4963399033626335,1.74009120799019,199,1,True,True,True,0.0,1.1902388791423812
v100_s2_p30,100,0.3,h2,True,0,1.5128829820572245,1.6844282499951078,184.0,1.0,True,True,1.5128829820572245,1.4048245000012685,184,1,True,True,True,0.0,1.199031088932167
v100_s2_p30,100,0.3,h3,False,0,1.46098176570904,2.962666874998831,107.0,17.0,True,True,1.5137980053055864,1.9144544170121662,199,1,True,True,True,-0.052816239596546355,1.5475254196036592
v100_s2_p30,100,0.3,h3,True,0,1.4867049900155973,2.694170959002804,110.0,16.0,True,True,1.5174336948124796,1.513894750009058,184,1,True,True,True,-0.030728704796882278,1.779628972877199
v100_s2_p30,100,0.3,h4,False,0,1.4815783265556028,4.567072916994221,87.0,49.0,True,True,,3.2638007090135943,1548,1,False,True,False,,1.3993112092847448
v100_s2_p30,100,0.3,h4,True,0,1.463982341452042,3.9602122090000194,101.0,41.0,True,True,,3.2815665829984937,1545,1,False,True,False,,1.2068053805513284
v100_s2_p30,100,0.3,h2+3,False,0,1.4853242781348879,3.4259542920044623,107.0,17.0,True,True,1.5278631590071003,1.9571636669861618,199,1,True,True,True,-0.04253888087221247,1.7504689821266162
v100_s2_p30,100,0.3,h2+3,True,0,1.5330503082775873,2.9483625419961754,111.0,16.0,True,True,1.5077170551109922,1.5713247080275323,184,1,True,True,True,0.02533325316659507,1.8763547260051836
v100_s2_p30,100,0.3,h2+3+4,False,0,1.4688120927893666,5.56084054200619,90.0,49.0,True,True,,3.9066509999975096,1548,1,False,True,False,,1.4234290552213993
v100_s2_p30,100,0.3,h2+3+4,True,0,1.4591308503505527,4.747314792010002,104.0,41.0,True,True,,3.9099234160094056,1545,1,False,True,False,,1.2141707872261256
v100_s2_p50,100,0.5,h2,False,0,1.8299367209670299,1.5395449589996133,143.0,1.0,True,True,1.8299367209670299,1.3216829579905607,143,1,True,True,True,0.0,1.1648368087762002
v100_s2_p50,100,0.5,h2,True,0,1.8210844071753225,0.6515309999958845,92.0,1.0,True,True,1.8210844071753225,0.6165033750003204,92,1,True,True,True,0.0,1.056816598928669
v100_s2_p50,100,0.5,h3,False,0,1.769257128954102,2.674237416998949,83.0,6.0,True,True,1.7738256219089676,1.4645551670109853,143,1,True,True,True,-0.004568492954865722,1.8259724708471088
v100_s2_p50,100,0.5,h3,True,0,1.9401358680601162,1.260104874992976,69.0,3.0,True,True,1.796997127171377,0.48768270900473,92,1,True,True,True,0.14313874088873924,2.5838621130624384
v100_s2_p50,100,0.5,h4,False,0,1.8535437934680385,2.360550459008664,124.0,10.0,True,True,,1.046325415984029,654,1,False,True,False,,2.2560385353811334
v100_s2_p50,100,0.5,h4,True,0,1.8041872627933293,1.4988082500058226,83.0,9.0,True,True,,1.0117828330257908,578,1,False,True,False,,1.481353706628483
v100_s2_p50,100,0.5,h2+3,False,0,1.755313780775906,2.9071670419943985,83.0,6.0,True,True,1.7626901639325963,1.518450791016221,143,1,True,True,True,-0.007376383156690203,1.9145612483423193
v100_s2_p50,100,0.5,h2+3,True,0,1.8140964781570896,1.446127457995317,69.0,3.0,True,True,1.8704686029458815,0.5735396659874823,92,1,True,True,True,-0.05637212478879183,2.521407923034358
v100_s2_p50,100,0.5,h2+3+4,False,0,1.8426003320473037,2.7679847499966854,124.0,10.0,True,True,,1.304400082997745,654,1,False,True,False,,2.1220366251705234
v100_s2_p50,100,0.5,h2+3+4,True,0,1.823565413262391,1.6907224580063485,83.0,9.0,True,True,,1.178430333005963,578,1,False,True,False,,1.4347241501274164
v100_s3_p0,100,0.0,h2,False,0,1.3106519560686278,2.7387384999892674,287.0,1.0,True,True,1.3106519560686278,2.5683314579946455,287,1,True,True,True,0.0,1.066349318529033
v100_s3_p0,100,0.0,h2,True,0,1.3106519560686278,2.7736893749970477,287.0,1.0,True,True,1.3106519560686278,2.4697049589885864,287,1,True,True,True,0.0,1.1230853162852907
v100_s3_p0,100,0.0,h3,False,0,1.3207138447971796,5.990630792002776,152.0,46.0,True,True,1.3450235690235666,3.215594292007154,287,1,True,True,True,-0.024309724226386997,1.8629933530151472
v100_s3_p0,100,0.0,h3,True,0,1.3207138447971796,5.985595583013492,152.0,46.0,True,True,1.3450235690235666,3.25627616699785,287,1,True,True,True,-0.024309724226386997,1.8381719719221357
v100_s3_p0,100,0.0,h4,False,0,1.3315244909411603,12.829285207990324,187.0,69.0,True,True,,13.216389958979562,4048,1,False,True,False,,0.9707102505154043
v100_s3_p0,100,0.0,h4,True,0,1.3315244909411603,12.867799625004409,187.0,69.0,True,True,,13.26593037499697,4048,1,False,True,False,,0.9699884788523435
v100_s3_p0,100,0.0,h2+3,False,0,1.3228623937790644,6.5352248340059305,152.0,46.0,True,True,1.352996592913257,3.155806708993623,287,1,True,True,True,-0.030134199134192574,2.0708571331005228
v100_s3_p0,100,0.0,h2+3,True,0,1.3228623937790644,6.517779333997169,152.0,46.0,True,True,1.352996592913257,3.327533500007121,287,1,True,True,True,-0.030134199134192574,1.9587419131868156
v100_s3_p0,100,0.0,h2+3+4,False,0,1.3447036636203336,14.742261584004154,187.0,69.0,True,True,,14.232194292009808,4048,1,False,True,False,,1.0358389775693764
v100_s3_p0,100,0.0,h2+3+4,True,0,1.3447036636203336,14.744968917002552,187.0,69.0,True,True,,14.460417499998584,4048,1,False,True,False,,1.019677953074591
v100_s3_p10,100,0.1,h2,False,0,1.3462316418149747,2.5370831249892944,258.0,1.0,True,True,1.3462316418149747,2.221483208006248,258,1,True,True,True,0.0,1.1420672080012224
v100_s3_p10,100,0.1,h2,True,0,1.3453403078403063,2.5438559999893187,257.0,1.0,True,True,1.3453403078403063,2.175744875014061,257,1,True,True,True,0.0,1.169188552023076
v100_s3_p10,100,0.1,h3,False,0,1.3588274410774395,4.990800416999264,143.0,36.0,True,True,1.3703241542408182,2.6072613750002347,258,1,True,True,True,-0.011496713163378747,1.9141925949019263
v100_s3_p10,100,0.1,h3,True,0,1.3667764149430737,4.793847082997672,148.0,30.0,True,True,1.3989024771524705,2.640707750018919,257,1,True,True,True,-0.032126062209396844,1.815364491948542
v100_s3_p10,100,0.1,h4,False,0,1.3698301266634598,11.35851258301409,80.0,88.0,True,True,,8.595181874989066,3045,1,False,True,False,,1.3214976423088822
v100_s3_p10,100,0.1,h4,True,0,1.3662103174603168,10.822991375011043,141.0,66.0,True,True,,8.626074125000741,3053,1,False,True,False,,1.2546833261776675
v100_s3_p10,100,0.1,h2+3,False,0,1.3531897546897516,5.532180875001359,143.0,36.0,True,True,1.3766426968093568,2.6830954590113834,258,1,True,True,True,-0.023452942119605247,2.0618650955638205
v100_s3_p10,100,0.1,h2+3,True,0,1.376010221260214,5.392067709006369,148.0,30.0,True,True,1.3781918390251688,2.7343740409996826,257,1,True,True,True,-0.0021816177649547353,1.971956882327276
v100_s3_p10,100,0.1,h2+3+4,False,0,1.368527537277538,12.61625591700431,85.0,88.0,True,True,,9.31781329200021,3045,1,False,True,False,,1.3539932086679576
v100_s3_p10,100,0.1,h2+3+4,True,0,1.3929341430174738,12.125298667000607,131.0,70.0,True,True,,9.36237825002172,3053,1,False,True,False,,1.2951088220530373
v100_s3_p30,100,0.3,h2,False,0,1.4825907086740404,2.12152770900866,201.0,1.0,True,True,1.4825907086740404,1.7714323329855688,201,1,True,True,True,0.0,1.197634066796693
v100_s3_p30,100,0.3,h2,True,0,1.4955588423921797,1.8948397919884883,192.0,1.0,True,True,1.4955588423921797,1.5938151250011288,192,1,True,True,True,0.0,1.1888705046560193
v100_s3_p30,100,0.3,h3,False,0,1.4794557078723776,3.5222094999917317,121.0,10.0,True,True,1.4801476671476643,1.9169477079994977,201,1,True,True,True,-0.0006919592752867576,1.8374051025457887
v100_s3_p30,100,0.3,h3,True,0,1.4626532387365716,2.876701082990621,93.0,22.0,True,True,1.5434829645662986,1.7281036660133395,192,1,True,True,True,-0.08082972582972703,1.6646577051867764
v100_s3_p30,100,0.3,h4,False,0,1.4526722382555712,4.19385300000431,187.0,27.0,True,True,,3.075876082992181,1537,1,False,True,False,,1.3634661757649782
v100_s3_p30,100,0.3,h4,True,0,1.4597515231681943,4.212285542002064,58.0,57.0,True,True,,3.1118495000118855,1541,1,False,True,False,,1.353627655188972
v100_s3_p30,100,0.3,h2+3,False,0,1.4862567340067379,3.8770384580129758,121.0,10.0,True,True,1.492312890812892,1.9892752500018105,201,1,True,True,True,-0.006056156806154123,1.9489703388253823
v100_s3_p30,100,0.3,h2+3,True,0,1.4531850649350635,3.141839667005115,93.0,22.0,True,True,1.508515392015392,1.7528471249970607,192,1,True,True,True,-0.05533032708032848,1.7924208119463834
v100_s3_p30,100,0.3,h2+3+4,False,0,1.4484738656405343,4.926165459008189,187.0,27.0,True,True,,3.483326042012777,1537,1,False,True,False,,1.4142131398534525
v100_s3_p30,100,0.3,h2+3+4,True,0,1.4626728795895512,4.958871165988967,60.0,57.0,True,True,,3.527764375001425,1541,1,False,True,False,,1.4056696079615476
v100_s3_p50,100,0.5,h2,False,0,2.0472523495023482,0.8671295840031235,143.0,1.0,True,True,2.0472523495023482,0.6656470830203034,143,1,True,True,True,0.0,1.3026866730469462
v100_s3_p50,100,0.5,h2,True,0,1.9416277984081054,0.561974916010513,102.0,1.0,True,True,1.9416277984081054,0.3789724170055706,102,1,True,True,True,0.0,1.482891341937037
v100_s3_p50,100,0.5,h3,False,0,2.0740454074545034,2.505594166010269,85.0,4.0,True,True,2.024083749583742,1.0789309160027187,143,1,True,True,True,0.04996165787076157,2.3222934192053084
v100_s3_p50,100,0.5,h3,True,0,2.139627137452896,1.306836541989469,71.0,2.0,True,True,2.150052061855097,0.5003137919993605,102,1,True,True,True,-0.010424924402200997,2.612033813353559
v100_s3_p50,100,0.5,h4,False,0,,2.3097905839968007,142.0,9.0,False,True,,0.875099416996818,622,1,False,True,False,,2.639460773409702
v100_s3_p50,100,0.5,h4,True,0,2.1380803590349093,1.6116974579927046,82.0,10.0,True,True,,0.7314688329934143,495,1,False,True,False,,2.2033713335359777
v100_s3_p50,100,0.5,h2+3,False,0,2.105296849615039,2.6836717919941293,85.0,4.0,True,True,1.9672909663288487,1.0582822499854956,143,1,True,True,True,0.13800588328619012,2.5358752752688716
v100_s3_p50,100,0.5,h2+3,True,0,2.1048213251395156,1.3537885830010055,71.0,2.0,True,True,1.9912618756103595,0.49829729201155715,102,1,True,True,True,0.11355944952915609,2.7168290992229727
v100_s3_p50,100,0.5,h2+3+4,False,0,,2.96886245800124,142.0,9.0,False,True,,0.9927005420031492,622,1,False,True,False,,2.9906928951710214
v100_s3_p50,100,0.5,h2+3+4,True,0,2.161012740346086,2.068106708000414,82.0,10.0,True,True,,0.8376330829923972,495,1,False,True,False,,2.4689888090525494
v100_s4_p0,100,0.0,h2,False,0,1.3087023809523788,2.6837075000075856,284.0,1.0,True,True,1.3087023809523788,2.2901592919952236,284,1,True,True,True,0.0,1.1718431592893683
v100_s4_p0,100,0.0,h2,True,0,1.3087023809523788,2.7582668749964796,284.0,1.0,True,True,1.3087023809523788,2.3211096249870025,284,1,True,True,True,0.0,1.1883397687482877
v100_s4_p0,100,0.0,h3,False,0,1.3288798701298687,6.661110000000917,130.0,56.0,True,True,1.3482417027416989,2.846078041009605,284,1,True,True,True,-0.01936183261183011,2.340452336169245
v100_s4_p0,100,0.0,h3,True,0,1.3288798701298687,6.68005183301284,130.0,56.0,True,True,1.3482417027416989,2.94861000002129,284,1,True,True,True,-0.01936183261183011,2.2654918191841604
v100_s4_p0,100,0.0,h4,False,0,1.337713684463683,15.163220750007895,99.0,97.0,True,True,,12.454939541989006,3953,1,False,True,False,,1.2174463552302708
v100_s4_p0,100,0.0,h4,True,0,1.337713684463683,15.287274917005561,99.0,97.0,True,True,,12.637302832998103,3953,1,False,True,False,,1.2096944355157764
v100_s4_p0,100,0.0,h2+3,False,0,1.3331782106782135,7.156281000003219,130.0,56.0,True,True,1.3637582972582947,2.9558225420187227,284,1,True,True,True,-0.030580086580081156,2.421079377490548
v100_s4_p0,100,0.0,h2+3,True,0,1.3331782106782135,7.112830874990323,130.0,56.0,True,True,1.3637582972582947,3.0177449169859756,284,1,True,True,True,-0.030580086580081156,2.3570020232506543
v100_s4_p0,100,0.0,h2+3+4,False,0,1.337713684463683,17.032127124999533,99.0,97.0,True,True,,13.794698750018142,3953,1,False,True,False,,1.2346864135019355
v100_s4_p0,100,0.0,h2+3+4,True,0,1.337713684463683,17.21175633299572,99.0,97.0,True,True,,13.989025542017771,3953,1,False,True,False,,1.2303756456300745
v100_s4_p10,100,0.1,h2,False,0,1.330404000320665,2.5510438329947647,256.0,1.0,True,True,1.330404000320665,2.077569792018039,256,1,True,True,True,0.0,1.2278980195013418
v100_s4_p10,100,0.1,h2,True,0,1.3385386002885968,2.457895291998284,253.0,1.0,True,True,1.3385386002885968,2.0076375419739634,253,1,True,True,True,0.0,1.224272429963436
v100_s4_p10,100,0.1,h3,False,0,1.363182700016028,4.765467291988898,124.0,43.0,True,True,1.3690164341830935,2.5250810829747934,256,1,True,True,True,-0.005833734167065563,1.8872531754008903
v100_s4_p10,100,0.1,h3,True,0,1.3499121372454663,4.5116260000068,152.0,27.0,True,True,1.3689862514029136,2.4167151660076343,253,1,True,True,True,-0.01907411415744731,1.8668422590569151
v100_s4_p10,100,0.1,h4,False,0,1.3714959114959044,10.617321124998853,84.0,82.0,True,True,,8.751736958016409,3106,1,False,True,False,,1.2131673033515487
v100_s4_p10,100,0.1,h4,True,0,1.3730401234567866,9.650450415996602,134.0,62.0,True,True,,8.697270083997864,3112,1,False,True,False,,1.1095953469068986
v100_s4_p10,100,0.1,h2+3,False,0,1.3577354096520704,5.248190750004142,124.0,43.0,True,True,1.3761995350328646,2.608465375000378,256,1,True,True,True,-0.018464125380794227,2.0119840578690376
v100_s4_p10,100,0.1,h2+3,True,0,1.3387180936347558,5.0421452919981675,152.0,27.0,True,True,1.3744199134199064,2.5097432500042487,253,1,True,True,True,-0.035701819785150635,2.0090283306826833
v100_s4_p10,100,0.1,h2+3+4,False,0,1.3625803671636934,12.065440209000371,87.0,82.0,True,True,,9.557758749986533,3106,1,False,True,False,,1.2623712864710435
v100_s4_p10,100,0.1,h2+3+4,True,0,1.3638232724066024,11.003773082993575,135.0,62.0,True,True,,9.574548375006998,3112,1,False,True,False,,1.1492733288305657
v100_s4_p30,100,0.3,h2,False,0,1.4809975549142222,2.1183154579921393,199.0,1.0,True,True,1.4809975549142222,1.7615425410040189,199,1,True,True,True,0.0,1.2025343746650434
v100_s4_p30,100,0.3,h2,True,0,1.4710375982042607,1.631043250003131,181.0,1.0,True,True,1.4710375982042607,1.3269293339981232,181,1,True,True,True,0.0,1.229186218295961
v100_s4_p30,100,0.3,h3,False,0,1.4728619929453277,3.3303541670029517,115.0,15.0,True,True,1.486287077120409,1.9500490840000566,199,1,True,True,True,-0.01342508417508137,1.7078309435019612
v100_s4_p30,100,0.3,h3,True,0,1.4783193442360103,2.9009925419959472,109.0,13.0,True,True,1.4856093474426777,1.4958703339798376,181,1,True,True,True,-0.007290003206667395,1.9393342297775984
v100_s4_p30,100,0.3,h4,False,0,1.4841653839987177,4.4170445000054315,67.0,49.0,True,True,,3.2617749579949304,1598,1,False,True,False,,1.354184318933108
v100_s4_p30,100,0.3,h4,True,0,1.5075313051146446,4.164872375011328,83.0,46.0,True,True,,3.35725991599611,1570,1,False,True,False,,1.240557025438287
v100_s4_p30,100,0.3,h2+3,False,0,1.4773418710918695,3.5691516250080895,115.0,15.0,True,True,1.4871744428411036,2.0148058340128046,199,1,True,True,True,-0.00983257174923402,1.7714618276142071
v100_s4_p30,100,0.3,h2+3,True,0,1.4865852573352576,3.2003495410026517,109.0,13.0,True,True,1.507328843995505,1.542794708017027,181,1,True,True,True,-0.02074358666024745,2.07438457260208
v100_s4_p30,100,0.3,h2+3+4,False,0,1.4871854256854256,5.4027119999955175,72.0,49.0,True,True,,3.6017490409722086,1598,1,False,True,False,,1.5000245543307429
v100_s4_p30,100,0.3,h2+3+4,True,0,1.5033367003367029,5.003376374996151,85.0,46.0,True,True,,3.625315832992783,1570,1,False,True,False,,1.3801215136794707
v100_s4_p50,100,0.5,h2,False,0,1.8516887415334393,1.2436765830061631,142.0,1.0,True,True,1.8516887415334393,0.9553937909950037,142,1,True,True,True,0.0,1.301742375477367
v100_s4_p50,100,0.5,h2,True,0,1.8500672184157065,0.6349557089997688,93.0,1.0,True,True,1.8500672184157065,0.4547906669904478,93,1,True,True,True,0.0,1.396149382751307
v100_s4_p50,100,0.5,h3,False,0,1.7492731402996577,1.5987093330040807,142.0,1.0,True,True,1.7492731402996577,1.2796651659882627,142,1,True,True,True,0.0,1.2493184744693944
v100_s4_p50,100,0.5,h3,True,0,1.869482005508531,1.0343136250012321,58.0,4.0,True,True,1.9282212840470407,0.46811683298437856,93,1,True,True,True,-0.05873927853850969,2.209520256742718
v100_s4_p50,100,0.5,h4,False,0,1.8414621873637123,2.164514959004009,97.0,10.0,True,True,,0.8882649159932043,628,1,False,True,False,,2.4367898810725612
v100_s4_p50,100,0.5,h4,True,0,1.8215094024942513,1.4199073749914533,72.0,10.0,True,True,,0.803335042000981,529,1,False,True,False,,1.767515794474355
v100_s4_p50,100,0.5,h2+3,False,0,1.8087536991627988,1.674173499995959,142.0,1.0,True,True,1.8087536991627988,1.2926238749932963,142,1,True,True,True,0.0,1.2951745147091929
v100_s4_p50,100,0.5,h2+3,True,0,1.861452561327566,1.2121335840056418,59.0,4.0,True,True,1.8040768848155266,0.5042404580162838,93,1,True,True,True,0.05737567651203945,2.403880063044242
v100_s4_p50,100,0.5,h2+3+4,False,0,1.803971697634577,2.7259074590110686,97.0,10.0,True,True,,1.0457453340059146,628,1,False,True,False,,2.6066647111577272
v100_s4_p50,100,0.5,h2+3+4,True,0,1.8327190018174888,1.9812617499992484,65.0,10.0,True,True,,0.8842282910190988,529,1,False,True,False,,2.240667676122177
v100_s5_p0,100,0.0,h2,False,0,1.3229479316979327,2.6981197080021957,283.0,1.0,True,True,1.3229479316979327,2.264716750010848,283,1,True,True,True,0.0,1.1913718163603777
v100_s5_p0,100,0.0,h2,True,0,1.3229479316979327,2.811983167004655,283.0,1.0,True,True,1.3229479316979327,2.3367825410095975,283,1,True,True,True,0.0,1.2033568026358794
v100_s5_p0,100,0.0,h3,False,0,1.3422793009459673,5.742331292000017,138.0,54.0,True,True,1.3563576238576225,2.82244854097371,283,1,True,True,True,-0.014078322911655228,2.0345211643855103
v100_s5_p0,100,0.0,h3,True,0,1.3422793009459673,5.753077250003116,138.0,54.0,True,True,1.3563576238576225,2.9448012089997064,283,1,True,True,True,-0.014078322911655228,1.9536385792089948
v100_s5_p0,100,0.0,h4,False,0,1.3357776174442861,13.241668250004295,131.0,85.0,True,True,,12.587336791999405,3901,1,False,True,False,,1.0519833121825093
v100_s5_p0,100,0.0,h4,True,0,1.3357776174442861,13.170447791009792,131.0,85.0,True,True,,12.803996458009351,3901,1,False,True,False,,1.028620074537057
v100_s5_p0,100,0.0,h2+3,False,0,1.3340590428090418,6.211735083008534,138.0,54.0,True,True,1.3507976992143613,3.060698332992615,283,1,True,True,True,-0.016738656405319574,2.029515622643861
v100_s5_p0,100,0.0,h2+3,True,0,1.3340590428090418,6.239079459002824,138.0,54.0,True,True,1.3507976992143613,2.9957518330193125,283,1,True,True,True,-0.016738656405319574,2.082642290404501
v100_s5_p0,100,0.0,h2+3+4,False,0,1.337719656886327,14.960025208012667,131.0,85.0,True,True,,14.084766915999353,3901,1,False,True,False,,1.0621421921451237
v100_s5_p0,100,0.0,h2+3+4,True,0,1.337719656886327,14.856870500007062,131.0,85.0,True,True,,14.30042779102223,3901,1,False,True,False,,1.0389109135136618
v100_s5_p10,100,0.1,h2,False,0,1.3324772727272736,2.5271885840047617,255.0,1.0,True,True,1.3324772727272736,2.228907665994484,255,1,True,True,True,0.0,1.1338238109011987
v100_s5_p10,100,0.1,h2,True,0,1.359058601891935,2.389414333010791,250.0,1.0,True,True,1.359058601891935,1.9808511659794021,250,1,True,True,True,0.0,1.2062563679938976
v100_s5_p10,100,0.1,h3,False,0,1.3766349607182917,4.739919833999011,131.0,39.0,True,True,1.3906281064614403,2.6324254579958506,255,1,True,True,True,-0.013993145743148583,1.8005903337554192
v100_s5_p10,100,0.1,h3,True,0,1.3837122815456153,4.781516542003374,141.0,35.0,True,True,1.403553631553625,2.5294852090009954,250,1,True,True,True,-0.019841350008009684,1.890312117654882
v100_s5_p10,100,0.1,h4,False,0,1.3732956950456958,8.894579207990319,71.0,84.0,True,True,,8.93284558400046,3032,1,False,True,False,,0.995716216557165
v100_s5_p10,100,0.1,h4,True,0,1.379794652877985,8.87422791699646,146.0,56.0,True,True,,8.901886959007243,3036,1,False,True,False,,0.996892901231149
v100_s5_p10,100,0.1,h2+3,False,0,1.3846120731120717,5.2699900419975165,131.0,39.0,True,True,1.391961079044409,2.582526042009704,255,1,True,True,True,-0.007349005932337338,2.0406338430943554
v100_s5_p10,100,0.1,h2+3,True,0,1.3705765993266017,5.3249516659998335,141.0,35.0,True,True,1.406686427769758,2.4961242499994114,250,1,True,True,True,-0.036109828443156244,2.133287902635892
v100_s5_p10,100,0.1,h2+3+4,False,0,1.3956127144460515,10.186062666994985,74.0,84.0,True,True,,9.848610333981924,3032,1,False,True,False,,1.0342639541589647
v100_s5_p10,100,0.1,h2+3+4,True,0,1.3743502485169155,10.027694457996404,147.0,56.0,True,True,,9.857247249979991,3036,1,False,True,False,,1.0172915626131585
v100_s5_p30,100,0.3,h2,False,0,1.4926891534391513,2.1138362920028158,198.0,1.0,True,True,1.4926891534391513,1.7524541250022594,198,1,True,True,True,0.0,1.2062149084787543
v100_s5_p30,100,0.3,h2,True,0,1.5247656325156316,1.7248516249965178,184.0,1.0,True,True,1.5247656325156316,1.4239252079860307,184,1,True,True,True,0.0,1.2113358309290072
v100_s5_p30,100,0.3,h3,False,0,1.5305527898027897,3.555207875004271,111.0,15.0,True,True,1.5185123456790115,2.0220926659822,198,1,True,True,True,0.012040444123778249,1.7581824684960146
v100_s5_p30,100,0.3,h3,True,0,1.5066597723264412,3.2718352079973556,119.0,8.0,True,True,1.5484742664742677,1.6338295000023209,184,1,True,True,True,-0.04181449414782645,2.0025560855601565
v100_s5_p30,100,0.3,h4,False,0,1.5172065897065903,4.28128745900176,112.0,32.0,True,True,,3.575675207976019,1570,1,False,True,False,,1.1973367853578476
v100_s5_p30,100,0.3,h4,True,0,1.5621297097963827,4.265759000001708,162.0,25.0,True,True,,3.5980843330034986,1540,1,False,True,False,,1.1855639293592846
v100_s5_p30,100,0.3,h2+3,False,0,1.5107029822029812,3.8896805419935845,111.0,15.0,True,True,1.5259659692159688,2.0577247499895748,198,1,True,True,True,-0.015262987012987672,1.890282236248211
v100_s5_p30,100,0.3,h2+3,True,0,1.5314385922719262,3.6870090419979533,119.0,8.0,True,True,1.533720017636682,1.6909578749909997,184,1,True,True,True,-0.0022814253647558402,2.180426311340002
v100_s5_p30,100,0.3,h2+3+4,False,0,1.529345799262469,5.0894973749964265,113.0,32.0,True,True,,3.9257057089998852,1570,1,False,True,False,,1.296454128827968
v100_s5_p30,100,0.3,h2+3+4,True,0,1.5628593073593136,5.274116458997014,162.0,25.0,True,True,,3.9575799579906743,1540,1,False,True,False,,1.3326620093545163
v100_s5_p50,100,0.5,h2,False,0,1.8247437004634064,1.0333358330099145,141.0,1.0,True,True,1.8247437004634064,0.7618888339784462,141,1,True,True,True,0.0,1.3562816344400548
v100_s5_p50,100,0.5,h2,True,0,1.8434985471879557,0.5929897089954466,88.0,1.0,True,True,1.8434985471879557,0.40928804100258276,88,1,True,True,True,0.0,1.4488322393756543
v100_s5_p50,100,0.5,h3,False,0,1.7815543485695013,2.5757222499960335,108.0,3.0,True,True,1.770232886361676,1.2205143329920247,141,1,True,True,True,0.011321462207825261,2.110358051823767
v100_s5_p50,100,0.5,h3,True,0,2.050896857351413,1.153980415998376,60.0,2.0,True,True,1.9511085738055483,0.4676840830070432,88,1,True,True,True,0.09978828354586455,2.4674357283632364
v100_s5_p50,100,0.5,h4,False,0,1.860350572827849,2.017883458000142,99.0,12.0,True,True,,0.9373021250066813,616,1,False,True,False,,2.15286341955723
v100_s5_p50,100,0.5,h4,True,0,1.886687329225209,1.2661640830046963,60.0,13.0,True,True,,0.8229204999806825,499,1,False,True,False,,1.5386226045339964
v100_s5_p50,100,0.5,h2+3,False,0,1.800642798839773,2.7885620830056723,108.0,3.0,True,True,1.8023905897693813,1.21377733402187,141,1,True,True,True,-0.001747790929608195,2.297424745744533
v100_s5_p50,100,0.5,h2+3,True,0,2.00272153519882,1.2707591670041438,60.0,2.0,True,True,2.0250736084902785,0.48701283399714157,88,1,True,True,True,-0.022352073291458385,2.609292976068886
v100_s5_p50,100,0.5,h2+3+4,False,0,1.8718933272115144,2.4603392089920817,99.0,12.0,True,True,,1.0916357910027727,616,1,False,True,False,,2.253809584909288
v100_s5_p50,100,0.5,h2+3+4,True,0,1.8626889283556018,1.6032041669968748,62.0,13.0,True,True,,0.9392024590051733,499,1,False,True,False,,1.7069846353415947
v100_s6_p0,100,0.0,h2,False,0,1.3199858104858064,2.677744583997992,284.0,1.0,True,True,1.3199858104858064,2.2509736249921843,284,1,True,True,True,0.0,1.189593940269864
v100_s6_p0,100,0.0,h2,True,0,1.3199858104858064,2.7443655420065625,284.0,1.0,True,True,1.3199858104858064,2.3439222080050968,284,1,True,True,True,0.0,1.170843269727062
v100_s6_p0,100,0.0,h3,False,0,1.3500465367965329,6.200493917000131,147.0,44.0,True,True,1.3659112554112502,2.9192140419909265,284,1,True,True,True,-0.015864718614717388,2.1240285322727983
v100_s6_p0,100,0.0,h3,True,0,1.3500465367965329,6.196982124994975,147.0,44.0,True,True,1.3659112554112502,2.9494752919999883,284,1,True,True,True,-0.015864718614717388,2.1010456137074156
v100_s6_p0,100,0.0,h4,False,0,1.3399468494468503,12.547225415997673,169.0,71.0,True,True,,12.746222249988932,3961,1,False,True,False,,0.9843877793680059
v100_s6_p0,100,0.0,h4,True,0,1.3399468494468503,12.55566437500238,169.0,71.0,True,True,,12.646658167010173,3961,1,False,True,False,,0.99280491408828
v100_s6_p0,100,0.0,h2+3,False,0,1.3269258056758064,6.799073375004809,147.0,44.0,True,True,1.3559083694083687,3.0290442909754347,284,1,True,True,True,-0.02898256373256225,2.2446265956762628
v100_s6_p0,100,0.0,h2+3,True,0,1.3269258056758064,6.744848709000507,147.0,44.0,True,True,1.3559083694083687,3.181964417017298,284,1,True,True,True,-0.02898256373256225,2.119712173061626
v100_s6_p0,100,0.0,h2+3+4,False,0,1.3468608706108693,14.112019666994456,169.0,71.0,True,True,,14.062417832989013,3961,1,False,True,False,,1.0035272621390243
v100_s6_p0,100,0.0,h2+3+4,True,0,1.3468608706108693,14.380026166996686,169.0,71.0,True,True,,14.26333237500512,3961,1,False,True,False,,1.0081813834890405
v100_s6_p10,100,0.1,h2,False,0,1.3358891694724953,2.535053458006587,256.0,1.0,True,True,1.3358891694724953,2.172306624997873,256,1,True,True,True,0.0,1.1669869385999176
v100_s6_p10,100,0.1,h2,True,0,1.3516884319384286,2.454931625004974,254.0,1.0,True,True,1.3516884319384286,2.10993174999021,254,1,True,True,True,0.0,1.1635123387362483
v100_s6_p10,100,0.1,h3,False,0,1.3863322109988758,4.736955208005384,145.0,30.0,True,True,1.3803849607182876,2.609763374988688,256,1,True,True,True,0.005947250280588179,1.8150899247813668
v100_s6_p10,100,0.1,h3,True,0,1.3667049462882757,4.531857290989137,138.0,37.0,True,True,1.3871535594035571,2.5312661670031957,254,1,True,True,True,-0.020448613115281455,1.7903519393041434
v100_s6_p10,100,0.1,h4,False,0,1.3894637646304295,10.196873875000165,100.0,73.0,True,True,,8.439569083973765,3054,1,False,True,False,,1.2082220992021282
v100_s6_p10,100,0.1,h4,True,0,1.3706233365400002,9.220955249998951,156.0,61.0,True,True,,8.47381850000238,3046,1,False,True,False,,1.0881700203982845
v100_s6_p10,100,0.1,h2+3,False,0,1.3675572791406094,5.257021874989732,145.0,30.0,True,True,1.3776180455347073,2.6253145420050714,256,1,True,True,True,-0.01006076639409792,2.0024350571626006
v100_s6_p10,100,0.1,h2+3,True,0,1.3580587622254245,4.994238874991424,138.0,37.0,True,True,1.3898761423761374,2.553985999984434,254,1,True,True,True,-0.03181738015071289,1.9554683835470763
v100_s6_p10,100,0.1,h2+3+4,False,0,1.393128787878787,11.766509624998434,96.0,76.0,True,True,,9.339622458006488,3054,1,False,True,False,,1.2598485300561022
v100_s6_p10,100,0.1,h2+3+4,True,0,1.3641557639890942,10.383942749991547,157.0,61.0,True,True,,9.435012458008714,3046,1,False,True,False,,1.1005754148397922
v100_s6_p30,100,0.3,h2,False,0,1.4379450311192736,2.089821458008373,199.0,1.0,True,True,1.4379450311192736,1.7839472920168191,199,1,True,True,True,0.0,1.1714591946524113
v100_s6_p30,100,0.3,h2,True,0,1.4623215378897247,1.6378077080007643,182.0,1.0,True,True,1.4623215378897247,1.3393174580123741,182,1,True,True,True,0.0,1.2228674375912094
v100_s6_p30,100,0.3,h3,False,0,1.4215261380034128,3.2074143339996226,107.0,15.0,True,True,1.4716801784074562,1.9318233329977375,199,1,True,True,True,-0.050154040404043476,1.660304169233978
v100_s6_p30,100,0.3,h3,True,0,1.4946813736207745,2.6191394999914337,90.0,22.0,True,True,1.508903256956292,1.5444493750110269,182,1,True,True,True,-0.014221883335517438,1.6958403055281328
v100_s6_p30,100,0.3,h4,False,0,1.4452006172839567,4.34197520800808,117.0,36.0,True,True,,3.285572749999119,1548,1,False,True,False,,1.3215276417206845
v100_s6_p30,100,0.3,h4,True,0,1.4614379035666965,4.229819166008383,102.0,34.0,True,True,,3.3204213340068236,1504,1,False,True,False,,1.2738802520896255
v100_s6_p30,100,0.3,h2+3,False,0,1.4404931603189222,3.4930315840028925,107.0,15.0,True,True,1.465000521083854,2.050621416012291,199,1,True,True,True,-0.024507360764931763,1.703401494165394
v100_s6_p30,100,0.3,h2+3,True,0,1.5014878510939185,2.924702874996001,90.0,22.0,True,True,1.55026615359949,1.5938617500069086,182,1,True,True,True,-0.04877830250557147,1.8349790218526318
v100_s6_p30,100,0.3,h2+3+4,False,0,1.4443883022140662,5.282293291995302,119.0,36.0,True,True,,3.655581750004785,1548,1,False,True,False,,1.4449938896834649
v100_s6_p30,100,0.3,h2+3+4,True,0,1.4696967255527906,5.151441249996424,103.0,34.0,True,True,,3.5615274160227273,1504,1,False,True,False,,1.4464134760892013
v100_s6_p50,100,0.5,h2,False,0,1.913180705377677,0.8300354589882772,142.0,1.0,True,True,1.913180705377677,0.6345048750226852,142,1,True,True,True,0.0,1.3081624612554812
v100_s6_p50,100,0.5,h2,True,0,1.8250628793204662,0.5864588749973336,95.0,1.0,True,True,1.8250628793204662,0.4167882910114713,95,1,True,True,True,0.0,1.4070905724681033
v100_s6_p50,100,0.5,h3,False,0,1.806094551352135,2.399027750012465,89.0,3.0,True,True,1.8383373635343414,0.8782553750206716,142,1,True,True,True,-0.03224281218220648,2.731583339249132
v100_s6_p50,100,0.5,h3,True,0,2.033194406603513,1.123086500010686,67.0,3.0,True,True,2.07787967279635,0.4449434169800952,95,1,True,True,True,-0.04468526619283697,2.5241108355603066
v100_s6_p50,100,0.5,h4,False,0,1.8144032392971838,2.101155332988128,66.0,15.0,True,True,,0.935276292002527,627,1,False,True,False,,2.2465610974585153
v100_s6_p50,100,0.5,h4,True,0,1.7311919445593749,1.385310167010175,40.0,16.0,True,True,,0.7819637089851312,503,1,False,True,False,,1.771578592577007
v100_s6_p50,100,0.5,h2+3,False,0,1.794331653335451,2.506855583997094,89.0,3.0,True,True,1.808653043785625,0.9081938329909462,142,1,True,True,True,-0.014321390450173999,2.7602649268618022
v100_s6_p50,100,0.5,h2+3,True,0,2.081688193120023,1.2524652080028318,67.0,3.0,True,True,1.9157166905765501,0.48379533301340416,95,1,True,True,True,0.1659715025434727,2.588832761576331
v100_s6_p50,100,0.5,h2+3+4,False,0,1.802185133889686,2.6175771249982063,66.0,15.0,True,True,,1.034884749999037,627,1,False,True,False,,2.529341673070979
v100_s6_p50,100,0.5,h2+3+4,True,0,1.7456404281745233,1.7342688750068191,42.0,16.0,True,True,,0.8727477089851163,503,1,False,True,False,,1.9871365540718882
v100_s7_p0,100,0.0,h2,False,0,1.2973849206349213,5.187034500006121,226.0,12.0,True,True,1.3121857864357807,2.300341333990218,284,1,True,True,True,-0.014800865800859375,2.254897750764921
v100_s7_p0,100,0.0,h2,True,0,1.2973849206349213,5.229419791998225,226.0,12.0,True,True,1.3121857864357807,2.3362867500109132,284,1,True,True,True,-0.014800865800859375,2.2383467234806678
v100_s7_p0,100,0.0,h3,False,0,1.3288526936026923,6.299650625005597,126.0,57.0,True,True,1.3574342231842165,2.9164378750137985,284,1,True,True,True,-0.028581529581524157,2.160049654743903
v100_s7_p0,100,0.0,h3,True,0,1.3288526936026923,6.4100916250026785,126.0,57.0,True,True,1.3574342231842165,2.9732843750098255,284,1,True,True,True,-0.028581529581524157,2.155895910555645
v100_s7_p0,100,0.0,h4,False,0,1.3432282347282363,13.09213112499856,165.0,67.0,True,True,,12.8778429160011,3950,1,False,True,False,,1.016640070110748
v100_s7_p0,100,0.0,h4,True,0,1.3432282347282363,13.302480667000054,165.0,67.0,True,True,,13.023791624989826,3950,1,False,True,False,,1.0213984567655001
v100_s7_p0,100,0.0,h2+3,False,0,1.3286642616642577,6.792103250001674,126.0,57.0,True,True,1.3485906685906632,3.035033582971664,284,1,True,True,True,-0.01992640692640557,2.2379005254206725
v100_s7_p0,100,0.0,h2+3,True,0,1.3286642616642577,6.9429600829898845,126.0,57.0,True,True,1.3485906685906632,3.0963528330030385,284,1,True,True,True,-0.01992640692640557,2.2423026242316717
v100_s7_p0,100,0.0,h2+3+4,False,0,1.3455019240019241,15.078493041000911,165.0,67.0,True,True,,14.38583945800201,3950,1,False,True,False,,1.0481482908954345
v100_s7_p0,100,0.0,h2+3+4,True,0,1.3455019240019241,15.313750417000847,165.0,67.0,True,True,,14.400004416005686,3950,1,False,True,False,,1.063454563943017
v100_s7_p10,100,0.1,h2,False,0,1.36048965848965,2.487117084005149,256.0,1.0,True,True,1.36048965848965,2.1526991660066415,256,1,True,True,True,0.0,1.1553481895098554
v100_s7_p10,100,0.1,h2,True,0,1.36048965848965,2.5492864580010064,256.0,1.0,True,True,1.36048965848965,2.186041542008752,256,1,True,True,True,0.0,1.1661656052786942
v100_s7_p10,100,0.1,h3,False,0,1.3646019320185936,4.674495041996124,148.0,28.0,True,True,1.3979795574795506,2.5743188329797704,256,1,True,True,True,-0.03337762546095702,1.8158182203815845
v100_s7_p10,100,0.1,h3,True,0,1.3646019320185936,4.862085207991186,148.0,28.0,True,True,1.3979795574795506,2.6141545829887036,256,1,True,True,True,-0.03337762546095702,1.859907306029498
v100_s7_p10,100,0.1,h4,False,0,1.3703329324995959,10.416452916004346,114.0,68.0,True,True,,8.65121499999077,3005,1,False,True,False,,1.2040450868479697
v100_s7_p10,100,0.1,h4,True,0,1.3703329324995959,10.426006540990784,114.0,68.0,True,True,,8.76883945899317,3005,1,False,True,False,,1.1889836265958833
v100_s7_p10,100,0.1,h2+3,False,0,1.3697376142376065,5.288258833010332,148.0,28.0,True,True,1.3993655603655544,2.6953956659999676,256,1,True,True,True,-0.029627946127947835,1.9619601306468804
v100_s7_p10,100,0.1,h2+3,True,0,1.3697376142376065,5.298050041994429,148.0,28.0,True,True,1.3993655603655544,2.707308416982414,256,1,True,True,True,-0.029627946127947835,1.95694365989512
v100_s7_p10,100,0.1,h2+3+4,False,0,1.3690793249959885,11.810613249996095,118.0,68.0,True,True,,9.482670874975156,3005,1,False,True,False,,1.2454943766069533
v100_s7_p10,100,0.1,h2+3+4,True,0,1.3690793249959885,11.84892345800472,118.0,68.0,True,True,,9.62593795900466,3005,1,False,True,False,,1.2309370274842204
v100_s7_p30,100,0.3,h2,False,0,1.4665793650793673,2.1020122910122154,199.0,1.0,True,True,1.4665793650793673,1.8224254170199856,199,1,True,True,True,0.0,1.1534147139197652
v100_s7_p30,100,0.3,h2,True,0,1.4694994789161484,1.760136833996512,185.0,1.0,True,True,1.4694994789161484,1.4859532919945195,185,1,True,True,True,0.0,1.1845169316418889
v100_s7_p30,100,0.3,h3,False,0,1.457272687189352,2.9867821670050034,114.0,15.0,True,True,1.4723055555555558,2.0399203340057284,199,1,True,True,True,-0.015032868366203767,1.46416608394699
v100_s7_p30,100,0.3,h3,True,0,1.4597506012506025,2.6684616659913445,107.0,16.0,True,True,1.4937277938111277,1.6565728329878766,185,1,True,True,True,-0.03397719256052523,1.6108326859244548
v100_s7_p30,100,0.3,h4,False,0,1.4622195767195805,3.9997222920064814,84.0,43.0,True,True,,3.436514917004388,1570,1,False,True,False,,1.1638891110919554
v100_s7_p30,100,0.3,h4,True,0,1.4700157126823854,4.2153299169876846,117.0,29.0,True,True,,3.4803409169835504,1575,1,False,True,False,,1.211183047159977
v100_s7_p30,100,0.3,h2+3,False,0,1.4640417668751,3.326829708996229,114.0,15.0,True,True,1.477724667308001,2.080787082988536,199,1,True,True,True,-0.01368290043290088,1.5988323534852307
v100_s7_p30,100,0.3,h2+3,True,0,1.4589322590989269,2.8689021250029327,107.0,16.0,True,True,1.4806323552990253,1.7440961670072284,185,1,True,True,True,-0.021700096200098384,1.644921982671293
v100_s7_p30,100,0.3,h2+3+4,False,0,1.4725414061247437,4.858694166992791,87.0,43.0,True,True,,3.7440378750034142,1570,1,False,True,False,,1.297715014965857
v100_s7_p30,100,0.3,h2+3+4,True,0,1.465745189995195,5.189151792001212,118.0,29.0,True,True,,3.721353166998597,1575,1,False,True,False,,1.3944260485726612
v100_s7_p50,100,0.5,h2,False,0,2.015770020944275,0.8868967500020517,142.0,1.0,True,True,2.015770020944275,0.6877735830203164,142,1,True,True,True,0.0,1.2895184867486444
v100_s7_p50,100,0.5,h2,True,0,1.8983544519453706,0.5777650000090944,101.0,1.0,True,True,1.8983544519453706,0.4054917079920415,101,1,True,True,True,0.0,1.4248503449555967
v100_s7_p50,100,0.5,h3,False,0,1.8412988193063986,1.4169465839950135,142.0,1.0,True,True,1.8412988193063986,1.157038042001659,142,1,True,True,True,0.0,1.2246326676897472
v100_s7_p50,100,0.5,h3,True,0,1.9096633543224524,0.855874834000133,101.0,1.0,True,True,1.9096633543224524,0.6199682500155177,101,1,True,True,True,0.0,1.380513976286222
v100_s7_p50,100,0.5,h4,False,0,1.9137762282610886,1.9049805420072516,126.0,8.0,True,True,,0.9174865419918206,618,1,False,True,False,,2.0763035257951876
v100_s7_p50,100,0.5,h4,True,0,1.841994551744557,1.5125001669948688,62.0,9.0,True,True,,0.761537334008608,522,1,False,True,False,,1.9861142710276791
v100_s7_p50,100,0.5,h2+3,False,0,1.8466668429774507,1.4439316250063712,142.0,1.0,True,True,1.8466668429774507,1.1033712499774992,142,1,True,True,True,0.0,1.3086543853991273
v100_s7_p50,100,0.5,h2+3,True,0,1.9364454728773015,0.8517914580006618,101.0,1.0,True,True,1.9364454728773015,0.5900469589978456,101,1,True,True,True,0.0,1.4435994373182963
v100_s7_p50,100,0.5,h2+3+4,False,0,1.9350430041339235,2.321099791006418,126.0,8.0,True,True,,1.0153389170009177,618,1,False,True,False,,2.286034497586701
v100_s7_p50,100,0.5,h2+3+4,True,0,1.8529232989233053,1.938198582996847,63.0,9.0,True,True,,0.8371670829947107,522,1,False,True,False,,2.3151872814486816
v100_s8_p0,100,0.0,h2,False,0,1.3210051707551678,4.840727083996171,183.0,28.0,True,True,1.3006614558281198,2.2805062499828637,280,1,True,True,True,0.020343714927048007,2.122654600938956
v100_s8_p0,100,0.0,h2,True,0,1.3210051707551678,4.911532958998578,183.0,28.0,True,True,1.3006614558281198,2.3335866249981336,280,1,True,True,True,0.020343714927048007,2.104714222469674
v100_s8_p0,100,0.0,h3,False,0,1.3041565656565623,5.9313145839987556,146.0,47.0,True,True,1.3462747314413894,2.9012585419986863,280,1,True,True,True,-0.04211816578482708,2.044393665072212
v100_s8_p0,100,0.0,h3,True,0,1.3041565656565623,5.924866541012307,146.0,47.0,True,True,1.3462747314413894,2.9432173329987563,280,1,True,True,True,-0.04211816578482708,2.013057776802244
v100_s8_p0,100,0.0,h4,False,0,1.3422972983806296,14.315062333000242,150.0,90.0,True,True,,12.523171417007688,3828,1,False,True,False,,1.1430860327887065
v100_s8_p0,100,0.0,h4,True,0,1.3422972983806296,14.257093624997651,150.0,90.0,True,True,,12.767954000009922,3828,1,False,True,False,,1.1166310299196387
v100_s8_p0,100,0.0,h2+3,False,0,1.312414902998235,6.484945333999349,146.0,47.0,True,True,1.3523215087381673,3.0116656250029337,280,1,True,True,True,-0.03990660573993221,2.153275343770287
v100_s8_p0,100,0.0,h2+3,True,0,1.312414902998235,6.5263322919927305,146.0,47.0,True,True,1.3523215087381673,3.0883289579942357,280,1,True,True,True,-0.03990660573993221,2.113224459168806
v100_s8_p0,100,0.0,h2+3+4,False,0,1.3494014750681402,16.24129066700698,150.0,90.0,True,True,,13.665969374997076,3828,1,False,True,False,,1.188447758175256
v100_s8_p0,100,0.0,h2+3+4,True,0,1.3494014750681402,16.169727667002007,150.0,90.0,True,True,,13.847494249988813,3828,1,False,True,False,,1.1677006233106086
v100_s8_p10,100,0.1,h2,False,0,1.344152076318742,2.4358190409984672,252.0,1.0,True,True,1.344152076318742,2.1468339169805404,252,1,True,True,True,0.0,1.1346099117086692
v100_s8_p10,100,0.1,h2,True,0,1.348107022607018,2.426817875006236,250.0,1.0,True,True,1.348107022607018,2.086460457998328,250,1,True,True,True,0.0,1.1631267037451716
v100_s8_p10,100,0.1,h3,False,0,1.3886946849446853,4.667993874987587,113.0,44.0,True,True,1.3741641814975056,2.542293625010643,252,1,True,True,True,0.014530503447179655,1.836134830794002
v100_s8_p10,100,0.1,h3,True,0,1.3887281946448604,4.608121666999068,113.0,41.0,True,True,1.3936971300304573,2.5194972500030417,250,1,True,True,True,-0.00496893538559684,1.8289845988097446
v100_s8_p10,100,0.1,h4,False,0,1.3899223985890643,9.672888415996567,76.0,84.0,True,True,,8.443768334022025,2849,1,False,True,False,,1.145565348710731
v100_s8_p10,100,0.1,h4,True,0,1.3747722462722427,10.476403458000277,44.0,94.0,True,True,,8.337269333016593,2846,1,False,True,False,,1.2565749095465173
v100_s8_p10,100,0.1,h2+3,False,0,1.3816167227833913,5.160817582989694,113.0,44.0,True,True,1.3862150472983803,2.616556666995166,252,1,True,True,True,-0.004598324514988983,1.9723698890558858
v100_s8_p10,100,0.1,h2+3,True,0,1.3708958633958648,4.990503916997113,113.0,41.0,True,True,1.3671936427769715,2.546245750010712,250,1,True,True,True,0.0037022206188932483,1.959945899556678
v100_s8_p10,100,0.1,h2+3+4,False,0,1.3919237213403877,11.195618167010252,81.0,84.0,True,True,,9.189306667016353,2849,1,False,True,False,,1.2183311073070675
v100_s8_p10,100,0.1,h2+3+4,True,0,1.371888127304791,11.79879924999841,46.0,94.0,True,True,,9.194873792002909,2846,1,False,True,False,,1.283193170118357
v100_s8_p30,100,0.3,h2,False,0,1.5088039704403382,2.059287292009685,196.0,1.0,True,True,1.5088039704403382,1.7793806249974295,196,1,True,True,True,0.0,1.1573056731539155
v100_s8_p30,100,0.3,h2,True,0,1.5232398698383585,1.6437836250115652,180.0,1.0,True,True,1.5232398698383585,1.3786064999876544,180,1,True,True,True,0.0,1.1923515702459588
v100_s8_p30,100,0.3,h3,False,0,1.51333629585903,3.1069132499978878,118.0,7.0,True,True,1.537661925896775,1.9823704999871552,196,1,True,True,True,-0.024325630037745016,1.5672717335220732
v100_s8_p30,100,0.3,h3,True,0,1.5195506690279486,2.7721166670089588,108.0,12.0,True,True,1.5352092461410645,1.5276664590055589,180,1,True,True,True,-0.015658577113115912,1.8146085820418418
v100_s8_p30,100,0.3,h4,False,0,1.5103307096943492,4.135903999995207,111.0,34.0,True,True,,3.1508021669869777,1475,1,False,True,False,,1.312651122095125
v100_s8_p30,100,0.3,h4,True,0,1.5017262123398554,3.854025084001478,143.0,22.0,True,True,,3.1576872910081875,1449,1,False,True,False,,1.2205214540959068
v100_s8_p30,100,0.3,h2+3,False,0,1.5110791136473019,3.501664042007178,118.0,7.0,True,True,1.524706771903746,2.010038500011433,196,1,True,True,True,-0.013627658256444075,1.7420880455708987
v100_s8_p30,100,0.3,h2+3,True,0,1.511405818648246,3.0679387080017477,108.0,12.0,True,True,1.513718957249264,1.608424166974146,180,1,True,True,True,-0.0023131386010180055,1.90741893276406
v100_s8_p30,100,0.3,h2+3+4,False,0,1.5124924861894602,5.092758165992564,112.0,34.0,True,True,,3.510561292001512,1475,1,False,True,False,,1.450696268313543
v100_s8_p30,100,0.3,h2+3+4,True,0,1.4810688850991955,4.671113375006826,144.0,22.0,True,True,,3.459145333006745,1449,1,False,True,False,,1.35036632616607
v100_s8_p50,100,0.5,h2,False,0,1.987048058002607,1.0143205000058515,140.0,1.0,True,True,1.987048058002607,0.7754882920125965,140,1,True,True,True,0.0,1.3079765490377973
v100_s8_p50,100,0.5,h2,True,0,2.0874490167520565,0.5107418749976205,90.0,1.0,True,True,2.0874490167520565,0.34161737500107847,90,1,True,True,True,0.0,1.4950699594714938
v100_s8_p50,100,0.5,h3,False,0,1.9129137756183314,1.277461540987133,140.0,1.0,True,True,1.9129137756183314,0.972692959010601,140,1,True,True,True,0.0,1.3133245482588205
v100_s8_p50,100,0.5,h3,True,0,2.0262784364905664,1.1371286659996258,64.0,2.0,True,True,2.0212934470131456,0.4317308749887161,90,1,True,True,True,0.004984989477420765,2.633883124595493
v100_s8_p50,100,0.5,h4,False,0,2.015311783334524,2.031844291006564,89.0,11.0,True,True,,0.8792517090041656,597,1,False,True,False,,2.3108789783392254
v100_s8_p50,100,0.5,h4,True,0,2.0232203688567525,1.34509404200071,66.0,7.0,True,True,,0.7565741250000428,488,1,False,True,False,,1.7778747614460564
v100_s8_p50,100,0.5,h2+3,False,0,1.939411915245255,1.382045083999401,140.0,1.0,True,True,1.939411915245255,1.0862884589878377,140,1,True,True,True,0.0,1.27226343294408
v100_s8_p50,100,0.5,h2+3,True,0,2.0481252891328765,1.2777237909904215,64.0,2.0,True,True,1.9930295181810402,0.44681383299757726,90,1,True,True,True,0.055095770951836265,2.8596334684144606
v100_s8_p50,100,0.5,h2+3+4,False,0,1.9969897249215476,2.6285023329983233,90.0,11.0,True,True,,0.9952072919986676,597,1,False,True,False,,2.6411606447532363
v100_s8_p50,100,0.5,h2+3+4,True,0,2.00501848348062,1.7214926669985289,66.0,7.0,True,True,,0.8220043749897741,488,1,False,True,False,,2.094262171074144
v100_s9_p0,100,0.0,h2,False,0,1.3189840067340104,2.703229459002614,286.0,1.0,True,True,1.3189840067340104,2.3516355419997126,286,1,True,True,True,0.0,1.1495103772346984
v100_s9_p0,100,0.0,h2,True,0,1.3189840067340104,2.7673336250009015,286.0,1.0,True,True,1.3189840067340104,2.37464654201176,286,1,True,True,True,0.0,1.165366540258435
v100_s9_p0,100,0.0,h3,False,0,1.3370491822991823,6.042763999997987,145.0,50.0,True,True,1.3684124579124546,2.994219041982433,286,1,True,True,True,-0.031363275613272235,2.018143601143206
v100_s9_p0,100,0.0,h3,True,0,1.3370491822991823,6.133224791003158,145.0,50.0,True,True,1.3684124579124546,3.0514943749876693,286,1,True,True,True,-0.031363275613272235,2.0099086012662046
v100_s9_p0,100,0.0,h4,False,0,1.3337706830206801,13.363776625003084,216.0,66.0,True,True,,13.541657167021185,4024,1,False,True,False,,0.9868641969129669
v100_s9_p0,100,0.0,h4,True,0,1.3337706830206801,13.329793249999057,216.0,66.0,True,True,,13.697483124997234,4024,1,False,True,False,,0.9731563914594528
v100_s9_p0,100,0.0,h2+3,False,0,1.3327189754689726,6.612027041992405,145.0,50.0,True,True,1.3477334054834054,3.12654491601279,286,1,True,True,True,-0.015014430014432811,2.1148031515966736
v100_s9_p0,100,0.0,h2+3,True,0,1.3327189754689726,6.613322457997128,145.0,50.0,True,True,1.3477334054834054,3.185617125011049,286,1,True,True,True,-0.015014430014432811,2.0759941318981294
v100_s9_p0,100,0.0,h2+3+4,False,0,1.3296155603655573,15.227743374998681,216.0,66.0,True,True,,14.864020458015148,4024,1,False,True,False,,1.02447002263021
v100_s9_p0,100,0.0,h2+3+4,True,0,1.3296155603655573,15.377626083994983,216.0,66.0,True,True,,14.96646383398911,4024,1,False,True,False,,1.0274722375683771
v100_s9_p10,100,0.1,h2,False,0,1.3329324595157865,2.5223419590038247,257.0,1.0,True,True,1.3329324595157865,2.1903111250139773,257,1,True,True,True,0.0,1.1515907170437847
v100_s9_p10,100,0.1,h2,True,0,1.3394156645823265,2.4028270410053665,253.0,1.0,True,True,1.3394156645823265,2.0921372919983696,253,1,True,True,True,0.0,1.1485035184809655
v100_s9_p10,100,0.1,h3,False,0,1.35765760782427,4.882237124998937,139.0,38.0,True,True,1.3767875581208875,2.6100417909910902,257,1,True,True,True,-0.01912995029661757,1.8705589856264504
v100_s9_p10,100,0.1,h3,True,0,1.3551184062850656,4.534866750007495,147.0,32.0,True,True,1.3745688231521533,2.556521499995142,253,1,True,True,True,-0.019450416867087705,1.7738426021514437
v100_s9_p10,100,0.1,h4,False,0,1.3724520602853914,9.071827958003269,120.0,69.0,True,True,,9.569193792005535,3104,1,False,True,False,,0.9480242698796857
v100_s9_p10,100,0.1,h4,True,0,1.3599796376463,9.470106708002277,98.0,77.0,True,True,,9.583012208982836,3096,1,False,True,False,,0.988218161626182
v100_s9_p10,100,0.1,h2+3,False,0,1.3564708593875217,5.456074000001536,139.0,38.0,True,True,1.3525554753888063,2.6988225420063827,257,1,True,True,True,0.003915383998715383,2.0216497806281595
v100_s9_p10,100,0.1,h2+3,True,0,1.355709676126336,5.034190708989627,147.0,32.0,True,True,1.3754279701779606,2.582263457996305,253,1,True,True,True,-0.019718294051624508,1.9495263712928357
v100_s9_p10,100,0.1,h2+3+4,False,0,1.3678141734808384,10.336583500000415,120.0,69.0,True,True,,10.39156925000134,3104,1,False,True,False,,0.9947086192010012
v100_s9_p10,100,0.1,h2+3+4,True,0,1.3551100288600257,10.62381412499235,98.0,77.0,True,True,,10.31962087500142,3096,1,False,True,False,,1.029477173015902
v100_s9_p30,100,0.3,h2,False,0,1.4756462824493126,1.492101542011369,200.0,1.0,True,True,1.4756462824493126,1.2382848330016714,200,1,True,True,True,0.0,1.2049744148076431
v100_s9_p30,100,0.3,h2,True,0,1.4839320659699533,1.4998979999945732,182.0,1.0,True,True,1.4839320659699533,1.240811499999836,182,1,True,True,True,0.0,1.2088040770050659
v100_s9_p30,100,0.3,h3,False,0,1.4626319143819186,2.9878430829994613,118.0,18.0,True,True,1.46242645429767,2.0083030000096187,200,1,True,True,True,0.00020546008424870976,1.48774516742999
v100_s9_p30,100,0.3,h3,True,0,1.4709080123019564,2.6839757499983534,98.0,14.0,True,True,1.5383683115425573,1.5848487910116091,182,1,True,True,True,-0.06746029924060082,1.69352165658982
v100_s9_p30,100,0.3,h4,False,0,1.4500349636334509,4.343324749992462,115.0,41.0,True,True,,4.068748915975448,1676,1,False,True,False,,1.0674840939284618
v100_s9_p30,100,0.3,h4,True,0,1.4741637041409816,4.425472208997235,91.0,39.0,True,True,,4.087546583992662,1653,1,False,True,False,,1.0826719935934017
v100_s9_p30,100,0.3,h2+3,False,0,1.4477130832130858,3.303255167003954,118.0,18.0,True,True,1.4840589407786389,2.139605834003305,200,1,True,True,True,-0.036345857565553086,1.5438615442655645
v100_s9_p30,100,0.3,h2+3,True,0,1.4713854453627204,3.0672988329897635,98.0,14.0,True,True,1.516290087017364,1.6257028330001049,182,1,True,True,True,-0.04490464165464347,1.8867524683642878
v100_s9_p30,100,0.3,h2+3+4,False,0,1.453644471409631,5.286168708989862,117.0,41.0,True,True,,4.5287132499797735,1676,1,False,True,False,,1.1672562198574776
v100_s9_p30,100,0.3,h2+3+4,True,0,1.4815374488026043,5.235722416997305,92.0,39.0,True,True,,4.29278791701654,1653,1,False,True,False,,1.2196555055149565
v100_s9_p50,100,0.5,h2,False,0,1.7635960058460247,1.0358034590026364,143.0,1.0,True,True,1.7635960058460247,0.8060635419969913,143,1,True,True,True,0.0,1.2850146483941867
v100_s9_p50,100,0.5,h2,True,0,1.9000573281936957,0.5380917500006035,88.0,1.0,True,True,1.9000573281936957,0.390189083002042,88,1,True,True,True,0.0,1.3790538316977654
v100_s9_p50,100,0.5,h3,False,0,1.8244326677811558,2.510504750011023,92.0,2.0,True,True,1.7216648573087991,1.0352336250070948,143,1,True,True,True,0.10276781047235661,2.425061058071619
v100_s9_p50,100,0.5,h3,True,0,1.9329812174357703,1.0271578750107437,44.0,6.0,True,True,2.0539710836301834,0.4557719579897821,88,1,True,True,True,-0.1209898661944131,2.253666240330151
v100_s9_p50,100,0.5,h4,False,0,1.999889869670178,2.129120249999687,141.0,6.0,True,True,,1.089507208991563,675,1,False,True,False,,1.954204829879354
v100_s9_p50,100,0.5,h4,True,0,2.0514345214269483,1.3676634580042446,47.0,12.0,True,True,,0.9268977089959662,537,1,False,True,False,,1.4755279301377544
v100_s9_p50,100,0.5,h2+3,False,0,1.8418302233681034,2.777701374987373,92.0,2.0,True,True,1.7957142229263432,0.9845808750251308,143,1,True,True,True,0.04611600044176023,2.821201838717895
v100_s9_p50,100,0.5,h2+3,True,0,2.035174655030725,1.1511573329917155,44.0,6.0,True,True,1.974040924283353,0.4726862079987768,88,1,True,True,True,0.06113373074737183,2.4353520655180496
v100_s9_p50,100,0.5,h2+3+4,False,0,,2.696049165999284,141.0,6.0,False,True,,1.253881624987116,675,1,False,True,False,,2.150162433417099
v100_s9_p50,100,0.5,h2+3+4,True,0,2.0408988472246046,1.77133491699351,48.0,12.0,True,True,,1.0601708339818288,537,1,False,True,False,,1.6708014031480802
v200_s0_p0,200,0.0,h2,False,0,1.2953778642490936,30.244118582995725,530.0,5.0,True,True,1.3115029521706547,8.546123625012115,583,1,True,True,True,-0.016125087921561088,3.538928280241541
v200_s0_p0,200,0.0,h2,True,0,1.2953778642490936,30.22189200000139,530.0,5.0,True,True,1.3115029521706547,8.547678000002634,583,1,True,True,True,-0.016125087921561088,3.5356844279805673
v200_s0_p0,200,0.0,h3,False,0,1.3223893112749758,29.55882274999749,294.0,105.0,True,True,1.337932888649534,10.180058833997464,583,1,True,True,True,-0.015543577374558248,2.9036003850274854
v200_s0_p0,200,0.0,h3,True,0,1.3223893112749758,28.965229291992728,294.0,105.0,True,True,1.337932888649534,10.405553958000382,583,1,True,True,True,-0.015543577374558248,2.7836316460328967
v200_s0_p0,200,0.0,h4,False,0,1.3270025460999535,79.03748483299569,182.0,201.0,True,True,,40.934089000016684,8533,1,False,True,False,,1.9308475347518659
v200_s0_p0,200,0.0,h4,True,0,1.3270025460999535,77.35195962501166,182.0,201.0,True,True,,40.33305862499401,8533,1,False,True,False,,1.9178302430323841
v200_s0_p0,200,0.0,h2+3,False,0,1.319957388856258,30.027799750008853,294.0,105.0,True,True,1.3499663922063008,10.493878790992312,583,1,True,True,True,-0.030009003350042862,2.8614586034464184
v200_s0_p0,200,0.0,h2+3,True,0,1.319957388856258,30.39533337499597,294.0,105.0,True,True,1.3499663922063008,10.63904895799351,583,1,True,True,True,-0.030009003350042862,2.8569596300390026
v200_s0_p0,200,0.0,h2+3+4,False,0,1.328322120160732,82.83257995899476,182.0,201.0,True,True,,44.502338541991776,8533,1,False,True,False,,1.8613084766508419
v200_s0_p0,200,0.0,h2+3+4,True,0,1.328322120160732,81.85301016700396,182.0,201.0,True,True,,44.87492512501194,8533,1,False,True,False,,1.824025554114664
v200_s0_p10,200,0.1,h2,False,0,1.3343183540356969,18.278721666996717,364.0,40.0,True,True,1.3408465532931497,7.842219082987867,525,1,True,True,True,-0.006528199257452849,2.3308098732728295
v200_s0_p10,200,0.1,h2,True,0,1.3363003047343476,17.77132091599924,322.0,57.0,True,True,1.3404628399936123,7.728159916005097,521,1,True,True,True,-0.004162535259264688,2.2995539829856075
v200_s0_p10,200,0.1,h3,False,0,1.3352024117702181,26.30790137499571,224.0,114.0,True,True,1.377239624348244,8.993277332978323,525,1,True,True,True,-0.04203721257802595,2.9252852326175582
v200_s0_p10,200,0.1,h3,True,0,1.3476976658182525,20.465912249987014,266.0,81.0,True,True,1.3888198758945864,8.791517291974742,521,1,True,True,True,-0.04112221007633399,2.3279158273019767
v200_s0_p10,200,0.1,h4,False,0,1.3390859573843088,43.6366779999953,274.0,143.0,True,True,,27.58174795800005,6439,1,False,True,False,,1.58208530026606
v200_s0_p10,200,0.1,h4,True,0,1.3531990897851442,52.2576253330044,176.0,168.0,True,True,,27.04534379200777,6452,1,False,True,False,,1.9322226308118577
v200_s0_p10,200,0.1,h2+3,False,0,1.3314556603362842,27.06952220799576,224.0,114.0,True,True,1.3677139367471984,9.067329209006857,525,1,True,True,True,-0.03625827641091428,2.985390911042115
v200_s0_p10,200,0.1,h2+3,True,0,1.3423893230582817,21.37884233299701,266.0,81.0,True,True,1.3752261950081845,8.977881666010944,521,1,True,True,True,-0.03283687194990281,2.3812791400375035
v200_s0_p10,200,0.1,h2+3+4,False,0,1.344710589382677,46.877509666010155,280.0,143.0,True,True,,30.291548999986844,6439,1,False,True,False,,1.547544157151901
v200_s0_p10,200,0.1,h2+3+4,True,0,1.3674078663519729,55.47821083301096,183.0,168.0,True,True,,30.011296542012133,6452,1,False,True,False,,1.8485776099459172
v200_s0_p30,200,0.3,h2,False,0,1.4519178202450995,6.043224166001892,408.0,1.0,True,True,1.4519178202450995,5.225765374983894,408,1,True,True,True,0.0,1.156428529097619
v200_s0_p30,200,0.3,h2,True,0,1.4563160530145494,5.518756040997687,381.0,1.0,True,True,1.4563160530145494,4.758355000027223,381,1,True,True,True,0.0,1.159803344005673
v200_s0_p30,200,0.3,h3,False,0,1.4511430342410332,10.674664375008433,230.0,34.0,True,True,1.448736347056048,7.115326291008387,408,1,True,True,True,0.002406687184985268,1.500235398691128
v200_s0_p30,200,0.3,h3,True,0,1.4603273398851555,10.177527709005517,193.0,48.0,True,True,1.4786312015733878,5.745614374987781,381,1,True,True,True,-0.01830386168823228,1.771355862884056
v200_s0_p30,200,0.3,h4,False,0,1.4568500226741792,15.24489524999808,231.0,85.0,True,True,,10.018856917013181,3340,1,False,True,False,,1.5216202183814482
v200_s0_p30,200,0.3,h4,True,0,1.4720493919118536,14.949050625000382,228.0,69.0,True,True,,9.746288249996724,3304,1,False,True,False,,1.5338198749668015
v200_s0_p30,200,0.3,h2+3,False,0,1.4642950831273835,11.479149332997622,230.0,34.0,True,True,1.455233539283138,7.404701749997912,408,1,True,True,True,0.009061543844245623,1.5502514105987941
v200_s0_p30,200,0.3,h2+3,True,0,1.4492979779154596,10.973941958000069,193.0,48.0,True,True,1.4731524287409792,6.18446420901455,381,1,True,True,True,-0.023854450825519624,1.7744369741851393
v200_s0_p30,200,0.3,h2+3+4,False,0,1.4492069169663746,17.723615249997238,235.0,85.0,True,True,,10.494427084020572,3340,1,False,True,False,,1.6888597260334726
v200_s0_p30,200,0.3,h2+3+4,True,0,1.475039789844448,17.023875375001808,235.0,69.0,True,True,,10.331691875006072,3304,1,False,True,False,,1.6477335542869935
v200_s0_p50,200,0.5,h2,False,0,2.0917778298953436,2.471517457990558,291.0,1.0,True,True,2.0917778298953436,2.0872873749758583,291,1,True,True,True,0.0,1.184081065032621
v200_s0_p50,200,0.5,h2,True,0,2.056740175245783,1.2076172499946551,198.0,1.0,True,True,2.056740175245783,0.9485327499860432,198,1,True,True,True,0.0,1.273142387558494
v200_s0_p50,200,0.5,h3,False,0,1.7655769534235575,7.204646916987258,194.0,6.0,True,True,1.8198578760241264,3.036280333006289,291,1,True,True,True,-0.05428092260056894,2.3728530065778797
v200_s0_p50,200,0.5,h3,True,0,1.869572460390612,3.216442958000698,99.0,17.0,True,True,1.898332549631045,1.4622027500008699,198,1,True,True,True,-0.02876008924043294,2.199724325507379
v200_s0_p50,200,0.5,h4,False,0,1.86630497943706,5.823309583007358,216.0,27.0,True,True,,2.2591998749994673,1332,1,False,True,False,,2.5775982229145313
v200_s0_p50,200,0.5,h4,True,0,1.8887489706120675,4.100205958005972,155.0,18.0,True,True,,1.9734350409999024,1159,1,False,True,False,,2.0776999864806673
v200_s0_p50,200,0.5,h2+3,False,0,1.8182253931993708,7.49693395900249,194.0,6.0,True,True,1.944230750749361,2.5557300410000607,291,1,True,True,True,-0.1260053575499902,2.9333825712159056
v200_s0_p50,200,0.5,h2+3,True,0,1.8468491392872033,3.516052666993346,100.0,17.0,True,True,1.8916819406506191,1.4084509579988662,198,1,True,True,True,-0.04483280136341583,2.496396943766484
v200_s0_p50,200,0.5,h2+3+4,False,0,1.8344715657614117,6.887807292005164,217.0,27.0,True,True,,2.6059752499859314,1332,1,False,True,False,,2.6430823899967386
v200_s0_p50,200,0.5,h2+3+4,True,0,1.851243439271424,4.855569958002889,156.0,18.0,True,True,,2.2101062079891562,1159,1,False,True,False,,2.196984896223916
v200_s1_p0,200,0.0,h2,False,0,1.3057758607249812,24.948065333999693,448.0,29.0,True,True,1.3127692403213498,8.08243854198372,582,1,True,True,True,-0.006993379596368587,3.086700282892166
v200_s1_p0,200,0.0,h2,True,0,1.3057758607249812,24.66012737499841,448.0,29.0,True,True,1.3127692403213498,8.252935125026852,582,1,True,True,True,-0.006993379596368587,2.9880432841665137
v200_s1_p0,200,0.0,h3,False,0,1.3129110324348767,35.045025832994725,272.0,118.0,True,True,1.3548433083526994,10.053092624992132,582,1,True,True,True,-0.04193227591782267,3.4859945233044294
v200_s1_p0,200,0.0,h3,True,0,1.3129110324348767,34.62729279200721,272.0,118.0,True,True,1.3548433083526994,10.181129750009859,582,1,True,True,True,-0.04193227591782267,3.401124790888131
v200_s1_p0,200,0.0,h4,False,0,1.3412195383483296,93.656705625006,139.0,221.0,True,True,,39.117952917004004,8402,1,False,True,False,,2.394212852183653
v200_s1_p0,200,0.0,h4,True,0,1.3412195383483296,94.28264029099955,139.0,221.0,True,True,,39.60824166701059,8402,1,False,True,False,,2.3803793433609264
v200_s1_p0,200,0.0,h2+3,False,0,1.3224542236797128,35.5992815829959,272.0,118.0,True,True,1.3402712924289277,10.434115833020769,582,1,True,True,True,-0.01781706874921496,3.4118158311349314
v200_s1_p0,200,0.0,h2+3,True,0,1.3224542236797128,35.56313404100365,272.0,118.0,True,True,1.3402712924289277,10.513181207992602,582,1,True,True,True,-0.01781706874921496,3.3827186402881484
v200_s1_p0,200,0.0,h2+3+4,False,0,1.3389952721762002,98.27232466600253,139.0,221.0,True,True,,43.620603207993554,8402,1,False,True,False,,2.2528877970214305
v200_s1_p0,200,0.0,h2+3+4,True,0,1.3389952721762002,100.25104045800981,139.0,221.0,True,True,,43.89175420801621,8402,1,False,True,False,,2.2840518057877115
v200_s1_p10,200,0.1,h2,False,0,1.3368149105919056,18.398334458994213,380.0,30.0,True,True,1.3423833425786706,7.745408541988581,524,1,True,True,True,-0.005568431986765043,2.375385928225106
v200_s1_p10,200,0.1,h2,True,0,1.3420240243424804,17.897256041993387,327.0,49.0,True,True,1.3426221711008057,7.818184916017344,523,1,True,True,True,-0.0005981467583253686,2.2891830052940745
v200_s1_p10,200,0.1,h3,False,0,1.3536167852248353,21.011502875000588,257.0,91.0,True,True,1.3732043478575673,8.972195375012234,524,1,True,True,True,-0.01958756263273198,2.3418463371315004
v200_s1_p10,200,0.1,h3,True,0,1.352579920707431,21.192858583002817,242.0,101.0,True,True,1.3906492029048347,8.89125200000126,523,1,True,True,True,-0.0380692821974038,2.3835629203850948
v200_s1_p10,200,0.1,h4,False,0,1.3558080653991762,55.71820070799731,170.0,171.0,True,True,,26.442982957989443,6267,1,False,True,False,,2.107107235084561
v200_s1_p10,200,0.1,h4,True,0,1.3627916585090212,53.525125457992544,220.0,160.0,True,True,,26.508699541998794,6267,1,False,True,False,,2.0191531981110784
v200_s1_p10,200,0.1,h2+3,False,0,1.349332768641184,21.98756316700019,257.0,91.0,True,True,1.3860153092301046,9.138771124999039,524,1,True,True,True,-0.03668254058892062,2.4059649668710246
v200_s1_p10,200,0.1,h2+3,True,0,1.3629824755088524,22.396826957992744,242.0,101.0,True,True,1.3823559935318224,9.048898000008194,523,1,True,True,True,-0.019373518022969938,2.4750888956834816
v200_s1_p10,200,0.1,h2+3+4,False,0,1.3591376226370273,60.09228179200727,177.0,171.0,True,True,,29.612348208000185,6267,1,False,True,False,,2.0292980944946644
v200_s1_p10,200,0.1,h2+3+4,True,0,1.3638801520227712,56.211422916996526,224.0,160.0,True,True,,29.356601500010584,6267,1,False,True,False,,1.9147796422203796
v200_s1_p30,200,0.3,h2,False,0,1.4768393165321572,7.308106833006605,407.0,1.0,True,True,1.4768393165321572,6.455154375027632,407,1,True,True,True,0.0,1.1321350983144103
v200_s1_p30,200,0.3,h2,True,0,1.4832152093439788,5.96383412501018,379.0,1.0,True,True,1.4832152093439788,5.235268916992936,379,1,True,True,True,0.0,1.1391648107420853
v200_s1_p30,200,0.3,h3,False,0,1.4930673959624996,10.308202041996992,209.0,46.0,True,True,1.5127573446235252,7.143935375002911,407,1,True,True,True,-0.01968994866102558,1.4429304719169287
v200_s1_p30,200,0.3,h3,True,0,1.488491497893503,9.72039129100449,218.0,38.0,True,True,1.5368133497574306,5.757548584020697,379,1,True,True,True,-0.048321851863927456,1.6882864554512194
v200_s1_p30,200,0.3,h4,False,0,1.4845085166090337,21.08293954200053,147.0,100.0,True,True,,10.104954834008822,3310,1,False,True,False,,2.0863962173333674
v200_s1_p30,200,0.3,h4,True,0,1.4921058095310824,20.370000082999468,109.0,106.0,True,True,,9.894961499987403,3289,1,False,True,False,,2.0586234805487016
v200_s1_p30,200,0.3,h2+3,False,0,1.491195552074954,11.143927458004327,209.0,46.0,True,True,1.50569755433006,7.387670124997385,407,1,True,True,True,-0.014502002255105895,1.508449520546002
v200_s1_p30,200,0.3,h2+3,True,0,1.4855801735952396,10.366235458001029,218.0,38.0,True,True,1.4999748254258154,6.159431167005096,379,1,True,True,True,-0.014394651830575755,1.682985843486812
v200_s1_p30,200,0.3,h2+3+4,False,0,1.5127683466031556,23.47552325000288,150.0,100.0,True,True,,10.668332499975804,3310,1,False,True,False,,2.20048665056663
v200_s1_p30,200,0.3,h2+3+4,True,0,1.4874199886517891,22.72890520800138,116.0,106.0,True,True,,10.545087792008417,3289,1,False,True,False,,2.155402179318645
v200_s1_p50,200,0.5,h2,False,0,1.835300665488797,4.122540915996069,291.0,1.0,True,True,1.835300665488797,3.638341457990464,291,1,True,True,True,0.0,1.1330824672715132
v200_s1_p50,200,0.5,h2,True,0,1.871373425565281,1.791728083990165,196.0,1.0,True,True,1.871373425565281,1.5554797500080895,196,1,True,True,True,0.0,1.151881330490382
v200_s1_p50,200,0.5,h3,False,0,1.751973631149246,7.696056542001315,222.0,3.0,True,True,1.757856704272553,4.811597583000548,291,1,True,True,True,-0.005883073123307048,1.5994805070963556
v200_s1_p50,200,0.5,h3,True,0,1.7690549975240533,3.3160684169997694,114.0,11.0,True,True,1.9542453828789264,1.8655462500173599,196,1,True,True,True,-0.1851903853548731,1.7775321394304278
v200_s1_p50,200,0.5,h4,False,0,1.7876696831635734,6.868039082997711,150.0,24.0,True,True,,2.497769082983723,1350,1,False,True,False,,2.7496693468530964
v200_s1_p50,200,0.5,h4,True,0,1.8051082517323882,3.7911308339971583,133.0,23.0,True,True,,2.1825709589757025,1187,1,False,True,False,,1.7370023267313908
v200_s1_p50,200,0.5,h2+3,False,0,1.7394400860843664,8.21917070800555,222.0,3.0,True,True,1.8141716346680625,4.770881124975858,291,1,True,True,True,-0.07473154858369613,1.7227783490512227
v200_s1_p50,200,0.5,h2+3,True,0,1.7640042982295037,3.572929791000206,116.0,11.0,True,True,1.8632858185697805,1.7756282920017838,196,1,True,True,True,-0.09928152034027682,2.0122059369600405
v200_s1_p50,200,0.5,h2+3+4,False,0,1.747688243045334,8.018512333001127,150.0,24.0,True,True,,2.8143840419943444,1350,1,False,True,False,,2.849118035546778
v200_s1_p50,200,0.5,h2+3+4,True,0,1.8144709491886473,4.630431249999674,135.0,23.0,True,True,,2.4217756250000093,1187,1,False,True,False,,1.9119984536138257
v200_s2_p0,200,0.0,h2,False,0,1.2892596342100098,28.091073000003234,548.0,5.0,True,True,1.3105895984250115,8.370199416996911,586,1,True,True,True,-0.021329964215001773,3.356081689399205
v200_s2_p0,200,0.0,h2,True,0,1.2892596342100098,28.3092144169932,548.0,5.0,True,True,1.3105895984250115,8.6054297919909,586,1,True,True,True,-0.021329964215001773,3.289692101531137
v200_s2_p0,200,0.0,h3,False,0,1.3168442936181801,36.19186875000014,253.0,133.0,True,True,1.3531435170078077,10.339355165982852,586,1,True,True,True,-0.036299223389627544,3.5003990257606907
v200_s2_p0,200,0.0,h3,True,0,1.3168442936181801,37.302828999992926,253.0,133.0,True,True,1.3531435170078077,10.390753917017719,586,1,True,True,True,-0.036299223389627544,3.5900021594101346
v200_s2_p0,200,0.0,h4,False,0,1.3236248830734023,66.87101816700306,245.0,184.0,True,True,,42.83160500001395,8641,1,False,True,False,,1.5612540825164334
v200_s2_p0,200,0.0,h4,True,0,1.3236248830734023,66.13263804200687,245.0,184.0,True,True,,43.11078462499427,8641,1,False,True,False,,1.5340161079709338
v200_s2_p0,200,0.0,h2+3,False,0,1.3222083559935516,38.43513541700668,253.0,133.0,True,True,1.343897894051773,10.582663542008959,586,1,True,True,True,-0.02168953805822138,3.631896191770106
v200_s2_p0,200,0.0,h2+3,True,0,1.3222083559935516,37.75252075000026,253.0,133.0,True,True,1.343897894051773,10.766147082991665,586,1,True,True,True,-0.02168953805822138,3.506595299040787
v200_s2_p0,200,0.0,h2+3+4,False,0,1.3239782172043784,71.08089195899083,245.0,184.0,True,True,,46.7230603749922,8641,1,False,True,False,,1.5213235474839697
v200_s2_p0,200,0.0,h2+3+4,True,0,1.3239782172043784,70.76966950000497,245.0,184.0,True,True,,47.691416459012544,8641,1,False,True,False,,1.4839078969446542
v200_s2_p10,200,0.1,h2,False,0,1.339709233396407,8.764612541010138,527.0,1.0,True,True,1.339709233396407,7.840292709006462,527,1,True,True,True,0.0,1.1178935361612037
v200_s2_p10,200,0.1,h2,True,0,1.3520561420014627,8.462896208002348,522.0,1.0,True,True,1.3520561420014627,7.556433041987475,522,1,True,True,True,0.0,1.1199591342870494
v200_s2_p10,200,0.1,h3,False,0,1.3546434290862794,21.68413954100106,242.0,100.0,True,True,1.4006786520988677,9.145898707996821,527,1,True,True,True,-0.04603522301258822,2.370914027512822
v200_s2_p10,200,0.1,h3,True,0,1.37019601796867,24.807210250000935,205.0,120.0,True,True,1.3904465844735665,8.949033916986082,522,1,True,True,True,-0.020250566504896428,2.77205455696336
v200_s2_p10,200,0.1,h4,False,0,1.3604025955898045,55.0581152090017,190.0,176.0,True,True,,28.588022874988383,6561,1,False,True,False,,1.925915459413318
v200_s2_p10,200,0.1,h4,True,0,1.3494864818319685,58.70821062500181,159.0,177.0,True,True,,28.242822083004285,6564,1,False,True,False,,2.0786949141435382
v200_s2_p10,200,0.1,h2+3,False,0,1.3451945894697233,22.98932183299621,242.0,100.0,True,True,1.370729921251252,9.292604374990333,527,1,True,True,True,-0.02553533178152878,2.473937435114376
v200_s2_p10,200,0.1,h2+3,True,0,1.3536231273612105,26.09156591600913,208.0,120.0,True,True,1.4017299448178542,9.194661499990616,522,1,True,True,True,-0.04810681745664369,2.837686402706153
v200_s2_p10,200,0.1,h2+3+4,False,0,1.3582071695055518,58.92240520899941,196.0,176.0,True,True,,32.040981708007166,6561,1,False,True,False,,1.8389700336264811
v200_s2_p10,200,0.1,h2+3+4,True,0,1.3568939122017178,61.82944362499984,170.0,177.0,True,True,,31.600996624998515,6564,1,False,True,False,,1.9565662551316052
v200_s2_p30,200,0.3,h2,False,0,1.478531777755997,7.368299333000323,410.0,1.0,True,True,1.478531777755997,6.490460749977501,410,1,True,True,True,0.0,1.1352505803268074
v200_s2_p30,200,0.3,h2,True,0,1.5032580298679548,5.701413082992076,380.0,1.0,True,True,1.5032580298679548,4.953239583992399,380,1,True,True,True,0.0,1.1510473067803104
v200_s2_p30,200,0.3,h3,False,0,1.4560987567708763,12.239546040989808,188.0,58.0,True,True,1.5109730325508925,7.327718915999867,410,1,True,True,True,-0.054874275780016246,1.6703077971870761
v200_s2_p30,200,0.3,h3,True,0,1.4774250545657541,10.819587541001965,175.0,62.0,True,True,1.5108039348981104,5.625934832991334,380,1,True,True,True,-0.03337888033235625,1.9231626142475498
v200_s2_p30,200,0.3,h4,False,0,1.4571739995069408,17.787221916005365,207.0,96.0,True,True,,11.115984665986616,3403,1,False,True,False,,1.600148115571967
v200_s2_p30,200,0.3,h4,True,0,1.4642913566751445,15.812233375007054,208.0,83.0,True,True,,10.685268958011875,3372,1,False,True,False,,1.4798161316427092
v200_s2_p30,200,0.3,h2+3,False,0,1.4610435438375187,12.965899582995917,188.0,58.0,True,True,1.4851518441775884,7.658064124989323,410,1,True,True,True,-0.02410830034006972,1.693104075831174
v200_s2_p30,200,0.3,h2+3,True,0,1.481103588831599,11.503458999999566,175.0,62.0,True,True,1.5184772935746482,6.010522416996537,380,1,True,True,True,-0.03737370474304913,1.9138867143178968
v200_s2_p30,200,0.3,h2+3+4,False,0,1.4566905251365325,20.03640433300461,213.0,96.0,True,True,,11.451172208006028,3403,1,False,True,False,,1.749725178265703
v200_s2_p30,200,0.3,h2+3+4,True,0,1.4626387402379777,17.46925479201309,212.0,83.0,True,True,,11.278772374993423,3372,1,False,True,False,,1.5488613663970034
v200_s2_p50,200,0.5,h2,False,0,2.0839675140889344,2.6872241249948274,293.0,1.0,True,True,2.0839675140889344,2.361276416981127,293,1,True,True,True,0.0,1.1380387766843587
v200_s2_p50,200,0.5,h2,True,0,1.969991021804484,1.3620005419943482,198.0,1.0,True,True,1.969991021804484,1.1008640830114018,198,1,True,True,True,0.0,1.2372104449702914
v200_s2_p50,200,0.5,h3,False,0,1.8055992739391846,6.03620570799103,212.0,4.0,True,True,1.9139624205819799,3.3023245420190506,293,1,True,True,True,-0.10836314664279523,1.8278656840615903
v200_s2_p50,200,0.5,h3,True,0,1.9157353701477267,3.3621849170012865,101.0,16.0,True,True,1.9988415655246043,1.5135166670079343,198,1,True,True,True,-0.08310619537687769,2.2214389773770895
v200_s2_p50,200,0.5,h4,False,0,1.735448624020222,6.764767333996133,170.0,28.0,True,True,,2.4266692500095814,1386,1,False,True,False,,2.787675878766512
v200_s2_p50,200,0.5,h4,True,0,1.808475639139343,4.021822458002134,80.0,37.0,True,True,,2.1460640000004787,1152,1,False,True,False,,1.874045908230713
v200_s2_p50,200,0.5,h2+3,False,0,1.722093749544255,6.700956500004395,212.0,4.0,True,True,1.8467573087337508,3.57623520802008,293,1,True,True,True,-0.12466355918949579,1.8737460234653476
v200_s2_p50,200,0.5,h2+3,True,0,1.919201527393561,3.615592749993084,101.0,16.0,True,True,2.008837458837836,1.5639599169953726,198,1,True,True,True,-0.08963593144427495,2.3118193188347433
v200_s2_p50,200,0.5,h2+3+4,False,0,1.7672195355826708,8.115567959001055,172.0,28.0,True,True,,2.885482707992196,1386,1,False,True,False,,2.8125512367558447
v200_s2_p50,200,0.5,h2+3+4,True,0,1.7900605736548378,4.8243282080075005,82.0,37.0,True,True,,2.3344736250001006,1152,1,False,True,False,,2.0665593118479944
v200_s3_p0,200,0.0,h2,False,0,1.303159896705781,29.147910207990208,545.0,5.0,True,True,1.3119050909308378,8.385020999994595,588,1,True,True,True,-0.00874519422505693,3.476188098754791
v200_s3_p0,200,0.0,h2,True,0,1.303159896705781,28.98007420900103,545.0,5.0,True,True,1.3119050909308378,8.499316791974707,588,1,True,True,True,-0.00874519422505693,3.409694557610187
v200_s3_p0,200,0.0,h3,False,0,1.3115745393635048,34.0842419170076,245.0,135.0,True,True,1.3545986878838385,10.350911832996644,588,1,True,True,True,-0.04302414852033376,3.2928733687358664
v200_s3_p0,200,0.0,h3,True,0,1.3115745393635048,34.773285082992516,245.0,135.0,True,True,1.3545986878838385,10.371837875019992,588,1,True,True,True,-0.04302414852033376,3.352663771070129
v200_s3_p0,200,0.0,h4,False,0,1.333758883704286,98.1639905829943,115.0,245.0,True,True,,42.91046708400245,8807,1,False,True,False,,2.2876467504030282
v200_s3_p0,200,0.0,h4,True,0,1.333758883704286,98.52597004199924,115.0,245.0,True,True,,43.148320124979364,8807,1,False,True,False,,2.283425397712314
v200_s3_p0,200,0.0,h2+3,False,0,1.316391541038562,35.72723991700332,245.0,135.0,True,True,1.3486665071388506,10.640584750013659,588,1,True,True,True,-0.03227496610028857,3.3576387723388468
v200_s3_p0,200,0.0,h2+3,True,0,1.316391541038562,35.694458416997804,245.0,135.0,True,True,1.3486665071388506,10.801695582980756,588,1,True,True,True,-0.03227496610028857,3.3045236410141294
v200_s3_p0,200,0.0,h2+3+4,False,0,1.3352751854511165,103.29801116599992,115.0,245.0,True,True,,47.38068587498856,8807,1,False,True,False,,2.1801712925504346
v200_s3_p0,200,0.0,h2+3+4,True,0,1.3352751854511165,102.78998025000328,115.0,245.0,True,True,,47.734537749987794,8807,1,False,True,False,,2.1533670397809512
v200_s3_p10,200,0.1,h2,False,0,1.345028009818206,8.811248250000062,529.0,1.0,True,True,1.345028009818206,7.928123166988371,529,1,True,True,True,0.0,1.111391443398471
v200_s3_p10,200,0.1,h2,True,0,1.3407855112503329,8.493985459004762,525.0,1.0,True,True,1.3407855112503329,7.804924041003687,525,1,True,True,True,0.0,1.0882854739368435
v200_s3_p10,200,0.1,h3,False,0,1.3510290476553113,22.896414999995613,258.0,90.0,True,True,1.3869809563691216,9.203854791005142,529,1,True,True,True,-0.035951908713810266,2.4876984176643147
v200_s3_p10,200,0.1,h3,True,0,1.349130119392065,25.2902650420001,221.0,108.0,True,True,1.3748975840602329,8.984811208007159,525,1,True,True,True,-0.025767464668167817,2.814779794088685
v200_s3_p10,200,0.1,h4,False,0,1.356471065645711,59.638583666994236,162.0,184.0,True,True,,29.191392957989592,6710,1,False,True,False,,2.043019452782617
v200_s3_p10,200,0.1,h4,True,0,1.3629830637676663,45.09053779099486,259.0,153.0,True,True,,29.177178582991473,6723,1,False,True,False,,1.545404318746567
v200_s3_p10,200,0.1,h2+3,False,0,1.3565757539501426,23.6701961249928,258.0,90.0,True,True,1.3653184637110336,9.268283624987816,529,1,True,True,True,-0.008742709760890977,2.5538920778359233
v200_s3_p10,200,0.1,h2+3,True,0,1.3436132148839361,26.961947916992358,221.0,108.0,True,True,1.3742129052549614,9.245321458001854,525,1,True,True,True,-0.03059969037102528,2.9162802006907733
v200_s3_p10,200,0.1,h2+3+4,False,0,1.35711023370825,63.38099395800964,167.0,184.0,True,True,,32.15730762502062,6710,1,False,True,False,,1.9709670566044162
v200_s3_p10,200,0.1,h2+3+4,True,0,1.3640576266977542,48.282053999995696,264.0,153.0,True,True,,32.070843916008016,6723,1,False,True,False,,1.5054812441619576
v200_s3_p30,200,0.3,h2,False,0,1.4655115574682243,7.331533208998735,412.0,1.0,True,True,1.4655115574682243,6.500442624994321,412,1,True,True,True,0.0,1.1278513836594535
v200_s3_p30,200,0.3,h2,True,0,1.466577621987159,6.063752458998351,386.0,1.0,True,True,1.466577621987159,5.278843541978858,386,1,True,True,True,0.0,1.1486895587599206
v200_s3_p30,200,0.3,h3,False,0,1.4401115184368936,10.507871833993704,226.0,40.0,True,True,1.485126039789337,7.263786166993668,412,1,True,True,True,-0.04501452135244355,1.4466108434938547
v200_s3_p30,200,0.3,h3,True,0,1.4463254841891877,9.89185987500241,187.0,56.0,True,True,1.480572183051444,5.945799499982968,386,1,True,True,True,-0.034246698862256286,1.6636719544664675
v200_s3_p30,200,0.3,h4,False,0,1.4473908628362189,18.39522304199636,181.0,95.0,True,True,,11.157157625013497,3461,1,False,True,False,,1.648737398919208
v200_s3_p30,200,0.3,h4,True,0,1.5001414440528946,19.853294250002364,141.0,102.0,True,True,,10.774799874983728,3439,1,False,True,False,,1.8425673312129471
v200_s3_p30,200,0.3,h2+3,False,0,1.4299867671412834,11.40720699999656,226.0,40.0,True,True,1.4714926923299725,7.782225750008365,412,1,True,True,True,-0.04150592518868912,1.4658026336468457
v200_s3_p30,200,0.3,h2+3,True,0,1.4405684020753255,10.860280708991922,187.0,56.0,True,True,1.488183785435662,6.330816166999284,386,1,True,True,True,-0.04761538336033655,1.715462970730919
v200_s3_p30,200,0.3,h2+3+4,False,0,1.4516842029411308,20.76207720799721,187.0,95.0,True,True,,11.539329541003099,3461,1,False,True,False,,1.799244673117498
v200_s3_p30,200,0.3,h2+3+4,True,0,1.4761506770728208,22.124503832994378,143.0,102.0,True,True,,11.465607457997976,3439,1,False,True,False,,1.929640789992436
v200_s3_p50,200,0.5,h2,False,0,1.8624046512778563,4.194851832988206,294.0,1.0,True,True,1.8624046512778563,3.813274124986492,294,1,True,True,True,0.0,1.1000656379517604
v200_s3_p50,200,0.5,h2,True,0,2.0753883532858337,1.7038208750018384,201.0,1.0,True,True,2.0753883532858337,1.4395306250080466,201,1,True,True,True,0.0,1.1835947394257864
v200_s3_p50,200,0.5,h3,False,0,1.8332481488299162,8.64617795900267,184.0,4.0,True,True,1.785812498166664,4.664658166992012,294,1,True,True,True,0.04743565066325206,1.8535501744124858
v200_s3_p50,200,0.5,h3,True,0,1.9275420302818045,3.7483827919932082,129.0,7.0,True,True,1.8915153251804264,1.582572874991456,201,1,True,True,True,0.036026705101378065,2.368537241618933
v200_s3_p50,200,0.5,h4,False,0,1.8954443635464862,6.689767500007292,153.0,30.0,True,True,,2.542889499978628,1414,1,False,True,False,,2.630773967985442
v200_s3_p50,200,0.5,h4,True,0,1.8860514535592134,4.325520750004216,55.0,46.0,True,True,,2.1975668340164702,1209,1,False,True,False,,1.9683227299615305
v200_s3_p50,200,0.5,h2+3,False,0,1.7520260465857622,9.324312500000815,184.0,4.0,True,True,1.8653535236830088,4.50273379101418,294,1,True,True,True,-0.11332747709724655,2.0708114076405657
v200_s3_p50,200,0.5,h2+3,True,0,1.8999974061147389,4.015997541995603,129.0,7.0,True,True,1.9221723030249684,1.5564639999938663,201,1,True,True,True,-0.022174896910229558,2.5802058653534092
v200_s3_p50,200,0.5,h2+3+4,False,0,1.907917696748006,7.936993208000786,153.0,30.0,True,True,,2.9659376250056084,1414,1,False,True,False,,2.676048592891692
v200_s3_p50,200,0.5,h2+3+4,True,0,1.8923372171047217,5.110055291006574,60.0,46.0,True,True,,2.414745957998093,1209,1,False,True,False,,2.116187532722069
v200_s4_p0,200,0.0,h2,False,0,1.308049690189768,25.86953804199584,466.0,28.0,True,True,1.3099887723248018,8.21103849998326,584,1,True,True,True,-0.0019390821350337983,3.1505805315671798
v200_s4_p0,200,0.0,h2,True,0,1.308049690189768,25.114196875001653,466.0,28.0,True,True,1.3099887723248018,8.448981749999803,584,1,True,True,True,-0.0019390821350337983,2.9724524940537647
v200_s4_p0,200,0.0,h3,False,0,1.3159986150086667,35.83881354201003,218.0,148.0,True,True,1.3519534976469252,10.273882791982032,584,1,True,True,True,-0.03595488263825852,3.4883416783749412
v200_s4_p0,200,0.0,h3,True,0,1.3159986150086667,35.99186962499516,218.0,148.0,True,True,1.3519534976469252,10.346971792023396,584,1,True,True,True,-0.03595488263825852,3.478493065260091
v200_s4_p0,200,0.0,h4,False,0,1.3353550436163666,89.5533756250079,148.0,224.0,True,True,,40.86014229099965,8548,1,False,True,False,,2.191704937961854
v200_s4_p0,200,0.0,h4,True,0,1.3353550436163666,90.18228283399367,148.0,224.0,True,True,,41.40233562499634,8548,1,False,True,False,,2.178193125402974
v200_s4_p0,200,0.0,h2+3,False,0,1.316364598968874,36.87480062499526,218.0,148.0,True,True,1.3461883987034318,10.57628329200088,584,1,True,True,True,-0.029823799734557843,3.4865556837802023
v200_s4_p0,200,0.0,h2+3,True,0,1.316364598968874,37.040061082996544,218.0,148.0,True,True,1.3461883987034318,10.733517375017982,584,1,True,True,True,-0.029823799734557843,3.450878196667054
v200_s4_p0,200,0.0,h2+3+4,False,0,1.3347946913499813,93.19552404200658,148.0,224.0,True,True,,45.031291874998715,8548,1,False,True,False,,2.0695725163893988
v200_s4_p0,200,0.0,h2+3+4,True,0,1.3347946913499813,92.44371829199372,148.0,224.0,True,True,,45.500590624986216,8548,1,False,True,False,,2.03170369927526
v200_s4_p10,200,0.1,h2,False,0,1.3522119644035289,8.632292541995412,526.0,1.0,True,True,1.3522119644035289,7.772553666989552,526,1,True,True,True,0.0,1.1106121503743636
v200_s4_p10,200,0.1,h2,True,0,1.3381375827550404,8.522758417006116,522.0,1.0,True,True,1.3381375827550404,7.821851000015158,522,1,True,True,True,0.0,1.0896088939804145
v200_s4_p10,200,0.1,h3,False,0,1.3568846487125523,29.04675729200244,195.0,127.0,True,True,1.3853032315255627,9.016324249998434,526,1,True,True,True,-0.02841858281301035,3.2215741677665912
v200_s4_p10,200,0.1,h3,True,0,1.3582916331295565,20.800153625008534,263.0,86.0,True,True,1.3833080382068808,8.798716207995312,522,1,True,True,True,-0.025016405077324277,2.3639986940489823
v200_s4_p10,200,0.1,h4,False,0,1.3629380742094463,43.15182816699962,232.0,141.0,True,True,,27.331964167009573,6490,1,False,True,False,,1.5788045053522006
v200_s4_p10,200,0.1,h4,True,0,1.367368663302089,53.865781000000425,173.0,169.0,True,True,,27.08978749997914,6488,1,False,True,False,,1.9884165204338315
v200_s4_p10,200,0.1,h2+3,False,0,1.3411879309969779,30.638025833992288,195.0,127.0,True,True,1.371236741971021,9.299493166006869,526,1,True,True,True,-0.030048810974043105,3.2945909295342837
v200_s4_p10,200,0.1,h2+3,True,0,1.366725934869134,22.03447212500032,263.0,86.0,True,True,1.3809285986207667,8.95646124999621,522,1,True,True,True,-0.014202663751632594,2.460176124248809
v200_s4_p10,200,0.1,h2+3+4,False,0,1.3626190249588708,46.036744249999174,237.0,141.0,True,True,,30.574199708004016,6490,1,False,True,False,,1.5057383247858886
v200_s4_p10,200,0.1,h2+3+4,True,0,1.3599241019310135,56.71610458299983,181.0,169.0,True,True,,30.36788004200207,6488,1,False,True,False,,1.867634635824276
v200_s4_p30,200,0.3,h2,False,0,1.4808438411811398,7.145767750000232,409.0,1.0,True,True,1.4808438411811398,6.452393667015713,409,1,True,True,True,0.0,1.1074599782293213
v200_s4_p30,200,0.3,h2,True,0,1.4761487812159861,5.7884095839981455,382.0,1.0,True,True,1.4761487812159861,5.081613583985018,382,1,True,True,True,0.0,1.1390888914183939
v200_s4_p30,200,0.3,h3,False,0,1.45988896356295,10.64607491598872,217.0,38.0,True,True,1.4844173979984168,7.257853082992369,409,1,True,True,True,-0.024528434435466817,1.4668352740476536
v200_s4_p30,200,0.3,h3,True,0,1.4508425602175565,9.777896790998057,205.0,35.0,True,True,1.4879042387678973,5.764300750015536,382,1,True,True,True,-0.037061678550340815,1.696284981482221
v200_s4_p30,200,0.3,h4,False,0,1.4676440096057042,19.975600874997326,123.0,103.0,True,True,,10.695875542005524,3425,1,False,True,False,,1.8675984772399299
v200_s4_p30,200,0.3,h4,True,0,1.4523060003229584,15.495993000004091,210.0,73.0,True,True,,10.213145499990787,3379,1,False,True,False,,1.5172595945116094
v200_s4_p30,200,0.3,h2+3,False,0,1.4946600177460596,11.273310624994338,217.0,38.0,True,True,1.478385921867054,7.639591625018511,409,1,True,True,True,0.016274095879005523,1.4756430943345118
v200_s4_p30,200,0.3,h2+3,True,0,1.4574569493181324,10.372686250004335,205.0,35.0,True,True,1.493396932841005,6.200843208003789,382,1,True,True,True,-0.03593998352287264,1.672786410179781
v200_s4_p30,200,0.3,h2+3+4,False,0,1.4690714058415193,22.4229866250098,129.0,103.0,True,True,,11.08475737500703,3425,1,False,True,False,,2.0228667048290334
v200_s4_p30,200,0.3,h2+3+4,True,0,1.4613156300009267,17.429681082998286,213.0,73.0,True,True,,10.958045000006678,3379,1,False,True,False,,1.5905830905957827
v200_s4_p50,200,0.5,h2,False,0,1.78748504160725,3.823993917001644,292.0,1.0,True,True,1.78748504160725,3.4039020000200253,292,1,True,True,True,0.0,1.1234148095271683
v200_s4_p50,200,0.5,h2,True,0,1.8535133966017374,1.5381148750020657,193.0,1.0,True,True,1.8535133966017374,1.3331289170018863,193,1,True,True,True,0.0,1.1537630422578924
v200_s4_p50,200,0.5,h3,False,0,1.7067516790833317,8.321084208000684,208.0,4.0,True,True,1.7524546852693976,3.6187610420165583,292,1,True,True,True,-0.04570300618606593,2.2994290342430985
v200_s4_p50,200,0.5,h3,True,0,1.7707219705847743,3.2495287080091657,109.0,9.0,True,True,1.8078056587878342,1.785843958001351,193,1,True,True,True,-0.03708368820305985,1.8196039432504032
v200_s4_p50,200,0.5,h4,False,0,1.7751651839309075,5.9627970829897095,228.0,25.0,True,True,,2.3908607499906793,1391,1,False,True,False,,2.493995973212976
v200_s4_p50,200,0.5,h4,True,0,1.737465468902698,3.7041067920072237,117.0,28.0,True,True,,2.150173583999276,1199,1,False,True,False,,1.7227012830832316
v200_s4_p50,200,0.5,h2+3,False,0,1.7605311170203333,8.359644165990176,208.0,4.0,True,True,1.7803947608663162,3.519334125012392,292,1,True,True,True,-0.019863643845982937,2.375348253118973
v200_s4_p50,200,0.5,h2+3,True,0,1.7649282421948032,3.583220375003293,109.0,9.0,True,True,1.835686467966475,1.7309487080201507,193,1,True,True,True,-0.0707582257716719,2.0700904413867702
v200_s4_p50,200,0.5,h2+3+4,False,0,,7.146975084004225,230.0,25.0,False,True,,2.785423749999609,1391,1,False,True,False,,2.5658484042168554
v200_s4_p50,200,0.5,h2+3+4,True,0,1.7125319532733168,4.513796708997688,117.0,28.0,True,True,,2.355803915997967,1199,1,False,True,False,,1.9160324330667184
v200_s5_p0,200,0.0,h2,False,0,1.2896180333485312,26.74517808300152,497.0,16.0,True,True,1.3024066109769319,8.456890125002246,585,1,True,True,True,-0.012788577628400688,3.162531106314263
v200_s5_p0,200,0.0,h2,True,0,1.2896180333485312,27.06406958399748,497.0,16.0,True,True,1.3024066109769319,8.459752708004089,585,1,True,True,True,-0.012788577628400688,3.1991561122574126
v200_s5_p0,200,0.0,h3,False,0,1.3212109456010321,34.44324041699292,253.0,125.0,True,True,1.3354317211961308,10.271235625026748,585,1,True,True,True,-0.014220775595098711,3.353368735215168
v200_s5_p0,200,0.0,h3,True,0,1.3212109456010321,35.57282808399759,253.0,125.0,True,True,1.3354317211961308,10.392333249998046,585,1,True,True,True,-0.014220775595098711,3.422987622534553
v200_s5_p0,200,0.0,h4,False,0,1.3304476069017594,70.33475245800219,229.0,195.0,True,True,,40.740282249986194,8514,1,False,True,False,,1.7264178982958818
v200_s5_p0,200,0.0,h4,True,0,1.3304476069017594,69.87246579201019,229.0,195.0,True,True,,41.22298716701334,8514,1,False,True,False,,1.6949879325562844
v200_s5_p0,200,0.0,h2+3,False,0,1.318765052716703,35.94756691600196,253.0,125.0,True,True,1.345471733668313,10.59815616699052,585,1,True,True,True,-0.026706680951610107,3.3918699016689167
v200_s5_p0,200,0.0,h2+3,True,0,1.318765052716703,36.184254916996,253.0,125.0,True,True,1.345471733668313,10.81199870898854,585,1,True,True,True,-0.026706680951610107,3.346675845134375
v200_s5_p0,200,0.0,h2+3+4,False,0,1.3304276758975389,73.64081854200049,229.0,195.0,True,True,,46.01546412499738,8514,1,False,True,False,,1.6003493595535843
v200_s5_p0,200,0.0,h2+3+4,True,0,1.3304276758975389,74.76728445799381,229.0,195.0,True,True,,46.09419579201494,8514,1,False,True,False,,1.6220542125381001
v200_s5_p10,200,0.1,h2,False,0,1.3118987080060969,19.55703016599,441.0,18.0,True,True,1.3377934377877823,7.872966458002338,527,1,True,True,True,-0.02589472978168539,2.48407385835
v200_s5_p10,200,0.1,h2,True,0,1.326794579861773,20.311553833002108,444.0,16.0,True,True,1.3353509040512548,7.72696770800394,523,1,True,True,True,-0.008556324189481712,2.6286577866712824
v200_s5_p10,200,0.1,h3,False,0,1.3383432349336686,20.36444604099961,289.0,72.0,True,True,1.3818030783426176,9.101334041013615,527,1,True,True,True,-0.04345984340894904,2.237523197064375
v200_s5_p10,200,0.1,h3,True,0,1.3543440561392805,20.293211333002546,308.0,54.0,True,True,1.3605382449766485,8.983548249991145,523,1,True,True,True,-0.006194188837367998,2.2589305214699045
v200_s5_p10,200,0.1,h4,False,0,1.3545812132451835,58.95882962500036,157.0,182.0,True,True,,28.512124083994422,6482,1,False,True,False,,2.067851186790307
v200_s5_p10,200,0.1,h4,True,0,1.3503215364339904,57.9547502919886,181.0,171.0,True,True,,28.319741665996844,6482,1,False,True,False,,2.0464434660282986
v200_s5_p10,200,0.1,h2+3,False,0,1.334559934412303,21.282001542000216,289.0,72.0,True,True,1.3695620001159714,9.310971291997703,527,1,True,True,True,-0.03500206570366848,2.2856908129757625
v200_s5_p10,200,0.1,h2+3,True,0,1.3437172532938786,21.21580095900572,308.0,54.0,True,True,1.3654570498596457,9.163324499997543,523,1,True,True,True,-0.021739796565767078,2.3152951703294375
v200_s5_p10,200,0.1,h2+3+4,False,0,1.3598572262466964,64.51397841698781,160.0,188.0,True,True,,31.855498458025977,6482,1,False,True,False,,2.0252069984713597
v200_s5_p10,200,0.1,h2+3+4,True,0,1.349407956086366,61.02680779200455,190.0,171.0,True,True,,31.803683042002376,6482,1,False,True,False,,1.9188597657512771
v200_s5_p30,200,0.3,h2,False,0,1.4622323874478453,7.3869150829996215,409.0,1.0,True,True,1.4622323874478453,6.3923530419997405,409,1,True,True,True,0.0,1.155586219106689
v200_s5_p30,200,0.3,h2,True,0,1.4572002321380269,5.570392916997662,378.0,1.0,True,True,1.4572002321380269,4.859656709013507,378,1,True,True,True,0.0,1.1462523487854417
v200_s5_p30,200,0.3,h3,False,0,1.4605125467079156,10.860259875000338,191.0,48.0,True,True,1.4617813055174884,7.126101833011489,409,1,True,True,True,-0.0012687588095727786,1.5240113219671454
v200_s5_p30,200,0.3,h3,True,0,1.4745537080172952,9.426954833004856,190.0,41.0,True,True,1.464843501347894,5.7133734580129385,378,1,True,True,True,0.009710206669401256,1.649980506662603
v200_s5_p30,200,0.3,h4,False,0,1.4602613393028063,17.653930624990608,233.0,88.0,True,True,,11.07343012499041,3426,1,False,True,False,,1.5942603534517628
v200_s5_p30,200,0.3,h4,True,0,1.459485891551228,19.21812120800314,128.0,105.0,True,True,,10.451332208991516,3335,1,False,True,False,,1.838820240683705
v200_s5_p30,200,0.3,h2+3,False,0,1.4503001225463743,11.561804957993445,191.0,48.0,True,True,1.4529461459115778,7.656555459019728,409,1,True,True,True,-0.002646023365203476,1.5100530545198594
v200_s5_p30,200,0.3,h2+3,True,0,1.4744487187854127,10.238447749987245,190.0,41.0,True,True,1.4666462330243504,5.954343833000166,378,1,True,True,True,0.00780248576106235,1.7194921954697537
v200_s5_p30,200,0.3,h2+3+4,False,0,1.4616097511506003,19.94113233301323,239.0,88.0,True,True,,11.561768542014761,3426,1,False,True,False,,1.7247475816998388
v200_s5_p30,200,0.3,h2+3+4,True,0,1.481068746580079,21.449053832999198,133.0,105.0,True,True,,10.930069416994229,3335,1,False,True,False,,1.9623895342924265
v200_s5_p50,200,0.5,h2,False,0,1.756446251514147,3.1062013330083573,293.0,1.0,True,True,1.756446251514147,2.7025250419974327,293,1,True,True,True,0.0,1.1493700464335266
v200_s5_p50,200,0.5,h2,True,0,1.7754999995535699,1.1745459999947343,192.0,1.0,True,True,1.7754999995535699,0.9652029580029193,192,1,True,True,True,0.0,1.216890178646947
v200_s5_p50,200,0.5,h3,False,0,1.726506451205852,5.767703749996144,113.0,21.0,True,True,1.857681744928971,2.5921267500089016,293,1,True,True,True,-0.13117529372311898,2.2250855402716465
v200_s5_p50,200,0.5,h3,True,0,1.7796614475116328,3.0867225420079194,106.0,13.0,True,True,1.8058637052934812,1.2894002920074854,192,1,True,True,True,-0.02620225778184837,2.393921081871447
v200_s5_p50,200,0.5,h4,False,0,1.7469372515353454,6.436372584008495,78.0,43.0,True,True,,2.6245258749986533,1404,1,False,True,False,,2.452394409718593
v200_s5_p50,200,0.5,h4,True,0,1.7404821283166716,3.6375965409970377,111.0,31.0,True,True,,2.214291709009558,1172,1,False,True,False,,1.642781087151393
v200_s5_p50,200,0.5,h2+3,False,0,1.7250377241181578,6.2163694170012604,113.0,21.0,True,True,1.732858343178911,2.9117454160004854,293,1,True,True,True,-0.007820619060753264,2.134928892766985
v200_s5_p50,200,0.5,h2+3,True,0,1.7910639521101517,3.222750000000815,106.0,13.0,True,True,1.8452875862206608,1.0931322500109673,192,1,True,True,True,-0.05422363411050912,2.9481794174204277
v200_s5_p50,200,0.5,h2+3+4,False,0,1.7534472894676392,7.62037324999983,78.0,43.0,True,True,,3.0659814160026144,1404,1,False,True,False,,2.4854596998618375
v200_s5_p50,200,0.5,h2+3+4,True,0,1.772895195971136,4.507367041995167,117.0,31.0,True,True,,2.4662514579831623,1172,1,False,True,False,,1.827618602071168
v200_s6_p0,200,0.0,h2,False,0,1.2942684689681603,28.213015625005937,544.0,7.0,True,True,1.3076923578933253,8.380559167009778,583,1,True,True,True,-0.013423888925164995,3.3664836752262284
v200_s6_p0,200,0.0,h2,True,0,1.2942684689681603,28.18116687500151,544.0,7.0,True,True,1.3076923578933253,8.406499083997915,583,1,True,True,True,-0.013423888925164995,3.3523071368252944
v200_s6_p0,200,0.0,h3,False,0,1.3193606669712108,29.5766793340008,274.0,112.0,True,True,1.3434043612724025,10.048849875020096,583,1,True,True,True,-0.024043694301191687,2.9432899985424106
v200_s6_p0,200,0.0,h3,True,0,1.3193606669712108,29.702454958998715,274.0,112.0,True,True,1.3434043612724025,10.394969707995187,583,1,True,True,True,-0.024043694301191687,2.8573873511293995
v200_s6_p0,200,0.0,h4,False,0,1.3295425721681953,79.43372437499056,225.0,199.0,True,True,,39.64381995800068,8522,1,False,True,False,,2.003684923883318
v200_s6_p0,200,0.0,h4,True,0,1.3295425721681953,79.65218795799592,225.0,199.0,True,True,,40.048004583019065,8522,1,False,True,False,,1.9889177697450027
v200_s6_p0,200,0.0,h2+3,False,0,1.3136565031143983,30.21647104099975,274.0,112.0,True,True,1.3478781869302725,10.501243083999725,583,1,True,True,True,-0.034221683815874204,2.877418492201103
v200_s6_p0,200,0.0,h2+3,True,0,1.3136565031143983,30.714176584006054,274.0,112.0,True,True,1.3478781869302725,10.678861499996856,583,1,True,True,True,-0.034221683815874204,2.8761658332224926
v200_s6_p0,200,0.0,h2+3+4,False,0,1.3312741729934179,84.4677212079987,243.0,195.0,True,True,,44.02120666598785,8522,1,False,True,False,,1.918796134983303
v200_s6_p0,200,0.0,h2+3+4,True,0,1.3312741729934179,84.92203274999338,243.0,195.0,True,True,,44.54392879200168,8522,1,False,True,False,,1.9064782800488402
v200_s6_p10,200,0.1,h2,False,0,1.3218553137258708,21.657273791002808,477.0,6.0,True,True,1.3335471368385687,7.854965708014788,525,1,True,True,True,-0.011691823112697897,2.7571442824893406
v200_s6_p10,200,0.1,h2,True,0,1.310147222403472,21.568388583007618,477.0,6.0,True,True,1.3431436756292185,7.680223333009053,523,1,True,True,True,-0.032996453225746514,2.8083022651578657
v200_s6_p10,200,0.1,h3,False,0,1.3415202681879654,25.35279587500554,226.0,106.0,True,True,1.3755182024842536,8.922077583003556,525,1,True,True,True,-0.03399793429628817,2.841579849440257
v200_s6_p10,200,0.1,h3,True,0,1.3414990700254452,26.66756625000562,222.0,112.0,True,True,1.3706298075876822,8.931245749990921,523,1,True,True,True,-0.02913073756223694,2.9858730793554447
v200_s6_p10,200,0.1,h4,False,0,1.338957096086466,45.8510177499993,216.0,150.0,True,True,,26.495326832984574,6421,1,False,True,False,,1.7305322572174664
v200_s6_p10,200,0.1,h4,True,0,1.3506631262372588,42.334306040997035,255.0,150.0,True,True,,26.502147582999896,6425,1,False,True,False,,1.5973915286832399
v200_s6_p10,200,0.1,h2+3,False,0,1.3458220829979506,27.425392832999933,226.0,106.0,True,True,1.3540917538630621,9.176733667001827,525,1,True,True,True,-0.008269670865111545,2.988578924505304
v200_s6_p10,200,0.1,h2+3,True,0,1.3455242962648628,27.334589625010267,222.0,112.0,True,True,1.3739164291877648,9.041293332993519,523,1,True,True,True,-0.02839213292290199,3.0233052527187443
v200_s6_p10,200,0.1,h2+3+4,False,0,1.331085633796659,47.98029550000501,218.0,150.0,True,True,,29.386331667017657,6421,1,False,True,False,,1.632741917013639
v200_s6_p10,200,0.1,h2+3+4,True,0,1.362798376804673,46.281227667001076,258.0,150.0,True,True,,29.279807792016072,6425,1,False,True,False,,1.5806533975821009
v200_s6_p30,200,0.3,h2,False,0,1.453396421348057,7.376774832999217,408.0,1.0,True,True,1.453396421348057,6.538436083996203,408,1,True,True,True,0.0,1.1282170137068364
v200_s6_p30,200,0.3,h2,True,0,1.4860718265542585,5.969852791997255,381.0,1.0,True,True,1.4860718265542585,5.160385249997489,381,1,True,True,True,0.0,1.1568618432122213
v200_s6_p30,200,0.3,h3,False,0,1.4617226473972607,10.390529999989667,205.0,47.0,True,True,1.4944755195251416,7.210790332988836,408,1,True,True,True,-0.032752872127880917,1.440969646899003
v200_s6_p30,200,0.3,h3,True,0,1.4517254624214433,9.752497458001017,203.0,37.0,True,True,1.5255317695286177,5.823482707986841,381,1,True,True,True,-0.0738063071071744,1.6746847113713546
v200_s6_p30,200,0.3,h4,False,0,1.4568917638754466,19.255591541004833,179.0,95.0,True,True,,10.077818290999858,3366,1,False,True,False,,1.9106904872656136
v200_s6_p30,200,0.3,h4,True,0,1.4542439230925606,16.3952280000085,206.0,76.0,True,True,,9.911183667019941,3312,1,False,True,False,,1.6542149304088276
v200_s6_p30,200,0.3,h2+3,False,0,1.4326055070697141,11.061254332991666,205.0,47.0,True,True,1.4934264697474335,7.55327999999281,408,1,True,True,True,-0.060820962677719415,1.4644305961121784
v200_s6_p30,200,0.3,h2+3,True,0,1.4416585283086463,10.459032375001698,204.0,37.0,True,True,1.5059234433907622,6.234429333009757,381,1,True,True,True,-0.06426491508211596,1.6776246575807212
v200_s6_p30,200,0.3,h2+3+4,False,0,1.4584671630017245,21.77775062501314,186.0,95.0,True,True,,10.49412154199672,3366,1,False,True,False,,2.0752333139901373
v200_s6_p30,200,0.3,h2+3+4,True,0,1.4513929773465017,18.286396083,211.0,76.0,True,True,,10.13266333300271,3312,1,False,True,False,,1.8046978846558612
v200_s6_p50,200,0.5,h2,False,0,1.8912356848568534,3.212931124988245,291.0,1.0,True,True,1.8912356848568534,2.821526166982949,291,1,True,True,True,0.0,1.13872100942584
v200_s6_p50,200,0.5,h2,True,0,1.921537538856381,1.463161042003776,196.0,1.0,True,True,1.921537538856381,1.209514083020622,196,1,True,True,True,0.0,1.209709802096475
v200_s6_p50,200,0.5,h3,False,0,1.7789747758103764,8.867547457994078,216.0,4.0,True,True,1.8230356366971678,3.988050749991089,291,1,True,True,True,-0.0440608608867914,2.2235292411998246
v200_s6_p50,200,0.5,h3,True,0,1.8957552097706758,3.8844724579976173,144.0,4.0,True,True,1.8591391376340727,1.6908459169790149,196,1,True,True,True,0.03661607213660312,2.2973544892475424
v200_s6_p50,200,0.5,h4,False,0,1.7734842624086815,6.419920207990799,119.0,31.0,True,True,,2.398385499982396,1356,1,False,True,False,,2.676767437110473
v200_s6_p50,200,0.5,h4,True,0,1.8178366056862743,4.362617082995712,75.0,34.0,True,True,,2.0845215000153985,1161,1,False,True,False,,2.092862598425339
v200_s6_p50,200,0.5,h2+3,False,0,1.759655148507162,9.542748292005854,216.0,4.0,True,True,1.7841621819604774,3.890105250000488,291,1,True,True,True,-0.024507033453315286,2.453082289227176
v200_s6_p50,200,0.5,h2+3,True,0,1.8388978747845084,4.3038622079911875,144.0,4.0,True,True,1.8584933535718637,1.6418700409994926,196,1,True,True,True,-0.019595478787355347,2.621317217878706
v200_s6_p50,200,0.5,h2+3+4,False,0,1.8018715440890627,7.690925333998166,121.0,31.0,True,True,,2.766070874989964,1356,1,False,True,False,,2.7804512905064556
v200_s6_p50,200,0.5,h2+3+4,True,0,1.8167078750208403,5.284653958995477,77.0,34.0,True,True,,2.276943790988298,1161,1,False,True,False,,2.320941772876042
v200_s7_p0,200,0.0,h2,False,0,1.2927637792135154,28.554961542002275,544.0,6.0,True,True,1.3124996809443943,8.41563433301053,586,1,True,True,True,-0.019735901730878913,3.393084871807553
v200_s7_p0,200,0.0,h2,True,0,1.2927637792135154,28.54541354099638,544.0,6.0,True,True,1.3124996809443943,8.502148583997041,586,1,True,True,True,-0.019735901730878913,3.3574352716824167
v200_s7_p0,200,0.0,h3,False,0,1.3213194145329823,29.388816249993397,305.0,96.0,True,True,1.347308756081979,10.227595834003296,586,1,True,True,True,-0.02598934154899668,2.8734823634979323
v200_s7_p0,200,0.0,h3,True,0,1.3213194145329823,29.506061708001653,305.0,96.0,True,True,1.347308756081979,10.454906958999345,586,1,True,True,True,-0.02598934154899668,2.8222213572741084
v200_s7_p0,200,0.0,h4,False,0,1.3329998105607757,81.07464245799929,190.0,200.0,True,True,,41.36426550001488,8574,1,False,True,False,,1.9600164895462757
v200_s7_p0,200,0.0,h4,True,0,1.3329998105607757,82.70982466700661,190.0,200.0,True,True,,41.69526274999953,8574,1,False,True,False,,1.9836743843761375
v200_s7_p0,200,0.0,h2+3,False,0,1.3165714784238607,30.232577707996825,305.0,96.0,True,True,1.339679269362672,10.752852749981685,586,1,True,True,True,-0.023107790938811323,2.811586693405461
v200_s7_p0,200,0.0,h2+3,True,0,1.3165714784238607,30.180640666992986,305.0,96.0,True,True,1.339679269362672,10.719627750018844,586,1,True,True,True,-0.023107790938811323,2.815456037355395
v200_s7_p0,200,0.0,h2+3+4,False,0,1.3372956050092244,87.0448066250101,190.0,200.0,True,True,,45.26437824999448,8574,1,False,True,False,,1.9230310895747411
v200_s7_p0,200,0.0,h2+3+4,True,0,1.3372956050092244,86.55949066599715,190.0,200.0,True,True,,45.65287629101658,8574,1,False,True,False,,1.8960358623237508
v200_s7_p10,200,0.1,h2,False,0,1.3280163769786673,18.922713000007207,418.0,19.0,True,True,1.3320045746408626,7.860854791011661,527,1,True,True,True,-0.003988197662195381,2.4072080585490534
v200_s7_p10,200,0.1,h2,True,0,1.3281345798255102,18.9548129169998,418.0,20.0,True,True,1.3320062533083545,7.7883921670145355,524,1,True,True,True,-0.00387167348284434,2.4337260516075943
v200_s7_p10,200,0.1,h3,False,0,1.340292032855448,20.96307300000626,279.0,72.0,True,True,1.3751888283408007,9.061014292004984,527,1,True,True,True,-0.03489679548535274,2.313545959032765
v200_s7_p10,200,0.1,h3,True,0,1.3527478345914332,21.39045133299078,249.0,88.0,True,True,1.3780518746328438,8.963240207987837,524,1,True,True,True,-0.025304040041410625,2.38646413982391
v200_s7_p10,200,0.1,h4,False,0,1.3643495308432363,53.48771800000395,190.0,165.0,True,True,,27.28959445800865,6451,1,False,True,False,,1.9600041357267939
v200_s7_p10,200,0.1,h4,True,0,1.3740724201817425,57.54024945800484,151.0,180.0,True,True,,27.219713416998275,6454,1,False,True,False,,2.113918268591023
v200_s7_p10,200,0.1,h2+3,False,0,1.3382975293131996,21.568191792001016,279.0,72.0,True,True,1.365319358335634,9.123799207998673,527,1,True,True,True,-0.02702182902243444,2.3639485372598474
v200_s7_p10,200,0.1,h2+3,True,0,1.3571755911592658,22.063291750004282,249.0,88.0,True,True,1.3715977488451916,9.111325208010385,524,1,True,True,True,-0.014422157685925807,2.4215238997952726
v200_s7_p10,200,0.1,h2+3+4,False,0,1.3677612195174902,57.27511445900018,195.0,165.0,True,True,,29.790025583992247,6451,1,False,True,False,,1.922627232981536
v200_s7_p10,200,0.1,h2+3+4,True,0,1.3806446518306055,60.81871433398919,158.0,180.0,True,True,,29.514124125009403,6454,1,False,True,False,,2.06066472026704
v200_s7_p30,200,0.3,h2,False,0,1.4592077768685887,7.408745833992725,410.0,1.0,True,True,1.4592077768685887,6.482401958986884,410,1,True,True,True,0.0,1.1429013320782435
v200_s7_p30,200,0.3,h2,True,0,1.4803970647582392,6.2072115410119295,386.0,1.0,True,True,1.4803970647582392,5.2783123750123195,386,1,True,True,True,0.0,1.175984121439467
v200_s7_p30,200,0.3,h3,False,0,1.4650149919176307,10.875414333000663,223.0,37.0,True,True,1.4785543024814147,7.2293953750049695,410,1,True,True,True,-0.01353931056378399,1.5043324882467348
v200_s7_p30,200,0.3,h3,True,0,1.4432317094546998,9.947131708002416,198.0,44.0,True,True,1.5005377297186158,6.043896375020267,386,1,True,True,True,-0.05730602026391596,1.645814403621217
v200_s7_p30,200,0.3,h4,False,0,1.465021796322063,16.96948687499389,205.0,84.0,True,True,,10.41268237499753,3376,1,False,True,False,,1.6296940849497406
v200_s7_p30,200,0.3,h4,True,0,1.4356223037152898,19.529193374997703,140.0,91.0,True,True,,10.061008041986497,3345,1,False,True,False,,1.9410772055343433
v200_s7_p30,200,0.3,h2+3,False,0,1.4631109191618012,11.590438207989791,223.0,37.0,True,True,1.4805573394361056,7.569402291002916,410,1,True,True,True,-0.01744642027430432,1.5312223822171966
v200_s7_p30,200,0.3,h2+3,True,0,1.447132562510066,10.573872915992979,198.0,44.0,True,True,1.4975236662416282,6.360078792000422,386,1,True,True,True,-0.0503911037315623,1.6625380379394956
v200_s7_p30,200,0.3,h2+3+4,False,0,1.457358184947405,18.86695804199553,209.0,84.0,True,True,,10.800551834021462,3376,1,False,True,False,,1.7468513027792798
v200_s7_p30,200,0.3,h2+3+4,True,0,1.4382719529214703,21.887081332999514,145.0,91.0,True,True,,10.496634625014849,3345,1,False,True,False,,2.0851522525933928
v200_s7_p50,200,0.5,h2,False,0,1.800376611437663,2.747321542003192,293.0,1.0,True,True,1.800376611437663,2.375490083009936,293,1,True,True,True,0.0,1.156528314579245
v200_s7_p50,200,0.5,h2,True,0,1.7730954998871142,1.3854687499988358,205.0,1.0,True,True,1.7730954998871142,1.1352348750224337,205,1,True,True,True,0.0,1.2204247600933307
v200_s7_p50,200,0.5,h3,False,0,1.731722436421327,8.77190549999068,203.0,5.0,True,True,1.8097192742359118,2.886336958996253,293,1,True,True,True,-0.07799683781458477,3.0391134592411486
v200_s7_p50,200,0.5,h3,True,0,1.795055660466505,3.637393291006447,109.0,17.0,True,True,1.7472325377253612,1.6415761669923086,205,1,True,True,True,0.047823122741143864,2.215793189584903
v200_s7_p50,200,0.5,h4,False,0,1.7973102675447816,6.2575179589912295,136.0,33.0,True,True,,2.380448959011119,1378,1,False,True,False,,2.62871335060707
v200_s7_p50,200,0.5,h4,True,0,1.7546358143679335,4.010778708005091,135.0,25.0,True,True,,2.1069340410176665,1178,1,False,True,False,,1.9036090498912117
v200_s7_p50,200,0.5,h2+3,False,0,1.6904574059074362,9.628700917004608,203.0,5.0,True,True,1.761898774477507,2.5823147920018528,293,1,True,True,True,-0.07144136857007077,3.728709197975155
v200_s7_p50,200,0.5,h2+3,True,0,1.802072256551318,3.941318583994871,112.0,17.0,True,True,1.797072318126325,1.6396010419994127,205,1,True,True,True,0.004999938424993022,2.4038278111781555
v200_s7_p50,200,0.5,h2+3+4,False,0,1.8187601645863538,7.517930708985659,137.0,33.0,True,True,,2.771628916991176,1378,1,False,True,False,,2.7124593277612976
v200_s7_p50,200,0.5,h2+3+4,True,0,1.775732471812042,4.81576454199967,138.0,25.0,True,True,,2.323822875012411,1178,1,False,True,False,,2.072345785809493
v200_s8_p0,200,0.0,h2,False,0,1.292014911317023,28.716723125005956,542.0,6.0,True,True,1.2933370967390707,8.35663116601063,584,1,True,True,True,-0.0013221854220477613,3.4363994957450092
v200_s8_p0,200,0.0,h2,True,0,1.292014911317023,28.764326458011055,542.0,6.0,True,True,1.2933370967390707,8.609551959001692,584,1,True,True,True,-0.0013221854220477613,3.3409783220991653
v200_s8_p0,200,0.0,h3,False,0,1.3328823527812186,35.07134475000203,235.0,146.0,True,True,1.3418439555279547,10.190830375009682,584,1,True,True,True,-0.008961602746736075,3.44146094669628
v200_s8_p0,200,0.0,h3,True,0,1.3328823527812186,34.87169808401086,235.0,146.0,True,True,1.3418439555279547,10.422552874981193,584,1,True,True,True,-0.008961602746736075,3.345792389091025
v200_s8_p0,200,0.0,h4,False,0,1.3263126907988871,85.26744004200737,249.0,188.0,True,True,,40.73488500001258,8542,1,False,True,False,,2.0932289373587536
v200_s8_p0,200,0.0,h4,True,0,1.3263126907988871,84.54005358299764,249.0,188.0,True,True,,41.18102879199432,8542,1,False,True,False,,2.052888333849309
v200_s8_p0,200,0.0,h2+3,False,0,1.328001073187024,35.829590749999625,235.0,146.0,True,True,1.3488379106933976,10.508915707992855,584,1,True,True,True,-0.020836837506373662,3.4094469634720173
v200_s8_p0,200,0.0,h2+3,True,0,1.328001073187024,36.32210699999996,235.0,146.0,True,True,1.3488379106933976,10.816062583005987,584,1,True,True,True,-0.020836837506373662,3.3581635388342366
v200_s8_p0,200,0.0,h2+3+4,False,0,1.334139013066809,92.39229662499565,190.0,203.0,True,True,,45.33617624998442,8542,1,False,True,False,,2.0379375648167373
v200_s8_p0,200,0.0,h2+3+4,True,0,1.334139013066809,91.4196832079906,190.0,203.0,True,True,,45.78239029200631,8542,1,False,True,False,,1.9968307164589578
v200_s8_p10,200,0.1,h2,False,0,1.3243692307134092,21.643106750008883,490.0,5.0,True,True,1.3404677064978383,7.871341999998549,526,1,True,True,True,-0.016098475784429134,2.7496082307201077
v200_s8_p10,200,0.1,h2,True,0,1.3461115126498073,21.27044679199753,484.0,5.0,True,True,1.3460145831973664,7.779582250019303,522,1,True,True,True,9.692945244088591e-05,2.734137400751146
v200_s8_p10,200,0.1,h3,False,0,1.3517191349967703,21.073514374991646,269.0,79.0,True,True,1.369350199772266,9.188269792008214,526,1,True,True,True,-0.017631064775495586,2.293523683133575
v200_s8_p10,200,0.1,h3,True,0,1.34202754936296,21.214408874991932,279.0,74.0,True,True,1.3706123157272159,9.03581766600837,522,1,True,True,True,-0.028584766364255776,2.3478128553653663
v200_s8_p10,200,0.1,h4,False,0,1.375301641686092,52.7605323339958,214.0,162.0,True,True,,28.795258333004313,6601,1,False,True,False,,1.832264594533023
v200_s8_p10,200,0.1,h4,True,0,1.3596124362795439,42.89974233300018,177.0,162.0,True,True,,28.77490166699863,6610,1,False,True,False,,1.490873638056635
v200_s8_p10,200,0.1,h2+3,False,0,1.3521446953381475,22.20154024999647,269.0,79.0,True,True,1.3640664152290547,9.29423566701007,526,1,True,True,True,-0.011921719890907179,2.388742984945059
v200_s8_p10,200,0.1,h2+3,True,0,1.33658792519596,22.671625792005216,279.0,74.0,True,True,1.3696103343194563,9.092826417007018,522,1,True,True,True,-0.0330224091234963,2.4933529743403784
v200_s8_p10,200,0.1,h2+3+4,False,0,1.36330244566993,56.83799966699735,222.0,162.0,True,True,,32.10039033298381,6601,1,False,True,False,,1.7706326645067347
v200_s8_p10,200,0.1,h2+3+4,True,0,1.3599504865598078,46.31445491600607,180.0,162.0,True,True,,31.660516790987458,6610,1,False,True,False,,1.4628458285049228
v200_s8_p30,200,0.3,h2,False,0,1.4534410726068938,7.4960958330048015,409.0,1.0,True,True,1.4534410726068938,6.583463707996998,409,1,True,True,True,0.0,1.1386249192654043
v200_s8_p30,200,0.3,h2,True,0,1.4812168227500808,5.918167708005058,381.0,1.0,True,True,1.4812168227500808,5.236195749981562,381,1,True,True,True,0.0,1.1302418760845405
v200_s8_p30,200,0.3,h3,False,0,1.4562833775660442,11.092817334007123,238.0,28.0,True,True,1.4720646821770935,7.244504667003639,409,1,True,True,True,-0.015781304611049318,1.5312043878626092
v200_s8_p30,200,0.3,h3,True,0,1.466591691320951,9.97948408400407,208.0,38.0,True,True,1.5025788148897115,5.828105958993547,381,1,True,True,True,-0.03598712356876055,1.7123031314494879
v200_s8_p30,200,0.3,h4,False,0,1.431880551748653,16.866172624999308,239.0,79.0,True,True,,10.933589583990397,3366,1,False,True,False,,1.5426015852740391
v200_s8_p30,200,0.3,h4,True,0,1.4451323555004547,16.005263832994387,226.0,74.0,True,True,,10.758488416991895,3350,1,False,True,False,,1.4876870441869663
v200_s8_p30,200,0.3,h2+3,False,0,1.4561649444915818,11.855540499993367,238.0,28.0,True,True,1.490326990290517,7.650937124999473,409,1,True,True,True,-0.034162045798935115,1.5495540358389999
v200_s8_p30,200,0.3,h2+3,True,0,1.4587384460179496,10.636946833008551,208.0,38.0,True,True,1.480931369509852,6.2701737500028685,381,1,True,True,True,-0.022192923491902494,1.6964357380054556
v200_s8_p30,200,0.3,h2+3+4,False,0,1.4303137250103501,19.181940584006952,245.0,79.0,True,True,,11.622486875014147,3366,1,False,True,False,,1.6504161966613193
v200_s8_p30,200,0.3,h2+3+4,True,0,1.450098135881442,18.01638245799404,230.0,74.0,True,True,,11.580047332972754,3350,1,False,True,False,,1.5558125057653795
v200_s8_p50,200,0.5,h2,False,0,1.9201445510897084,2.5946801669924753,292.0,1.0,True,True,1.9201445510897084,2.1943943749938626,292,1,True,True,True,0.0,1.1824128773569849
v200_s8_p50,200,0.5,h2,True,0,1.9184244272125877,1.257016207993729,199.0,1.0,True,True,1.9184244272125877,1.0026257909776177,199,1,True,True,True,0.0,1.253724190326349
v200_s8_p50,200,0.5,h3,False,0,1.7988627764246718,7.919255000000703,210.0,7.0,True,True,1.9746866859927283,2.936434959003236,292,1,True,True,True,-0.1758239095680565,2.6968944010559217
v200_s8_p50,200,0.5,h3,True,0,1.955148642751106,3.0998717499896884,107.0,8.0,True,True,2.0044295418724962,1.318512165977154,199,1,True,True,True,-0.04928089912139022,2.351037654394613
v200_s8_p50,200,0.5,h4,False,0,1.8086451220590436,6.486785957997199,210.0,17.0,True,True,,2.385723624989623,1365,1,False,True,False,,2.71900143421911
v200_s8_p50,200,0.5,h4,True,0,1.9712586065403144,4.181597082992084,124.0,20.0,True,True,,2.058469416020671,1149,1,False,True,False,,2.0314108387754124
v200_s8_p50,200,0.5,h2+3,False,0,1.8065351096317328,8.205460917000892,210.0,7.0,True,True,1.866316814487616,3.0272000419790857,292,1,True,True,True,-0.0597817048558833,2.7105776966217356
v200_s8_p50,200,0.5,h2+3,True,0,1.887480989279015,3.392406666011084,107.0,8.0,True,True,1.9968848215587,1.181247957982123,199,1,True,True,True,-0.10940383227968509,2.8718836236603464
v200_s8_p50,200,0.5,h2+3+4,False,0,1.8975706955271638,7.725590457994258,210.0,17.0,True,True,,2.720290917000966,1365,1,False,True,False,,2.8399868593876256
v200_s8_p50,200,0.5,h2+3+4,True,0,1.9077812380829078,4.960514291000436,125.0,20.0,True,True,,2.252944000007119,1149,1,False,True,False,,2.2017920955801658
v200_s9_p0,200,0.0,h2,False,0,1.2961065609432159,27.423042624999653,498.0,14.0,True,True,1.2969794997715476,8.423691750009311,582,1,True,True,True,-0.0008729388283317263,3.2554660639106765
v200_s9_p0,200,0.0,h2,True,0,1.2961065609432159,27.0223609579989,498.0,14.0,True,True,1.2969794997715476,8.498183749994496,582,1,True,True,True,-0.0008729388283317263,3.1797807335027795
v200_s9_p0,200,0.0,h3,False,0,1.3167323785232228,31.309757416995126,299.0,101.0,True,True,1.3379693489090017,10.133421666017966,582,1,True,True,True,-0.021236970385778875,3.089751758973099
v200_s9_p0,200,0.0,h3,True,0,1.3167323785232228,30.975925374994404,299.0,101.0,True,True,1.3379693489090017,10.278127375000622,582,1,True,True,True,-0.021236970385778875,3.013771307245794
v200_s9_p0,200,0.0,h4,False,0,1.3213772125418133,81.49786450000829,225.0,190.0,True,True,,39.539441333006835,8408,1,False,True,False,,2.0611789583373628
v200_s9_p0,200,0.0,h4,True,0,1.3213772125418133,81.35371395900438,225.0,190.0,True,True,,39.860391624999465,8408,1,False,True,False,,2.040966248509744
v200_s9_p0,200,0.0,h2+3,False,0,1.3066137487582146,31.534259624997503,299.0,101.0,True,True,1.337341861725607,10.44787649999489,582,1,True,True,True,-0.030728112967392418,3.018245824882494
v200_s9_p0,200,0.0,h2+3,True,0,1.3066137487582146,32.33777429199836,299.0,101.0,True,True,1.337341861725607,10.60989204098587,582,1,True,True,True,-0.030728112967392418,3.047889098878478
v200_s9_p0,200,0.0,h2+3+4,False,0,1.317271588824369,85.97228512499714,225.0,190.0,True,True,,44.10995974999969,8408,1,False,True,False,,1.9490447421003994
v200_s9_p0,200,0.0,h2+3+4,True,0,1.317271588824369,86.25554466700123,225.0,190.0,True,True,,44.38719204100198,8408,1,False,True,False,,1.9432530128809231
v200_s9_p10,200,0.1,h2,False,0,1.3401348880042263,8.61112620899803,524.0,1.0,True,True,1.3401348880042263,7.77533587499056,524,1,True,True,True,0.0,1.1074925054615066
v200_s9_p10,200,0.1,h2,True,0,1.3449864981472885,8.740714708997984,523.0,1.0,True,True,1.3449864981472885,7.887631291989237,523,1,True,True,True,0.0,1.1081545758705973
v200_s9_p10,200,0.1,h3,False,0,1.3447103664063353,21.127170040999772,287.0,73.0,True,True,1.3753480651815657,8.903070708009182,524,1,True,True,True,-0.03063769877523037,2.3730205828865114
v200_s9_p10,200,0.1,h3,True,0,1.36518000445953,21.13652058399748,283.0,71.0,True,True,1.3670719252829333,8.84299416601425,523,1,True,True,True,-0.0018919208234033924,2.39019953956661
v200_s9_p10,200,0.1,h4,False,0,1.3730104626668667,63.819726500005345,118.0,190.0,True,True,,26.231960207980592,6304,1,False,True,False,,2.4328996382279264
v200_s9_p10,200,0.1,h4,True,0,1.3568152405244085,52.432313040990266,250.0,146.0,True,True,,26.293532667012187,6308,1,False,True,False,,1.9941144350972564
v200_s9_p10,200,0.1,h2+3,False,0,1.3459387639858673,22.101757541997358,287.0,73.0,True,True,1.3788415127585603,9.27385175001109,524,1,True,True,True,-0.03290274877269295,2.3832338641784876
v200_s9_p10,200,0.1,h2+3,True,0,1.354840637168514,21.757299832999706,283.0,71.0,True,True,1.3722406875647772,9.388849499984644,523,1,True,True,True,-0.017400050396263245,2.3173552662693435
v200_s9_p10,200,0.1,h2+3+4,False,0,1.3780543781316534,65.53064879099838,132.0,190.0,True,True,,29.500877874990692,6304,1,False,True,False,,2.2213118222679014
v200_s9_p10,200,0.1,h2+3+4,True,0,1.349708969631696,55.26643529199646,255.0,146.0,True,True,,29.274856375006493,6308,1,False,True,False,,1.8878465050021684
v200_s9_p30,200,0.3,h2,False,0,1.4737276666660954,7.352100208008778,407.0,1.0,True,True,1.4737276666660954,6.549060958990594,407,1,True,True,True,0.0,1.1226189913403946
v200_s9_p30,200,0.3,h2,True,0,1.4788525239417198,5.858269041011226,380.0,1.0,True,True,1.4788525239417198,5.167378542013466,380,1,True,True,True,0.0,1.1337023199249798
v200_s9_p30,200,0.3,h3,False,0,1.4620440450113845,10.415585666996776,183.0,63.0,True,True,1.4629372467983939,7.340648499986855,407,1,True,True,True,-0.0008932017870093567,1.4188917596334203
v200_s9_p30,200,0.3,h3,True,0,1.481055925788324,9.914100499998312,216.0,36.0,True,True,1.4786210444356842,5.873905290995026,380,1,True,True,True,0.002434881352639806,1.687820965584361
v200_s9_p30,200,0.3,h4,False,0,1.4777356626483535,19.203324874993996,164.0,98.0,True,True,,10.227086375001818,3291,1,False,True,False,,1.8776926458676342
v200_s9_p30,200,0.3,h4,True,0,1.4846566848840728,17.583577584009618,201.0,86.0,True,True,,9.842511458991794,3241,1,False,True,False,,1.7864929756262402
v200_s9_p30,200,0.3,h2+3,False,0,1.453497212656131,11.06807804199343,183.0,63.0,True,True,1.4875254322031655,7.5289754169934895,407,1,True,True,True,-0.0340282195470345,1.4700643087520127
v200_s9_p30,200,0.3,h2+3,True,0,1.4682056854368313,10.427221125006326,216.0,36.0,True,True,1.5086231445132003,6.192854957975214,380,1,True,True,True,-0.04041745907636907,1.6837502566692697
v200_s9_p30,200,0.3,h2+3+4,False,0,1.4695774168600801,21.608864958994673,167.0,98.0,True,True,,10.706203999987338,3291,1,False,True,False,,2.0183498239917927
v200_s9_p30,200,0.3,h2+3+4,True,0,1.479806389032519,19.721137917003944,204.0,86.0,True,True,,10.21762262500124,3241,1,False,True,False,,1.9301102263014485
v200_s9_p50,200,0.5,h2,False,0,1.803469563128693,3.045944124998641,291.0,1.0,True,True,1.803469563128693,2.6229330000060145,291,1,True,True,True,0.0,1.161274087058898
v200_s9_p50,200,0.5,h2,True,0,1.9677019737752774,1.270093041996006,197.0,1.0,True,True,1.9677019737752774,1.0046817090187687,197,1,True,True,True,0.0,1.264174544629118
v200_s9_p50,200,0.5,h3,False,0,1.907447701670139,7.798081250002724,199.0,7.0,True,True,1.912854012980495,2.866168665990699,291,1,True,True,True,-0.00540631131035596,2.7207335501685472
v200_s9_p50,200,0.5,h3,True,0,1.8451042062642,4.123297083991929,124.0,10.0,True,True,1.9373229038057802,1.3176085419836454,197,1,True,True,True,-0.09221869754158019,3.1293794420794736
v200_s9_p50,200,0.5,h4,False,0,1.8538380571182251,6.112019084001076,167.0,27.0,True,True,,2.441349332977552,1377,1,False,True,False,,2.5035413823988275
v200_s9_p50,200,0.5,h4,True,0,1.84930814394791,4.170841416998883,166.0,19.0,True,True,,2.2052256660244893,1161,1,False,True,False,,1.8913444919757092
v200_s9_p50,200,0.5,h2+3,False,0,1.8362279908060268,8.435358707996784,199.0,7.0,True,True,1.858146722058518,2.9044042919995263,291,1,True,True,True,-0.021918731252491108,2.904333508676057
v200_s9_p50,200,0.5,h2+3,True,0,1.8947709741758079,4.483042332998593,124.0,10.0,True,True,1.8508043908536926,1.2914120420173276,197,1,True,True,True,0.04396658332211523,3.4714267694109373
v200_s9_p50,200,0.5,h2+3+4,False,0,,7.298777624993818,167.0,27.0,False,True,,2.850003875006223,1377,1,False,True,False,,2.5609711232332555
v200_s9_p50,200,0.5,h2+3+4,True,0,1.8198597711699847,5.042976083990652,170.0,19.0,True,True,,2.36598583299201,1161,1,False,True,False,,2.131448131966766
v300_s0_p0,300,0.0,h2,False,0,1.2850454171119228,71.19916912500048,703.0,41.0,True,True,1.299771534485191,18.857625667005777,881,1,True,True,True,-0.014726117373268233,3.7756168449973013
v300_s0_p0,300,0.0,h2,True,0,1.2850454171119228,71.12955029100704,703.0,41.0,True,True,1.299771534485191,19.255456582992338,881,1,True,True,True,-0.014726117373268233,3.693994478107221
v300_s0_p0,300,0.0,h3,False,0,1.309555720168148,117.50770091700542,323.0,240.0,True,True,1.3390220408536886,22.568749792000744,881,1,True,True,True,-0.02946632068554056,5.206655308778105
v300_s0_p0,300,0.0,h3,True,0,1.309555720168148,120.06358208399615,323.0,240.0,True,True,1.3390220408536886,22.854249541007448,881,1,True,True,True,-0.02946632068554056,5.25344671101826
v300_s0_p0,300,0.0,h4,False,0,1.3248330244939146,248.8692020419985,268.0,319.0,True,True,,81.55877695800154,12949,1,False,True,False,,3.051409196218734
v300_s0_p0,300,0.0,h4,True,0,1.3248330244939146,249.15820716699818,268.0,319.0,True,True,,83.20672758299042,12949,1,False,True,False,,2.9944478578188005
v300_s0_p0,300,0.0,h2+3,False,0,1.3092756040870532,121.75769683301041,323.0,240.0,True,True,1.329639970613785,23.248910624999553,881,1,True,True,True,-0.02036436652673168,5.237135571508643
v300_s0_p0,300,0.0,h2+3,True,0,1.3092756040870532,121.33790670799499,323.0,240.0,True,True,1.329639970613785,23.471110165992286,881,1,True,True,True,-0.02036436652673168,5.169670537519084
v300_s0_p0,300,0.0,h2+3+4,False,0,1.3242398566992493,260.28856341600476,268.0,319.0,True,True,,90.56308283400722,12949,1,False,True,False,,2.87411332819894
v300_s0_p0,300,0.0,h2+3+4,True,0,1.3242398566992493,258.3856005419948,268.0,319.0,True,True,,91.84773866698379,12949,1,False,True,False,,2.8131950148368308
v300_s0_p10,300,0.1,h2,False,0,1.3278534733254717,49.2018870000029,503.0,77.0,True,True,1.3392240760289265,17.72388554099598,793,1,True,True,True,-0.011370602703454802,2.7760214816439195
v300_s0_p10,300,0.1,h2,True,0,1.338962549651127,48.6176359999954,565.0,53.0,True,True,1.3372704221329144,17.609619208989898,789,1,True,True,True,0.0016921275182126827,2.7608567467021423
v300_s0_p10,300,0.1,h3,False,0,1.3233057607259215,72.15771858399967,333.0,178.0,True,True,1.3744972497461685,19.886113582993858,793,1,True,True,True,-0.05119148902024695,3.6285480459946315
v300_s0_p10,300,0.1,h3,True,0,1.3376339696469308,62.21675729200069,379.0,144.0,True,True,1.3680748213136689,19.675826209015213,789,1,True,True,True,-0.030440851666738045,3.16209121950334
v300_s0_p10,300,0.1,h4,False,0,1.336563037791686,162.86763770799735,330.0,239.0,True,True,,55.05417324998416,9930,1,False,True,False,,2.9583159294476227
v300_s0_p10,300,0.1,h4,True,0,1.3476831963090046,124.57443966699066,272.0,242.0,True,True,,55.107878000009805,9936,1,False,True,False,,2.2605559166507643
v300_s0_p10,300,0.1,h2+3,False,0,1.3246970541841006,72.04825995799911,333.0,178.0,True,True,1.3601261267220357,20.03996258301777,793,1,True,True,True,-0.03542907253793515,3.5952292655004316
v300_s0_p10,300,0.1,h2+3,True,0,1.3413478197754878,61.47014262499579,379.0,144.0,True,True,1.3697370736222874,19.78365225001471,789,1,True,True,True,-0.028389253846799578,3.107118030997036
v300_s0_p10,300,0.1,h2+3+4,False,0,1.3420202414637488,167.51839845800714,338.0,239.0,True,True,,61.955721207981696,9930,1,False,True,False,,2.7038406654271325
v300_s0_p10,300,0.1,h2+3+4,True,0,1.3444262480980433,128.3397536669945,283.0,242.0,True,True,,61.92781829199521,9936,1,False,True,False,,2.0724087688970583
v300_s0_p30,300,0.3,h2,False,0,1.484459097727258,16.035291791995405,617.0,1.0,True,True,1.484459097727258,14.50982008400024,617,1,True,True,True,0.0,1.1051337438482287
v300_s0_p30,300,0.3,h2,True,0,1.4979175112943799,12.802481374994386,576.0,1.0,True,True,1.4979175112943799,11.546324916998856,576,1,True,True,True,0.0,1.1087927515486922
v300_s0_p30,300,0.3,h3,False,0,1.4594265307648737,26.85520620799798,268.0,95.0,True,True,1.4732179199468198,15.951673332980135,617,1,True,True,True,-0.013791389181946112,1.6835353663163823
v300_s0_p30,300,0.3,h3,True,0,1.4367504274182374,23.722592750011245,302.0,65.0,True,True,1.506221287940175,12.793646332982462,576,1,True,True,True,-0.06947086052193763,1.8542479706394246
v300_s0_p30,300,0.3,h4,False,0,1.4624066779867158,56.69828287498967,252.0,141.0,True,True,,20.83730712500983,5207,1,False,True,False,,2.720998569289117
v300_s0_p30,300,0.3,h4,True,0,1.465548511317507,41.61121024999011,296.0,123.0,True,True,,19.66316395899048,5154,1,False,True,False,,2.1162011534244694
v300_s0_p30,300,0.3,h2+3,False,0,1.4513150701333493,27.260105958004715,268.0,95.0,True,True,1.4699393804508785,16.99225166699034,617,1,True,True,True,-0.018624310317529202,1.6042668442205936
v300_s0_p30,300,0.3,h2+3,True,0,1.4360374251349717,24.938543833006406,302.0,65.0,True,True,1.5191110177137372,13.63569904200267,576,1,True,True,True,-0.08307359257876556,1.828915683470797
v300_s0_p30,300,0.3,h2+3+4,False,0,1.4630927529670898,61.18133825001132,259.0,141.0,True,True,,21.230689249990974,5207,1,False,True,False,,2.881740556305177
v300_s0_p30,300,0.3,h2+3+4,True,0,1.4640020699909715,44.725594707997516,307.0,123.0,True,True,,20.35775600001216,5154,1,False,True,False,,2.1969805860710188
v300_s0_p50,300,0.5,h2,False,0,1.8788156036488477,6.5255571250017965,441.0,1.0,True,True,1.8788156036488477,5.8795610000088345,441,1,True,True,True,0.0,1.1098714895537254
v300_s0_p50,300,0.5,h2,True,0,1.798681790045143,3.419988540990744,313.0,1.0,True,True,1.798681790045143,3.075175375008257,313,1,True,True,True,0.0,1.1121279679802198
v300_s0_p50,300,0.5,h3,False,0,1.7289493834574614,13.639581582989194,284.0,8.0,True,True,1.7147757146324611,9.267894749995321,441,1,True,True,True,0.014173668825000263,1.47170225287637
v300_s0_p50,300,0.5,h3,True,0,1.7888441471599434,9.717980833011097,244.0,5.0,True,True,1.8081588599576262,4.08781425000052,313,1,True,True,True,-0.01931471279768271,2.3773048966228987
v300_s0_p50,300,0.5,h4,False,0,1.7292389905746282,13.376332375002676,246.0,39.0,True,True,,3.9776527089998126,2060,1,False,True,False,,3.362870857160925
v300_s0_p50,300,0.5,h4,True,0,1.7740735684552722,9.611770999996224,152.0,43.0,True,True,,3.577293082984397,1837,1,False,True,False,,2.6868838468156753
v300_s0_p50,300,0.5,h2+3,False,0,1.6992664529619472,14.483837749998202,284.0,8.0,True,True,1.7622579545181793,9.134192875004373,441,1,True,True,True,-0.06299150155623212,1.5856724231905674
v300_s0_p50,300,0.5,h2+3,True,0,1.791755065751585,10.39199416700285,244.0,5.0,True,True,1.8121026511725289,4.19192533401656,313,1,True,True,True,-0.020347585420943837,2.4790503978384546
v300_s0_p50,300,0.5,h2+3+4,False,0,1.7342701242114704,15.176961959004984,246.0,39.0,True,True,,4.68168962499476,2060,1,False,True,False,,3.2417702100493195
v300_s0_p50,300,0.5,h2+3+4,True,0,1.7838213654519788,11.209144458000083,156.0,43.0,True,True,,4.034860625019064,1837,1,False,True,False,,2.7780747588888826
v300_s1_p0,300,0.0,h2,False,0,1.2978429267680676,69.44273191699176,658.0,53.0,True,True,1.300061286229746,18.610251541016623,883,1,True,True,True,-0.0022183594616784763,3.731423606174337
v300_s1_p0,300,0.0,h2,True,0,1.2978429267680676,70.88429324999743,658.0,53.0,True,True,1.300061286229746,18.98952137498418,883,1,True,True,True,-0.0022183594616784763,3.732810946113511
v300_s1_p0,300,0.0,h3,False,0,1.3237351169511715,176.29619437501242,246.0,293.0,True,True,1.3442691885097255,22.73705212501227,883,1,True,True,True,-0.020534071558554023,7.753696187425937
v300_s1_p0,300,0.0,h3,True,0,1.3237351169511715,169.31296183299855,246.0,293.0,True,True,1.3442691885097255,22.769720792013686,883,1,True,True,True,-0.020534071558554023,7.435882213030203
v300_s1_p0,300,0.0,h4,False,0,1.337693053013648,305.44128854099836,196.0,346.0,True,True,,83.19595508399652,13033,1,False,True,False,,3.6713478225307696
v300_s1_p0,300,0.0,h4,True,0,1.337693053013648,312.17095987500215,196.0,346.0,True,True,,83.68845629200223,13033,1,False,True,False,,3.7301555519890153
v300_s1_p0,300,0.0,h2+3,False,0,1.3233217263964832,173.32439816599071,246.0,293.0,True,True,1.3296662149936358,23.171704832988326,883,1,True,True,True,-0.006344488597152642,7.480001985837398
v300_s1_p0,300,0.0,h2+3,True,0,1.3233217263964832,173.76305758299713,246.0,293.0,True,True,1.3296662149936358,23.136515499994857,883,1,True,True,True,-0.006344488597152642,7.510338260877519
v300_s1_p0,300,0.0,h2+3+4,False,0,1.338081752478436,309.80678012499993,196.0,346.0,True,True,,93.53101312500075,13033,1,False,True,False,,3.312342823774982
v300_s1_p0,300,0.0,h2+3+4,True,0,1.338081752478436,312.29592004200094,196.0,346.0,True,True,,93.90072383300867,13033,1,False,True,False,,3.32580950704259
v300_s1_p10,300,0.1,h2,False,0,1.356466568084086,50.665457750001224,557.0,48.0,True,True,1.3311502750621154,17.304065624979557,795,1,True,True,True,0.02531629302197058,2.9279510866430316
v300_s1_p10,300,0.1,h2,True,0,1.326568152242462,48.427341707996675,549.0,55.0,True,True,1.3408219275146462,17.33237570800702,791,1,True,True,True,-0.0142537752721843,2.7940394625547347
v300_s1_p10,300,0.1,h3,False,0,1.3570379105592298,84.59821320899937,313.0,178.0,True,True,1.3690584468792164,19.933501541003352,795,1,True,True,True,-0.012020536319986563,4.244021705618566
v300_s1_p10,300,0.1,h3,True,0,1.358026760740386,71.71110758300347,344.0,157.0,True,True,1.3825735578676608,19.585517208994133,791,1,True,True,True,-0.02454679712727481,3.6614354789707586
v300_s1_p10,300,0.1,h4,False,0,1.3631916564169777,183.85203316700063,197.0,282.0,True,True,,55.74840033298824,9962,1,False,True,False,,3.297888945132818
v300_s1_p10,300,0.1,h4,True,0,1.3481251185945404,164.27768062498944,223.0,275.0,True,True,,55.686880832974566,9957,1,False,True,False,,2.950024820347159
v300_s1_p10,300,0.1,h2+3,False,0,1.358525687677454,84.12403004200314,313.0,178.0,True,True,1.3667135316062518,20.21341612501419,795,1,True,True,True,-0.008187843928797678,4.16179182784939
v300_s1_p10,300,0.1,h2+3,True,0,1.3570912160422848,75.2644008329953,344.0,157.0,True,True,1.3785648273747746,19.997253958979854,791,1,True,True,True,-0.021473611332489817,3.7637368104332896
v300_s1_p10,300,0.1,h2+3+4,False,0,1.3606706807371187,189.97533120799926,213.0,282.0,True,True,,62.06977254198864,9962,1,False,True,False,,3.0606738743804116
v300_s1_p10,300,0.1,h2+3+4,True,0,1.3523966066444302,171.89340116600215,238.0,275.0,True,True,,62.249018875008915,9957,1,False,True,False,,2.7613833000508885
v300_s1_p30,300,0.3,h2,False,0,1.4396864816711403,24.746822875007638,473.0,21.0,True,True,1.4722881533798842,11.384687042009318,618,1,True,True,True,-0.03260167170874384,2.1736937329671204
v300_s1_p30,300,0.3,h2,True,0,1.4586160855739825,21.376725708003505,337.0,49.0,True,True,1.478702815362318,10.87496816701605,582,1,True,True,True,-0.02008672978833559,1.965681681059026
v300_s1_p30,300,0.3,h3,False,0,1.453231322065482,25.516149374991073,337.0,66.0,True,True,1.4741286190272633,15.999577874987153,618,1,True,True,True,-0.02089729696178133,1.5948014112848312
v300_s1_p30,300,0.3,h3,True,0,1.4552445351313432,24.875566167000216,262.0,89.0,True,True,1.485206298655969,13.176366041006986,582,1,True,True,True,-0.029961763524625873,1.887892768733308
v300_s1_p30,300,0.3,h4,False,0,1.4645033660130888,54.93486441699497,233.0,148.0,True,True,,21.505665458011208,5248,1,False,True,False,,2.5544368540584195
v300_s1_p30,300,0.3,h4,True,0,1.4608447689741106,52.294422457998735,278.0,136.0,True,True,,20.46980641700793,5162,1,False,True,False,,2.5547101615259242
v300_s1_p30,300,0.3,h2+3,False,0,1.4414366989071512,26.057052624993958,337.0,66.0,True,True,1.4833861169795879,16.627109916997142,618,1,True,True,True,-0.041949418072436684,1.5671426216023876
v300_s1_p30,300,0.3,h2+3,True,0,1.4475366284585567,25.511159333007527,262.0,89.0,True,True,1.478628071791764,14.10658929098281,582,1,True,True,True,-0.031091443333207236,1.8084569421266645
v300_s1_p30,300,0.3,h2+3+4,False,0,1.4648349628814987,57.79965370800346,241.0,148.0,True,True,,22.037051249993965,5248,1,False,True,False,,2.622839737145835
v300_s1_p30,300,0.3,h2+3+4,True,0,1.455117691951021,55.646343832995626,286.0,136.0,True,True,,21.776562459010165,5162,1,False,True,False,,2.5553318590910874
v300_s1_p50,300,0.5,h2,False,0,2.0752090765623272,5.034127999999328,441.0,1.0,True,True,2.0752090765623272,4.489687958994182,441,1,True,True,True,0.0,1.1212645613632168
v300_s1_p50,300,0.5,h2,True,0,2.1003350452086957,2.5516138749953825,310.0,1.0,True,True,2.1003350452086957,2.229424041986931,310,1,True,True,True,0.0,1.1445170711989388
v300_s1_p50,300,0.5,h3,False,0,1.8464057815102377,15.42404974999954,291.0,9.0,True,True,1.825976071281667,5.758489667001413,441,1,True,True,True,0.020429710228570652,2.6784887430441846
v300_s1_p50,300,0.5,h3,True,0,1.8802831659486887,6.951733833004255,158.0,24.0,True,True,1.9527388033250956,3.0534246249881107,310,1,True,True,True,-0.07245563737640692,2.276700651495965
v300_s1_p50,300,0.5,h4,False,0,1.8505249261229908,12.961129125003936,276.0,38.0,True,True,,4.391831999993883,2139,1,False,True,False,,2.951189645920424
v300_s1_p50,300,0.5,h4,True,0,1.7621222093378106,9.583074959009537,129.0,52.0,True,True,,3.864880582987098,1831,1,False,True,False,,2.4795267934521656
v300_s1_p50,300,0.5,h2+3,False,0,1.828023149395367,16.392270249998546,291.0,9.0,True,True,1.981025376635251,5.254198832990369,441,1,True,True,True,-0.1530022272398841,3.119842010369651
v300_s1_p50,300,0.5,h2+3,True,0,1.8851494320666178,7.57145129100536,158.0,24.0,True,True,1.977631778662927,2.9851590000034776,310,1,True,True,True,-0.09248234659630916,2.5363644921414705
v300_s1_p50,300,0.5,h2+3+4,False,0,1.8467591656078752,14.723898750002263,278.0,38.0,True,True,,5.0594112089893315,2139,1,False,True,False,,2.9102000493341023
v300_s1_p50,300,0.5,h2+3+4,True,0,,10.788620916006039,135.0,52.0,False,True,,4.2233246250252705,1831,1,False,True,False,,2.554532713890419
v300_s2_p0,300,0.0,h2,False,0,1.308557030452102,69.43778591700539,710.0,34.0,True,True,1.3076140624205064,18.601373292010976,884,1,True,True,True,0.000942968031595548,3.7329386829104667
v300_s2_p0,300,0.0,h2,True,0,1.308557030452102,69.09199341700878,710.0,34.0,True,True,1.3076140624205064,18.978533667017473,884,1,True,True,True,0.000942968031595548,3.6405338067335933
v300_s2_p0,300,0.0,h3,False,0,1.318439117676135,180.9098560410057,282.0,262.0,True,True,1.3404832305063483,22.402872874983586,884,1,True,True,True,-0.022044112830213347,8.075297175078857
v300_s2_p0,300,0.0,h3,True,0,1.318439117676135,179.3791523330001,282.0,262.0,True,True,1.3404832305063483,23.002523041010136,884,1,True,True,True,-0.022044112830213347,7.798238132973209
v300_s2_p0,300,0.0,h4,False,0,1.3290665518670626,251.08176212500257,216.0,335.0,True,True,,86.12099354100064,13263,1,False,True,False,,2.9154536170726724
v300_s2_p0,300,0.0,h4,True,0,1.3290665518670626,250.95237433399598,216.0,335.0,True,True,,86.55736529198475,13263,1,False,True,False,,2.899260779108237
v300_s2_p0,300,0.0,h2+3,False,0,1.3195949006396348,182.3301663750026,282.0,262.0,True,True,1.3441134022978956,23.026632500026608,884,1,True,True,True,-0.02451850165826075,7.918229744396707
v300_s2_p0,300,0.0,h2+3,True,0,1.3195949006396348,181.20125329200528,282.0,262.0,True,True,1.3441134022978956,23.33934350000345,884,1,True,True,True,-0.02451850165826075,7.7637682179011795
v300_s2_p0,300,0.0,h2+3+4,False,0,1.3270452910765784,255.35048883300624,216.0,335.0,True,True,,96.82123016600963,13263,1,False,True,False,,2.6373398519641036
v300_s2_p0,300,0.0,h2+3+4,True,0,1.3270452910765784,257.1709547920036,216.0,335.0,True,True,,97.97956841698033,13263,1,False,True,False,,2.62474063671661
v300_s2_p10,300,0.1,h2,False,0,1.3242167994580394,51.398495917004766,711.0,14.0,True,True,1.3442643680172903,17.692130707990145,796,1,True,True,True,-0.02004756855925094,2.9051614395880594
v300_s2_p10,300,0.1,h2,True,0,1.3213820571224486,48.952641584008234,647.0,33.0,True,True,1.3505536585607871,17.558614582987502,793,1,True,True,True,-0.029171601438338524,2.7879558123815946
v300_s2_p10,300,0.1,h3,False,0,1.3425335729236525,74.71589133400994,315.0,180.0,True,True,1.374736458635851,19.873771375016076,796,1,True,True,True,-0.03220288571219854,3.7595225347081107
v300_s2_p10,300,0.1,h3,True,0,1.346054508169489,76.23900920800224,347.0,163.0,True,True,1.378467578871993,19.954959583003074,793,1,True,True,True,-0.03241307070250388,3.820554428631363
v300_s2_p10,300,0.1,h4,False,0,1.3610073713597812,157.88402308399964,276.0,257.0,True,True,,60.16846712498227,10098,1,False,True,False,,2.624032664087022
v300_s2_p10,300,0.1,h4,True,0,1.3644156039979554,180.33270808300585,211.0,293.0,True,True,,59.332250584004214,10101,1,False,True,False,,3.0393707689831504
v300_s2_p10,300,0.1,h2+3,False,0,1.345601250415246,77.04182779199618,315.0,180.0,True,True,1.3713939487983484,20.116061250009807,796,1,True,True,True,-0.025792698383102497,3.8298664353071916
v300_s2_p10,300,0.1,h2+3,True,0,1.3490273605988432,78.38154883300012,347.0,163.0,True,True,1.372127852111679,20.320523417001823,793,1,True,True,True,-0.023100491512835886,3.857260328610417
v300_s2_p10,300,0.1,h2+3+4,False,0,1.3628651207885933,165.4099372500059,285.0,257.0,True,True,,66.6663031670032,10098,1,False,True,False,,2.4811625872765704
v300_s2_p10,300,0.1,h2+3+4,True,0,1.3639268156588171,188.7764942089998,225.0,293.0,True,True,,66.50000591698335,10101,1,False,True,False,,2.8387440212360704
v300_s2_p30,300,0.3,h2,False,0,1.4568654761716295,13.927871334002702,619.0,1.0,True,True,1.4568654761716295,13.246355042007053,619,1,True,True,True,0.0,1.051449345109233
v300_s2_p30,300,0.3,h2,True,0,1.4622013464670085,11.26061541699164,574.0,1.0,True,True,1.4622013464670085,10.546986500005005,574,1,True,True,True,0.0,1.0676618782991993
v300_s2_p30,300,0.3,h3,False,0,1.4256074923154036,24.941359666001517,342.0,59.0,True,True,1.480734815088707,15.833731249993434,619,1,True,True,True,-0.055127322773303344,1.5752041810114632
v300_s2_p30,300,0.3,h3,True,0,1.43945158214112,21.882041584001854,318.0,57.0,True,True,1.460813104537387,12.363953375024721,574,1,True,True,True,-0.021361522396267096,1.7698256310318787
v300_s2_p30,300,0.3,h4,False,0,1.4378454577285338,52.97397545800777,302.0,145.0,True,True,,22.395654833992012,5341,1,False,True,False,,2.365368454313028
v300_s2_p30,300,0.3,h4,True,0,1.4345794546866006,49.09813554098946,261.0,130.0,True,True,,21.373106332990574,5295,1,False,True,False,,2.297192311498669
v300_s2_p30,300,0.3,h2+3,False,0,1.4235363045380869,26.026084291996085,342.0,59.0,True,True,1.441275002001385,16.848030417022528,619,1,True,True,True,-0.017738697463298037,1.544755300637423
v300_s2_p30,300,0.3,h2+3,True,0,1.4300319378376594,23.033471292001195,319.0,57.0,True,True,1.4907955760792293,13.530143582989695,574,1,True,True,True,-0.06076363824156994,1.702381881664525
v300_s2_p30,300,0.3,h2+3+4,False,0,1.4406500720724493,56.606304500004626,308.0,145.0,True,True,,23.534378249984,5341,1,False,True,False,,2.4052602494413935
v300_s2_p30,300,0.3,h2+3+4,True,0,1.444696368337799,52.47557783299999,271.0,130.0,True,True,,23.549206499999855,5295,1,False,True,False,,2.228337410562021
v300_s2_p50,300,0.5,h2,False,0,,4.906109749994357,442.0,1.0,False,True,,4.537696707993746,442,1,False,True,False,,1.0811894372207829
v300_s2_p50,300,0.5,h2,True,0,1.8058568563128734,2.2113547080080025,301.0,1.0,True,True,1.8058568563128734,1.954297416988993,301,1,True,True,True,0.0,1.1315343758756333
v300_s2_p50,300,0.5,h3,False,0,1.722099666661104,13.503761791012948,316.0,5.0,True,True,1.728806349005575,5.660583292017691,442,1,True,True,True,-0.006706682344471027,2.38557779196631
v300_s2_p50,300,0.5,h3,True,0,1.7343901718906132,5.701263042006758,171.0,21.0,True,True,1.8624105779339075,2.9478009169979487,301,1,True,True,True,-0.12802040604329434,1.9340732982107032
v300_s2_p50,300,0.5,h4,False,0,1.752003482121871,13.056665041993256,222.0,43.0,True,True,,4.598099374998128,2145,1,False,True,False,,2.839578699187764
v300_s2_p50,300,0.5,h4,True,0,1.7124701324389675,7.591848958007176,224.0,33.0,True,True,,3.873755875014467,1823,1,False,True,False,,1.9598160552589865
v300_s2_p50,300,0.5,h2+3,False,0,1.7810258955430724,14.516969499993138,316.0,5.0,True,True,1.7853232735514832,5.419468124979176,442,1,True,True,True,-0.00429737800841079,2.6786705199135974
v300_s2_p50,300,0.5,h2+3,True,0,1.7926294585677096,6.1472137499949895,172.0,21.0,True,True,1.8631474527092033,2.9244775000261143,301,1,True,True,True,-0.07051799414149373,2.1019870215927794
v300_s2_p50,300,0.5,h2+3+4,False,0,1.745039339710223,15.162374957988504,223.0,43.0,True,True,,5.176172332983697,2145,1,False,True,False,,2.9292639391796427
v300_s2_p50,300,0.5,h2+3+4,True,0,1.725426049576877,8.625501916001667,178.0,36.0,True,True,,4.2132828749890905,1823,1,False,True,False,,2.047216427647052
v300_s3_p0,300,0.0,h2,False,0,1.2817950003665437,68.27175187499961,677.0,46.0,True,True,1.2949767561803545,18.593437000003178,881,1,True,True,True,-0.013181755813810758,3.671819894029702
v300_s3_p0,300,0.0,h2,True,0,1.2817950003665437,67.26921050000237,677.0,46.0,True,True,1.2949767561803545,18.85031712500495,881,1,True,True,True,-0.013181755813810758,3.5685983452644283
v300_s3_p0,300,0.0,h3,False,0,1.3051974884085884,100.42096950000268,367.0,207.0,True,True,1.3293183734385108,22.389243834011722,881,1,True,True,True,-0.02412088502992238,4.485232741422566
v300_s3_p0,300,0.0,h3,True,0,1.3051974884085884,104.4594829580019,367.0,207.0,True,True,1.3293183734385108,22.280210084019927,881,1,True,True,True,-0.02412088502992238,4.688442459208387
v300_s3_p0,300,0.0,h4,False,0,1.3261450721328962,249.07183466599963,258.0,322.0,True,True,,81.73894591702265,13040,1,False,True,False,,3.04716230276379
v300_s3_p0,300,0.0,h4,True,0,1.3261450721328962,252.81091716700757,258.0,322.0,True,True,,81.91497650000383,13040,1,False,True,False,,3.086260021902048
v300_s3_p0,300,0.0,h2+3,False,0,1.3096312888147412,103.58749458398961,367.0,207.0,True,True,1.329588642064974,22.985909167007776,881,1,True,True,True,-0.019957353250232845,4.506565036490756
v300_s3_p0,300,0.0,h2+3,True,0,1.3096312888147412,103.78067841700977,367.0,207.0,True,True,1.329588642064974,23.300249082996743,881,1,True,True,True,-0.019957353250232845,4.454058754794311
v300_s3_p0,300,0.0,h2+3+4,False,0,1.322728646677985,242.6812848749978,229.0,332.0,True,True,,90.47775750001892,13040,1,False,True,False,,2.6822203774772717
v300_s3_p0,300,0.0,h2+3+4,True,0,1.322728646677985,242.03200387500692,229.0,332.0,True,True,,91.80193954100832,13040,1,False,True,False,,2.6364585006059724
v300_s3_p10,300,0.1,h2,False,0,1.3269469664173295,18.0577096670022,793.0,1.0,True,True,1.3269469664173295,17.354974624991883,793,1,True,True,True,0.0,1.0404918507341607
v300_s3_p10,300,0.1,h2,True,0,1.3212133491427525,17.8952003329905,788.0,1.0,True,True,1.3212133491427525,17.16558604198508,788,1,True,True,True,0.0,1.0425044789744355
v300_s3_p10,300,0.1,h3,False,0,1.347828367841361,58.34081929200329,390.0,135.0,True,True,1.3631338966370028,19.67899945899262,793,1,True,True,True,-0.015305528795641843,2.9646232479234893
v300_s3_p10,300,0.1,h3,True,0,1.3396835443754822,66.43012458400335,334.0,166.0,True,True,1.3674287777746945,19.63157024999964,788,1,True,True,True,-0.02774523339921231,3.383841625404599
v300_s3_p10,300,0.1,h4,False,0,1.36431419927112,122.05468212500273,322.0,234.0,True,True,,55.09839162498247,9944,1,False,True,False,,2.2152131582305796
v300_s3_p10,300,0.1,h4,True,0,1.3564780935646035,155.49023124999076,233.0,274.0,True,True,,54.16534249999677,9924,1,False,True,False,,2.870659061188435
v300_s3_p10,300,0.1,h2+3,False,0,1.343707082091297,58.366958707993035,390.0,135.0,True,True,1.353136327471333,20.17919433300267,793,1,True,True,True,-0.009429245380035978,2.8924325592392477
v300_s3_p10,300,0.1,h2+3,True,0,1.3416061857746548,68.83830800000578,334.0,166.0,True,True,1.3596644788072005,19.871852791984566,788,1,True,True,True,-0.01805829303254569,3.4641112089846064
v300_s3_p10,300,0.1,h2+3+4,False,0,1.3645222593579567,125.16572345799068,332.0,234.0,True,True,,60.20089908299269,9944,1,False,True,False,,2.0791337897701125
v300_s3_p10,300,0.1,h2+3+4,True,0,1.360049034143919,162.72328116699646,244.0,274.0,True,True,,59.4370216250245,9924,1,False,True,False,,2.737742853159483
v300_s3_p30,300,0.3,h2,False,0,1.4390644652695528,15.29983566699957,617.0,1.0,True,True,1.4390644652695528,14.555560167005751,617,1,True,True,True,0.0,1.0511334150973404
v300_s3_p30,300,0.3,h2,True,0,1.443081866007363,11.95439954099129,573.0,1.0,True,True,1.443081866007363,11.276626999984728,573,1,True,True,True,0.0,1.0601041908194249
v300_s3_p30,300,0.3,h3,False,0,1.4086713418763477,23.276261874998454,357.0,45.0,True,True,1.4478517835256577,15.782717583002523,617,1,True,True,True,-0.039180441649310005,1.4747942965200262
v300_s3_p30,300,0.3,h3,True,0,1.4487145992679902,23.171329000004334,278.0,74.0,True,True,1.4795542263073584,12.35997462499654,573,1,True,True,True,-0.030839627039368267,1.8747068422893969
v300_s3_p30,300,0.3,h4,False,0,1.439360648162656,58.00788437499432,186.0,176.0,True,True,,20.257632916996954,5139,1,False,True,False,,2.8635075288743836
v300_s3_p30,300,0.3,h4,True,0,1.4303807480660429,49.309199750001426,206.0,146.0,True,True,,19.02030524998554,5084,1,False,True,False,,2.5924504944545466
v300_s3_p30,300,0.3,h2+3,False,0,1.4341300490352853,24.331236583006103,357.0,45.0,True,True,1.4434437268305416,16.640660709002987,617,1,True,True,True,-0.00931367779525627,1.4621556805038598
v300_s3_p30,300,0.3,h2+3,True,0,1.4496348174013831,24.067501624987926,280.0,74.0,True,True,1.47045523869554,13.320978874980938,573,1,True,True,True,-0.020820421294156954,1.8067367158873575
v300_s3_p30,300,0.3,h2+3+4,False,0,1.4409287793068661,62.592975416991976,198.0,176.0,True,True,,20.507493208016967,5139,1,False,True,False,,3.052200226623632
v300_s3_p30,300,0.3,h2+3+4,True,0,1.4284502235670697,52.8208480829926,217.0,146.0,True,True,,19.83224949997384,5084,1,False,True,False,,2.6633815837715367
v300_s3_p50,300,0.5,h2,False,0,1.998278328852303,5.408382417008397,441.0,1.0,True,True,1.998278328852303,5.079294708993984,441,1,True,True,True,0.0,1.0647900401273611
v300_s3_p50,300,0.5,h2,True,0,1.8330147906550252,2.953074374992866,308.0,1.0,True,True,1.8330147906550252,2.754507208010182,308,1,True,True,True,0.0,1.0720880912583004
v300_s3_p50,300,0.5,h3,False,0,1.758837246812542,14.107747624992044,263.0,9.0,True,True,1.785163576631357,7.252309207979124,441,1,True,True,True,-0.026326329818814997,1.9452766312653134
v300_s3_p50,300,0.5,h3,True,0,1.7368571509279065,6.855860083000152,174.0,17.0,True,True,1.8002473051401695,4.163056500023231,308,1,True,True,True,-0.06339015421226302,1.646833302157176
v300_s3_p50,300,0.5,h4,False,0,1.716542233732,12.848814958008006,223.0,42.0,True,True,,4.037619583978085,2043,1,False,True,False,,3.182274776205798
v300_s3_p50,300,0.5,h4,True,0,1.8042507332928919,8.50739962499938,189.0,37.0,True,True,,3.4771385829953942,1783,1,False,True,False,,2.4466668273171464
v300_s3_p50,300,0.5,h2+3,False,0,1.7450825617965824,14.731071292000706,263.0,9.0,True,True,1.8133028381852618,6.74090737500228,441,1,True,True,True,-0.06822027638867945,2.1853246859063575
v300_s3_p50,300,0.5,h2+3,True,0,1.7981085544507904,7.228147332993103,174.0,17.0,True,True,1.8035442476039425,3.773819291993277,308,1,True,True,True,-0.005435693153152066,1.915340076915898
v300_s3_p50,300,0.5,h2+3+4,False,0,1.6954026335436743,14.832298708002781,224.0,42.0,True,True,,4.640372583002318,2043,1,False,True,False,,3.196359439397923
v300_s3_p50,300,0.5,h2+3+4,True,0,1.7584768515464602,9.823872666995157,194.0,37.0,True,True,,3.767924291023519,1783,1,False,True,False,,2.607237276608496
v300_s4_p0,300,0.0,h2,False,0,1.302083901141164,66.80344666699239,551.0,104.0,True,True,1.2981068076908528,18.828116374992533,881,1,True,True,True,0.003977093450311164,3.548068502259769
v300_s4_p0,300,0.0,h2,True,0,1.302083901141164,65.73433987499448,551.0,104.0,True,True,1.2981068076908528,18.706731750018662,881,1,True,True,True,0.003977093450311164,3.513940369350135
v300_s4_p0,300,0.0,h3,False,0,1.298638063874259,106.72467125000549,332.0,226.0,True,True,1.3268277330557574,22.498334000003524,881,1,True,True,True,-0.028189669181498456,4.743669964628881
v300_s4_p0,300,0.0,h3,True,0,1.298638063874259,108.38539204200788,332.0,226.0,True,True,1.3268277330557574,22.708577625016915,881,1,True,True,True,-0.028189669181498456,4.7728833497085725
v300_s4_p0,300,0.0,h4,False,0,1.3252923311355582,287.8331040000048,195.0,361.0,True,True,,83.21850404102588,13088,1,False,True,False,,3.4587632560434636
v300_s4_p0,300,0.0,h4,True,0,1.3252923311355582,299.89417879199027,195.0,361.0,True,True,,82.60710766699049,13088,1,False,True,False,,3.6303677402789267
v300_s4_p0,300,0.0,h2+3,False,0,1.3000351535924093,109.42983708300744,332.0,226.0,True,True,1.3238510511843298,22.574842375004664,881,1,True,True,True,-0.023815897591920487,4.847424193055294
v300_s4_p0,300,0.0,h2+3,True,0,1.3000351535924093,110.76736254100979,332.0,226.0,True,True,1.3238510511843298,23.178525791008724,881,1,True,True,True,-0.023815897591920487,4.778878671566679
v300_s4_p0,300,0.0,h2+3+4,False,0,1.3284052450085064,293.58739420899656,195.0,361.0,True,True,,92.91954220901243,13088,1,False,True,False,,3.1595871786432563
v300_s4_p0,300,0.0,h2+3+4,True,0,1.3284052450085064,298.45946524999454,195.0,361.0,True,True,,93.59312058298383,13088,1,False,True,False,,3.1889038787350517
v300_s4_p10,300,0.1,h2,False,0,1.3105195518896087,52.37207095899794,735.0,5.0,True,True,1.3299600388459525,17.530136541987304,793,1,True,True,True,-0.019440486956343817,2.9875449534325633
v300_s4_p10,300,0.1,h2,True,0,1.324208757487661,54.1555049999879,725.0,3.0,True,True,1.3367027395987117,17.293036499992013,788,1,True,True,True,-0.012493982111050572,3.131636540523864
v300_s4_p10,300,0.1,h3,False,0,1.3354043056221332,71.63272987499658,338.0,163.0,True,True,1.3592548275146292,19.81768400000874,793,1,True,True,True,-0.023850521892496035,3.6145863399055607
v300_s4_p10,300,0.1,h3,True,0,1.345875223902456,57.36562304099789,379.0,136.0,True,True,1.3684006334923606,19.686139792000176,788,1,True,True,True,-0.022525409589904566,2.9140107531040425
v300_s4_p10,300,0.1,h4,False,0,1.3331174123159522,162.38325774999976,237.0,269.0,True,True,,56.86522620799951,9916,1,False,True,False,,2.8555809688690994
v300_s4_p10,300,0.1,h4,True,0,1.3398918352174936,155.98301241699664,276.0,254.0,True,True,,56.36183162499219,9910,1,False,True,False,,2.767529157938686
v300_s4_p10,300,0.1,h2+3,False,0,1.3428658028762717,74.29161254099745,338.0,163.0,True,True,1.3506392894233068,19.963663416012423,793,1,True,True,True,-0.0077734865470351355,3.721341669255441
v300_s4_p10,300,0.1,h2+3,True,0,1.3509328162543577,59.65359420799359,379.0,136.0,True,True,1.3706926995335906,19.689904583006864,788,1,True,True,True,-0.019759883279232948,3.029653798296052
v300_s4_p10,300,0.1,h2+3+4,False,0,1.3392292451752925,168.46975237499282,253.0,269.0,True,True,,62.732143916975474,9916,1,False,True,False,,2.6855411254230144
v300_s4_p10,300,0.1,h2+3+4,True,0,1.3381238680490122,159.67089887498878,289.0,254.0,True,True,,62.31508858400048,9910,1,False,True,False,,2.5623152033195473
v300_s4_p30,300,0.3,h2,False,0,1.4746923031443961,14.211124958994333,617.0,1.0,True,True,1.4746923031443961,13.604008624999551,617,1,True,True,True,0.0,1.0446277527992085
v300_s4_p30,300,0.3,h2,True,0,1.4798711425448572,11.188222666009096,575.0,1.0,True,True,1.4798711425448572,10.62772229098482,575,1,True,True,True,0.0,1.0527394637983467
v300_s4_p30,300,0.3,h3,False,0,1.4542735651871876,24.427202791004675,297.0,77.0,True,True,1.4795337942280073,15.997040165995713,617,1,True,True,True,-0.025260229040819704,1.5269826503860777
v300_s4_p30,300,0.3,h3,True,0,1.434531102258712,26.32310804199369,261.0,84.0,True,True,1.4911595959934671,12.424478250002721,575,1,True,True,True,-0.0566284937347552,2.1186489695845316
v300_s4_p30,300,0.3,h4,False,0,1.4552689918619486,52.271199374998105,215.0,158.0,True,True,,20.30371212499449,5211,1,False,True,False,,2.574465154608386
v300_s4_p30,300,0.3,h4,True,0,1.4824885537320625,50.307817666995106,201.0,156.0,True,True,,19.37128754198784,5169,1,False,True,False,,2.5970301436056547
v300_s4_p30,300,0.3,h2+3,False,0,1.4436958373594317,25.686988750007004,297.0,77.0,True,True,1.4792459275672534,16.556153084005928,617,1,True,True,True,-0.03555009020782163,1.551507081365533
v300_s4_p30,300,0.3,h2+3,True,0,1.4390390495944119,27.910556999995606,262.0,84.0,True,True,1.4962958142902154,13.503209584014257,575,1,True,True,True,-0.05725676469580354,2.06695725385448
v300_s4_p30,300,0.3,h2+3+4,False,0,1.4607854777451006,56.79119945799175,219.0,158.0,True,True,,21.020637709007133,5211,1,False,True,False,,2.701687752967518
v300_s4_p30,300,0.3,h2+3+4,True,0,1.47166884711637,53.68175841700577,216.0,156.0,True,True,,20.736086707998766,5169,1,False,True,False,,2.5888085429493546
v300_s4_p50,300,0.5,h2,False,0,1.953722110205534,5.617613499998697,441.0,1.0,True,True,1.953722110205534,5.298235750000458,441,1,True,True,True,0.0,1.0602800186832402
v300_s4_p50,300,0.5,h2,True,0,2.004264923336284,2.5606582920008805,310.0,1.0,True,True,2.004264923336284,2.3799268750008196,310,1,True,True,True,0.0,1.075939903405645
v300_s4_p50,300,0.5,h3,False,0,1.7154814490637942,13.602308708999772,214.0,22.0,True,True,1.7721498108933356,9.47227933400427,441,1,True,True,True,-0.05666836182954138,1.436012202487444
v300_s4_p50,300,0.5,h3,True,0,1.8339026005061634,7.130071334002423,192.0,10.0,True,True,1.8462308917499441,4.028668583021499,310,1,True,True,True,-0.012328291243780765,1.7698331811287573
v300_s4_p50,300,0.5,h4,False,0,1.7233295291922015,16.276626582999597,168.0,54.0,True,True,,4.03217895902344,2068,1,False,True,False,,4.036682584877547
v300_s4_p50,300,0.5,h4,True,0,1.8040137376474032,9.302855834001093,175.0,34.0,True,True,,3.6280333750182763,1836,1,False,True,False,,2.5641593867515704
v300_s4_p50,300,0.5,h2+3,False,0,1.7380910119274846,14.297541749998345,214.0,22.0,True,True,1.8292993176080639,8.439955082983943,441,1,True,True,True,-0.09120830568057925,1.694030549857317
v300_s4_p50,300,0.5,h2+3,True,0,1.8478400555899277,7.679564874997595,192.0,10.0,True,True,1.8821789775312538,3.4551496249914635,310,1,True,True,True,-0.03433892194132615,2.2226432162157286
v300_s4_p50,300,0.5,h2+3+4,False,0,1.8111338800281822,16.382103084004484,154.0,56.0,True,True,,4.744494749989826,2068,1,False,True,False,,3.4528656784876013
v300_s4_p50,300,0.5,h2+3+4,True,0,1.8277013136227789,10.51801491700462,176.0,34.0,True,True,,3.9630113750172313,1836,1,False,True,False,,2.6540461082978566
v300_s5_p0,300,0.0,h2,False,0,1.2861809577449115,74.2601993749995,842.0,5.0,True,True,1.2947652266594565,18.566978416987695,886,1,True,True,True,-0.008584268914545001,3.9995845154349823
v300_s5_p0,300,0.0,h2,True,0,1.2861809577449115,76.11715833299968,842.0,5.0,True,True,1.2947652266594565,18.7867536249978,886,1,True,True,True,-0.008584268914545001,4.051639780473706
v300_s5_p0,300,0.0,h3,False,0,1.307161820249151,104.08402616599051,360.0,216.0,True,True,1.3360844579052598,22.822113832982723,886,1,True,True,True,-0.028922637656108696,4.5606654549048535
v300_s5_p0,300,0.0,h3,True,0,1.307161820249151,105.19642054100404,360.0,216.0,True,True,1.3360844579052598,23.008108790992992,886,1,True,True,True,-0.028922637656108696,4.572145476910531
v300_s5_p0,300,0.0,h4,False,0,1.3160118852404974,239.96185020900157,280.0,323.0,True,True,,85.71588845801307,13217,1,False,True,False,,2.799502572111168
v300_s5_p0,300,0.0,h4,True,0,1.3160118852404974,236.2481799160014,280.0,323.0,True,True,,86.22965345799457,13217,1,False,True,False,,2.7397556460213073
v300_s5_p0,300,0.0,h2+3,False,0,1.3008729788106395,106.70593250000093,360.0,216.0,True,True,1.3184930020119559,23.29816033298266,886,1,True,True,True,-0.017620023201316393,4.580015373528863
v300_s5_p0,300,0.0,h2+3,True,0,1.3008729788106395,107.52002762499615,360.0,216.0,True,True,1.3184930020119559,23.62716350000119,886,1,True,True,True,-0.017620023201316393,4.5506955426533
v300_s5_p0,300,0.0,h2+3+4,False,0,1.3192991244474543,245.99500995899143,280.0,323.0,True,True,,95.88331379200099,13217,1,False,True,False,,2.5655664184972444
v300_s5_p0,300,0.0,h2+3+4,True,0,1.3192991244474543,245.49670579200028,280.0,323.0,True,True,,96.4676936249889,13217,1,False,True,False,,2.5448592846673703
v300_s5_p10,300,0.1,h2,False,0,1.3339939030060595,18.351736874989,797.0,1.0,True,True,1.3339939030060595,17.7808122090064,797,1,True,True,True,0.0,1.0321090318750128
v300_s5_p10,300,0.1,h2,True,0,1.3390626139928454,17.786585124995327,793.0,1.0,True,True,1.3390626139928454,17.3074558750086,793,1,True,True,True,0.0,1.0276834015031968
v300_s5_p10,300,0.1,h3,False,0,1.3357972153878837,70.30308045900892,349.0,163.0,True,True,1.3532861273803565,20.09492699999828,797,1,True,True,True,-0.017488911992472822,3.4985486863930855
v300_s5_p10,300,0.1,h3,True,0,1.3325584038773792,70.66734412500227,368.0,149.0,True,True,1.3728218489361597,19.63867387501523,793,1,True,True,True,-0.040263445058780434,3.5983765795361005
v300_s5_p10,300,0.1,h4,False,0,1.3486139989078472,124.3412098330009,289.0,258.0,True,True,,56.830705500004115,9986,1,False,True,False,,2.1879230380659607
v300_s5_p10,300,0.1,h4,True,0,1.3557242846335449,168.37413149999338,264.0,268.0,True,True,,56.435304292012006,9991,1,False,True,False,,2.98348938864188
v300_s5_p10,300,0.1,h2+3,False,0,1.3342958452109184,75.30464499999653,349.0,163.0,True,True,1.3672888730552992,20.127256916981423,797,1,True,True,True,-0.03299302784438085,3.7414261322645403
v300_s5_p10,300,0.1,h2+3,True,0,1.3378193572185948,71.56115325000428,368.0,149.0,True,True,1.3588182212000461,19.908923833980225,793,1,True,True,True,-0.020998863981451343,3.5944259894080703
v300_s5_p10,300,0.1,h2+3+4,False,0,1.350302927748108,129.01301650000096,304.0,258.0,True,True,,62.35042904200964,9986,1,False,True,False,,2.0691600440002795
v300_s5_p10,300,0.1,h2+3+4,True,0,1.3598484091774021,168.10387054100283,278.0,268.0,True,True,,62.952294083021116,9991,1,False,True,False,,2.6703374831631783
v300_s5_p30,300,0.3,h2,False,0,1.4275876468481477,15.260994416996255,620.0,1.0,True,True,1.4275876468481477,14.732411959004821,620,1,True,True,True,0.0,1.0358788811677473
v300_s5_p30,300,0.3,h2,True,0,1.4608916720686274,12.651998583998648,588.0,1.0,True,True,1.4608916720686274,11.843240707996301,588,1,True,True,True,0.0,1.0682885618846107
v300_s5_p30,300,0.3,h3,False,0,1.4373791844441997,25.466997083000024,304.0,72.0,True,True,1.4423407124874554,15.870622500020545,620,1,True,True,True,-0.004961528043255781,1.6046627712912367
v300_s5_p30,300,0.3,h3,True,0,1.4394855294730253,22.3220876250125,312.0,56.0,True,True,1.4758007063348726,13.06958358400152,588,1,True,True,True,-0.036315176861847265,1.7079417627610547
v300_s5_p30,300,0.3,h4,False,0,1.4313688069392132,56.133996290998766,253.0,144.0,True,True,,20.90826774999732,5181,1,False,True,False,,2.6847750833402233
v300_s5_p30,300,0.3,h4,True,0,1.4584551309636562,46.35044208400359,364.0,111.0,True,True,,19.478507416002685,5163,1,False,True,False,,2.379568469703387
v300_s5_p30,300,0.3,h2+3,False,0,1.4186796566819841,27.204277249998995,304.0,72.0,True,True,1.4301170356598887,16.538622749998467,620,1,True,True,True,-0.011437378977904533,1.6448937533206334
v300_s5_p30,300,0.3,h2+3,True,0,1.4303950129388059,24.475289166992297,313.0,56.0,True,True,1.438053283220369,14.141646582982503,588,1,True,True,True,-0.007658270281563073,1.7307241432864608
v300_s5_p30,300,0.3,h2+3+4,False,0,1.4240447249499473,57.214222082999186,259.0,144.0,True,True,,21.25914845900843,5181,1,False,True,False,,2.69127534403924
v300_s5_p30,300,0.3,h2+3+4,True,0,1.4656492002686228,48.352131250008824,374.0,111.0,True,True,,20.47716645800392,5163,1,False,True,False,,2.3612706059294353
v300_s5_p50,300,0.5,h2,False,0,2.132020160896655,5.505908958002692,443.0,1.0,True,True,2.132020160896655,4.787745290988823,443,1,True,True,True,0.0,1.1500003912834604
v300_s5_p50,300,0.5,h2,True,0,1.8733924489399185,2.6234417090017814,306.0,1.0,True,True,1.8733924489399185,2.429303707991494,306,1,True,True,True,0.0,1.0799150803465398
v300_s5_p50,300,0.5,h3,False,0,1.7430161115825664,12.005418166008894,200.0,25.0,True,True,1.8239699737624957,6.35266087501077,443,1,True,True,True,-0.08095386217992928,1.8898251303220308
v300_s5_p50,300,0.5,h3,True,0,1.6766234111379859,6.73174554099387,192.0,11.0,True,True,1.9748863406732144,3.1342232080060057,306,1,True,True,True,-0.2982629295352286,2.147819441767394
v300_s5_p50,300,0.5,h4,False,0,1.746163174763014,12.558601042008377,225.0,40.0,True,True,,4.322760750015732,2131,1,False,True,False,,2.9052269529287904
v300_s5_p50,300,0.5,h4,True,0,1.7713867090421136,8.328060750005534,185.0,36.0,True,True,,3.7043881670106202,1835,1,False,True,False,,2.248160930911876
v300_s5_p50,300,0.5,h2+3,False,0,1.768721647408142,12.910826083010761,200.0,25.0,True,True,1.7720019590526137,6.25880949999555,443,1,True,True,True,-0.003280311644471734,2.0628245807800893
v300_s5_p50,300,0.5,h2+3,True,0,1.7197603604288036,7.499320499991882,192.0,11.0,True,True,1.8124127880055731,3.238361666997662,306,1,True,True,True,-0.0926524275767695,2.3157760840668007
v300_s5_p50,300,0.5,h2+3+4,False,0,1.7565009159815528,14.455098000005819,225.0,40.0,True,True,,4.966090041998541,2131,1,False,True,False,,2.9107603522606578
v300_s5_p50,300,0.5,h2+3+4,True,0,1.817452595586975,9.581471541998326,188.0,36.0,True,True,,4.040353249991313,1835,1,False,True,False,,2.371444017183133
v300_s6_p0,300,0.0,h2,False,0,1.278530028375848,74.06568812498881,823.0,7.0,True,True,1.3008056801982848,18.48061279099784,881,1,True,True,True,-0.022275651822436737,4.007750660793414
v300_s6_p0,300,0.0,h2,True,0,1.278530028375848,73.78571183299937,823.0,7.0,True,True,1.3008056801982848,18.719573417009087,881,1,True,True,True,-0.022275651822436737,3.941634255722717
v300_s6_p0,300,0.0,h3,False,0,1.3089722137761808,93.18379641699721,379.0,202.0,True,True,1.3503494125715536,22.356940500001656,881,1,True,True,True,-0.04137719879537283,4.168003060033653
v300_s6_p0,300,0.0,h3,True,0,1.3089722137761808,92.73853491699265,379.0,202.0,True,True,1.3503494125715536,22.620389957999578,881,1,True,True,True,-0.04137719879537283,4.0997761351234425
v300_s6_p0,300,0.0,h4,False,0,1.3167510035791778,238.13498979099677,287.0,308.0,True,True,,82.49965145799797,12937,1,False,True,False,,2.88649691947166
v300_s6_p0,300,0.0,h4,True,0,1.3167510035791778,242.81347070900665,287.0,308.0,True,True,,81.97894208302023,12937,1,False,True,False,,2.9619005141967922
v300_s6_p0,300,0.0,h2+3,False,0,1.3080440645378437,96.5910705839924,379.0,202.0,True,True,1.33668411769055,22.950424374983413,881,1,True,True,True,-0.028640053152706235,4.2086834215265885
v300_s6_p0,300,0.0,h2+3,True,0,1.3080440645378437,95.52331091600354,379.0,202.0,True,True,1.33668411769055,23.120465582993347,881,1,True,True,True,-0.028640053152706235,4.1315478952235
v300_s6_p0,300,0.0,h2+3+4,False,0,1.3115018694295437,244.6175127500028,287.0,308.0,True,True,,92.21115983300842,12937,1,False,True,False,,2.652797266545585
v300_s6_p0,300,0.0,h2+3+4,True,0,1.3115018694295437,246.14435625000624,287.0,308.0,True,True,,92.62189058301738,12937,1,False,True,False,,2.657518160130688
v300_s6_p10,300,0.1,h2,False,0,1.3202216041418386,18.00924104200385,793.0,1.0,True,True,1.3202216041418386,17.667196832975606,793,1,True,True,True,0.0,1.0193604119692505
v300_s6_p10,300,0.1,h2,True,0,1.3292289266223631,17.66491979100101,788.0,1.0,True,True,1.3292289266223631,17.035942832997534,788,1,True,True,True,0.0,1.0369205839776117
v300_s6_p10,300,0.1,h3,False,0,1.3275332548656367,58.3544740829966,412.0,125.0,True,True,1.3534904804098948,19.587962833000347,793,1,True,True,True,-0.025957225544258167,2.979098673022052
v300_s6_p10,300,0.1,h3,True,0,1.3244044311933538,65.82164929200371,370.0,142.0,True,True,1.358362393737575,19.55389091698453,788,1,True,True,True,-0.03395796254422123,3.36616633341403
v300_s6_p10,300,0.1,h4,False,0,1.3433833489682554,189.64634224999463,168.0,300.0,True,True,,55.552751167007955,9844,1,False,True,False,,3.413806486016539
v300_s6_p10,300,0.1,h4,True,0,1.3334999475931686,149.20181562499783,271.0,248.0,True,True,,55.02343162501347,9851,1,False,True,False,,2.711605060218948
v300_s6_p10,300,0.1,h2+3,False,0,1.3332125322648145,60.055979458004,412.0,125.0,True,True,1.3563914676612765,20.231420416006586,793,1,True,True,True,-0.023178935396461986,2.9684509650389765
v300_s6_p10,300,0.1,h2+3,True,0,1.3229114428859716,68.27732224999636,370.0,142.0,True,True,1.347906386812473,19.591301083011786,788,1,True,True,True,-0.024994943926501367,3.485083607295572
v300_s6_p10,300,0.1,h2+3+4,False,0,1.340031412845414,191.98613954198663,183.0,300.0,True,True,,62.01111533399671,9844,1,False,True,False,,3.09599558898327
v300_s6_p10,300,0.1,h2+3+4,True,0,1.336036490481707,155.5328857909917,284.0,248.0,True,True,,61.769738624978345,9851,1,False,True,False,,2.51794631567532
v300_s6_p30,300,0.3,h2,False,0,1.4360125875269694,15.368001041002572,617.0,1.0,True,True,1.4360125875269694,14.633831750019453,617,1,True,True,True,0.0,1.0501693133776902
v300_s6_p30,300,0.3,h2,True,0,1.4417989472238715,12.032708250000724,576.0,1.0,True,True,1.4417989472238715,11.515045666979859,576,1,True,True,True,0.0,1.0449553217583232
v300_s6_p30,300,0.3,h3,False,0,1.4212352792888812,24.47591745799582,356.0,52.0,True,True,1.4360238255272084,15.168264083011309,617,1,True,True,True,-0.01478854623832726,1.6136268015935473
v300_s6_p30,300,0.3,h3,True,0,1.4194017230317597,21.977236916995025,292.0,70.0,True,True,1.4566014363165192,12.28624120799941,576,1,True,True,True,-0.03719971328475946,1.7887681468182421
v300_s6_p30,300,0.3,h4,False,0,1.4292762764121274,71.51134520799678,98.0,214.0,True,True,,20.07643350001308,5135,1,False,True,False,,3.5619546274466622
v300_s6_p30,300,0.3,h4,True,0,1.4227882019308011,61.15468129199871,93.0,197.0,True,True,,18.98766179199447,5042,1,False,True,False,,3.220758930822256
v300_s6_p30,300,0.3,h2+3,False,0,1.4033948914950067,25.83668133399624,356.0,52.0,True,True,1.430589590538666,16.895475375000387,617,1,True,True,True,-0.027194699043659343,1.52920712560866
v300_s6_p30,300,0.3,h2+3,True,0,1.4201945599965546,22.648590542012244,292.0,70.0,True,True,1.4348481685086782,13.382221165986266,576,1,True,True,True,-0.014653608512123606,1.6924388157310093
v300_s6_p30,300,0.3,h2+3+4,False,0,1.4338586949446814,75.18544624999049,108.0,214.0,True,True,,21.33073895800044,5135,1,False,True,False,,3.524746442119436
v300_s6_p30,300,0.3,h2+3+4,True,0,1.4394309868195718,65.36890045901237,119.0,197.0,True,True,,20.14517012500437,5042,1,False,True,False,,3.2448919544181902
v300_s6_p50,300,0.5,h2,False,0,2.0181649126207066,5.229814291000366,441.0,1.0,True,True,2.0181649126207066,4.99529329201323,441,1,True,True,True,0.0,1.0469483942738862
v300_s6_p50,300,0.5,h2,True,0,1.8328489688349727,2.728527999992366,311.0,1.0,True,True,1.8328489688349727,2.569610999984434,311,1,True,True,True,0.0,1.0618447695035922
v300_s6_p50,300,0.5,h3,False,0,1.7546016759761138,15.930651957998634,364.0,2.0,True,True,1.7338785045273966,7.8252695830015,441,1,True,True,True,0.02072317144871727,2.0357959286928735
v300_s6_p50,300,0.5,h3,True,0,1.7184054871627525,8.22247220799909,195.0,19.0,True,True,1.7701931839932956,3.587223875016207,311,1,True,True,True,-0.05178769683054307,2.2921547398437574
v300_s6_p50,300,0.5,h4,False,0,1.6892190074583189,13.012131208000937,217.0,41.0,True,True,,4.051252292003483,2077,1,False,True,False,,3.2118787649154266
v300_s6_p50,300,0.5,h4,True,0,1.7121966789584406,7.815243584002019,234.0,36.0,True,True,,3.4936094580043573,1750,1,False,True,False,,2.2370112280570407
v300_s6_p50,300,0.5,h2+3,False,0,1.706684184661911,16.928077584001585,364.0,2.0,True,True,1.7640917511050807,7.369988583988743,441,1,True,True,True,-0.05740756644316969,2.296893325015148
v300_s6_p50,300,0.5,h2+3,True,0,1.7447870653304516,8.619737957997131,196.0,19.0,True,True,1.8393927378500536,3.511046790983528,311,1,True,True,True,-0.09460567251960206,2.455033632742484
v300_s6_p50,300,0.5,h2+3+4,False,0,1.7137795236053586,14.820061416990939,216.0,41.0,True,True,,4.645896375004668,2077,1,False,True,False,,3.189925091038228
v300_s6_p50,300,0.5,h2+3+4,True,0,1.709552539083897,9.286856708000414,237.0,36.0,True,True,,3.8279689170012716,1750,1,False,True,False,,2.4260533221036416
v300_s7_p0,300,0.0,h2,False,0,1.2819672194208125,66.35457483299251,738.0,33.0,True,True,1.2990295274831827,18.644788125006016,883,1,True,True,True,-0.01706230806237019,3.5588806044944583
v300_s7_p0,300,0.0,h2,True,0,1.2819672194208125,67.55545845800953,738.0,33.0,True,True,1.2990295274831827,19.107562750024954,883,1,True,True,True,-0.01706230806237019,3.5355350832445285
v300_s7_p0,300,0.0,h3,False,0,1.3159792336978589,101.00261462500202,357.0,218.0,True,True,1.3341231370200015,22.610974416980753,883,1,True,True,True,-0.018143903322142663,4.466973106172261
v300_s7_p0,300,0.0,h3,True,0,1.3159792336978589,103.52704987498873,357.0,218.0,True,True,1.3341231370200015,22.732641208014684,883,1,True,True,True,-0.018143903322142663,4.554114452767105
v300_s7_p0,300,0.0,h4,False,0,1.3342082439418816,269.32938704200205,161.0,361.0,True,True,,81.95116441699793,13085,1,False,True,False,,3.2864619918217906
v300_s7_p0,300,0.0,h4,True,0,1.3342082439418816,270.629711667003,161.0,361.0,True,True,,81.57167662499705,13085,1,False,True,False,,3.317692155711686
v300_s7_p0,300,0.0,h2+3,False,0,1.3096722971994033,101.83301737500005,357.0,218.0,True,True,1.3265658157954532,23.17388508300064,883,1,True,True,True,-0.016893518596049928,4.394300610806962
v300_s7_p0,300,0.0,h2+3,True,0,1.3096722971994033,103.55593645799672,357.0,218.0,True,True,1.3265658157954532,23.53303170899744,883,1,True,True,True,-0.016893518596049928,4.400450300604657
v300_s7_p0,300,0.0,h2+3+4,False,0,1.3317972004764826,276.34750787500525,161.0,361.0,True,True,,89.77516741701402,13085,1,False,True,False,,3.0782176834195734
v300_s7_p0,300,0.0,h2+3+4,True,0,1.3317972004764826,275.6339670000016,161.0,361.0,True,True,,91.30178170799627,13085,1,False,True,False,,3.0189330574242383
v300_s7_p10,300,0.1,h2,False,0,1.3466427535052201,17.796627583011286,795.0,1.0,True,True,1.3466427535052201,17.368602250004187,795,1,True,True,True,0.0,1.0246436257130016
v300_s7_p10,300,0.1,h2,True,0,1.3458986104935544,18.003921374998754,792.0,1.0,True,True,1.3458986104935544,17.349679125007242,792,1,True,True,True,0.0,1.0377091844337634
v300_s7_p10,300,0.1,h3,False,0,1.3387130843264445,69.22357762500178,328.0,172.0,True,True,1.3581299860486262,19.345532250008546,795,1,True,True,True,-0.01941690172218169,3.5782720645988535
v300_s7_p10,300,0.1,h3,True,0,1.3505819684151554,69.36880949999613,352.0,153.0,True,True,1.3544010854125097,19.062740624998696,792,1,True,True,True,-0.003819116997354266,3.638973580169608
v300_s7_p10,300,0.1,h4,False,0,1.3621723677036723,168.08670045800682,234.0,269.0,True,True,,53.781921124988,9949,1,False,True,False,,3.1253383468280544
v300_s7_p10,300,0.1,h4,True,0,1.3623863278734087,146.70230883400654,268.0,256.0,True,True,,53.62028783399728,9960,1,False,True,False,,2.7359478055802557
v300_s7_p10,300,0.1,h2+3,False,0,1.3395266348289216,70.05033191599068,328.0,172.0,True,True,1.3476246416778035,19.218147874984425,795,1,True,True,True,-0.008098006848881845,3.6450095176535036
v300_s7_p10,300,0.1,h2+3,True,0,1.3571937783196064,70.45550945799914,352.0,153.0,True,True,1.3538037823996696,19.19486795901321,792,1,True,True,True,0.003389995919936828,3.6705388965656214
v300_s7_p10,300,0.1,h2+3+4,False,0,1.359295326437014,175.54119479200745,248.0,269.0,True,True,,58.83770333300345,9949,1,False,True,False,,2.9834814217424133
v300_s7_p10,300,0.1,h2+3+4,True,0,1.362777001024126,151.14653774999897,279.0,256.0,True,True,,58.95056595900678,9960,1,False,True,False,,2.5639539721315603
v300_s7_p30,300,0.3,h2,False,0,1.479614467889749,13.884435332991416,618.0,1.0,True,True,1.479614467889749,12.603379457985284,618,1,True,True,True,0.0,1.101643839200166
v300_s7_p30,300,0.3,h2,True,0,1.483982720069872,11.79799125000136,580.0,1.0,True,True,1.483982720069872,10.73151699997834,580,1,True,True,True,0.0,1.0993777720358802
v300_s7_p30,300,0.3,h3,False,0,1.45523338033179,25.02530295899487,286.0,87.0,True,True,1.4664736876060478,14.665325832989765,618,1,True,True,True,-0.011240307274257733,1.706426658635859
v300_s7_p30,300,0.3,h3,True,0,1.4508773596183309,27.060599749995163,271.0,86.0,True,True,1.5010613139800522,12.018262666999362,580,1,True,True,True,-0.050183954361721295,2.251623258684482
v300_s7_p30,300,0.3,h4,False,0,1.4399673340097,54.863128707991564,204.0,167.0,True,True,,19.142979541997192,5128,1,False,True,False,,2.8659660105486213
v300_s7_p30,300,0.3,h4,True,0,1.4385820660662938,55.117173582999385,239.0,145.0,True,True,,18.310253958014073,5093,1,False,True,False,,3.0101807276613757
v300_s7_p30,300,0.3,h2+3,False,0,1.4430568809052795,25.997112166995066,286.0,87.0,True,True,1.473055278859463,15.910249250009656,618,1,True,True,True,-0.029998397954183575,1.6339852228889054
v300_s7_p30,300,0.3,h2+3,True,0,1.4511260972704902,28.126491333008744,272.0,86.0,True,True,1.5061636646982153,13.243279957998311,580,1,True,True,True,-0.05503756742772503,2.1238312126764094
v300_s7_p30,300,0.3,h2+3+4,False,0,1.4344862166351948,58.7557831669983,215.0,167.0,True,True,,19.765501916990615,5128,1,False,True,False,,2.9726431139343474
v300_s7_p30,300,0.3,h2+3+4,True,0,1.4424090148050301,58.13511133399152,248.0,145.0,True,True,,19.146265708986903,5093,1,False,True,False,,3.0363681470639974
v300_s7_p50,300,0.5,h2,False,0,1.8778448848888996,5.406176582997432,441.0,1.0,True,True,1.8778448848888996,4.880795250006486,441,1,True,True,True,0.0,1.1076425676717843
v300_s7_p50,300,0.5,h2,True,0,1.8099832213288425,2.3626678330037976,300.0,1.0,True,True,1.8099832213288425,2.06965829100227,300,1,True,True,True,0.0,1.1415738739459413
v300_s7_p50,300,0.5,h3,False,0,1.6733302616517916,12.292188416002318,271.0,16.0,True,True,1.820329399259712,5.651503124972805,441,1,True,True,True,-0.1469991376079205,2.1750299246382294
v300_s7_p50,300,0.5,h3,True,0,1.7614856324831536,7.911852000004728,201.0,11.0,True,True,1.8420485695417192,3.310565833002329,300,1,True,True,True,-0.08056293705856565,2.389879071768685
v300_s7_p50,300,0.5,h4,False,0,1.7289642635532838,13.516827459010528,198.0,49.0,True,True,,3.9037097079853993,2115,1,False,True,False,,3.462559583096204
v300_s7_p50,300,0.5,h4,True,0,1.713466680549835,8.97907270900032,131.0,56.0,True,True,,3.3505001659796108,1783,1,False,True,False,,2.679920090788905
v300_s7_p50,300,0.5,h2+3,False,0,1.6434480126957793,13.037331084007747,271.0,16.0,True,True,1.8535205440444438,5.148799457994755,441,1,True,True,True,-0.21007253134866444,2.5321108717419825
v300_s7_p50,300,0.5,h2+3,True,0,1.7945033599681819,8.301733624990447,202.0,11.0,True,True,1.7460966773580027,2.6488594579859637,300,1,True,True,True,0.04840668261017922,3.134078555946715
v300_s7_p50,300,0.5,h2+3+4,False,0,1.7372201266227423,15.607763541993336,201.0,49.0,True,True,,4.407112999993842,2115,1,False,True,False,,3.5414938400751566
v300_s7_p50,300,0.5,h2+3+4,True,0,1.7205558154053613,10.398267124997801,137.0,56.0,True,True,,3.691271791991312,1783,1,False,True,False,,2.8169876700919656
v300_s8_p0,300,0.0,h2,False,0,1.293506623810557,74.1154824999976,831.0,6.0,True,True,1.2904142853921265,17.484314166009426,885,1,True,True,True,0.0030923384184304847,4.238969958803567
v300_s8_p0,300,0.0,h2,True,0,1.293506623810557,75.02719566700398,831.0,6.0,True,True,1.2904142853921265,17.840395707986318,885,1,True,True,True,0.0030923384184304847,4.205467014020198
v300_s8_p0,300,0.0,h3,False,0,1.3192791463765308,121.9292876249965,342.0,239.0,True,True,1.3330155018086485,21.660215999989305,885,1,True,True,True,-0.013736355432117708,5.6291815199376
v300_s8_p0,300,0.0,h3,True,0,1.3192791463765308,122.09048062498914,342.0,239.0,True,True,1.3330155018086485,21.585611083020922,885,1,True,True,True,-0.013736355432117708,5.656104900408614
v300_s8_p0,300,0.0,h4,False,0,1.3315471931445244,245.11488100000133,333.0,309.0,True,True,,80.35172112501459,13150,1,False,True,False,,3.050524339343538
v300_s8_p0,300,0.0,h4,True,0,1.3315471931445244,245.0856602499989,333.0,309.0,True,True,,81.08999212502385,13150,1,False,True,False,,3.0223909736250554
v300_s8_p0,300,0.0,h2+3,False,0,1.321851912981898,127.1363982920011,342.0,239.0,True,True,1.3206920414525938,22.270187290996546,885,1,True,True,True,0.0011598715293041906,5.708815854611163
v300_s8_p0,300,0.0,h2+3,True,0,1.321851912981898,126.94575820899627,342.0,239.0,True,True,1.3206920414525938,22.040393666015007,885,1,True,True,True,0.0011598715293041906,5.759686516159608
v300_s8_p0,300,0.0,h2+3+4,False,0,1.3319272884920101,245.95446525000443,333.0,309.0,True,True,,89.8089149580046,13150,1,False,True,False,,2.738641986321901
v300_s8_p0,300,0.0,h2+3+4,True,0,1.3319272884920101,250.82670350000262,333.0,309.0,True,True,,90.67995162500301,13150,1,False,True,False,,2.7660656959464305
v300_s8_p10,300,0.1,h2,False,0,1.3148073882635225,54.847562499999185,749.0,6.0,True,True,1.333065208945269,16.780538375023752,797,1,True,True,True,-0.01825782068174653,3.268522217477516
v300_s8_p10,300,0.1,h2,True,0,1.3249744024087993,54.384440624999115,747.0,6.0,True,True,1.3337297826967855,16.709016082983,792,1,True,True,True,-0.00875538028798628,3.254796114559132
v300_s8_p10,300,0.1,h3,False,0,1.341522722446218,73.86066379200201,364.0,151.0,True,True,1.3834232024012152,18.97920754199731,797,1,True,True,True,-0.04190047995499713,3.891662158631369
v300_s8_p10,300,0.1,h3,True,0,1.3433153702171317,70.43784908400266,369.0,148.0,True,True,1.3801744069132933,18.864311292010825,792,1,True,True,True,-0.03685903669616164,3.7339210530221485
v300_s8_p10,300,0.1,h4,False,0,1.3481856947396222,144.83529550000094,331.0,242.0,True,True,,56.16383504102123,10005,1,False,True,False,,2.5787999589809956
v300_s8_p10,300,0.1,h4,True,0,1.3592052633352487,156.53075162500318,235.0,274.0,True,True,,54.709375624981476,10005,1,False,True,False,,2.861132115598992
v300_s8_p10,300,0.1,h2+3,False,0,1.3391222943718724,76.50369770800171,364.0,151.0,True,True,1.3778570873568399,19.463546416023746,797,1,True,True,True,-0.038734792984967514,3.9306144971102768
v300_s8_p10,300,0.1,h2+3,True,0,1.336176134251778,72.42757754199556,369.0,148.0,True,True,1.361569007481768,18.85340137500316,792,1,True,True,True,-0.025392873229989954,3.841618607771428
v300_s8_p10,300,0.1,h2+3+4,False,0,1.3466193995211582,149.80935695899825,343.0,242.0,True,True,,60.65854066697648,10005,1,False,True,False,,2.4697158110260466
v300_s8_p10,300,0.1,h2+3+4,True,0,1.3566869692299934,164.6424144160119,245.0,274.0,True,True,,60.243732874980196,10005,1,False,True,False,,2.732938457809102
v300_s8_p30,300,0.3,h2,False,0,1.473584380007267,15.306271374996868,619.0,1.0,True,True,1.473584380007267,14.179767541994806,619,1,True,True,True,0.0,1.079444449964769
v300_s8_p30,300,0.3,h2,True,0,1.481741710723142,12.229949500004295,580.0,1.0,True,True,1.481741710723142,11.133224958000937,580,1,True,True,True,0.0,1.0985091513142553
v300_s8_p30,300,0.3,h3,False,0,1.463281484246988,26.4693855830119,298.0,72.0,True,True,1.5034783366019682,15.109233249997487,619,1,True,True,True,-0.04019685235498027,1.751868221573474
v300_s8_p30,300,0.3,h3,True,0,1.4767042100100465,24.030616624993854,322.0,56.0,True,True,1.5145678998629233,12.024734375008848,580,1,True,True,True,-0.0378636898528768,1.9984322210839833
v300_s8_p30,300,0.3,h4,False,0,1.4580629677207202,46.96845887499512,265.0,143.0,True,True,,19.78971549999551,5215,1,False,True,False,,2.3733771652758615
v300_s8_p30,300,0.3,h4,True,0,1.4749792097841545,53.34014237500378,200.0,150.0,True,True,,18.692434416007018,5156,1,False,True,False,,2.8535685180377928
v300_s8_p30,300,0.3,h2+3,False,0,1.4535091158065163,27.68122845799371,298.0,72.0,True,True,1.501991623636977,16.212506416020915,619,1,True,True,True,-0.04848250783046071,1.7073996917984011
v300_s8_p30,300,0.3,h2+3,True,0,1.4836638146318903,24.97626854199916,323.0,56.0,True,True,1.512862565373319,13.063057332998142,580,1,True,True,True,-0.029198750741428636,1.9119772581038488
v300_s8_p30,300,0.3,h2+3+4,False,0,1.4602362971473901,50.482952374994056,269.0,143.0,True,True,,20.368446665990632,5215,1,False,True,False,,2.4784880851658593
v300_s8_p30,300,0.3,h2+3+4,True,0,1.4796380606570716,56.70422045899613,210.0,150.0,True,True,,20.051250874996185,5156,1,False,True,False,,2.8279642408597074
v300_s8_p50,300,0.5,h2,False,0,2.071728495152689,5.522480208004708,443.0,1.0,True,True,2.071728495152689,4.943259457999375,443,1,True,True,True,0.0,1.117173851570347
v300_s8_p50,300,0.5,h2,True,0,1.9169031149789448,3.0326885000104085,311.0,1.0,True,True,1.9169031149789448,2.7267462909803726,311,1,True,True,True,0.0,1.1122004676570176
v300_s8_p50,300,0.5,h3,False,0,1.836721002137304,15.619880791986361,338.0,4.0,True,True,1.855850621066658,8.31293137499597,443,1,True,True,True,-0.019129618929354164,1.8789858940696398
v300_s8_p50,300,0.5,h3,True,0,1.879765111185015,7.1771322499989765,157.0,26.0,True,True,1.8817919742505476,3.93365708302008,311,1,True,True,True,-0.002026863065532458,1.8245444629577896
v300_s8_p50,300,0.5,h4,False,0,1.8331059444593332,12.900239124996006,197.0,46.0,True,True,,3.908010541985277,2106,1,False,True,False,,3.3009734713874797
v300_s8_p50,300,0.5,h4,True,0,1.7980279456105481,9.010160791993258,173.0,47.0,True,True,,3.302647625008831,1779,1,False,True,False,,2.728162921095515
v300_s8_p50,300,0.5,h2+3,False,0,1.7594171861738597,16.697365416999673,338.0,4.0,True,True,1.8314436245249224,7.794052792014554,443,1,True,True,True,-0.0720264383510627,2.1423213137723502
v300_s8_p50,300,0.5,h2+3,True,0,1.8445304169375176,7.5743167920009,157.0,26.0,True,True,1.8649844981898982,3.763202709000325,311,1,True,True,True,-0.020454081252380574,2.012731542174346
v300_s8_p50,300,0.5,h2+3+4,False,0,1.8279256962438122,14.862186832993757,198.0,46.0,True,True,,4.519521083013387,2106,1,False,True,False,,3.2884428593226973
v300_s8_p50,300,0.5,h2+3+4,True,0,1.7919994973965319,10.478748500012443,177.0,47.0,True,True,,3.6570087920117658,1779,1,False,True,False,,2.8653878336037453
v300_s9_p0,300,0.0,h2,False,0,1.302692740524182,69.56232754200755,504.0,131.0,True,True,1.3001588635255246,17.67867787499563,882,1,True,True,True,0.0025338769986573695,3.934815037293888
v300_s9_p0,300,0.0,h2,True,0,1.302692740524182,70.71875891600212,504.0,131.0,True,True,1.3001588635255246,17.72545829199953,882,1,True,True,True,0.0025338769986573695,3.9896716773704726
v300_s9_p0,300,0.0,h3,False,0,1.3148254978016263,100.27460258299834,376.0,214.0,True,True,1.3328927242703685,21.50907566701062,882,1,True,True,True,-0.01806722646874226,4.661967075451492
v300_s9_p0,300,0.0,h3,True,0,1.3148254978016263,99.07669558300404,376.0,214.0,True,True,1.3328927242703685,21.67557650001254,882,1,True,True,True,-0.01806722646874226,4.57089090954267
v300_s9_p0,300,0.0,h4,False,0,1.3280823083761504,253.7903788340045,268.0,318.0,True,True,,77.17300937499385,13146,1,False,True,False,,3.2885898954750297
v300_s9_p0,300,0.0,h4,True,0,1.3280823083761504,248.76057004200993,268.0,318.0,True,True,,79.61477879201993,13146,1,False,True,False,,3.124552674973256
v300_s9_p0,300,0.0,h2+3,False,0,1.3168994256389213,100.60141895800189,376.0,214.0,True,True,1.3280914615234636,21.997368499985896,882,1,True,True,True,-0.011192035884542317,4.573338804505929
v300_s9_p0,300,0.0,h2+3,True,0,1.3168994256389213,101.20007400000759,376.0,214.0,True,True,1.3280914615234636,22.164837040996645,882,1,True,True,True,-0.011192035884542317,4.56579373053027
v300_s9_p0,300,0.0,h2+3+4,False,0,1.3234986468685765,256.24916570800997,268.0,318.0,True,True,,88.36862370799645,13146,1,False,True,False,,2.8997754514628937
v300_s9_p0,300,0.0,h2+3+4,True,0,1.3234986468685765,254.15108329200302,268.0,318.0,True,True,,88.7516138330102,13146,1,False,True,False,,2.863622105736564
v300_s9_p10,300,0.1,h2,False,0,1.3374840001131822,47.236728292002226,565.0,51.0,True,True,1.3416680250564395,16.891833582980325,794,1,True,True,True,-0.004184024943257203,2.796423967827652
v300_s9_p10,300,0.1,h2,True,0,1.3278414743310314,46.3776685000048,557.0,55.0,True,True,1.3326385105972167,17.045525749999797,792,1,True,True,True,-0.004797036266185328,2.720811852928934
v300_s9_p10,300,0.1,h3,False,0,1.3310330885820407,71.63835324998945,335.0,166.0,True,True,1.359036045924572,18.75198800000362,794,1,True,True,True,-0.02800295734253133,3.820307118902573
v300_s9_p10,300,0.1,h3,True,0,1.341979917239556,67.44755883299513,362.0,152.0,True,True,1.36492291673375,18.880918584007304,792,1,True,True,True,-0.022942999494194094,3.5722604561266
v300_s9_p10,300,0.1,h4,False,0,1.3592231365805953,168.61520333299995,222.0,275.0,True,True,,54.00153662500088,9944,1,False,True,False,,3.1224149139292607
v300_s9_p10,300,0.1,h4,True,0,1.3499055757814338,165.75618224999926,228.0,266.0,True,True,,54.10583004099317,9941,1,False,True,False,,3.063554927896207
v300_s9_p10,300,0.1,h2+3,False,0,1.3352154288479956,72.21578033299011,335.0,166.0,True,True,1.3597181129285352,19.049320749996696,794,1,True,True,True,-0.024502684080539572,3.790989782824809
v300_s9_p10,300,0.1,h2+3,True,0,1.334849683791589,68.41660904198943,362.0,152.0,True,True,1.3583254555735358,19.132244542008266,792,1,True,True,True,-0.023475771781946708,3.5759844534585854
v300_s9_p10,300,0.1,h2+3+4,False,0,1.3644212749652311,177.8215584589925,235.0,275.0,True,True,,59.19293379201554,9944,1,False,True,False,,3.0041011159169586
v300_s9_p10,300,0.1,h2+3+4,True,0,1.3435843020470812,172.36429687499185,240.0,266.0,True,True,,58.99639487499371,9941,1,False,True,False,,2.9216072819400427
v300_s9_p30,300,0.3,h2,False,0,1.4436959276321082,27.13963745899673,545.0,5.0,True,True,1.471812920202338,13.879658499994548,617,1,True,True,True,-0.028116992570229815,1.9553534014548983
v300_s9_p30,300,0.3,h2,True,0,1.4495648375528793,22.353546832993743,452.0,17.0,True,True,1.4800620449163417,11.28656266699545,580,1,True,True,True,-0.030497207363462397,1.980545139607539
v300_s9_p30,300,0.3,h3,False,0,1.4481768768204342,25.36496045900276,326.0,62.0,True,True,1.4811037840208003,14.997589166974649,617,1,True,True,True,-0.03292690720036617,1.6912691884411342
v300_s9_p30,300,0.3,h3,True,0,1.45153351247385,22.23113737499807,300.0,61.0,True,True,1.4900213797720259,12.29842966698925,580,1,True,True,True,-0.03848786729817588,1.8076403229486797
v300_s9_p30,300,0.3,h4,False,0,1.44388823374662,40.77400329201191,323.0,128.0,True,True,,20.29339799997979,5177,1,False,True,False,,2.009225034272354
v300_s9_p30,300,0.3,h4,True,0,1.4460653535424288,42.06894020900654,254.0,143.0,True,True,,19.142897415993502,5111,1,False,True,False,,2.197626581536126
v300_s9_p30,300,0.3,h2+3,False,0,1.4447146177553236,26.388539499996114,326.0,62.0,True,True,1.48539300112109,16.233667166001396,617,1,True,True,True,-0.04067838336576646,1.6255439532025358
v300_s9_p30,300,0.3,h2+3,True,0,1.455557394048737,23.334245500009274,300.0,61.0,True,True,1.4731035321359294,13.374159125000006,580,1,True,True,True,-0.01754613808719241,1.7447261754491248
v300_s9_p30,300,0.3,h2+3+4,False,0,1.4654233998378348,40.92511650000233,331.0,126.0,True,True,,20.555503999989014,5177,1,False,True,False,,1.9909566070491
v300_s9_p30,300,0.3,h2+3+4,True,0,1.4423128044069375,45.46645212499425,264.0,143.0,True,True,,19.78202316700481,5111,1,False,True,False,,2.2983722009197463
v300_s9_p50,300,0.5,h2,False,0,1.8794251503315038,6.004420375000336,441.0,1.0,True,True,1.8794251503315038,5.406134582997765,441,1,True,True,True,0.0,1.1106679426524402
v300_s9_p50,300,0.5,h2,True,0,1.910681913907231,2.916754125006264,305.0,1.0,True,True,1.910681913907231,2.574029208975844,305,1,True,True,True,0.0,1.133147252111713
v300_s9_p50,300,0.5,h3,False,0,1.766307440205344,13.916160207998473,272.0,11.0,True,True,1.7823590139065815,8.374052750004921,441,1,True,True,True,-0.016051573701237443,1.6618190287839176
v300_s9_p50,300,0.5,h3,True,0,1.9305596255706703,7.740648915991187,216.0,5.0,True,True,1.8955316717772603,3.6923203750047833,305,1,True,True,True,0.03502795379340995,2.0964185470988985
v300_s9_p50,300,0.5,h4,False,0,1.821768917167173,12.083397082999,265.0,37.0,True,True,,4.166628542006947,2104,1,False,True,False,,2.900041835065712
v300_s9_p50,300,0.5,h4,True,0,1.8392785717402138,7.874314041007892,167.0,38.0,True,True,,3.6277167919906788,1820,1,False,True,False,,2.170597787124096
v300_s9_p50,300,0.5,h2+3,False,0,1.7717620092391728,14.883787667000433,272.0,11.0,True,True,1.77162402486098,8.51862941600848,441,1,True,True,True,0.0001379843781927903,1.7472045020564395
v300_s9_p50,300,0.5,h2+3,True,0,1.8718819104216742,8.364611249999143,216.0,5.0,True,True,1.8462250589803468,3.682485750003252,305,1,True,True,True,0.025656851441327344,2.271457873256334
v300_s9_p50,300,0.5,h2+3+4,False,0,1.8102201690138333,14.255137540996657,265.0,37.0,True,True,,4.808882084005745,2104,1,False,True,False,,2.9643350142456155
v300_s9_p50,300,0.5,h2+3+4,True,0,1.8661613289303327,9.222710874993936,171.0,38.0,True,True,,3.939218040992273,1820,1,False,True,False,,2.341254223305388
v400_s0_p0,400,0.0,h2,False,0,1.2923932910765095,144.9068307920097,943.0,48.0,True,True,1.2905446817702286,32.69309537499794,1179,1,True,True,True,0.001848609306280835,4.432337444034966
v400_s0_p0,400,0.0,h2,True,0,1.2923932910765095,143.2093917500024,943.0,48.0,True,True,1.2905446817702286,33.23064770799829,1179,1,True,True,True,0.001848609306280835,4.309557641139006
v400_s0_p0,400,0.0,h3,False,0,1.2886577807465285,235.88055800000438,437.0,317.0,True,True,1.3269267907326585,38.897561749996385,1179,1,True,True,True,-0.03826900998613003,6.0641476583047345
v400_s0_p0,400,0.0,h3,True,0,1.2886577807465285,236.8815937499894,437.0,317.0,True,True,1.3269267907326585,39.14275670799543,1179,1,True,True,True,-0.03826900998613003,6.051735076226841
v400_s0_p0,400,0.0,h4,False,0,1.3301799554876115,563.7280101250071,270.0,457.0,True,True,,126.57724945800146,17583,1,False,True,False,,4.453628219438068
v400_s0_p0,400,0.0,h4,True,0,1.3301799554876115,569.8091408329929,270.0,457.0,True,True,,135.92441262499779,17583,1,False,True,False,,4.192103021294937
v400_s0_p0,400,0.0,h2+3,False,0,1.2985104675333707,236.83637770899804,437.0,317.0,True,True,1.3199442449611065,39.12800995801808,1179,1,True,True,True,-0.02143377742773578,6.05286029018876
v400_s0_p0,400,0.0,h2+3,True,0,1.2985104675333707,240.33283512499474,437.0,317.0,True,True,1.3199442449611065,40.07093704098952,1179,1,True,True,True,-0.02143377742773578,5.997684428471252
v400_s0_p0,400,0.0,h2+3+4,False,0,1.3342073766879616,570.0151074589958,270.0,457.0,True,True,,149.60405341698788,17583,1,False,True,False,,3.810158177133115
v400_s0_p0,400,0.0,h2+3+4,True,0,1.3342073766879616,583.5320392920112,270.0,457.0,True,True,,152.27830420900136,17583,1,False,True,False,,3.832010359736577
v400_s0_p10,400,0.1,h2,False,0,1.3026948353011583,103.49193395899783,880.0,28.0,True,True,1.312191052838513,30.31594779100851,1061,1,True,True,True,-0.009496217537354745,3.41377860499195
v400_s0_p10,400,0.1,h2,True,0,1.3039562197065628,100.87848558300175,684.0,90.0,True,True,1.3255735164136433,30.480485915992176,1057,1,True,True,True,-0.021617296707080458,3.3096088382919744
v400_s0_p10,400,0.1,h3,False,0,1.306137382850416,128.79393204201187,515.0,181.0,True,True,1.3593180059205736,33.93588020800962,1061,1,True,True,True,-0.053180623070157695,3.7952141288975216
v400_s0_p10,400,0.1,h3,True,0,1.3305953043843968,157.04181595800037,451.0,226.0,True,True,1.3532154618741732,33.63996537498315,1057,1,True,True,True,-0.022620157489776416,4.668310867965007
v400_s0_p10,400,0.1,h4,False,0,1.3269447301431014,365.25827724998817,371.0,350.0,True,True,,89.68153887501103,13283,1,False,True,False,,4.0728368606503045
v400_s0_p10,400,0.1,h4,True,0,1.3224468496123314,343.25133270799415,371.0,341.0,True,True,,89.13814133399865,13283,1,False,True,False,,3.85077956047837
v400_s0_p10,400,0.1,h2+3,False,0,1.3141356541071039,130.47163316700608,515.0,181.0,True,True,1.34570325640005,34.29675275000045,1061,1,True,True,True,-0.031567602292946084,3.804197852725412
v400_s0_p10,400,0.1,h2+3,True,0,1.3296121885723047,161.176188833997,451.0,226.0,True,True,1.350471481856779,34.146037750004325,1057,1,True,True,True,-0.020859293284474223,4.720201799518499
v400_s0_p10,400,0.1,h2+3+4,False,0,1.3264957763973997,375.1502694170049,385.0,350.0,True,True,,98.20618829198065,13283,1,False,True,False,,3.8200267818320266
v400_s0_p10,400,0.1,h2+3+4,True,0,1.3272618821327293,346.46355279099953,388.0,341.0,True,True,,98.97363766600029,13283,1,False,True,False,,3.5005639982657493
v400_s0_p30,400,0.3,h2,False,0,1.425615359417004,51.560523208012455,739.0,4.0,True,True,1.4284670875475405,24.882333999994444,825,1,True,True,True,-0.0028517281305364683,2.0721739049087584
v400_s0_p30,400,0.3,h2,True,0,1.4099861748685814,46.32699149999826,637.0,15.0,True,True,1.4570365369665408,19.936233499989612,770,1,True,True,True,-0.04705036209795943,2.3237584722320994
v400_s0_p30,400,0.3,h3,False,0,1.4336580633285028,50.847734250011854,417.0,89.0,True,True,1.4535584788440592,27.198443708010018,825,1,True,True,True,-0.019900415515556436,1.8695089614644773
v400_s0_p30,400,0.3,h3,True,0,1.4311289549866082,51.848727959004464,378.0,103.0,True,True,1.4493753888298357,21.552199958998244,770,1,True,True,True,-0.01824643384322755,2.405727863403436
v400_s0_p30,400,0.3,h4,False,0,1.425857174036189,137.35155375000613,254.0,235.0,True,True,,33.38641404200462,6961,1,False,True,False,,4.113995398763081
v400_s0_p30,400,0.3,h4,True,0,1.4348933938387596,133.1226808749925,203.0,239.0,True,True,,30.866942291992018,6865,1,False,True,False,,4.312791322693769
v400_s0_p30,400,0.3,h2+3,False,0,1.436606142693848,53.24047483300092,417.0,89.0,True,True,1.4488609316612036,28.363116499996977,825,1,True,True,True,-0.012254788967355656,1.8771024274785386
v400_s0_p30,400,0.3,h2+3,True,0,1.4281925873918013,53.47100070799934,378.0,103.0,True,True,1.4417107138867535,22.799489415978314,770,1,True,True,True,-0.01351812649495221,2.345271849400533
v400_s0_p30,400,0.3,h2+3+4,False,0,1.4179793839905335,140.20969320798758,266.0,235.0,True,True,,32.95334154198645,6961,1,False,True,False,,4.254794404668913
v400_s0_p30,400,0.3,h2+3+4,True,0,1.4375327649897216,134.5659435000125,225.0,239.0,True,True,,30.455025832983665,6865,1,False,True,False,,4.418513523448525
v400_s0_p50,400,0.5,h2,False,0,2.1606513312415694,8.918426707998151,589.0,1.0,True,True,2.1606513312415694,7.947816750005586,589,1,True,True,True,0.0,1.122122840589132
v400_s0_p50,400,0.5,h2,True,0,1.8982684341620903,4.026585541010718,412.0,1.0,True,True,1.8982684341620903,3.512992292002309,412,1,True,True,True,0.0,1.1461982282675818
v400_s0_p50,400,0.5,h3,False,0,1.7971232280649074,23.721418125001946,310.0,22.0,True,True,1.821136312084277,9.287669458019082,589,1,True,True,True,-0.024013084019369524,2.554076480889466
v400_s0_p50,400,0.5,h3,True,0,1.710350330671923,10.406919459011988,208.0,33.0,True,True,1.8323186477308437,4.350241000007372,412,1,True,True,True,-0.12196831705892075,2.392262741074426
v400_s0_p50,400,0.5,h4,False,0,,22.778424458010704,425.0,45.0,False,True,,6.0103919999965,2830,1,False,True,False,,3.78984007333032
v400_s0_p50,400,0.5,h4,True,0,1.7619517303854444,16.52430837501015,194.0,56.0,True,True,,5.062314083013916,2420,1,False,True,False,,3.2641807884769136
v400_s0_p50,400,0.5,h2+3,False,0,1.8572321878338454,25.27045924999402,310.0,22.0,True,True,1.8269041787907916,9.716862542001763,589,1,True,True,True,0.030328009043053772,2.6006809441587584
v400_s0_p50,400,0.5,h2+3,True,0,1.7132788761095128,10.982897082998534,208.0,33.0,True,True,1.8645926446224486,4.097893124999246,412,1,True,True,True,-0.15131376851293576,2.680132631082358
v400_s0_p50,400,0.5,h2+3+4,False,0,,25.760628292002366,427.0,45.0,False,True,,7.006628625007579,2830,1,False,True,False,,3.676608204987388
v400_s0_p50,400,0.5,h2+3+4,True,0,1.764115763552533,18.647717416999512,197.0,56.0,True,True,,5.754591167002218,2420,1,False,True,False,,3.240493872775641
v400_s1_p0,400,0.0,h2,False,0,1.2782989669065252,148.22820854200108,991.0,34.0,True,True,1.302243596959706,32.16858733299887,1180,1,True,True,True,-0.023944630053180704,4.6078557012028645
v400_s1_p0,400,0.0,h2,True,0,1.2782989669065252,147.91289570801018,991.0,34.0,True,True,1.302243596959706,31.957377582992194,1180,1,True,True,True,-0.023944630053180704,4.628442847786417
v400_s1_p0,400,0.0,h3,False,0,1.299589825918677,220.96447858399188,516.0,255.0,True,True,1.3390461578248094,38.12244508397998,1180,1,True,True,True,-0.03945633190613229,5.796178028382727
v400_s1_p0,400,0.0,h3,True,0,1.299589825918677,221.78997504198924,516.0,255.0,True,True,1.3390461578248094,38.9947207919904,1180,1,True,True,True,-0.03945633190613229,5.6876923475124705
v400_s1_p0,400,0.0,h4,False,0,1.3205171297481595,633.0059413749987,326.0,459.0,True,True,,129.2702819579863,17741,1,False,True,False,,4.896763059437975
v400_s1_p0,400,0.0,h4,True,0,1.3205171297481595,643.1147559160017,326.0,459.0,True,True,,139.12627816700842,17741,1,False,True,False,,4.622525409211343
v400_s1_p0,400,0.0,h2+3,False,0,1.2980985783400176,226.43817391700577,516.0,255.0,True,True,1.3360011375776553,39.43638154101791,1180,1,True,True,True,-0.037902559237637634,5.741859802261186
v400_s1_p0,400,0.0,h2+3,True,0,1.2980985783400176,223.29052283299097,516.0,255.0,True,True,1.3360011375776553,39.84390558299492,1180,1,True,True,True,-0.037902559237637634,5.604132415379723
v400_s1_p0,400,0.0,h2+3+4,False,0,1.3198310534845552,640.0220889159973,326.0,459.0,True,True,,154.8341998750111,17741,1,False,True,False,,4.133596385247258
v400_s1_p0,400,0.0,h2+3+4,True,0,1.3198310534845552,641.832121667001,326.0,459.0,True,True,,156.33223337502568,17741,1,False,True,False,,4.10556484616521
v400_s1_p10,400,0.1,h2,False,0,1.329751353544521,115.31414445801056,1008.0,6.0,True,True,1.3240612084417407,30.60445770798833,1062,1,True,True,True,0.005690145102780209,3.767887199906549
v400_s1_p10,400,0.1,h2,True,0,1.3246518955672522,114.1179569169908,1002.0,6.0,True,True,1.3407330815943315,30.388777667016257,1056,1,True,True,True,-0.01608118602707931,3.755266439717763
v400_s1_p10,400,0.1,h3,False,0,1.3500277221041814,151.5540022500063,476.0,215.0,True,True,1.3636813218287855,34.621731958992314,1062,1,True,True,True,-0.013653599724604115,4.377424053467757
v400_s1_p10,400,0.1,h3,True,0,1.3332340344843117,162.9543126669887,473.0,222.0,True,True,1.3674603660405829,33.77178020798601,1056,1,True,True,True,-0.034226331556271195,4.825162063220312
v400_s1_p10,400,0.1,h4,False,0,1.3464254784309357,260.51235937500314,515.0,322.0,True,True,,90.81826041699969,13370,1,False,True,False,,2.868501975030558
v400_s1_p10,400,0.1,h4,True,0,1.3422050139365362,426.1626608330116,265.0,386.0,True,True,,89.22881699999562,13382,1,False,True,False,,4.776065347061953
v400_s1_p10,400,0.1,h2+3,False,0,1.3467169642356271,155.5610399589932,476.0,215.0,True,True,1.368797604964393,34.91815670899814,1062,1,True,True,True,-0.02208064072876592,4.455018667090933
v400_s1_p10,400,0.1,h2+3,True,0,1.3349897097475398,169.6850123750046,473.0,222.0,True,True,1.3573822099653026,34.00993954099249,1056,1,True,True,True,-0.022392500217762734,4.989277095611467
v400_s1_p10,400,0.1,h2+3+4,False,0,1.3462748526713575,290.4372257919895,517.0,314.0,True,True,,99.93958100001328,13370,1,False,True,False,,2.906128111463174
v400_s1_p10,400,0.1,h2+3+4,True,0,1.3438201408209207,438.49245016700297,277.0,386.0,True,True,,100.29039995800122,13382,1,False,True,False,,4.3722275546875
v400_s1_p30,400,0.3,h2,False,0,1.445607143992933,28.23261629100307,826.0,1.0,True,True,1.445607143992933,25.265668750012992,826,1,True,True,True,0.0,1.1174300023619423
v400_s1_p30,400,0.3,h2,True,0,1.4510835638035047,21.530254458994023,766.0,1.0,True,True,1.4510835638035047,19.27072041601059,766,1,True,True,True,0.0,1.1172521833229523
v400_s1_p30,400,0.3,h3,False,0,1.4312493985722328,50.27376912499312,430.0,77.0,True,True,1.4663704658904544,27.73971112500294,826,1,True,True,True,-0.03512106731822162,1.8123393173939475
v400_s1_p30,400,0.3,h3,True,0,1.4385633867120098,59.009619417003705,352.0,109.0,True,True,1.4920011716198989,21.347850750025827,766,1,True,True,True,-0.053437784907889085,2.764194864765593
v400_s1_p30,400,0.3,h4,False,0,1.454915935168513,129.413660834005,320.0,202.0,True,True,,34.07984304099227,7099,1,False,True,False,,3.7973666920455678
v400_s1_p30,400,0.3,h4,True,0,1.4398217822490178,124.84002920800413,280.0,190.0,True,True,,32.226315332984086,7038,1,False,True,False,,3.8738536478052956
v400_s1_p30,400,0.3,h2+3,False,0,1.439718334641205,50.53008545799821,430.0,77.0,True,True,1.4552045762445986,28.286793624982238,826,1,True,True,True,-0.015486241603393625,1.786348998331547
v400_s1_p30,400,0.3,h2+3,True,0,1.435778186764366,59.87267491700186,352.0,109.0,True,True,1.4874798786414976,22.3067855410045,766,1,True,True,True,-0.051701691877131584,2.68405659824646
v400_s1_p30,400,0.3,h2+3+4,False,0,1.4652349004933072,136.75154774999828,331.0,202.0,True,True,,35.455201916978694,7099,1,False,True,False,,3.8570235214063486
v400_s1_p30,400,0.3,h2+3+4,True,0,1.4403611609726445,130.51746000000276,287.0,190.0,True,True,,34.261478125001304,7038,1,False,True,False,,3.8094521060596476
v400_s1_p50,400,0.5,h2,False,0,,8.749807790998602,590.0,1.0,False,True,,7.870412541000405,590,1,False,True,False,,1.111734327192767
v400_s1_p50,400,0.5,h2,True,0,1.8891986041006628,4.018432791999658,411.0,1.0,True,True,1.8891986041006628,3.443392999994103,411,1,True,True,True,0.0,1.1669980138794902
v400_s1_p50,400,0.5,h3,False,0,1.7215945080543593,19.83055025000067,302.0,27.0,True,True,1.8620514886700033,9.652763124991907,590,1,True,True,True,-0.14045698061564393,2.0543910581062037
v400_s1_p50,400,0.5,h3,True,0,1.6828359379124176,10.68202508300601,201.0,36.0,True,True,1.9243781025028548,5.597601708985167,411,1,True,True,True,-0.2415421645904372,1.908321748912471
v400_s1_p50,400,0.5,h4,False,0,1.7586948924867984,25.212742167001124,285.0,65.0,True,True,,6.458726500015473,2883,1,False,True,False,,3.9036708191530827
v400_s1_p50,400,0.5,h4,True,0,1.735064565186973,18.189486750008655,181.0,61.0,True,True,,5.235038874991005,2469,1,False,True,False,,3.474565745233345
v400_s1_p50,400,0.5,h2+3,False,0,1.7128583161751598,20.917281999994884,302.0,27.0,True,True,1.8603577530348812,9.647877542010974,590,1,True,True,True,-0.14749943685972133,2.1680708434484286
v400_s1_p50,400,0.5,h2+3,True,0,1.6763433035068518,11.327219041995704,202.0,36.0,True,True,1.8458717958761437,4.45950354100205,411,1,True,True,True,-0.1695284923692919,2.5400179499466167
v400_s1_p50,400,0.5,h2+3+4,False,0,1.752120731876444,27.783362250003847,285.0,65.0,True,True,,7.423994583019521,2883,1,False,True,False,,3.742373723379479
v400_s1_p50,400,0.5,h2+3+4,True,0,1.7460745882417108,20.09686537498783,185.0,61.0,True,True,,5.8152405419969,2469,1,False,True,False,,3.455895801704318
v400_s2_p0,400,0.0,h2,False,0,1.290318214297924,148.87116687500384,942.0,50.0,True,True,1.2988154090586774,31.994763624999905,1184,1,True,True,True,-0.008497194760753501,4.652985364101257
v400_s2_p0,400,0.0,h2,True,0,1.290318214297924,146.0197659159894,942.0,50.0,True,True,1.2988154090586774,32.208036291995086,1184,1,True,True,True,-0.008497194760753501,4.533643858079011
v400_s2_p0,400,0.0,h3,False,0,1.3102578599696462,251.21348491701065,432.0,323.0,True,True,1.322644128619667,38.48128616702161,1184,1,True,True,True,-0.012386268650020904,6.5281987672309185
v400_s2_p0,400,0.0,h3,True,0,1.3102578599696462,255.91453441701015,432.0,323.0,True,True,1.322644128619667,38.87059800000861,1184,1,True,True,True,-0.012386268650020904,6.583756041441746
v400_s2_p0,400,0.0,h4,False,0,1.3324240478091693,906.7847624999995,113.0,572.0,True,True,,140.43328516598558,17695,1,False,True,False,,6.457050131870249
v400_s2_p0,400,0.0,h4,True,0,1.3324240478091693,898.1686931250006,113.0,572.0,True,True,,140.25525895800092,17695,1,False,True,False,,6.403814728929023
v400_s2_p0,400,0.0,h2+3,False,0,1.30976643302427,258.1535611250001,432.0,323.0,True,True,1.3262702167649094,39.05950712499907,1184,1,True,True,True,-0.016503783740639433,6.609237548718973
v400_s2_p0,400,0.0,h2+3,True,0,1.30976643302427,263.45802358300716,432.0,323.0,True,True,1.3262702167649094,39.754871582990745,1184,1,True,True,True,-0.016503783740639433,6.6270626238352275
v400_s2_p0,400,0.0,h2+3+4,False,0,1.3329682728858214,911.2024645839992,113.0,572.0,True,True,,156.52595416700933,17695,1,False,True,False,,5.82141453430636
v400_s2_p0,400,0.0,h2+3+4,True,0,1.3329682728858214,910.4818590000068,113.0,572.0,True,True,,157.9514064580144,17695,1,False,True,False,,5.764316250276791
v400_s2_p10,400,0.1,h2,False,0,1.3263059320069532,115.96006912499433,1011.0,6.0,True,True,1.3359865865654472,30.40289204198052,1066,1,True,True,True,-0.009680654558493984,3.8141131101895134
v400_s2_p10,400,0.1,h2,True,0,1.3186746299165333,117.13419295799395,1006.0,6.0,True,True,1.3351348622662977,30.840496916003758,1064,1,True,True,True,-0.01646023234976446,3.7980643851821547
v400_s2_p10,400,0.1,h3,False,0,1.3222520773750817,158.84246729199367,464.0,210.0,True,True,1.3595004507818882,33.92019458298455,1066,1,True,True,True,-0.037248373406806534,4.682828894256229
v400_s2_p10,400,0.1,h3,True,0,1.3332838836362055,169.6661729579937,430.0,231.0,True,True,1.365364500318399,34.573960375011666,1064,1,True,True,True,-0.03208061668219342,4.9073398337270016
v400_s2_p10,400,0.1,h4,False,0,1.339080302216836,353.6338689999975,398.0,335.0,True,True,,89.07769700000063,13391,1,False,True,False,,3.969948493392179
v400_s2_p10,400,0.1,h4,True,0,1.3480406869831203,391.80544079201354,321.0,350.0,True,True,,89.30346920798183,13381,1,False,True,False,,4.387348490118842
v400_s2_p10,400,0.1,h2+3,False,0,1.3229067298793562,162.1202635410009,464.0,210.0,True,True,1.3600271248874642,35.0698307499988,1066,1,True,True,True,-0.03712039500810804,4.622784315576044
v400_s2_p10,400,0.1,h2+3,True,0,1.3240083812738044,171.0159775840002,430.0,231.0,True,True,1.3462043190383362,34.51503645800403,1064,1,True,True,True,-0.02219593776453177,4.954825349585908
v400_s2_p10,400,0.1,h2+3+4,False,0,1.3390068174135903,357.35426854199613,410.0,335.0,True,True,,105.68931350001367,13391,1,False,True,False,,3.381176929888469
v400_s2_p10,400,0.1,h2+3+4,True,0,1.3461108331590306,382.7941879169957,340.0,350.0,True,True,,105.68495879200054,13381,1,False,True,False,,3.622030914260715
v400_s2_p30,400,0.3,h2,False,0,1.4545324594563607,25.901455207989784,829.0,1.0,True,True,1.4545324594563607,23.748869709001156,829,1,True,True,True,0.0,1.0906394925469975
v400_s2_p30,400,0.3,h2,True,0,1.4862188653384398,21.81569099999615,783.0,1.0,True,True,1.4862188653384398,19.521769125014544,783,1,True,True,True,0.0,1.1175058397777202
v400_s2_p30,400,0.3,h3,False,0,1.4325888849647967,69.86747495899908,371.0,112.0,True,True,1.471320989700524,28.0792347920069,829,1,True,True,True,-0.03873210473572719,2.48822574676742
v400_s2_p30,400,0.3,h3,True,0,1.4571328886846002,46.753603499993915,417.0,88.0,True,True,1.4914611039547139,22.95679274998838,783,1,True,True,True,-0.03432821527011365,2.036591261208192
v400_s2_p30,400,0.3,h4,False,0,1.4542338585254053,98.4126040419942,436.0,183.0,True,True,,34.98871449998114,7038,1,False,True,False,,2.8126956205277915
v400_s2_p30,400,0.3,h4,True,0,1.4544753855951627,90.74759800000174,372.0,181.0,True,True,,33.07857941699331,7011,1,False,True,False,,2.7433946559803712
v400_s2_p30,400,0.3,h2+3,False,0,1.4344100077729907,72.50271174999943,371.0,112.0,True,True,1.4676083707961782,28.80716937498073,829,1,True,True,True,-0.03319836302318757,2.5168287382296106
v400_s2_p30,400,0.3,h2+3,True,0,1.4554008537934715,49.01877966700704,417.0,88.0,True,True,1.4601729787724615,25.03177991701523,783,1,True,True,True,-0.004772124978990044,1.958261850715888
v400_s2_p30,400,0.3,h2+3+4,False,0,1.461102301225129,100.39959062500566,442.0,183.0,True,True,,36.16426879199571,7038,1,False,True,False,,2.7762096118262245
v400_s2_p30,400,0.3,h2+3+4,True,0,1.4525415293598603,96.46182633300486,385.0,181.0,True,True,,35.35353200000827,7011,1,False,True,False,,2.7284919179498752
v400_s2_p50,400,0.5,h2,False,0,1.9058173207721518,9.648424041995895,592.0,1.0,True,True,1.9058173207721518,8.903256042016437,592,1,True,True,True,0.0,1.0836961215607914
v400_s2_p50,400,0.5,h2,True,0,1.827876576193174,5.592673374994774,419.0,1.0,True,True,1.827876576193174,5.107484709005803,419,1,True,True,True,0.0,1.0949956179278344
v400_s2_p50,400,0.5,h3,False,0,1.7347953083922656,18.777413999996497,345.0,21.0,True,True,1.740702670161846,15.617004875006387,592,1,True,True,True,-0.005907361769580399,1.202369734163819
v400_s2_p50,400,0.5,h3,True,0,1.7394346239280847,12.137025625008391,241.0,20.0,True,True,1.805878627497025,7.501118832995417,419,1,True,True,True,-0.06644400356894042,1.6180287094800925
v400_s2_p50,400,0.5,h4,False,0,1.7076524742655494,27.327631292006117,189.0,83.0,True,True,,6.417407624976477,2846,1,False,True,False,,4.258359899976946
v400_s2_p50,400,0.5,h4,True,0,1.7086945733515857,16.038937500008615,272.0,53.0,True,True,,5.574163209006656,2485,1,False,True,False,,2.8773713468046864
v400_s2_p50,400,0.5,h2+3,False,0,1.682452917909024,20.130355749992304,345.0,21.0,True,True,1.713044119919628,15.320835999998963,592,1,True,True,True,-0.030591202010604057,1.313920190124982
v400_s2_p50,400,0.5,h2+3,True,0,1.7368349775368186,12.85733283299487,241.0,20.0,True,True,1.7921438512007504,7.35073466601898,419,1,True,True,True,-0.05530887366393178,1.7491221513452018
v400_s2_p50,400,0.5,h2+3+4,False,0,1.708409082002897,30.217942833012785,191.0,83.0,True,True,,7.230758207995677,2846,1,False,True,False,,4.1790835710144725
v400_s2_p50,400,0.5,h2+3+4,True,0,1.7012450308042997,17.930852250006865,275.0,53.0,True,True,,6.067638042004546,2485,1,False,True,False,,2.955161815170357
v400_s3_p0,400,0.0,h2,False,0,1.2996773767867187,148.87592062499607,700.0,155.0,True,True,1.2894928381459632,31.6515913750045,1180,1,True,True,True,0.010184538640755525,4.70358405873281
v400_s3_p0,400,0.0,h2,True,0,1.2996773767867187,150.72516975000326,700.0,155.0,True,True,1.2894928381459632,32.21005116699962,1180,1,True,True,True,0.010184538640755525,4.679445213189439
v400_s3_p0,400,0.0,h3,False,0,1.3102280514496814,299.32305412500864,395.0,338.0,True,True,1.322781143408004,38.46025345797534,1180,1,True,True,True,-0.012553091958322549,7.782659426622662
v400_s3_p0,400,0.0,h3,True,0,1.3102280514496814,307.73303108300024,395.0,338.0,True,True,1.322781143408004,38.23401666700374,1180,1,True,True,True,-0.012553091958322549,8.04867125950113
v400_s3_p0,400,0.0,h4,False,0,1.32040581795355,603.3914411250007,318.0,442.0,True,True,,135.690642749978,17617,1,False,True,False,,4.4468168835842485
v400_s3_p0,400,0.0,h4,True,0,1.32040581795355,576.2753835410113,318.0,442.0,True,True,,135.4015391659923,17617,1,False,True,False,,4.25604750943444
v400_s3_p0,400,0.0,h2+3,False,0,1.3010371885149465,299.2893555829942,395.0,338.0,True,True,1.317569694073386,39.48387933298363,1180,1,True,True,True,-0.016532505558439547,7.580039262580183
v400_s3_p0,400,0.0,h2+3,True,0,1.3010371885149465,299.9345439999888,395.0,338.0,True,True,1.317569694073386,39.747555750014726,1180,1,True,True,True,-0.016532505558439547,7.545987126513501
v400_s3_p0,400,0.0,h2+3+4,False,0,1.3168661512710376,589.7696503329935,318.0,442.0,True,True,,155.47180291698896,17617,1,False,True,False,,3.7934187374664274
v400_s3_p0,400,0.0,h2+3+4,True,0,1.3168661512710376,591.3744995000015,318.0,442.0,True,True,,156.20854533300735,17617,1,False,True,False,,3.7858012072214224
v400_s3_p10,400,0.1,h2,False,0,1.3019238641131556,105.24719166599971,862.0,36.0,True,True,1.3204822157274407,30.25824354198994,1062,1,True,True,True,-0.018558351614285096,3.4782981213019246
v400_s3_p10,400,0.1,h2,True,0,1.3075060942959251,103.5069467919966,805.0,54.0,True,True,1.3229362214473945,30.234368959005224,1056,1,True,True,True,-0.015430127151469408,3.423486262681442
v400_s3_p10,400,0.1,h3,False,0,1.349792573845958,129.24026254100318,507.0,195.0,True,True,1.3588699961278703,33.67954404201009,1062,1,True,True,True,-0.009077422281912328,3.837351906539936
v400_s3_p10,400,0.1,h3,True,0,1.3141556280502626,159.50303683300444,460.0,219.0,True,True,1.3466713069029057,33.703022708010394,1056,1,True,True,True,-0.03251567885264306,4.732603310239424
v400_s3_p10,400,0.1,h4,False,0,1.341106653997892,391.3363614580012,296.0,370.0,True,True,,91.43662333398242,13330,1,False,True,False,,4.27986453555488
v400_s3_p10,400,0.1,h4,True,0,1.3389976857244772,390.03996633400675,337.0,357.0,True,True,,86.29771283399896,13319,1,False,True,False,,4.519702243839093
v400_s3_p10,400,0.1,h2+3,False,0,1.3423761589986025,129.53931416700652,507.0,195.0,True,True,1.334785127623398,34.39418283398845,1062,1,True,True,True,0.00759103137520456,3.766314635014248
v400_s3_p10,400,0.1,h2+3,True,0,1.3123320561021405,159.59931658300047,460.0,219.0,True,True,1.3524476787661874,33.82839337500627,1056,1,True,True,True,-0.04011562266404689,4.717910035329039
v400_s3_p10,400,0.1,h2+3+4,False,0,1.3358569799216296,400.47165245900396,315.0,370.0,True,True,,100.36708937500953,13330,1,False,True,False,,3.990069403753355
v400_s3_p10,400,0.1,h2+3+4,True,0,1.3425012707463833,394.54220658299164,356.0,357.0,True,True,,99.36876162499539,13319,1,False,True,False,,3.970485292671171
v400_s3_p30,400,0.3,h2,False,0,1.411605634889564,44.8517942079925,557.0,41.0,True,True,1.4465768709548776,25.309754999994766,826,1,True,True,True,-0.034971236065313605,1.772114910160204
v400_s3_p30,400,0.3,h2,True,0,1.4119472564603075,44.446929333003936,629.0,19.0,True,True,1.4554725697156676,20.814296083990484,779,1,True,True,True,-0.04352531325536013,2.135403914388953
v400_s3_p30,400,0.3,h3,False,0,1.449586155224621,47.82829774999118,467.0,65.0,True,True,1.4504520363453486,27.770232916023815,826,1,True,True,True,-0.0008658811207276074,1.722286517892098
v400_s3_p30,400,0.3,h3,True,0,1.4302528127430227,49.42802816700714,376.0,95.0,True,True,1.4418532793324121,23.061267375014722,779,1,True,True,True,-0.011600466589389402,2.143335288699656
v400_s3_p30,400,0.3,h4,False,0,1.449544116256194,128.52373566600727,296.0,202.0,True,True,,33.25558466601069,6966,1,False,True,False,,3.8647263897713593
v400_s3_p30,400,0.3,h4,True,0,1.4394430057532013,114.63150050000695,270.0,205.0,True,True,,31.557890583004337,6947,1,False,True,False,,3.6324196067066135
v400_s3_p30,400,0.3,h2+3,False,0,1.4455947956563073,48.75157300000137,467.0,65.0,True,True,1.4329028050525625,28.900708000001032,826,1,True,True,True,0.012691990603744818,1.6868643148811313
v400_s3_p30,400,0.3,h2+3,True,0,1.4521238336112303,50.10617450000427,377.0,95.0,True,True,1.4554880714024796,24.07831562499632,779,1,True,True,True,-0.0033642377912492805,2.080966761976812
v400_s3_p30,400,0.3,h2+3+4,False,0,1.4467841376655388,132.69523529199068,304.0,202.0,True,True,,33.94969641600619,6966,1,False,True,False,,3.908583854948086
v400_s3_p30,400,0.3,h2+3+4,True,0,1.4417450828179506,120.0693249580072,284.0,205.0,True,True,,32.54601416600053,6947,1,False,True,False,,3.6892174982040853
v400_s3_p50,400,0.5,h2,False,0,,9.068598832993302,590.0,1.0,False,True,,8.245051791978767,590,1,False,True,False,,1.0998837923390277
v400_s3_p50,400,0.5,h2,True,0,1.8971781833247081,4.241851915998268,411.0,1.0,True,True,1.8971781833247081,3.764209833025234,411,1,True,True,True,0.0,1.1268903977622207
v400_s3_p50,400,0.5,h3,False,0,1.7267567059214957,20.974140457998146,375.0,19.0,True,True,1.8823926618953335,11.242919166979846,590,1,True,True,True,-0.15563595597383784,1.8655422267553643
v400_s3_p50,400,0.5,h3,True,0,1.7905330593394182,12.475247958005639,235.0,22.0,True,True,1.7989471498467142,6.872379709006054,411,1,True,True,True,-0.008414090507296024,1.8152733821818938
v400_s3_p50,400,0.5,h4,False,0,1.8093449744007108,22.056422833993565,406.0,47.0,True,True,,6.096350540989079,2811,1,False,True,False,,3.617971552930929
v400_s3_p50,400,0.5,h4,True,0,1.7791818638427732,16.55393766699126,199.0,56.0,True,True,,4.977847166999709,2399,1,False,True,False,,3.3255214777855047
v400_s3_p50,400,0.5,h2+3,False,0,1.7028661698129224,22.109468291993835,375.0,19.0,True,True,1.87840335482985,11.033571333013242,590,1,True,True,True,-0.1755371850169276,2.0038360767053467
v400_s3_p50,400,0.5,h2+3,True,0,1.8011955546021012,13.34075912499975,236.0,22.0,True,True,1.8492424228748985,5.832389082992449,411,1,True,True,True,-0.04804686827279725,2.2873575365371455
v400_s3_p50,400,0.5,h2+3+4,False,0,1.8052637404545542,24.789053750006133,407.0,47.0,True,True,,7.003082749986788,2811,1,False,True,False,,3.539734519066321
v400_s3_p50,400,0.5,h2+3+4,True,0,1.8101068738131094,18.576980249999906,204.0,56.0,True,True,,5.5326665839820635,2399,1,False,True,False,,3.3576901785087094
v400_s4_p0,400,0.0,h2,False,0,1.277898423388478,144.5172733750078,893.0,64.0,True,True,1.2807498719608363,31.657745792006608,1178,1,True,True,True,-0.002851448572358306,4.5649893812558675
v400_s4_p0,400,0.0,h2,True,0,1.277898423388478,144.1614689160051,893.0,64.0,True,True,1.2807498719608363,32.06971862501814,1178,1,True,True,True,-0.002851448572358306,4.4952520663384385
v400_s4_p0,400,0.0,h3,False,0,1.295005532792559,241.63496929200483,447.0,301.0,True,True,1.3255017980318222,38.02697295800317,1178,1,True,True,True,-0.030496265239263298,6.354304602653108
v400_s4_p0,400,0.0,h3,True,0,1.295005532792559,237.97302537500218,447.0,301.0,True,True,1.3255017980318222,38.470588458003476,1178,1,True,True,True,-0.030496265239263298,6.1858431314297695
v400_s4_p0,400,0.0,h4,False,0,1.305860369806669,641.7028346669977,247.0,478.0,True,True,,131.34421133299475,17614,1,False,True,False,,4.885657526543742
v400_s4_p0,400,0.0,h4,True,0,1.305860369806669,652.2944697909988,247.0,478.0,True,True,,127.23910874998546,17614,1,False,True,False,,5.126524982760643
v400_s4_p0,400,0.0,h2+3,False,0,1.2974962317691456,239.90984195799683,447.0,301.0,True,True,1.3113866260971025,38.901244999986375,1178,1,True,True,True,-0.013890394327956912,6.16715074178425
v400_s4_p0,400,0.0,h2+3,True,0,1.2974962317691456,242.58163200000126,447.0,301.0,True,True,1.3113866260971025,39.59511041699443,1178,1,True,True,True,-0.013890394327956912,6.126555260113228
v400_s4_p0,400,0.0,h2+3+4,False,0,1.3061632860146593,649.1022234170086,247.0,478.0,True,True,,152.4080410420138,17614,1,False,True,False,,4.258976225788985
v400_s4_p0,400,0.0,h2+3+4,True,0,1.3061632860146593,655.3300660829991,247.0,478.0,True,True,,151.55242283298867,17614,1,False,True,False,,4.324114744144838
v400_s4_p10,400,0.1,h2,False,0,1.279756884557601,106.68613787500362,896.0,28.0,True,True,1.313568887443164,29.65966591599863,1060,1,True,True,True,-0.03381200288556285,3.597010774738915
v400_s4_p10,400,0.1,h2,True,0,1.3024692709204113,121.00605941700633,939.0,12.0,True,True,1.3094702950035613,29.15966049997951,1052,1,True,True,True,-0.007001024083149954,4.149776003636646
v400_s4_p10,400,0.1,h3,False,0,1.3157439488956755,153.9236186670023,476.0,213.0,True,True,1.3383692311212776,33.83830179099459,1060,1,True,True,True,-0.022625282225602117,4.548798566125623
v400_s4_p10,400,0.1,h3,True,0,1.3217521418898552,272.72626862498873,311.0,313.0,True,True,1.3360106503530456,33.04798000000301,1052,1,True,True,True,-0.014258508463190323,8.25243384391312
v400_s4_p10,400,0.1,h4,False,0,1.3291769952943364,352.08786620800674,370.0,343.0,True,True,,89.6519908340124,13367,1,False,True,False,,3.927273258882621
v400_s4_p10,400,0.1,h4,True,0,1.321297181175937,338.0621756670007,355.0,348.0,True,True,,89.59781599999405,13366,1,False,True,False,,3.7731073229175935
v400_s4_p10,400,0.1,h2+3,False,0,1.3162620299125027,156.8844349590072,476.0,213.0,True,True,1.3335815943141338,33.988426583004184,1060,1,True,True,True,-0.01731956440163107,4.615819287070406
v400_s4_p10,400,0.1,h2+3,True,0,1.323762109765882,275.4022954999964,311.0,313.0,True,True,1.3266039443380147,33.6776453749917,1052,1,True,True,True,-0.0028418345721326066,8.177599485755744
v400_s4_p10,400,0.1,h2+3+4,False,0,1.3304488763911824,343.7369647089945,377.0,343.0,True,True,,100.95065112499287,13367,1,False,True,False,,3.4049999765072716
v400_s4_p10,400,0.1,h2+3+4,True,0,1.3190643471204617,354.44265212499886,367.0,348.0,True,True,,99.95000183299999,13366,1,False,True,False,,3.5461995560261643
v400_s4_p30,400,0.3,h2,False,0,1.4160404002587268,27.75891416700324,825.0,1.0,True,True,1.4160404002587268,25.65046837500995,825,1,True,True,True,0.0,1.082199114697159
v400_s4_p30,400,0.3,h2,True,0,1.4225859610804859,21.684924959001364,767.0,1.0,True,True,1.4225859610804859,19.744463500013808,767,1,True,True,True,0.0,1.0982787635119182
v400_s4_p30,400,0.3,h3,False,0,1.4176179223458816,49.64960754200001,443.0,69.0,True,True,1.424618442708581,27.590509707981255,825,1,True,True,True,-0.007000520362699492,1.7995175901965161
v400_s4_p30,400,0.3,h3,True,0,1.4180428212211802,46.10259154200321,364.0,98.0,True,True,1.4453722945067873,21.635546709003393,767,1,True,True,True,-0.027329473285607087,2.130872501725049
v400_s4_p30,400,0.3,h4,False,0,1.4215908529826973,90.94416525000997,335.0,186.0,True,True,,33.04349100001855,7013,1,False,True,False,,2.7522565714972105
v400_s4_p30,400,0.3,h4,True,0,1.4062827783602914,102.12921583298885,343.0,173.0,True,True,,30.85146750000422,6954,1,False,True,False,,3.3103519575843476
v400_s4_p30,400,0.3,h2+3,False,0,1.4107194953193045,51.2288122500031,443.0,69.0,True,True,1.4014009296875354,28.336006416997407,825,1,True,True,True,0.009318565631769138,1.8079051612323678
v400_s4_p30,400,0.3,h2+3,True,0,1.412190046963958,47.67914362500596,365.0,98.0,True,True,1.4175726817873087,22.055031791998772,767,1,True,True,True,-0.005382634823350774,2.1618261118219393
v400_s4_p30,400,0.3,h2+3+4,False,0,1.4229474999122724,94.79737658301019,342.0,186.0,True,True,,33.326622082997346,7013,1,False,True,False,,2.844494000829869
v400_s4_p30,400,0.3,h2+3+4,True,0,1.4077603290566412,106.6391204160027,351.0,173.0,True,True,,32.075135833001696,6954,1,False,True,False,,3.3246662140798504
v400_s4_p50,400,0.5,h2,False,0,2.0138160203459123,9.354263625005842,589.0,1.0,True,True,2.0138160203459123,8.427423000015551,589,1,True,True,True,0.0,1.1099791270698742
v400_s4_p50,400,0.5,h2,True,0,1.7547307969179575,5.0557087089982815,411.0,1.0,True,True,1.7547307969179575,4.481894292024663,411,1,True,True,True,0.0,1.1280294401397857
v400_s4_p50,400,0.5,h3,False,0,1.626732387609189,23.252295541999047,378.0,16.0,True,True,1.6645503178254653,12.27841291599907,589,1,True,True,True,-0.03781793021627622,1.893754160336206
v400_s4_p50,400,0.5,h3,True,0,1.6476668995888752,11.285743000000366,242.0,20.0,True,True,1.8136633456357252,7.00017145901802,411,1,True,True,True,-0.16599644604684993,1.612209510305841
v400_s4_p50,400,0.5,h4,False,0,1.6195190150243586,22.40559504200064,328.0,51.0,True,True,,5.738633375003701,2767,1,False,True,False,,3.9043433475981884
v400_s4_p50,400,0.5,h4,True,0,1.6495971039722617,14.126719749998301,221.0,53.0,True,True,,4.741783540986944,2385,1,False,True,False,,2.979199625602901
v400_s4_p50,400,0.5,h2+3,False,0,1.6319504790433887,24.5029892080056,378.0,16.0,True,True,1.6768947066208097,12.498450875020353,589,1,True,True,True,-0.044944227577421,1.960482099183808
v400_s4_p50,400,0.5,h2+3,True,0,1.6457768199650102,12.04534875000536,242.0,20.0,True,True,1.75964223891538,7.355238874995848,411,1,True,True,True,-0.11386541895036983,1.6376556838899619
v400_s4_p50,400,0.5,h2+3+4,False,0,1.6669868824602525,25.277756249997765,328.0,51.0,True,True,,6.742811374977464,2767,1,False,True,False,,3.748845228535293
v400_s4_p50,400,0.5,h2+3+4,True,0,1.6455889801109718,15.93812729199999,223.0,53.0,True,True,,5.27122724999208,2385,1,False,True,False,,3.023608457029421
v400_s5_p0,400,0.0,h2,False,0,1.2937560821248386,143.46502554199833,837.0,84.0,True,True,1.2976497834701437,32.287454250006704,1184,1,True,True,True,-0.0038937013453050895,4.4433675207443315
v400_s5_p0,400,0.0,h2,True,0,1.2937560821248386,143.46134495800652,837.0,84.0,True,True,1.2976497834701437,33.06172808300471,1184,1,True,True,True,-0.0038937013453050895,4.339196807796397
v400_s5_p0,400,0.0,h3,False,0,1.3162158831146438,254.80994741700124,427.0,321.0,True,True,1.3316921542851166,38.826854999992065,1184,1,True,True,True,-0.015476271170472788,6.562724367375449
v400_s5_p0,400,0.0,h3,True,0,1.3162158831146438,250.82092316600028,427.0,321.0,True,True,1.3316921542851166,39.369212874997174,1184,1,True,True,True,-0.015476271170472788,6.370991565475089
v400_s5_p0,400,0.0,h4,False,0,1.334677946409837,736.1343558330118,224.0,504.0,True,True,,141.25579991698032,17678,1,False,True,False,,5.211356675376565
v400_s5_p0,400,0.0,h4,True,0,1.334677946409837,730.3280442090036,224.0,504.0,True,True,,131.77075049999985,17678,1,False,True,False,,5.542413938129649
v400_s5_p0,400,0.0,h2+3,False,0,1.3211836405903792,249.7148269169993,427.0,321.0,True,True,1.3210977092738347,39.182277582993265,1184,1,True,True,True,8.593131654444086e-05,6.3731575171471375
v400_s5_p0,400,0.0,h2+3,True,0,1.3211836405903792,260.6817961249908,427.0,321.0,True,True,1.3210977092738347,40.16818558398518,1184,1,True,True,True,8.593131654444086e-05,6.489757810442977
v400_s5_p0,400,0.0,h2+3+4,False,0,1.3353894818459853,730.1706974169938,224.0,504.0,True,True,,159.31879054100136,17678,1,False,True,False,,4.583079591161479
v400_s5_p0,400,0.0,h2+3+4,True,0,1.3353894818459853,735.5089929999958,224.0,504.0,True,True,,160.30726520798635,17678,1,False,True,False,,4.58812014568229
v400_s5_p10,400,0.1,h2,False,0,1.3163742476372744,103.19574708299479,797.0,59.0,True,True,1.327927371674931,30.185590125009185,1066,1,True,True,True,-0.011553124037656515,3.41870894872768
v400_s5_p10,400,0.1,h2,True,0,1.3282305200198394,104.82415858299646,700.0,88.0,True,True,1.3229376458619067,30.407737417001044,1064,1,True,True,True,0.005292874157932781,3.4472857071039096
v400_s5_p10,400,0.1,h3,False,0,1.3444861691673708,210.17697945899272,351.0,308.0,True,True,1.3576386861541483,34.49554033399909,1066,1,True,True,True,-0.01315251698677744,6.092873960633124
v400_s5_p10,400,0.1,h3,True,0,1.3328157524392277,156.332914041006,471.0,210.0,True,True,1.3471354840860554,34.10023924999405,1064,1,True,True,True,-0.01431973164682776,4.584510768235543
v400_s5_p10,400,0.1,h4,False,0,1.3425233189606507,393.7703568750003,324.0,365.0,True,True,,96.14790850001737,13493,1,False,True,False,,4.095464612991859
v400_s5_p10,400,0.1,h4,True,0,1.3526799173921473,363.353823582991,425.0,335.0,True,True,,95.72699704198749,13483,1,False,True,False,,3.795729886142964
v400_s5_p10,400,0.1,h2+3,False,0,1.34244048937028,212.22921733299154,351.0,308.0,True,True,1.3586260218308366,34.92650429098285,1066,1,True,True,True,-0.01618553246055665,6.076451727457415
v400_s5_p10,400,0.1,h2+3,True,0,1.3329767361227614,158.81411191698862,471.0,210.0,True,True,1.3554122043026526,34.44462412499706,1064,1,True,True,True,-0.022435468179891283,4.610708229553142
v400_s5_p10,400,0.1,h2+3+4,False,0,1.3447238757659832,395.8627995830029,338.0,365.0,True,True,,106.11671820800984,13493,1,False,True,False,,3.730447061197588
v400_s5_p10,400,0.1,h2+3+4,True,0,1.3518210143729879,370.81023470799846,436.0,335.0,True,True,,106.03963137499522,13483,1,False,True,False,,3.4969023364168135
v400_s5_p30,400,0.3,h2,False,0,1.4498898195437977,28.258265292010037,829.0,1.0,True,True,1.4498898195437977,25.665056875004666,829,1,True,True,True,0.0,1.1010404313395818
v400_s5_p30,400,0.3,h2,True,0,1.4512655276916726,22.50700237500132,775.0,1.0,True,True,1.4512655276916726,20.303758374997415,775,1,True,True,True,0.0,1.1085140967160563
v400_s5_p30,400,0.3,h3,False,0,1.425196305634675,51.986355750006624,436.0,84.0,True,True,1.4421520606326212,27.642151250009192,829,1,True,True,True,-0.016955754997946215,1.8806913861304242
v400_s5_p30,400,0.3,h3,True,0,1.434853771909865,51.448995250000735,364.0,117.0,True,True,1.4546952846797685,22.304351416009013,775,1,True,True,True,-0.019841512769903424,2.3066797276639512
v400_s5_p30,400,0.3,h4,False,0,1.441635555689678,128.5595132909948,280.0,203.0,True,True,,35.71554837501026,7141,1,False,True,False,,3.5995391122412768
v400_s5_p30,400,0.3,h4,True,0,1.4411263736773623,127.0485968330031,299.0,197.0,True,True,,33.10738304100232,7107,1,False,True,False,,3.8374702306025794
v400_s5_p30,400,0.3,h2+3,False,0,1.4273816350983393,53.85084795800503,436.0,84.0,True,True,1.4327760271247967,28.875085792009486,829,1,True,True,True,-0.0053943920264574174,1.8649588903700163
v400_s5_p30,400,0.3,h2+3,True,0,1.435537983394771,52.449161083990475,365.0,117.0,True,True,1.4526515437507028,23.215655999985756,775,1,True,True,True,-0.01711356035593181,2.2592151212105596
v400_s5_p30,400,0.3,h2+3+4,False,0,1.453376410865519,135.09482987500087,285.0,203.0,True,True,,36.08472945902031,7141,1,False,True,False,,3.7438227167096145
v400_s5_p30,400,0.3,h2+3+4,True,0,1.456285462578574,130.9163054160017,311.0,197.0,True,True,,34.81051920898608,7107,1,False,True,False,,3.7608259914206226
v400_s5_p50,400,0.5,h2,False,0,1.8656025983972797,9.467615250003291,592.0,1.0,True,True,1.8656025983972797,8.509268458001316,592,1,True,True,True,0.0,1.1126238755695663
v400_s5_p50,400,0.5,h2,True,0,1.837764901348358,5.4512124589964515,418.0,1.0,True,True,1.837764901348358,4.751710041979095,418,1,True,True,True,0.0,1.1472106695984363
v400_s5_p50,400,0.5,h3,False,0,1.6841335144219751,28.16567579099501,362.0,16.0,True,True,1.730839671608027,14.163083583000116,592,1,True,True,True,-0.046706157186051867,1.988668331012474
v400_s5_p50,400,0.5,h3,True,0,1.6700644587132174,11.234768584006815,302.0,8.0,True,True,1.76047121788171,7.656022625014884,418,1,True,True,True,-0.0904067591684925,1.4674419256937572
v400_s5_p50,400,0.5,h4,False,0,1.697834897684638,24.22238250001101,270.0,62.0,True,True,,6.45151604199782,2871,1,False,True,False,,3.7545256560363667
v400_s5_p50,400,0.5,h4,True,0,1.677729888158847,14.795002583006863,210.0,59.0,True,True,,5.478978708008071,2524,1,False,True,False,,2.7003212407784134
v400_s5_p50,400,0.5,h2+3,False,0,1.6697101453360799,29.505451165998238,362.0,16.0,True,True,1.7784158313183418,14.019476541987387,592,1,True,True,True,-0.10870568598226193,2.1046043393725435
v400_s5_p50,400,0.5,h2+3,True,0,1.6902478220723394,11.944240666009136,302.0,8.0,True,True,1.8082087087212717,7.859545749990502,418,1,True,True,True,-0.11796088664893234,1.5197113225053205
v400_s5_p50,400,0.5,h2+3+4,False,0,1.6716249679994137,27.084267375001218,273.0,62.0,True,True,,7.180950042005861,2871,1,False,True,False,,3.771683024748595
v400_s5_p50,400,0.5,h2+3+4,True,0,1.6770541812462507,16.584400499996264,215.0,59.0,True,True,,6.098513667006046,2524,1,False,True,False,,2.7194167965418488
v400_s6_p0,400,0.0,h2,False,0,1.2737015064444273,159.9621275410027,1096.0,9.0,True,True,1.2980957276679954,32.28855479200138,1177,1,True,True,True,-0.024394221223568158,4.954143304692876
v400_s6_p0,400,0.0,h2,True,0,1.2737015064444273,158.99104374999297,1096.0,9.0,True,True,1.2980957276679954,32.721975666005164,1177,1,True,True,True,-0.024394221223568158,4.858846096972337
v400_s6_p0,400,0.0,h3,False,0,1.2999421115994731,276.97443654199014,428.0,323.0,True,True,1.3186100734760788,38.300212541013025,1177,1,True,True,True,-0.018667961876605688,7.23166839467007
v400_s6_p0,400,0.0,h3,True,0,1.2999421115994731,274.1633447089989,428.0,323.0,True,True,1.3186100734760788,38.93380554098985,1177,1,True,True,True,-0.018667961876605688,7.041781323440303
v400_s6_p0,400,0.0,h4,False,0,1.3156774747290252,637.5707289999991,324.0,451.0,True,True,,126.02953299999353,17385,1,False,True,False,,5.058899400984306
v400_s6_p0,400,0.0,h4,True,0,1.3156774747290252,641.9351581249939,324.0,451.0,True,True,,130.59275200002594,17385,1,False,True,False,,4.915549663314136
v400_s6_p0,400,0.0,h2+3,False,0,1.301426853309292,281.1556893750094,428.0,323.0,True,True,1.3158581925249062,38.66980745800538,1177,1,True,True,True,-0.014431339215614125,7.270677250729492
v400_s6_p0,400,0.0,h2+3,True,0,1.301426853309292,279.13703870899917,428.0,323.0,True,True,1.3158581925249062,39.316067916020984,1177,1,True,True,True,-0.014431339215614125,7.099820849461222
v400_s6_p0,400,0.0,h2+3+4,False,0,1.3147190740375512,653.6647226250061,324.0,451.0,True,True,,146.46279912500177,17385,1,False,True,False,,4.463008535478843
v400_s6_p0,400,0.0,h2+3+4,True,0,1.3147190740375512,662.4922342080099,324.0,451.0,True,True,,146.94580450002104,17385,1,False,True,False,,4.5084120398137335
v400_s6_p10,400,0.1,h2,False,0,1.309444777765247,118.4610369590082,979.0,7.0,True,True,1.3217654593917665,29.761585500004003,1059,1,True,True,True,-0.012320681626519558,3.980333539656087
v400_s6_p10,400,0.1,h2,True,0,1.2922935652882623,118.70586933300365,976.0,5.0,True,True,1.3129820533643757,29.260812959022587,1055,1,True,True,True,-0.020688488076113343,4.056820618731327
v400_s6_p10,400,0.1,h3,False,0,1.3218395723467353,176.23558020799828,412.0,249.0,True,True,1.3353916453526429,33.64664070800063,1059,1,True,True,True,-0.01355207300590755,5.237835828469268
v400_s6_p10,400,0.1,h3,True,0,1.327665276671053,164.05303354100033,420.0,242.0,True,True,1.3389670360751689,33.455509458028246,1055,1,True,True,True,-0.011301759404115819,4.903617855433162
v400_s6_p10,400,0.1,h4,False,0,1.3227773852152145,347.78632408399426,332.0,345.0,True,True,,85.58242341602454,13062,1,False,True,False,,4.063758774314802
v400_s6_p10,400,0.1,h4,True,0,1.346197256391761,387.1287967499957,231.0,386.0,True,True,,86.0124102079717,13062,1,False,True,False,,4.500848142889458
v400_s6_p10,400,0.1,h2+3,False,0,1.3279127564628193,175.15418308301014,412.0,249.0,True,True,1.336328118904381,34.1066288750153,1059,1,True,True,True,-0.008415362441561713,5.135487993400566
v400_s6_p10,400,0.1,h2+3,True,0,1.3286564213806809,165.30196870800864,420.0,242.0,True,True,1.3430899196210775,33.78992800001288,1055,1,True,True,True,-0.014433498240396636,4.8920485627535415
v400_s6_p10,400,0.1,h2+3+4,False,0,1.3224613410794048,348.1511214589991,343.0,345.0,True,True,,96.16356687500956,13062,1,False,True,False,,3.6204056564531886
v400_s6_p10,400,0.1,h2+3+4,True,0,1.3358491690589775,390.699685708998,252.0,386.0,True,True,,96.38826216600137,13062,1,False,True,False,,4.053394852540539
v400_s6_p30,400,0.3,h2,False,0,1.4402637342650817,21.464856458012946,824.0,1.0,True,True,1.4402637342650817,19.209673875011504,824,1,True,True,True,0.0,1.1173982753520375
v400_s6_p30,400,0.3,h2,True,0,1.4391113855132138,20.116160375007894,780.0,1.0,True,True,1.4391113855132138,18.470815500011668,780,1,True,True,True,0.0,1.0890780851010713
v400_s6_p30,400,0.3,h3,False,0,1.4197427710675166,51.73521095799515,370.0,115.0,True,True,1.4293528293777602,26.66639379199478,824,1,True,True,True,-0.009610058310243641,1.9400902634808461
v400_s6_p30,400,0.3,h3,True,0,1.4272119545937083,49.539646417004406,350.0,115.0,True,True,1.4387696078333534,20.07184566700016,780,1,True,True,True,-0.011557653239645083,2.468116148304779
v400_s6_p30,400,0.3,h4,False,0,1.434686086138127,138.25223854200158,208.0,238.0,True,True,,29.73462170897983,6897,1,False,True,False,,4.649537495217217
v400_s6_p30,400,0.3,h4,True,0,1.4359716566992748,117.57256729100482,282.0,204.0,True,True,,29.224233250017278,6819,1,False,True,False,,4.023118974077286
v400_s6_p30,400,0.3,h2+3,False,0,1.4276343030165852,53.86566579200735,370.0,115.0,True,True,1.4323568500392676,27.027351667027688,824,1,True,True,True,-0.004722547022682377,1.9930056949575772
v400_s6_p30,400,0.3,h2+3,True,0,1.4352242743430346,51.20604783300951,350.0,115.0,True,True,1.4269891447075351,21.526086875004694,780,1,True,True,True,0.008235129635499439,2.3787903547145905
v400_s6_p30,400,0.3,h2+3+4,False,0,1.436135765440041,142.72627116600052,228.0,238.0,True,True,,30.9966461660224,6897,1,False,True,False,,4.6045714236804365
v400_s6_p30,400,0.3,h2+3+4,True,0,1.4406266247377706,120.8070662500104,292.0,204.0,True,True,,29.79639549998683,6819,1,False,True,False,,4.054418805457988
v400_s6_p50,400,0.5,h2,False,0,1.9563321966698868,9.494621416000882,589.0,1.0,True,True,1.9563321966698868,8.557403750019148,589,1,True,True,True,0.0,1.1095212629157105
v400_s6_p50,400,0.5,h2,True,0,1.8623301283193832,4.236453582998365,415.0,1.0,True,True,1.8623301283193832,3.790542375005316,415,1,True,True,True,0.0,1.1176378375119533
v400_s6_p50,400,0.5,h3,False,0,1.7174505445701649,24.277047625000705,367.0,17.0,True,True,1.760816282384215,10.346528999973089,589,1,True,True,True,-0.043365737814050176,2.3463953587781807
v400_s6_p50,400,0.5,h3,True,0,1.699128416858876,11.857248792002792,257.0,15.0,True,True,1.754714593994524,5.9919391669973265,415,1,True,True,True,-0.05558617713564784,1.978866684313266
v400_s6_p50,400,0.5,h4,False,0,1.6695399477257278,22.88406283299264,239.0,61.0,True,True,,5.541087374993367,2771,1,False,True,False,,4.129886660200884
v400_s6_p50,400,0.5,h4,True,0,1.695806781442939,14.387439792000805,235.0,51.0,True,True,,4.839088250009809,2415,1,False,True,False,,2.9731716076828403
v400_s6_p50,400,0.5,h2+3,False,0,1.6933849396663436,25.291371250001248,367.0,17.0,True,True,1.786509737976044,11.195884791988647,589,1,True,True,True,-0.09312479830970033,2.258988165732002
v400_s6_p50,400,0.5,h2+3,True,0,1.697179619931611,12.644070874986937,257.0,15.0,True,True,1.826648842323039,5.346745582995936,415,1,True,True,True,-0.129469222391428,2.364816256677412
v400_s6_p50,400,0.5,h2+3+4,False,0,1.6542465946571046,25.73597762499412,239.0,61.0,True,True,,6.417824291012948,2771,1,False,True,False,,4.010078253627619
v400_s6_p50,400,0.5,h2+3+4,True,0,1.7234322377354512,16.35602945800929,236.0,51.0,True,True,,5.435086874989793,2415,1,False,True,False,,3.009340942326705
v400_s7_p0,400,0.0,h2,False,0,1.2939206790324398,148.1243790419976,766.0,126.0,True,True,1.285966191546935,31.977035416988656,1181,1,True,True,True,0.007954487485504869,4.632211119962126
v400_s7_p0,400,0.0,h2,True,0,1.2939206790324398,145.98414491700532,766.0,126.0,True,True,1.285966191546935,33.04846729198471,1181,1,True,True,True,0.007954487485504869,4.417274290732722
v400_s7_p0,400,0.0,h3,False,0,1.3142963575866204,251.6124735839985,437.0,319.0,True,True,1.3275059681342387,38.583104416989954,1181,1,True,True,True,-0.013209610547618267,6.521312304595213
v400_s7_p0,400,0.0,h3,True,0,1.3142963575866204,249.77167495900358,437.0,319.0,True,True,1.3275059681342387,39.22358625000925,1181,1,True,True,True,-0.013209610547618267,6.367894903004814
v400_s7_p0,400,0.0,h4,False,0,1.3203151320451953,611.4551233329985,260.0,476.0,True,True,,134.03140775000793,17568,1,False,True,False,,4.562028658786226
v400_s7_p0,400,0.0,h4,True,0,1.3203151320451953,591.0739441250043,260.0,476.0,True,True,,134.21435349999228,17568,1,False,True,False,,4.4039547836069435
v400_s7_p0,400,0.0,h2+3,False,0,1.3162932848448312,252.7395963750023,437.0,319.0,True,True,1.325966953003554,38.56696112497593,1181,1,True,True,True,-0.009673668158722837,6.553267071159732
v400_s7_p0,400,0.0,h2+3,True,0,1.3162932848448312,255.45963225000014,437.0,319.0,True,True,1.325966953003554,39.76765933301067,1181,1,True,True,True,-0.009673668158722837,6.42380357643896
v400_s7_p0,400,0.0,h2+3+4,False,0,1.321664623944956,607.3596010420006,260.0,476.0,True,True,,153.38785454200115,17568,1,False,True,False,,3.9596329374024295
v400_s7_p0,400,0.0,h2+3+4,True,0,1.321664623944956,612.1323482080043,260.0,476.0,True,True,,156.28154433399322,17568,1,False,True,False,,3.9168562789461614
v400_s7_p10,400,0.1,h2,False,0,1.3165083737972676,101.87771445899853,754.0,66.0,True,True,1.3344047850648992,30.258508999977494,1063,1,True,True,True,-0.01789641126763164,3.3669112532634804
v400_s7_p10,400,0.1,h2,True,0,1.3154631849113876,103.1245623750001,724.0,76.0,True,True,1.335074439745409,30.279823375021806,1061,1,True,True,True,-0.019611254834021485,3.4057187552840484
v400_s7_p10,400,0.1,h3,False,0,1.3350485598886588,171.7997829579981,443.0,236.0,True,True,1.3577177700471366,34.13484479099861,1063,1,True,True,True,-0.02266921015847778,5.032973901299292
v400_s7_p10,400,0.1,h3,True,0,1.330122754108529,169.80224795799586,407.0,260.0,True,True,1.3621361462615298,33.89847229098086,1061,1,True,True,True,-0.03201339215300081,5.009141606749458
v400_s7_p10,400,0.1,h4,False,0,1.3402770652839266,372.63769375000265,330.0,367.0,True,True,,89.88217033399269,13346,1,False,True,False,,4.145846638608305
v400_s7_p10,400,0.1,h4,True,0,1.3411981843521776,396.2097432080045,245.0,390.0,True,True,,89.14130358299008,13344,1,False,True,False,,4.444738042664312
v400_s7_p10,400,0.1,h2+3,False,0,1.3342506472923288,175.33930762500677,443.0,236.0,True,True,1.3490061623322134,34.93457741700695,1063,1,True,True,True,-0.014755515039884592,5.0190762444902965
v400_s7_p10,400,0.1,h2+3,True,0,1.326137292480232,170.07019554200815,407.0,260.0,True,True,1.3556590051382733,34.28932574999635,1061,1,True,True,True,-0.029521712658041377,4.959858259739221
v400_s7_p10,400,0.1,h2+3+4,False,0,1.3461383243430118,376.4211543749989,345.0,367.0,True,True,,98.94396666600369,13346,1,False,True,False,,3.8043871401037532
v400_s7_p10,400,0.1,h2+3+4,True,0,1.3409089032316042,403.09374095799285,264.0,390.0,True,True,,98.66215150000062,13344,1,False,True,False,,4.085596501085731
v400_s7_p30,400,0.3,h2,False,0,1.48570813393116,28.408370874996763,827.0,1.0,True,True,1.48570813393116,25.239623292000033,827,1,True,True,True,0.0,1.1255465482324016
v400_s7_p30,400,0.3,h2,True,0,1.4781742674478193,23.241427833985654,783.0,1.0,True,True,1.4781742674478193,20.859308792016236,783,1,True,True,True,0.0,1.1141993277783566
v400_s7_p30,400,0.3,h3,False,0,1.4274775923023775,49.412783166990266,448.0,79.0,True,True,1.4706704450313968,27.59115816600388,827,1,True,True,True,-0.04319285272901929,1.7908919542157402
v400_s7_p30,400,0.3,h3,True,0,1.4422507916809924,48.561730417000945,405.0,92.0,True,True,1.4831945911474966,22.62263462500414,783,1,True,True,True,-0.04094379946650428,2.146599245488723
v400_s7_p30,400,0.3,h4,False,0,1.4378777777931377,110.52204429199628,370.0,173.0,True,True,,31.389042541995877,6886,1,False,True,False,,3.521039042338649
v400_s7_p30,400,0.3,h4,True,0,1.4498867703889267,116.51643254100054,347.0,178.0,True,True,,29.587899000005564,6805,1,False,True,False,,3.937975877941811
v400_s7_p30,400,0.3,h2+3,False,0,1.4277064838784153,51.72595212500892,448.0,79.0,True,True,1.4756429421882513,28.60511391700129,827,1,True,True,True,-0.04793645830983606,1.8082763898474072
v400_s7_p30,400,0.3,h2+3,True,0,1.4435670990641618,49.31312695798988,405.0,92.0,True,True,1.5012548357847193,24.031693333003204,783,1,True,True,True,-0.05768773672055749,2.052003838209236
v400_s7_p30,400,0.3,h2+3+4,False,0,1.4414176251955306,116.40202912500536,381.0,173.0,True,True,,31.98470054200152,6886,1,False,True,False,,3.639303390449102
v400_s7_p30,400,0.3,h2+3+4,True,0,1.4494049856357203,122.00287966699398,359.0,178.0,True,True,,29.984235875017475,6805,1,False,True,False,,4.068900744228916
v400_s7_p50,400,0.5,h2,False,0,2.0540208725532705,9.367219458988984,591.0,1.0,True,True,2.0540208725532705,8.177232667017961,591,1,True,True,True,0.0,1.1455243895371492
v400_s7_p50,400,0.5,h2,True,0,1.9509367980741326,4.307943084000726,413.0,1.0,True,True,1.9509367980741326,3.745783874997869,413,1,True,True,True,0.0,1.1500778549331485
v400_s7_p50,400,0.5,h3,False,0,1.7341923303316809,23.68280466699798,465.0,6.0,True,True,1.7680048935837314,10.845185624988517,591,1,True,True,True,-0.03381256325205051,2.183715934970275
v400_s7_p50,400,0.5,h3,True,0,1.7932954382488393,13.716808542012586,279.0,13.0,True,True,1.8645051651942004,6.3451583750138525,413,1,True,True,True,-0.0712097269453611,2.1617755982304603
v400_s7_p50,400,0.5,h4,False,0,1.798404081793129,23.872270374995423,312.0,59.0,True,True,,5.858865791989956,2813,1,False,True,False,,4.074554909182727
v400_s7_p50,400,0.5,h4,True,0,1.7873278168877624,14.261140750008053,206.0,59.0,True,True,,4.88790416700067,2425,1,False,True,False,,2.917639189059432
v400_s7_p50,400,0.5,h2+3,False,0,1.6904923305959387,25.186104749998776,465.0,6.0,True,True,1.8410865121846283,11.505396041990025,591,1,True,True,True,-0.15059418158868954,2.1890689080219157
v400_s7_p50,400,0.5,h2+3,True,0,1.7581589943579445,14.208874125004513,280.0,13.0,True,True,1.8829592461338922,5.142058375000488,413,1,True,True,True,-0.12480025177594767,2.763265814733806
v400_s7_p50,400,0.5,h2+3+4,False,0,1.7985894296812701,26.702093458006857,312.0,59.0,True,True,,6.751280041993596,2813,1,False,True,False,,3.9551156657578015
v400_s7_p50,400,0.5,h2+3+4,True,0,1.787502576098406,16.40713412500918,213.0,59.0,True,True,,5.5250882919935975,2425,1,False,True,False,,2.9695695811385945
v400_s8_p0,400,0.0,h2,False,0,1.2927349657968676,147.2747818749922,1013.0,33.0,True,True,1.2945887577512316,32.47170999998343,1182,1,True,True,True,-0.0018537919543639703,4.535479710648664
v400_s8_p0,400,0.0,h2,True,0,1.2927349657968676,148.00267183299002,1013.0,33.0,True,True,1.2945887577512316,32.465295500005595,1182,1,True,True,True,-0.0018537919543639703,4.558796387144066
v400_s8_p0,400,0.0,h3,False,0,1.3139081312383074,243.8689002500032,470.0,304.0,True,True,1.3318280780417873,39.05693008299568,1182,1,True,True,True,-0.017919946803479858,6.243934168194573
v400_s8_p0,400,0.0,h3,True,0,1.3139081312383074,242.34026654199988,470.0,304.0,True,True,1.3318280780417873,39.090250791981816,1182,1,True,True,True,-0.017919946803479858,6.199506568315716
v400_s8_p0,400,0.0,h4,False,0,1.3312629705301378,688.3441560420033,235.0,497.0,True,True,,139.46323662498617,17690,1,False,True,False,,4.935667439677647
v400_s8_p0,400,0.0,h4,True,0,1.3312629705301378,694.1241269169986,235.0,497.0,True,True,,131.4721494159894,17690,1,False,True,False,,5.279628651393909
v400_s8_p0,400,0.0,h2+3,False,0,1.3152848608161787,253.35641150000447,470.0,304.0,True,True,1.3265393581116225,39.48868641699664,1182,1,True,True,True,-0.01125449729544381,6.415924014908617
v400_s8_p0,400,0.0,h2+3,True,0,1.3152848608161787,250.22783958300715,470.0,304.0,True,True,1.3265393581116225,39.36961604200769,1182,1,True,True,True,-0.01125449729544381,6.355861822884228
v400_s8_p0,400,0.0,h2+3+4,False,0,1.3314460331685665,709.6757907919964,235.0,497.0,True,True,,159.49201754198293,17690,1,False,True,False,,4.4496006867879085
v400_s8_p0,400,0.0,h2+3+4,True,0,1.3314460331685665,710.2957423329935,235.0,497.0,True,True,,161.56830566600547,17690,1,False,True,False,,4.396256675497478
v400_s8_p10,400,0.1,h2,False,0,1.3192571533524595,102.66392808299861,804.0,53.0,True,True,1.3337027832238173,30.465154208010063,1064,1,True,True,True,-0.014445629871357779,3.369880466779507
v400_s8_p10,400,0.1,h2,True,0,1.316373574507859,113.65156912499515,1002.0,6.0,True,True,1.3376215882943692,29.766162042011274,1056,1,True,True,True,-0.02124801378651009,3.8181465573085958
v400_s8_p10,400,0.1,h3,False,0,1.327718536476394,161.69402554100088,485.0,214.0,True,True,1.352571124138746,34.079192792007234,1064,1,True,True,True,-0.024852587662351988,4.744655383355318
v400_s8_p10,400,0.1,h3,True,0,1.310784552714413,166.9771472499997,454.0,228.0,True,True,1.3586079741759902,33.70214137498988,1056,1,True,True,True,-0.04782342146157714,4.954496671060559
v400_s8_p10,400,0.1,h4,False,0,1.3397244450588648,358.1059805830009,344.0,356.0,True,True,,94.2891634159896,13569,1,False,True,False,,3.7979547978710047
v400_s8_p10,400,0.1,h4,True,0,1.345017667100659,479.22038883299683,184.0,430.0,True,True,,93.2014221670106,13591,1,False,True,False,,5.14177120574691
v400_s8_p10,400,0.1,h2+3,False,0,1.3230798298057498,163.3924325830012,485.0,214.0,True,True,1.3615971831361167,34.91314391701599,1064,1,True,True,True,-0.03851735333036688,4.679969038920237
v400_s8_p10,400,0.1,h2+3,True,0,1.3240055208300996,173.18691804099944,454.0,228.0,True,True,1.347214835759922,33.78337974997703,1056,1,True,True,True,-0.023209314929822478,5.1263940826144605
v400_s8_p10,400,0.1,h2+3+4,False,0,1.342385634155216,373.50041270899237,363.0,356.0,True,True,,102.03768512501847,13569,1,False,True,False,,3.6604163672605146
v400_s8_p10,400,0.1,h2+3+4,True,0,1.345086138207655,497.3197007919953,207.0,430.0,True,True,,101.93226624999079,13591,1,False,True,False,,4.8789232211546185
v400_s8_p30,400,0.3,h2,False,0,1.4552432762965168,56.68727841701184,744.0,6.0,True,True,1.4749043031504723,25.942875915992772,827,1,True,True,True,-0.019661026853955432,2.185080736637465
v400_s8_p30,400,0.3,h2,True,0,1.4526707529955534,55.39201320899883,697.0,3.0,True,True,1.4816138487540964,19.95590487497975,769,1,True,True,True,-0.028943095758543036,2.7757204474575365
v400_s8_p30,400,0.3,h3,False,0,1.454789144530783,48.20050175000506,436.0,83.0,True,True,1.4750758601244451,27.674127125006635,827,1,True,True,True,-0.02028671559366213,1.7417171472935302
v400_s8_p30,400,0.3,h3,True,0,1.4384048966059384,58.86873349999951,298.0,140.0,True,True,1.4833543608511703,21.403476917010266,769,1,True,True,True,-0.04494946424523194,2.7504285274891007
v400_s8_p30,400,0.3,h4,False,0,1.444496032783391,99.39865704200929,456.0,168.0,True,True,,32.89109529199777,7017,1,False,True,False,,3.022053724863108
v400_s8_p30,400,0.3,h4,True,0,1.469657477162604,114.52967812499264,232.0,214.0,True,True,,30.720357665995834,6998,1,False,True,False,,3.728136220619749
v400_s8_p30,400,0.3,h2+3,False,0,1.4726277029395591,48.900742083991645,436.0,83.0,True,True,1.4798952184248417,28.575655666994862,827,1,True,True,True,-0.007267515485282594,1.711272792962453
v400_s8_p30,400,0.3,h2+3,True,0,1.4375600759567715,61.04256391701347,300.0,140.0,True,True,1.4846746309448593,22.462899917009054,769,1,True,True,True,-0.04711455498808781,2.7174836794242956
v400_s8_p30,400,0.3,h2+3+4,False,0,1.4463082519227803,102.45456770800229,463.0,168.0,True,True,,33.57353329198668,7017,1,False,True,False,,3.0516468676967077
v400_s8_p30,400,0.3,h2+3+4,True,0,1.4680190799566224,118.96560895899893,251.0,214.0,True,True,,32.56647345901001,6998,1,False,True,False,,3.6530086411946234
v400_s8_p50,400,0.5,h2,False,0,1.9594738218226986,9.85723195799801,591.0,1.0,True,True,1.9594738218226986,8.64185220899526,591,1,True,True,True,0.0,1.1406388028410932
v400_s8_p50,400,0.5,h2,True,0,2.018560000072451,4.711660499990103,411.0,1.0,True,True,2.018560000072451,4.158455541997682,411,1,True,True,True,0.0,1.1330313507996927
v400_s8_p50,400,0.5,h3,False,0,1.6663475606356208,19.725593374998425,307.0,33.0,True,True,1.785977691418418,15.929560708987992,591,1,True,True,True,-0.11963013078279716,1.2383011518872948
v400_s8_p50,400,0.5,h3,True,0,1.7995554946263324,13.965141124994261,263.0,15.0,True,True,1.8054987058027823,6.951452082983451,411,1,True,True,True,-0.005943211176449914,2.0089530875397545
v400_s8_p50,400,0.5,h4,False,0,,26.75044879199413,277.0,73.0,False,True,,5.9893674589984585,2833,1,False,True,False,,4.466322858819442
v400_s8_p50,400,0.5,h4,True,0,1.6938040156509129,15.672782499997993,214.0,60.0,True,True,,5.053925083018839,2416,1,False,True,False,,3.1011109667332537
v400_s8_p50,400,0.5,h2+3,False,0,1.6686190142003923,20.876851666995208,307.0,33.0,True,True,1.76374773643983,14.964248458010843,591,1,True,True,True,-0.09512872223943769,1.3951152792988517
v400_s8_p50,400,0.5,h2+3,True,0,1.8520094509440077,15.032616541997413,264.0,15.0,True,True,1.8101926954858232,6.798942667024676,411,1,True,True,True,0.04181675545818453,2.2110226954709598
v400_s8_p50,400,0.5,h2+3+4,False,0,1.8552219078532357,29.61250041599851,280.0,73.0,True,True,,7.030438165995292,2833,1,False,True,False,,4.212041940604466
v400_s8_p50,400,0.5,h2+3+4,True,0,1.7039436661571865,17.43430599999556,217.0,60.0,True,True,,5.591707542014774,2416,1,False,True,False,,3.117885881727234
v400_s9_p0,400,0.0,h2,False,0,1.2834231044995925,151.83490570899448,807.0,98.0,True,True,1.2981535582216261,32.38837791699916,1182,1,True,True,True,-0.014730453722033632,4.687944116809362
v400_s9_p0,400,0.0,h2,True,0,1.2834231044995925,149.60004508300335,807.0,98.0,True,True,1.2981535582216261,32.41476133398828,1182,1,True,True,True,-0.014730453722033632,4.615182679939748
v400_s9_p0,400,0.0,h3,False,0,1.3107697606977093,256.41264829199645,461.0,309.0,True,True,1.3162137517179273,38.66550304100383,1182,1,True,True,True,-0.005443991020217975,6.631561162415941
v400_s9_p0,400,0.0,h3,True,0,1.3107697606977093,254.77241283400508,461.0,309.0,True,True,1.3162137517179273,39.34701987501467,1182,1,True,True,True,-0.005443991020217975,6.475011669073962
v400_s9_p0,400,0.0,h4,False,0,1.3154717748837013,724.8617567079928,226.0,511.0,True,True,,130.83611991701764,17748,1,False,True,False,,5.540226637473917
v400_s9_p0,400,0.0,h4,True,0,1.3154717748837013,738.4415770829946,226.0,511.0,True,True,,139.48416133300634,17748,1,False,True,False,,5.2940890924527935
v400_s9_p0,400,0.0,h2+3,False,0,1.305049924647522,253.87994083299418,461.0,309.0,True,True,1.324635636293978,39.51582970799063,1182,1,True,True,True,-0.01958571164645595,6.424765535965862
v400_s9_p0,400,0.0,h2+3,True,0,1.305049924647522,253.39437799999723,461.0,309.0,True,True,1.324635636293978,39.72511575001408,1182,1,True,True,True,-0.01958571164645595,6.378694516451029
v400_s9_p0,400,0.0,h2+3+4,False,0,1.3108870340710768,728.6967527080124,226.0,511.0,True,True,,157.3411582080007,17748,1,False,True,False,,4.631316821404703
v400_s9_p0,400,0.0,h2+3+4,True,0,1.3108870340710768,738.1882645840087,226.0,511.0,True,True,,158.90005195798585,17748,1,False,True,False,,4.645613739504568
v400_s9_p10,400,0.1,h2,False,0,1.3177951516080038,107.89801258299849,613.0,130.0,True,True,1.3286183884171974,29.9999852500041,1064,1,True,True,True,-0.010823236809193615,3.5966021877622003
v400_s9_p10,400,0.1,h2,True,0,1.3206364273088327,102.42971962499723,729.0,78.0,True,True,1.3308599040374782,29.796304416988278,1057,1,True,True,True,-0.010223476728645542,3.437665228262241
v400_s9_p10,400,0.1,h3,False,0,1.3406001226742519,160.25549933299772,462.0,222.0,True,True,1.3581742725219734,34.10393133299658,1064,1,True,True,True,-0.017574149847721543,4.69903301669933
v400_s9_p10,400,0.1,h3,True,0,1.3308754008456625,157.3853485830041,482.0,210.0,True,True,1.358179474713273,33.3867518340121,1057,1,True,True,True,-0.027304073867610468,4.7140060035031865
v400_s9_p10,400,0.1,h4,False,0,1.3477419921872962,452.58156479199533,207.0,401.0,True,True,,93.27852550000534,13501,1,False,True,False,,4.85193738179287
v400_s9_p10,400,0.1,h4,True,0,1.3442413912670645,460.76418216699676,253.0,397.0,True,True,,92.03988637501607,13489,1,False,True,False,,5.006135929912118
v400_s9_p10,400,0.1,h2+3,False,0,1.3448663598135981,162.36524933300097,462.0,222.0,True,True,1.351553094462363,34.65422075000242,1064,1,True,True,True,-0.006686734648764903,4.685295061294651
v400_s9_p10,400,0.1,h2+3,True,0,1.328674800780853,156.68719458299165,482.0,210.0,True,True,1.365188308089614,33.93427529200562,1057,1,True,True,True,-0.03651350730876102,4.617372648588864
v400_s9_p10,400,0.1,h2+3+4,False,0,1.3482756735922157,455.23729412499233,223.0,401.0,True,True,,102.36955858298461,13501,1,False,True,False,,4.446998701825601
v400_s9_p10,400,0.1,h2+3+4,True,0,1.3463080156236549,451.6209202080063,267.0,397.0,True,True,,101.62469341699034,13489,1,False,True,False,,4.444007701503197
v400_s9_p30,400,0.3,h2,False,0,1.4538422248927663,21.436874582999735,827.0,1.0,True,True,1.4538422248927663,19.20723245901172,827,1,True,True,True,0.0,1.11608346641017
v400_s9_p30,400,0.3,h2,True,0,1.4497723838832846,20.92717624999932,773.0,1.0,True,True,1.4497723838832846,18.696625334006967,773,1,True,True,True,0.0,1.119302327352907
v400_s9_p30,400,0.3,h3,False,0,1.4337462565811123,59.84033895799075,367.0,129.0,True,True,1.4467018889072456,27.292949416994816,827,1,True,True,True,-0.012955632326133282,2.1925200550413684
v400_s9_p30,400,0.3,h3,True,0,1.4235635584707353,47.864440417004516,408.0,77.0,True,True,1.4620820972812538,21.583059999975376,773,1,True,True,True,-0.03851853881051848,2.217685556036036
v400_s9_p30,400,0.3,h4,False,0,1.4314917092616253,97.83854808300384,340.0,206.0,True,True,,32.75797700000112,7045,1,False,True,False,,2.986709102427189
v400_s9_p30,400,0.3,h4,True,0,1.4169586978769102,89.58133762500074,348.0,180.0,True,True,,31.118968957976904,6974,1,False,True,False,,2.8786730609864195
v400_s9_p30,400,0.3,h2+3,False,0,1.415190037860551,62.11450429199613,367.0,129.0,True,True,1.4315341087824422,27.75493512500543,827,1,True,True,True,-0.016344070921891163,2.237962510531502
v400_s9_p30,400,0.3,h2+3,True,0,1.4259517330316576,49.16375441700802,408.0,77.0,True,True,1.4533229941956614,22.9218343749817,773,1,True,True,True,-0.02737126116400379,2.1448438031935337
v400_s9_p30,400,0.3,h2+3+4,False,0,1.430164682742911,104.67477099999087,348.0,206.0,True,True,,34.059325582988095,7045,1,False,True,False,,3.0733072134661903
v400_s9_p30,400,0.3,h2+3+4,True,0,1.4199526447568642,94.32661895800265,359.0,180.0,True,True,,32.761902124999324,6974,1,False,True,False,,2.879155752254864
v400_s9_p50,400,0.5,h2,False,0,2.061808512486378,9.258032124998863,591.0,1.0,True,True,2.061808512486378,8.323421582987066,591,1,True,True,True,0.0,1.1122868201127918
v400_s9_p50,400,0.5,h2,True,0,1.8589475007740566,4.260559792004642,416.0,1.0,True,True,1.8589475007740566,3.7262253329972737,416,1,True,True,True,0.0,1.143398321694508
v400_s9_p50,400,0.5,h3,False,0,1.7299197742324621,28.779302084003575,361.0,15.0,True,True,1.7885299582476935,12.35781733400654,591,1,True,True,True,-0.058610184015231326,2.328833750018945
v400_s9_p50,400,0.5,h3,True,0,1.810146439293749,13.268772499999614,246.0,19.0,True,True,1.7651458936633964,5.108794125000713,416,1,True,True,True,0.045000545630352606,2.5972415750845625
v400_s9_p50,400,0.5,h4,False,0,1.7267966071186085,21.278249541996047,407.0,41.0,True,True,,6.023981417005416,2825,1,False,True,False,,3.532256836305728
v400_s9_p50,400,0.5,h4,True,0,1.7634223888423841,18.97857062499679,191.0,65.0,True,True,,5.068635917006759,2435,1,False,True,False,,3.7443152232177743
v400_s9_p50,400,0.5,h2+3,False,0,1.6859745074817971,29.4027406660025,361.0,15.0,True,True,1.7640936669136629,12.022276500007138,591,1,True,True,True,-0.07811915943186576,2.445688274261954
v400_s9_p50,400,0.5,h2+3,True,0,1.8279024855626267,13.134330458007753,246.0,19.0,True,True,1.8278249512961384,5.12805479200324,416,1,True,True,True,7.753426648826611e-05,2.561269524360311
v400_s9_p50,400,0.5,h2+3+4,False,0,,27.87366983400716,258.0,67.0,False,True,,6.911975541006541,2825,1,False,True,False,,4.032663262281758
v400_s9_p50,400,0.5,h2+3+4,True,0,1.7494933540928903,21.011020417005057,193.0,65.0,True,True,,5.709628209006041,2435,1,False,True,False,,3.6799279476487583
v500_s0_p0,500,0.0,h2,False,0,1.2943714248128497,265.5721591670008,1170.0,65.0,True,True,1.3024336784910244,50.615112208004575,1481,1,True,True,True,-0.008062253678174702,5.246894604829141
v500_s0_p0,500,0.0,h2,True,0,1.2943714248128497,265.90899500000523,1170.0,65.0,True,True,1.3024336784910244,52.19969312497415,1481,1,True,True,True,-0.008062253678174702,5.094071997001552
v500_s0_p0,500,0.0,h3,False,0,1.3116748322381402,481.7434478750074,569.0,386.0,True,True,1.3418803156768586,60.08299395799986,1481,1,True,True,True,-0.030205483438718428,8.017966751320067
v500_s0_p0,500,0.0,h3,True,0,1.3116748322381402,482.8622164170083,569.0,386.0,True,True,1.3418803156768586,61.502084707986796,1481,1,True,True,True,-0.030205483438718428,7.8511520171982525
v500_s0_p0,500,0.0,h4,False,0,1.3253016084623148,1185.3536879160092,357.0,584.0,True,True,,219.59054016601294,22349,1,False,True,False,,5.398017997587092
v500_s0_p0,500,0.0,h4,True,0,1.3253016084623148,1173.5339851669996,357.0,584.0,True,True,,202.46876975000487,22349,1,False,True,False,,5.796123454575253
v500_s0_p0,500,0.0,h2+3,False,0,1.314680760923098,475.5302982079884,569.0,386.0,True,True,1.3392993929033783,61.52035733300727,1481,1,True,True,True,-0.02461863198028036,7.72964135487643
v500_s0_p0,500,0.0,h2+3,True,0,1.314680760923098,481.2105553750007,569.0,386.0,True,True,1.3392993929033783,62.50004995800555,1481,1,True,True,True,-0.02461863198028036,7.699362731683114
v500_s0_p0,500,0.0,h2+3+4,False,0,1.321674397508056,1191.0507373329892,357.0,584.0,True,True,,239.0789400000067,22349,1,False,True,False,,4.981830425268557
v500_s0_p0,500,0.0,h2+3+4,True,0,1.321674397508056,1196.2185162079986,357.0,584.0,True,True,,243.56762216700008,22349,1,False,True,False,,4.911237813816737
v500_s0_p10,500,0.1,h2,False,0,1.332931959692867,210.05959941599576,1184.0,19.0,True,True,1.338411668468527,47.43933508300688,1333,1,True,True,True,-0.005479708775659953,4.427962555723945
v500_s0_p10,500,0.1,h2,True,0,1.3294028578507942,189.13922954200825,1118.0,29.0,True,True,1.3360680551529829,47.515502459020354,1329,1,True,True,True,-0.00666519730218873,3.980579384699362
v500_s0_p10,500,0.1,h3,False,0,1.3414774358876769,286.8997117079998,587.0,271.0,True,True,1.3682719796087508,54.692218499985756,1333,1,True,True,True,-0.026794543721073927,5.245713550787386
v500_s0_p10,500,0.1,h3,True,0,1.3244055833147055,233.73493629200675,631.0,241.0,True,True,1.3585338634395543,53.55488158299704,1329,1,True,True,True,-0.03412828012484881,4.3644002074726735
v500_s0_p10,500,0.1,h4,False,0,1.3405558813135416,763.0983720829972,398.0,460.0,True,True,,132.97006579200388,16805,1,False,True,False,,5.738873388817154
v500_s0_p10,500,0.1,h4,True,0,1.3415189640221177,732.1084727499983,367.0,469.0,True,True,,133.3571487920126,16803,1,False,True,False,,5.489832973947384
v500_s0_p10,500,0.1,h2+3,False,0,1.3362726930720117,288.62052612499974,587.0,271.0,True,True,1.3636698149759787,53.462381625024136,1333,1,True,True,True,-0.027397121903967037,5.398572180142179
v500_s0_p10,500,0.1,h2+3,True,0,1.326447615492381,236.82961012500164,631.0,241.0,True,True,1.3651033737826683,54.01503379200585,1329,1,True,True,True,-0.038655758290287334,4.384512856864158
v500_s0_p10,500,0.1,h2+3+4,False,0,1.3410520128612118,764.9974191670044,416.0,460.0,True,True,,157.0226566659985,16805,1,False,True,False,,4.871891963936284
v500_s0_p10,500,0.1,h2+3+4,True,0,1.339158449087802,748.9211736670113,383.0,469.0,True,True,,154.53531129198382,16803,1,False,True,False,,4.846278610407536
v500_s0_p30,500,0.3,h2,False,0,1.4644612714444354,42.84523958299542,1037.0,1.0,True,True,1.4644612714444354,39.94363970900304,1037,1,True,True,True,0.0,1.0726423504500613
v500_s0_p30,500,0.3,h2,True,0,1.4702683423888416,33.20570024999324,960.0,1.0,True,True,1.4702683423888416,30.13722941701417,960,1,True,True,True,0.0,1.1018166199195056
v500_s0_p30,500,0.3,h3,False,0,1.4164838345442128,94.54197608400136,492.0,136.0,True,True,1.4506408294099837,45.25749237497803,1037,1,True,True,True,-0.03415699486577095,2.0889795506273288
v500_s0_p30,500,0.3,h3,True,0,1.4504206260281598,113.77044849999947,376.0,185.0,True,True,1.496404768248328,34.212530792021425,960,1,True,True,True,-0.04598414222016811,3.32540288210808
v500_s0_p30,500,0.3,h4,False,0,1.44879789109811,262.38838333399326,400.0,257.0,True,True,,51.88672187499469,8971,1,False,True,False,,5.05694663012511
v500_s0_p30,500,0.3,h4,True,0,1.4543013702166594,221.89080304199888,282.0,283.0,True,True,,49.525757583003724,8899,1,False,True,False,,4.480311132446917
v500_s0_p30,500,0.3,h2+3,False,0,1.410166930059754,99.83187512500444,492.0,136.0,True,True,1.4355699806398123,45.296939124993514,1037,1,True,True,True,-0.02540305058005843,2.203943071065483
v500_s0_p30,500,0.3,h2+3,True,0,1.4482744382412103,118.36568933298986,376.0,185.0,True,True,1.4793730813619357,35.18008991700481,960,1,True,True,True,-0.03109864312072541,3.3645647186301275
v500_s0_p30,500,0.3,h2+3+4,False,0,1.448551970554243,267.079739666995,415.0,257.0,True,True,,52.89918637499795,8971,1,False,True,False,,5.04884399872786
v500_s0_p30,500,0.3,h2+3+4,True,0,1.4498878927982832,229.72737070800213,308.0,283.0,True,True,,50.18207066698233,8899,1,False,True,False,,4.5778774700732505
v500_s0_p50,500,0.5,h2,False,0,1.917412395446965,14.968487000005553,741.0,1.0,True,True,1.917412395446965,13.307091416994808,741,1,True,True,True,0.0,1.124850392241909
v500_s0_p50,500,0.5,h2,True,0,1.8119129853191105,6.768913249994512,518.0,1.0,True,True,1.8119129853191105,6.0138292080082465,518,1,True,True,True,0.0,1.1255579458393608
v500_s0_p50,500,0.5,h3,False,0,1.6922438799397428,35.72717654099688,466.0,22.0,True,True,1.7671906672440247,17.82945595800993,741,1,True,True,True,-0.07494678730428195,2.003828755355059
v500_s0_p50,500,0.5,h3,True,0,1.7043644051267925,16.99018370799604,292.0,30.0,True,True,1.8291968626982293,7.007225707988255,518,1,True,True,True,-0.1248324575714368,2.4246662539537134
v500_s0_p50,500,0.5,h4,False,0,1.71450074633633,40.68496945800143,362.0,72.0,True,True,,8.644847875024425,3568,1,False,True,False,,4.706267830986729
v500_s0_p50,500,0.5,h4,True,0,1.7281516301953102,24.752122834004695,325.0,58.0,True,True,,7.222396500001196,3107,1,False,True,False,,3.427134308397579
v500_s0_p50,500,0.5,h2+3,False,0,1.701236017365219,35.365797749997,466.0,22.0,True,True,1.8027831092745084,16.96077137501561,741,1,True,True,True,-0.10154709190928934,2.085152671893996
v500_s0_p50,500,0.5,h2+3,True,0,1.7160419839014283,17.167722416008473,292.0,30.0,True,True,1.8133212486168544,8.17884179201792,518,1,True,True,True,-0.09727926471542614,2.099040775279843
v500_s0_p50,500,0.5,h2+3+4,False,0,1.7035240588796048,43.5653611250018,362.0,72.0,True,True,,10.08497808300308,3568,1,False,True,False,,4.319827050335941
v500_s0_p50,500,0.5,h2+3+4,True,0,1.7311045161661052,27.2521292080055,329.0,58.0,True,True,,8.129387124994537,3107,1,False,True,False,,3.3522981239528327
v500_s1_p0,500,0.0,h2,False,0,1.3032216162936259,273.28758462499536,1180.0,73.0,True,True,1.2922510144004569,50.395104041992454,1479,1,True,True,True,0.010970601893169007,5.422899502246776
v500_s1_p0,500,0.0,h2,True,0,1.3032216162936259,265.74074120799196,1180.0,73.0,True,True,1.2922510144004569,49.96421470801579,1479,1,True,True,True,0.010970601893169007,5.318621392549557
v500_s1_p0,500,0.0,h3,False,0,1.3038752297030833,481.4563528330036,599.0,369.0,True,True,1.3293920418653977,60.36201979199541,1479,1,True,True,True,-0.025516812162314384,7.976147161610544
v500_s1_p0,500,0.0,h3,True,0,1.3038752297030833,473.47687779199623,599.0,369.0,True,True,1.3293920418653977,60.89509462498245,1479,1,True,True,True,-0.025516812162314384,7.775287659997337
v500_s1_p0,500,0.0,h4,False,0,1.316160468378866,1030.9732919579983,502.0,521.0,True,True,,203.1714159589901,22279,1,False,True,False,,5.074401273878501
v500_s1_p0,500,0.0,h4,True,0,1.316160468378866,1023.2021405000123,502.0,521.0,True,True,,212.15170654197573,22279,1,False,True,False,,4.822973885895019
v500_s1_p0,500,0.0,h2+3,False,0,1.303595532557662,478.20396120799705,599.0,369.0,True,True,1.320828463698989,61.235763874981785,1479,1,True,True,True,-0.017232931141327068,7.809226683026158
v500_s1_p0,500,0.0,h2+3,True,0,1.303595532557662,481.7684182499943,599.0,369.0,True,True,1.320828463698989,61.31435579099343,1479,1,True,True,True,-0.017232931141327068,7.857351056451319
v500_s1_p0,500,0.0,h2+3+4,False,0,1.323588934551896,1065.8439107500017,521.0,532.0,True,True,,242.52223737500026,22279,1,False,True,False,,4.394829613508552
v500_s1_p0,500,0.0,h2+3+4,True,0,1.323588934551896,1067.8666898749943,521.0,532.0,True,True,,243.4209794579947,22279,1,False,True,False,,4.386913125782028
v500_s1_p10,500,0.1,h2,False,0,1.3122771880188897,211.2773595000035,1237.0,14.0,True,True,1.3205568113072281,47.76420116701047,1331,1,True,True,True,-0.008279623288338422,4.423341212412602
v500_s1_p10,500,0.1,h2,True,0,1.31857667174434,186.56325375000597,1087.0,39.0,True,True,1.3378332036238745,46.59620679100044,1323,1,True,True,True,-0.019256531879534577,4.003829208390385
v500_s1_p10,500,0.1,h3,False,0,1.328997003579508,325.16590979100147,498.0,331.0,True,True,1.3574110765828822,52.200804209016496,1331,1,True,True,True,-0.028414073003374174,6.229136020376416
v500_s1_p10,500,0.1,h3,True,0,1.3257633588112971,312.9134739160072,578.0,282.0,True,True,1.3490366857295408,51.5546149169968,1323,1,True,True,True,-0.023273326918243686,6.069553121865027
v500_s1_p10,500,0.1,h4,False,0,1.34250802623662,750.6569954159932,471.0,441.0,True,True,,138.694376792002,16844,1,False,True,False,,5.412310237651111
v500_s1_p10,500,0.1,h4,True,0,1.3418807157410997,724.5939744999923,363.0,465.0,True,True,,131.18264487502165,16831,1,False,True,False,,5.52355058239843
v500_s1_p10,500,0.1,h2+3,False,0,1.3238625687971126,327.4398390839924,498.0,331.0,True,True,1.3531129893197382,54.13542987499386,1331,1,True,True,True,-0.02925042052262561,6.048531245435678
v500_s1_p10,500,0.1,h2+3,True,0,1.3258327948060875,315.5858162499935,578.0,282.0,True,True,1.3573871572065788,52.43069466599263,1323,1,True,True,True,-0.031554362400491254,6.019104233892354
v500_s1_p10,500,0.1,h2+3+4,False,0,1.344210105129475,769.5329679160059,488.0,441.0,True,True,,151.61261312500574,16844,1,False,True,False,,5.0756526917817855
v500_s1_p10,500,0.1,h2+3+4,True,0,1.3433915123180926,735.3443952500093,384.0,465.0,True,True,,149.04640520800604,16831,1,False,True,False,,4.933660722804942
v500_s1_p30,500,0.3,h2,False,0,1.3925554738874713,43.8055178749928,1035.0,1.0,True,True,1.3925554738874713,39.70549887500238,1035,1,True,True,True,0.0,1.1032607350658852
v500_s1_p30,500,0.3,h2,True,0,1.414957984247787,33.257480000000214,958.0,1.0,True,True,1.414957984247787,30.472342875000322,958,1,True,True,True,0.0,1.0913988509654384
v500_s1_p30,500,0.3,h3,False,0,1.420005539080378,94.8916883750062,475.0,143.0,True,True,1.4262474823596911,43.056494707998354,1035,1,True,True,True,-0.006241943279313045,2.203887915598915
v500_s1_p30,500,0.3,h3,True,0,1.4020302647598342,80.61363579198951,485.0,113.0,True,True,1.4287441114557877,32.83283724999637,958,1,True,True,True,-0.026713846695953558,2.455274735417464
v500_s1_p30,500,0.3,h4,False,0,1.410299145311142,221.4777083749941,379.0,264.0,True,True,,49.43149358301889,8825,1,False,True,False,,4.480498004840338
v500_s1_p30,500,0.3,h4,True,0,1.4065034238417216,216.24774458400498,302.0,277.0,True,True,,46.164309209008934,8775,1,False,True,False,,4.684305869388042
v500_s1_p30,500,0.3,h2+3,False,0,1.4204405863681726,96.60796833300265,475.0,143.0,True,True,1.407779119357698,44.45621095801471,1035,1,True,True,True,0.012661467010474547,2.173103965703264
v500_s1_p30,500,0.3,h2+3,True,0,1.3916540043289445,82.9476031249942,485.0,113.0,True,True,1.4265979586086432,35.15193966598599,958,1,True,True,True,-0.03494395427969876,2.359687798544347
v500_s1_p30,500,0.3,h2+3+4,False,0,1.4033839091532976,228.85417108300317,384.0,264.0,True,True,,49.64013733397587,8825,1,False,True,False,,4.610264664323671
v500_s1_p30,500,0.3,h2+3+4,True,0,1.4141531452270528,221.27413508300378,310.0,277.0,True,True,,48.39462958401418,8775,1,False,True,False,,4.572286986903512
v500_s1_p50,500,0.5,h2,False,0,,13.43024754099315,739.0,1.0,False,True,,11.886865000007674,739,1,False,True,False,,1.1298393260951882
v500_s1_p50,500,0.5,h2,True,0,1.9238417382930044,5.671056833001785,510.0,1.0,True,True,1.9238417382930044,5.027463167003589,510,1,True,True,True,0.0,1.128015590491493
v500_s1_p50,500,0.5,h3,False,0,1.6909349900751391,36.559284374990966,489.0,10.0,True,True,1.7049182413896935,14.5055094579875,739,1,True,True,True,-0.013983251314554357,2.5203723096302206
v500_s1_p50,500,0.5,h3,True,0,1.713791885137039,19.799654125003144,205.0,59.0,True,True,1.8060500699246655,6.346354999986943,510,1,True,True,True,-0.09225818478762648,3.1198466088083445
v500_s1_p50,500,0.5,h4,False,0,1.673678398109385,41.61378104198957,368.0,73.0,True,True,,9.151687250006944,3611,1,False,True,False,,4.547115729064932
v500_s1_p50,500,0.5,h4,True,0,1.7320777715952513,23.883077749997028,315.0,57.0,True,True,,7.3835290409915615,3127,1,False,True,False,,3.234642623791953
v500_s1_p50,500,0.5,h2+3,False,0,1.6847562474312758,38.31166925000434,489.0,10.0,True,True,1.7849241621657783,14.924190041987458,739,1,True,True,True,-0.10016791473450248,2.567085325382413
v500_s1_p50,500,0.5,h2+3,True,0,1.7329168887141955,20.608050082999398,207.0,59.0,True,True,1.7386165351095837,6.122202209022362,510,1,True,True,True,-0.005699646395388225,3.3661171878036096
v500_s1_p50,500,0.5,h2+3+4,False,0,1.6784360075770797,45.47566245800408,370.0,73.0,True,True,,10.64878374998807,3611,1,False,True,False,,4.270502953734508
v500_s1_p50,500,0.5,h2+3+4,True,0,1.7271298538881688,26.60041620899574,320.0,57.0,True,True,,8.332438208977692,3127,1,False,True,False,,3.1923928557112395
v500_s2_p0,500,0.0,h2,False,0,1.282321646334877,270.364862500006,1002.0,142.0,True,True,1.2990484200287038,51.7120398330153,1484,1,True,True,True,-0.016726773693826802,5.228276884320329
v500_s2_p0,500,0.0,h2,True,0,1.282321646334877,270.9783094589948,1002.0,142.0,True,True,1.2990484200287038,52.75470420901547,1484,1,True,True,True,-0.016726773693826802,5.136571487262479
v500_s2_p0,500,0.0,h3,False,0,1.3044313554966815,473.57307412500086,601.0,379.0,True,True,1.3362738988361185,57.25438550001127,1484,1,True,True,True,-0.031842543339436924,8.271385152232709
v500_s2_p0,500,0.0,h3,True,0,1.3044313554966815,468.7086554999987,601.0,379.0,True,True,1.3362738988361185,62.759081124997465,1484,1,True,True,True,-0.031842543339436924,7.468379828035885
v500_s2_p0,500,0.0,h4,False,0,1.313461252130878,1187.9667186250008,450.0,547.0,True,True,,216.66988116700668,22359,1,False,True,False,,5.482841972435152
v500_s2_p0,500,0.0,h4,True,0,1.313461252130878,1183.5294316660002,450.0,547.0,True,True,,207.70791829098016,22359,1,False,True,False,,5.698046763956209
v500_s2_p0,500,0.0,h2+3,False,0,1.3067554365592569,474.0766595000023,601.0,379.0,True,True,1.3389276660329943,61.91620358300861,1484,1,True,True,True,-0.032172229473737435,7.656746248410182
v500_s2_p0,500,0.0,h2+3,True,0,1.3067554365592569,487.24271224999393,601.0,379.0,True,True,1.3389276660329943,63.56628958301735,1484,1,True,True,True,-0.032172229473737435,7.665111735264281
v500_s2_p0,500,0.0,h2+3+4,False,0,1.3181185770037045,1214.614049166994,450.0,547.0,True,True,,244.83603945799405,22359,1,False,True,False,,4.960928349665542
v500_s2_p0,500,0.0,h2+3+4,True,0,1.3181185770037045,1209.0087988330051,450.0,547.0,True,True,,248.00736016599694,22359,1,False,True,False,,4.87489080172374
v500_s2_p10,500,0.1,h2,False,0,1.3145884467854312,189.52682891600125,999.0,64.0,True,True,1.3363032500793912,48.38153295899974,1336,1,True,True,True,-0.021714803293960028,3.9173382347478145
v500_s2_p10,500,0.1,h2,True,0,1.3158921112572466,185.96453129099973,973.0,79.0,True,True,1.3404049521515364,46.71465600002557,1328,1,True,True,True,-0.024512840894289845,3.980860552433436
v500_s2_p10,500,0.1,h3,False,0,1.339142275343766,322.69138412500615,532.0,308.0,True,True,1.3615811271788218,52.97695070900954,1336,1,True,True,True,-0.022438851835055784,6.091165682552725
v500_s2_p10,500,0.1,h3,True,0,1.3325713733221987,334.4771334590041,541.0,299.0,True,True,1.3610434023118099,52.106415582995396,1328,1,True,True,True,-0.02847202898961121,6.4191161436972575
v500_s2_p10,500,0.1,h4,False,0,1.3374788151399908,809.9646104999993,348.0,469.0,True,True,,140.86738524999237,16973,1,False,True,False,,5.749837757424004
v500_s2_p10,500,0.1,h4,True,0,1.3334168727404245,793.7967064159893,397.0,458.0,True,True,,140.32784341697698,16998,1,False,True,False,,5.65672989113973
v500_s2_p10,500,0.1,h2+3,False,0,1.3400882353012264,327.61288779099414,532.0,308.0,True,True,1.3454266151188972,53.69361458401545,1336,1,True,True,True,-0.005338379817670713,6.10152418176973
v500_s2_p10,500,0.1,h2+3,True,0,1.337021348185915,340.13735612499295,541.0,299.0,True,True,1.3616251523809815,53.21900054102298,1328,1,True,True,True,-0.02460380419506647,6.391276661853199
v500_s2_p10,500,0.1,h2+3+4,False,0,1.3415480874063406,803.213316333,366.0,469.0,True,True,,156.64916050000465,16973,1,False,True,False,,5.127466459247167
v500_s2_p10,500,0.1,h2+3+4,True,0,1.335271938538565,812.0271813750005,410.0,458.0,True,True,,155.31002237499342,16998,1,False,True,False,,5.228427431517424
v500_s2_p30,500,0.3,h2,False,0,1.4277720477456193,85.60289433300204,779.0,26.0,True,True,1.452920083191547,39.857588999992004,1039,1,True,True,True,-0.025148035445927697,2.1477188279757518
v500_s2_p30,500,0.3,h2,True,0,1.41391758983001,76.38138700000127,808.0,19.0,True,True,1.4474291103917423,33.190665542002534,983,1,True,True,True,-0.03351152056173223,2.3012912140415263
v500_s2_p30,500,0.3,h3,False,0,1.4187237400371722,98.63131574999716,499.0,125.0,True,True,1.4578173210388874,43.58580845899996,1039,1,True,True,True,-0.03909358100171523,2.262922708954156
v500_s2_p30,500,0.3,h3,True,0,1.428548687050836,113.68408462499792,378.0,178.0,True,True,1.4472701154753513,35.9376148750016,983,1,True,True,True,-0.018721428424515407,3.163373112556704
v500_s2_p30,500,0.3,h4,False,0,1.440097752937292,196.46087058300327,428.0,229.0,True,True,,49.857445374975214,8899,1,False,True,False,,3.9404520048195697
v500_s2_p30,500,0.3,h4,True,0,1.4194628819407886,210.72416349999548,380.0,254.0,True,True,,47.52061320800567,8824,1,False,True,False,,4.43437382799798
v500_s2_p30,500,0.3,h2+3,False,0,1.4246802595617027,100.35403437500645,499.0,125.0,True,True,1.4362487624378246,44.27659495800617,1039,1,True,True,True,-0.011568502876121878,2.2665255643571176
v500_s2_p30,500,0.3,h2+3,True,0,1.429579805290418,115.05180333300086,379.0,178.0,True,True,1.4597249041479443,37.33478537501651,983,1,True,True,True,-0.030145098857526254,3.081624875497225
v500_s2_p30,500,0.3,h2+3+4,False,0,1.4370703439853487,207.2464926669927,444.0,229.0,True,True,,51.74289041702286,8899,1,False,True,False,,4.005313406280273
v500_s2_p30,500,0.3,h2+3+4,True,0,1.4057629038152692,217.285298332994,395.0,254.0,True,True,,49.399955417000456,8824,1,False,True,False,,4.398491790100232
v500_s2_p50,500,0.5,h2,False,0,,14.173044915994979,742.0,1.0,False,True,,12.699916458019288,742,1,False,True,False,,1.115995129798314
v500_s2_p50,500,0.5,h2,True,0,1.8836969434226822,6.191074707996449,523.0,1.0,True,True,1.8836969434226822,5.4843724590027705,523,1,True,True,True,0.0,1.1288574498315855
v500_s2_p50,500,0.5,h3,False,0,1.733226542698883,28.7277003749914,387.0,33.0,True,True,1.736157353514326,15.362215208006091,742,1,True,True,True,-0.002930810815442886,1.8700232997660273
v500_s2_p50,500,0.5,h3,True,0,1.682961645354204,18.43110566699761,319.0,23.0,True,True,1.81856857155478,9.051954458991531,523,1,True,True,True,-0.1356069262005759,2.03614653061909
v500_s2_p50,500,0.5,h4,True,0,1.7247830489307598,26.254679624995333,235.0,79.0,True,True,,7.359169041999849,3134,1,False,True,False,,3.5676146960554997
v500_s2_p50,500,0.5,h2+3,False,0,1.7469773283494194,30.366781707998598,387.0,33.0,True,True,1.7915068490479098,15.54747462499654,742,1,True,True,True,-0.044529520698490366,1.9531648991519326
v500_s2_p50,500,0.5,h2+3,True,0,1.7058330008250746,19.486009416999877,319.0,23.0,True,True,1.826104309685225,9.086471500020707,523,1,True,True,True,-0.12027130886015036,2.1445078452021193
v500_s2_p50,500,0.5,h2+3+4,True,0,1.7399828181561225,28.486894999994547,244.0,79.0,True,True,,8.247697667015018,3134,1,False,True,False,,3.45392085768639
v500_s3_p0,500,0.0,h2,False,0,1.2872093578550818,267.67310783399444,1086.0,96.0,True,True,1.2884720373599137,49.58272550001857,1477,1,True,True,True,-0.0012626795048318318,5.398515413072526
v500_s3_p0,500,0.0,h2,True,0,1.2872093578550818,278.8350892919989,1086.0,96.0,True,True,1.2884720373599137,51.00099579201196,1477,1,True,True,True,-0.0012626795048318318,5.467247942160209
v500_s3_p0,500,0.0,h3,False,0,1.29672866882131,456.18410949999816,600.0,356.0,True,True,1.3059097401046358,60.12946962498245,1477,1,True,True,True,-0.009181071283325792,7.586697709877419
v500_s3_p0,500,0.0,h3,True,0,1.29672866882131,454.1374641250004,600.0,356.0,True,True,1.3059097401046358,61.267425832978915,1477,1,True,True,True,-0.009181071283325792,7.412380362821579
v500_s3_p0,500,0.0,h4,False,0,1.3166084810430567,1227.7849784170103,307.0,593.0,True,True,,213.31972679198952,22049,1,False,True,False,,5.755609182896794
v500_s3_p0,500,0.0,h4,True,0,1.3166084810430567,1215.4487885000126,307.0,593.0,True,True,,214.12081062499783,22049,1,False,True,False,,5.676462670546762
v500_s3_p0,500,0.0,h2+3,False,0,1.3018303492216892,458.77346083399607,600.0,356.0,True,True,1.3214023582802124,60.77369808399817,1477,1,True,True,True,-0.019572009058523188,7.548881758024726
v500_s3_p0,500,0.0,h2+3,True,0,1.3018303492216892,456.8767815420142,600.0,356.0,True,True,1.3214023582802124,61.20427349998499,1477,1,True,True,True,-0.019572009058523188,7.464785633671908
v500_s3_p0,500,0.0,h2+3+4,False,0,1.3202301351571422,1237.1394045410125,307.0,593.0,True,True,,243.56577108299825,22049,1,False,True,False,,5.07928268836856
v500_s3_p0,500,0.0,h2+3+4,True,0,1.3202301351571422,1236.9058842909872,307.0,593.0,True,True,,247.40989174999413,22049,1,False,True,False,,4.999419689900157
v500_s3_p10,500,0.1,h2,False,0,1.3006521996671598,189.28320095800154,1107.0,41.0,True,True,1.3281866878647548,47.30619449997903,1329,1,True,True,True,-0.027534488197594964,4.001234995938755
v500_s3_p10,500,0.1,h2,True,0,1.2949388146200183,193.33028920799552,1131.0,39.0,True,True,1.324706231671566,47.31440066601499,1324,1,True,True,True,-0.02976741705154784,4.086077103093496
v500_s3_p10,500,0.1,h3,False,0,1.3212299739276214,259.36065229101223,609.0,262.0,True,True,1.3592626997625787,53.1567281250027,1329,1,True,True,True,-0.038032725834957315,4.879168854808049
v500_s3_p10,500,0.1,h3,True,0,1.3347693076550027,355.8358843330061,502.0,333.0,True,True,1.3446924339448059,52.50886387497303,1324,1,True,True,True,-0.009923126289803186,6.776682222267732
v500_s3_p10,500,0.1,h4,False,0,1.3363125044090662,743.6568864169967,352.0,464.0,True,True,,136.57132112499676,16712,1,False,True,False,,5.445190690777352
v500_s3_p10,500,0.1,h4,True,0,1.3304470618938244,766.7794812920038,397.0,444.0,True,True,,138.90714979197946,16716,1,False,True,False,,5.520086492598078
v500_s3_p10,500,0.1,h2+3,False,0,1.325663680477725,258.7268089160061,609.0,262.0,True,True,1.3481667913869093,54.47901866698521,1329,1,True,True,True,-0.02250311090918422,4.749109202893865
v500_s3_p10,500,0.1,h2+3,True,0,1.334613934395209,359.7334202919883,502.0,333.0,True,True,1.3418517148848428,53.786894749995554,1324,1,True,True,True,-0.007237780489633749,6.688123974511803
v500_s3_p10,500,0.1,h2+3+4,False,0,1.3341871674629522,770.4838649170124,376.0,464.0,True,True,,154.82679666701006,16712,1,False,True,False,,4.976424504694182
v500_s3_p10,500,0.1,h2+3+4,True,0,1.3353352507855631,768.2127396249998,419.0,444.0,True,True,,153.61457445900305,16716,1,False,True,False,,5.000910508201954
v500_s3_p30,500,0.3,h2,False,0,1.4424783974122464,40.47625033301301,1034.0,1.0,True,True,1.4424783974122464,36.16527945798589,1034,1,True,True,True,0.0,1.1192019234922623
v500_s3_p30,500,0.3,h2,True,0,1.4444368181152956,32.136247000002186,963.0,1.0,True,True,1.4444368181152956,29.192981999978656,963,1,True,True,True,0.0,1.1008209781387075
v500_s3_p30,500,0.3,h3,False,0,1.423511740146728,94.81252933299402,528.0,109.0,True,True,1.4382742068956256,42.9789993329905,1034,1,True,True,True,-0.014762466748897474,2.206019935420328
v500_s3_p30,500,0.3,h3,True,0,1.4044190061452235,128.32729195800493,358.0,196.0,True,True,1.4497589294268096,33.568241957982536,963,1,True,True,True,-0.04533992328158609,3.822877948706178
v500_s3_p30,500,0.3,h4,False,0,1.4088974842673678,226.2278492500045,478.0,243.0,True,True,,49.93319641597918,8844,1,False,True,False,,4.530610204989983
v500_s3_p30,500,0.3,h4,True,0,1.424076992029302,267.5945654579991,232.0,306.0,True,True,,46.46315645799041,8802,1,False,True,False,,5.759285116583595
v500_s3_p30,500,0.3,h2+3,False,0,1.4197229791385395,98.36015041600331,528.0,109.0,True,True,1.439052942100204,44.33024100001785,1034,1,True,True,True,-0.01932996296166456,2.2188047751863946
v500_s3_p30,500,0.3,h2+3,True,0,1.4029659049599599,130.54156704200432,362.0,196.0,True,True,1.4401985926075345,35.39060304200393,963,1,True,True,True,-0.03723268764757459,3.688594028394172
v500_s3_p30,500,0.3,h2+3+4,False,0,1.4073851733536642,230.4397310839995,483.0,243.0,True,True,,51.580979749996914,8844,1,False,True,False,,4.467533036419559
v500_s3_p30,500,0.3,h2+3+4,True,0,1.424272529627212,281.6861264170002,260.0,306.0,True,True,,49.76259062500321,8802,1,False,True,False,,5.660600119067495
v500_s3_p50,500,0.5,h2,False,0,,14.062490958007402,739.0,1.0,False,True,,12.377395958988927,739,1,False,True,False,,1.1361429338288798
v500_s3_p50,500,0.5,h2,True,0,1.93946560891521,6.024137874992448,509.0,1.0,True,True,1.93946560891521,5.192924208007753,509,1,True,True,True,0.0,1.1600665893992679
v500_s3_p50,500,0.5,h3,False,0,1.6836197209859987,47.70927649999794,436.0,20.0,True,True,1.8264694283532157,15.375303333974443,739,1,True,True,True,-0.14284970736721703,3.1029811551474165
v500_s3_p50,500,0.5,h3,True,0,1.8046767946735012,18.40753433300415,333.0,14.0,True,True,1.8570425180487027,8.596573250018992,509,1,True,True,True,-0.05236572337520151,2.1412641755787383
v500_s3_p50,500,0.5,h4,False,0,1.6725640098133054,39.62415541699738,295.0,94.0,True,True,,8.477966624981491,3548,1,False,True,False,,4.673780538394593
v500_s3_p50,500,0.5,h4,True,0,1.682525211976864,24.626938125002198,264.0,82.0,True,True,,6.798977708007442,3038,1,False,True,False,,3.6221530916328817
v500_s3_p50,500,0.5,h2+3,False,0,1.6644211944964298,49.40051908300666,436.0,20.0,True,True,1.8089646287439702,14.613835541007575,739,1,True,True,True,-0.14454343424754046,3.380393801776741
v500_s3_p50,500,0.5,h2+3,True,0,1.7972598413814829,19.3879918330058,333.0,14.0,True,True,1.8469381020981337,7.858199959009653,509,1,True,True,True,-0.049678260716650824,2.467230655129475
v500_s3_p50,500,0.5,h2+3+4,False,0,1.6859673529905086,43.43876212500618,296.0,94.0,True,True,,9.539411083998857,3548,1,False,True,False,,4.553610463214983
v500_s3_p50,500,0.5,h2+3+4,True,0,,26.83384350000415,268.0,82.0,False,True,,7.646167166007217,3038,1,False,True,False,,3.5094502797820235
v500_s4_p0,500,0.0,h2,False,0,1.2800942332947534,271.26486924999335,1061.0,106.0,True,True,1.2934193439277826,49.5381693750096,1482,1,True,True,True,-0.013325110633029214,5.475875929053561
v500_s4_p0,500,0.0,h2,True,0,1.2800942332947534,269.30988333300047,1061.0,106.0,True,True,1.2934193439277826,50.228063540998846,1482,1,True,True,True,-0.013325110633029214,5.361741312467188
v500_s4_p0,500,0.0,h3,False,0,1.3092003751932852,466.415351165997,600.0,367.0,True,True,1.331199704504498,60.128996374987764,1482,1,True,True,True,-0.021999329311212845,7.756912293317683
v500_s4_p0,500,0.0,h3,True,0,1.3092003751932852,471.3983788330079,600.0,367.0,True,True,1.331199704504498,60.08333549997769,1482,1,True,True,True,-0.021999329311212845,7.845742499318849
v500_s4_p0,500,0.0,h4,False,0,1.3150947580147903,1210.0500621669926,387.0,561.0,True,True,,213.03879270900507,22279,1,False,True,False,,5.679951743905298
v500_s4_p0,500,0.0,h4,True,0,1.3150947580147903,1224.514543415993,387.0,561.0,True,True,,211.8882413749816,22279,1,False,True,False,,5.779058504945315
v500_s4_p0,500,0.0,h2+3,False,0,1.3076911801465185,469.0174390829925,600.0,367.0,True,True,1.3131525282562153,61.27356741699623,1482,1,True,True,True,-0.005461348109696784,7.654482329894426
v500_s4_p0,500,0.0,h2+3,True,0,1.3076911801465185,481.0874062080111,600.0,367.0,True,True,1.3131525282562153,62.12459087499883,1482,1,True,True,True,-0.005461348109696784,7.743912666982536
v500_s4_p0,500,0.0,h2+3+4,False,0,1.3145796343497678,1215.6725615829928,387.0,561.0,True,True,,242.01888412502012,22279,1,False,True,False,,5.023048370700737
v500_s4_p0,500,0.0,h2+3+4,True,0,1.3145796343497678,1219.4093611659919,387.0,561.0,True,True,,242.61750512500294,22279,1,False,True,False,,5.026056798901299
v500_s4_p10,500,0.1,h2,False,0,1.3134781333818333,185.28683929200633,1010.0,62.0,True,True,1.3209507930422788,47.05612708401168,1334,1,True,True,True,-0.007472659660445524,3.9375709556633165
v500_s4_p10,500,0.1,h2,True,0,1.3077860812050648,186.98531208299391,995.0,69.0,True,True,1.3309608012983511,46.83009741597925,1329,1,True,True,True,-0.02317472009328636,3.9928448241747887
v500_s4_p10,500,0.1,h3,False,0,1.3341074800053743,294.0431581249868,588.0,269.0,True,True,1.3665481034717322,53.484651583014056,1334,1,True,True,True,-0.0324406234663579,5.497711014693618
v500_s4_p10,500,0.1,h3,True,0,1.328027074637539,306.00875337500474,557.0,300.0,True,True,1.3620191245453173,53.21529270798783,1329,1,True,True,True,-0.033992049907778155,5.750391246632598
v500_s4_p10,500,0.1,h4,False,0,1.3425992787042929,704.1225712079904,389.0,470.0,True,True,,139.33821041698684,16921,1,False,True,False,,5.053334394785296
v500_s4_p10,500,0.1,h4,True,0,1.340512746769863,750.7186763749924,438.0,468.0,True,True,,131.87098791601602,16926,1,False,True,False,,5.692826665203256
v500_s4_p10,500,0.1,h2+3,False,0,1.3362800777777413,300.76266891599516,588.0,269.0,True,True,1.3534365587032662,54.31037516600918,1334,1,True,True,True,-0.01715648092552491,5.537849223038164
v500_s4_p10,500,0.1,h2+3,True,0,1.33277497763795,311.60387024999363,557.0,300.0,True,True,1.3707668107212745,54.21922625001753,1329,1,True,True,True,-0.03799183308332443,5.747110237485045
v500_s4_p10,500,0.1,h2+3+4,False,0,1.3412091663394872,704.9899493749981,406.0,470.0,True,True,,154.82222849997925,16921,1,False,True,False,,4.553544773288757
v500_s4_p10,500,0.1,h2+3+4,True,0,1.3446749982625381,758.5820492920029,458.0,468.0,True,True,,152.63498687499668,16926,1,False,True,False,,4.96990935579703
v500_s4_p30,500,0.3,h2,False,0,1.4460184557021782,43.045819166,1037.0,1.0,True,True,1.4460184557021782,39.74661358300364,1037,1,True,True,True,0.0,1.0830059541074253
v500_s4_p30,500,0.3,h2,True,0,1.4548973147618867,35.258656709003844,974.0,1.0,True,True,1.4548973147618867,32.304809374996694,974,1,True,True,True,0.0,1.0914367671921126
v500_s4_p30,500,0.3,h3,False,0,1.4221648727912475,94.61244479200104,485.0,141.0,True,True,1.4383218577291998,43.83329154198873,1037,1,True,True,True,-0.016156984937952368,2.158460874455892
v500_s4_p30,500,0.3,h3,True,0,1.4399341294435741,83.79951199999778,518.0,112.0,True,True,1.4506091921830604,34.82109137499356,974,1,True,True,True,-0.010675062739486263,2.40657339247493
v500_s4_p30,500,0.3,h4,False,0,1.4259464462924802,250.00789987501048,352.0,261.0,True,True,,50.817913042003056,8919,1,False,True,False,,4.919680579333686
v500_s4_p30,500,0.3,h4,True,0,1.4151996606717208,229.271940000006,313.0,269.0,True,True,,48.245865458011394,8878,1,False,True,False,,4.752157264119191
v500_s4_p30,500,0.3,h2+3,False,0,1.4246717115740475,96.39381887498894,485.0,141.0,True,True,1.4688386940624811,44.09891204201267,1037,1,True,True,True,-0.04416698248843365,2.185854807101711
v500_s4_p30,500,0.3,h2+3,True,0,1.4446485434955287,85.84227141700103,518.0,112.0,True,True,1.4810447224635648,36.54928141599521,974,1,True,True,True,-0.03639617896803604,2.348671932560445
v500_s4_p30,500,0.3,h2+3+4,False,0,1.4261078289433953,255.10043308300374,362.0,261.0,True,True,,51.09894629201153,8919,1,False,True,False,,4.992283629983275
v500_s4_p30,500,0.3,h2+3+4,True,0,1.4200301151159755,242.14205875000334,322.0,269.0,True,True,,49.64573575000395,8878,1,False,True,False,,4.877398936523648
v500_s4_p50,500,0.5,h2,False,0,2.12456615997768,15.390983416989911,741.0,1.0,True,True,2.12456615997768,13.830501999997068,741,1,True,True,True,0.0,1.1128289788030234
v500_s4_p50,500,0.5,h2,True,0,1.9145870460203849,8.17342533300689,516.0,1.0,True,True,1.9145870460203849,7.561271374986973,516,1,True,True,True,0.0,1.0809591307680015
v500_s4_p50,500,0.5,h3,False,0,1.6932823156670171,27.472221040996374,345.0,50.0,True,True,1.7893839276912482,22.26850037497934,741,1,True,True,True,-0.09610161202423106,1.2336807857912104
v500_s4_p50,500,0.5,h3,True,0,1.744408162475859,16.87618449999718,251.0,43.0,True,True,1.8385218213138377,10.47468270797981,516,1,True,True,True,-0.09411365883797873,1.6111404011446175
v500_s4_p50,500,0.5,h4,False,0,1.7047138496620737,37.75250220800808,339.0,84.0,True,True,,8.985674291994656,3591,1,False,True,False,,4.201410042387338
v500_s4_p50,500,0.5,h4,True,0,1.7128651743362977,22.65050849999534,309.0,55.0,True,True,,7.3159436249989085,3134,1,False,True,False,,3.0960474357125354
v500_s4_p50,500,0.5,h2+3,False,0,1.7074023872544404,28.60126512500574,345.0,50.0,True,True,1.8144251339358202,22.377908541995566,741,1,True,True,True,-0.10702274668137979,1.2781026909342799
v500_s4_p50,500,0.5,h2+3,True,0,1.7562094791383223,17.742342166995513,251.0,43.0,True,True,1.84323268900622,10.501696541992715,516,1,True,True,True,-0.0870232098678978,1.6894738955796254
v500_s4_p50,500,0.5,h2+3+4,False,0,1.709775568915444,41.4735032079916,341.0,84.0,True,True,,10.26151262500207,3591,1,False,True,False,,4.04165591600422
v500_s4_p50,500,0.5,h2+3+4,True,0,1.7150219187599305,25.228597166002146,313.0,55.0,True,True,,8.232476124976529,3134,1,False,True,False,,3.064521145644267
v500_s5_p0,500,0.0,h2,False,0,1.2965470317265257,292.51689174999774,880.0,197.0,True,True,1.298907531680804,50.29223558399826,1485,1,True,True,True,-0.002360499954278339,5.816342987207936
v500_s5_p0,500,0.0,h2,True,0,1.2965470317265257,285.9742479999986,880.0,197.0,True,True,1.298907531680804,51.59591925001587,1485,1,True,True,True,-0.002360499954278339,5.542574919816176
v500_s5_p0,500,0.0,h3,False,0,1.3068756860825945,480.922911792004,582.0,382.0,True,True,1.3418851303789672,60.74629149999237,1485,1,True,True,True,-0.03500944429637265,7.916909821434357
v500_s5_p0,500,0.0,h3,True,0,1.3068756860825945,482.76916462498775,582.0,382.0,True,True,1.3418851303789672,60.62036825000541,1485,1,True,True,True,-0.03500944429637265,7.963811150634913
v500_s5_p0,500,0.0,h4,False,0,1.3237329141805951,1162.403322500002,400.0,581.0,True,True,,221.78227387499646,22400,1,False,True,False,,5.241191291758374
v500_s5_p0,500,0.0,h4,True,0,1.3237329141805951,1094.9719539579964,400.0,581.0,True,True,,220.19313295799657,22400,1,False,True,False,,4.972779755883079
v500_s5_p0,500,0.0,h2+3,False,0,1.2987852313581039,491.2863215000107,582.0,382.0,True,True,1.343665370068013,61.327071041974705,1485,1,True,True,True,-0.044880138709909145,8.010921003609559
v500_s5_p0,500,0.0,h2+3,True,0,1.2987852313581039,489.2896630000032,582.0,382.0,True,True,1.343665370068013,62.458013209019555,1485,1,True,True,True,-0.044880138709909145,7.833897331357075
v500_s5_p0,500,0.0,h2+3+4,False,0,1.3268239589296569,1113.1750923340005,400.0,581.0,True,True,,248.3832117500133,22400,1,False,True,False,,4.48168410614789
v500_s5_p0,500,0.0,h2+3+4,True,0,1.3268239589296569,1107.8922822919994,400.0,581.0,True,True,,252.7762602919829,22400,1,False,True,False,,4.382896878893091
v500_s5_p10,500,0.1,h2,False,0,1.308263577850126,202.4356325000117,1196.0,20.0,True,True,1.3372079948335929,47.92442729198956,1337,1,True,True,True,-0.028944416983466947,4.224059502404284
v500_s5_p10,500,0.1,h2,True,0,1.3163899199559734,200.77156254100555,1193.0,18.0,True,True,1.330172344056047,46.63340491699637,1327,1,True,True,True,-0.013782424100073465,4.305316390650917
v500_s5_p10,500,0.1,h3,False,0,1.3419078953338848,360.14895166699716,550.0,298.0,True,True,1.3600471129298952,53.92534458299633,1337,1,True,True,True,-0.01813921759601045,6.678658327582738
v500_s5_p10,500,0.1,h3,True,0,1.3383235191333938,295.6822186669888,571.0,283.0,True,True,1.3872072477738149,52.68561620902619,1327,1,True,True,True,-0.04888372864042112,5.612200064129305
v500_s5_p10,500,0.1,h4,False,0,1.3436877616933305,815.4797191659891,340.0,487.0,True,True,,137.5439591250033,17061,1,False,True,False,,5.928866119266359
v500_s5_p10,500,0.1,h4,True,0,1.3488058137036267,811.8786837919906,351.0,479.0,True,True,,143.0064770830213,17073,1,False,True,False,,5.677216167773021
v500_s5_p10,500,0.1,h2+3,False,0,1.3342435043141234,368.54588004200195,550.0,298.0,True,True,1.3649309449183722,54.2894146250037,1337,1,True,True,True,-0.030687440604248772,6.788540318360024
v500_s5_p10,500,0.1,h2+3,True,0,1.3391098831145585,311.07041775000107,571.0,283.0,True,True,1.3628449422660316,53.01013970799977,1327,1,True,True,True,-0.023735059151473115,5.8681305022679915
v500_s5_p10,500,0.1,h2+3+4,False,0,1.3482169925826606,819.8588352080114,363.0,487.0,True,True,,161.30549975001486,17061,1,False,True,False,,5.082646509130796
v500_s5_p10,500,0.1,h2+3+4,True,0,1.3511946671681188,816.5408552500012,368.0,479.0,True,True,,156.94850525000948,17073,1,False,True,False,,5.202603579749301
v500_s5_p30,500,0.3,h2,False,0,1.4536860038998405,34.03633433301002,1039.0,1.0,True,True,1.4536860038998405,30.619286250002915,1039,1,True,True,True,0.0,1.111597901241306
v500_s5_p30,500,0.3,h2,True,0,1.4614849057927466,30.27358708299289,973.0,1.0,True,True,1.4614849057927466,28.022745499998564,973,1,True,True,True,0.0,1.0803219507165864
v500_s5_p30,500,0.3,h3,False,0,1.4216589944218663,117.3453896669962,473.0,156.0,True,True,1.45287413100654,41.69172791601159,1039,1,True,True,True,-0.031215136584673786,2.8145964567213353
v500_s5_p30,500,0.3,h3,True,0,1.4381593173559304,89.88720020800247,467.0,139.0,True,True,1.464348000714902,33.780612999980804,973,1,True,True,True,-0.02618868335897151,2.6609108664799406
v500_s5_p30,500,0.3,h4,False,0,1.427438988577194,177.535841082994,506.0,243.0,True,True,,50.01033720897976,8862,1,False,True,False,,3.5499828833610825
v500_s5_p30,500,0.3,h4,True,0,1.437607152360711,251.32851966698945,208.0,319.0,True,True,,44.89952245799941,8755,1,False,True,False,,5.597576675834158
v500_s5_p30,500,0.3,h2+3,False,0,1.4198941902086502,121.0480356659973,473.0,156.0,True,True,1.4662528778735004,43.4738480829983,1039,1,True,True,True,-0.046358687664850295,2.7843874191881492
v500_s5_p30,500,0.3,h2+3,True,0,1.4241788230344905,91.89429241600737,468.0,139.0,True,True,1.471700917878185,36.98768550000386,973,1,True,True,True,-0.04752209484369452,2.484456412283428
v500_s5_p30,500,0.3,h2+3+4,False,0,1.4304100910195445,184.16608233300212,517.0,243.0,True,True,,53.66623637499288,8862,1,False,True,False,,3.431693645258472
v500_s5_p30,500,0.3,h2+3+4,True,0,1.4338122660251584,253.18178170800093,229.0,319.0,True,True,,51.3798363750102,8755,1,False,True,False,,4.927648656957224
v500_s5_p50,500,0.5,h2,False,0,,13.843573334001121,743.0,1.0,False,True,,12.695008957991377,743,1,False,True,False,,1.0904736955925294
v500_s5_p50,500,0.5,h2,True,0,1.9046655642049173,6.145922582989442,524.0,1.0,True,True,1.9046655642049173,5.576050290983403,524,1,True,True,True,0.0,1.1021999914397356
v500_s5_p50,500,0.5,h3,False,0,1.6873813389530852,32.41316833299061,352.0,40.0,True,True,1.8239165381141311,16.01441204099683,743,1,True,True,True,-0.13653519916104595,2.0239998977179448
v500_s5_p50,500,0.5,h3,True,0,1.7835518852437473,19.83083066699328,341.0,23.0,True,True,1.8559476565906408,7.337874916993314,524,1,True,True,True,-0.07239577134689346,2.702530486185902
v500_s5_p50,500,0.5,h4,False,0,1.7261589971853308,50.479195500010974,235.0,106.0,True,True,,9.098201916989638,3610,1,False,True,False,,5.548260630020536
v500_s5_p50,500,0.5,h4,True,0,1.6987006959013338,25.759964084005333,288.0,76.0,True,True,,7.422986375022447,3114,1,False,True,False,,3.470296560247618
v500_s5_p50,500,0.5,h2+3,False,0,1.6945588643798546,33.63569712500612,352.0,40.0,True,True,1.8872219518914182,14.578536624991102,743,1,True,True,True,-0.19266308751156358,2.307206682689021
v500_s5_p50,500,0.5,h2+3,True,0,1.7866624322619542,20.519936790995416,341.0,23.0,True,True,1.8066285991940219,7.229860291990917,524,1,True,True,True,-0.019966166932067653,2.838220375257729
v500_s5_p50,500,0.5,h2+3+4,False,0,1.7471647300480777,53.65090162499109,240.0,106.0,True,True,,10.45604199997615,3610,1,False,True,False,,5.1310908683336836
v500_s5_p50,500,0.5,h2+3+4,True,0,1.6986356239715155,28.446706250004354,290.0,76.0,True,True,,8.177208499982953,3114,1,False,True,False,,3.4787796165480747
v500_s6_p0,500,0.0,h2,False,0,1.302276235661076,268.1156170410104,932.0,165.0,True,True,1.3012280827840639,49.786770790989976,1478,1,True,True,True,0.0010481528770120985,5.385278313522031
v500_s6_p0,500,0.0,h2,True,0,1.302276235661076,267.2272587920015,932.0,165.0,True,True,1.3012280827840639,51.06991541699972,1478,1,True,True,True,0.0010481528770120985,5.232576882299852
v500_s6_p0,500,0.0,h3,False,0,1.2991265880308098,493.7902573750034,540.0,408.0,True,True,1.3349937635293243,59.59765566600254,1478,1,True,True,True,-0.03586717549851448,8.28539733412175
v500_s6_p0,500,0.0,h3,True,0,1.2991265880308098,502.4366229169973,540.0,408.0,True,True,1.3349937635293243,60.22921537500224,1478,1,True,True,True,-0.03586717549851448,8.342074851692828
v500_s6_p0,500,0.0,h4,False,0,1.3138996318095082,1048.0221416249988,471.0,540.0,True,True,,207.82472524998593,22124,1,False,True,False,,5.042817404735483
v500_s6_p0,500,0.0,h4,True,0,1.3138996318095082,1024.9838840000011,471.0,540.0,True,True,,208.42360770900268,22124,1,False,True,False,,4.9177916804466095
v500_s6_p0,500,0.0,h2+3,False,0,1.3000152994418102,498.3414580410026,540.0,408.0,True,True,1.319403865907539,60.65958654199494,1478,1,True,True,True,-0.01938856646572895,8.215378416666232
v500_s6_p0,500,0.0,h2+3,True,0,1.3000152994418102,498.153423249998,540.0,408.0,True,True,1.319403865907539,62.0832522919809,1478,1,True,True,True,-0.01938856646572895,8.02395823123369
v500_s6_p0,500,0.0,h2+3+4,False,0,1.3117815196722704,1067.2975565829984,471.0,540.0,True,True,,239.2130547919951,22124,1,False,True,False,,4.461702800923865
v500_s6_p0,500,0.0,h2+3+4,True,0,1.3117815196722704,1070.026459332992,471.0,540.0,True,True,,241.67686187499203,22124,1,False,True,False,,4.427508910168099
v500_s6_p10,500,0.1,h2,False,0,1.3124602737128646,187.3073657920031,973.0,71.0,True,True,1.3251349793349096,47.68282679197728,1330,1,True,True,True,-0.01267470562204509,3.928193406174441
v500_s6_p10,500,0.1,h2,True,0,1.3176689355364548,184.4557734169939,980.0,67.0,True,True,1.332281477611439,46.143442000000505,1323,1,True,True,True,-0.01461254207498408,3.9974428742656842
v500_s6_p10,500,0.1,h3,False,0,1.342591119071473,385.946896458001,444.0,368.0,True,True,1.3738983694012936,52.59094225001172,1330,1,True,True,True,-0.031307250329820624,7.3386571897352715
v500_s6_p10,500,0.1,h3,True,0,1.331079903074588,510.86184766699444,424.0,382.0,True,True,1.372702120509882,51.99939629097935,1323,1,True,True,True,-0.04162221743529404,9.824380360270005
v500_s6_p10,500,0.1,h4,False,0,1.3435853753381684,813.6700290000008,285.0,493.0,True,True,,133.1763812499994,16724,1,False,True,False,,6.109717213839707
v500_s6_p10,500,0.1,h4,True,0,1.3413308390630543,692.5327802919928,442.0,446.0,True,True,,132.11572754199733,16746,1,False,True,False,,5.241864789124735
v500_s6_p10,500,0.1,h2+3,False,0,1.3394734886495923,387.5732927909994,444.0,368.0,True,True,1.3578126803634007,53.90442479099147,1330,1,True,True,True,-0.01833919171380849,7.190008877634305
v500_s6_p10,500,0.1,h2+3,True,0,1.328601291635014,517.0460869170056,424.0,382.0,True,True,1.35731714284366,53.301104165992,1323,1,True,True,True,-0.028715851208645837,9.70047609720812
v500_s6_p10,500,0.1,h2+3+4,False,0,1.350438641383929,820.601338374996,305.0,493.0,True,True,,149.90198691701517,16724,1,False,True,False,,5.474252578314895
v500_s6_p10,500,0.1,h2+3+4,True,0,1.3415927813534139,703.6516368339944,465.0,446.0,True,True,,147.26913474997855,16746,1,False,True,False,,4.777998037596924
v500_s6_p30,500,0.3,h2,False,0,1.4504593006297748,28.607818124990445,1035.0,1.0,True,True,1.4504593006297748,26.234618833987042,1035,1,True,True,True,0.0,1.0904605973511958
v500_s6_p30,500,0.3,h2,True,0,1.4689654973102584,26.240879334000056,970.0,1.0,True,True,1.4689654973102584,24.46309916698374,970,1,True,True,True,0.0,1.0726719110641416
v500_s6_p30,500,0.3,h3,False,0,1.4305856893157003,114.21041579199664,452.0,148.0,True,True,1.464233488389494,41.00650874999701,1035,1,True,True,True,-0.03364779907379378,2.7851777503980992
v500_s6_p30,500,0.3,h3,True,0,1.4226477875588666,89.91249754099408,455.0,131.0,True,True,1.482669136808249,33.64181533298688,970,1,True,True,True,-0.060021349249382405,2.672641076322418
v500_s6_p30,500,0.3,h4,False,0,1.4187716681093117,280.14623154199217,239.0,309.0,True,True,,46.31466254100087,8786,1,False,True,False,,6.048758992770114
v500_s6_p30,500,0.3,h4,True,0,1.4304946761100776,203.5352585829969,481.0,233.0,True,True,,44.174374291003915,8714,1,False,True,False,,4.607541404937268
v500_s6_p30,500,0.3,h2+3,False,0,1.4295135352800858,116.48931591700239,452.0,148.0,True,True,1.458714688212063,42.084593417006545,1035,1,True,True,True,-0.029201152931977115,2.7679800720120205
v500_s6_p30,500,0.3,h2+3,True,0,1.4237375009148807,91.32087495799351,455.0,131.0,True,True,1.4736678818674531,34.25181866597268,970,1,True,True,True,-0.049930380952572406,2.6661613460168128
v500_s6_p30,500,0.3,h2+3+4,False,0,1.4215333282947815,288.09241562499665,252.0,309.0,True,True,,49.59441062499536,8786,1,False,True,False,,5.808969438176957
v500_s6_p30,500,0.3,h2+3+4,True,0,1.4280944388973755,207.7048288750084,487.0,233.0,True,True,,49.900115957978414,8714,1,False,True,False,,4.162411747698533
v500_s6_p50,500,0.5,h2,False,0,,13.806274458998814,739.0,1.0,False,True,,12.41419462498743,739,1,False,True,False,,1.1121361373865841
v500_s6_p50,500,0.5,h2,True,0,1.939037926588373,6.278620750003029,518.0,1.0,True,True,1.939037926588373,5.541770874988288,518,1,True,True,True,0.0,1.1329628906782072
v500_s6_p50,500,0.5,h3,False,0,1.6918276410296584,31.097638584004017,357.0,42.0,True,True,1.7392775359353,16.61792108300142,739,1,True,True,True,-0.047449894905641665,1.8713314637060103
v500_s6_p50,500,0.5,h3,True,0,1.8197771103478866,19.633603791997302,307.0,23.0,True,True,1.8083923027645943,10.188326959003462,518,1,True,True,True,0.0113848075832923,1.927068484452888
v500_s6_p50,500,0.5,h4,False,0,1.7077296645579447,42.97516445899964,346.0,78.0,True,True,,8.414026040991303,3532,1,False,True,False,,5.107562568695889
v500_s6_p50,500,0.5,h4,True,0,,23.28436387499096,363.0,56.0,False,True,,6.878536375006661,3028,1,False,True,False,,3.3850753424224513
v500_s6_p50,500,0.5,h2+3,False,0,1.656353456165036,32.41197845801071,357.0,42.0,True,True,1.7656254741686233,16.226571209001122,739,1,True,True,True,-0.10927201800358732,1.997463175709684
v500_s6_p50,500,0.5,h2+3,True,0,1.768743648955255,20.595358417005627,307.0,23.0,True,True,1.8687696475029885,9.223216832993785,518,1,True,True,True,-0.10002599854773342,2.232990808947569
v500_s6_p50,500,0.5,h2+3+4,False,0,1.7179062219189707,46.93995512499532,346.0,78.0,True,True,,9.708513000019593,3532,1,False,True,False,,4.834927359617337
v500_s6_p50,500,0.5,h2+3+4,True,0,,25.795683042000746,366.0,56.0,False,True,,7.755246916000033,3028,1,False,True,False,,3.3262233068016265
v500_s7_p0,500,0.0,h2,False,0,1.2751954061199455,267.5125495829998,1126.0,87.0,True,True,1.3048593708903329,50.203538417001255,1479,1,True,True,True,-0.029663964770387352,5.328559659699357
v500_s7_p0,500,0.0,h2,True,0,1.2751954061199455,259.7851964579895,1126.0,87.0,True,True,1.3048593708903329,51.048972666001646,1479,1,True,True,True,-0.029663964770387352,5.088940734570455
v500_s7_p0,500,0.0,h3,False,0,1.3066590013088843,487.5244737500034,599.0,366.0,True,True,1.3349929415891435,60.08330158400349,1479,1,True,True,True,-0.02833394028025915,8.114142547050067
v500_s7_p0,500,0.0,h3,True,0,1.3066590013088843,473.85357008400024,599.0,366.0,True,True,1.3349929415891435,60.01144866697723,1479,1,True,True,True,-0.02833394028025915,7.896052846742054
v500_s7_p0,500,0.0,h4,False,0,1.310978437122428,1122.4622933329956,488.0,549.0,True,True,,217.76120979202096,22166,1,False,True,False,,5.154555737475169
v500_s7_p0,500,0.0,h4,True,0,1.310978437122428,1128.7487901249988,488.0,549.0,True,True,,218.3540174580121,22166,1,False,True,False,,5.16935206077465
v500_s7_p0,500,0.0,h2+3,False,0,1.3110307188253785,485.03296445800515,599.0,366.0,True,True,1.3269248389391775,61.4595827080193,1479,1,True,True,True,-0.015894120113798982,7.891901361619848
v500_s7_p0,500,0.0,h2+3,True,0,1.3110307188253785,484.5239497500006,599.0,366.0,True,True,1.3269248389391775,61.48853850000887,1479,1,True,True,True,-0.015894120113798982,7.879906752864693
v500_s7_p0,500,0.0,h2+3+4,False,0,1.3096142076367325,1188.2240050830005,444.0,535.0,True,True,,245.1499744169996,22166,1,False,True,False,,4.84692689815188
v500_s7_p0,500,0.0,h2+3+4,True,0,1.3096142076367325,1154.0567151249998,444.0,535.0,True,True,,245.5929654579959,22166,1,False,True,False,,4.699062585008689
v500_s7_p10,500,0.1,h2,False,0,1.2906285229833248,195.17041841699393,1175.0,27.0,True,True,1.3277853760700156,47.486791791016,1331,1,True,True,True,-0.03715685308669081,4.1099937699711715
v500_s7_p10,500,0.1,h2,True,0,1.297775675605711,193.5453550000093,1188.0,22.0,True,True,1.3360183792469802,46.89612124999985,1324,1,True,True,True,-0.03824270364126914,4.127107953517796
v500_s7_p10,500,0.1,h3,False,0,1.3169173314379528,230.06034137499228,648.0,229.0,True,True,1.355043066651974,53.228233500005445,1331,1,True,True,True,-0.038125735214021184,4.322148721598449
v500_s7_p10,500,0.1,h3,True,0,1.3286298361578746,254.67223924999416,582.0,269.0,True,True,1.3553700714932126,52.42908008399536,1324,1,True,True,True,-0.02674023533533809,4.857461524062408
v500_s7_p10,500,0.1,h4,False,0,1.339973774978973,777.9179849159991,380.0,471.0,True,True,,133.6208231250057,16851,1,False,True,False,,5.821832007337935
v500_s7_p10,500,0.1,h4,True,0,1.334818092332695,807.714372625007,360.0,460.0,True,True,,131.62016354099615,16844,1,False,True,False,,6.1367069519969535
v500_s7_p10,500,0.1,h2+3,False,0,1.3169496091194361,229.44224654200661,648.0,229.0,True,True,1.3421646137452152,54.35841400001664,1331,1,True,True,True,-0.02521500462577908,4.220915027836103
v500_s7_p10,500,0.1,h2+3,True,0,1.321517199187463,250.73591570901044,582.0,269.0,True,True,1.3554682687810566,52.96553670900175,1324,1,True,True,True,-0.03395106959359362,4.73394458526079
v500_s7_p10,500,0.1,h2+3+4,False,0,1.343186905130483,783.6275533330045,397.0,471.0,True,True,,151.36381224999786,16851,1,False,True,False,,5.17711295510143
v500_s7_p10,500,0.1,h2+3+4,True,0,1.3372267003046296,826.3895258340053,373.0,460.0,True,True,,156.56378641701303,16844,1,False,True,False,,5.278292922942527
v500_s7_p30,500,0.3,h2,False,0,1.4316157299204313,41.72102491700207,1035.0,1.0,True,True,1.4316157299204313,38.14952504099347,1035,1,True,True,True,0.0,1.0936184624099738
v500_s7_p30,500,0.3,h2,True,0,1.4396223623409887,33.22426441599964,973.0,1.0,True,True,1.4396223623409887,30.921018707973417,973,1,True,True,True,0.0,1.074488028023226
v500_s7_p30,500,0.3,h3,False,0,1.4077514320358144,92.97508695800207,502.0,122.0,True,True,1.43950698582673,42.304368791985326,1035,1,True,True,True,-0.03175555379091555,2.1977656117544164
v500_s7_p30,500,0.3,h3,True,0,1.4305046499409002,115.30305600000429,379.0,184.0,True,True,1.4493027252118462,34.9105066669872,973,1,True,True,True,-0.018798075270946013,3.302818177343715
v500_s7_p30,500,0.3,h4,False,0,1.4212506870855437,232.96806162499706,393.0,258.0,True,True,,48.870257542002946,8684,1,False,True,False,,4.767072516955041
v500_s7_p30,500,0.3,h4,True,0,1.4309471677104262,199.81694083299953,421.0,241.0,True,True,,45.26092675002292,8622,1,False,True,False,,4.414777937194986
v500_s7_p30,500,0.3,h2+3,False,0,1.3948225610896823,95.92532012499578,502.0,122.0,True,True,1.4375777049164549,42.96693133300869,1035,1,True,True,True,-0.04275514382677259,2.2325383067629643
v500_s7_p30,500,0.3,h2+3,True,0,1.4305530013111847,116.83950712499791,381.0,184.0,True,True,1.4561738835611355,37.3593825410062,973,1,True,True,True,-0.02562088224995085,3.127447489174993
v500_s7_p30,500,0.3,h2+3+4,False,0,1.4277580556708036,237.6775835419976,409.0,258.0,True,True,,51.617338417010615,8684,1,False,True,False,,4.604607498779332
v500_s7_p30,500,0.3,h2+3+4,True,0,1.4297684341011307,204.28514495800482,437.0,241.0,True,True,,49.26506462498219,8622,1,False,True,False,,4.14665334376548
v500_s7_p50,500,0.5,h2,False,0,,13.771137415998965,739.0,1.0,False,True,,12.958474999992177,739,1,False,True,False,,1.0627128127350849
v500_s7_p50,500,0.5,h2,True,0,2.089021782349197,6.121261749998666,521.0,1.0,True,True,2.089021782349197,5.613587665982777,521,1,True,True,True,0.0,1.090436653745036
v500_s7_p50,500,0.5,h3,False,0,1.6599314758937334,30.15350341699377,394.0,27.0,True,True,1.668694886905259,19.605107084003976,739,1,True,True,True,-0.008763411011525557,1.5380432908523285
v500_s7_p50,500,0.5,h3,True,0,1.7219351341968034,18.207064999995055,252.0,43.0,True,True,1.7641702710755274,10.672040999983437,521,1,True,True,True,-0.04223513687872393,1.7060527597320243
v500_s7_p50,500,0.5,h4,False,0,1.650050247654608,39.664267375002964,368.0,79.0,True,True,,9.210907875007251,3564,1,False,True,False,,4.306227780502227
v500_s7_p50,500,0.5,h4,True,0,1.7006054910951838,30.920129750011256,271.0,72.0,True,True,,7.593523541989271,3086,1,False,True,False,,4.071908064686283
v500_s7_p50,500,0.5,h2+3,False,0,1.62637282814773,31.968865208007628,394.0,27.0,True,True,1.7629147304161998,17.66879395901924,739,1,True,True,True,-0.13654190226846974,1.809340540285646
v500_s7_p50,500,0.5,h2+3,True,0,1.7290337842451902,19.090356542001246,253.0,43.0,True,True,1.8109544383211325,9.719887084007496,521,1,True,True,True,-0.08192065407594229,1.964051266954669
v500_s7_p50,500,0.5,h2+3+4,False,0,1.6990744665074398,43.19761866700719,370.0,79.0,True,True,,10.484205417014891,3564,1,False,True,False,,4.120256800472592
v500_s7_p50,500,0.5,h2+3+4,True,0,1.7078094021134835,33.26739541700226,278.0,72.0,True,True,,8.300092000019504,3086,1,False,True,False,,4.008075502888895
v500_s8_p0,500,0.0,h2,False,0,1.2811161748078743,271.5159415000089,1117.0,85.0,True,True,1.2876055535764608,49.68587599997409,1480,1,True,True,True,-0.006489378768586462,5.464650386764853
v500_s8_p0,500,0.0,h2,True,0,1.2811161748078743,268.4229626249871,1117.0,85.0,True,True,1.2876055535764608,50.78110825002659,1480,1,True,True,True,-0.006489378768586462,5.285882326619891
v500_s8_p0,500,0.0,h3,False,0,1.2921298790562459,357.41711554200447,689.0,308.0,True,True,1.3342893257828126,60.441821916989284,1480,1,True,True,True,-0.042159446726566685,5.9134073759867904
v500_s8_p0,500,0.0,h3,True,0,1.2921298790562459,357.77170987499994,689.0,308.0,True,True,1.3342893257828126,60.8642859160027,1480,1,True,True,True,-0.042159446726566685,5.878187914153004
v500_s8_p0,500,0.0,h4,False,0,1.319248700898911,1203.301705083999,322.0,610.0,True,True,,208.3779630420031,22167,1,False,True,False,,5.774611132183145
v500_s8_p0,500,0.0,h4,True,0,1.319248700898911,1229.8416604999948,322.0,610.0,True,True,,216.02721970900893,22167,1,False,True,False,,5.692993976206355
v500_s8_p0,500,0.0,h2+3,False,0,1.2903738064770323,367.54111037500843,689.0,308.0,True,True,1.3257448720123266,61.18665983300889,1480,1,True,True,True,-0.035371065535294344,6.006883058792628
v500_s8_p0,500,0.0,h2+3,True,0,1.2903738064770323,371.507462249996,689.0,308.0,True,True,1.3257448720123266,62.26306408300297,1480,1,True,True,True,-0.035371065535294344,5.966739153003118
v500_s8_p0,500,0.0,h2+3+4,False,0,1.320024295294507,1233.819575333997,322.0,610.0,True,True,,244.40902433299925,22167,1,False,True,False,,5.04817520016347
v500_s8_p0,500,0.0,h2+3+4,True,0,1.320024295294507,1235.7394470839936,322.0,610.0,True,True,,249.59448804100975,22167,1,False,True,False,,4.9509885285646
v500_s8_p10,500,0.1,h2,False,0,1.2962718756524216,184.22198225000466,966.0,77.0,True,True,1.321240295364493,47.6886840829975,1332,1,True,True,True,-0.02496841971207142,3.863012490119968
v500_s8_p10,500,0.1,h2,True,0,1.3142734503609734,182.7865042080084,1107.0,31.0,True,True,1.3232402921995394,46.76512608298799,1323,1,True,True,True,-0.008966841838565998,3.90860710786155
v500_s8_p10,500,0.1,h3,False,0,1.3317752618806338,354.6545707089972,521.0,325.0,True,True,1.342413609664278,53.565027750009904,1332,1,True,True,True,-0.010638347783644253,6.621009744719709
v500_s8_p10,500,0.1,h3,True,0,1.3410538741912996,248.05259366700193,603.0,261.0,True,True,1.3574256907239914,52.41613766702358,1323,1,True,True,True,-0.01637181653269182,4.732370691689834
v500_s8_p10,500,0.1,h4,False,0,1.3479270380416162,742.240352000008,343.0,489.0,True,True,,139.76305866701296,16919,1,False,True,False,,5.310704839169296
v500_s8_p10,500,0.1,h4,True,0,1.340362961958342,795.3850212089892,284.0,512.0,True,True,,138.1923905419826,16910,1,False,True,False,,5.755635444828293
v500_s8_p10,500,0.1,h2+3,False,0,1.3332276815790243,356.5062408340018,521.0,325.0,True,True,1.341747867395667,54.71061495799222,1332,1,True,True,True,-0.008520185816642822,6.516217028591867
v500_s8_p10,500,0.1,h2+3,True,0,1.33803749763002,250.71049133299675,603.0,261.0,True,True,1.3407150903295926,52.926733083004365,1323,1,True,True,True,-0.002677592699572573,4.736934942495137
v500_s8_p10,500,0.1,h2+3+4,False,0,1.3368987422526817,739.833957750001,363.0,498.0,True,True,,150.81520120799541,16919,1,False,True,False,,4.9055662282322965
v500_s8_p10,500,0.1,h2+3+4,True,0,1.3407696572631123,804.1037529160094,299.0,512.0,True,True,,153.96770066700992,16910,1,False,True,False,,5.222548297029298
v500_s8_p30,500,0.3,h2,False,0,1.487987574871685,43.02882000000682,1036.0,1.0,True,True,1.487987574871685,40.18348099998548,1036,1,True,True,True,0.0,1.0708086738434226
v500_s8_p30,500,0.3,h2,True,0,1.4743404503356528,33.73158816700743,965.0,1.0,True,True,1.4743404503356528,30.583685541991144,965,1,True,True,True,0.0,1.1029275108356134
v500_s8_p30,500,0.3,h3,False,0,1.4473718644697047,112.34880754200276,456.0,156.0,True,True,1.4638361860850273,43.35062404201017,1036,1,True,True,True,-0.01646432161532263,2.5916306864032204
v500_s8_p30,500,0.3,h3,True,0,1.4573992288247104,83.25749862501107,515.0,104.0,True,True,1.4616017494396965,33.51022045800346,965,1,True,True,True,-0.0042025206149860495,2.4845404621958
v500_s8_p30,500,0.3,h4,False,0,1.440824397101761,218.88049491700076,471.0,242.0,True,True,,49.034149292012444,8897,1,False,True,False,,4.4638379186208486
v500_s8_p30,500,0.3,h4,True,0,1.4745343017171357,240.53513583299355,287.0,274.0,True,True,,46.412310667015845,8821,1,False,True,False,,5.182571873197778
v500_s8_p30,500,0.3,h2+3,False,0,1.4463037669379892,116.68118712499563,456.0,156.0,True,True,1.459135584630508,44.3017341249797,1036,1,True,True,True,-0.012831817692518843,2.6337837429980984
v500_s8_p30,500,0.3,h2+3,True,0,1.4458976517273987,85.71476262499345,515.0,104.0,True,True,1.4672322760910588,34.91874495797674,965,1,True,True,True,-0.02133462436366007,2.454691963532699
v500_s8_p30,500,0.3,h2+3+4,False,0,1.444045488888658,236.15248491699458,446.0,248.0,True,True,,51.88043900000048,8897,1,False,True,False,,4.5518598043665826
v500_s8_p30,500,0.3,h2+3+4,True,0,1.473774937951083,242.9162221250008,301.0,274.0,True,True,,51.171184375009034,8821,1,False,True,False,,4.747129172246327
v500_s8_p50,500,0.5,h2,False,0,2.038961249636016,14.55515749999904,740.0,1.0,True,True,2.038961249636016,13.247715334000532,740,1,True,True,True,0.0,1.0986918976620015
v500_s8_p50,500,0.5,h2,True,0,1.9846361104820416,5.995305584001471,517.0,1.0,True,True,1.9846361104820416,5.274768833012786,517,1,True,True,True,0.0,1.1366006310037926
v500_s8_p50,500,0.5,h3,False,0,1.6930047140340894,33.72954541599029,476.0,14.0,True,True,1.8160089564676325,17.52289054202265,740,1,True,True,True,-0.12300424243354313,1.9248847862800675
v500_s8_p50,500,0.5,h3,True,0,1.7771779994705905,19.310275374999037,329.0,16.0,True,True,1.8244268697573682,9.01238108301186,517,1,True,True,True,-0.04724887028677771,2.142638576546489
v500_s8_p50,500,0.5,h4,False,0,1.8351041872626124,34.43280283399508,537.0,55.0,True,True,,8.53208525001537,3530,1,False,True,False,,4.035684340347285
v500_s8_p50,500,0.5,h4,True,0,1.7437138393063196,25.644304333996843,277.0,72.0,True,True,,6.75938924998627,3060,1,False,True,False,,3.793878912070189
v500_s8_p50,500,0.5,h2+3,False,0,1.714943874702008,35.43408937500499,476.0,14.0,True,True,1.810829491272263,17.53774458297994,740,1,True,True,True,-0.09588561657025485,2.0204473390149107
v500_s8_p50,500,0.5,h2+3,True,0,1.8315725415796886,19.801278875005664,329.0,16.0,True,True,1.8685993040711157,8.266739666985814,517,1,True,True,True,-0.03702676249142711,2.3952948408529635
v500_s8_p50,500,0.5,h2+3+4,False,0,1.8161712325055626,38.377645000000484,537.0,55.0,True,True,,9.791598417010391,3530,1,False,True,False,,3.919446383067464
v500_s8_p50,500,0.5,h2+3+4,True,0,1.7248700529924519,27.835869125003228,282.0,72.0,True,True,,7.603457209013868,3060,1,False,True,False,,3.660949007775557
v500_s9_p0,500,0.0,h2,False,0,1.2827172179920634,265.3101144999964,969.0,150.0,True,True,1.2914938429369525,50.74970258297981,1481,1,True,True,True,-0.008776624944889067,5.227816144660025
v500_s9_p0,500,0.0,h2,True,0,1.2827172179920634,267.78361004099133,969.0,150.0,True,True,1.2914938429369525,51.189626999985194,1481,1,True,True,True,-0.008776624944889067,5.231208464188825
v500_s9_p0,500,0.0,h3,False,0,1.2991485638227478,458.7016436249978,629.0,352.0,True,True,1.3205294649577788,59.38326233299449,1481,1,True,True,True,-0.021380901135030994,7.724426473116387
v500_s9_p0,500,0.0,h3,True,0,1.2991485638227478,445.5275315839972,629.0,352.0,True,True,1.3205294649577788,61.55978233300266,1481,1,True,True,True,-0.021380901135030994,7.237314927040386
v500_s9_p0,500,0.0,h4,False,0,1.3116705966718356,1221.1049567919981,371.0,590.0,True,True,,201.59457429198665,22208,1,False,True,False,,6.057231257738948
v500_s9_p0,500,0.0,h4,True,0,1.3116705966718356,1241.3632750000106,371.0,590.0,True,True,,216.83636333298637,22208,1,False,True,False,,5.724885143428189
v500_s9_p0,500,0.0,h2+3,False,0,1.300888750712237,449.5525129999878,629.0,352.0,True,True,1.3200386866368694,60.8925541669887,1481,1,True,True,True,-0.019149935924632322,7.382717298524832
v500_s9_p0,500,0.0,h2+3,True,0,1.300888750712237,451.9578548330028,629.0,352.0,True,True,1.3200386866368694,62.178046415996505,1481,1,True,True,True,-0.019149935924632322,7.268768976902559
v500_s9_p0,500,0.0,h2+3+4,False,0,1.3089315493853335,1246.3685435420048,371.0,590.0,True,True,,245.4967871249828,22208,1,False,True,False,,5.076924053215722
v500_s9_p0,500,0.0,h2+3+4,True,0,1.3089315493853335,1230.4226807090017,371.0,590.0,True,True,,248.11374333300046,22208,1,False,True,False,,4.959107319813464
v500_s9_p10,500,0.1,h2,False,0,1.3192322982690317,186.74798316699162,872.0,108.0,True,True,1.327751049263106,47.52293170802295,1333,1,True,True,True,-0.008518750994074287,3.929639364725142
v500_s9_p10,500,0.1,h2,True,0,1.3098467387551227,183.464114375005,962.0,73.0,True,True,1.3222344865783866,46.347355333011365,1324,1,True,True,True,-0.012387747823263906,3.958459184063322
v500_s9_p10,500,0.1,h3,False,0,1.316389916953001,299.5266786249995,547.0,298.0,True,True,1.354849315269997,53.11721666698577,1333,1,True,True,True,-0.038459398316996074,5.638975409853617
v500_s9_p10,500,0.1,h3,True,0,1.3277369248048694,322.40472575000604,507.0,323.0,True,True,1.3476127162922575,51.31556762501714,1324,1,True,True,True,-0.01987579148738816,6.282785919975456
v500_s9_p10,500,0.1,h4,False,0,1.3397002969203038,736.0729961670004,403.0,468.0,True,True,,140.59391333401436,16891,1,False,True,False,,5.235454214993529
v500_s9_p10,500,0.1,h4,True,0,1.3303121637553472,805.5391429579904,340.0,484.0,True,True,,130.84913316598977,16899,1,False,True,False,,6.156243633162758
v500_s9_p10,500,0.1,h2+3,False,0,1.3290628946766423,302.5126892919943,547.0,298.0,True,True,1.3465971533704093,53.81802962499205,1333,1,True,True,True,-0.017534258693767013,5.621028703576195
v500_s9_p10,500,0.1,h2+3,True,0,1.3223730161183793,318.6415730419976,507.0,323.0,True,True,1.3573467885437462,52.38856045799912,1324,1,True,True,True,-0.03497377242536692,6.082273883006549
v500_s9_p10,500,0.1,h2+3+4,False,0,1.335586348310485,754.0196221660008,431.0,468.0,True,True,,151.40336779199424,16891,1,False,True,False,,4.980203764039858
v500_s9_p10,500,0.1,h2+3+4,True,0,1.330391391480403,817.6017229999998,362.0,484.0,True,True,,154.1199508330028,16899,1,False,True,False,,5.304970048205601
v500_s9_p30,500,0.3,h2,False,0,1.4302851321372891,86.87247770800604,889.0,12.0,True,True,1.4029642856020472,38.5688928340096,1037,1,True,True,True,0.027320846535241916,2.2523974976902346
v500_s9_p30,500,0.3,h2,True,0,1.4046040908167492,77.49222587500117,847.0,8.0,True,True,1.434106330686209,29.32788879200234,969,1,True,True,True,-0.029502239869459768,2.6422708577691125
v500_s9_p30,500,0.3,h3,False,0,1.428241614347555,116.0062221249973,463.0,154.0,True,True,1.4339217746646236,43.18054733300232,1037,1,True,True,True,-0.005680160317068639,2.6865389461225115
v500_s9_p30,500,0.3,h3,True,0,1.44939952798624,89.04323299998941,432.0,146.0,True,True,1.450533214205873,34.017477208020864,969,1,True,True,True,-0.0011336862196329456,2.6175730920749825
v500_s9_p30,500,0.3,h4,False,0,1.4308330515030003,219.5904412920063,414.0,257.0,True,True,,49.56178770799306,8815,1,False,True,False,,4.430640044418573
v500_s9_p30,500,0.3,h4,True,0,1.431732026619912,214.82738254200376,322.0,266.0,True,True,,46.552057584020076,8684,1,False,True,False,,4.614777384528488
v500_s9_p30,500,0.3,h2+3,False,0,1.4309920287932762,117.42167104099644,463.0,154.0,True,True,1.4287510511409711,44.53494920799858,1037,1,True,True,True,0.0022409776523051317,2.636618501406245
v500_s9_p30,500,0.3,h2+3,True,0,1.4477750359184067,90.51176133299305,433.0,146.0,True,True,1.4433997587174796,36.00989258298068,969,1,True,True,True,0.004375277200927119,2.5135248910953853
v500_s9_p30,500,0.3,h2+3+4,False,0,1.4304425463544672,225.5144574159931,420.0,257.0,True,True,,51.75342041699332,8815,1,False,True,False,,4.35747928540671
v500_s9_p30,500,0.3,h2+3+4,True,0,1.4334390564018413,220.73250095800904,338.0,266.0,True,True,,50.16490791601245,8684,1,False,True,False,,4.400137668498581
v500_s9_p50,500,0.5,h2,False,0,1.9183836218891421,15.036452499989537,741.0,1.0,True,True,1.9183836218891421,14.359187875001226,741,1,True,True,True,0.0,1.0471659421747244
v500_s9_p50,500,0.5,h2,True,0,1.9426108128104784,7.017179415997816,525.0,1.0,True,True,1.9426108128104784,6.541239291982492,525,1,True,True,True,0.0,1.0727599316843028
v500_s9_p50,500,0.5,h3,False,0,1.7089885608781996,32.11857470900577,429.0,21.0,True,True,1.791324158704683,24.452485333022196,741,1,True,True,True,-0.08233559782648348,1.313509619638982
v500_s9_p50,500,0.5,h3,True,0,1.7650508184269864,18.46364962500229,316.0,23.0,True,True,1.7920923434189524,11.597648666996974,525,1,True,True,True,-0.027041524991965993,1.592016636746693
v500_s9_p50,500,0.5,h4,False,0,1.7908832358011113,38.215911083010724,377.0,71.0,True,True,,8.523129290988436,3564,1,False,True,False,,4.4837887327858175
v500_s9_p50,500,0.5,h4,True,0,1.7350161960846593,31.304112542013172,272.0,76.0,True,True,,6.993578916997649,3059,1,False,True,False,,4.476122013284161
v500_s9_p50,500,0.5,h2+3,False,0,1.7144230744667575,33.70455349999247,429.0,21.0,True,True,1.791005507426506,21.950461208994966,741,1,True,True,True,-0.07658243295974865,1.5354827025766937
v500_s9_p50,500,0.5,h2+3,True,0,1.8089739749269318,19.26827337499708,316.0,23.0,True,True,1.8072545038082817,10.75161170901265,525,1,True,True,True,0.0017194711186501177,1.7921288357954044
v500_s9_p50,500,0.5,h2+3+4,False,0,,41.5355359170062,378.0,71.0,False,True,,9.14082224998856,3564,1,False,True,False,,4.543960573903314
v500_s9_p50,500,0.5,h2+3+4,True,0,1.7168168015830227,34.37336404201051,278.0,76.0,True,True,,7.686819458001992,3059,1,False,True,False,,4.471727771130071
