graph_id,vertices,remove_ratio_target,hop_key,rep,apsp_sum_off,apsp_sum_on,elapsed_sec_off,elapsed_sec_on,ok_off,ok_on,qubo_vars_total_off,qubo_vars_total_on,strongly_connected_off,strongly_connected_on,both_sc,diff_apsp,diff_time,ratio_time,diff_qubo_vars
v100_s0_p0,100,0.0,h2,0,1.3094349446849456,1.3094349446849456,5.020525583007839,4.959056749998126,True,True,252.0,252.0,True,True,True,0.0,-0.0614688330097124,0.9877564944160914,0.0
v100_s0_p0,100,0.0,h2,1,1.3096540404040455,1.3096540404040455,5.174821666994831,5.260464833001606,True,True,252.0,252.0,True,True,True,0.0,0.08564316600677557,1.016549974379409,0.0
v100_s0_p0,100,0.0,h2,2,1.3037717652717704,1.3037717652717704,5.188147167005809,5.241403124993667,True,True,252.0,252.0,True,True,True,0.0,0.05325595798785798,1.010264928166753,0.0
v100_s0_p0,100,0.0,h2,3,1.2952665945165944,1.2952665945165944,5.286901540996041,5.321954624989303,True,True,252.0,252.0,True,True,True,0.0,0.03505308399326168,1.0066301752967122,0.0
v100_s0_p0,100,0.0,h2,4,1.2987145262145272,1.2987145262145272,5.2201039159845095,5.297709790989757,True,True,252.0,252.0,True,True,True,0.0,0.07760587500524707,1.0148667299069678,0.0
v100_s0_p0,100,0.0,h3,0,1.3473691678691668,1.3473691678691668,5.282800083004986,5.31733050000912,True,True,153.0,153.0,True,True,True,0.0,0.034530417004134506,1.0065363853376206,0.0
v100_s0_p0,100,0.0,h3,1,1.3382901635401632,1.3382901635401632,5.567948042007629,5.611210667004343,True,True,137.0,137.0,True,True,True,0.0,0.043262624996714294,1.0077699405005789,0.0
v100_s0_p0,100,0.0,h3,2,1.3414408369408324,1.3414408369408324,5.6484401670022635,5.67578412500734,True,True,153.0,153.0,True,True,True,0.0,0.027343958005076274,1.004840975065084,0.0
v100_s0_p0,100,0.0,h3,3,1.3294396344396362,1.3294396344396362,6.260975582990795,6.25150129199028,True,True,144.0,144.0,True,True,True,0.0,-0.009474291000515223,0.9984867708115244,0.0
v100_s0_p0,100,0.0,h3,4,1.3424580327080318,1.3424580327080318,5.775381375016877,5.768216124997707,True,True,154.0,154.0,True,True,True,0.0,-0.007165250019170344,0.9987593459974495,0.0
v100_s0_p0,100,0.0,h4,0,1.3429129389129386,1.3429129389129386,13.226904333001585,13.338435875004507,True,True,108.0,108.0,True,True,True,0.0,0.11153154200292192,1.0084321727287804,0.0
v100_s0_p0,100,0.0,h4,1,1.3445591630591656,1.3445591630591656,12.512442334002117,12.600036042000283,True,True,107.0,107.0,True,True,True,0.0,0.08759370799816679,1.007000528406843,0.0
v100_s0_p0,100,0.0,h4,2,1.3428062770562739,1.3428062770562739,13.309061207997729,13.306199458005722,True,True,93.0,93.0,True,True,True,0.0,-0.0028617499920073897,0.9997849773212939,0.0
v100_s0_p0,100,0.0,h4,3,1.346751924001928,1.346751924001928,13.436289000004763,13.498106334009208,True,True,100.0,100.0,True,True,True,0.0,0.061817334004445,1.0046007743659298,0.0
v100_s0_p0,100,0.0,h4,4,1.3376873496873458,1.3376873496873458,11.892158125003334,11.858363917010138,True,True,139.0,139.0,True,True,True,0.0,-0.033794207993196324,0.9971582779477054,0.0
v100_s0_p0,100,0.0,h2+3,0,1.3421069023569028,1.3421069023569028,5.803725417004898,5.876789916990674,True,True,153.0,153.0,True,True,True,0.0,0.07306449998577591,1.0125892413468938,0.0
v100_s0_p0,100,0.0,h2+3,1,1.3345939153439197,1.3345939153439197,6.102582749997964,6.127527332995669,True,True,137.0,137.0,True,True,True,0.0,0.024944582997704856,1.004087545227914,0.0
v100_s0_p0,100,0.0,h2+3,2,1.3371884319384288,1.3371884319384288,6.308203749998938,6.3368088330025785,True,True,153.0,153.0,True,True,True,0.0,0.028605083003640175,1.0045345845088858,0.0
v100_s0_p0,100,0.0,h2+3,3,1.3254480519480547,1.3254480519480547,6.803598124999553,6.818726458994206,True,True,144.0,144.0,True,True,True,0.0,0.015128333994653076,1.0022235784237556,0.0
v100_s0_p0,100,0.0,h2+3,4,1.3222008177008149,1.3222008177008149,6.315329167002346,6.326687082997523,True,True,154.0,154.0,True,True,True,0.0,0.011357915995176882,1.0017984677749692,0.0
v100_s0_p0,100,0.0,h2+3+4,0,1.348886724386721,1.348886724386721,15.054755042001489,15.403075125010218,True,True,108.0,108.0,True,True,True,0.0,0.34832008300872985,1.0231368814727935,0.0
v100_s0_p0,100,0.0,h2+3+4,1,1.341138047138049,1.341138047138049,14.36072216599132,14.262620457986486,True,True,107.0,107.0,True,True,True,0.0,-0.0981017080048332,0.9931687482794455,0.0
v100_s0_p0,100,0.0,h2+3+4,2,1.3445524290524251,1.3445524290524251,15.309378875012044,15.169737624994013,True,True,93.0,93.0,True,True,True,0.0,-0.1396412500180304,0.9908787122483491,0.0
v100_s0_p0,100,0.0,h2+3+4,3,1.3479782347282374,1.3479782347282374,15.150999957986642,15.259830541006522,True,True,100.0,100.0,True,True,True,0.0,0.10883058301988058,1.0071830627233624,0.0
v100_s0_p0,100,0.0,h2+3+4,4,1.3350639730639693,1.3350639730639693,13.347372292017099,13.389498125005048,True,True,139.0,139.0,True,True,True,0.0,0.04212583298794925,1.003156114332193,0.0
v100_s0_p10,100,0.1,h2,0,1.3547279140612476,1.3449863716530384,2.189023500002804,2.158930917008547,True,True,256.0,254.0,True,True,True,-0.009741542408209236,-0.0300925829942571,0.9862529648520363,-2.0
v100_s0_p10,100,0.1,h2,1,1.3364327801827791,1.350272085938752,2.31661583299865,2.2694922079972457,True,True,256.0,254.0,True,True,True,0.01383930575597292,-0.047123625001404434,0.9796584205589206,-2.0
v100_s0_p10,100,0.1,h2,2,1.3517653519320174,1.3446004088504093,2.3230008340033237,2.279855500004487,True,True,256.0,254.0,True,True,True,-0.007164943081608088,-0.04314533399883658,0.9814268968967684,-2.0
v100_s0_p10,100,0.1,h2,3,1.346296055796056,1.3535296216129544,2.393275167007232,2.322936209006002,True,True,256.0,254.0,True,True,True,0.007233565816898491,-0.07033895800122991,0.9706097489453384,-2.0
v100_s0_p10,100,0.1,h2,4,1.3383585457752116,1.3433050745550752,2.337346874992363,2.3065320829919074,True,True,256.0,254.0,True,True,True,0.004946528779863568,-0.030814792000455782,0.9868163376475491,-2.0
v100_s0_p10,100,0.1,h3,0,1.3570214045214055,1.3595498236331591,4.750916999997571,4.622213791997638,True,True,114.0,120.0,True,True,True,0.0025284191117536103,-0.1287032079999335,0.9729098176204721,6.0
v100_s0_p10,100,0.1,h3,1,1.3681078643578628,1.3494733846400482,4.358865540998522,4.556210791997728,True,True,135.0,135.0,True,True,True,-0.018634479717814623,0.19734525099920575,1.045274452525094,0.0
v100_s0_p10,100,0.1,h3,2,1.3502628266794892,1.370350448933783,4.726412999996683,4.4107140410051215,True,True,138.0,122.0,True,True,True,0.020087622254293835,-0.3156989589915611,0.9332053802763781,-16.0
v100_s0_p10,100,0.1,h3,3,1.3483160173160207,1.3521694324194315,4.636082790995715,4.634547749999911,True,True,134.0,144.0,True,True,True,0.003853415103410862,-0.001535040995804593,0.999668892669737,10.0
v100_s0_p10,100,0.1,h3,4,1.3472812249478883,1.3455297418630727,4.522437249979703,4.505822583014378,True,True,125.0,122.0,True,True,True,-0.0017514830848155416,-0.01661466696532443,0.9963261697074074,-3.0
v100_s0_p10,100,0.1,h4,0,1.3634260461760428,1.3597966971300284,9.606904957996449,9.499330791993998,True,True,90.0,146.0,True,True,True,-0.0036293490460144184,-0.10757416600245051,0.9888024117577109,56.0
v100_s0_p10,100,0.1,h4,1,1.352850729517393,1.3883143738977086,7.96459324999887,9.35592054099834,True,True,143.0,139.0,True,True,True,0.03546364438031557,1.3913272909994703,1.1746890578498366,-4.0
v100_s0_p10,100,0.1,h4,2,1.3623967051467065,1.36537858746192,9.400379583006725,9.318801207991783,True,True,87.0,124.0,True,True,True,0.0029818823152134577,-0.08157837501494214,0.991321799902377,37.0
v100_s0_p10,100,0.1,h4,3,1.3651706349206347,1.3731326358826337,9.550414041994372,8.054532000009203,True,True,92.0,97.0,True,True,True,0.00796200096199895,-1.495882041985169,0.8433699276902983,5.0
v100_s0_p10,100,0.1,h4,4,1.3851588504088475,1.3658222703222689,8.367300209007226,8.335834792000242,True,True,108.0,144.0,True,True,True,-0.01933658008657857,-0.03146541700698435,0.9962394779413899,36.0
v100_s0_p10,100,0.1,h2+3,0,1.3575876623376613,1.3586958072791393,5.23271704200306,5.375228541990509,True,True,114.0,120.0,True,True,True,0.0011081449414780398,0.1425114999874495,1.027234704044478,6.0
v100_s0_p10,100,0.1,h2+3,1,1.3641646624979948,1.3504185505852135,4.732923292001942,5.007373333995929,True,True,135.0,135.0,True,True,True,-0.0137461119127813,0.2744500419939868,1.057987426599069,0.0
v100_s0_p10,100,0.1,h2+3,2,1.3530510662177302,1.3663981481481486,5.244232375000138,4.8967964589974144,True,True,138.0,122.0,True,True,True,0.013347081930418447,-0.3474359160027234,0.9337489471940659,-16.0
v100_s0_p10,100,0.1,h2+3,3,1.3504865319865342,1.3634683341349987,5.154655874997843,5.152831375016831,True,True,134.0,144.0,True,True,True,0.01298180214846445,-0.0018244999810121953,0.999646048150399,10.0
v100_s0_p10,100,0.1,h2+3,4,1.340693121693121,1.3536696328362958,5.005951917002676,5.034480958012864,True,True,125.0,122.0,True,True,True,0.012976511143174774,0.02852904101018794,1.0056990241782566,-3.0
v100_s0_p10,100,0.1,h2+3+4,0,1.3598466410133014,1.3738456790123463,11.065625999995973,11.192833458000678,True,True,92.0,150.0,True,True,True,0.013999037999044894,0.12720745800470468,1.0114957308339132,58.0
v100_s0_p10,100,0.1,h2+3+4,1,1.3608965047298356,1.3987186948853632,9.415667709006811,10.902107541987789,True,True,147.0,142.0,True,True,True,0.03782219015552757,1.4864398329809774,1.15786876501165,-5.0
v100_s0_p10,100,0.1,h2+3+4,2,1.3642956148789496,1.3659911014911006,10.944493666000199,10.837784542003646,True,True,90.0,126.0,True,True,True,0.0016954866121510204,-0.10670912399655208,0.990249971606448,36.0
v100_s0_p10,100,0.1,h2+3+4,3,1.3667806236972886,1.382291887125221,10.862307125004008,9.181386209005723,True,True,96.0,102.0,True,True,True,0.015511263427932409,-1.6809209159982856,0.8452519435646444,6.0
v100_s0_p10,100,0.1,h2+3+4,4,1.3737881994548637,1.3673816337982994,9.602729625010397,9.524799707985949,True,True,110.0,148.0,True,True,True,-0.006406565656564389,-0.07792991702444851,0.9918846078076092,38.0
v100_s0_p30,100,0.3,h2,0,1.4764291726791763,1.5104868672292886,1.782974791000015,1.3806696249957895,True,True,199.0,182.0,True,True,True,0.034057694550112316,-0.4023051660042256,0.7743629533995906,-17.0
v100_s0_p30,100,0.3,h2,1,1.4832678371011694,1.4844191336161023,1.7863297910080291,1.4510574160085525,True,True,199.0,182.0,True,True,True,0.0011512965149329535,-0.3352723749994766,0.812312162800419,-17.0
v100_s0_p30,100,0.3,h2,2,1.4622362696226292,1.4896077805471761,1.8105568749888334,1.3994743330113124,True,True,199.0,182.0,True,True,True,0.027371510924546927,-0.41108254197752103,0.7729524282521882,-17.0
v100_s0_p30,100,0.3,h2,3,1.4638033363942438,1.4954504241549684,1.8827021250035614,1.4435000410012435,True,True,199.0,182.0,True,True,True,0.03164708776072467,-0.43920208400231786,0.7667171677508533,-17.0
v100_s0_p30,100,0.3,h2,4,1.4821815558179197,1.4656787208302355,1.8380494169832673,1.4390958750154823,True,True,199.0,182.0,True,True,True,-0.016502834987684123,-0.398953541967785,0.7829473254192616,-17.0
v100_s0_p30,100,0.3,h3,0,1.5171237519495124,1.5013863855000225,3.190386457994464,2.3775097080069827,True,True,119.0,80.0,True,True,True,-0.015737366449489976,-0.8128767499874812,0.7452105690987447,-39.0
v100_s0_p30,100,0.3,h3,1,1.540600361479151,1.4793000386257944,3.141073625010904,2.8108023749955464,True,True,129.0,105.0,True,True,True,-0.061300322853356626,-0.3302712500153575,0.8948540246285341,-24.0
v100_s0_p30,100,0.3,h3,2,1.4943323931960264,1.5271983543953254,3.30176199998823,2.6162187500012806,True,True,134.0,92.0,True,True,True,0.032865961199298965,-0.6855432499869494,0.7923704827939163,-42.0
v100_s0_p30,100,0.3,h3,3,1.5005370989840683,1.5430965353389605,3.019878457998857,2.3156794590177014,True,True,90.0,86.0,True,True,True,0.04255943635489223,-0.7041989989811555,0.7668121387084572,-4.0
v100_s0_p30,100,0.3,h3,4,1.502981904178871,1.5178724692815586,2.9787491250026505,2.731331833987497,True,True,127.0,100.0,True,True,True,0.014890565102687603,-0.24741729101515375,0.9169391980887502,-27.0
v100_s0_p30,100,0.3,h4,0,1.506138502630926,1.506788101068405,4.200781499996083,3.834955166996224,True,True,99.0,112.0,True,True,True,0.0006495984374790265,-0.365826332999859,0.9129146962296896,13.0
v100_s0_p30,100,0.3,h4,1,1.5056383022140605,1.5207988907837418,4.373777041997528,4.1015371669927845,True,True,111.0,87.0,True,True,True,0.015160588569681277,-0.2722398750047432,0.937756343684037,-24.0
v100_s0_p30,100,0.3,h4,2,1.5067613253749625,1.5098848222484629,4.246730583006865,3.914689041004749,True,True,104.0,100.0,True,True,True,0.003123496873500331,-0.33204154200211633,0.9218124306423467,-4.0
v100_s0_p30,100,0.3,h4,3,1.498600864343288,1.5169423273135407,4.453094124997733,3.9600181660207454,True,True,123.0,57.0,True,True,True,0.018341462970252742,-0.49307595897698775,0.8892734029112311,-66.0
v100_s0_p30,100,0.3,h4,4,1.507913438133138,1.5042874269389364,4.356974624999566,3.9022122920141555,True,True,139.0,86.0,True,True,True,-0.003626011194201695,-0.45476233298541047,0.8956242870050096,-53.0
v100_s0_p30,100,0.3,h2+3,0,1.5042500947425206,1.507717073330711,3.7121769999939715,2.6368866659904597,True,True,119.0,80.0,True,True,True,0.0034669785881904502,-1.0752903340035118,0.7103343041010011,-39.0
v100_s0_p30,100,0.3,h2+3,1,1.522140761875609,1.4659589509816735,3.468579584005056,3.088301499999943,True,True,129.0,105.0,True,True,True,-0.05618181089393559,-0.38027808400511276,0.8903648958326572,-24.0
v100_s0_p30,100,0.3,h2+3,2,1.4980412676549013,1.526066680513652,3.578532291998272,2.857609084006981,True,True,134.0,92.0,True,True,True,0.02802541285875071,-0.7209232079912908,0.7985422097200852,-42.0
v100_s0_p30,100,0.3,h2+3,3,1.4974310784613822,1.5609469041059947,3.361693499988178,2.548367417010013,True,True,90.0,86.0,True,True,True,0.06351582564461244,-0.8133260829781648,0.7580606075535962,-4.0
v100_s0_p30,100,0.3,h2+3,4,1.499320656055501,1.528468949961372,3.270314374996815,3.0594130840036087,True,True,127.0,100.0,True,True,True,0.029148293905870926,-0.2109012909932062,0.9355103923324155,-27.0
v100_s0_p30,100,0.3,h2+3+4,0,1.5210374524465422,1.511057902254873,5.243225957994582,4.642295875004493,True,True,101.0,113.0,True,True,True,-0.009979550191669295,-0.6009300829900894,0.8853892455132848,12.0
v100_s0_p30,100,0.3,h2+3+4,1,1.4924612612415633,1.5169241513256664,5.368233249988407,4.931868500003475,True,True,109.0,90.0,True,True,True,0.024462890084103073,-0.43636474998493213,0.9187135264687177,-19.0
v100_s0_p30,100,0.3,h2+3+4,2,1.5202530281166662,1.5215693187284072,4.987733166999533,4.6810540839942405,True,True,110.0,96.0,True,True,True,0.001316290611740989,-0.30667908300529234,0.9385133340663889,-14.0
v100_s0_p30,100,0.3,h2+3+4,3,1.5086527322284895,1.5027384632763412,5.564925749989925,4.871593625022797,True,True,111.0,63.0,True,True,True,-0.005914268952148305,-0.693332124967128,0.875410354761987,-48.0
v100_s0_p30,100,0.3,h2+3+4,4,1.4828128689492333,1.5055120541635656,5.377054334006971,4.718910041992785,True,True,141.0,91.0,True,True,True,0.02269918521433234,-0.6581442920141853,0.877601331299225,-50.0
v100_s0_p50,100,0.5,h2,0,2.0401119850968428,1.9785851796912488,0.8473439590015914,0.5851284170057625,True,True,142.0,94.0,True,True,True,-0.061526805405593965,-0.26221554199582897,0.6905441536341483,-48.0
v100_s0_p50,100,0.5,h2,1,2.013065246481916,1.9200270450649322,0.8746115829999326,0.5554442080028821,True,True,142.0,94.0,True,True,True,-0.09303820141698371,-0.3191673749970505,0.6350752937637746,-48.0
v100_s0_p50,100,0.5,h2,2,2.0065948103523876,1.9036451783345771,0.8149096249981085,0.5518955000006827,True,True,142.0,94.0,True,True,True,-0.10294963201781049,-0.2630141249974258,0.6772474923240276,-48.0
v100_s0_p50,100,0.5,h2,3,1.9679478285463186,1.9478210392301323,0.8439960830146447,0.5784764589916449,True,True,142.0,94.0,True,True,True,-0.020126789316186278,-0.2655196240229998,0.6854018290291134,-48.0
v100_s0_p50,100,0.5,h2,4,1.9876565508005046,1.881526383549116,0.8793013750109822,0.5775164169899654,True,True,142.0,94.0,True,True,True,-0.10613016725138857,-0.3017849580210168,0.6567900760791514,-48.0
v100_s0_p50,100,0.5,h3,0,1.9120158713340543,1.8670063068244935,2.22510691700154,1.1854329589987174,True,True,85.0,70.0,True,True,True,-0.04500956450956073,-1.0396739580028225,0.5327532578057673,-15.0
v100_s0_p50,100,0.5,h3,1,1.9472050685005304,1.958070692494943,1.8573199590027798,1.1614631659904262,True,True,83.0,66.0,True,True,True,0.010865623994412488,-0.6958567930123536,0.6253436088707255,-17.0
v100_s0_p50,100,0.5,h3,2,1.8901444523490012,1.917093445835878,1.8387369999982184,1.1666894999943906,True,True,83.0,70.0,True,True,True,0.026948993486876738,-0.6720475000038277,0.6345059135675853,-13.0
v100_s0_p50,100,0.5,h3,3,1.9471794400885363,1.9622621138681857,1.8823206670058426,1.1937846250075381,True,True,83.0,70.0,True,True,True,0.015082673779649447,-0.6885360419983044,0.6342089559620357,-13.0
v100_s0_p50,100,0.5,h3,4,1.889951468284807,1.9204299743466493,1.8502440410084091,1.1689691669889726,True,True,83.0,70.0,True,True,True,0.030478506061842214,-0.6812748740194365,0.6317918831679458,-13.0
v100_s0_p50,100,0.5,h4,0,,2.036648622701658,2.1599223329976667,1.422985458993935,True,True,136.0,79.0,False,True,False,,-0.7369368740037316,0.6588132532613025,-57.0
v100_s0_p50,100,0.5,h4,1,1.9778306356942723,2.0606661424994797,1.9846870829933323,1.2753907080041245,True,True,129.0,88.0,True,True,True,0.08283550680520735,-0.7092963749892078,0.6426155130110298,-41.0
v100_s0_p50,100,0.5,h4,2,2.00954259180774,1.953656219201677,2.0595632920012577,1.3383731249923585,True,True,95.0,86.0,True,True,True,-0.05588637260606277,-0.7211901670088992,0.6498334526499908,-9.0
v100_s0_p50,100,0.5,h4,3,1.9835471820547632,1.961921843588518,2.046692042000359,1.3132112080056686,True,True,129.0,84.0,True,True,True,-0.02162533846624526,-0.7334808339946903,0.6416261855995619,-45.0
v100_s0_p50,100,0.5,h4,4,2.039980994594636,2.02671160685555,2.105875290988479,1.321126084018033,True,True,117.0,74.0,True,True,True,-0.013269387739085925,-0.7847492069704458,0.6273524788820274,-43.0
v100_s0_p50,100,0.5,h2+3,0,1.8939075873621334,1.9217308121171843,2.455835916000069,1.3138955830072518,True,True,85.0,70.0,True,True,True,0.027823224755050946,-1.1419403329928173,0.5350095152721982,-15.0
v100_s0_p50,100,0.5,h2+3,1,1.8931529856226876,1.9579466941588246,2.034873541997513,1.2576517920097103,True,True,83.0,66.0,True,True,True,0.06479370853613697,-0.7772217499878025,0.618049115118549,-17.0
v100_s0_p50,100,0.5,h2+3,2,1.941823809748055,1.914481536140636,2.0416121250018477,1.2784904580039438,True,True,83.0,70.0,True,True,True,-0.02734227360741892,-0.763121666997904,0.6262161369181655,-13.0
v100_s0_p50,100,0.5,h2+3,3,1.9047443647822462,1.9826263158838986,2.085628541011829,1.311098582984414,True,True,83.0,70.0,True,True,True,0.07788195110165241,-0.774529958027415,0.6286347531225973,-13.0
v100_s0_p50,100,0.5,h2+3,4,1.9040782292903529,1.9342448867070088,2.0531042910006363,1.2847600830136798,True,True,83.0,70.0,True,True,True,0.030166657416655918,-0.7683442079869565,0.6257646475364956,-13.0
v100_s0_p50,100,0.5,h2+3+4,0,,2.027560342295202,2.6891504999948665,1.793415832988103,True,True,139.0,80.0,False,True,False,,-0.8957346670067636,0.6669079447176818,-59.0
v100_s0_p50,100,0.5,h2+3+4,1,2.014427289601532,1.9319381303320677,2.59877112499089,1.6475031250010943,True,True,131.0,88.0,True,True,True,-0.08248915926946432,-0.9512679999897955,0.6339546831031031,-43.0
v100_s0_p50,100,0.5,h2+3+4,2,2.079095260239203,1.875291676337143,2.5771885419962928,1.6473455829982413,True,True,96.0,87.0,True,True,True,-0.20380358390206021,-0.9298429589980515,0.6392025869097671,-9.0
v100_s0_p50,100,0.5,h2+3+4,3,1.927600436320142,1.9456618017224159,2.627296207996551,1.6607891250168905,True,True,129.0,84.0,True,True,True,0.018061365402273877,-0.9665070829796605,0.6321286195146333,-45.0
v100_s0_p50,100,0.5,h2+3+4,4,,2.0521613700553116,2.677582000003895,1.6832571669947356,True,True,118.0,75.0,False,True,False,,-0.9943248330091592,0.628648223282158,-43.0
v100_s1_p0,100,0.0,h2,0,1.2916308722142038,1.2916308722142038,5.481602792002377,5.567896042004577,True,True,240.0,240.0,True,True,True,0.0,0.08629325000219978,1.0157423391071132,0.0
v100_s1_p0,100,0.0,h2,1,1.3001824595157938,1.3001824595157938,5.139994833996752,5.226767667001695,True,True,241.0,241.0,True,True,True,0.0,0.0867728330049431,1.016881891092772,0.0
v100_s1_p0,100,0.0,h2,2,1.2992544893378222,1.2992544893378222,5.194507207997958,5.213580791998538,True,True,241.0,241.0,True,True,True,0.0,0.019073584000580013,1.0036718755479273,0.0
v100_s1_p0,100,0.0,h2,3,1.2995368366201694,1.2995368366201694,5.283447459019953,5.365095167013351,True,True,241.0,241.0,True,True,True,0.0,0.08164770799339749,1.0154534910447548,0.0
v100_s1_p0,100,0.0,h2,4,1.302008738175405,1.302008738175405,5.265790792007465,5.270109999983106,True,True,240.0,240.0,True,True,True,0.0,0.004319207975640893,1.000820239190322,0.0
v100_s1_p0,100,0.0,h3,0,1.3223746592913266,1.3223746592913266,6.189908999993349,6.237205375000485,True,True,118.0,118.0,True,True,True,0.0,0.047296375007135794,1.0076408837362854,0.0
v100_s1_p0,100,0.0,h3,1,1.3183667628667597,1.3183667628667597,5.845666916007758,5.897687374992529,True,True,128.0,128.0,True,True,True,0.0,0.05202045898477081,1.0088989776072117,0.0
v100_s1_p0,100,0.0,h3,2,1.3340242103575395,1.3340242103575395,5.245358458007104,5.280270167000708,True,True,129.0,129.0,True,True,True,0.0,0.03491170899360441,1.0066557336878115,0.0
v100_s1_p0,100,0.0,h3,3,1.3274122975789575,1.3274122975789575,5.351010625017807,5.33057712498703,True,True,119.0,119.0,True,True,True,0.0,-0.020433500030776486,0.9961813755451647,0.0
v100_s1_p0,100,0.0,h3,4,1.3423277216610559,1.3423277216610559,5.113891917018918,5.110053250013152,True,True,124.0,124.0,True,True,True,0.0,-0.003838667005766183,0.9992493648539987,0.0
v100_s1_p0,100,0.0,h4,0,1.337974987974989,1.337974987974989,13.931614000000991,13.96426337500452,True,True,115.0,115.0,True,True,True,0.0,0.03264937500352971,1.0023435457660201,0.0
v100_s1_p0,100,0.0,h4,1,1.3431516754850077,1.3431516754850077,12.596882166995783,12.757934667009977,True,True,94.0,94.0,True,True,True,0.0,0.16105250001419336,1.0127851080830268,0.0
v100_s1_p0,100,0.0,h4,2,1.349757976591308,1.349757976591308,12.889575166002032,12.98279429100512,True,True,83.0,83.0,True,True,True,0.0,0.09321912500308827,1.007232133239656,0.0
v100_s1_p0,100,0.0,h4,3,1.3368185826519159,1.3368185826519159,11.96007300002384,11.988651791005395,True,True,120.0,120.0,True,True,True,0.0,0.028578790981555358,1.002389516433679,0.0
v100_s1_p0,100,0.0,h4,4,1.3606379669712991,1.3606379669712991,12.64470670800074,12.587655166018521,True,True,117.0,117.0,True,True,True,0.0,-0.05705154198221862,0.9954881087161855,0.0
v100_s1_p0,100,0.0,h2+3,0,1.3283280824114143,1.3283280824114143,6.834452792012598,6.910716291007702,True,True,118.0,118.0,True,True,True,0.0,0.07626349899510387,1.0111586839965057,0.0
v100_s1_p0,100,0.0,h2+3,1,1.3286834215167502,1.3286834215167502,6.411152874992695,6.3621214580052765,True,True,128.0,128.0,True,True,True,0.0,-0.0490314169874182,0.9923521684877193,0.0
v100_s1_p0,100,0.0,h2+3,2,1.3204874539041187,1.3204874539041187,5.745408666989533,5.709371459000977,True,True,129.0,129.0,True,True,True,0.0,-0.036037207988556474,0.9937276510554228,0.0
v100_s1_p0,100,0.0,h2+3,3,1.3227268318101602,1.3227268318101602,5.839441833988531,5.747916249994887,True,True,119.0,119.0,True,True,True,0.0,-0.09152558399364352,0.9843263129258488,0.0
v100_s1_p0,100,0.0,h2+3,4,1.3407544091710768,1.3407544091710768,5.551167874975363,5.587559375009732,True,True,124.0,124.0,True,True,True,0.0,0.03639150003436953,1.0065556475419204,0.0
v100_s1_p0,100,0.0,h2+3+4,0,1.3469567500400816,1.3469567500400816,15.787032624997664,15.732779542013304,True,True,115.0,115.0,True,True,True,0.0,-0.054253082984359935,0.9965634401174003,0.0
v100_s1_p0,100,0.0,h2+3+4,1,1.3452248677248675,1.3452248677248675,13.890368334003142,13.924409750004997,True,True,85.0,85.0,True,True,True,0.0,0.034041416001855396,1.002450720901225,0.0
v100_s1_p0,100,0.0,h2+3+4,2,1.3299529421196101,1.3299529421196101,12.496329707995756,12.64429475000361,True,True,133.0,133.0,True,True,True,0.0,0.1479650420078542,1.0118406800608966,0.0
v100_s1_p0,100,0.0,h2+3+4,3,1.3308724146224158,1.3308724146224158,13.470490792009514,13.468132750014775,True,True,120.0,120.0,True,True,True,0.0,-0.002358041994739324,0.9998249475812613,0.0
v100_s1_p0,100,0.0,h2+3+4,4,1.349345037678371,1.349345037678371,13.638536332990043,13.920304583007237,True,True,117.0,117.0,True,True,True,0.0,0.2817682500171941,1.020659713266711,0.0
v100_s1_p10,100,0.1,h2,0,1.3650575196408579,1.3587582170915502,4.023603957990417,4.632340625001234,True,True,159.0,179.0,True,True,True,-0.0062993025493076615,0.6087366670108167,1.1512913978031898,20.0
v100_s1_p10,100,0.1,h2,1,1.344905844155845,1.3538388247554933,3.961623542010784,3.9271564170048805,True,True,171.0,179.0,True,True,True,0.00893298059964831,-0.034467125005903654,0.9912997475301731,8.0
v100_s1_p10,100,0.1,h2,2,1.3447380150713508,1.363315295815299,4.113568000000669,3.8644247080083005,True,True,182.0,180.0,True,True,True,0.018577280743948155,-0.24914329199236818,0.9394337733100978,-2.0
v100_s1_p10,100,0.1,h2,3,1.36431269039602,1.3341103495270112,3.8201617499871645,3.9821740410116035,True,True,158.0,182.0,True,True,True,-0.03020234086900886,0.16201229102443904,1.0424097987539358,24.0
v100_s1_p10,100,0.1,h2,4,1.3545425685425663,1.3588866041366023,3.8939239579776768,3.7926185420074034,True,True,174.0,165.0,True,True,True,0.004344035594036066,-0.10130541597027332,0.9739837200049262,-9.0
v100_s1_p10,100,0.1,h3,0,1.3564503367003324,1.3777079525412865,4.715200624996214,4.6785942089918535,True,True,134.0,130.0,True,True,True,0.02125761584095409,-0.03660641600436065,0.9922365093416592,-4.0
v100_s1_p10,100,0.1,h3,1,1.3682715648548973,1.3733639169472471,4.647972624996328,4.386164292009198,True,True,106.0,131.0,True,True,True,0.005092352092349817,-0.2618083329871297,0.943672574236098,25.0
v100_s1_p10,100,0.1,h3,2,1.380367965367963,1.36865873015873,4.241804750010488,4.258704541993211,True,True,124.0,122.0,True,True,True,-0.011709235209232949,0.0168997919827234,1.0039841041676145,-2.0
v100_s1_p10,100,0.1,h3,3,1.3782641895141878,1.3638694885361526,4.2313517080037855,4.4608835830003954,True,True,113.0,133.0,True,True,True,-0.014394700978035191,0.22953187499660999,1.0542455203055894,20.0
v100_s1_p10,100,0.1,h3,4,1.3985718294051657,1.371779541446209,4.129198208014714,4.419481749995612,True,True,111.0,118.0,True,True,True,-0.026792287958956607,0.290283541980898,1.0703002198871108,7.0
v100_s1_p10,100,0.1,h4,0,1.3846348805515503,1.3748106461439824,8.5833412919892,8.938735291987541,True,True,126.0,131.0,True,True,True,-0.009824234407567856,0.3553939999983413,1.041405087821689,5.0
v100_s1_p10,100,0.1,h4,1,1.370240860990861,1.3722619849286524,8.251929667007062,8.070261500004563,True,True,139.0,118.0,True,True,True,0.0020211239377914136,-0.1816681670024991,0.9779847654629381,-21.0
v100_s1_p10,100,0.1,h4,2,1.37352388969056,1.3675130270963638,9.166699916997459,8.580690707996837,True,True,94.0,116.0,True,True,True,-0.0060108625941961424,-0.5860092090006219,0.9360719545412404,22.0
v100_s1_p10,100,0.1,h4,3,1.3770476190476206,1.374513067179737,8.378452125005424,9.554432499979157,True,True,126.0,62.0,True,True,True,-0.00253455186788365,1.175980374973733,1.1403577125497952,-64.0
v100_s1_p10,100,0.1,h4,4,1.3845904280904335,1.3771592111592126,7.662555999995675,8.190637291001622,True,True,159.0,133.0,True,True,True,-0.007431216931220952,0.5280812910059467,1.0689171199540004,-26.0
v100_s1_p10,100,0.1,h2+3,0,1.3614332210998867,1.3584998797498802,5.143899375005276,5.225744667011895,True,True,134.0,130.0,True,True,True,-0.0029333413500065575,0.08184529200661927,1.0159111378430756,-4.0
v100_s1_p10,100,0.1,h2+3,1,1.3663985489818826,1.3786234968734927,5.072580541993375,4.705748416992719,True,True,106.0,131.0,True,True,True,0.012224947891610105,-0.36683212500065565,0.9276833315974315,25.0
v100_s1_p10,100,0.1,h2+3,2,1.400147867564533,1.3695460958794285,4.614046957998653,4.663208999991184,True,True,124.0,122.0,True,True,True,-0.030601771685104362,0.04916204199253116,1.0106548638191266,-2.0
v100_s1_p10,100,0.1,h2+3,3,1.3938861632194932,1.3572992624659286,4.583621833007783,4.892305959016085,True,True,113.0,133.0,True,True,True,-0.03658690075356463,0.308684126008302,1.067345024797943,20.0
v100_s1_p10,100,0.1,h2+3,4,1.3935784030784046,1.3918326118326108,4.467737541999668,4.859818291995907,True,True,111.0,118.0,True,True,True,-0.0017457912457938818,0.3920807499962393,1.0877582325081594,7.0
v100_s1_p10,100,0.1,h2+3+4,0,1.3917123216289895,1.3733784672118052,9.60467095799686,10.067434458003845,True,True,127.0,135.0,True,True,True,-0.01833385441718427,0.46276350000698585,1.048181088350735,8.0
v100_s1_p10,100,0.1,h2+3+4,1,1.3670002405002433,1.3643219897386605,9.482129291005549,9.337549582996871,True,True,142.0,122.0,True,True,True,-0.00267825076158279,-0.1445797080086777,0.9847524006927619,-20.0
v100_s1_p10,100,0.1,h2+3+4,2,1.3763102853936215,1.363924362674366,10.458676041991566,9.85968487500213,True,True,96.0,120.0,True,True,True,-0.012385922719255538,-0.5989911669894354,0.9427278209417247,24.0
v100_s1_p10,100,0.1,h2+3+4,3,1.3748025893859257,1.3803368205868227,9.740084874996683,10.773394541989546,True,True,129.0,65.0,True,True,True,0.005534231200897022,1.0333096669928636,1.1060883637313494,-64.0
v100_s1_p10,100,0.1,h2+3+4,4,1.369373697290368,1.3712399390732737,8.754216041998006,9.419189000007464,True,True,160.0,136.0,True,True,True,0.00186624178290562,0.6649729580094572,1.0759603092748997,-24.0
v100_s1_p30,100,0.3,h2,0,1.4293431756234818,1.4723667592228293,3.3848494160047267,2.560380416995031,True,True,159.0,136.0,True,True,True,0.04302358359934755,-0.8244689990096958,0.7564237288928352,-23.0
v100_s1_p30,100,0.3,h2,1,1.479164939437666,1.459310183363222,3.125842790992465,2.5063860829977784,True,True,159.0,132.0,True,True,True,-0.01985475607444398,-0.6194567079946864,0.8018272992551851,-27.0
v100_s1_p30,100,0.3,h2,2,1.4707630781115624,1.4870230807352076,3.125648207991617,2.356893290998414,True,True,159.0,136.0,True,True,True,0.016260002623645242,-0.7687549169932026,0.7540494432394342,-23.0
v100_s1_p30,100,0.3,h2,3,1.4877036089611864,1.4493140495867805,3.187896291987272,2.5438682089734357,True,True,159.0,132.0,True,True,True,-0.03838955937440591,-0.6440280830138363,0.797977090838058,-27.0
v100_s1_p30,100,0.3,h2,4,1.4663599778448326,1.4847273747576828,3.168215665995376,2.524351125000976,True,True,159.0,132.0,True,True,True,0.018367396912850165,-0.6438645409944002,0.7967737651495661,-27.0
v100_s1_p30,100,0.3,h3,0,1.514747015610653,1.4672675638054449,3.9792430000088643,3.208214082987979,True,True,127.0,107.0,True,True,True,-0.047479451805208184,-0.7710289170208853,0.8062372875898336,-20.0
v100_s1_p30,100,0.3,h3,1,1.5094337822671184,1.4920911750987529,3.454106499993941,2.4789727910101647,True,True,131.0,103.0,True,True,True,-0.017342607168365554,-0.9751337089837762,0.7176885805387047,-28.0
v100_s1_p30,100,0.3,h3,2,1.5021573381724893,1.480832090748758,3.0313717919925693,2.446984833004535,True,True,116.0,92.0,True,True,True,-0.02132524742373132,-0.5843869589880342,0.8072202952697177,-24.0
v100_s1_p30,100,0.3,h3,3,1.51540693005087,1.4888381287623762,3.7706196249928325,2.5432518330053426,True,True,126.0,111.0,True,True,True,-0.026568801288493704,-1.22736779198749,0.6744917509440314,-15.0
v100_s1_p30,100,0.3,h3,4,1.503871900826449,1.4648278965703248,3.1647072499908973,2.9700231669994537,True,True,116.0,107.0,True,True,True,-0.0390440042561242,-0.19468408299144357,0.9384827512901853,-9.0
v100_s1_p30,100,0.3,h4,0,1.4876702195111324,1.5263911226259765,4.209637624997413,4.046461125006317,True,True,123.0,140.0,True,True,True,0.03872090311484411,-0.16317649999109562,0.9612373998602324,17.0
v100_s1_p30,100,0.3,h4,1,1.5202184944685007,1.493155505269147,4.286874166995403,3.876365457996144,True,True,133.0,81.0,True,True,True,-0.027062989199353682,-0.4105087089992594,0.9042405508051155,-52.0
v100_s1_p30,100,0.3,h4,2,1.5101742570000216,1.4816127545294262,3.939361625001766,3.911131791988737,True,True,146.0,120.0,True,True,True,-0.028561502470595412,-0.028229833013028838,0.9928339066832901,-26.0
v100_s1_p30,100,0.3,h4,3,1.4544771451892713,1.4754734976022894,3.9029573750158306,3.761309124995023,True,True,118.0,115.0,True,True,True,0.020996352413018116,-0.1416482500208076,0.9637074565744564,-3.0
v100_s1_p30,100,0.3,h4,4,1.4797361858119484,1.4844905111723339,4.251497665973147,3.5595404999912716,True,True,177.0,98.0,True,True,True,0.004754325360385447,-0.6919571659818757,0.8372439031261963,-79.0
v100_s1_p30,100,0.3,h2+3,0,1.4930987581442121,1.4752190191962944,4.3701116250013,3.5958019999961834,True,True,127.0,107.0,True,True,True,-0.017879738947917723,-0.7743096250051167,0.8228169686615531,-20.0
v100_s1_p30,100,0.3,h2+3,1,1.5131824412960828,1.4912839360415149,3.7654895410087192,2.7781857090012636,True,True,131.0,103.0,True,True,True,-0.021898505254567935,-0.9873038320074556,0.7378019985834374,-28.0
v100_s1_p30,100,0.3,h2+3,2,1.4713316097482783,1.486244275365488,3.3078957079997053,2.701274666993413,True,True,116.0,92.0,True,True,True,0.01491266561720983,-0.6066210410062922,0.8166142180543178,-24.0
v100_s1_p30,100,0.3,h2+3,3,1.4964148847785257,1.5029116999723104,4.132617625000421,2.833072874986101,True,True,126.0,111.0,True,True,True,0.006496815193784755,-1.29954475001432,0.6855395616200549,-15.0
v100_s1_p30,100,0.3,h2+3,4,1.4805070765373824,1.4912091878379774,3.4763096250244416,3.2880689589946996,True,True,116.0,107.0,True,True,True,0.010702111300594952,-0.188240666029742,0.9458504315396191,-9.0
v100_s1_p30,100,0.3,h2+3+4,0,1.4969185688049373,1.5159707974405017,5.048347791002016,5.049119542003609,True,True,125.0,141.0,True,True,True,0.019052228635564328,0.0007717510015936568,1.0001528719956594,16.0
v100_s1_p30,100,0.3,h2+3+4,1,1.5073011864678605,1.5076478493448233,5.211303375006537,4.6781003329961095,True,True,135.0,85.0,True,True,True,0.00034666287696283327,-0.5332030420104275,0.8976833617924309,-50.0
v100_s1_p30,100,0.3,h2+3+4,2,1.5119485110848783,1.4787953525150541,4.80759283300722,4.749567582999589,True,True,148.0,122.0,True,True,True,-0.03315315856982415,-0.05802525000763126,0.9879304982715569,-26.0
v100_s1_p30,100,0.3,h2+3+4,3,1.473238871397969,1.480516466978588,4.806427708012052,4.536377791984705,True,True,121.0,116.0,True,True,True,0.007277595580619023,-0.2700499160273466,0.943814838705014,-5.0
v100_s1_p30,100,0.3,h2+3+4,4,1.4795992828720137,1.4735160442812008,5.2025416669785045,4.395994249993237,True,True,177.0,104.0,True,True,True,-0.006083238590812945,-0.8065474169852678,0.8449705031476108,-73.0
v100_s1_p50,100,0.5,h2,0,1.8798459455807968,2.035261205264991,1.146886667003855,0.5298493750015041,True,True,141.0,89.0,True,True,True,0.15541525968419423,-0.617037292002351,0.4619893056963431,-52.0
v100_s1_p50,100,0.5,h2,1,1.8499467984316502,2.0532273608826714,1.0847921249951469,0.47948958301276434,True,True,141.0,89.0,True,True,True,0.20328056245102122,-0.6053025419823825,0.4420105677066097,-52.0
v100_s1_p50,100,0.5,h2,2,1.9220527840565715,2.1868343131335597,1.1792698750068666,0.48590274999151006,True,True,141.0,89.0,True,True,True,0.26478152907698815,-0.6933671250153566,0.4120369393720676,-52.0
v100_s1_p50,100,0.5,h2,3,1.8629989055557308,2.0133507848773045,1.1111064159777015,0.5123538749758154,True,True,141.0,89.0,True,True,True,0.15035187932157368,-0.5987525410018861,0.4611204359980023,-52.0
v100_s1_p50,100,0.5,h2,4,1.8627588453914274,2.068245190135348,1.119031875015935,0.466564208996715,True,True,141.0,89.0,True,True,True,0.20548634474392058,-0.6524676660192199,0.41693558460081503,-52.0
v100_s1_p50,100,0.5,h3,0,1.9604188234604913,2.1037173240620395,2.4924572089948924,1.112454375004745,True,True,104.0,69.0,True,True,True,0.14329850060154814,-1.3800028339901473,0.4463283746617873,-35.0
v100_s1_p50,100,0.5,h3,1,1.9393598501666691,2.0466908300734166,2.3584915839892346,1.0304190840106457,True,True,104.0,69.0,True,True,True,0.10733097990674745,-1.328072499978589,0.43689750305055536,-35.0
v100_s1_p50,100,0.5,h3,2,2.0111977935084053,2.147648079614002,2.3484116670006188,0.9795813749951776,True,True,102.0,41.0,True,True,True,0.1364502861055965,-1.3688302920054412,0.4171250674487982,-61.0
v100_s1_p50,100,0.5,h3,3,1.918078249472191,2.1095467922930062,2.39329291600734,1.0549880000180565,True,True,104.0,69.0,True,True,True,0.19146854282081516,-1.3383049159892835,0.44081022968891825,-35.0
v100_s1_p50,100,0.5,h3,4,1.9391748426937854,2.073258761861039,2.3605187499779277,1.0275778750074096,True,True,104.0,69.0,True,True,True,0.13408391916725382,-1.332940874970518,0.43531866671977,-35.0
v100_s1_p50,100,0.5,h4,0,2.1871917592788863,2.1514343390896404,2.2705316670035245,1.3945069579931442,True,True,101.0,53.0,True,True,True,-0.03575742018924588,-0.8760247090103803,0.614176396770325,-48.0
v100_s1_p50,100,0.5,h4,1,2.222925737702259,2.086945423964374,2.0042417910008226,1.2729408330051228,True,True,101.0,53.0,True,True,True,-0.135980313737885,-0.7313009579956997,0.6351233861706261,-48.0
v100_s1_p50,100,0.5,h4,2,,2.0078631925033514,2.0465802079997957,1.3585371669905726,True,True,140.0,73.0,False,True,False,,-0.6880430410092231,0.6638084164403822,-67.0
v100_s1_p50,100,0.5,h4,3,2.328822578515769,2.0403479376964397,2.102225917013129,1.3139452080067713,True,True,160.0,49.0,True,True,True,-0.28847464081932905,-0.7882807090063579,0.625025691755167,-111.0
v100_s1_p50,100,0.5,h4,4,,2.270189702973808,2.040889875002904,1.2335931659908965,True,True,118.0,49.0,False,True,False,,-0.8072967090120073,0.6044388681134211,-69.0
v100_s1_p50,100,0.5,h2+3,0,1.960486639903308,2.1034208895761997,2.787245208004606,1.2292985840031179,True,True,104.0,69.0,True,True,True,0.1429342496728916,-1.557946624001488,0.44104429006559315,-35.0
v100_s1_p50,100,0.5,h2+3,1,1.9748813016388915,2.0364296466720777,2.573665791001986,1.1274797079968266,True,True,104.0,69.0,True,True,True,0.06154834503318618,-1.4461860830051592,0.4380831854464963,-35.0
v100_s1_p50,100,0.5,h2+3,2,1.9851949998654546,2.1373108601555675,2.5431613749969983,1.0859679999994114,True,True,102.0,41.0,True,True,True,0.15211586029011293,-1.457193374997587,0.42701497855231196,-61.0
v100_s1_p50,100,0.5,h2+3,3,1.9504479914025419,2.019293390251724,2.635560125025222,1.1484133750200272,True,True,104.0,69.0,True,True,True,0.06884539884918217,-1.487146750005195,0.4357378775447352,-35.0
v100_s1_p50,100,0.5,h2+3,4,1.9624303663508262,2.0690207411836314,2.572879874991486,1.1317597090092022,True,True,104.0,69.0,True,True,True,0.1065903748328052,-1.4411201659822837,0.4398805090008127,-35.0
v100_s1_p50,100,0.5,h2+3+4,0,2.165639556711536,2.163554671899368,2.66792833400541,1.6791441250097705,True,True,79.0,53.0,True,True,True,-0.002084884812167953,-0.9887842089956393,0.6293812707063389,-26.0
v100_s1_p50,100,0.5,h2+3+4,1,1.9936870166870222,2.087473587159202,2.5082888330071,1.606449209008133,True,True,79.0,53.0,True,True,True,0.09378657047217964,-0.901839623998967,0.6404562297086883,-26.0
v100_s1_p50,100,0.5,h2+3+4,2,,2.088224162201444,2.5169273329956923,1.6973014579998562,True,True,79.0,73.0,False,True,False,,-0.8196258749958361,0.6743545734312867,-6.0
v100_s1_p50,100,0.5,h2+3+4,3,2.1448853070330456,2.0773807052935935,2.5444207089894917,1.65924583299784,True,True,82.0,49.0,True,True,True,-0.06750460173945205,-0.8851748759916518,0.6521114323333753,-33.0
v100_s1_p50,100,0.5,h2+3+4,4,,2.129491378570924,2.4971450839948375,1.5366968750022352,True,True,86.0,49.0,False,True,False,,-0.9604482089926023,0.6153814949926282,-37.0
v100_s2_p0,100,0.0,h2,0,1.3168682058682049,1.3168682058682049,2.717462125001475,2.7404510829946958,True,True,285.0,285.0,True,True,True,0.0,0.022988957993220538,1.0084597160643805,0.0
v100_s2_p0,100,0.0,h2,1,1.3218346560846557,1.3218346560846557,2.4950596669950755,2.549576208999497,True,True,285.0,285.0,True,True,True,0.0,0.05451654200442135,1.0218497949069403,0.0
v100_s2_p0,100,0.0,h2,2,1.313470298220298,1.313470298220298,2.4951251250022324,2.5265035000047646,True,True,285.0,285.0,True,True,True,0.0,0.031378375002532266,1.0125758723232383,0.0
v100_s2_p0,100,0.0,h2,3,1.3230990860990872,1.3230990860990872,2.549679624993587,2.596413166000275,True,True,285.0,285.0,True,True,True,0.0,0.04673354100668803,1.018329181654266,0.0
v100_s2_p0,100,0.0,h2,4,1.3253121693121674,1.3253121693121674,2.506282625021413,2.5763187920092605,True,True,285.0,285.0,True,True,True,0.0,0.07003616698784754,1.027944241518751,0.0
v100_s2_p0,100,0.0,h3,0,1.3281461038961,1.3281461038961,6.019946250002249,6.048991458999808,True,True,154.0,154.0,True,True,True,0.0,0.029045208997558802,1.0048248286265924,0.0
v100_s2_p0,100,0.0,h3,1,1.3372778980278968,1.3372778980278968,5.45302262500627,5.412922916992102,True,True,136.0,136.0,True,True,True,0.0,-0.040099708014167845,0.9926463338277234,0.0
v100_s2_p0,100,0.0,h3,2,1.346268518518515,1.346268518518515,5.38444837499992,5.38705916699837,True,True,139.0,139.0,True,True,True,0.0,0.002610791998449713,1.000484876410102,0.0
v100_s2_p0,100,0.0,h3,3,1.3568623136123081,1.3568623136123081,5.515327959001297,5.570811749988934,True,True,132.0,132.0,True,True,True,0.0,0.055483790987636894,1.0100599259735923,0.0
v100_s2_p0,100,0.0,h3,4,1.340719215969214,1.340719215969214,5.47087045799708,5.472984916996211,True,True,140.0,140.0,True,True,True,0.0,0.002114458999130875,1.000386494071714,0.0
v100_s2_p0,100,0.0,h4,0,1.3443924963924991,1.3443924963924991,14.7055896249949,14.620938417006982,True,True,121.0,121.0,True,True,True,0.0,-0.08465120798791759,0.9942436032728645,0.0
v100_s2_p0,100,0.0,h4,1,1.3431170033670037,1.3431170033670037,11.408062000002246,11.381145542007289,True,True,156.0,156.0,True,True,True,0.0,-0.026916457994957455,0.9976405757616892,0.0
v100_s2_p0,100,0.0,h4,2,1.3302884800384733,1.3302884800384733,11.29949195800873,11.394995374997961,True,True,117.0,117.0,True,True,True,0.0,0.09550341698923148,1.008452009819923,0.0
v100_s2_p0,100,0.0,h4,3,1.34948063973064,1.34948063973064,13.172429416998057,13.166307584004244,True,True,79.0,79.0,True,True,True,0.0,-0.006121832993812859,0.999535254067415,0.0
v100_s2_p0,100,0.0,h4,4,1.3318991101491076,1.3318991101491076,11.626072708982974,11.500969832995906,True,True,134.0,134.0,True,True,True,0.0,-0.12510287598706782,0.9892394552211594,0.0
v100_s2_p0,100,0.0,h2+3,0,1.3232077922077916,1.3232077922077916,6.50151995800843,6.490301459009061,True,True,154.0,154.0,True,True,True,0.0,-0.01121849899936933,0.9982744805719544,0.0
v100_s2_p0,100,0.0,h2+3,1,1.333468494468494,1.333468494468494,5.867787916999077,5.934258541994495,True,True,136.0,136.0,True,True,True,0.0,0.06647062499541789,1.0113280551266774,0.0
v100_s2_p0,100,0.0,h2+3,2,1.336056517556516,1.336056517556516,5.813123041996732,5.787418790991069,True,True,139.0,139.0,True,True,True,0.0,-0.025704251005663536,0.995578237236686,0.0
v100_s2_p0,100,0.0,h2+3,3,1.3357582972582973,1.3357582972582973,5.972133208008017,6.002881792024709,True,True,132.0,132.0,True,True,True,0.0,0.030748584016691893,1.0051486768539357,0.0
v100_s2_p0,100,0.0,h2+3,4,1.3410885040885054,1.3410885040885054,5.995142625004519,5.967272084002616,True,True,140.0,140.0,True,True,True,0.0,-0.027870541001902893,0.9953511462953925,0.0
v100_s2_p0,100,0.0,h2+3+4,0,1.3451261423761436,1.3451261423761436,16.55371141700016,16.49017950000416,True,True,121.0,121.0,True,True,True,0.0,-0.06353191699599847,0.9961620741478704,0.0
v100_s2_p0,100,0.0,h2+3+4,1,1.3423143338143322,1.3423143338143322,14.64865779200045,14.501449082992622,True,True,109.0,109.0,True,True,True,0.0,-0.14720870900782757,0.989950703259092,0.0
v100_s2_p0,100,0.0,h2+3+4,2,1.3342415824915752,1.3342415824915752,12.60903670800326,12.719102540999302,True,True,117.0,117.0,True,True,True,0.0,0.11006583299604245,1.0087291230523725,0.0
v100_s2_p0,100,0.0,h2+3+4,3,1.345937950937952,1.345937950937952,14.394595584017225,14.61951170899556,True,True,79.0,79.0,True,True,True,0.0,0.22491612497833557,1.0156250395272006,0.0
v100_s2_p0,100,0.0,h2+3+4,4,1.3317378547378553,1.3317378547378553,12.959072666999418,13.249831875000382,True,True,134.0,134.0,True,True,True,0.0,0.29075920800096355,1.0224367295000505,0.0
v100_s2_p10,100,0.1,h2,0,1.3349798781465347,1.3433435145101735,2.6088484159990912,2.49933754200174,True,True,257.0,256.0,True,True,True,0.008363636363638793,-0.10951087399735115,0.9580232897680977,-1.0
v100_s2_p10,100,0.1,h2,1,1.3362100368766956,1.3401568462401792,2.3090259580058046,2.2829719590081368,True,True,257.0,256.0,True,True,True,0.003946809363483572,-0.026053998997667804,0.9887164546992926,-1.0
v100_s2_p10,100,0.1,h2,2,1.3467611030944282,1.3498084415584373,2.272437457999331,2.2456621669989545,True,True,257.0,256.0,True,True,True,0.003047338464009064,-0.026775291000376455,0.9882173694566936,-1.0
v100_s2_p10,100,0.1,h2,3,1.336925284591944,1.3437441879108478,2.366584833012894,2.3464846670103725,True,True,257.0,256.0,True,True,True,0.0068189033189038906,-0.02010016600252129,0.9915066784329333,-1.0
v100_s2_p10,100,0.1,h2,4,1.3323548581048494,1.3422692400192358,2.333962083008373,2.2975709159800317,True,True,257.0,256.0,True,True,True,0.009914381914386317,-0.03639116702834144,0.9844079870477438,-1.0
v100_s2_p10,100,0.1,h3,0,1.3589327801827753,1.3618389049222328,5.187688958001672,4.8446415409998735,True,True,124.0,128.0,True,True,True,0.002906124739457505,-0.34304741700179875,0.9338727861714472,4.0
v100_s2_p10,100,0.1,h3,1,1.3583934183100805,1.3713183421516693,4.363835624986677,4.413851374993101,True,True,124.0,117.0,True,True,True,0.01292492384158872,0.05001575000642333,1.0114614193348714,-7.0
v100_s2_p10,100,0.1,h3,2,1.3619774731441345,1.3915942760942723,4.406516250004643,4.4324827500095125,True,True,114.0,120.0,True,True,True,0.0296168029501378,0.025966500004869886,1.0058927503115058,6.0
v100_s2_p10,100,0.1,h3,3,1.3449406766073368,1.377465929132593,4.518319249997148,4.5735765419958625,True,True,133.0,124.0,True,True,True,0.032525252525256176,0.05525729199871421,1.0122296121503032,-9.0
v100_s2_p10,100,0.1,h3,4,1.3443086820586745,1.3438228314894944,4.426994249981362,4.358526416996028,True,True,129.0,127.0,True,True,True,-0.0004858505691800463,-0.0684678329853341,0.9845340135723867,-2.0
v100_s2_p10,100,0.1,h4,0,1.3769919432419373,1.3538260381593676,10.231103541009361,10.279022917005932,True,True,83.0,113.0,True,True,True,-0.02316590508256966,0.047919375996571034,1.0046836957327716,30.0
v100_s2_p10,100,0.1,h4,1,1.364643538560201,1.3657249879749824,9.157569417002378,7.999407166993478,True,True,93.0,163.0,True,True,True,0.001081449414781499,-1.1581622500088997,0.8735295145174001,70.0
v100_s2_p10,100,0.1,h4,2,1.362186628186626,1.361678170594833,8.005822249993798,8.210898916004226,True,True,102.0,127.0,True,True,True,-0.0005084575917928547,0.2050766660104273,1.0256159404501626,25.0
v100_s2_p10,100,0.1,h4,3,1.3559315375981955,1.3590246913580184,7.630777750018751,8.379460208991077,True,True,159.0,135.0,True,True,True,0.0030931537598228864,0.7486824589723255,1.0981135191587104,-24.0
v100_s2_p10,100,0.1,h4,4,1.3631307920474514,1.3529945486612096,8.050021458009724,7.947699540993199,True,True,162.0,143.0,True,True,True,-0.01013624338624175,-0.10232191701652482,0.9872892367367897,-19.0
v100_s2_p10,100,0.1,h2+3,0,1.3610856581689872,1.3524892175725445,5.610956958000315,5.254946959001245,True,True,124.0,128.0,True,True,True,-0.008596440596442712,-0.3560099989990704,0.9365509303201021,4.0
v100_s2_p10,100,0.1,h2+3,1,1.354952621452614,1.364791566458227,4.705800458992599,4.773697750002611,True,True,124.0,117.0,True,True,True,0.009838945005613109,0.06789729101001285,1.0144284254297828,-7.0
v100_s2_p10,100,0.1,h2+3,2,1.3560860189193444,1.3884402356902326,4.7589392910012975,4.887132707997807,True,True,114.0,120.0,True,True,True,0.03235421677088812,0.12819341699650977,1.026937392800726,6.0
v100_s2_p10,100,0.1,h2+3,3,1.3498949815616428,1.3530655763989068,4.964031540992437,5.0054837920179125,True,True,133.0,124.0,True,True,True,0.003170594837264007,0.04145225102547556,1.0083505212815767,-9.0
v100_s2_p10,100,0.1,h2+3,4,1.3492012185345423,1.3470078964245593,4.794516875001136,4.740571166999871,True,True,129.0,127.0,True,True,True,-0.0021933221099830202,-0.0539457080012653,0.9887484579973967,-2.0
v100_s2_p10,100,0.1,h2+3+4,0,1.3739356661856623,1.3542637085137044,11.401345874997787,11.595936833997257,True,True,87.0,117.0,True,True,True,-0.01967195767195795,0.19459095899946988,1.0170673674084558,30.0
v100_s2_p10,100,0.1,h2+3+4,1,1.3630053711720336,1.3614268077601357,10.613789209004608,9.558384999996633,True,True,97.0,168.0,True,True,True,-0.001578563411897882,-1.0554042090079747,0.900562919780564,71.0
v100_s2_p10,100,0.1,h2+3+4,2,1.3748470017636643,1.3668641975308595,9.238102540999535,9.534990375002963,True,True,107.0,130.0,True,True,True,-0.00798280423280473,0.296887834003428,1.0321373174508308,23.0
v100_s2_p10,100,0.1,h2+3+4,3,1.3543144540644476,1.3633611511944754,8.910531041998183,9.68735637498321,True,True,163.0,137.0,True,True,True,0.009046697130027814,0.7768253329850268,1.0871805877027532,-26.0
v100_s2_p10,100,0.1,h2+3+4,4,1.3707821067821016,1.360515512265507,9.412394208979094,9.158618957997533,True,True,165.0,146.0,True,True,True,-0.010266594516594507,-0.25377525098156184,0.9730381829163648,-19.0
v100_s2_p30,100,0.3,h2,0,1.4963399033626335,1.5128829820572245,2.071124209003756,1.6844282499951078,True,True,199.0,184.0,True,True,True,0.01654307869459104,-0.38669595900864806,0.813291758491561,-15.0
v100_s2_p30,100,0.3,h2,1,1.486627701983766,1.5084137515122409,1.9120374170015566,1.5369579999969574,True,True,199.0,184.0,True,True,True,0.02178604952847496,-0.37507941700459924,0.8038325957068371,-15.0
v100_s2_p30,100,0.3,h2,2,1.487264859999709,1.4695403566691432,1.8981001250067493,1.537527250009589,True,True,199.0,184.0,True,True,True,-0.017724503330565744,-0.3605728749971604,0.8100348499814369,-15.0
v100_s2_p30,100,0.3,h2,3,1.4947873321964273,1.5006923783287431,1.9804279590025544,1.5922385409940034,True,True,199.0,184.0,True,True,True,0.005905046132315794,-0.388189418008551,0.8039871047851379,-15.0
v100_s2_p30,100,0.3,h2,4,1.5045030827758115,1.4716926516244695,1.9139096250000875,1.570031375013059,True,True,199.0,184.0,True,True,True,-0.03281043115134197,-0.34387824998702854,0.8203268088026817,-15.0
v100_s2_p30,100,0.3,h3,0,1.46098176570904,1.4867049900155973,2.962666874998831,2.694170959002804,True,True,107.0,110.0,True,True,True,0.02572322430655727,-0.2684959159960272,0.9093735720806838,3.0
v100_s2_p30,100,0.3,h3,1,1.4636233401839458,1.5069520639293412,2.9764706249989104,2.602429917009431,True,True,122.0,108.0,True,True,True,0.043328723745395425,-0.3740407079894794,0.8743341510418513,-14.0
v100_s2_p30,100,0.3,h3,2,1.5094614434387181,1.4929865429183669,2.6732913330051815,2.4337302909989376,True,True,110.0,79.0,True,True,True,-0.016474900520351277,-0.23956104200624395,0.9103872297610971,-31.0
v100_s2_p30,100,0.3,h3,3,1.5031478712084783,1.4936849884122636,2.9602249159943312,2.3401482089830097,True,True,114.0,96.0,True,True,True,-0.009462882796214656,-0.6200767070113216,0.7905305425743167,-18.0
v100_s2_p30,100,0.3,h3,4,1.4739064089670169,1.5126147222586652,3.047064999991562,2.3543929579900578,True,True,120.0,104.0,True,True,True,0.038708313291648366,-0.6926720420015045,0.7726756593628877,-16.0
v100_s2_p30,100,0.3,h4,0,1.4815783265556028,1.463982341452042,4.567072916994221,3.9602122090000194,True,True,87.0,101.0,True,True,True,-0.017595985103560752,-0.6068607079942012,0.8671226146322181,14.0
v100_s2_p30,100,0.3,h4,1,1.4735348032999585,1.5095297127115346,4.32320641700062,3.771423666999908,True,True,97.0,122.0,True,True,True,0.035994909411576126,-0.5517827500007115,0.8723672439440144,25.0
v100_s2_p30,100,0.3,h4,2,1.4874568739341516,1.469215579314068,4.11216695800249,3.551595708995592,True,True,80.0,106.0,True,True,True,-0.018241294620083615,-0.5605712490068981,0.8636798421046603,26.0
v100_s2_p30,100,0.3,h4,3,1.4848507805326034,1.489864897167931,4.0073710000142455,3.6068472920160275,True,True,92.0,135.0,True,True,True,0.00501411663532747,-0.400523707998218,0.900053249874595,43.0
v100_s2_p30,100,0.3,h4,4,1.4677768194207659,1.4710372556736253,4.0502210420090705,3.523832917009713,True,True,75.0,106.0,True,True,True,0.0032604362528594333,-0.5263881249993574,0.870034716737769,31.0
v100_s2_p30,100,0.3,h2+3,0,1.4853242781348879,1.5330503082775873,3.4259542920044623,2.9483625419961754,True,True,107.0,111.0,True,True,True,0.04772603014269938,-0.4775917500082869,0.8605959947793533,4.0
v100_s2_p30,100,0.3,h2+3,1,1.4662535309808087,1.5065999715772491,3.330239208007697,2.886534874996869,True,True,122.0,109.0,True,True,True,0.040346440596440436,-0.4437043330108281,0.8667650263849147,-13.0
v100_s2_p30,100,0.3,h2+3,2,1.5006160850933605,1.487047302024581,2.957672790987999,2.730391042001429,True,True,110.0,79.0,True,True,True,-0.013568783068779622,-0.22728174898657016,0.9231552084871946,-31.0
v100_s2_p30,100,0.3,h2+3,3,1.5126846677452772,1.5000748393021164,3.2490148329816293,2.578905250004027,True,True,114.0,96.0,True,True,True,-0.012609828443160831,-0.6701095829776023,0.7937499157667307,-18.0
v100_s2_p30,100,0.3,h2+3,4,1.470278142172084,1.5125311083417194,3.37088141698041,2.6464965000050142,True,True,120.0,105.0,True,True,True,0.042252966169635364,-0.7243849169753958,0.7851051913821727,-15.0
v100_s2_p30,100,0.3,h2+3+4,0,1.4688120927893666,1.4591308503505527,5.56084054200619,4.747314792010002,True,True,90.0,104.0,True,True,True,-0.009681242438813964,-0.8135257499961881,0.8537045355192487,14.0
v100_s2_p30,100,0.3,h2+3+4,1,1.4819408478726692,1.5086732111883658,5.186040750006214,4.513624166007503,True,True,100.0,126.0,True,True,True,0.026732363315696617,-0.6724165839987108,0.8703410527582327,26.0
v100_s2_p30,100,0.3,h2+3+4,2,1.4791484323757063,1.4898534187473633,4.901888125008554,4.321999749998213,True,True,83.0,109.0,True,True,True,0.010704986371657066,-0.5798883750103414,0.8817010180114363,26.0
v100_s2_p30,100,0.3,h2+3+4,3,1.474963815645637,1.490072816913728,4.691382833989337,4.345299915992655,True,True,94.0,139.0,True,True,True,0.015109001268091005,-0.3460829179966822,0.9262300839127237,45.0
v100_s2_p30,100,0.3,h2+3+4,4,1.482038523765801,1.4693068564432266,4.879453166009625,4.240868249995401,True,True,79.0,108.0,True,True,True,-0.012731667322574358,-0.6385849160142243,0.869127770205354,29.0
v100_s2_p50,100,0.5,h2,0,1.8299367209670299,1.8210844071753225,1.5395449589996133,0.6515309999958845,True,True,143.0,92.0,True,True,True,-0.008852313791707367,-0.8880139590037288,0.4231971247005643,-51.0
v100_s2_p50,100,0.5,h2,1,1.7950651245499787,1.7868752554964673,1.380037540991907,0.6048545410012593,True,True,143.0,92.0,True,True,True,-0.008189869053511378,-0.7751829999906477,0.43828846899810997,-51.0
v100_s2_p50,100,0.5,h2,2,1.8055962788614386,1.8893125810777363,1.3685166659997776,0.5890335419971962,True,True,143.0,92.0,True,True,True,0.08371630221629767,-0.7794831240025815,0.4304175145480412,-51.0
v100_s2_p50,100,0.5,h2,3,1.8376662450904937,1.8164099805918037,1.423082583991345,0.6129057090147398,True,True,143.0,92.0,True,True,True,-0.021256264498690003,-0.8101768749766052,0.4306887849724872,-51.0
v100_s2_p50,100,0.5,h2,4,1.7998664735937568,1.7705152866213496,1.363294250011677,0.6103135000157636,True,True,143.0,92.0,True,True,True,-0.02935118697240724,-0.7529807499959134,0.44767554767471224,-51.0
v100_s2_p50,100,0.5,h3,0,1.769257128954102,1.9401358680601162,2.674237416998949,1.260104874992976,True,True,83.0,69.0,True,True,True,0.17087873910601425,-1.414132542005973,0.4712015720754801,-14.0
v100_s2_p50,100,0.5,h3,1,1.753716310345103,1.8888518636245926,2.3799851250078063,1.1374616249959217,True,True,83.0,69.0,True,True,True,0.13513555327948956,-1.2425235000118846,0.4779280395679745,-14.0
v100_s2_p50,100,0.5,h3,2,1.7598078949669926,1.8734672922475963,2.0923547910060734,1.1314425830059918,True,True,70.0,69.0,True,True,True,0.1136593972806037,-0.9609122080000816,0.54075082670944,-1.0
v100_s2_p50,100,0.5,h3,3,1.8060458180988535,1.8355793454581413,2.4643854580062907,1.1728575410088524,True,True,96.0,69.0,True,True,True,0.029533527359287826,-1.2915279169974383,0.4759229272346479,-27.0
v100_s2_p50,100,0.5,h3,4,1.8045869893294226,1.8232324984219006,2.3628537909826264,1.1359965000010561,True,True,96.0,69.0,True,True,True,0.018645509092477974,-1.2268572909815703,0.4807730822517951,-27.0
v100_s2_p50,100,0.5,h4,0,1.8535437934680385,1.8041872627933293,2.360550459008664,1.4988082500058226,True,True,124.0,83.0,True,True,True,-0.04935653067470924,-0.8617422090028413,0.6349401446962764,-41.0
v100_s2_p50,100,0.5,h4,1,1.916124458874461,1.8256148713800238,1.9852464579889784,1.2810964579985011,True,True,108.0,72.0,True,True,True,-0.09050958749443727,-0.7041499999904772,0.6453085221953906,-36.0
v100_s2_p50,100,0.5,h4,2,1.7810262220944129,1.869523322636968,1.9603827079990879,1.3240970420010854,True,True,103.0,84.0,True,True,True,0.08849710054255522,-0.6362856659980025,0.6754278318199191,-19.0
v100_s2_p50,100,0.5,h4,3,1.8772584290008592,1.8296884798703008,2.015884583001025,1.342032125015976,True,True,108.0,73.0,True,True,True,-0.04756994913055834,-0.6738524579850491,0.6657286514975513,-35.0
v100_s2_p50,100,0.5,h4,4,1.8490117985269527,1.870859236722878,1.922668082988821,1.2820679159776773,True,True,80.0,61.0,True,True,True,0.021847438195925273,-0.6406001670111436,0.6668170795162317,-19.0
v100_s2_p50,100,0.5,h2+3,0,1.755313780775906,1.8140964781570896,2.9071670419943985,1.446127457995317,True,True,83.0,69.0,True,True,True,0.05878269738118358,-1.4610395839990815,0.49743528222005184,-14.0
v100_s2_p50,100,0.5,h2+3,1,1.7773655973656026,1.9196242948970261,2.58288074999291,1.2638805830065394,True,True,83.0,69.0,True,True,True,0.1422586975314235,-1.3190001669863705,0.4893298240772474,-14.0
v100_s2_p50,100,0.5,h2+3,2,1.7770391746300895,1.8693717990763437,2.2758633329940494,1.238403041003039,True,True,70.0,69.0,True,True,True,0.09233262444625412,-1.0374602919910103,0.5441464885212759,-1.0
v100_s2_p50,100,0.5,h2+3,3,1.801333133477082,1.8717690628675465,2.666277208016254,1.2998916659853421,True,True,96.0,69.0,True,True,True,0.07043592939046461,-1.366385542030912,0.4875305771197283,-27.0
v100_s2_p50,100,0.5,h2+3,4,1.8237866224684463,1.8826603629255128,2.5836131669930182,1.2691437920148019,True,True,96.0,69.0,True,True,True,0.058873740457066503,-1.3144693749782164,0.491228256702189,-27.0
v100_s2_p50,100,0.5,h2+3+4,0,1.8426003320473037,1.823565413262391,2.7679847499966854,1.6907224580063485,True,True,124.0,83.0,True,True,True,-0.01903491878491259,-1.077262291990337,0.6108135017753884,-41.0
v100_s2_p50,100,0.5,h2+3+4,1,1.9102665073422684,1.8298312560054995,2.490489332994912,1.6072507499920903,True,True,108.0,72.0,True,True,True,-0.08043525133676899,-0.8832385830028215,0.6453554041363059,-36.0
v100_s2_p50,100,0.5,h2+3+4,2,1.787341027378915,1.8744062463911015,2.406641541994759,1.6437555000011344,True,True,103.0,84.0,True,True,True,0.08706521901218656,-0.7628860419936245,0.6830080306179283,-19.0
v100_s2_p50,100,0.5,h2+3+4,3,1.9703414228868823,1.8304830963088563,2.5256965840235353,1.6611947079945821,True,True,108.0,73.0,True,True,True,-0.139858326578026,-0.8645018760289531,0.6577174465462644,-35.0
v100_s2_p50,100,0.5,h2+3+4,4,1.8087993361857049,1.9322449867752949,2.415126917010639,1.585576499986928,True,True,80.0,61.0,True,True,True,0.12344565058959,-0.8295504170237109,0.656518913693157,-19.0
v100_s3_p0,100,0.0,h2,0,1.3106519560686278,1.3106519560686278,2.7387384999892674,2.7736893749970477,True,True,287.0,287.0,True,True,True,0.0,0.03495087500778027,1.012761669289681,0.0
v100_s3_p0,100,0.0,h2,1,1.3100813692480393,1.3100813692480393,2.5516458329948364,2.5452825839893194,True,True,287.0,287.0,True,True,True,0.0,-0.006363249005516991,0.9975062177817803,0.0
v100_s3_p0,100,0.0,h2,2,1.312147346480684,1.312147346480684,2.4829687909950735,2.5520744579989696,True,True,287.0,287.0,True,True,True,0.0,0.06910566700389609,1.0278318709661274,0.0
v100_s3_p0,100,0.0,h2,3,1.3052445486612185,1.3052445486612185,2.587690708984155,2.625911500013899,True,True,287.0,287.0,True,True,True,0.0,0.03822079102974385,1.0147702315802447,0.0
v100_s3_p0,100,0.0,h2,4,1.313157928491266,1.313157928491266,2.5488534579926636,2.576273417012999,True,True,287.0,287.0,True,True,True,0.0,0.027419959020335227,1.010757762057427,0.0
v100_s3_p0,100,0.0,h3,0,1.3207138447971796,1.3207138447971796,5.990630792002776,5.985595583013492,True,True,152.0,152.0,True,True,True,0.0,-0.005035208989284001,0.9991594860100532,0.0
v100_s3_p0,100,0.0,h3,1,1.3447905242905267,1.3447905242905267,5.619857875004527,5.613753249999718,True,True,155.0,155.0,True,True,True,0.0,-0.00610462500480935,0.99891374032216,0.0
v100_s3_p0,100,0.0,h3,2,1.3262392576559268,1.3262392576559268,5.6626390000019455,5.652027500007534,True,True,145.0,145.0,True,True,True,0.0,-0.010611499994411133,0.9981260504167037,0.0
v100_s3_p0,100,0.0,h3,3,1.3263943803110483,1.3263943803110483,5.819519834010862,5.808423249982297,True,True,145.0,145.0,True,True,True,0.0,-0.011096584028564394,0.9980932131266719,0.0
v100_s3_p0,100,0.0,h3,4,1.3351378868045547,1.3351378868045547,5.551279917010106,5.593486458004918,True,True,142.0,142.0,True,True,True,0.0,0.0422065409948118,1.0076030287835933,0.0
v100_s3_p0,100,0.0,h4,0,1.3315244909411603,1.3315244909411603,12.829285207990324,12.867799625004409,True,True,187.0,187.0,True,True,True,0.0,0.038514417014084756,1.0030020703717848,0.0
v100_s3_p0,100,0.0,h4,1,1.3346457431457401,1.3346457431457401,11.622621916001663,11.583775457998854,True,True,117.0,117.0,True,True,True,0.0,-0.038846458002808504,0.9966576854789257,0.0
v100_s3_p0,100,0.0,h4,2,1.3441420955587613,1.3441420955587613,13.218993999995291,13.389565042001777,True,True,94.0,94.0,True,True,True,0.0,0.1705710420064861,1.0129034813092848,0.0
v100_s3_p0,100,0.0,h4,3,1.3302884800384835,1.3302884800384835,14.164670833008131,14.052405416994588,True,True,119.0,119.0,True,True,True,0.0,-0.11226541601354256,0.9920742658027796,0.0
v100_s3_p0,100,0.0,h4,4,1.3473768237934929,1.3473768237934929,13.65656216701609,13.435628667008132,True,True,85.0,85.0,True,True,True,0.0,-0.22093350000795908,0.9838221730106009,0.0
v100_s3_p0,100,0.0,h2+3,0,1.3228623937790644,1.3228623937790644,6.5352248340059305,6.517779333997169,True,True,152.0,152.0,True,True,True,0.0,-0.017445500008761883,0.9973305432556835,0.0
v100_s3_p0,100,0.0,h2+3,1,1.3402475148308541,1.3402475148308541,6.044499499999802,6.166127292002784,True,True,155.0,155.0,True,True,True,0.0,0.12162779200298246,1.0201220617195828,0.0
v100_s3_p0,100,0.0,h2+3,2,1.3388725749559127,1.3388725749559127,6.053094041009899,6.168168250005692,True,True,145.0,145.0,True,True,True,0.0,0.11507420899579301,1.0190108080621516,0.0
v100_s3_p0,100,0.0,h2+3,3,1.3238672037838723,1.3238672037838723,6.256237708003027,6.326547957985895,True,True,145.0,145.0,True,True,True,0.0,0.07031024998286739,1.0112384236764096,0.0
v100_s3_p0,100,0.0,h2+3,4,1.3282753326920023,1.3282753326920023,6.074877708015265,6.121062707999954,True,True,142.0,142.0,True,True,True,0.0,0.04618499998468906,1.0076026221768632,0.0
v100_s3_p0,100,0.0,h2+3+4,0,1.3447036636203336,1.3447036636203336,14.742261584004154,14.744968917002552,True,True,187.0,187.0,True,True,True,0.0,0.00270733299839776,1.0001836443467627,0.0
v100_s3_p0,100,0.0,h2+3+4,1,1.3403461600128241,1.3403461600128241,13.022670916005154,13.369969958002912,True,True,117.0,117.0,True,True,True,0.0,0.34729904199775774,1.0266688027546576,0.0
v100_s3_p0,100,0.0,h2+3+4,2,1.3458213884880552,1.3458213884880552,14.753856666997308,14.602425167002366,True,True,94.0,94.0,True,True,True,0.0,-0.151431499994942,0.9897361413078062,0.0
v100_s3_p0,100,0.0,h2+3+4,3,1.3315889850889868,1.3315889850889868,15.876766749977833,15.961568333994364,True,True,119.0,119.0,True,True,True,0.0,0.0848015840165317,1.0053412376305553,0.0
v100_s3_p0,100,0.0,h2+3+4,4,1.3459872134038815,1.3459872134038815,14.958467624994228,14.938309500023024,True,True,85.0,85.0,True,True,True,0.0,-0.020158124971203506,0.9986523937159498,0.0
v100_s3_p10,100,0.1,h2,0,1.3462316418149747,1.3453403078403063,2.5370831249892944,2.5438559999893187,True,True,258.0,257.0,True,True,True,-0.0008913339746683402,0.006772875000024214,1.0026695518697493,-1.0
v100_s3_p10,100,0.1,h2,1,1.3420417267917268,1.341036956870292,2.3073171249998268,2.290877499995986,True,True,258.0,257.0,True,True,True,-0.0010047699214348338,-0.016439625003840774,0.9928750041224429,-1.0
v100_s3_p10,100,0.1,h2,2,1.3471067420234086,1.3433374218374217,2.3165078339952743,2.306635999993887,True,True,258.0,257.0,True,True,True,-0.0037693201859869685,-0.00987183400138747,0.9957384845168593,-1.0
v100_s3_p10,100,0.1,h2,3,1.3450851370851353,1.3442237053070372,2.396811709011672,2.351357042003656,True,True,258.0,257.0,True,True,True,-0.0008614317780981651,-0.04545466700801626,0.981035361752818,-1.0
v100_s3_p10,100,0.1,h2,4,1.346917909251239,1.3365301426968077,2.327631541993469,2.3409032089984976,True,True,258.0,257.0,True,True,True,-0.01038776655443141,0.013271667005028576,1.0057017903244525,-1.0
v100_s3_p10,100,0.1,h3,0,1.3588274410774395,1.3667764149430737,4.990800416999264,4.793847082997672,True,True,143.0,148.0,True,True,True,0.007948973865634201,-0.19695333400159143,0.9605367240631894,5.0
v100_s3_p10,100,0.1,h3,1,1.348510501843835,1.3462250280583596,4.497002625008463,4.535916708991863,True,True,128.0,128.0,True,True,True,-0.0022854737854753893,0.038914083983399905,1.0086533380627785,0.0
v100_s3_p10,100,0.1,h3,2,1.3673943402276711,1.3507247875581156,4.403414833010174,4.29263029199501,True,True,125.0,143.0,True,True,True,-0.0166695526695555,-0.110784541015164,0.9748412209123092,18.0
v100_s3_p10,100,0.1,h3,3,1.3584381513548152,1.3681349607182913,4.609055375010939,4.519400165998377,True,True,137.0,135.0,True,True,True,0.009696809363476167,-0.08965520901256241,0.9805480295379724,-2.0
v100_s3_p10,100,0.1,h3,4,1.347955667788996,1.3689630832130795,4.331441874994198,4.56817462501931,True,True,144.0,133.0,True,True,True,0.021007415424083575,0.23673275002511218,1.0546544907809547,-11.0
v100_s3_p10,100,0.1,h4,0,1.3698301266634598,1.3662103174603168,11.35851258301409,10.822991375011043,True,True,80.0,141.0,True,True,True,-0.0036198092031429763,-0.5355212080030469,0.9528528754016715,61.0
v100_s3_p10,100,0.1,h4,1,1.3715523088023072,1.3562520041686683,9.679711208998924,9.709704042004887,True,True,81.0,93.0,True,True,True,-0.01530030463363885,0.029992833005962893,1.0030985256025076,12.0
v100_s3_p10,100,0.1,h4,2,1.386050865800865,1.35412914862915,10.245248915991397,9.607044999997015,True,True,69.0,117.0,True,True,True,-0.03192171717171499,-0.6382039159943815,0.9377073293945807,48.0
v100_s3_p10,100,0.1,h4,3,1.3661732403399058,1.382106501523169,10.30168145801872,9.89350762500544,True,True,84.0,74.0,True,True,True,0.015933261183263214,-0.40817383301327936,0.9603779407588301,-10.0
v100_s3_p10,100,0.1,h4,4,1.3568322510822464,1.3660202421035772,8.250085999985458,8.298773499991512,True,True,130.0,174.0,True,True,True,0.009187991021330832,0.0486875000060536,1.005901453634076,44.0
v100_s3_p10,100,0.1,h2+3,0,1.3531897546897516,1.376010221260214,5.532180875001359,5.392067709006369,True,True,143.0,148.0,True,True,True,0.02282046657046255,-0.14011316599498969,0.974673068512975,5.0
v100_s3_p10,100,0.1,h2+3,1,1.3499942279942285,1.348089065255731,4.956160042012925,4.9884148750134045,True,True,128.0,128.0,True,True,True,-0.0019051627384976122,0.032254833000479266,1.0065080289431854,0.0
v100_s3_p10,100,0.1,h2+3,2,1.3667103575436872,1.3499454064454028,4.81578137500037,4.617479041000479,True,True,125.0,143.0,True,True,True,-0.016764951098284353,-0.19830233399989083,0.9588223969158327,18.0
v100_s3_p10,100,0.1,h2+3,3,1.3616427368927322,1.3700591630591583,5.054141791013535,4.894756833004067,True,True,137.0,135.0,True,True,True,0.008416426166426128,-0.1593849580094684,0.9684644862372359,-2.0
v100_s3_p10,100,0.1,h2+3,4,1.346230479397142,1.3617642696809327,4.745393082994269,4.971697207976831,True,True,144.0,133.0,True,True,True,0.01553379028379065,0.22630412498256192,1.0476892263769575,-11.0
v100_s3_p10,100,0.1,h2+3+4,0,1.368527537277538,1.3929341430174738,12.61625591700431,12.125298667000607,True,True,85.0,131.0,True,True,True,0.024406605739935694,-0.49095725000370294,0.9610853447145135,46.0
v100_s3_p10,100,0.1,h2+3+4,1,1.3731452621452593,1.3576992544492514,10.92711537500145,11.04220162499405,True,True,85.0,97.0,True,True,True,-0.015446007696007902,0.11508624999260064,1.0105321712128976,12.0
v100_s3_p10,100,0.1,h2+3+4,2,1.3830876623376627,1.350129349046017,11.555902916006744,10.976327291995403,True,True,71.0,119.0,True,True,True,-0.03295831329164578,-0.5795756240113406,0.9498459247863239,48.0
v100_s3_p10,100,0.1,h2+3+4,3,1.3662314413981107,1.3660781224947935,11.534829125012038,11.337116457987577,True,True,73.0,76.0,True,True,True,-0.0001533189033171567,-0.19771266702446155,0.9828595062066638,3.0
v100_s3_p10,100,0.1,h2+3+4,4,1.3586386884720187,1.3682566538399863,9.59806045901496,9.591250750003383,True,True,134.0,177.0,True,True,True,0.009617965367967551,-0.00680970901157707,0.9992905119695114,43.0
v100_s3_p30,100,0.3,h2,0,1.4825907086740404,1.4955588423921797,2.12152770900866,1.8948397919884883,True,True,201.0,192.0,True,True,True,0.012968133718139319,-0.22668791702017188,0.8931487361406664,-9.0
v100_s3_p30,100,0.3,h2,1,1.4670179172679214,1.4804229196729186,1.9221481249987846,1.6973186669929419,True,True,201.0,192.0,True,True,True,0.013405002404997202,-0.22482945800584275,0.8830321893085191,-9.0
v100_s3_p30,100,0.3,h2,2,1.470568863235533,1.4939744268077655,1.9271088340028655,1.708494000005885,True,True,201.0,192.0,True,True,True,0.023405563572232557,-0.21861483399698045,0.8865581278339698,-9.0
v100_s3_p30,100,0.3,h2,3,1.482729517396187,1.4928172999839726,1.9683863749960437,1.7364007089927327,True,True,201.0,192.0,True,True,True,0.010087782587785643,-0.23198566600331105,0.8821442431474983,-9.0
v100_s3_p30,100,0.3,h2,4,1.4675641734808422,1.4801973304473315,1.9006365410168655,1.6917998749995604,True,True,201.0,192.0,True,True,True,0.012633156966489256,-0.2088366660173051,0.890122776495934,-9.0
v100_s3_p30,100,0.3,h3,0,1.4794557078723776,1.4626532387365716,3.5222094999917317,2.876701082990621,True,True,121.0,93.0,True,True,True,-0.016802469135805964,-0.6455084170011105,0.8167319641257496,-28.0
v100_s3_p30,100,0.3,h3,1,1.484629349046018,1.4757819464486175,3.316171458995086,2.769065624990617,True,True,118.0,95.0,True,True,True,-0.008847402597400578,-0.5471058340044692,0.8350188339868708,-23.0
v100_s3_p30,100,0.3,h3,2,1.4833538560205293,1.4837949334616,3.2943992910004454,2.6975628750078613,True,True,118.0,98.0,True,True,True,0.00044107744107080293,-0.5968364159925841,0.8188330061802143,-20.0
v100_s3_p30,100,0.3,h3,3,1.4694212361712407,1.4823759419592764,3.4262503340141848,2.6558064590208232,True,True,121.0,90.0,True,True,True,0.012954705788035703,-0.7704438749933615,0.7751349726712141,-31.0
v100_s3_p30,100,0.3,h3,4,1.4504055635722322,1.4634939073272435,3.287866083002882,2.5788874170102645,True,True,127.0,94.0,True,True,True,0.013088343755011334,-0.7089786659926176,0.78436510244204,-33.0
v100_s3_p30,100,0.3,h4,0,1.4526722382555712,1.4597515231681943,4.19385300000431,4.212285542002064,True,True,187.0,58.0,True,True,True,0.007079284912623107,0.018432541997754015,1.0043951330668326,-129.0
v100_s3_p30,100,0.3,h4,1,1.4389756293089624,1.4605931136764518,4.011785167007474,3.8322506249969592,True,True,122.0,47.0,True,True,True,0.021617484367489448,-0.179534542010515,0.9552482163085428,-75.0
v100_s3_p30,100,0.3,h4,2,1.4510557158890554,1.497405844155846,3.992720875001396,4.14673862500058,True,True,140.0,102.0,True,True,True,0.046350128266790636,0.15401774999918416,1.038574634897094,-38.0
v100_s3_p30,100,0.3,h4,3,1.4684302148468875,1.510128908128912,4.1226289170153905,4.072321708983509,True,True,131.0,89.0,True,True,True,0.04169869328202447,-0.0503072080318816,0.9877972989942782,-42.0
v100_s3_p30,100,0.3,h4,4,1.4723127705627752,1.510417789001131,4.281504916987615,4.064099499984877,True,True,164.0,72.0,True,True,True,0.03810501843835579,-0.21740541700273752,0.949222196116103,-92.0
v100_s3_p30,100,0.3,h2+3,0,1.4862567340067379,1.4531850649350635,3.8770384580129758,3.141839667005115,True,True,121.0,93.0,True,True,True,-0.03307166907167436,-0.7351987910078606,0.8103710347550542,-28.0
v100_s3_p30,100,0.3,h2+3,1,1.4896659451659502,1.4759326599326648,3.653439083995181,3.0648300829925574,True,True,118.0,95.0,True,True,True,-0.01373328523328543,-0.5886090010026237,0.8388890611092504,-23.0
v100_s3_p30,100,0.3,h2+3,2,1.481107744107748,1.4778695687029002,3.621471874997951,3.0163519159978023,True,True,118.0,98.0,True,True,True,-0.0032381754048478317,-0.6051199590001488,0.8329077292639498,-20.0
v100_s3_p30,100,0.3,h2+3,3,1.4725641734808432,1.4875460557960591,3.7581885830149986,2.969589249987621,True,True,121.0,90.0,True,True,True,0.01498188231521591,-0.7885993330273777,0.7901650447794385,-31.0
v100_s3_p30,100,0.3,h2+3,4,1.4511429773929796,1.4694132595799274,3.629822625021916,2.921887667005649,True,True,127.0,94.0,True,True,True,0.018270282186947817,-0.707934958016267,0.8049670655705958,-33.0
v100_s3_p30,100,0.3,h2+3+4,0,1.4484738656405343,1.4626728795895512,4.926165459008189,4.958871165988967,True,True,187.0,60.0,True,True,True,0.014199013949016903,0.032705706980777904,1.0066391815810756,-127.0
v100_s3_p30,100,0.3,h2+3+4,1,1.4778632355299062,1.470394580727919,4.8163537079963135,4.546422875006101,True,True,122.0,49.0,True,True,True,-0.007468654801987107,-0.26993083299021237,0.9439553551596384,-73.0
v100_s3_p30,100,0.3,h2+3+4,2,1.4527328042328085,1.5044254850088226,4.913785833006841,4.941387667000527,True,True,141.0,105.0,True,True,True,0.05169268077601408,0.027601833993685432,1.005617223650302,-36.0
v100_s3_p30,100,0.3,h2+3+4,3,1.4662240660574044,1.5134588744588786,5.026803084008861,4.780773125006817,True,True,132.0,90.0,True,True,True,0.047234808401474204,-0.24602995900204405,0.9510563762116109,-42.0
v100_s3_p30,100,0.3,h2+3+4,4,1.46157142857143,1.5125033269200017,5.189142749994062,4.775496334012132,True,True,165.0,73.0,True,True,True,0.05093189834857159,-0.41364641598192975,0.920286175210269,-92.0
v100_s3_p50,100,0.5,h2,0,2.0472523495023482,1.9416277984081054,0.8671295840031235,0.561974916010513,True,True,143.0,102.0,True,True,True,-0.10562455109424285,-0.3051546679926105,0.648086429500125,-41.0
v100_s3_p50,100,0.5,h2,1,2.1055363662712336,2.059471251812171,0.7950068330101203,0.5126325830060523,True,True,143.0,102.0,True,True,True,-0.046065114459062695,-0.282374250004068,0.6448153169515294,-41.0
v100_s3_p50,100,0.5,h2,2,2.1706865645577795,2.101849955880254,0.8254476659931242,0.5254437920084456,True,True,143.0,102.0,True,True,True,-0.06883660867752539,-0.30000387398467865,0.6365561545034673,-41.0
v100_s3_p50,100,0.5,h2,3,2.0798560280908776,2.1404592234365,0.857349375000922,0.5403398340276908,True,True,143.0,102.0,True,True,True,0.06060319534562231,-0.3170095409732312,0.6302446234676613,-41.0
v100_s3_p50,100,0.5,h2,4,2.0032609393973106,2.142270697596454,0.8609819589764811,0.5080246250145137,True,True,143.0,102.0,True,True,True,0.13900975819914319,-0.3529573339619674,0.5900525785911284,-41.0
v100_s3_p50,100,0.5,h3,0,2.0740454074545034,2.139627137452896,2.505594166010269,1.306836541989469,True,True,85.0,71.0,True,True,True,0.06558172999839273,-1.1987576240208,0.521567522672829,-14.0
v100_s3_p50,100,0.5,h3,1,2.10981730755216,2.1561827053418,2.2362284169939812,1.2200799999991432,True,True,85.0,66.0,True,True,True,0.046365397789640106,-1.016148416994838,0.5455972166024161,-19.0
v100_s3_p50,100,0.5,h3,2,2.0893780719841333,2.1274108969033305,2.2576239999907557,1.2247256669943454,True,True,88.0,66.0,True,True,True,0.03803282491919724,-1.0328983329964103,0.5424843406162232,-22.0
v100_s3_p50,100,0.5,h3,3,2.087342572971371,2.1409615073478796,2.3369080000265967,1.2740039170021191,True,True,88.0,66.0,True,True,True,0.053618934376508776,-1.0629040830244776,0.5451664836560187,-22.0
v100_s3_p50,100,0.5,h3,4,2.060885778363054,2.1473522083976717,2.2716449580038898,1.2400305829942226,True,True,85.0,66.0,True,True,True,0.08646643003461785,-1.0316143750096671,0.5458734115228315,-19.0
v100_s3_p50,100,0.5,h4,0,,2.1380803590349093,2.3097905839968007,1.6116974579927046,True,True,142.0,82.0,False,True,False,,-0.6980931260040961,0.6977677843001099,-60.0
v100_s3_p50,100,0.5,h4,1,,2.1493601746177595,2.1470030000054976,1.4616258750029374,True,True,105.0,89.0,False,True,False,,-0.6853771250025602,0.680774956997822,-16.0
v100_s3_p50,100,0.5,h4,2,,2.1507121287803117,2.1455549170059385,1.487447500010603,True,True,136.0,87.0,False,True,False,,-0.6581074169953354,0.6932693673887845,-49.0
v100_s3_p50,100,0.5,h4,3,,2.1535190998675873,2.1757678750145715,1.5532626250060275,True,True,130.0,85.0,False,True,False,,-0.622505250008544,0.7138916990378052,-45.0
v100_s3_p50,100,0.5,h4,4,,2.2380937782755996,2.0961055000079796,1.5208093749824911,True,True,136.0,87.0,False,True,False,,-0.5752961250254884,0.7255404725462061,-49.0
v100_s3_p50,100,0.5,h2+3,0,2.105296849615039,2.1048213251395156,2.6836717919941293,1.3537885830010055,True,True,85.0,71.0,True,True,True,-0.00047552447552323684,-1.3298832089931238,0.5044538557358608,-14.0
v100_s3_p50,100,0.5,h2+3,1,2.0574735177841346,2.1454840997947184,2.4471723750029923,1.2119931249908404,True,True,85.0,66.0,True,True,True,0.08801058201058387,-1.235179250012152,0.4952626702437986,-19.0
v100_s3_p50,100,0.5,h2+3,2,2.0527307184958734,2.1395028725483387,2.489920375010115,1.1991426250024233,True,True,88.0,66.0,True,True,True,0.0867721540524653,-1.2907777500076918,0.481598784056519,-22.0
v100_s3_p50,100,0.5,h2+3,3,2.08084208384209,2.1536377738423247,2.553020292019937,1.2810995840118267,True,True,88.0,66.0,True,True,True,0.07279569000023489,-1.2719207080081105,0.5017976504206424,-22.0
v100_s3_p50,100,0.5,h2+3,4,2.061043864665087,2.158193009571807,2.497429832990747,1.235742416989524,True,True,85.0,66.0,True,True,True,0.09714914490672033,-1.261687416001223,0.4948056600692102,-19.0
v100_s3_p50,100,0.5,h2+3+4,0,,2.161012740346086,2.96886245800124,2.068106708000414,True,True,142.0,82.0,False,True,False,,-0.9007557500008261,0.6965990298495499,-60.0
v100_s3_p50,100,0.5,h2+3+4,1,,2.138575851757675,2.8046339160064235,1.8549253339879215,True,True,106.0,89.0,False,True,False,,-0.9497085820185021,0.6613787715400619,-17.0
v100_s3_p50,100,0.5,h2+3+4,2,,2.1882080999808378,2.6896306660055416,1.872143792003044,True,True,136.0,87.0,False,True,False,,-0.8174868740024976,0.6960598031786371,-49.0
v100_s3_p50,100,0.5,h2+3+4,3,,2.18826833071531,2.7772611250111368,1.9686377079924569,True,True,130.0,85.0,False,True,False,,-0.8086234170186799,0.7088414158335805,-45.0
v100_s3_p50,100,0.5,h2+3+4,4,2.4955426719744893,2.132970787910189,2.7394083330000285,1.9265263339912053,True,True,137.0,88.0,True,True,True,-0.3625718840643004,-0.8128819990088232,0.7032636612744017,-49.0
v100_s4_p0,100,0.0,h2,0,1.3087023809523788,1.3087023809523788,2.6837075000075856,2.7582668749964796,True,True,284.0,284.0,True,True,True,0.0,0.07455937498889398,1.027782228498703,0.0
v100_s4_p0,100,0.0,h2,1,1.313882395382393,1.313882395382393,2.4977745420037536,2.564148749996093,True,True,284.0,284.0,True,True,True,0.0,0.0663742079923395,1.0265733383362508,0.0
v100_s4_p0,100,0.0,h2,2,1.3123603896103893,1.3123603896103893,2.5025642499967944,2.522424666007282,True,True,284.0,284.0,True,True,True,0.0,0.019860416010487825,1.0079360264219044,0.0
v100_s4_p0,100,0.0,h2,3,1.3049069264069293,1.3049069264069293,2.5857546249753796,2.636360957985744,True,True,284.0,284.0,True,True,True,0.0,0.050606333010364324,1.0195712046771825,0.0
v100_s4_p0,100,0.0,h2,4,1.3155579605579588,1.3155579605579588,2.5409630830108654,2.5744069590000436,True,True,284.0,284.0,True,True,True,0.0,0.033443875989178196,1.0131618897625028,0.0
v100_s4_p0,100,0.0,h3,0,1.3288798701298687,1.3288798701298687,6.661110000000917,6.68005183301284,True,True,130.0,130.0,True,True,True,0.0,0.018941833011922427,1.0028436451300038,0.0
v100_s4_p0,100,0.0,h3,1,1.3181909571909545,1.3181909571909545,5.5522056670015445,5.58862570799829,True,True,161.0,161.0,True,True,True,0.0,0.03642004099674523,1.006559562664114,0.0
v100_s4_p0,100,0.0,h3,2,1.3284620009619996,1.3284620009619996,5.2355238750024,5.220705750005436,True,True,141.0,141.0,True,True,True,0.0,-0.014818124996963888,0.9971696958411909,0.0
v100_s4_p0,100,0.0,h3,3,1.3228679653679618,1.3228679653679618,6.161915999982739,6.156903583003441,True,True,138.0,138.0,True,True,True,0.0,-0.005012416979297996,0.9991865489598832,0.0
v100_s4_p0,100,0.0,h3,4,1.3439336219336235,1.3439336219336235,5.949666624976089,5.972748000000138,True,True,150.0,150.0,True,True,True,0.0,0.02308137502404861,1.0038794400558773,0.0
v100_s4_p0,100,0.0,h4,0,1.337713684463683,1.337713684463683,15.163220750007895,15.287274917005561,True,True,99.0,99.0,True,True,True,0.0,0.12405416699766647,1.0081812544341942,0.0
v100_s4_p0,100,0.0,h4,1,1.3633908128908068,1.3633908128908068,14.454780333006056,14.489666416004184,True,True,49.0,49.0,True,True,True,0.0,0.03488608299812768,1.0024134633798945,0.0
v100_s4_p0,100,0.0,h4,2,1.3425322270322246,1.3425322270322246,13.066325000007055,12.98956933298905,True,True,107.0,107.0,True,True,True,0.0,-0.07675566701800562,0.9941256882085847,0.0
v100_s4_p0,100,0.0,h4,3,1.352680735930734,1.352680735930734,13.348703665978974,13.298355082981288,True,True,78.0,78.0,True,True,True,0.0,-0.0503485829976853,0.9962282043067593,0.0
v100_s4_p0,100,0.0,h4,4,1.348759259259257,1.348759259259257,14.852284833992599,14.790679915982764,True,True,55.0,55.0,True,True,True,0.0,-0.061604918009834364,0.9958521588632048,0.0
v100_s4_p0,100,0.0,h2+3,0,1.3331782106782135,1.3331782106782135,7.156281000003219,7.112830874990323,True,True,130.0,130.0,True,True,True,0.0,-0.043450125012896024,0.9939283931118864,0.0
v100_s4_p0,100,0.0,h2+3,1,1.3223300865800838,1.3223300865800838,6.007771709002554,6.002447749997373,True,True,161.0,161.0,True,True,True,0.0,-0.005323959005181678,0.999113821352898,0.0
v100_s4_p0,100,0.0,h2+3,2,1.3273734968734967,1.3273734968734967,5.544157500000438,5.911932457995135,True,True,141.0,141.0,True,True,True,0.0,0.3677749579946976,1.0663355898519602,0.0
v100_s4_p0,100,0.0,h2+3,3,1.336470177970173,1.336470177970173,6.671918916021241,6.691920082987053,True,True,138.0,138.0,True,True,True,0.0,0.020001166965812445,1.0029978132554616,0.0
v100_s4_p0,100,0.0,h2+3,4,1.343692279942278,1.343692279942278,6.338289334002184,6.457129541988252,True,True,150.0,150.0,True,True,True,0.0,0.11884020798606798,1.0187495713312646,0.0
v100_s4_p0,100,0.0,h2+3+4,0,1.337713684463683,1.337713684463683,17.032127124999533,17.21175633299572,True,True,99.0,99.0,True,True,True,0.0,0.17962920799618587,1.0105464929117707,0.0
v100_s4_p0,100,0.0,h2+3+4,1,1.3578929773929724,1.3578929773929724,16.260109291004483,16.122589749997132,True,True,49.0,49.0,True,True,True,0.0,-0.1375195410073502,0.9915425204993285,0.0
v100_s4_p0,100,0.0,h2+3+4,2,1.3389419191919176,1.3389419191919176,14.697731125008431,14.760378957987996,True,True,107.0,107.0,True,True,True,0.0,0.06264783297956455,1.0042624152290396,0.0
v100_s4_p0,100,0.0,h2+3+4,3,1.3531801346801344,1.3531801346801344,14.987913416989613,14.976136499986751,True,True,78.0,78.0,True,True,True,0.0,-0.01177691700286232,0.9992142390554837,0.0
v100_s4_p0,100,0.0,h2+3+4,4,1.3492781385281356,1.3492781385281356,16.434895082988078,16.33389612499741,True,True,55.0,55.0,True,True,True,0.0,-0.10099895799066871,0.9938546028142757,0.0
v100_s4_p10,100,0.1,h2,0,1.330404000320665,1.3385386002885968,2.5510438329947647,2.457895291998284,True,True,256.0,253.0,True,True,True,0.008134599967931866,-0.09314854099648073,0.9634861072194396,-3.0
v100_s4_p10,100,0.1,h2,1,1.343242384159044,1.3475119849286472,2.2998225839983206,2.2376323339994997,True,True,256.0,253.0,True,True,True,0.0042696007696032545,-0.062190249998820946,0.9729586749727881,-3.0
v100_s4_p10,100,0.1,h2,2,1.3420726310726276,1.3317315215648506,2.31620329200814,2.2436067090020515,True,True,256.0,253.0,True,True,True,-0.010341109507777002,-0.07259658300608862,0.9686570763211602,-3.0
v100_s4_p10,100,0.1,h2,3,1.3423063572230205,1.3409919432419373,2.3779541249969043,2.2817375420127064,True,True,256.0,253.0,True,True,True,-0.001314413981083229,-0.09621658298419788,0.9595380827692279,-3.0
v100_s4_p10,100,0.1,h2,4,1.3510824915824868,1.3414195927529213,2.3021116250019986,2.2847204169956967,True,True,256.0,253.0,True,True,True,-0.009662898829565503,-0.017391208006301895,0.9924455409470917,-3.0
v100_s4_p10,100,0.1,h3,0,1.363182700016028,1.3499121372454663,4.765467291988898,4.5116260000068,True,True,124.0,152.0,True,True,True,-0.0132705627705616,-0.2538412919820985,0.9467331792605471,28.0
v100_s4_p10,100,0.1,h3,1,1.3574178290844856,1.3587527256693888,4.259439125002245,4.567597750006826,True,True,145.0,138.0,True,True,True,0.0013348965849031558,0.30815862500458024,1.0723472306942332,-7.0
v100_s4_p10,100,0.1,h3,2,1.3577951739618377,1.355346240179569,4.421475875002216,4.43753470799129,True,True,147.0,147.0,True,True,True,-0.0024489337822686252,0.01605883298907429,1.0036320073756064,0.0
v100_s4_p10,100,0.1,h3,3,1.362051346801339,1.3693802308802265,4.5466528329998255,4.658551416010596,True,True,137.0,147.0,True,True,True,0.007328884078887432,0.11189858301077038,1.0246112001775471,10.0
v100_s4_p10,100,0.1,h3,4,1.3353934583934526,1.356186588103248,4.35757854199619,4.221475124999415,True,True,148.0,137.0,True,True,True,0.02079312970979541,-0.1361034169967752,0.9687662733591426,-11.0
v100_s4_p10,100,0.1,h4,0,1.3714959114959044,1.3730401234567866,10.617321124998853,9.650450415996602,True,True,84.0,134.0,True,True,True,0.0015442119608821692,-0.9668707090022508,0.9089345892792373,50.0
v100_s4_p10,100,0.1,h4,1,1.3649493346159953,1.3762147667147608,9.462018208010704,9.216464875004021,True,True,84.0,102.0,True,True,True,0.011265432098765515,-0.2455533330066828,0.9740485245738807,18.0
v100_s4_p10,100,0.1,h4,2,1.3650704264870883,1.3797249478916083,9.513346457999432,8.338156958008767,True,True,78.0,130.0,True,True,True,0.014654521404519949,-1.1751894999906654,0.8764693890652442,52.0
v100_s4_p10,100,0.1,h4,3,1.3623672438672392,1.3570339105339064,9.53973695798777,8.397477833001176,True,True,83.0,168.0,True,True,True,-0.005333333333332746,-1.1422591249865945,0.8802630376479968,85.0
v100_s4_p10,100,0.1,h4,4,1.3568594276094277,1.3641523569023546,8.499188750021858,8.667763042001752,True,True,163.0,153.0,True,True,True,0.0072929292929269085,0.16857429197989404,1.0198341626404592,-10.0
v100_s4_p10,100,0.1,h2+3,0,1.3577354096520704,1.3387180936347558,5.248190750004142,5.0421452919981675,True,True,124.0,152.0,True,True,True,-0.0190173160173146,-0.20604545800597407,0.9607397162525368,28.0
v100_s4_p10,100,0.1,h2+3,1,1.3542604216770815,1.3495731120731094,4.60455625000759,5.0035107909934595,True,True,145.0,138.0,True,True,True,-0.004687309603972123,0.39895454098586924,1.086643428665946,-7.0
v100_s4_p10,100,0.1,h2+3,2,1.3634881754048398,1.3626664662497945,4.874308708996978,4.848071041997173,True,True,147.0,147.0,True,True,True,-0.0008217091550453137,-0.026237666999804787,0.9946171511559423,0.0
v100_s4_p10,100,0.1,h2+3,3,1.363182780182775,1.3503041125541115,4.925255167006981,5.02370254098787,True,True,137.0,147.0,True,True,True,-0.01287866762866341,0.0984473739808891,1.0199882789099666,10.0
v100_s4_p10,100,0.1,h2+3,4,1.3471469456469412,1.3688639570306216,4.7269131670182105,4.78959416699945,True,True,148.0,137.0,True,True,True,0.02171701138368043,0.06268099998123944,1.0132604509045338,-11.0
v100_s4_p10,100,0.1,h2+3+4,0,1.3625803671636934,1.3638232724066024,12.065440209000371,11.003773082993575,True,True,87.0,135.0,True,True,True,0.0012429052429090426,-1.061667126006796,0.9120075929583712,48.0
v100_s4_p10,100,0.1,h2+3+4,1,1.3633569424402698,1.380860870610864,10.947464500000933,10.60793037500116,True,True,88.0,103.0,True,True,True,0.017503928170594207,-0.33953412499977276,0.9689851357819207,15.0
v100_s4_p10,100,0.1,h2+3+4,2,1.3622581369247975,1.3822167708834323,10.844898167008068,9.91142345800472,True,True,81.0,131.0,True,True,True,0.01995863395863484,-0.9334747090033488,0.9139249908456375,50.0
v100_s4_p10,100,0.1,h2+3+4,3,1.3691259018758972,1.3621746432579722,11.264178374985931,9.91328483397956,True,True,87.0,169.0,True,True,True,-0.006951258617925005,-1.3508935410063714,0.8800717197442234,82.0
v100_s4_p10,100,0.1,h2+3+4,4,1.352687630270962,1.3674620009619953,9.545938541006763,9.890162791998591,True,True,165.0,156.0,True,True,True,0.014774370691033267,0.34422425099182874,1.0360597598144106,-9.0
v100_s4_p30,100,0.3,h2,0,1.4809975549142222,1.4710375982042607,2.1183154579921393,1.631043250003131,True,True,199.0,181.0,True,True,True,-0.009959956709961526,-0.48727220798900817,0.769971839581026,-18.0
v100_s4_p30,100,0.3,h2,1,1.4678930976430995,1.4564241622574956,1.8910354589897906,1.44210191599268,True,True,199.0,181.0,True,True,True,-0.011468935385603896,-0.44893354299711064,0.7625990877839302,-18.0
v100_s4_p30,100,0.3,h2,2,1.4697127625460966,1.4692933702100366,1.9054629580059554,1.465266667000833,True,True,199.0,181.0,True,True,True,-0.00041939233606003157,-0.4401962910051225,0.7689819740889727,-18.0
v100_s4_p30,100,0.3,h2,3,1.4615012425845706,1.4692565736732415,1.9597110419999808,1.4974250420054886,True,True,199.0,181.0,True,True,True,0.00775533108867088,-0.46228599999449216,0.7641050185017548,-18.0
v100_s4_p30,100,0.3,h2,4,1.467038079204745,1.4687672759339423,1.8885001250018831,1.4590541670040693,True,True,199.0,181.0,True,True,True,0.0017291967291972465,-0.4294459579978138,0.7725994548200597,-18.0
v100_s4_p30,100,0.3,h3,0,1.4728619929453277,1.4783193442360103,3.3303541670029517,2.9009925419959472,True,True,115.0,109.0,True,True,True,0.005457351290682588,-0.4293616250070045,0.87107628694236,-6.0
v100_s4_p30,100,0.3,h3,1,1.4797380952380965,1.5134570707070758,2.9444832500012126,2.5193055420095334,True,True,111.0,102.0,True,True,True,0.033718975468979284,-0.4251777079916792,0.8556019267586242,-9.0
v100_s4_p30,100,0.3,h3,2,1.4820376382876381,1.4816394099727426,2.851265625009546,2.5930159589916,True,True,114.0,103.0,True,True,True,-0.00039822831489555455,-0.25824966601794586,0.9094263039708617,-11.0
v100_s4_p30,100,0.3,h3,3,1.497231240981241,1.5111483886483943,3.128252833004808,2.452466999995522,True,True,125.0,79.0,True,True,True,0.013917147667153351,-0.6757858330092859,0.7839733969456147,-46.0
v100_s4_p30,100,0.3,h3,4,1.5141916386083085,1.5000936347603027,3.0105736250116024,2.577104916999815,True,True,109.0,103.0,True,True,True,-0.014098003848005858,-0.4334687080117874,0.8560179015684705,-6.0
v100_s4_p30,100,0.3,h4,0,1.4841653839987177,1.5075313051146446,4.4170445000054315,4.164872375011328,True,True,67.0,83.0,True,True,True,0.023365921115926946,-0.2521721249941038,0.9429093084767894,16.0
v100_s4_p30,100,0.3,h4,1,1.517692921276255,1.4884569905403284,3.874795499999891,3.7887442500068573,True,True,93.0,67.0,True,True,True,-0.029235930735926674,-0.08605124999303371,0.9777920538017978,-26.0
v100_s4_p30,100,0.3,h4,2,1.4828740179573496,1.5026301106301134,3.9955604169954313,3.642008374998113,True,True,65.0,139.0,True,True,True,0.019756092672763792,-0.35355204199731816,0.9115137790199701,74.0
v100_s4_p30,100,0.3,h4,3,1.4836828603495282,1.4936575276575348,3.8855689160118345,4.152882041991688,True,True,78.0,77.0,True,True,True,0.009974667308006557,0.2673131259798538,1.0687963929498965,-1.0
v100_s4_p30,100,0.3,h4,4,1.4907570546737243,1.476806397306397,4.100191083998652,3.7723356670176145,True,True,79.0,74.0,True,True,True,-0.013950657367327368,-0.3278554169810377,0.9200389908020332,-5.0
v100_s4_p30,100,0.3,h2+3,0,1.4773418710918695,1.4865852573352576,3.5691516250080895,3.2003495410026517,True,True,115.0,109.0,True,True,True,0.009243386243388052,-0.3688020840054378,0.8966695386597363,-6.0
v100_s4_p30,100,0.3,h2+3,1,1.4897086740420127,1.5194865720699096,3.2775300000066636,2.8102260830055457,True,True,111.0,102.0,True,True,True,0.029777898027896876,-0.46730391700111795,0.857421925352272,-9.0
v100_s4_p30,100,0.3,h2+3,2,1.4652254689754678,1.4717987413820732,3.134866083986708,2.9123052499926416,True,True,114.0,103.0,True,True,True,0.006573272406605435,-0.22256083399406634,0.9290046757879276,-11.0
v100_s4_p30,100,0.3,h2+3,3,1.457280623697287,1.5170415664582375,3.4508418749901466,2.7644017080019694,True,True,125.0,79.0,True,True,True,0.05976094276095045,-0.6864401669881772,0.8010803763675386,-46.0
v100_s4_p30,100,0.3,h2+3,4,1.5090220458553805,1.4944126984127002,3.3371103329991456,2.894437208015006,True,True,109.0,103.0,True,True,True,-0.014609347442680276,-0.4426731249841396,0.8673483700533515,-6.0
v100_s4_p30,100,0.3,h2+3+4,0,1.4871854256854256,1.5033367003367029,5.4027119999955175,5.003376374996151,True,True,72.0,85.0,True,True,True,0.016151274651277303,-0.3993356249993667,0.9260860795467725,13.0
v100_s4_p30,100,0.3,h2+3+4,1,1.5289316979316974,1.4957347683181066,4.621726041004877,4.552968542004237,True,True,97.0,69.0,True,True,True,-0.033196929613590775,-0.06875749900063965,0.9851229825414555,-28.0
v100_s4_p30,100,0.3,h2+3+4,2,1.4918239538239533,1.4856983325316673,4.776520082989009,4.177187082997989,True,True,69.0,139.0,True,True,True,-0.006125621292285999,-0.5993329999910202,0.8745251795076773,70.0
v100_s4_p30,100,0.3,h2+3+4,3,1.4864105339105373,1.4759717813051176,4.667614040983608,4.996291792020202,True,True,80.0,79.0,True,True,True,-0.01043875260541971,0.3286777510365937,1.0704166514520406,-1.0
v100_s4_p30,100,0.3,h2+3+4,4,1.4894669713003055,1.481026174442844,4.961024124990217,4.592861167009687,True,True,84.0,76.0,True,True,True,-0.008440796857461574,-0.36816295798053034,0.9257889200485885,-8.0
v100_s4_p50,100,0.5,h2,0,1.8516887415334393,1.8500672184157065,1.2436765830061631,0.6349557089997688,True,True,142.0,93.0,True,True,True,-0.0016215231177327816,-0.6087208740063943,0.5105472899272417,-49.0
v100_s4_p50,100,0.5,h2,1,1.8496991152786562,1.7286239457792574,1.1887894999963464,0.5951029999996535,True,True,142.0,93.0,True,True,True,-0.12107516949939878,-0.5936864999966929,0.500595774105914,-49.0
v100_s4_p50,100,0.5,h2,2,1.8511003295245796,1.723847491733856,1.0211944170005154,0.5755469580035424,True,True,142.0,93.0,True,True,True,-0.1272528377907236,-0.445647458996973,0.5636017475438783,-49.0
v100_s4_p50,100,0.5,h2,3,1.7753243224228124,1.7717678874156142,1.0760307919990737,0.6001113329839427,True,True,142.0,93.0,True,True,True,-0.0035564350071981554,-0.475919459015131,0.5577083271651015,-49.0
v100_s4_p50,100,0.5,h2,4,1.7855333401166729,1.7161255090308196,1.0625924170017242,0.5844519170059357,True,True,142.0,93.0,True,True,True,-0.06940783108585324,-0.47814049999578856,0.5500245509515878,-49.0
v100_s4_p50,100,0.5,h3,0,1.7492731402996577,1.869482005508531,1.5987093330040807,1.0343136250012321,True,True,142.0,58.0,True,True,True,0.1202088652088733,-0.5643957080028486,0.6469679032008203,-84.0
v100_s4_p50,100,0.5,h3,1,1.796387120875769,1.8644870958166497,1.4193136669928208,0.9722693340008846,True,True,142.0,58.0,True,True,True,0.06809997494088083,-0.44704433299193624,0.6850278107029618,-84.0
v100_s4_p50,100,0.5,h3,2,1.745999663215579,1.852972642116587,1.416858124997816,0.9674199589935597,True,True,142.0,58.0,True,True,True,0.1069729789010081,-0.44943816600425635,0.6827923995530963,-84.0
v100_s4_p50,100,0.5,h3,3,1.778720728906342,1.8187516366910392,1.4679598750080913,0.984478541999124,True,True,142.0,58.0,True,True,True,0.0400309077846972,-0.48348133300896734,0.6706440405897999,-84.0
v100_s4_p50,100,0.5,h3,4,1.7187987566586107,1.8303118562133842,1.4152778330026194,0.983895291981753,True,True,142.0,58.0,True,True,True,0.11151309955477351,-0.4313825410208665,0.6951958612213578,-84.0
v100_s4_p50,100,0.5,h4,0,1.8414621873637123,1.8215094024942513,2.164514959004009,1.4199073749914533,True,True,97.0,72.0,True,True,True,-0.01995278486946095,-0.7446075840125559,0.6559933296302173,-25.0
v100_s4_p50,100,0.5,h4,1,1.7561526516412906,1.7936440534773879,1.9513720830000238,1.2603798329946585,True,True,93.0,63.0,True,True,True,0.03749140183609723,-0.6909922500053653,0.6458941603064038,-30.0
v100_s4_p50,100,0.5,h4,2,2.098131205354695,1.8262056976413048,1.9804034170083469,1.3265753330051666,True,True,107.0,57.0,True,True,True,-0.2719255077133902,-0.6538280840031803,0.6698510624714679,-50.0
v100_s4_p50,100,0.5,h4,3,1.8545008145614212,1.9108932285447482,2.0364024590235204,1.4892521250003483,True,True,101.0,80.0,True,True,True,0.05639241398332695,-0.547150334023172,0.731315226222258,-21.0
v100_s4_p50,100,0.5,h4,4,1.7928782663744869,1.923448711782049,2.011528582981555,1.4527177910204045,True,True,110.0,80.0,True,True,True,0.13057044540756202,-0.5588107919611502,0.7221959475550369,-30.0
v100_s4_p50,100,0.5,h2+3,0,1.8087536991627988,1.861452561327566,1.674173499995959,1.2121335840056418,True,True,142.0,59.0,True,True,True,0.05269886216476727,-0.46203991599031724,0.72401909599487,-83.0
v100_s4_p50,100,0.5,h2+3,1,1.7622473247852126,1.8568618443845766,1.506183500008774,1.0783698330051266,True,True,142.0,59.0,True,True,True,0.09461451959936396,-0.4278136670036474,0.7159617888516537,-83.0
v100_s4_p50,100,0.5,h2+3,2,1.7799601041495037,1.8781064398564418,1.4434950410068268,1.0936504999990575,True,True,142.0,59.0,True,True,True,0.09814633570693809,-0.3498445410077693,0.7576406353542057,-83.0
v100_s4_p50,100,0.5,h2+3,3,1.7273004240428547,1.878429334974794,1.5240375840221532,1.118782416015165,True,True,142.0,59.0,True,True,True,0.15112891093193936,-0.40525516800698824,0.734091093122873,-83.0
v100_s4_p50,100,0.5,h2+3,4,1.7570877129324118,1.8457889758950425,1.4678136669972446,1.079896084003849,True,True,142.0,59.0,True,True,True,0.0887012629626307,-0.3879175829933956,0.7357174199181756,-83.0
v100_s4_p50,100,0.5,h2+3+4,0,1.803971697634577,1.8327190018174888,2.7259074590110686,1.9812617499992484,True,True,97.0,65.0,True,True,True,0.028747304182911826,-0.7446457090118201,0.7268264898170937,-32.0
v100_s4_p50,100,0.5,h2+3+4,1,1.7496255129550606,1.8096436136814935,2.44836983300047,1.6173086250055349,True,True,93.0,65.0,True,True,True,0.06001810072643288,-0.8310612079949351,0.6605654926827488,-28.0
v100_s4_p50,100,0.5,h2+3+4,2,1.911298940677732,1.8063713201781428,2.494391208005254,1.707645832997514,True,True,107.0,59.0,True,True,True,-0.10492762049958926,-0.7867453750077402,0.6845942318579231,-48.0
v100_s4_p50,100,0.5,h2+3+4,3,1.815299939538584,1.7925274743494484,2.635568500001682,1.6374789160036016,True,True,101.0,57.0,True,True,True,-0.02277246518913567,-0.9980895839980803,0.6213000785229283,-44.0
v100_s4_p50,100,0.5,h2+3+4,4,1.8109263340475514,1.8372378115711436,2.5960611659975257,1.7276648329861928,True,True,110.0,65.0,True,True,True,0.026311477523592197,-0.8683963330113329,0.6654946561408713,-45.0
v100_s5_p0,100,0.0,h2,0,1.3229479316979327,1.3229479316979327,2.6981197080021957,2.811983167004655,True,True,283.0,283.0,True,True,True,0.0,0.11386345900245942,1.0422010404745048,0.0
v100_s5_p0,100,0.0,h2,1,1.3090364357864392,1.3090364357864392,2.465960832996643,2.5457442499900935,True,True,283.0,283.0,True,True,True,0.0,0.07978341699345037,1.0323538865361852,0.0
v100_s5_p0,100,0.0,h2,2,1.3192423440756809,1.3192423440756809,2.4651399589929497,2.510920917004114,True,True,283.0,283.0,True,True,True,0.0,0.04578095801116433,1.018571342306206,0.0
v100_s5_p0,100,0.0,h2,3,1.316264470097805,1.316264470097805,2.5690460829937365,2.635630917007802,True,True,283.0,283.0,True,True,True,0.0,0.06658483401406556,1.0259181158542994,0.0
v100_s5_p0,100,0.0,h2,4,1.3167172919672914,1.3167172919672914,2.491201708005974,2.565105207992019,True,True,283.0,283.0,True,True,True,0.0,0.07390349998604506,1.029665803354478,0.0
v100_s5_p0,100,0.0,h3,0,1.3422793009459673,1.3422793009459673,5.742331292000017,5.753077250003116,True,True,138.0,138.0,True,True,True,0.0,0.010745958003099076,1.0018713580698608,0.0
v100_s5_p0,100,0.0,h3,1,1.3468537357704014,1.3468537357704014,5.390248292009346,5.413995250011794,True,True,142.0,142.0,True,True,True,0.0,0.023746958002448082,1.0044055406571255,0.0
v100_s5_p0,100,0.0,h3,2,1.32937189353856,1.32937189353856,5.274724040995352,5.328418624994811,True,True,139.0,139.0,True,True,True,0.0,0.0536945839994587,1.0101796005975179,0.0
v100_s5_p0,100,0.0,h3,3,1.3254390331890362,1.3254390331890362,5.42556491700816,5.4431006249797065,True,True,162.0,162.0,True,True,True,0.0,0.0175357079715468,1.0032320520056033,0.0
v100_s5_p0,100,0.0,h3,4,1.3399059644059674,1.3399059644059674,5.413681291975081,5.430921833991306,True,True,157.0,157.0,True,True,True,0.0,0.017240542016224936,1.0031846244886602,0.0
v100_s5_p0,100,0.0,h4,0,1.3357776174442861,1.3357776174442861,13.241668250004295,13.170447791009792,True,True,131.0,131.0,True,True,True,0.0,-0.07122045899450313,0.9946214889506478,0.0
v100_s5_p0,100,0.0,h4,1,1.3313137726471083,1.3313137726471083,12.935943125004997,12.936153750008089,True,True,129.0,129.0,True,True,True,0.0,0.00021062500309199095,1.00001628215284,0.0
v100_s5_p0,100,0.0,h4,2,1.3487086740420093,1.3487086740420093,13.392885250010295,13.216385457999422,True,True,73.0,73.0,True,True,True,0.0,-0.17649979201087262,0.9868213765207361,0.0
v100_s5_p0,100,0.0,h4,3,1.3509658088824765,1.3509658088824765,13.81177033399581,13.828006958996411,True,True,82.0,82.0,True,True,True,0.0,0.016236625000601634,1.0011755643634355,0.0
v100_s5_p0,100,0.0,h4,4,1.337385922719258,1.337385922719258,13.134937416005414,13.001666374999331,True,True,78.0,78.0,True,True,True,0.0,-0.13327104100608267,0.9898536980584554,0.0
v100_s5_p0,100,0.0,h2+3,0,1.3340590428090418,1.3340590428090418,6.211735083008534,6.239079459002824,True,True,138.0,138.0,True,True,True,0.0,0.027344375994289294,1.0044020512190042,0.0
v100_s5_p0,100,0.0,h2+3,1,1.3417180535513844,1.3417180535513844,5.916556500000297,5.956423541996628,True,True,142.0,142.0,True,True,True,0.0,0.039867041996330954,1.0067382170687171,0.0
v100_s5_p0,100,0.0,h2+3,2,1.3406906766073472,1.3406906766073472,5.6688789170002565,5.772878874995513,True,True,139.0,139.0,True,True,True,0.0,0.10399995799525641,1.0183457716275035,0.0
v100_s5_p0,100,0.0,h2+3,3,1.3337017396184097,1.3337017396184097,5.8778957500180695,5.9129008339950815,True,True,162.0,162.0,True,True,True,0.0,0.035005083977011964,1.0059553767990703,0.0
v100_s5_p0,100,0.0,h2+3,4,1.3381257415424106,1.3381257415424106,5.8601655419915915,5.88404270799947,True,True,157.0,157.0,True,True,True,0.0,0.02387716600787826,1.004074486605674,0.0
v100_s5_p0,100,0.0,h2+3+4,0,1.337719656886327,1.337719656886327,14.960025208012667,14.856870500007062,True,True,131.0,131.0,True,True,True,0.0,-0.10315470800560433,0.9931046434366733,0.0
v100_s5_p0,100,0.0,h2+3+4,1,1.332210718294053,1.332210718294053,14.51929970899073,14.517123375000665,True,True,129.0,129.0,True,True,True,0.0,-0.0021763339900644496,0.9998501075097501,0.0
v100_s5_p0,100,0.0,h2+3+4,2,1.3424023969857335,1.3424023969857335,14.684243832991342,15.039576333001605,True,True,73.0,73.0,True,True,True,0.0,0.3553325000102632,1.0241982157237086,0.0
v100_s5_p0,100,0.0,h2+3+4,3,1.3504429212762532,1.3504429212762532,15.62376741701155,15.499099832988577,True,True,82.0,82.0,True,True,True,0.0,-0.12466758402297273,0.9920206451686402,0.0
v100_s5_p0,100,0.0,h2+3+4,4,1.344290404040406,1.344290404040406,14.717936875007581,14.712386250001146,True,True,78.0,78.0,True,True,True,0.0,-0.005550625006435439,0.9996228666386074,0.0
v100_s5_p10,100,0.1,h2,0,1.3324772727272736,1.359058601891935,2.5271885840047617,2.389414333010791,True,True,255.0,250.0,True,True,True,0.026581329164661494,-0.13777425099397078,0.9454831935115645,-5.0
v100_s5_p10,100,0.1,h2,1,1.3528890492223888,1.3508884078884102,2.3127059580001514,2.1800601660070242,True,True,255.0,250.0,True,True,True,-0.0020006413339785922,-0.1326457919931272,0.9426447657410677,-5.0
v100_s5_p10,100,0.1,h2,2,1.3536827400994083,1.3571972101972107,2.3129973750037607,2.1883523330034222,True,True,255.0,250.0,True,True,True,0.00351447009780248,-0.12464504200033844,0.9461110317947785,-5.0
v100_s5_p10,100,0.1,h2,3,1.356444524611191,1.3585859387526091,2.3501723340013996,2.252866750000976,True,True,255.0,250.0,True,True,True,0.0021414141414182186,-0.09730558400042355,0.9585964047858775,-5.0
v100_s5_p10,100,0.1,h2,4,1.354328162578163,1.3563791887125232,2.3142912499897648,2.218575165985385,True,True,255.0,250.0,True,True,True,0.0020510261343602565,-0.09571608400437981,0.9586412971985254,-5.0
v100_s5_p10,100,0.1,h3,0,1.3766349607182917,1.3837122815456153,4.739919833999011,4.781516542003374,True,True,131.0,141.0,True,True,True,0.007077320827323597,0.04159670800436288,1.0087758252167038,10.0
v100_s5_p10,100,0.1,h3,1,1.3670891053391039,1.372154641654643,4.697756958994432,4.40390954099712,True,True,106.0,137.0,True,True,True,0.0050655363155391875,-0.29384741799731273,0.9374494209550995,31.0
v100_s5_p10,100,0.1,h3,2,1.377787958954626,1.3761897947731296,4.373807500000112,4.454558042009012,True,True,103.0,143.0,True,True,True,-0.0015981641814963865,0.08075054200890008,1.018462299040115,40.0
v100_s5_p10,100,0.1,h3,3,1.377534672118003,1.3609027176527215,4.642181084025651,4.378281582990894,True,True,132.0,143.0,True,True,True,-0.01663195446528154,-0.2638995010347571,0.9431518296554889,11.0
v100_s5_p10,100,0.1,h3,4,1.3633071989738679,1.360447250280585,4.638546625006711,4.443239958025515,True,True,140.0,142.0,True,True,True,-0.0028599486932827656,-0.19530666698119603,0.957894857426185,2.0
v100_s5_p10,100,0.1,h4,0,1.3732956950456958,1.379794652877985,8.894579207990319,8.87422791699646,True,True,71.0,146.0,True,True,True,0.006498957832289154,-0.02035129099385813,0.997711944486865,75.0
v100_s5_p10,100,0.1,h4,1,1.3630658168991496,1.362882275132274,7.9743956250022165,8.017910624999786,True,True,102.0,122.0,True,True,True,-0.00018354176687562784,0.04351499999756925,1.0054568398714927,20.0
v100_s5_p10,100,0.1,h4,2,1.3766745230078572,1.3865034070867375,7.9795215419871965,8.581452874990646,True,True,128.0,118.0,True,True,True,0.009828884078880273,0.6019313330034493,1.0754345144425221,-10.0
v100_s5_p10,100,0.1,h4,3,1.3616437389770704,1.3685429292929308,8.331710500002373,8.503161082975566,True,True,141.0,145.0,True,True,True,0.006899190315860393,0.17145058297319338,1.020578077331557,4.0
v100_s5_p10,100,0.1,h4,4,1.3900642536475862,1.3744508177008146,9.215113042009762,8.083846875000745,True,True,74.0,134.0,True,True,True,-0.01561343594677167,-1.1312661670090165,0.8772379501095849,60.0
v100_s5_p10,100,0.1,h2+3,0,1.3846120731120717,1.3705765993266017,5.2699900419975165,5.3249516659998335,True,True,131.0,141.0,True,True,True,-0.014035473785469987,0.05496162400231697,1.0104291703711616,10.0
v100_s5_p10,100,0.1,h2+3,1,1.3596546015712678,1.3671995350328698,5.136590458001592,4.8602148330101045,True,True,106.0,137.0,True,True,True,0.00754493346160201,-0.2763756249914877,0.9461947322350841,31.0
v100_s5_p10,100,0.1,h2+3,2,1.377952340869007,1.383428491261826,4.822419999996782,4.8517539169988595,True,True,103.0,143.0,True,True,True,0.0054761503928189015,0.029333917002077214,1.006082820866307,40.0
v100_s5_p10,100,0.1,h2+3,3,1.3817198573031886,1.369411014911016,5.094426416995702,4.8351944999885745,True,True,132.0,143.0,True,True,True,-0.01230884239217267,-0.2592319170071278,0.9491146017651183,11.0
v100_s5_p10,100,0.1,h2+3,4,1.358009018759016,1.3599458874458905,5.0520220839825924,4.948043542011874,True,True,140.0,142.0,True,True,True,0.0019368686868745932,-0.10397854197071865,0.9794184308298292,2.0
v100_s5_p10,100,0.1,h2+3+4,0,1.3956127144460515,1.3743502485169155,10.186062666994985,10.027694457996404,True,True,74.0,147.0,True,True,True,-0.021262465929136054,-0.1583682089985814,0.98445246076173,73.0
v100_s5_p10,100,0.1,h2+3+4,1,1.3723338945005588,1.3661777296777295,9.13986012499663,9.171653583005536,True,True,104.0,124.0,True,True,True,-0.006156164822829213,0.03179345800890587,1.0034785497342518,20.0
v100_s5_p10,100,0.1,h2+3+4,2,1.3709406365239711,1.3817632675965978,9.35681912500877,9.92303783299576,True,True,131.0,120.0,True,True,True,0.01082263107262671,0.5662187079869909,1.0605140166142155,-11.0
v100_s5_p10,100,0.1,h2+3+4,3,1.3650343113676398,1.355279381112715,9.574378582998179,9.734984750015428,True,True,143.0,148.0,True,True,True,-0.009754930254924687,0.1606061670172494,1.0167745786971958,5.0
v100_s5_p10,100,0.1,h2+3+4,4,1.3906955667788994,1.3638082010581978,10.43483624997316,9.207543541997438,True,True,77.0,135.0,True,True,True,-0.026887365720701606,-1.227292707975721,0.8823850534330255,58.0
v100_s5_p30,100,0.3,h2,0,1.4926891534391513,1.5247656325156316,2.1138362920028158,1.7248516249965178,True,True,198.0,184.0,True,True,True,0.03207647907648026,-0.38898466700629797,0.8159816498193703,-14.0
v100_s5_p30,100,0.3,h2,1,1.5081356020522652,1.5130981240981234,1.9089572500088252,1.5532866669964278,True,True,198.0,184.0,True,True,True,0.004962522045858231,-0.3556705830123974,0.8136833168942086,-14.0
v100_s5_p30,100,0.3,h2,2,1.515283229116558,1.5257339265672591,1.920058457995765,1.5785530419962015,True,True,198.0,184.0,True,True,True,0.01045069745070104,-0.3415054159995634,0.8221380111749094,-14.0
v100_s5_p30,100,0.3,h2,3,1.4936145983645956,1.5145856982523627,1.9448907499900088,1.6082292920036707,True,True,198.0,184.0,True,True,True,0.02097109988776702,-0.33666145798633806,0.8268995531044263,-14.0
v100_s5_p30,100,0.3,h2,4,1.5204312169312144,1.5231290283790313,1.9347816669906024,1.6108626250061207,True,True,198.0,184.0,True,True,True,0.002697811447816889,-0.32391904198448174,0.8325810878245958,-14.0
v100_s5_p30,100,0.3,h3,0,1.5305527898027897,1.5066597723264412,3.555207875004271,3.2718352079973556,True,True,111.0,119.0,True,True,True,-0.023893017476348533,-0.28337266700691544,0.9202936433058573,8.0
v100_s5_p30,100,0.3,h3,1,1.506103054353055,1.5083641574474895,2.6913294170080917,2.724829166996642,True,True,119.0,117.0,True,True,True,0.0022611030944346133,0.03349974998855032,1.0124472871202037,-2.0
v100_s5_p30,100,0.3,h3,2,1.5137067500400827,1.5315610469777143,2.707772791996831,2.957199333992321,True,True,116.0,112.0,True,True,True,0.01785429693763163,0.24942654199548997,1.0921150189309465,-4.0
v100_s5_p30,100,0.3,h3,3,1.5034051627384948,1.5389511784511756,2.951235332991928,2.673520959011512,True,True,108.0,103.0,True,True,True,0.03554601571268079,-0.277714373980416,0.9058989397165856,-5.0
v100_s5_p30,100,0.3,h3,4,1.5024235610068921,1.5445388808722147,3.0249947090051137,2.640045625012135,True,True,123.0,106.0,True,True,True,0.042115319865322576,-0.38494908399297856,0.8727438818828268,-17.0
v100_s5_p30,100,0.3,h4,0,1.5172065897065903,1.5621297097963827,4.28128745900176,4.265759000001708,True,True,112.0,162.0,True,True,True,0.04492312008979238,-0.015528459000051953,0.9963729464211981,50.0
v100_s5_p30,100,0.3,h4,1,1.5435345919512642,1.557054152637489,4.022073999993154,3.650894167003571,True,True,191.0,75.0,True,True,True,0.01351956068622484,-0.3711798329895828,0.9077143202760032,-116.0
v100_s5_p30,100,0.3,h4,2,1.5229048420715157,1.5346223344556726,4.092634917004034,3.731159667004249,True,True,89.0,119.0,True,True,True,0.01171749238415698,-0.36147524999978486,0.9116766441839385,30.0
v100_s5_p30,100,0.3,h4,3,1.5270541125541206,1.5334402356902375,4.146495833003428,3.9333490419958252,True,True,123.0,161.0,True,True,True,0.006386123136116861,-0.2131467910076026,0.9485959230174328,38.0
v100_s5_p30,100,0.3,h4,4,1.5320564774731469,1.5351915183581863,4.095600166008808,3.9075398750137538,True,True,128.0,152.0,True,True,True,0.003135040885039464,-0.18806029099505395,0.9540823607353449,24.0
v100_s5_p30,100,0.3,h2+3,0,1.5107029822029812,1.5314385922719262,3.8896805419935845,3.6870090419979533,True,True,111.0,119.0,True,True,True,0.020735610068945087,-0.20267149999563117,0.9478950783213278,8.0
v100_s5_p30,100,0.3,h2+3,1,1.5070569584736238,1.513719616802951,3.02150395901117,3.082102500004112,True,True,119.0,117.0,True,True,True,0.00666265832932722,0.06059854099294171,1.0200557542915725,-2.0
v100_s5_p30,100,0.3,h2+3,2,1.4995759980759984,1.5211954866121544,2.9967172499891603,3.23759095800051,True,True,116.0,112.0,True,True,True,0.02161948853615603,0.24087370801134966,1.080379190933753,-4.0
v100_s5_p30,100,0.3,h2+3,3,1.510238335738336,1.5233573833573812,3.2400958749931306,3.007939292001538,True,True,108.0,103.0,True,True,True,0.013119047619045254,-0.23215658299159259,0.9283488538770215,-5.0
v100_s5_p30,100,0.3,h2+3,4,1.4863208273208253,1.5491566859066908,3.351630833989475,2.960844499990344,True,True,123.0,106.0,True,True,True,0.06283585858586549,-0.3907863339991309,0.8834041237369885,-17.0
v100_s5_p30,100,0.3,h2+3+4,0,1.529345799262469,1.5628593073593136,5.0894973749964265,5.274116458997014,True,True,113.0,162.0,True,True,True,0.0335135080968445,0.18461908400058746,1.0362745219022178,49.0
v100_s5_p30,100,0.3,h2+3+4,1,1.568818261984932,1.5445258537758573,4.87249791600334,4.463292291999096,True,True,192.0,77.0,True,True,True,-0.024292408209074745,-0.4092056240042439,0.9160172808570651,-115.0
v100_s5_p30,100,0.3,h2+3+4,2,1.538210237293578,1.5215014430014457,5.0083130419952795,4.475107916994602,True,True,89.0,121.0,True,True,True,-0.016708794292132234,-0.5332051250006771,0.8935359829687779,32.0
v100_s5_p30,100,0.3,h2+3+4,3,1.5297744508577902,1.5311281064614426,4.904076667007757,4.7108959579782095,True,True,124.0,162.0,True,True,True,0.001353655603652415,-0.19318070902954787,0.9606081384638266,38.0
v100_s5_p30,100,0.3,h2+3+4,4,1.541123176206513,1.5298998717332064,4.947636791999685,4.742586790991481,True,True,129.0,153.0,True,True,True,-0.01122330447330655,-0.20505000100820325,0.9585559713397377,24.0
v100_s5_p50,100,0.5,h2,0,1.8247437004634064,1.8434985471879557,1.0333358330099145,0.5929897089954466,True,True,141.0,88.0,True,True,True,0.0187548467245493,-0.44034612401446793,0.5738596205148312,-53.0
v100_s5_p50,100,0.5,h2,1,1.8381403007766692,1.9146180116180116,0.9925007080018986,0.5440670840034727,True,True,141.0,88.0,True,True,True,0.07647771084134236,-0.4484336239984259,0.5481780311258296,-53.0
v100_s5_p50,100,0.5,h2,2,1.8785128311643498,1.8798491399173218,0.9551780839974526,0.5797034169954713,True,True,141.0,88.0,True,True,True,0.0013363087529720818,-0.3754746670019813,0.6069061117581267,-53.0
v100_s5_p50,100,0.5,h2,3,1.8904247848111573,1.840924364916791,1.0171922500012442,0.5734032079926692,True,True,141.0,88.0,True,True,True,-0.049500419894366265,-0.44378904200857505,0.5637117349173353,-53.0
v100_s5_p50,100,0.5,h2,4,1.8558997688618937,1.8907204378113402,0.9946626250166446,0.5678315419936553,True,True,141.0,88.0,True,True,True,0.034820668949446576,-0.42683108302298933,0.570878534803852,-53.0
v100_s5_p50,100,0.5,h3,0,1.7815543485695013,2.050896857351413,2.5757222499960335,1.153980415998376,True,True,108.0,60.0,True,True,True,0.26934250878191146,-1.4217418339976575,0.44802207070275263,-48.0
v100_s5_p50,100,0.5,h3,1,1.8051962493174643,2.0190590896197023,2.346846166998148,0.9754940830025589,True,True,104.0,56.0,True,True,True,0.213862840302238,-1.371352083995589,0.4156617066427979,-48.0
v100_s5_p50,100,0.5,h3,2,1.7964045687757906,1.9717594907898066,2.4444450000009965,1.021066166998935,True,True,108.0,56.0,True,True,True,0.17535492201401603,-1.4233788330020616,0.4177087915655777,-52.0
v100_s5_p50,100,0.5,h3,3,1.7930067609158593,1.975042156216409,2.4465238330012653,1.0061395420052577,True,True,104.0,56.0,True,True,True,0.1820353953005498,-1.4403842909960076,0.41125270411569187,-48.0
v100_s5_p50,100,0.5,h3,4,1.7509307583550056,2.014747627232484,2.386434374988312,0.9757616659917403,True,True,108.0,56.0,True,True,True,0.26381686887747846,-1.4106727089965716,0.408878482567332,-52.0
v100_s5_p50,100,0.5,h4,0,1.860350572827849,1.886687329225209,2.017883458000142,1.2661640830046963,True,True,99.0,60.0,True,True,True,0.026336756397359995,-0.7517193749954458,0.6274713626224727,-39.0
v100_s5_p50,100,0.5,h4,1,1.867770825975373,1.8614484721227156,1.9081014169933042,1.157749625010183,True,True,126.0,61.0,True,True,True,-0.006322353852657336,-0.7503517919831211,0.6067547640284813,-65.0
v100_s5_p50,100,0.5,h4,2,1.8523423952590665,1.9259770602573694,1.8061121670034481,1.2115001670026686,True,True,105.0,71.0,True,True,True,0.07363466499830285,-0.5946120000007795,0.670777922399299,-34.0
v100_s5_p50,100,0.5,h4,3,1.9341145479100041,1.893581959006205,1.9720137919939589,1.1778395829896908,True,True,84.0,55.0,True,True,True,-0.04053258890379907,-0.794174209004268,0.5972775584894586,-29.0
v100_s5_p50,100,0.5,h4,4,1.9052427760230775,1.989991969310154,1.97126170899719,1.383536625013221,True,True,90.0,67.0,True,True,True,0.08474919328707653,-0.5877250839839689,0.7018533453465429,-23.0
v100_s5_p50,100,0.5,h2+3,0,1.800642798839773,2.00272153519882,2.7885620830056723,1.2707591670041438,True,True,108.0,60.0,True,True,True,0.20207873635904705,-1.5178029160015285,0.45570409737281037,-48.0
v100_s5_p50,100,0.5,h2+3,1,1.767060722106187,1.9581043804680247,2.5515678329975344,1.0734200420120033,True,True,104.0,56.0,True,True,True,0.1910436583618378,-1.4781477909855312,0.42069038029491435,-48.0
v100_s5_p50,100,0.5,h2+3,2,1.8004529813620782,1.9552491837567691,2.5539001669967547,1.1253537500015227,True,True,108.0,56.0,True,True,True,0.15479620239469094,-1.428546416995232,0.4406412453173048,-52.0
v100_s5_p50,100,0.5,h2+3,3,1.8117115163175803,2.010987629093698,2.6459470839763526,1.096655750006903,True,True,104.0,56.0,True,True,True,0.1992761127761178,-1.5492913339694496,0.41446624410902394,-48.0
v100_s5_p50,100,0.5,h2+3,4,1.7860707208055726,1.9584529454832569,2.573871667002095,1.066090542008169,True,True,108.0,56.0,True,True,True,0.17238222467768427,-1.507781124993926,0.4141972405523594,-52.0
v100_s5_p50,100,0.5,h2+3+4,0,1.8718933272115144,1.8626889283556018,2.4603392089920817,1.6032041669968748,True,True,99.0,62.0,True,True,True,-0.00920439885591251,-0.8571350419952068,0.651619159316513,-37.0
v100_s5_p50,100,0.5,h2+3+4,1,1.9247215178200099,1.8518854689081998,2.4058216249977704,1.4830382910004118,True,True,126.0,63.0,True,True,True,-0.07283604891181006,-0.9227833339973586,0.6164373433137572,-63.0
v100_s5_p50,100,0.5,h2+3+4,2,1.8453963766312294,1.9312305612457181,2.2467349999933504,1.520343333002529,True,True,105.0,72.0,True,True,True,0.08583418461448877,-0.7263916669908212,0.6766901005267772,-33.0
v100_s5_p50,100,0.5,h2+3+4,3,1.940784288943383,1.858233446687994,2.4706407080229837,1.5082910830096807,True,True,84.0,57.0,True,True,True,-0.08255084225538911,-0.962349625013303,0.6104858056097606,-27.0
v100_s5_p50,100,0.5,h2+3+4,4,1.8111300747512922,1.9646731315822308,2.489790166990133,1.783587375015486,True,True,90.0,68.0,True,True,True,0.1535430568309386,-0.706202791974647,0.7163605185137493,-22.0
v100_s6_p0,100,0.0,h2,0,1.3199858104858064,1.3199858104858064,2.677744583997992,2.7443655420065625,True,True,284.0,284.0,True,True,True,0.0,0.0666209580085706,1.024879504343578,0.0
v100_s6_p0,100,0.0,h2,1,1.3162058682058664,1.3162058682058664,2.510062041998026,2.5355088750075083,True,True,284.0,284.0,True,True,True,0.0,0.02544683300948236,1.0101379298932494,0.0
v100_s6_p0,100,0.0,h2,2,1.3173330928330904,1.3173330928330904,2.4863070839928696,2.5550622079899767,True,True,284.0,284.0,True,True,True,0.0,0.06875512399710715,1.027653512488365,0.0
v100_s6_p0,100,0.0,h2,3,1.316533670033669,1.316533670033669,2.5631226660043467,2.601299999980256,True,True,284.0,284.0,True,True,True,0.0,0.03817733397590928,1.0148948524712724,0.0
v100_s6_p0,100,0.0,h2,4,1.3252550505050473,1.3252550505050473,2.5355276670015883,2.5755844590021297,True,True,284.0,284.0,True,True,True,0.0,0.040056792000541463,1.0157982074192513,0.0
v100_s6_p0,100,0.0,h3,0,1.3500465367965329,1.3500465367965329,6.200493917000131,6.196982124994975,True,True,147.0,147.0,True,True,True,0.0,-0.003511792005156167,0.9994336270542049,0.0
v100_s6_p0,100,0.0,h3,1,1.3372307599807574,1.3372307599807574,5.878804791995208,5.858665166990249,True,True,161.0,161.0,True,True,True,0.0,-0.02013962500495836,0.9965741973551526,0.0
v100_s6_p0,100,0.0,h3,2,1.3211065416065395,1.3211065416065395,5.308088833000511,5.273635082994588,True,True,147.0,147.0,True,True,True,0.0,-0.03445375000592321,0.9935091986796221,0.0
v100_s6_p0,100,0.0,h3,3,1.3248409090909066,1.3248409090909066,5.747314042004291,5.660468249989208,True,True,155.0,155.0,True,True,True,0.0,-0.08684579201508313,0.9848893254517902,0.0
v100_s6_p0,100,0.0,h3,4,1.3379818422318384,1.3379818422318384,5.439988625003025,5.341119874996366,True,True,161.0,161.0,True,True,True,0.0,-0.09886875000665896,0.981825559422635,0.0
v100_s6_p0,100,0.0,h4,0,1.3399468494468503,1.3399468494468503,12.547225415997673,12.55566437500238,True,True,169.0,169.0,True,True,True,0.0,0.008438959004706703,1.0006725757069723,0.0
v100_s6_p0,100,0.0,h4,1,1.335378787878787,1.335378787878787,11.815859291004017,11.765110124993953,True,True,103.0,103.0,True,True,True,0.0,-0.05074916601006407,0.9957049957383377,0.0
v100_s6_p0,100,0.0,h4,2,1.3426525974025953,1.3426525974025953,11.581792541008326,11.610415874994942,True,True,146.0,146.0,True,True,True,0.0,0.028623333986615762,1.0024714079349348,0.0
v100_s6_p0,100,0.0,h4,3,1.3304690957190932,1.3304690957190932,12.820267334027449,12.820166707999306,True,True,107.0,107.0,True,True,True,0.0,-0.00010062602814286947,0.999992151019513,0.0
v100_s6_p0,100,0.0,h4,4,1.3505235690235655,1.3505235690235655,11.556468708004104,11.514002416981384,True,True,104.0,104.0,True,True,True,0.0,-0.042466291022719815,0.9963253228909531,0.0
v100_s6_p0,100,0.0,h2+3,0,1.3269258056758064,1.3269258056758064,6.799073375004809,6.744848709000507,True,True,147.0,147.0,True,True,True,0.0,-0.05422466600430198,0.9920246976295849,0.0
v100_s6_p0,100,0.0,h2+3,1,1.3293679653679622,1.3293679653679622,6.319326416996773,6.421294166997541,True,True,161.0,161.0,True,True,True,0.0,0.10196775000076741,1.0161358574114023,0.0
v100_s6_p0,100,0.0,h2+3,2,1.327071789321785,1.327071789321785,5.736274916998809,5.737815292013693,True,True,147.0,147.0,True,True,True,0.0,0.001540375014883466,1.0002685322857032,0.0
v100_s6_p0,100,0.0,h2+3,3,1.3252206589706546,1.3252206589706546,6.193095416005235,6.216830417019082,True,True,155.0,155.0,True,True,True,0.0,0.023735001013847068,1.0038324939984788,0.0
v100_s6_p0,100,0.0,h2+3,4,1.3270639730639724,1.3270639730639724,5.75530562500353,5.788446667022072,True,True,161.0,161.0,True,True,True,0.0,0.033141042018542066,1.0057583461553394,0.0
v100_s6_p0,100,0.0,h2+3+4,0,1.3468608706108693,1.3468608706108693,14.112019666994456,14.380026166996686,True,True,169.0,169.0,True,True,True,0.0,0.2680065000022296,1.0189913638392278,0.0
v100_s6_p0,100,0.0,h2+3+4,1,1.3337959355459326,1.3337959355459326,13.47612166601175,13.44005695800297,True,True,103.0,103.0,True,True,True,0.0,-0.036064708008780144,0.9973238065889729,0.0
v100_s6_p0,100,0.0,h2+3+4,2,1.3458252765752756,1.3458252765752756,13.267047874993295,13.329191708005965,True,True,146.0,146.0,True,True,True,0.0,0.06214383301266935,1.0046840739249763,0.0
v100_s6_p0,100,0.0,h2+3+4,3,1.3374195526695511,1.3374195526695511,14.372537999995984,14.450749917014036,True,True,107.0,107.0,True,True,True,0.0,0.07821191701805219,1.0054417610179966,0.0
v100_s6_p0,100,0.0,h2+3+4,4,1.342290404040403,1.342290404040403,13.043026917002862,13.104168291989481,True,True,104.0,104.0,True,True,True,0.0,0.06114137498661876,1.004687667623143,0.0
v100_s6_p10,100,0.1,h2,0,1.3358891694724953,1.3516884319384286,2.535053458006587,2.454931625004974,True,True,256.0,254.0,True,True,True,0.015799262465933328,-0.08012183300161269,0.9683944207375352,-2.0
v100_s6_p10,100,0.1,h2,1,1.3508552589385867,1.3536500320666967,2.31173287499405,2.267095832998166,True,True,256.0,254.0,True,True,True,0.0027947731281099397,-0.04463704199588392,0.9806910900135904,-2.0
v100_s6_p10,100,0.1,h2,2,1.3518243145743096,1.3572795414462058,2.265455958986422,2.2437527499860153,True,True,256.0,254.0,True,True,True,0.005455226871896146,-0.021703209000406787,0.9904199377991365,-2.0
v100_s6_p10,100,0.1,h2,3,1.3540378387044998,1.3586097883597843,2.4115578749915585,2.340834625007119,True,True,256.0,254.0,True,True,True,0.004571949655284513,-0.07072324998443946,0.9706732105756795,-2.0
v100_s6_p10,100,0.1,h2,4,1.3511748837582112,1.344993386243382,2.2916717909974977,2.296611791010946,True,True,256.0,254.0,True,True,True,-0.006181497514829104,0.004940000013448298,1.002155631549358,-2.0
v100_s6_p10,100,0.1,h3,0,1.3863322109988758,1.3667049462882757,4.736955208005384,4.531857290989137,True,True,145.0,138.0,True,True,True,-0.019627264710600167,-0.20509791701624636,0.9567025846751445,-7.0
v100_s6_p10,100,0.1,h3,1,1.3627092752926064,1.3698375020041642,4.232306332996814,4.396749499996076,True,True,138.0,139.0,True,True,True,0.007128226711557772,0.16444316699926276,1.0388542685857107,1.0
v100_s6_p10,100,0.1,h3,2,1.3787833894500552,1.3612929693762998,4.274042708988418,4.526005166000687,True,True,140.0,135.0,True,True,True,-0.01749042007375534,0.2519624570122687,1.0589517873750736,-5.0
v100_s6_p10,100,0.1,h3,3,1.3535929533429478,1.3808360189193525,4.4740886249928735,4.505144624999957,True,True,126.0,134.0,True,True,True,0.027243065576404657,0.03105600000708364,1.0069413019298725,8.0
v100_s6_p10,100,0.1,h3,4,1.3662621452621415,1.3506707551707493,4.481326166016515,4.484243207989493,True,True,146.0,136.0,True,True,True,-0.01559139009139221,0.0029170419729780406,1.0006509327518043,-10.0
v100_s6_p10,100,0.1,h4,0,1.3894637646304295,1.3706233365400002,10.196873875000165,9.220955249998951,True,True,100.0,156.0,True,True,True,-0.018840428090429295,-0.9759186250012135,0.9042923706849127,56.0
v100_s6_p10,100,0.1,h4,1,1.361188552188549,1.3627945727112363,9.212525166993146,9.178406166000059,True,True,44.0,91.0,True,True,True,0.0016060205226873236,-0.034119000993086956,0.9962964550571509,47.0
v100_s6_p10,100,0.1,h4,2,1.3832592191758848,1.3739446047779316,9.315379000006942,9.003516124997986,True,True,114.0,91.0,True,True,True,-0.009314614397953225,-0.3118628750089556,0.9665217190831716,-23.0
v100_s6_p10,100,0.1,h4,3,1.3784390732724052,1.3772770562770578,9.359935249987757,8.233414959016955,True,True,101.0,108.0,True,True,True,-0.001162016995347459,-1.1265202909708023,0.8796444354706112,7.0
v100_s6_p10,100,0.1,h4,4,1.392598605098603,1.372229196729192,9.18318783302675,9.076934082986554,True,True,103.0,123.0,True,True,True,-0.020369408369411035,-0.10625375004019588,0.988429535367004,20.0
v100_s6_p10,100,0.1,h2+3,0,1.3675572791406094,1.3580587622254245,5.257021874989732,4.994238874991424,True,True,145.0,138.0,True,True,True,-0.009498516915184885,-0.2627829999983078,0.9500129529137976,-7.0
v100_s6_p10,100,0.1,h2+3,1,1.3801838223504899,1.3567791806958427,4.635198957999819,4.829006750005647,True,True,138.0,139.0,True,True,True,-0.023404641654647174,0.19380779200582765,1.0418121840641463,1.0
v100_s6_p10,100,0.1,h2+3,2,1.3770422478755806,1.356670795254124,4.641485375002958,4.9640709169907495,True,True,140.0,135.0,True,True,True,-0.020371452621456676,0.32258554198779166,1.0695004973461941,-5.0
v100_s6_p10,100,0.1,h2+3,3,1.357989137405796,1.3568696889530216,4.90878095800872,4.940931958000874,True,True,126.0,134.0,True,True,True,-0.001119448452774341,0.03215099999215454,1.0065496913117908,8.0
v100_s6_p10,100,0.1,h2+3,4,1.3672793410293378,1.3490530303030275,4.905243334011175,4.9488074999826495,True,True,146.0,136.0,True,True,True,-0.018226310726310313,0.04356416597147472,1.0088811426885629,-10.0
v100_s6_p10,100,0.1,h2+3+4,0,1.393128787878787,1.3641557639890942,11.766509624998434,10.383942749991547,True,True,96.0,157.0,True,True,True,-0.028973023889692806,-1.3825668750068871,0.8824998305300693,61.0
v100_s6_p10,100,0.1,h2+3+4,1,1.3693688472021754,1.3831752445085723,9.11820616699697,9.256637500002398,True,True,133.0,116.0,True,True,True,0.013806397306396878,0.13843133300542831,1.0151818603868024,-17.0
v100_s6_p10,100,0.1,h2+3+4,2,1.3843189434022751,1.3714830447330422,9.41361066600075,9.139673291007057,True,True,137.0,137.0,True,True,True,-0.012835898669232959,-0.2739373749936931,0.9708998614120429,0.0
v100_s6_p10,100,0.1,h2+3+4,3,1.3788115680615638,1.3746441798941769,9.545566999993753,9.683098082983634,True,True,162.0,128.0,True,True,True,-0.004167388167386932,0.13753108298988082,1.01440784847982,-34.0
v100_s6_p10,100,0.1,h2+3+4,4,1.3911602533269192,1.3634005531505473,10.562270874972455,10.582721916987794,True,True,104.0,125.0,True,True,True,-0.02775970017637186,0.020451042015338317,1.0019362353283134,21.0
v100_s6_p30,100,0.3,h2,0,1.4379450311192736,1.4623215378897247,2.089821458008373,1.6378077080007643,True,True,199.0,182.0,True,True,True,0.024376506770451112,-0.4520137500076089,0.7837070012486216,-17.0
v100_s6_p30,100,0.3,h2,1,1.4549545527424335,1.4468489403413682,1.8920791249984177,1.4888596249948023,True,True,199.0,182.0,True,True,True,-0.00810561240106522,-0.4032195000036154,0.7868907834370021,-17.0
v100_s6_p30,100,0.3,h2,2,1.4466706094130375,1.4716148024254136,1.8998619170015445,1.4802781249891268,True,True,199.0,182.0,True,True,True,0.02494419301237616,-0.4195837920124177,0.7791503749521831,-17.0
v100_s6_p30,100,0.3,h2,3,1.4316568061568087,1.4566745630912297,1.9597151670022868,1.5290001659886912,True,True,199.0,182.0,True,True,True,0.025017756934420987,-0.4307150010135956,0.7802155087300536,-17.0
v100_s6_p30,100,0.3,h2,4,1.4419996756890707,1.4671446280991736,1.921746499981964,1.501464750006562,True,True,199.0,182.0,True,True,True,0.02514495241010284,-0.4202817499754019,0.7813021904921662,-17.0
v100_s6_p30,100,0.3,h3,0,1.4215261380034128,1.4946813736207745,3.2074143339996226,2.6191394999914337,True,True,107.0,90.0,True,True,True,0.0731552356173617,-0.5882748340081889,0.8165890737057927,-17.0
v100_s6_p30,100,0.3,h3,1,1.4334349118894671,1.4381984673575627,2.762113209013478,2.6239513749897014,True,True,112.0,90.0,True,True,True,0.004763555468095593,-0.13816183402377646,0.9499796628273891,-22.0
v100_s6_p30,100,0.3,h3,2,1.4187016047925165,1.4688577149562063,2.8589108750020387,2.377789040998323,True,True,95.0,91.0,True,True,True,0.050156110163689815,-0.4811218340037158,0.8317114960768504,-4.0
v100_s6_p30,100,0.3,h3,3,1.4136380070546752,1.4607163664057654,2.784614749980392,2.480335208005272,True,True,105.0,95.0,True,True,True,0.04707835935109017,-0.3042795419751201,0.8907283163758065,-10.0
v100_s6_p30,100,0.3,h3,4,1.4325395367819658,1.4348482625679646,2.8707736670039594,2.4693174999847542,True,True,119.0,88.0,True,True,True,0.002308725785998833,-0.40145616701920517,0.8601574998288949,-31.0
v100_s6_p30,100,0.3,h4,0,1.4452006172839567,1.4614379035666965,4.34197520800808,4.229819166008383,True,True,117.0,102.0,True,True,True,0.016237286282739793,-0.11215604199969675,0.9741693499785897,-15.0
v100_s6_p30,100,0.3,h4,1,1.438223315405136,1.4611730472109317,3.7631137920106994,3.7819848749932135,True,True,121.0,86.0,True,True,True,0.022949731805795626,0.018871082982514054,1.0050147521508859,-35.0
v100_s6_p30,100,0.3,h4,2,1.4838571137056022,1.4683519465943753,3.9022806249995483,3.7847853749990463,True,True,142.0,102.0,True,True,True,-0.015505167111226958,-0.11749525000050198,0.9698906200523404,-40.0
v100_s6_p30,100,0.3,h4,3,1.4823733656915508,1.4462782988616378,4.035371750011109,4.094308833999094,True,True,112.0,111.0,True,True,True,-0.036095066829912925,0.058937083987984806,1.0146051188438394,-1.0
v100_s6_p30,100,0.3,h4,4,1.4601346036118856,1.4523733110324064,4.105247416999191,3.843438249983592,True,True,75.0,75.0,True,True,True,-0.007761292579479218,-0.2618091670155991,0.9362257276062125,0.0
v100_s6_p30,100,0.3,h2+3,0,1.4404931603189222,1.5014878510939185,3.4930315840028925,2.924702874996001,True,True,107.0,90.0,True,True,True,0.06099469077499631,-0.5683287090068916,0.8372964299522289,-17.0
v100_s6_p30,100,0.3,h2+3,1,1.4218759492471653,1.4338503578352124,3.081468833013787,2.9252142920013284,True,True,112.0,90.0,True,True,True,0.011974408588047103,-0.1562545410124585,0.9492921884075537,-22.0
v100_s6_p30,100,0.3,h2+3,2,1.4136774345183474,1.4675334550410337,3.1630386670003645,2.6365833330055466,True,True,95.0,92.0,True,True,True,0.05385602052268634,-0.5264553339948179,0.833560259794713,-3.0
v100_s6_p30,100,0.3,h2+3,3,1.429088128762373,1.4723277253050022,3.083931874978589,2.768699332984397,True,True,105.0,95.0,True,True,True,0.04323959654262932,-0.3152325419941917,0.8977822614851437,-10.0
v100_s6_p30,100,0.3,h2+3,4,1.4113227804742972,1.437825987144171,3.2062298330129124,2.7953635830199346,True,True,119.0,88.0,True,True,True,0.026503206669873824,-0.41086624999297783,0.8718537748721262,-31.0
v100_s6_p30,100,0.3,h2+3+4,0,1.4443883022140662,1.4696967255527906,5.282293291995302,5.151441249996424,True,True,119.0,103.0,True,True,True,0.025308423338724406,-0.13085204199887812,0.9752281755734448,-16.0
v100_s6_p30,100,0.3,h2+3+4,1,1.446125326132904,1.4565238933345042,4.633933832999901,4.606091292007477,True,True,124.0,89.0,True,True,True,0.010398567201600262,-0.027842540992423892,0.9939915972053491,-35.0
v100_s6_p30,100,0.3,h2+3+4,2,1.443349173553721,1.470862135059108,4.6795757499930914,4.658072208010708,True,True,144.0,105.0,True,True,True,0.027512961505387068,-0.021503541982383467,0.9954048095102606,-39.0
v100_s6_p30,100,0.3,h2+3+4,3,1.479782602358364,1.4633392037255712,4.909852249984397,4.9570649160014,True,True,113.0,114.0,True,True,True,-0.01644339863279276,0.04721266601700336,1.009615903618516,1.0
v100_s6_p30,100,0.3,h2+3+4,4,1.455166484469521,1.4383372505721008,5.040111000009347,4.746011917013675,True,True,79.0,79.0,True,True,True,-0.01682923389742008,-0.2940990829956718,0.9416482924691288,0.0
v100_s6_p50,100,0.5,h2,0,1.913180705377677,1.8250628793204662,0.8300354589882772,0.5864588749973336,True,True,142.0,95.0,True,True,True,-0.08811782605721086,-0.24357658399094362,0.7065467729681851,-47.0
v100_s6_p50,100,0.5,h2,1,1.8860812495585262,1.9630965078692437,0.7721701250120532,0.5266698750056094,True,True,142.0,95.0,True,True,True,0.07701525831071754,-0.24550025000644382,0.6820645579850533,-47.0
v100_s6_p50,100,0.5,h2,2,1.9814259672706696,1.8644469471325584,0.7454556250013411,0.516743290994782,True,True,142.0,95.0,True,True,True,-0.11697902013811112,-0.2287123340065591,0.6931912157666693,-47.0
v100_s6_p50,100,0.5,h2,3,1.9861448537433406,1.9307039154728582,0.8139750410045963,0.5526373749889899,True,True,142.0,95.0,True,True,True,-0.055440938270482354,-0.2613376660156064,0.6789365117472556,-47.0
v100_s6_p50,100,0.5,h2,4,1.9445221593782227,1.8819135366597612,0.7680031670024619,0.547464041999774,True,True,142.0,95.0,True,True,True,-0.06260862271846146,-0.2205391250026878,0.7128408651445303,-47.0
v100_s6_p50,100,0.5,h3,0,1.806094551352135,2.033194406603513,2.399027750012465,1.123086500010686,True,True,89.0,67.0,True,True,True,0.2270998552513781,-1.2759412500017788,0.4681423547538584,-22.0
v100_s6_p50,100,0.5,h3,1,1.796350977025226,1.9900661121986956,2.1908330419973936,1.0390845829970203,True,True,89.0,67.0,True,True,True,0.1937151351734696,-1.1517484590003733,0.47428743454119243,-22.0
v100_s6_p50,100,0.5,h3,2,1.8407020116527735,1.9192899681687712,1.8195550829987042,1.0945198749977862,True,True,85.0,69.0,True,True,True,0.0785879565159977,-0.7250352080009179,0.6015315970506213,-16.0
v100_s6_p50,100,0.5,h3,3,1.824732630444758,1.9536847215635187,2.2626745419984218,1.1093656250159256,True,True,89.0,69.0,True,True,True,0.12895209111876071,-1.1533089169824962,0.49028952437681134,-20.0
v100_s6_p50,100,0.5,h3,4,1.747626850702617,2.054606908103133,1.781713041011244,1.0623719170107506,True,True,76.0,67.0,True,True,True,0.3069800574005159,-0.7193411240004934,0.5962643212218853,-9.0
v100_s6_p50,100,0.5,h4,0,1.8144032392971838,1.7311919445593749,2.101155332988128,1.385310167010175,True,True,66.0,40.0,True,True,True,-0.08321129473780897,-0.715845165977953,0.659308783725226,-26.0
v100_s6_p50,100,0.5,h4,1,1.9339861509141918,1.7397285569369,2.010362792003434,1.2825057079899125,True,True,119.0,44.0,True,True,True,-0.1942575939772917,-0.7278570840135217,0.6379473959084901,-75.0
v100_s6_p50,100,0.5,h4,2,1.8536626601513082,1.7225611309285627,1.9983582499990007,1.1837532089994056,True,True,98.0,44.0,True,True,True,-0.13110152922274554,-0.8146050409995951,0.5923628603629992,-54.0
v100_s6_p50,100,0.5,h4,3,1.781471800786208,1.7379229940934557,1.8983300830004737,1.329540790989995,True,True,109.0,44.0,True,True,True,-0.043548806692752295,-0.5687892920104787,0.7003738722238135,-65.0
v100_s6_p50,100,0.5,h4,4,1.7599321555268654,1.7375552846424145,1.8396087079891004,1.29022729099961,True,True,109.0,40.0,True,True,True,-0.02237687088445095,-0.5493814169894904,0.7013596344681222,-69.0
v100_s6_p50,100,0.5,h2+3,0,1.794331653335451,2.081688193120023,2.506855583997094,1.2524652080028318,True,True,89.0,67.0,True,True,True,0.2873565397845719,-1.2543903759942623,0.4996160193663089,-22.0
v100_s6_p50,100,0.5,h2+3,1,1.8058422545468042,2.0350834823145574,2.311594291997608,1.1723279590078164,True,True,89.0,67.0,True,True,True,0.22924122776775313,-1.1392663329897914,0.5071512605244959,-22.0
v100_s6_p50,100,0.5,h2+3,2,1.7833668344842613,2.0380574876862876,1.9468814169958932,1.1862094579992117,True,True,85.0,69.0,True,True,True,0.25469065320202633,-0.7606719589966815,0.6092869589507792,-16.0
v100_s6_p50,100,0.5,h2+3,3,1.7828634247346458,2.0571573517672146,2.4121166669938248,1.2403322919853963,True,True,89.0,69.0,True,True,True,0.27429392703256883,-1.1717843750084285,0.5142090799161878,-20.0
v100_s6_p50,100,0.5,h2+3,4,1.7596457807063923,1.8780814028844353,1.9367219579871744,1.173077999992529,True,True,76.0,67.0,True,True,True,0.11843562217804293,-0.7636439579946455,0.6057028450339372,-9.0
v100_s6_p50,100,0.5,h2+3+4,0,1.802185133889686,1.7456404281745233,2.6175771249982063,1.7342688750068191,True,True,66.0,42.0,True,True,True,-0.05654470571516268,-0.8833082499913871,0.6625473833967768,-24.0
v100_s6_p50,100,0.5,h2+3+4,1,1.8557625923459347,1.752354875343519,2.5336752910079667,1.6295305829989957,True,True,119.0,46.0,True,True,True,-0.10340771700241569,-0.9041447080089711,0.6431489420851253,-73.0
v100_s6_p50,100,0.5,h2+3+4,2,1.9290918279251696,1.7409521515241284,2.522914041997865,1.5066198330023326,True,True,98.0,46.0,True,True,True,-0.18813967640104123,-1.0162942089955322,0.5971744609298139,-52.0
v100_s6_p50,100,0.5,h2+3+4,3,1.7451402698031586,1.7511798276078638,2.3897418749984354,1.687213833007263,True,True,109.0,46.0,True,True,True,0.00603955780470522,-0.7025280419911724,0.706023462474736,-63.0
v100_s6_p50,100,0.5,h2+3+4,4,1.8378928309345017,1.7422889488457727,2.344064333010465,1.6262586659868248,True,True,109.0,42.0,True,True,True,-0.09560388208872905,-0.7178056670236401,0.6937773179195268,-67.0
v100_s7_p0,100,0.0,h2,0,1.2973849206349213,1.2973849206349213,5.187034500006121,5.229419791998225,True,True,226.0,226.0,True,True,True,0.0,0.04238529199210461,1.0081713919566284,0.0
v100_s7_p0,100,0.0,h2,1,1.3072022607022613,1.3072022607022613,4.9941905830055475,5.018966542003909,True,True,232.0,232.0,True,True,True,0.0,0.024775958998361602,1.0049609558519192,0.0
v100_s7_p0,100,0.0,h2,2,1.3139378306878289,1.3139378306878289,4.83917362500506,4.873097542003961,True,True,224.0,224.0,True,True,True,0.0,0.033923916998901404,1.0070102706841535,0.0
v100_s7_p0,100,0.0,h2,3,1.318408249158244,1.318408249158244,5.098217124992516,5.064611040987074,True,True,232.0,232.0,True,True,True,0.0,-0.03360608400544152,0.9934082674037759,0.0
v100_s7_p0,100,0.0,h2,4,1.3066198893698882,1.3066198893698882,5.042235290980898,4.9937066250131465,True,True,232.0,232.0,True,True,True,0.0,-0.048528665967751294,0.9903755649692597,0.0
v100_s7_p0,100,0.0,h3,0,1.3288526936026923,1.3288526936026923,6.299650625005597,6.4100916250026785,True,True,126.0,126.0,True,True,True,0.0,0.11044099999708124,1.0175312896811612,0.0
v100_s7_p0,100,0.0,h3,1,1.3253750601250602,1.3253750601250602,5.576667166998959,5.5651046660059365,True,True,168.0,168.0,True,True,True,0.0,-0.011562500993022695,0.9979266288184732,0.0
v100_s7_p0,100,0.0,h3,2,1.3467994227994207,1.3467994227994207,5.443545208006981,5.43742991698673,True,True,139.0,139.0,True,True,True,0.0,-0.006115291020250879,0.9988765977342751,0.0
v100_s7_p0,100,0.0,h3,3,1.3243238335738312,1.3243238335738312,5.637176832999103,5.641395082988311,True,True,154.0,154.0,True,True,True,0.0,0.004218249989207834,1.0007482912305528,0.0
v100_s7_p0,100,0.0,h3,4,1.3267105579605554,1.3267105579605554,5.562240875005955,5.5462906250031665,True,True,156.0,156.0,True,True,True,0.0,-0.01595025000278838,0.9971324057405602,0.0
v100_s7_p0,100,0.0,h4,0,1.3432282347282363,1.3432282347282363,13.09213112499856,13.302480667000054,True,True,165.0,165.0,True,True,True,0.0,0.21034954200149514,1.0160668679524487,0.0
v100_s7_p0,100,0.0,h4,1,1.3552205387205396,1.3552205387205396,11.867269833004684,11.774146834010025,True,True,194.0,194.0,True,True,True,0.0,-0.0931229989946587,0.9921529551189887,0.0
v100_s7_p0,100,0.0,h4,2,1.3479007936507903,1.3479007936507903,11.899668750003912,11.835281416992075,True,True,192.0,192.0,True,True,True,0.0,-0.06438733301183674,0.994589149129734,0.0
v100_s7_p0,100,0.0,h4,3,1.3394799182299169,1.3394799182299169,12.152275000000373,12.318978291994426,True,True,121.0,121.0,True,True,True,0.0,0.16670329199405387,1.0137178669832643,0.0
v100_s7_p0,100,0.0,h4,4,1.3270930735930737,1.3270930735930737,12.65239712499897,12.600507333991118,True,True,139.0,139.0,True,True,True,0.0,-0.05188979100785218,0.9958988173944266,0.0
v100_s7_p0,100,0.0,h2+3,0,1.3286642616642577,1.3286642616642577,6.792103250001674,6.9429600829898845,True,True,126.0,126.0,True,True,True,0.0,0.15085683298821095,1.0222106212811435,0.0
v100_s7_p0,100,0.0,h2+3,1,1.3265272967772954,1.3265272967772954,6.003407750002225,6.0283911250007804,True,True,168.0,168.0,True,True,True,0.0,0.02498337499855552,1.0041615322561668,0.0
v100_s7_p0,100,0.0,h2+3,2,1.3341765271765218,1.3341765271765218,5.844150624994654,5.924883790998138,True,True,139.0,139.0,True,True,True,0.0,0.08073316600348335,1.0138143540753721,0.0
v100_s7_p0,100,0.0,h2+3,3,1.3149791967291948,1.3149791967291948,6.065728666988434,6.106906500004698,True,True,154.0,154.0,True,True,True,0.0,0.04117783301626332,1.0067886045151286,0.0
v100_s7_p0,100,0.0,h2+3,4,1.329445767195766,1.329445767195766,5.96268733398756,6.0464457090129144,True,True,156.0,156.0,True,True,True,0.0,0.08375837502535433,1.014047084868584,0.0
v100_s7_p0,100,0.0,h2+3+4,0,1.3455019240019241,1.3455019240019241,15.078493041000911,15.313750417000847,True,True,165.0,165.0,True,True,True,0.0,0.2352573759999359,1.0156021808917,0.0
v100_s7_p0,100,0.0,h2+3+4,1,1.3541190476190472,1.3541190476190472,13.431151750002755,13.369644208010868,True,True,194.0,194.0,True,True,True,0.0,-0.06150754199188668,0.9954205310805252,0.0
v100_s7_p0,100,0.0,h2+3+4,2,1.344337662337658,1.344337662337658,13.421420832994045,13.543041583005106,True,True,192.0,192.0,True,True,True,0.0,0.12162075001106132,1.0090616896321498,0.0
v100_s7_p0,100,0.0,h2+3+4,3,1.3489652477152454,1.3489652477152454,14.099277917004656,14.002669458015589,True,True,121.0,121.0,True,True,True,0.0,-0.096608458989067,0.9931479853395505,0.0
v100_s7_p0,100,0.0,h2+3+4,4,1.3271311928811915,1.3271311928811915,14.222111167007824,14.219351875013672,True,True,139.0,139.0,True,True,True,0.0,-0.0027592919941525906,0.9998059857666874,0.0
v100_s7_p10,100,0.1,h2,0,1.36048965848965,1.36048965848965,2.487117084005149,2.5492864580010064,True,True,256.0,256.0,True,True,True,0.0,0.06216937399585731,1.0249965610367415,0.0
v100_s7_p10,100,0.1,h2,1,1.361910694244022,1.361910694244022,2.322427749997587,2.3405936250055674,True,True,256.0,256.0,True,True,True,0.0,0.018165875007980503,1.0078219333230063,0.0
v100_s7_p10,100,0.1,h2,2,1.3634946689113294,1.3634946689113294,2.2968506250035716,2.3235932090028655,True,True,256.0,256.0,True,True,True,0.0,0.026742583999293856,1.0116431533283765,0.0
v100_s7_p10,100,0.1,h2,3,1.3574386323552945,1.3574386323552945,2.3194934579951223,2.4376499579811934,True,True,256.0,256.0,True,True,True,0.0,0.11815649998607114,1.050940648087967,0.0
v100_s7_p10,100,0.1,h2,4,1.3560744749078049,1.3560744749078049,2.305197792011313,2.3544414170028176,True,True,256.0,256.0,True,True,True,0.0,0.049243624991504475,1.0213619955572397,0.0
v100_s7_p10,100,0.1,h3,0,1.3646019320185936,1.3646019320185936,4.674495041996124,4.862085207991186,True,True,148.0,148.0,True,True,True,0.0,0.1875901659950614,1.0401305733153492,0.0
v100_s7_p10,100,0.1,h3,1,1.3777544091710707,1.3777544091710707,4.4933497500023805,4.519236666004872,True,True,132.0,132.0,True,True,True,0.0,0.02588691600249149,1.0057611620378488,0.0
v100_s7_p10,100,0.1,h3,2,1.3829760301426937,1.3829760301426937,4.29135258300812,4.309209125000052,True,True,131.0,131.0,True,True,True,0.0,0.017856541991932318,1.0041610521733022,0.0
v100_s7_p10,100,0.1,h3,3,1.375334495751158,1.375334495751158,4.251379833003739,4.288008000003174,True,True,136.0,136.0,True,True,True,0.0,0.03662816699943505,1.0086155950393065,0.0
v100_s7_p10,100,0.1,h3,4,1.371628346961674,1.371628346961674,4.410368042008486,4.464912583993282,True,True,133.0,133.0,True,True,True,0.0,0.054544541984796524,1.0123673447352382,0.0
v100_s7_p10,100,0.1,h4,0,1.3703329324995959,1.3703329324995959,10.416452916004346,10.426006540990784,True,True,114.0,114.0,True,True,True,0.0,0.00955362498643808,1.0009171668190195,0.0
v100_s7_p10,100,0.1,h4,1,1.383919873336535,1.383919873336535,9.410289082996314,9.383259791997261,True,True,159.0,159.0,True,True,True,0.0,-0.027029290999053046,0.997127687496031,0.0
v100_s7_p10,100,0.1,h4,2,1.3721606541606484,1.3721606541606484,8.013404250013991,8.098430666999775,True,True,167.0,167.0,True,True,True,0.0,0.08502641698578373,1.0106105238589,0.0
v100_s7_p10,100,0.1,h4,3,1.3788398669231987,1.3788398669231987,8.71854616701603,8.767955541989068,True,True,141.0,141.0,True,True,True,0.0,0.04940937497303821,1.0056671575772533,0.0
v100_s7_p10,100,0.1,h4,4,1.3763185826519135,1.3763185826519135,8.326510334009072,8.506536040978972,True,True,108.0,108.0,True,True,True,0.0,0.18002570696990006,1.0216207870702565,0.0
v100_s7_p10,100,0.1,h2+3,0,1.3697376142376065,1.3697376142376065,5.288258833010332,5.298050041994429,True,True,148.0,148.0,True,True,True,0.0,0.009791208984097466,1.0018514995754328,0.0
v100_s7_p10,100,0.1,h2+3,1,1.3751717171717077,1.3751717171717077,4.949266166004236,4.938411291994271,True,True,132.0,132.0,True,True,True,0.0,-0.010854874009964988,0.9978067710149586,0.0
v100_s7_p10,100,0.1,h2+3,2,1.3819110149110105,1.3819110149110105,4.674120374998893,4.696888459002366,True,True,131.0,131.0,True,True,True,0.0,0.022768084003473632,1.004871094917721,0.0
v100_s7_p10,100,0.1,h2+3,3,1.3829177890011148,1.3829177890011148,4.6865312500158325,4.674764458002755,True,True,136.0,136.0,True,True,True,0.0,-0.011766792013077065,0.9974892321451954,0.0
v100_s7_p10,100,0.1,h2+3,4,1.3682012987012953,1.3682012987012953,4.841362334002042,4.870838499977253,True,True,133.0,133.0,True,True,True,0.0,0.029476165975211188,1.0060884032100206,0.0
v100_s7_p10,100,0.1,h2+3+4,0,1.3690793249959885,1.3690793249959885,11.810613249996095,11.84892345800472,True,True,118.0,118.0,True,True,True,0.0,0.03831020800862461,1.0032437103135723,0.0
v100_s7_p10,100,0.1,h2+3+4,1,1.380987774571102,1.380987774571102,10.742372624998097,10.623162792006042,True,True,162.0,162.0,True,True,True,0.0,-0.11920983299205545,0.988902839516603,0.0
v100_s7_p10,100,0.1,h2+3+4,2,1.3702023408690047,1.3702023408690047,9.465851667002426,9.489460374999908,True,True,153.0,153.0,True,True,True,0.0,0.02360870799748227,1.0024940923255519,0.0
v100_s7_p10,100,0.1,h2+3+4,3,1.3701997755331043,1.3701997755331043,10.08066033301293,10.208938999974634,True,True,145.0,145.0,True,True,True,0.0,0.1282786669617053,1.0127252246106941,0.0
v100_s7_p10,100,0.1,h2+3+4,4,1.3719701779701712,1.3719701779701712,9.893490290996851,9.813130415976048,True,True,112.0,112.0,True,True,True,0.0,-0.08035987502080388,0.9918774999866395,0.0
v100_s7_p30,100,0.3,h2,0,1.4665793650793673,1.4694994789161484,2.1020122910122154,1.760136833996512,True,True,199.0,185.0,True,True,True,0.0029201138367811463,-0.34187545701570343,0.837358012378189,-14.0
v100_s7_p30,100,0.3,h2,1,1.4649795574795597,1.470385161135164,1.9028031669877237,1.603825375001179,True,True,199.0,185.0,True,True,True,0.005405603655604274,-0.2989777919865446,0.8428750817879664,-14.0
v100_s7_p30,100,0.3,h2,2,1.4526881112714454,1.4665263347763355,1.8964948330103653,1.5940312500024447,True,True,199.0,185.0,True,True,True,0.013838223504890168,-0.30246358300792053,0.8405144175753906,-14.0
v100_s7_p30,100,0.3,h2,3,1.4471517556517541,1.4582936908770265,1.980465250002453,1.6400774589856155,True,True,199.0,185.0,True,True,True,0.011141935225272404,-0.3403877910168376,0.8281273599643235,-14.0
v100_s7_p30,100,0.3,h2,4,1.4432654320987686,1.4590441718775045,1.9348591249727178,1.6239645000023302,True,True,199.0,185.0,True,True,True,0.015778739778735895,-0.31089462497038767,0.8393192450252566,-14.0
v100_s7_p30,100,0.3,h3,0,1.457272687189352,1.4597506012506025,2.9867821670050034,2.6684616659913445,True,True,114.0,107.0,True,True,True,0.00247791406125053,-0.31832050101365894,0.8934235966284562,-7.0
v100_s7_p30,100,0.3,h3,1,1.4636113516113531,1.5020581609748327,2.8920274169940967,2.566243541004951,True,True,120.0,101.0,True,True,True,0.03844680936347955,-0.3257838759891456,0.8873510416689765,-19.0
v100_s7_p30,100,0.3,h3,2,1.449235930735932,1.4482938912938912,2.8625107499974547,2.4152245839941315,True,True,113.0,106.0,True,True,True,-0.000942039442040743,-0.44728616600332316,0.8437434109186417,-7.0
v100_s7_p30,100,0.3,h3,3,1.4649778338945005,1.482834135000805,2.7754921249870677,2.6482003330020234,True,True,113.0,102.0,True,True,True,0.01785630110630443,-0.12729179198504426,0.9541372173824354,-11.0
v100_s7_p30,100,0.3,h3,4,1.4577057880391209,1.4565951178451175,2.857454000011785,2.720546041004127,True,True,120.0,105.0,True,True,True,-0.0011106701940033492,-0.13690795900765806,0.9520874320261696,-15.0
v100_s7_p30,100,0.3,h4,0,1.4622195767195805,1.4700157126823854,3.9997222920064814,4.2153299169876846,True,True,84.0,117.0,True,True,True,0.007796135962804929,0.21560762498120312,1.0539056487526894,33.0
v100_s7_p30,100,0.3,h4,1,1.476213524130193,1.4687540484207182,3.7066340830060653,4.0238295839953935,True,True,117.0,84.0,True,True,True,-0.007459475709474805,0.31719550098932814,1.0855750780589823,-33.0
v100_s7_p30,100,0.3,h4,2,1.4935293410293462,1.474626302709637,4.036149292005575,3.657915417003096,True,True,64.0,107.0,True,True,True,-0.018903038319709298,-0.3782338750024792,0.9062884329497798,43.0
v100_s7_p30,100,0.3,h4,3,1.4854712201378897,1.4853079605579642,3.823622957977932,3.7147786669956986,True,True,95.0,123.0,True,True,True,-0.0001632595799254677,-0.10884429098223336,0.9715337280431556,28.0
v100_s7_p30,100,0.3,h4,4,1.448284992784993,1.4700431297097982,3.908939583983738,4.095721291989321,True,True,104.0,81.0,True,True,True,0.021758136924805216,0.1867817080055829,1.047783216903861,-23.0
v100_s7_p30,100,0.3,h2+3,0,1.4640417668751,1.4589322590989269,3.326829708996229,2.8689021250029327,True,True,114.0,107.0,True,True,True,-0.005109507776173139,-0.45792758399329614,0.8623531638078757,-7.0
v100_s7_p30,100,0.3,h2+3,1,1.4388124899791588,1.4846555635722347,3.217451541990158,2.8674207079893677,True,True,120.0,101.0,True,True,True,0.045843073593075934,-0.3500308340007905,0.8912086695222522,-19.0
v100_s7_p30,100,0.3,h2+3,2,1.478534912618248,1.4662328443161774,3.1917752919980558,2.7069015000015497,True,True,113.0,106.0,True,True,True,-0.012302068302070701,-0.48487379199650604,0.8480864886660068,-7.0
v100_s7_p30,100,0.3,h2+3,3,1.454530944364276,1.4840502244668938,3.113209624978481,2.9625980419805273,True,True,113.0,102.0,True,True,True,0.02951928010261784,-0.15061158299795352,0.9516217662345835,-11.0
v100_s7_p30,100,0.3,h2+3,4,1.4530689434022792,1.4648771444604833,3.211311916995328,3.020414708997123,True,True,120.0,105.0,True,True,True,0.011808201058204126,-0.19089720799820498,0.9405547598824289,-15.0
v100_s7_p30,100,0.3,h2+3+4,0,1.4725414061247437,1.465745189995195,4.858694166992791,5.189151792001212,True,True,87.0,118.0,True,True,True,-0.006796216129548727,0.330457625008421,1.0680136706799457,31.0
v100_s7_p30,100,0.3,h2+3+4,1,1.4753924963924967,1.4632629870129905,4.466924458989524,4.955303124996135,True,True,119.0,89.0,True,True,True,-0.012129509379506187,0.48837866600661073,1.109332197240042,-30.0
v100_s7_p30,100,0.3,h2+3+4,2,1.471773007856345,1.4651325557158883,4.89940083300462,4.433347833997686,True,True,68.0,108.0,True,True,True,-0.00664045214045661,-0.46605299900693353,0.904875511334491,40.0
v100_s7_p30,100,0.3,h2+3+4,3,1.4820206429373122,1.483168590668594,4.755407207994722,4.522766125010094,True,True,96.0,125.0,True,True,True,0.0011479477312819064,-0.23264108298462816,0.9510786200194349,29.0
v100_s7_p30,100,0.3,h2+3+4,4,1.4620370370370397,1.4612275533108883,4.726102334010648,4.98052512499271,True,True,109.0,82.0,True,True,True,-0.0008094837261514165,0.254422790982062,1.0538335340627623,-27.0
v100_s7_p50,100,0.5,h2,0,2.015770020944275,1.8983544519453706,0.8868967500020517,0.5777650000090944,True,True,142.0,101.0,True,True,True,-0.11741556899890448,-0.30913174999295734,0.6514456164235102,-41.0
v100_s7_p50,100,0.5,h2,1,1.9929647454117205,1.9042051150308796,0.8457137079967652,0.573450584008242,True,True,142.0,101.0,True,True,True,-0.08875963038084089,-0.27226312398852315,0.6780670321243456,-41.0
v100_s7_p50,100,0.5,h2,2,2.061496279814473,1.980966524496824,0.8201684999949066,0.5487804590084124,True,True,142.0,101.0,True,True,True,-0.08052975531764894,-0.27138804098649416,0.669106968887272,-41.0
v100_s7_p50,100,0.5,h2,3,2.108531051159841,1.9475981072799315,0.8764378750056494,0.5761193330108654,True,True,142.0,101.0,True,True,True,-0.16093294387990942,-0.300318541994784,0.6573418943209771,-41.0
v100_s7_p50,100,0.5,h2,4,2.1760830353709206,2.016338251254924,0.8606801670102868,0.5542829580081161,True,True,142.0,101.0,True,True,True,-0.15974478411599646,-0.3063972090021707,0.6440057285547877,-41.0
v100_s7_p50,100,0.5,h3,0,1.8412988193063986,1.9096633543224524,1.4169465839950135,0.855874834000133,True,True,142.0,101.0,True,True,True,0.06836453501605377,-0.5610717499948805,0.604027592618936,-41.0
v100_s7_p50,100,0.5,h3,1,1.8705647652011392,1.8685723552541795,1.2763035829993896,0.8188680000021122,True,True,142.0,101.0,True,True,True,-0.0019924099469597056,-0.4574355829972774,0.641593435064817,-41.0
v100_s7_p50,100,0.5,h3,2,1.8226047434608137,1.8466014064498986,1.3193980409996584,0.7865742919966578,True,True,142.0,101.0,True,True,True,0.02399666298908487,-0.5328237490030006,0.5961614823989734,-41.0
v100_s7_p50,100,0.5,h3,3,1.8284622361364804,1.8728566066369159,1.2866581659764051,0.8379633750009816,True,True,142.0,101.0,True,True,True,0.04439437050043549,-0.44869479097542353,0.6512711745509167,-41.0
v100_s7_p50,100,0.5,h3,4,1.8631031524592228,1.890474048117993,1.2659155830042437,0.8312700410024263,True,True,142.0,101.0,True,True,True,0.027370895658770156,-0.4346455420018174,0.6566551926232507,-41.0
v100_s7_p50,100,0.5,h4,0,1.9137762282610886,1.841994551744557,1.9049805420072516,1.5125001669948688,True,True,126.0,62.0,True,True,True,-0.07178167651653156,-0.39248037501238286,0.7939714520134512,-64.0
v100_s7_p50,100,0.5,h4,1,,2.091734669090732,2.167836791006266,1.458607916996698,True,True,151.0,88.0,False,True,False,,-0.7092288740095682,0.6728402816337671,-63.0
v100_s7_p50,100,0.5,h4,2,1.823181973750162,1.8574432525947806,1.7219362090108916,1.3904721670114668,True,True,116.0,95.0,True,True,True,0.0342612788446186,-0.3314640419994248,0.8075050398122336,-21.0
v100_s7_p50,100,0.5,h4,3,1.8357945104839095,2.0898913805050285,1.7714006250025705,1.506146790983621,True,True,120.0,88.0,True,True,True,0.254096870021119,-0.2652538340189494,0.8502575700409022,-32.0
v100_s7_p50,100,0.5,h4,4,1.8081971813259743,1.851717517891769,1.845918500010157,1.308228334004525,True,True,99.0,62.0,True,True,True,0.04352033656579479,-0.5376901660056319,0.7087140271888096,-37.0
v100_s7_p50,100,0.5,h2+3,0,1.8466668429774507,1.9364454728773015,1.4439316250063712,0.8517914580006618,True,True,142.0,101.0,True,True,True,0.08977862989985086,-0.5921401670057094,0.5899112141109198,-41.0
v100_s7_p50,100,0.5,h2+3,1,1.8645079283791446,1.9413233688309515,1.3382709580037044,0.720889290998457,True,True,142.0,101.0,True,True,True,0.07681544045180688,-0.6173816670052474,0.5386721475849747,-41.0
v100_s7_p50,100,0.5,h2+3,2,1.8806256016710592,1.8903340116673497,1.3022223750012927,0.7475697500049137,True,True,142.0,101.0,True,True,True,0.009708409996290523,-0.554652624996379,0.5740722662703224,-41.0
v100_s7_p50,100,0.5,h2+3,3,1.7988388014903205,1.8185459251747196,1.382761874992866,0.778250792005565,True,True,142.0,101.0,True,True,True,0.019707123684399086,-0.604511082987301,0.5628234377011444,-41.0
v100_s7_p50,100,0.5,h2+3,4,1.8125693481602705,1.878414179535399,1.3466155829955824,0.7786413340072613,True,True,142.0,101.0,True,True,True,0.06584483137512853,-0.567974248988321,0.5782209442988568,-41.0
v100_s7_p50,100,0.5,h2+3+4,0,1.9350430041339235,1.8529232989233053,2.321099791006418,1.938198582996847,True,True,126.0,63.0,True,True,True,-0.08211970521061818,-0.38290120800957084,0.8350345773614728,-63.0
v100_s7_p50,100,0.5,h2+3+4,1,1.8718507861386762,2.0816761207367396,2.602784791000886,1.8166169159958372,True,True,139.0,88.0,True,True,True,0.2098253345980634,-0.7861678750050487,0.697951256775735,-51.0
v100_s7_p50,100,0.5,h2+3+4,2,1.88531700762762,1.860981515398196,2.1121347079897532,1.7744800840009702,True,True,116.0,96.0,True,True,True,-0.024335492229424105,-0.337654623988783,0.8401358480065179,-20.0
v100_s7_p50,100,0.5,h2+3+4,3,2.0359568215174355,1.977381646692257,2.2299104999983683,1.8239527920086402,True,True,120.0,88.0,True,True,True,-0.0585751748251786,-0.4059577079897281,0.8179488782217829,-32.0
v100_s7_p50,100,0.5,h2+3+4,4,1.8258993977403157,1.888992725007888,2.165323624998564,1.6276746660005301,True,True,100.0,63.0,True,True,True,0.06309332726757222,-0.5376489589980338,0.7517004142979364,-37.0
v100_s8_p0,100,0.0,h2,0,1.3210051707551678,1.3210051707551678,4.840727083996171,4.911532958998578,True,True,183.0,183.0,True,True,True,0.0,0.07080587500240654,1.0146271156736963,0.0
v100_s8_p0,100,0.0,h2,1,1.3203871653038273,1.3203871653038273,4.582812541993917,4.578586083996925,True,True,188.0,188.0,True,True,True,0.0,-0.004226457996992394,0.999077758918074,0.0
v100_s8_p0,100,0.0,h2,2,1.3086858666025294,1.3086858666025294,4.52367491601035,4.532948834006675,True,True,189.0,189.0,True,True,True,0.0,0.009273917996324599,1.0020500849792504,0.0
v100_s8_p0,100,0.0,h2,3,1.29695707070707,1.29695707070707,4.7525755840179045,4.818790041987086,True,True,212.0,212.0,True,True,True,0.0,0.06621445796918124,1.0139323313850808,0.0
v100_s8_p0,100,0.0,h2,4,1.3186053391053385,1.3186053391053385,4.4487480410025455,4.427830582979368,True,True,190.0,190.0,True,True,True,0.0,-0.02091745802317746,0.9952981248139052,0.0
v100_s8_p0,100,0.0,h3,0,1.3041565656565623,1.3041565656565623,5.9313145839987556,5.924866541012307,True,True,146.0,146.0,True,True,True,0.0,-0.006448042986448854,0.998912881302259,0.0
v100_s8_p0,100,0.0,h3,1,1.3147303992303974,1.3147303992303974,5.300506583007518,5.3761040840036,True,True,135.0,135.0,True,True,True,0.0,0.07559750099608209,1.0142623162167999,0.0
v100_s8_p0,100,0.0,h3,2,1.3332420634920603,1.3332420634920603,5.551491457998054,5.554422667002655,True,True,154.0,154.0,True,True,True,0.0,0.0029312090046005324,1.0005280038754951,0.0
v100_s8_p0,100,0.0,h3,3,1.3187473945807244,1.3187473945807244,5.531808708998142,5.524278874974698,True,True,146.0,146.0,True,True,True,0.0,-0.007529834023443982,0.99863881156787,0.0
v100_s8_p0,100,0.0,h3,4,1.32913904922238,1.32913904922238,5.485130540997488,5.462920917023439,True,True,154.0,154.0,True,True,True,0.0,-0.022209623974049464,0.9959509397619531,0.0
v100_s8_p0,100,0.0,h4,0,1.3422972983806296,1.3422972983806296,14.315062333000242,14.257093624997651,True,True,150.0,150.0,True,True,True,0.0,-0.057968708002590574,0.9959505095643938,0.0
v100_s8_p0,100,0.0,h4,1,1.3241822190155481,1.3241822190155481,11.281097208004212,11.267197749999468,True,True,173.0,173.0,True,True,True,0.0,-0.013899458004743792,0.9987678983924647,0.0
v100_s8_p0,100,0.0,h4,2,1.321773168189833,1.321773168189833,11.307050167000853,11.371864582994021,True,True,150.0,150.0,True,True,True,0.0,0.06481441599316895,1.005732212649266,0.0
v100_s8_p0,100,0.0,h4,3,1.3309571107904432,1.3309571107904432,13.477157916990109,13.408588042017072,True,True,108.0,108.0,True,True,True,0.0,-0.06856987497303635,0.9949121413138157,0.0
v100_s8_p0,100,0.0,h4,4,1.3414484527817852,1.3414484527817852,12.976868124998873,13.066251584008569,True,True,117.0,117.0,True,True,True,0.0,0.0893834590096958,1.0068879068623273,0.0
v100_s8_p0,100,0.0,h2+3,0,1.312414902998235,1.312414902998235,6.484945333999349,6.5263322919927305,True,True,146.0,146.0,True,True,True,0.0,0.04138695799338166,1.006382005685753,0.0
v100_s8_p0,100,0.0,h2+3,1,1.323768278018274,1.323768278018274,5.697944042010931,5.752054958007648,True,True,135.0,135.0,True,True,True,0.0,0.05411091599671636,1.0094965685162502,0.0
v100_s8_p0,100,0.0,h2+3,2,1.329468133718132,1.329468133718132,6.004159792006249,6.011800542008132,True,True,154.0,154.0,True,True,True,0.0,0.007640750001883134,1.0012725760583614,0.0
v100_s8_p0,100,0.0,h2+3,3,1.3196349607182916,1.3196349607182916,6.046652958000777,5.9593608749855775,True,True,146.0,146.0,True,True,True,0.0,-0.08729208301519975,0.9855635698589751,0.0
v100_s8_p0,100,0.0,h2+3,4,1.3446795334295303,1.3446795334295303,5.91349304097821,5.979330208996544,True,True,154.0,154.0,True,True,True,0.0,0.06583716801833361,1.011133380484615,0.0
v100_s8_p0,100,0.0,h2+3+4,0,1.3494014750681402,1.3494014750681402,16.24129066700698,16.169727667002007,True,True,150.0,150.0,True,True,True,0.0,-0.0715630000049714,0.9955937615136495,0.0
v100_s8_p0,100,0.0,h2+3+4,1,1.3201447410614038,1.3201447410614038,12.70135050000681,12.74381612498837,True,True,173.0,173.0,True,True,True,0.0,0.04246562498155981,1.0033433944667174,0.0
v100_s8_p0,100,0.0,h2+3+4,2,1.324372214205548,1.324372214205548,12.697577999992063,12.691956250011572,True,True,150.0,150.0,True,True,True,0.0,-0.005621749980491586,0.9995572580865032,0.0
v100_s8_p0,100,0.0,h2+3+4,3,1.3342327641494267,1.3342327641494267,15.138825750007527,15.243655083002523,True,True,110.0,110.0,True,True,True,0.0,0.10482933299499564,1.0069245352794252,0.0
v100_s8_p0,100,0.0,h2+3+4,4,1.3394785153118478,1.3394785153118478,14.844461667002179,14.849663000000874,True,True,117.0,117.0,True,True,True,0.0,0.005201332998694852,1.000350388792492,0.0
v100_s8_p10,100,0.1,h2,0,1.344152076318742,1.348107022607018,2.4358190409984672,2.426817875006236,True,True,252.0,250.0,True,True,True,0.003954946288275973,-0.009001165992231108,0.9963046655598269,-2.0
v100_s8_p10,100,0.1,h2,1,1.3483115279781916,1.3502105579605579,2.290535332998843,2.209734666001168,True,True,252.0,250.0,True,True,True,0.0018990299823662404,-0.08080066699767485,0.9647241123794899,-2.0
v100_s8_p10,100,0.1,h2,2,1.341945085778415,1.3509779541446187,2.2492734160041437,2.200932624997222,True,True,252.0,250.0,True,True,True,0.009032868366203761,-0.04834079100692179,0.9785082637517676,-2.0
v100_s8_p10,100,0.1,h2,3,1.3503037518037515,1.3530266554433175,2.302270000014687,2.29619295799057,True,True,252.0,250.0,True,True,True,0.0027229036395659545,-0.006077042024116963,0.997360412973249,-2.0
v100_s8_p10,100,0.1,h2,4,1.3452731281064558,1.332211279461275,2.263813833007589,2.2085223339963704,True,True,252.0,250.0,True,True,True,-0.013061848645180785,-0.05529149901121855,0.9755759514298218,-2.0
v100_s8_p10,100,0.1,h3,0,1.3886946849446853,1.3887281946448604,4.667993874987587,4.608121666999068,True,True,113.0,113.0,True,True,True,3.350970017512722e-05,-0.05987220798851922,0.9871738889141798,0.0
v100_s8_p10,100,0.1,h3,1,1.3579327801827756,1.3549971941638554,4.014773082992178,4.287690249999287,True,True,124.0,121.0,True,True,True,-0.0029355860189201888,0.2729171670071082,1.0679782297443583,-3.0
v100_s8_p10,100,0.1,h3,2,1.3747586580086535,1.3815388407888365,4.238553833012702,4.153762417001417,True,True,110.0,113.0,True,True,True,0.006780182780182997,-0.08479141601128504,0.9799952013465365,3.0
v100_s8_p10,100,0.1,h3,3,1.3704830447330398,1.3919525412858722,4.775260458001867,4.238084959011758,True,True,104.0,121.0,True,True,True,0.021469496552832368,-0.5371754989901092,0.887508649273786,17.0
v100_s8_p10,100,0.1,h3,4,1.377277136443799,1.358612594195926,4.31508433300769,4.3534317089943215,True,True,130.0,115.0,True,True,True,-0.01866454224787306,0.03834737598663196,1.0088868195908243,-15.0
v100_s8_p10,100,0.1,h4,0,1.3899223985890643,1.3747722462722427,9.672888415996567,10.476403458000277,True,True,76.0,44.0,True,True,True,-0.015150152316821597,0.8035150420037098,1.0830687802285504,-32.0
v100_s8_p10,100,0.1,h4,1,1.3661048581048556,1.3645568783068762,8.822328708003624,8.836214875002042,True,True,87.0,90.0,True,True,True,-0.001547979797979382,0.013886166998418048,1.0015739797799441,3.0
v100_s8_p10,100,0.1,h4,2,1.3649231601731602,1.388749278499274,7.776777833001688,9.017838416999439,True,True,105.0,89.0,True,True,True,0.02382611832611392,1.2410605839977507,1.159585449224377,-16.0
v100_s8_p10,100,0.1,h4,3,1.379291085457747,1.3786042568542507,9.313381500018295,9.041853000002448,True,True,91.0,76.0,True,True,True,-0.0006868286034962257,-0.2715285000158474,0.9708453368934459,-15.0
v100_s8_p10,100,0.1,h4,4,1.385847562930893,1.3851937229437212,8.90788195800269,8.656662999972468,True,True,95.0,99.0,True,True,True,-0.0006538399871718337,-0.251218958030222,0.9717981267360047,4.0
v100_s8_p10,100,0.1,h2+3,0,1.3816167227833913,1.3708958633958648,5.160817582989694,4.990503916997113,True,True,113.0,113.0,True,True,True,-0.010720859387526538,-0.17031366599258035,0.9669987045165203,0.0
v100_s8_p10,100,0.1,h2+3,1,1.3770641734808333,1.3803755812089058,4.346801417006645,4.704336916998727,True,True,124.0,121.0,True,True,True,0.0033114077280724796,0.3575354999920819,1.0822525497928757,-3.0
v100_s8_p10,100,0.1,h2+3,2,1.3719934263267541,1.3610600448933743,4.65470012500009,4.557846750001772,True,True,110.0,113.0,True,True,True,-0.010933381433379852,-0.09685337499831803,0.9791923491530368,3.0
v100_s8_p10,100,0.1,h2+3,3,1.365790163540159,1.3851577280743894,5.229394624999259,4.712091459019575,True,True,104.0,121.0,True,True,True,0.019367564534230386,-0.5173031659796834,0.9010778105162112,17.0
v100_s8_p10,100,0.1,h2+3,4,1.388037157287154,1.3659763107263077,4.719452124991221,4.732491125003435,True,True,130.0,115.0,True,True,True,-0.02206084656084628,0.013039000012213364,1.0027628206975905,-15.0
v100_s8_p10,100,0.1,h2+3+4,0,1.3919237213403877,1.371888127304791,11.195618167010252,11.79879924999841,True,True,81.0,46.0,True,True,True,-0.020035594035596738,0.6031810829881579,1.0538765322280756,-35.0
v100_s8_p10,100,0.1,h2+3+4,1,1.3635493025493004,1.3636079044412361,10.047059459000593,10.125446874997579,True,True,91.0,91.0,True,True,True,5.860189193573895e-05,0.07838741599698551,1.0078020256888958,0.0
v100_s8_p10,100,0.1,h2+3+4,2,1.3783673240339858,1.3703248757415363,10.628420624998398,10.639748542002053,True,True,90.0,92.0,True,True,True,-0.008042448292449489,0.011327917003654875,1.0010658137651243,2.0
v100_s8_p10,100,0.1,h2+3+4,3,1.38088568221901,1.3815998075998015,10.519279290980194,10.14140504199895,True,True,93.0,78.0,True,True,True,0.0007141253807914083,-0.377874248981243,0.9640779336180139,-15.0
v100_s8_p10,100,0.1,h2+3+4,4,1.3776469456469438,1.3777513227513187,10.265655916009564,10.002481000003172,True,True,100.0,101.0,True,True,True,0.00010437710437494196,-0.26317491600639187,0.9743635557085092,1.0
v100_s8_p30,100,0.3,h2,0,1.5088039704403382,1.5232398698383585,2.059287292009685,1.6437836250115652,True,True,196.0,180.0,True,True,True,0.014435899398020258,-0.41550366699812,0.7982293832383996,-16.0
v100_s8_p30,100,0.3,h2,1,1.5322639417260673,1.5250760017199454,1.8471189580013743,1.4896031660027802,True,True,196.0,180.0,True,True,True,-0.0071879400061218846,-0.35751579199859407,0.8064467962662055,-16.0
v100_s8_p30,100,0.3,h2,2,1.5039040076085586,1.5031197654758295,1.811080875006155,1.4803978340059984,True,True,196.0,180.0,True,True,True,-0.000784242132729096,-0.33068304100015666,0.8174112235606084,-16.0
v100_s8_p30,100,0.3,h2,3,1.5117530098969532,1.5319505954202932,1.9404180840065237,1.543360165989725,True,True,196.0,180.0,True,True,True,0.020197585523340056,-0.3970579180167988,0.7953750682445898,-16.0
v100_s8_p30,100,0.3,h2,4,1.5032973384640063,1.5137322904368395,1.8537360829941463,1.5103673749836162,True,True,196.0,180.0,True,True,True,0.010434951972833284,-0.3433687080105301,0.8147693670309732,-16.0
v100_s8_p30,100,0.3,h3,0,1.51333629585903,1.5195506690279486,3.1069132499978878,2.7721166670089588,True,True,118.0,108.0,True,True,True,0.006214373168918597,-0.334796582988929,0.8922414126016693,-10.0
v100_s8_p30,100,0.3,h3,1,1.5299146989374341,1.5149179311149072,3.200802166000358,2.4112542500079144,True,True,107.0,105.0,True,True,True,-0.014996767822526902,-0.7895479159924434,0.753328111190626,-2.0
v100_s8_p30,100,0.3,h3,2,1.4936197618318854,1.4799780634629112,3.360349499998847,2.7194082500063814,True,True,111.0,116.0,True,True,True,-0.01364169836897422,-0.6409412499924656,0.8092635155978015,5.0
v100_s8_p30,100,0.3,h3,3,1.495721504365449,1.512116919556318,2.8413455419940874,2.608013499993831,True,True,112.0,108.0,True,True,True,0.016395415190868956,-0.23333204200025648,0.9178797374160619,-4.0
v100_s8_p30,100,0.3,h3,4,1.5034618479163964,1.5237065204716784,3.040008249983657,3.001815124996938,True,True,113.0,110.0,True,True,True,0.02024467255528206,-0.03819312498671934,0.9874365061387828,-3.0
v100_s8_p30,100,0.3,h4,0,1.5103307096943492,1.5017262123398554,4.135903999995207,3.854025084001478,True,True,111.0,143.0,True,True,True,-0.008604497354493867,-0.2818789159937296,0.9318458755343315,32.0
v100_s8_p30,100,0.3,h4,1,1.5129291362397481,1.478970848455705,4.189935582995531,3.677209292000043,True,True,74.0,117.0,True,True,True,-0.033958287784043195,-0.5127262909954879,0.8776290754740144,43.0
v100_s8_p30,100,0.3,h4,2,1.474039391024245,1.5735522760068288,3.792508500002441,3.7693606660031946,True,True,102.0,151.0,True,True,True,0.0995128849825837,-0.02314783399924636,0.9938964318737238,49.0
v100_s8_p30,100,0.3,h4,3,1.480686617254803,1.5006475869809262,3.9883475419774186,3.5537563750112895,True,True,163.0,100.0,True,True,True,0.019960969726123157,-0.4345911669661291,0.8910347800957539,-63.0
v100_s8_p30,100,0.3,h4,4,1.5010392707741225,1.4889392372498509,4.1539685419993475,3.5974248750135303,True,True,86.0,161.0,True,True,True,-0.01210003352427158,-0.5565436669858173,0.866021212881418,75.0
v100_s8_p30,100,0.3,h2+3,0,1.5110791136473019,1.511405818648246,3.501664042007178,3.0679387080017477,True,True,118.0,108.0,True,True,True,0.00032670500094411636,-0.43372533400543034,0.8761373653205131,-10.0
v100_s8_p30,100,0.3,h2+3,1,1.535825790371251,1.515331310944954,3.4865412499930244,2.7198963330010884,True,True,107.0,105.0,True,True,True,-0.02049447942629712,-0.766644916991936,0.7801130512959025,-2.0
v100_s8_p30,100,0.3,h2+3,2,1.5119306885594803,1.4819545673182073,3.6772882920049597,3.0631164590013213,True,True,111.0,116.0,True,True,True,-0.029976121241273024,-0.6141718330036383,0.8329824087116176,5.0
v100_s8_p30,100,0.3,h2+3,3,1.4817742868803534,1.5034355823749832,3.165799041016726,2.8964277500053868,True,True,112.0,108.0,True,True,True,0.021661295494629806,-0.26937129101133905,0.914912068794857,-4.0
v100_s8_p30,100,0.3,h2+3,4,1.525954465287802,1.5273833209439327,3.3621956249990035,3.31927791700582,True,True,113.0,110.0,True,True,True,0.001428855656130601,-0.042917707993183285,0.9872352138959207,-3.0
v100_s8_p30,100,0.3,h2+3+4,0,1.5124924861894602,1.4810688850991955,5.092758165992564,4.671113375006826,True,True,112.0,144.0,True,True,True,-0.03142360109026465,-0.4216447909857379,0.9172069874039345,32.0
v100_s8_p30,100,0.3,h2+3+4,1,1.5181901919629253,1.479738445056635,5.044016416999511,4.517430291001801,True,True,77.0,118.0,True,True,True,-0.03845174690629016,-0.52658612599771,0.8956018215517714,41.0
v100_s8_p30,100,0.3,h2+3+4,2,1.4722210889559446,1.5719338369262674,4.5993714579963125,4.612040583000635,True,True,102.0,153.0,True,True,True,0.09971274797032281,0.012669125004322268,1.002754533987964,51.0
v100_s8_p30,100,0.3,h2+3+4,3,1.477460066028254,1.484107182940522,4.838831083005061,4.375708250008756,True,True,163.0,101.0,True,True,True,0.006647116912267936,-0.4631228329963051,0.9042903492492465,-62.0
v100_s8_p30,100,0.3,h2+3+4,4,1.5053883969565849,1.4881467124345942,4.9736392500053626,4.369469500001287,True,True,88.0,162.0,True,True,True,-0.017241684521990708,-0.6041697500040755,0.8785256188406861,74.0
v100_s8_p50,100,0.5,h2,0,1.987048058002607,2.0874490167520565,1.0143205000058515,0.5107418749976205,True,True,140.0,90.0,True,True,True,0.10040095874944943,-0.503578625008231,0.5035310584718282,-50.0
v100_s8_p50,100,0.5,h2,1,1.9606827485085108,2.1400207138540557,0.9275367500085849,0.4948679590015672,True,True,140.0,90.0,True,True,True,0.17933796534554491,-0.4326687910070177,0.5335292202675386,-50.0
v100_s8_p50,100,0.5,h2,2,2.0665334225258603,2.206397598753664,0.8914219589933055,0.4682485410012305,True,True,140.0,90.0,True,True,True,0.13986417622780367,-0.423173417992075,0.5252827084605698,-50.0
v100_s8_p50,100,0.5,h2,3,1.9480765331750183,1.948595561565267,0.9357967500109226,0.49196879199007526,True,True,140.0,90.0,True,True,True,0.0005190283902487547,-0.4438279580208473,0.5257218428941253,-50.0
v100_s8_p50,100,0.5,h2,4,2.11263471377109,2.0226057934770165,0.8971307079773396,0.48749162498279475,True,True,140.0,90.0,True,True,True,-0.09002892029407361,-0.4096390829945449,0.5433897431533558,-50.0
v100_s8_p50,100,0.5,h3,0,1.9129137756183314,2.0262784364905664,1.277461540987133,1.1371286659996258,True,True,140.0,64.0,True,True,True,0.11336466087223496,-0.14033287498750724,0.8901470842879013,-76.0
v100_s8_p50,100,0.5,h3,1,1.9420894344151993,2.032196225771987,1.2200675000058254,1.0811660840117838,True,True,140.0,64.0,True,True,True,0.0901067913567879,-0.1389014159940416,0.8861526792629274,-76.0
v100_s8_p50,100,0.5,h3,2,1.901655667564776,2.050683441137991,1.246127833990613,1.061855583000579,True,True,140.0,64.0,True,True,True,0.14902777357321484,-0.18427225099003408,0.8521241192407053,-76.0
v100_s8_p50,100,0.5,h3,3,1.960505951960501,2.126849257084116,1.27559345800546,1.1064771669916809,True,True,140.0,64.0,True,True,True,0.16634330512361517,-0.16911629101377912,0.8674214813877987,-76.0
v100_s8_p50,100,0.5,h3,4,1.8892066471687654,2.03955570944208,1.290563167014625,1.0873919159930665,True,True,140.0,64.0,True,True,True,0.1503490622733148,-0.20317125102155842,0.8425716336755983,-76.0
v100_s8_p50,100,0.5,h4,0,2.015311783334524,2.0232203688567525,2.031844291006564,1.34509404200071,True,True,89.0,66.0,True,True,True,0.007908585522228506,-0.6867502490058541,0.6620064578542867,-23.0
v100_s8_p50,100,0.5,h4,1,2.002245584942564,2.014099061712712,1.8646125410014065,1.32345641599386,True,True,89.0,63.0,True,True,True,0.011853476770148141,-0.5411561250075465,0.7097755629612392,-26.0
v100_s8_p50,100,0.5,h4,2,2.0772387082614356,2.0254451339906017,1.9769625839981018,1.314343749996624,True,True,127.0,68.0,True,True,True,-0.051793574270833975,-0.6626188340014778,0.6648298559796547,-59.0
v100_s8_p50,100,0.5,h4,3,1.9798560681742512,2.0519821668231004,2.0602846249821596,1.4342640409886371,True,True,127.0,68.0,True,True,True,0.07212609864884922,-0.6260205839935225,0.6961484950173118,-59.0
v100_s8_p50,100,0.5,h4,4,2.0686627715718697,1.9899414547293426,1.9599571660219226,1.3422382920107339,True,True,106.0,63.0,True,True,True,-0.07872131684252714,-0.6177188740111887,0.6848304214397921,-43.0
v100_s8_p50,100,0.5,h2+3,0,1.939411915245255,2.0481252891328765,1.382045083999401,1.2777237909904215,True,True,140.0,64.0,True,True,True,0.10871337388762159,-0.10432129300897941,0.9245167221990389,-76.0
v100_s8_p50,100,0.5,h2+3,1,1.9551178619360519,2.021169666192404,1.3167954170057783,1.1979448750062147,True,True,140.0,64.0,True,True,True,0.06605180425635204,-0.11885054199956357,0.9097425913967606,-76.0
v100_s8_p50,100,0.5,h2+3,2,1.9251638484971838,2.042001547834895,1.2936050840071402,1.1726794999995036,True,True,140.0,64.0,True,True,True,0.11683769933771138,-0.12092558400763664,0.9065204786973694,-76.0
v100_s8_p50,100,0.5,h2+3,3,1.9326308643657146,2.0417154016017673,1.300317790999543,1.2018446669972036,True,True,140.0,64.0,True,True,True,0.10908453723605271,-0.09847312400233932,0.9242699556339655,-76.0
v100_s8_p50,100,0.5,h2+3,4,1.925691729987184,2.0321962257719868,1.2972338749968912,1.1694621249916963,True,True,140.0,64.0,True,True,True,0.1065044957848027,-0.12777175000519492,0.9015044607854531,-76.0
v100_s8_p50,100,0.5,h2+3+4,0,1.9969897249215476,2.00501848348062,2.6285023329983233,1.7214926669985289,True,True,90.0,66.0,True,True,True,0.00802875855907259,-0.9070096659997944,0.6549329043337117,-24.0
v100_s8_p50,100,0.5,h2+3+4,1,1.9912891342664127,1.9907492025370932,2.3896522909926716,1.6037346250086557,True,True,90.0,63.0,True,True,True,-0.0005399317293195427,-0.7859176659840159,0.671116308867872,-27.0
v100_s8_p50,100,0.5,h2+3+4,2,,2.060685823155539,2.4553753750078613,1.6172444580006413,True,True,128.0,68.0,False,True,False,,-0.83813091700722,0.6586546702642008,-60.0
v100_s8_p50,100,0.5,h2+3+4,3,,2.0008396054002318,2.5637187090178486,1.8213153340038843,True,True,128.0,68.0,False,True,False,,-0.7424033750139643,0.7104193325100099,-60.0
v100_s8_p50,100,0.5,h2+3+4,4,2.1315878792924368,2.020531968592587,2.4486240000114776,1.6745910420140717,True,True,107.0,63.0,True,True,True,-0.11105591069984966,-0.7740329579974059,0.6838906430739151,-44.0
v100_s9_p0,100,0.0,h2,0,1.3189840067340104,1.3189840067340104,2.703229459002614,2.7673336250009015,True,True,286.0,286.0,True,True,True,0.0,0.0641041659982875,1.0237139195804486,0.0
v100_s9_p0,100,0.0,h2,1,1.3148078403078391,1.3148078403078391,2.490871165995486,2.5445234579965472,True,True,286.0,286.0,True,True,True,0.0,0.05365229200106114,1.0215395692613507,0.0
v100_s9_p0,100,0.0,h2,2,1.3261464646464673,1.3261464646464673,2.4899545420048526,2.5136917079944396,True,True,286.0,286.0,True,True,True,0.0,0.023737165989587083,1.0095331724291137,0.0
v100_s9_p0,100,0.0,h2,3,1.3076424963924989,1.3076424963924989,2.5629929580027238,2.6451790829887614,True,True,286.0,286.0,True,True,True,0.0,0.08218612498603761,1.032066465391338,0.0
v100_s9_p0,100,0.0,h2,4,1.3218403078403087,1.3218403078403087,2.5210159590060357,2.6623163750045933,True,True,286.0,286.0,True,True,True,0.0,0.14130041599855758,1.0560489970298594,0.0
v100_s9_p0,100,0.0,h3,0,1.3370491822991823,1.3370491822991823,6.042763999997987,6.133224791003158,True,True,145.0,145.0,True,True,True,0.0,0.0904607910051709,1.014970101596753,0.0
v100_s9_p0,100,0.0,h3,1,1.321781385281384,1.321781385281384,6.068397041002754,6.045567583001684,True,True,134.0,134.0,True,True,True,0.0,-0.022829458001069725,0.9962379755565075,0.0
v100_s9_p0,100,0.0,h3,2,1.330046777296778,1.330046777296778,6.043672790998244,6.071883333992446,True,True,138.0,138.0,True,True,True,0.0,0.028210542994202115,1.0046677813259879,0.0
v100_s9_p0,100,0.0,h3,3,1.3261445406445393,1.3261445406445393,5.586120416002814,5.614134125004057,True,True,135.0,135.0,True,True,True,0.0,0.028013709001243114,1.0050148773952297,0.0
v100_s9_p0,100,0.0,h3,4,1.33149843674844,1.33149843674844,5.498741458024597,5.531682707980508,True,True,134.0,134.0,True,True,True,0.0,0.03294124995591119,1.0059906889980867,0.0
v100_s9_p0,100,0.0,h4,0,1.3337706830206801,1.3337706830206801,13.363776625003084,13.329793249999057,True,True,216.0,216.0,True,True,True,0.0,-0.03398337500402704,0.9974570530503746,0.0
v100_s9_p0,100,0.0,h4,1,1.3458290043290042,1.3458290043290042,12.569546625003568,12.376946999997017,True,True,134.0,134.0,True,True,True,0.0,-0.19259962500655092,0.984677281468257,0.0
v100_s9_p0,100,0.0,h4,2,1.3259840067340094,1.3259840067340094,12.343346666995785,12.321266124999966,True,True,163.0,163.0,True,True,True,0.0,-0.022080541995819658,0.998211138146605,0.0
v100_s9_p0,100,0.0,h4,3,1.332127946127946,1.332127946127946,12.707358291983837,12.75191133300541,True,True,179.0,179.0,True,True,True,0.0,0.044553041021572426,1.0035060820666146,0.0
v100_s9_p0,100,0.0,h4,4,1.3387275132275127,1.3387275132275127,13.796141041995725,13.87546325000585,True,True,79.0,79.0,True,True,True,0.0,0.0793222080101259,1.0057495938732917,0.0
v100_s9_p0,100,0.0,h2+3,0,1.3327189754689726,1.3327189754689726,6.612027041992405,6.613322457997128,True,True,145.0,145.0,True,True,True,0.0,0.001295416004722938,1.0001959181347106,0.0
v100_s9_p0,100,0.0,h2+3,1,1.318719937469934,1.318719937469934,6.5312619999895105,6.539181790998555,True,True,134.0,134.0,True,True,True,0.0,0.007919791009044275,1.001212597352404,0.0
v100_s9_p0,100,0.0,h2+3,2,1.3312366522366539,1.3312366522366539,6.495876125001814,6.510084708002978,True,True,138.0,138.0,True,True,True,0.0,0.014208583001163788,1.00218732357695,0.0
v100_s9_p0,100,0.0,h2+3,3,1.3285117845117853,1.3285117845117853,5.999846458988031,6.012597499997355,True,True,135.0,135.0,True,True,True,0.0,0.012751041009323671,1.002125227886494,0.0
v100_s9_p0,100,0.0,h2+3,4,1.3246210918710966,1.3246210918710966,5.9500397499941755,5.948644416988827,True,True,134.0,134.0,True,True,True,0.0,-0.0013953330053482205,0.9997654918178741,0.0
v100_s9_p0,100,0.0,h2+3+4,0,1.3296155603655573,1.3296155603655573,15.227743374998681,15.377626083994983,True,True,216.0,216.0,True,True,True,0.0,0.14988270899630152,1.0098427393544327,0.0
v100_s9_p0,100,0.0,h2+3+4,1,1.3374931457431456,1.3374931457431456,14.281427124995389,14.270406291994732,True,True,134.0,134.0,True,True,True,0.0,-0.011020833000657149,0.9992283101048516,0.0
v100_s9_p0,100,0.0,h2+3+4,2,1.330251082251084,1.330251082251084,13.85176412499277,13.994622875005007,True,True,163.0,163.0,True,True,True,0.0,0.14285875001223758,1.0103133975371756,0.0
v100_s9_p0,100,0.0,h2+3+4,3,1.3368449975949965,1.3368449975949965,14.449303542001871,14.42426095798146,True,True,179.0,179.0,True,True,True,0.0,-0.025042584020411596,0.9982668656695033,0.0
v100_s9_p0,100,0.0,h2+3+4,4,1.3349778739778724,1.3349778739778724,15.398739333002595,15.56557312500081,True,True,79.0,79.0,True,True,True,0.0,0.16683379199821502,1.0108342500246534,0.0
v100_s9_p10,100,0.1,h2,0,1.3329324595157865,1.3394156645823265,2.5223419590038247,2.4028270410053665,True,True,257.0,253.0,True,True,True,0.006483205066539988,-0.11951491799845826,0.9526174801272149,-4.0
v100_s9_p10,100,0.1,h2,1,1.3405117444284103,1.32676322751322,2.331155291001778,2.2288059999991674,True,True,257.0,253.0,True,True,True,-0.0137485169151903,-0.1023492910026107,0.9560950351966352,-4.0
v100_s9_p10,100,0.1,h2,2,1.3347189754689721,1.3424840869007495,2.322455874993466,2.208499958986067,True,True,257.0,253.0,True,True,True,0.007765111431777383,-0.11395591600739863,0.9509330113719731,-4.0
v100_s9_p10,100,0.1,h2,3,1.341457792207791,1.3361020923520885,2.422287082998082,2.2886208750132937,True,True,257.0,253.0,True,True,True,-0.0053556998557025,-0.13366620798478834,0.9448181807503392,-4.0
v100_s9_p10,100,0.1,h2,4,1.3284814413981019,1.3407033429533406,2.3574587919865735,2.26936345800641,True,True,257.0,253.0,True,True,True,0.012221901555238723,-0.08809533398016356,0.9626312305947339,-4.0
v100_s9_p10,100,0.1,h3,0,1.35765760782427,1.3551184062850656,4.882237124998937,4.534866750007495,True,True,139.0,147.0,True,True,True,-0.0025392015392042833,-0.3473703749914421,0.9288501631326402,8.0
v100_s9_p10,100,0.1,h3,1,1.3714444444444445,1.3497760942760924,4.361215499986429,4.229070333996788,True,True,121.0,142.0,True,True,True,-0.021668350168352113,-0.1321451659896411,0.9696999228792862,21.0
v100_s9_p10,100,0.1,h3,2,1.362546256212918,1.3542647105980405,4.398881333996542,4.436382624990074,True,True,133.0,118.0,True,True,True,-0.008281545614877484,0.037501290993532166,1.008525188143564,-15.0
v100_s9_p10,100,0.1,h3,3,1.3588636363636368,1.3554159852493168,4.6113843340135645,4.437696957989829,True,True,146.0,142.0,True,True,True,-0.003447651114319994,-0.17368737602373585,0.9623350899766436,-4.0
v100_s9_p10,100,0.1,h3,4,1.3590523889690511,1.3562203383036608,4.444366208015708,4.414215750002768,True,True,135.0,122.0,True,True,True,-0.0028320506653902733,-0.030150458012940362,0.9932160275274882,-13.0
v100_s9_p10,100,0.1,h4,0,1.3724520602853914,1.3599796376463,9.071827958003269,9.470106708002277,True,True,120.0,98.0,True,True,True,-0.012472422639091318,0.39827874999900814,1.0439028111911715,-22.0
v100_s9_p10,100,0.1,h4,1,1.3673136924803542,1.3608320105820058,8.849797500006389,8.294229582999833,True,True,97.0,120.0,True,True,True,-0.006481681898348413,-0.555567917006556,0.9372225277464084,23.0
v100_s9_p10,100,0.1,h4,2,1.3627040243706883,1.3632381353214647,8.505343625001842,8.232793415998458,True,True,118.0,130.0,True,True,True,0.0005341109507763786,-0.2725502090033842,0.9679554147345428,12.0
v100_s9_p10,100,0.1,h4,3,1.3664339826839742,1.365889049222381,10.268650250014616,8.9462245409959,True,True,54.0,118.0,True,True,True,-0.0005449334615932333,-1.3224257090187166,0.8712171827045299,64.0
v100_s9_p10,100,0.1,h4,4,1.3584356261022912,1.3695312650312617,8.640012999996543,8.805133458983619,True,True,148.0,105.0,True,True,True,0.011095638928970475,0.16512045898707584,1.0191111354794422,-43.0
v100_s9_p10,100,0.1,h2+3,0,1.3564708593875217,1.355709676126336,5.456074000001536,5.034190708989627,True,True,139.0,147.0,True,True,True,-0.0007611832611855718,-0.421883291011909,0.9226763986317286,8.0
v100_s9_p10,100,0.1,h2+3,1,1.3541430976430924,1.3514510582010544,4.8101657910010545,4.697750915991492,True,True,121.0,142.0,True,True,True,-0.0026920394420379967,-0.11241487500956282,0.9766297296405312,21.0
v100_s9_p10,100,0.1,h2+3,2,1.3627868366201672,1.3555196809363421,4.861367291989154,4.9183827090018895,True,True,133.0,118.0,True,True,True,-0.007267155683825077,0.05701541701273527,1.0117282677049908,-15.0
v100_s9_p10,100,0.1,h2+3,3,1.3598793490460166,1.3698946608946565,5.054116416024044,4.886684541997965,True,True,146.0,142.0,True,True,True,0.010015311848639907,-0.16743187402607873,0.9668721770050177,-4.0
v100_s9_p10,100,0.1,h2+3,4,1.3573047138047116,1.3526008898508808,4.996523875015555,4.886964832985541,True,True,135.0,122.0,True,True,True,-0.0047038239538308435,-0.1095590420300141,0.9780729473588929,-13.0
v100_s9_p10,100,0.1,h2+3+4,0,1.3678141734808384,1.3551100288600257,10.336583500000415,10.62381412499235,True,True,120.0,98.0,True,True,True,-0.012704144620812707,0.28723062499193475,1.027787771945336,-22.0
v100_s9_p10,100,0.1,h2+3+4,1,1.3635279381112648,1.3577113195446489,10.077656749999733,9.45265545899747,True,True,99.0,121.0,True,True,True,-0.005816618566615972,-0.6250012910022633,0.9379814865194451,22.0
v100_s9_p10,100,0.1,h2+3+4,2,1.355973665223664,1.3648603495270126,9.882158624997828,9.453591583005618,True,True,119.0,131.0,True,True,True,0.008886684303348602,-0.42856704199220985,0.956632244203396,12.0
v100_s9_p10,100,0.1,h2+3+4,3,1.366867484367476,1.363308922558921,11.48974887499935,10.016365999996196,True,True,58.0,119.0,True,True,True,-0.003558561808554961,-1.4733828750031535,0.8717654414354433,61.0
v100_s9_p10,100,0.1,h2+3+4,4,1.3544332210998855,1.3649330206830184,9.724314874998527,10.235402291000355,True,True,148.0,106.0,True,True,True,0.010499799583132852,0.5110874160018284,1.0525576786202027,-42.0
v100_s9_p30,100,0.3,h2,0,1.4756462824493126,1.4839320659699533,1.492101542011369,1.4998979999945732,True,True,200.0,182.0,True,True,True,0.008285783520640688,0.007796457983204164,1.0052251524200522,-18.0
v100_s9_p30,100,0.3,h2,1,1.4612216537671097,1.4717981547072467,1.4720228329970269,1.353687249997165,True,True,200.0,182.0,True,True,True,0.010576500940137068,-0.1183355829998618,0.9196102259100618,-18.0
v100_s9_p30,100,0.3,h2,2,1.472974645444347,1.4814126291777823,1.3639728330017533,1.3320850830059499,True,True,200.0,182.0,True,True,True,0.008437983733435184,-0.03188774999580346,0.9766214185324888,-18.0
v100_s9_p30,100,0.3,h2,3,1.4784988120745737,1.4594368286034956,1.447758167021675,1.4134518750070129,True,True,200.0,182.0,True,True,True,-0.019061983471078126,-0.034306292014662176,0.976303851847552,-18.0
v100_s9_p30,100,0.3,h2,4,1.4889567208885415,1.477478606410427,1.4224234159919433,1.413813332997961,True,True,200.0,182.0,True,True,True,-0.01147811447811442,-0.00861008299398236,0.9939468916940052,-18.0
v100_s9_p30,100,0.3,h3,0,1.4626319143819186,1.4709080123019564,2.9878430829994613,2.6839757499983534,True,True,118.0,98.0,True,True,True,0.008276097920037806,-0.3038673330011079,0.898298764506716,-20.0
v100_s9_p30,100,0.3,h3,1,1.4656057435830203,1.493376022126026,2.8375901659892406,2.596098834008444,True,True,116.0,107.0,True,True,True,0.027770278543005622,-0.24149133198079653,0.9148956269741625,-9.0
v100_s9_p30,100,0.3,h3,2,1.4761225057209926,1.476660974827646,2.7443165839940775,2.6390201250032987,True,True,108.0,104.0,True,True,True,0.0005384691066534497,-0.10529645899077877,0.9616310816307022,-4.0
v100_s9_p30,100,0.3,h3,3,1.475382125730618,1.4749505006777759,2.7888167919882108,2.60047616699012,True,True,89.0,108.0,True,True,True,-0.00043162505284222163,-0.1883406249980908,0.9324657591207995,19.0
v100_s9_p30,100,0.3,h3,4,1.4413944714096245,1.4723403880070607,2.6668871250003576,2.553099500015378,True,True,113.0,106.0,True,True,True,0.030945916597436174,-0.11378762498497963,0.957333167977642,-7.0
v100_s9_p30,100,0.3,h4,0,1.4500349636334509,1.4741637041409816,4.343324749992462,4.425472208997235,True,True,115.0,91.0,True,True,True,0.024128740507530777,0.08214745900477283,1.018913496856277,-24.0
v100_s9_p30,100,0.3,h4,1,1.464008902152845,1.4948285743437257,4.2905386250058655,4.115258000005269,True,True,148.0,72.0,True,True,True,0.030819672190880665,-0.17528062500059605,0.9591471746742855,-76.0
v100_s9_p30,100,0.3,h4,2,1.4460402145553708,1.5131683938956688,4.080094832999748,4.020720166998217,True,True,110.0,91.0,True,True,True,0.06712817934029802,-0.059374666001531295,0.985447724028052,-19.0
v100_s9_p30,100,0.3,h4,3,1.4502375450027043,1.5078322219307143,4.364262290997431,4.2090615409833845,True,True,143.0,83.0,True,True,True,0.057594676928010013,-0.1552007500140462,0.9644382624907323,-60.0
v100_s9_p30,100,0.3,h4,4,1.4718163489148353,1.4968104165755727,4.391070291982032,3.836873291991651,True,True,133.0,84.0,True,True,True,0.024994067660737418,-0.5541969999903813,0.873789995800721,-49.0
v100_s9_p30,100,0.3,h2+3,0,1.4477130832130858,1.4713854453627204,3.303255167003954,3.0672988329897635,True,True,118.0,98.0,True,True,True,0.02367236214963464,-0.23595633401419036,0.9285685416097593,-20.0
v100_s9_p30,100,0.3,h2+3,1,1.4790633426618316,1.4592687991021343,3.117416167006013,2.883877250002115,True,True,116.0,107.0,True,True,True,-0.019794543559697342,-0.23353891700389795,0.9250857426494358,-9.0
v100_s9_p30,100,0.3,h2+3,2,1.4754049331700878,1.4712040243706968,3.094308165993425,2.99422812499688,True,True,108.0,104.0,True,True,True,-0.0042009087993910565,-0.100080040996545,0.9676567311244468,-4.0
v100_s9_p30,100,0.3,h2+3,3,1.4590616190767742,1.485595081405692,3.045892374997493,2.8427898340160027,True,True,89.0,108.0,True,True,True,0.026533462328917734,-0.20310254098149016,0.933319199769277,19.0
v100_s9_p30,100,0.3,h2+3,4,1.448454075385896,1.4959427245033359,2.9921456660085823,2.8637569159909617,True,True,113.0,106.0,True,True,True,0.047488649117439774,-0.12838875001762062,0.9570914105298601,-7.0
v100_s9_p30,100,0.3,h2+3+4,0,1.453644471409631,1.4815374488026043,5.286168708989862,5.235722416997305,True,True,117.0,92.0,True,True,True,0.02789297739297325,-0.050446291992557235,0.990456927357092,-25.0
v100_s9_p30,100,0.3,h2+3+4,1,1.4510101447374204,1.4934870239188451,5.198384999996051,4.872718291997444,True,True,152.0,74.0,True,True,True,0.04247687918142473,-0.3256667079986073,0.9373523300027115,-78.0
v100_s9_p30,100,0.3,h2+3+4,2,1.444110914338192,1.4912975425248187,4.934416292002425,4.813180500001181,True,True,113.0,93.0,True,True,True,0.04718662818662667,-0.12123579200124368,0.9754305707449654,-20.0
v100_s9_p30,100,0.3,h2+3+4,3,1.4583065284883536,1.5090964916116507,5.276751917001093,5.045318124990445,True,True,144.0,87.0,True,True,True,0.05078996312329709,-0.23143379201064818,0.9561408617174146,-57.0
v100_s9_p30,100,0.3,h2+3+4,4,1.4790685535003787,1.4797823582141825,5.291373374988325,4.510631707991706,True,True,135.0,87.0,True,True,True,0.0007138047138037784,-0.7807416669966187,0.8524500896710315,-48.0
v100_s9_p50,100,0.5,h2,0,1.7635960058460247,1.9000573281936957,1.0358034590026364,0.5380917500006035,True,True,143.0,88.0,True,True,True,0.13646132234767094,-0.4977117090020329,0.5194921346552811,-55.0
v100_s9_p50,100,0.5,h2,1,1.8370839741067073,1.8409202472611628,0.918505500012543,0.48337820800952613,True,True,143.0,88.0,True,True,True,0.0038362731544554496,-0.4351272920030169,0.5262659918780292,-55.0
v100_s9_p50,100,0.5,h2,2,1.7842807338564972,1.8690536637885178,0.9012302909977734,0.4912429579999298,True,True,143.0,88.0,True,True,True,0.08477292993202057,-0.4099873329978436,0.545080389448587,-55.0
v100_s9_p50,100,0.5,h2,3,1.7568140728519666,1.802859842458331,0.9329037919815164,0.5113427499891259,True,True,143.0,88.0,True,True,True,0.04604576960636453,-0.42156104199239053,0.5481194892594639,-55.0
v100_s9_p50,100,0.5,h2,4,1.7592415424082108,1.7762059096907676,0.9219962080242112,0.5044047920091543,True,True,143.0,88.0,True,True,True,0.01696436728255679,-0.4175914160150569,0.5470790309323147,-55.0
v100_s9_p50,100,0.5,h3,0,1.8244326677811558,1.9329812174357703,2.510504750011023,1.0271578750107437,True,True,92.0,44.0,True,True,True,0.10854854965461458,-1.4833468750002794,0.4091439679635076,-48.0
v100_s9_p50,100,0.5,h3,1,1.7948634294998,1.9744689194083125,2.3300269579922315,0.9753277499985415,True,True,85.0,43.0,True,True,True,0.17960548990851244,-1.35469920799369,0.4185907577820365,-42.0
v100_s9_p50,100,0.5,h3,2,1.8667381437305677,1.9208109138336487,2.436888167008874,0.9676182919938583,True,True,88.0,41.0,True,True,True,0.05407277010308098,-1.4692698750150157,0.3970712751999401,-47.0
v100_s9_p50,100,0.5,h3,3,1.8401802252181105,2.0367624230427386,2.3782450419967063,0.9726775829913095,True,True,85.0,45.0,True,True,True,0.19658219782462805,-1.4055674590053968,0.40898963976171154,-40.0
v100_s9_p50,100,0.5,h3,4,1.9274166986212546,2.050763421483121,2.0675172909977846,1.0514350419980474,True,True,68.0,48.0,True,True,True,0.12334672286186654,-1.0160822489997372,0.5085495761395178,-20.0
v100_s9_p50,100,0.5,h4,0,1.999889869670178,2.0514345214269483,2.129120249999687,1.3676634580042446,True,True,141.0,47.0,True,True,True,0.051544651756770365,-0.7614567919954425,0.6423608333087084,-94.0
v100_s9_p50,100,0.5,h4,1,2.0922303807303844,1.9658994467933875,2.0397257910080953,1.392198458997882,True,True,121.0,50.0,True,True,True,-0.1263309339369969,-0.6475273320102133,0.6825419696780981,-71.0
v100_s9_p50,100,0.5,h4,2,1.8364972011714509,1.9651907321073974,1.9433250419970136,1.2906488750013523,True,True,99.0,55.0,True,True,True,0.1286935309359465,-0.6526761669956613,0.6641446217741559,-44.0
v100_s9_p50,100,0.5,h4,3,2.1303522924886673,1.9518899077914253,2.1123314590076916,1.4123007080052048,True,True,117.0,68.0,True,True,True,-0.17846238469724196,-0.7000307510024868,0.6685980564189771,-49.0
v100_s9_p50,100,0.5,h4,4,1.8848847684302257,2.0046221601070067,1.9273742499935906,1.2843872500234284,True,True,89.0,51.0,True,True,True,0.11973739167678099,-0.6429869999701623,0.6663922432437289,-38.0
v100_s9_p50,100,0.5,h2+3,0,1.8418302233681034,2.035174655030725,2.777701374987373,1.1511573329917155,True,True,92.0,44.0,True,True,True,0.19334443166262139,-1.6265440419956576,0.4144280387221065,-48.0
v100_s9_p50,100,0.5,h2+3,1,1.8026229387896124,1.9721797629979432,2.5356828340009088,1.095339374995092,True,True,85.0,43.0,True,True,True,0.16955682420833074,-1.4403434590058168,0.4319701818806805,-42.0
v100_s9_p50,100,0.5,h2+3,2,1.8347538555720457,1.9047271594847435,2.6054493339906912,1.0825857500021812,True,True,88.0,41.0,True,True,True,0.06997330391269774,-1.52286358398851,0.4155082717897323,-47.0
v100_s9_p50,100,0.5,h2+3,3,1.84734487958731,2.0367624230427386,2.6113804589840584,1.102182292001089,True,True,85.0,45.0,True,True,True,0.1894175434554286,-1.5091981669829693,0.4220688288484346,-40.0
v100_s9_p50,100,0.5,h2+3,4,1.90690197344744,2.0328245292866542,2.274757209001109,1.1448711669945624,True,True,68.0,48.0,True,True,True,0.1259225558392143,-1.1298860420065466,0.5032937855804391,-20.0
v100_s9_p50,100,0.5,h2+3+4,0,,2.0408988472246046,2.696049165999284,1.77133491699351,True,True,141.0,48.0,False,True,False,,-0.924714249005774,0.6570113554798505,-93.0
v100_s9_p50,100,0.5,h2+3+4,1,,1.9387209196527395,2.5368722499988507,1.7475925410108175,True,True,121.0,51.0,False,True,False,,-0.7892797089880332,0.6888768407678428,-70.0
v100_s9_p50,100,0.5,h2+3+4,2,2.0127718224536473,1.9663697694000704,2.478403916989919,1.6015384999918751,True,True,100.0,56.0,True,True,True,-0.04640205305357692,-0.8768654169980437,0.6461975342328309,-44.0
v100_s9_p50,100,0.5,h2+3+4,3,,1.8822309340491248,2.6526781670108903,1.7511234580015298,True,True,118.0,68.0,False,True,False,,-0.9015547090093605,0.6601341541460882,-50.0
v100_s9_p50,100,0.5,h2+3+4,4,1.8536265272325987,2.014048462760578,2.4574185829842463,1.679897666996112,True,True,90.0,52.0,True,True,True,0.16042193552797945,-0.7775209159881342,0.6836025732970871,-38.0
v200_s0_p0,200,0.0,h2,0,1.2953778642490936,1.2953778642490936,30.244118582995725,30.22189200000139,True,True,530.0,530.0,True,True,True,0.0,-0.02222658299433533,0.9992650940402399,0.0
v200_s0_p0,200,0.0,h2,1,1.294004659843193,1.294004659843193,27.7804254169896,27.65894350000599,True,True,531.0,531.0,True,True,True,0.0,-0.12148191698361188,0.9956270677946739,0.0
v200_s0_p0,200,0.0,h2,2,1.295635949407909,1.295635949407909,27.632170707991463,27.347499666997464,True,True,531.0,531.0,True,True,True,0.0,-0.28467104099399876,0.9896978401008623,0.0
v200_s0_p0,200,0.0,h2,3,1.2949185238965206,1.2949185238965206,28.491677666985197,28.613888916996075,True,True,530.0,530.0,True,True,True,0.0,0.12221125001087785,1.004289366580631,0.0
v200_s0_p0,200,0.0,h2,4,1.2933546429840077,1.2933546429840077,28.096424375020433,27.909568792005302,True,True,531.0,531.0,True,True,True,0.0,-0.18685558301513083,0.9933494888701475,0.0
v200_s0_p0,200,0.0,h3,0,1.3223893112749758,1.3223893112749758,29.55882274999749,28.965229291992728,True,True,294.0,294.0,True,True,True,0.0,-0.5935934580047615,0.9799182307419597,0.0
v200_s0_p0,200,0.0,h3,1,1.323663050099005,1.323663050099005,32.011672250009724,31.593270750003285,True,True,245.0,245.0,True,True,True,0.0,-0.41840150000643916,0.9869297206113213,0.0
v200_s0_p0,200,0.0,h3,2,1.320589528631637,1.320589528631637,33.00247841699456,32.44237475001137,True,True,237.0,237.0,True,True,True,0.0,-0.5601036669831956,0.983028436231178,0.0
v200_s0_p0,200,0.0,h3,3,1.3225807446322657,1.3225807446322657,33.92142925001099,33.5694508330198,True,True,248.0,248.0,True,True,True,0.0,-0.35197841699118726,0.9896237150151604,0.0
v200_s0_p0,200,0.0,h3,4,1.3146560698514227,1.3146560698514227,32.14901837499929,31.56611858299584,True,True,224.0,224.0,True,True,True,0.0,-0.5828997920034453,0.981868815240196,0.0
v200_s0_p0,200,0.0,h4,0,1.3270025460999535,1.3270025460999535,79.03748483299569,77.35195962501166,True,True,182.0,182.0,True,True,True,0.0,-1.6855252079840284,0.978674356711306,0.0
v200_s0_p0,200,0.0,h4,1,1.3257036916183,1.3257036916183,71.22927024999808,70.56194924999727,True,True,210.0,210.0,True,True,True,0.0,-0.6673210000008112,0.9906313654813721,0.0
v200_s0_p0,200,0.0,h4,2,1.3358721439086094,1.3358721439086094,77.67025791600463,77.16251758400176,True,True,178.0,178.0,True,True,True,0.0,-0.507740332002868,0.9934628731045034,0.0
v200_s0_p0,200,0.0,h4,3,1.3254298793752564,1.3254298793752564,76.18957950000186,75.57473762499285,True,True,225.0,225.0,True,True,True,0.0,-0.6148418750090059,0.9919301054154133,0.0
v200_s0_p0,200,0.0,h4,4,1.3329661447569923,1.3329661447569923,63.17804691600031,63.8777166249929,True,True,282.0,282.0,True,True,True,0.0,0.6996697089925874,1.0110745700943058,0.0
v200_s0_p0,200,0.0,h2+3,0,1.319957388856258,1.319957388856258,30.027799750008853,30.39533337499597,True,True,294.0,294.0,True,True,True,0.0,0.36753362498711795,1.0122397787399329,0.0
v200_s0_p0,200,0.0,h2+3,1,1.3200085882152872,1.3200085882152872,32.59372170899587,32.50589379201119,True,True,245.0,245.0,True,True,True,0.0,-0.08782791698467918,0.9973053731706729,0.0
v200_s0_p0,200,0.0,h2+3,2,1.3244693153719818,1.3244693153719818,33.61665491700114,33.9460278750048,True,True,237.0,237.0,True,True,True,0.0,0.32937295800365973,1.009797909959122,0.0
v200_s0_p0,200,0.0,h2+3,3,1.3218696576315998,1.3218696576315998,34.88396170802298,35.13984854199225,True,True,248.0,248.0,True,True,True,0.0,0.2558868339692708,1.0073353719428726,0.0
v200_s0_p0,200,0.0,h2+3,4,1.312732094817525,1.312732094817525,32.564283416984836,32.93576395799755,True,True,224.0,224.0,True,True,True,0.0,0.37148054101271555,1.0114076068020879,0.0
v200_s0_p0,200,0.0,h2+3+4,0,1.328322120160732,1.328322120160732,82.83257995899476,81.85301016700396,True,True,182.0,182.0,True,True,True,0.0,-0.979569791990798,0.9881741001852686,0.0
v200_s0_p0,200,0.0,h2+3+4,1,1.3236099391256708,1.3236099391256708,74.47888199999579,75.25009958300507,True,True,210.0,210.0,True,True,True,0.0,0.7712175830092747,1.010354849083386,0.0
v200_s0_p0,200,0.0,h2+3+4,2,1.3367342022160222,1.3367342022160222,80.29522483299661,81.77064833400073,True,True,178.0,178.0,True,True,True,0.0,1.4754235010041157,1.0183749843664154,0.0
v200_s0_p0,200,0.0,h2+3+4,3,1.33071843434346,1.33071843434346,79.35420404101023,79.54026595799951,True,True,225.0,225.0,True,True,True,0.0,0.18606191698927432,1.0023447014463547,0.0
v200_s0_p0,200,0.0,h2+3+4,4,1.3287974740223714,1.3287974740223714,66.93953862498165,67.28417637498933,True,True,282.0,282.0,True,True,True,0.0,0.3446377500076778,1.005148493059363,0.0
v200_s0_p10,200,0.1,h2,0,1.3343183540356969,1.3363003047343476,18.278721666996717,17.77132091599924,True,True,364.0,322.0,True,True,True,0.001981950698650703,-0.5074007509974763,0.9722409061070383,-42.0
v200_s0_p10,200,0.1,h2,1,1.339159675542221,1.3483820010949386,17.0088093749946,16.831365874997573,True,True,354.0,342.0,True,True,True,0.009222325552717514,-0.17744349999702536,0.9895675531376175,-12.0
v200_s0_p10,200,0.1,h2,2,1.3267763084904751,1.3310966448403403,17.00553070900787,16.9767569169926,True,True,338.0,336.0,True,True,True,0.0043203363498651726,-0.028773792015272193,0.9983079744756198,-2.0
v200_s0_p10,200,0.1,h2,3,1.3371473230147912,1.330481148527618,17.357209874986438,17.189126083016163,True,True,353.0,349.0,True,True,True,-0.006666174487173215,-0.16808379197027534,0.9903161975236295,-4.0
v200_s0_p10,200,0.1,h2,4,1.3264165080452817,1.3399121137795795,16.921531959000276,16.30175791599322,True,True,360.0,340.0,True,True,True,0.013495605734297866,-0.6197740430070553,0.963373644625751,-20.0
v200_s0_p10,200,0.1,h3,0,1.3352024117702181,1.3476976658182525,26.30790137499571,20.465912249987014,True,True,224.0,266.0,True,True,True,0.01249525404803431,-5.841989125008695,0.7779378506199965,42.0
v200_s0_p10,200,0.1,h3,1,1.3714990292371052,1.3488602309889763,26.600106375000905,23.945404792000772,True,True,200.0,210.0,True,True,True,-0.022638798248128866,-2.654701583000133,0.9001995877168727,10.0
v200_s0_p10,200,0.1,h3,2,1.3599396024132238,1.3480171864009778,24.065727458990295,23.792274958992493,True,True,218.0,219.0,True,True,True,-0.011922416012245973,-0.2734524999978021,0.9886372643227268,1.0
v200_s0_p10,200,0.1,h3,3,1.342076055783963,1.3411428498915794,20.135791957989568,24.92676987501909,True,True,262.0,235.0,True,True,True,-0.0009332058923836595,4.790977917029522,1.2379334235785315,-27.0
v200_s0_p10,200,0.1,h3,4,1.3487844036198176,1.3471737411806426,22.764138041995466,23.329430666024564,True,True,217.0,225.0,True,True,True,-0.001610662439174959,0.5652926240290981,1.0248325951541077,8.0
v200_s0_p10,200,0.1,h4,0,1.3390859573843088,1.3531990897851442,43.6366779999953,52.2576253330044,True,True,274.0,176.0,True,True,True,0.014113132400835449,8.620947333009099,1.1975619531122426,-98.0
v200_s0_p10,200,0.1,h4,1,1.3450402698920498,1.3432272419094171,52.296929667005315,51.61984266599757,True,True,140.0,166.0,True,True,True,-0.00181302798263272,-0.6770870010077488,0.9870530257642461,26.0
v200_s0_p10,200,0.1,h4,2,1.3577050829544555,1.3495730727954216,57.435533249998116,51.20615183300106,True,True,97.0,158.0,True,True,True,-0.008132010159033864,-6.229381416997057,0.8915413322640778,61.0
v200_s0_p10,200,0.1,h4,3,1.3540118549094904,1.351245870405431,51.445206750009675,49.40515454200795,True,True,191.0,181.0,True,True,True,-0.0027659845040592934,-2.0400522080017254,0.9603451451188629,-10.0
v200_s0_p10,200,0.1,h4,4,1.350255464733471,1.364124539544767,43.67017662501894,48.72375395800918,True,True,246.0,199.0,True,True,True,0.013869074811295956,5.053577332990244,1.1157214768418182,-47.0
v200_s0_p10,200,0.1,h2+3,0,1.3314556603362842,1.3423893230582817,27.06952220799576,21.37884233299701,True,True,224.0,266.0,True,True,True,0.010933662721997583,-5.69067987499875,0.7897753853476643,42.0
v200_s0_p10,200,0.1,h2+3,1,1.3631053916770037,1.350079172014453,27.644864665999194,24.91882204200374,True,True,200.0,210.0,True,True,True,-0.013026219662550798,-2.726042623995454,0.9013906323314994,10.0
v200_s0_p10,200,0.1,h2+3,2,1.352082996149585,1.342597765160573,24.640853707998758,24.69413145899307,True,True,218.0,219.0,True,True,True,-0.009485230989012106,0.053277750994311646,1.0021621714744817,1.0
v200_s0_p10,200,0.1,h2+3,3,1.3425582784050023,1.338420059351584,20.960713541979203,25.592866792023415,True,True,262.0,235.0,True,True,True,-0.004138219053418268,4.632153250044212,1.2209921547168294,-27.0
v200_s0_p10,200,0.1,h2+3,4,1.353416568774595,1.33369771385786,23.669705292006256,24.21871945800376,True,True,217.0,225.0,True,True,True,-0.019718854916734863,0.5490141659975052,1.0231948036202596,8.0
v200_s0_p10,200,0.1,h2+3+4,0,1.344710589382677,1.3674078663519729,46.877509666010155,55.47821083301096,True,True,280.0,183.0,True,True,True,0.02269727696929591,8.600701167000807,1.1834718018998562,-97.0
v200_s0_p10,200,0.1,h2+3+4,1,1.3470447547985396,1.3454839538602075,56.166379125003004,55.93495070900826,True,True,146.0,177.0,True,True,True,-0.0015608009383321075,-0.23142841599474195,0.9958795916774397,31.0
v200_s0_p10,200,0.1,h2+3+4,2,1.3549699281037144,1.3480778305307046,59.703952500000014,54.86587091599358,True,True,102.0,169.0,True,True,True,-0.006892097573009792,-4.8380815840064315,0.9189654724449536,67.0
v200_s0_p10,200,0.1,h2+3+4,3,1.360113359909235,1.3504428337575392,54.04143237500102,51.80113624999649,True,True,196.0,188.0,True,True,True,-0.009670526151695835,-2.2402961250045337,0.9585448418639461,-8.0
v200_s0_p10,200,0.1,h2+3+4,4,1.3568811490714663,1.3603225035712676,46.114205999998376,53.50901208398864,True,True,252.0,199.0,True,True,True,0.003441354499801319,7.394806083990261,1.1603585256133548,-53.0
v200_s0_p30,200,0.3,h2,0,1.4519178202450995,1.4563160530145494,6.043224166001892,5.518756040997687,True,True,408.0,381.0,True,True,True,0.004398232769449839,-0.5244681250042049,0.913213855617872,-27.0
v200_s0_p30,200,0.3,h2,1,1.4483966845549787,1.4608109990233138,5.545121084011043,5.194417249993421,True,True,408.0,381.0,True,True,True,0.012414314468335075,-0.3507038340176223,0.9367545219113698,-27.0
v200_s0_p30,200,0.3,h2,2,1.4608390411933367,1.4631522750699775,5.397433250007452,5.147138792002806,True,True,408.0,381.0,True,True,True,0.00231323387664073,-0.250294458004646,0.9536271323032479,-27.0
v200_s0_p30,200,0.3,h2,3,1.4492131074536951,1.4555346436784795,5.666072583000641,5.224493457993958,True,True,408.0,381.0,True,True,True,0.006321536224784374,-0.44157912500668317,0.9220661016006908,-27.0
v200_s0_p30,200,0.3,h2,4,1.4621573715229486,1.4390490898687935,5.387616833002539,5.072341499995673,True,True,408.0,381.0,True,True,True,-0.023108281654155016,-0.3152753330068663,0.9414814856402544,-27.0
v200_s0_p30,200,0.3,h3,0,1.4511430342410332,1.4603273398851555,10.674664375008433,10.177527709005517,True,True,230.0,193.0,True,True,True,0.009184305644122315,-0.49713666600291617,0.9534283562894198,-37.0
v200_s0_p30,200,0.3,h3,1,1.4417355769579607,1.458664583601795,9.417492624997976,9.208955791997141,True,True,189.0,182.0,True,True,True,0.016929006643834343,-0.20853683300083503,0.9778564378752694,-7.0
v200_s0_p30,200,0.3,h3,2,1.4666663414056769,1.4491760512658753,9.278474083010224,8.626687374999165,True,True,173.0,195.0,True,True,True,-0.017490290139801523,-0.6517867080110591,0.9297528125659645,22.0
v200_s0_p30,200,0.3,h3,3,1.4393110217532388,1.4622939078648942,9.851334167004097,9.232390332996147,True,True,180.0,202.0,True,True,True,0.022982886111655443,-0.6189438340079505,0.9371715725489213,22.0
v200_s0_p30,200,0.3,h3,4,1.469397593821618,1.4333340719163532,9.960623500024667,9.401266791013768,True,True,185.0,196.0,True,True,True,-0.03606352190526474,-0.5593567090108991,0.9438432032884775,11.0
v200_s0_p30,200,0.3,h4,0,1.4568500226741792,1.4720493919118536,15.24489524999808,14.949050625000382,True,True,231.0,228.0,True,True,True,0.015199369237674398,-0.2958446249976987,0.9805938564912254,-3.0
v200_s0_p30,200,0.3,h4,1,1.4542732869448012,1.4659249536058914,15.06787958300265,13.529448791989125,True,True,214.0,200.0,True,True,True,0.011651666661090188,-1.5384307910135249,0.8978999810465067,-14.0
v200_s0_p30,200,0.3,h4,2,1.4428854547184116,1.440747056056772,14.983191583000007,14.43836812498921,True,True,258.0,196.0,True,True,True,-0.0021383986616396733,-0.5448234580107965,0.9636376899412435,-62.0
v200_s0_p30,200,0.3,h4,3,1.4559588465694298,1.4665869945241943,15.198210834001657,15.648819374997402,True,True,227.0,227.0,True,True,True,0.010628147954764522,0.450608540995745,1.0296487886579146,0.0
v200_s0_p30,200,0.3,h4,4,1.4445341500347983,1.4673851583230038,15.633301167021273,13.59920583400526,True,True,232.0,190.0,True,True,True,0.02285100828820541,-2.034095333016012,0.8698870244176596,-42.0
v200_s0_p30,200,0.3,h2+3,0,1.4642950831273835,1.4492979779154596,11.479149332997622,10.973941958000069,True,True,230.0,193.0,True,True,True,-0.014997105211923989,-0.5052073749975534,0.9559891277356851,-37.0
v200_s0_p30,200,0.3,h2+3,1,1.4422949457019991,1.467592023345192,10.018419874992105,10.034581542000524,True,True,189.0,182.0,True,True,True,0.02529707764319289,0.01616166700841859,1.0016131952154212,-7.0
v200_s0_p30,200,0.3,h2+3,2,1.4683714567816442,1.4445121736164634,9.897763792003389,9.33150591699814,True,True,173.0,195.0,True,True,True,-0.02385928316518071,-0.5662578750052489,0.9427893121209115,22.0
v200_s0_p30,200,0.3,h2+3,3,1.466540994181701,1.4699260930303786,10.499183709005592,9.964333875017473,True,True,180.0,202.0,True,True,True,0.003385098848677659,-0.5348498339881189,0.949057960236532,22.0
v200_s0_p30,200,0.3,h2+3,4,1.453727737017332,1.440280308399042,10.69823149999138,10.114085209002951,True,True,185.0,196.0,True,True,True,-0.013447428618289958,-0.5841462909884285,0.9453978640311813,11.0
v200_s0_p30,200,0.3,h2+3+4,0,1.4492069169663746,1.475039789844448,17.723615249997238,17.023875375001808,True,True,235.0,235.0,True,True,True,0.025832872878073454,-0.69973987499543,0.9605193486133965,0.0
v200_s0_p30,200,0.3,h2+3+4,1,1.4553867980149702,1.4558288656486116,17.358882166998228,15.279246125006466,True,True,217.0,206.0,True,True,True,0.00044206763364140755,-2.079636041991762,0.880197582886676,-11.0
v200_s0_p30,200,0.3,h2+3+4,2,1.442156264589724,1.4510741879561369,17.045519499995862,16.49634933299967,True,True,260.0,200.0,True,True,True,0.00891792336641295,-0.5491701669961913,0.9677821396410755,-60.0
v200_s0_p30,200,0.3,h2+3+4,3,1.4513345917064782,1.464760107912765,17.210039707977558,17.520419749984285,True,True,233.0,235.0,True,True,True,0.013425516206286847,0.3103800420067273,1.018034824281251,2.0
v200_s0_p30,200,0.3,h2+3+4,4,1.4559707642302084,1.4758521391367092,18.115745041985065,15.49404599997797,True,True,236.0,198.0,True,True,True,0.01988137490650077,-2.6216990420070942,0.8552806392488389,-38.0
v200_s0_p50,200,0.5,h2,0,2.0917778298953436,2.056740175245783,2.471517457990558,1.2076172499946551,True,True,291.0,198.0,True,True,True,-0.03503765464956077,-1.2639002079959027,0.4886136839091948,-93.0
v200_s0_p50,200,0.5,h2,1,2.016931590478104,2.0019293051258154,2.2142414590052795,1.0998961250006687,True,True,291.0,198.0,True,True,True,-0.015002285352288869,-1.1143453340046108,0.49673721017525496,-93.0
v200_s0_p50,200,0.5,h2,2,1.9660715296816416,1.8680403281355236,2.2993303330003982,1.080089582988876,True,True,291.0,198.0,True,True,True,-0.098031201546118,-1.2192407500115223,0.4697409360835361,-93.0
v200_s0_p50,200,0.5,h2,3,1.9924138029637524,2.081897050927824,2.2968268750119023,1.1437837920093443,True,True,291.0,198.0,True,True,True,0.08948324796407148,-1.153043083002558,0.49798432979560864,-93.0
v200_s0_p50,200,0.5,h2,4,2.041293103613984,1.9970530423016144,2.2748571670090314,1.1626811669848394,True,True,291.0,198.0,True,True,True,-0.04424006131236968,-1.112176000024192,0.5111007336401369,-93.0
v200_s0_p50,200,0.5,h3,0,1.7655769534235575,1.869572460390612,7.204646916987258,3.216442958000698,True,True,194.0,99.0,True,True,True,0.10399550696705462,-3.98820395898656,0.44644005390700076,-95.0
v200_s0_p50,200,0.5,h3,1,1.8070577709096012,1.8786877898005563,7.148664041000302,2.792250000013155,True,True,197.0,86.0,True,True,True,0.0716300188909551,-4.356414040987147,0.39059745765062415,-111.0
v200_s0_p50,200,0.5,h3,2,1.794640147311771,1.8749387508262458,6.569303250013036,2.9067815839953255,True,True,194.0,92.0,True,True,True,0.08029860351447482,-3.6625216660177102,0.44247943402362455,-102.0
v200_s0_p50,200,0.5,h3,3,1.7765639457310836,1.9608923489806367,6.777375958015909,3.1088822079764213,True,True,194.0,99.0,True,True,True,0.18432840324955313,-3.668493750039488,0.4587147337310402,-95.0
v200_s0_p50,200,0.5,h3,4,1.7823441306070915,1.8698460264803185,7.152060958003858,3.0254428749904037,True,True,198.0,99.0,True,True,True,0.08750189587322699,-4.1266180830134545,0.4230169307498192,-99.0
v200_s0_p50,200,0.5,h4,0,1.86630497943706,1.8887489706120675,5.823309583007358,4.100205958005972,True,True,216.0,155.0,True,True,True,0.022443991175007394,-1.7231036250013858,0.7041023492844226,-61.0
v200_s0_p50,200,0.5,h4,1,1.8377253681653116,1.912645802020444,5.466009958006907,3.409529457989265,True,True,197.0,118.0,True,True,True,0.07492043385513236,-2.056480500017642,0.6237693462293828,-79.0
v200_s0_p50,200,0.5,h4,2,1.938464796960049,1.937958184164567,5.428000375002739,3.420811792006134,True,True,224.0,119.0,True,True,True,-0.000506612795482031,-2.007188582996605,0.6302158356067556,-105.0
v200_s0_p50,200,0.5,h4,3,1.8281155059826482,1.9536416870694928,5.620808665989898,3.996445708005922,True,True,210.0,140.0,True,True,True,0.12552618108684466,-1.6243629579839762,0.7110090283249475,-70.0
v200_s0_p50,200,0.5,h4,4,1.8299710694250493,1.9285761057737856,5.422746958996868,3.7614027909876313,True,True,210.0,132.0,True,True,True,0.0986050363487363,-1.6613441680092365,0.6936342077970458,-78.0
v200_s0_p50,200,0.5,h2+3,0,1.8182253931993708,1.8468491392872033,7.49693395900249,3.516052666993346,True,True,194.0,100.0,True,True,True,0.02862374608783247,-3.980881292009144,0.4689987515191046,-94.0
v200_s0_p50,200,0.5,h2+3,1,1.8085037547582326,1.8808717373244572,7.380223790998571,3.0977609169931384,True,True,197.0,88.0,True,True,True,0.07236798256622468,-4.282462874005432,0.4197380736301494,-109.0
v200_s0_p50,200,0.5,h2+3,2,1.815910363535089,1.840309202088456,7.054550249988097,3.2396872079989407,True,True,194.0,94.0,True,True,True,0.024398838553366886,-3.814863041989156,0.45923369927153146,-100.0
v200_s0_p50,200,0.5,h2+3,3,1.7966790005662476,1.9051730924615045,7.341933792020427,3.3995578750036657,True,True,194.0,100.0,True,True,True,0.10849409189525683,-3.9423759170167614,0.46303303343575114,-94.0
v200_s0_p50,200,0.5,h2+3,4,1.8160715721931215,1.8470465846971253,7.498754207976162,3.3321339579997584,True,True,198.0,100.0,True,True,True,0.030975012504003807,-4.166620249976404,0.44435833814308573,-98.0
v200_s0_p50,200,0.5,h2+3+4,0,1.8344715657614117,1.851243439271424,6.887807292005164,4.855569958002889,True,True,217.0,156.0,True,True,True,0.016771873510012414,-2.032237334002275,0.7049514819671073,-61.0
v200_s0_p50,200,0.5,h2+3+4,1,1.8255047626683982,1.8921524420103302,6.5816613330098335,4.124844958001631,True,True,198.0,119.0,True,True,True,0.06664767934193194,-2.456816375008202,0.626717898308407,-79.0
v200_s0_p50,200,0.5,h2+3+4,2,1.8695466503525968,1.912857466513149,6.4410562080011005,4.163493124986417,True,True,225.0,122.0,True,True,True,0.04331081616055221,-2.277563083014684,0.6463991293562246,-103.0
v200_s0_p50,200,0.5,h2+3+4,3,1.8686673791087067,1.86307278723554,6.789867792016594,4.839585332985735,True,True,211.0,141.0,True,True,True,-0.005594591873166799,-1.9502824590308592,0.7127657682342553,-70.0
v200_s0_p50,200,0.5,h2+3+4,4,1.8016164383426405,1.96183802270041,6.554121834022226,4.589899457991123,True,True,211.0,134.0,True,True,True,0.16022158435776945,-1.9642223760311026,0.7003073141187443,-77.0
v200_s1_p0,200,0.0,h2,0,1.3057758607249812,1.3057758607249812,24.948065333999693,24.66012737499841,True,True,448.0,448.0,True,True,True,0.0,-0.28793795900128316,0.988458505493455,0.0
v200_s1_p0,200,0.0,h2,1,1.311152743334272,1.311152743334272,22.881965791006223,22.47650279098889,True,True,438.0,438.0,True,True,True,0.0,-0.4054630000173347,0.982280237470825,0.0
v200_s1_p0,200,0.0,h2,2,1.303138022362884,1.303138022362884,22.408634750012425,22.30126508399553,True,True,440.0,440.0,True,True,True,0.0,-0.10736966601689346,0.9952085583430363,0.0
v200_s1_p0,200,0.0,h2,3,1.318081632912031,1.318081632912031,23.169482875004178,22.958880249992944,True,True,439.0,439.0,True,True,True,0.0,-0.2106026250112336,0.9909103441735233,0.0
v200_s1_p0,200,0.0,h2,4,1.310222175995427,1.310222175995427,22.909355834010057,22.829270291986177,True,True,440.0,440.0,True,True,True,0.0,-0.08008554202388041,0.9965042429562777,0.0
v200_s1_p0,200,0.0,h3,0,1.3129110324348767,1.3129110324348767,35.045025832994725,34.62729279200721,True,True,272.0,272.0,True,True,True,0.0,-0.41773304098751396,0.988080104635157,0.0
v200_s1_p0,200,0.0,h3,1,1.31380143139942,1.31380143139942,33.779494834001525,33.75617283298925,True,True,237.0,237.0,True,True,True,0.0,-0.023322001012274995,0.9993095811193482,0.0
v200_s1_p0,200,0.0,h3,2,1.3163842100111136,1.3163842100111136,32.5526804169931,32.840434999990975,True,True,263.0,263.0,True,True,True,0.0,0.28775458299787715,1.0088396586490513,0.0
v200_s1_p0,200,0.0,h3,3,1.3222182331208636,1.3222182331208636,34.06932666600915,34.292592042009346,True,True,237.0,237.0,True,True,True,0.0,0.22326537600019947,1.006553266467193,0.0
v200_s1_p0,200,0.0,h3,4,1.325311214260342,1.325311214260342,33.4928010419826,33.253511457995046,True,True,253.0,253.0,True,True,True,0.0,-0.2392895839875564,0.9928554920298361,0.0
v200_s1_p0,200,0.0,h4,0,1.3412195383483296,1.3412195383483296,93.656705625006,94.28264029099955,True,True,139.0,139.0,True,True,True,0.0,0.6259346659935545,1.006683287243732,0.0
v200_s1_p0,200,0.0,h4,1,1.3373179969109745,1.3373179969109745,77.53766991700104,77.83309570899291,True,True,189.0,189.0,True,True,True,0.0,0.2954257919918746,1.0038100937558236,0.0
v200_s1_p0,200,0.0,h4,2,1.3417929229480865,1.3417929229480865,73.33407191699371,74.04944779200014,True,True,204.0,204.0,True,True,True,0.0,0.7153758750064299,1.0097550273195814,0.0
v200_s1_p0,200,0.0,h4,3,1.333683736141021,1.333683736141021,80.84381425002357,80.32314675001544,True,True,198.0,198.0,True,True,True,0.0,-0.5206675000081304,0.9935595876463983,0.0
v200_s1_p0,200,0.0,h4,4,1.3383751341483843,1.3383751341483843,79.00563745800173,80.3572271670273,True,True,212.0,212.0,True,True,True,0.0,1.3515897090255748,1.0171075096982043,0.0
v200_s1_p0,200,0.0,h2+3,0,1.3224542236797128,1.3224542236797128,35.5992815829959,35.56313404100365,True,True,272.0,272.0,True,True,True,0.0,-0.0361475419922499,0.9989845991159126,0.0
v200_s1_p0,200,0.0,h2+3,1,1.3293231725003325,1.3293231725003325,34.74043445799907,34.30021766699792,True,True,237.0,237.0,True,True,True,0.0,-0.4402167910011485,0.987328402828889,0.0
v200_s1_p0,200,0.0,h2+3,2,1.321098713263302,1.321098713263302,33.84149549998983,34.17693337499804,True,True,263.0,263.0,True,True,True,0.0,0.33543787500821054,1.0099120287106789,0.0
v200_s1_p0,200,0.0,h2+3,3,1.3335212724879746,1.3335212724879746,35.4271505420038,35.35747270900174,True,True,237.0,237.0,True,True,True,0.0,-0.06967783300206065,0.9980332080922103,0.0
v200_s1_p0,200,0.0,h2+3,4,1.3311111518994625,1.3311111518994625,34.468598833016586,35.45470270799706,True,True,253.0,253.0,True,True,True,0.0,0.986103874980472,1.028608760099523,0.0
v200_s1_p0,200,0.0,h2+3+4,0,1.3389952721762002,1.3389952721762002,98.27232466600253,100.25104045800981,True,True,139.0,139.0,True,True,True,0.0,1.9787157920072787,1.0201350257942134,0.0
v200_s1_p0,200,0.0,h2+3+4,1,1.337819856860076,1.337819856860076,81.5912665000069,81.22506941600295,True,True,189.0,189.0,True,True,True,0.0,-0.366197084003943,0.9955118102744009,0.0
v200_s1_p0,200,0.0,h2+3+4,2,1.3497498286889151,1.3497498286889151,76.96852720799507,77.31552445799753,True,True,204.0,204.0,True,True,True,0.0,0.3469972500024596,1.0045083005039808,0.0
v200_s1_p0,200,0.0,h2+3+4,3,1.329605542140711,1.329605542140711,82.98048462497536,83.83252841699868,True,True,198.0,198.0,True,True,True,0.0,0.8520437920233235,1.0102680021197041,0.0
v200_s1_p0,200,0.0,h2+3+4,4,1.3383751522765444,1.3383751522765444,82.14809429098386,81.59215908398619,True,True,212.0,212.0,True,True,True,0.0,-0.555935206997674,0.9932325246033287,0.0
v200_s1_p10,200,0.1,h2,0,1.3368149105919056,1.3420240243424804,18.398334458994213,17.897256041993387,True,True,380.0,327.0,True,True,True,0.0052091137505747565,-0.5010784170008264,0.9727650120657596,-53.0
v200_s1_p10,200,0.1,h2,1,1.3331695209452643,1.331725801627178,17.230290791994776,17.013466292002704,True,True,414.0,333.0,True,True,True,-0.0014437193180862895,-0.21682449999207165,0.987416085856612,-81.0
v200_s1_p10,200,0.1,h2,2,1.3355099006939228,1.3326028736757105,16.82334925000032,18.1477853749966,True,True,319.0,426.0,True,True,True,-0.002907027018212327,1.3244361249962822,1.0787260672839123,107.0
v200_s1_p10,200,0.1,h2,3,1.3270372479279233,1.317342796232212,18.87710458401125,18.363796458987053,True,True,423.0,426.0,True,True,True,-0.00969445169571137,-0.5133081250241958,0.9728078994985829,3.0
v200_s1_p10,200,0.1,h2,4,1.3335336549268648,1.3156565411835253,17.03845704201376,16.880714833008824,True,True,391.0,393.0,True,True,True,-0.017877113743339557,-0.15774220900493674,0.9907419898048295,2.0
v200_s1_p10,200,0.1,h3,0,1.3536167852248353,1.352579920707431,21.011502875000588,21.192858583002817,True,True,257.0,242.0,True,True,True,-0.0010368645174043678,0.18135570800222922,1.0086312582722488,-15.0
v200_s1_p10,200,0.1,h3,1,1.3554829695011772,1.3673235577236813,19.886733125007595,23.98747787499451,True,True,257.0,205.0,True,True,True,0.011840588222504111,4.100744749986916,1.2062050475666224,-52.0
v200_s1_p10,200,0.1,h3,2,1.3540612840537487,1.3722305666137218,19.81794045899005,22.95725662499899,True,True,251.0,237.0,True,True,True,0.018169282559973077,3.139316166008939,1.158407790784579,-14.0
v200_s1_p10,200,0.1,h3,3,1.3508089491468775,1.360094478525402,20.316047292028088,25.07848341698991,True,True,258.0,214.0,True,True,True,0.00928552937852456,4.762436124961823,1.2344174561372763,-44.0
v200_s1_p10,200,0.1,h3,4,1.3500366705460871,1.3538355803186182,19.870832250016974,23.237113207986113,True,True,242.0,233.0,True,True,True,0.003798909772531056,3.3662809579691384,1.16940815138562,-9.0
v200_s1_p10,200,0.1,h4,0,1.3558080653991762,1.3627916585090212,55.71820070799731,53.525125457992544,True,True,170.0,220.0,True,True,True,0.006983593109844977,-2.1930752500047674,0.9606398766984952,50.0
v200_s1_p10,200,0.1,h4,1,1.373661954251804,1.3481954759367019,48.63091666701075,48.92355525000312,True,True,206.0,181.0,True,True,True,-0.02546647831510218,0.29263858299236745,1.006017541988693,-25.0
v200_s1_p10,200,0.1,h4,2,1.3695120035603838,1.3494997344224695,40.21799391601235,48.962822125002276,True,True,251.0,180.0,True,True,True,-0.020012269137914318,8.74482820898993,1.2174357136572214,-71.0
v200_s1_p10,200,0.1,h4,3,1.3560595355928526,1.3577085128021265,43.01569749999908,48.47108054099954,True,True,195.0,249.0,True,True,True,0.0016489772092738164,5.455383041000459,1.1268230752506239,54.0
v200_s1_p10,200,0.1,h4,4,1.3598281867490547,1.366148694410017,39.18182183301542,51.62345870799618,True,True,267.0,176.0,True,True,True,0.00632050766096226,12.441636874980759,1.317535946337676,-91.0
v200_s1_p10,200,0.1,h2+3,0,1.349332768641184,1.3629824755088524,21.98756316700019,22.396826957992744,True,True,257.0,242.0,True,True,True,0.01364970686766842,0.4092637909925543,1.0186134219551348,-15.0
v200_s1_p10,200,0.1,h2+3,1,1.3562564454668766,1.3639804941010978,20.496752708990243,24.81725724998978,True,True,257.0,205.0,True,True,True,0.007724048634221159,4.320504540999536,1.2107897090988704,-52.0
v200_s1_p10,200,0.1,h2+3,2,1.3562936843307425,1.3653442310760269,20.568455667002127,24.046192042005714,True,True,251.0,237.0,True,True,True,0.009050546745284382,3.4777363750035875,1.1690810642912246,-14.0
v200_s1_p10,200,0.1,h2+3,3,1.3406675340990435,1.3528819430848371,20.638218833017163,25.643936375010526,True,True,258.0,214.0,True,True,True,0.012214408985793623,5.005717541993363,1.242546005665236,-44.0
v200_s1_p10,200,0.1,h2+3,4,1.3505003915682272,1.3601764703749695,20.648388291010633,23.988224375003483,True,True,242.0,233.0,True,True,True,0.009676078806742261,3.33983608399285,1.1617480278326062,-9.0
v200_s1_p10,200,0.1,h2+3+4,0,1.3591376226370273,1.3638801520227712,60.09228179200727,56.211422916996526,True,True,177.0,224.0,True,True,True,0.004742529385743932,-3.8808588750107447,0.9354183472605807,47.0
v200_s1_p10,200,0.1,h2+3+4,1,1.3756967095579173,1.3479359804071047,52.59323883400066,51.41088995798782,True,True,212.0,186.0,True,True,True,-0.027760729150812624,-1.1823488760128384,0.9775189947942801,-26.0
v200_s1_p10,200,0.1,h2+3+4,2,1.3609217887779552,1.35933488782295,42.292682250001235,53.0005764580128,True,True,258.0,186.0,True,True,True,-0.0015869009550051327,10.707894208011567,1.2531855072401148,-72.0
v200_s1_p10,200,0.1,h2+3+4,3,1.3653623601412723,1.353742668066189,45.87125745799858,51.95933475001948,True,True,200.0,253.0,True,True,True,-0.011619692075083288,6.088077292020898,1.1327209592541772,53.0
v200_s1_p10,200,0.1,h2+3+4,4,1.3599180226529703,1.3633036303451007,41.72173049999401,55.549962166987825,True,True,272.0,186.0,True,True,True,0.0033856076921303657,13.828231666993815,1.331439552033821,-86.0
v200_s1_p30,200,0.3,h2,0,1.4768393165321572,1.4832152093439788,7.308106833006605,5.96383412501018,True,True,407.0,379.0,True,True,True,0.006375892811821604,-1.3442727079964243,0.816057326649208,-28.0
v200_s1_p30,200,0.3,h2,1,1.4764119769119686,1.487030539602756,6.734943333998672,5.444134874996962,True,True,407.0,379.0,True,True,True,0.010618562690787536,-1.2908084590017097,0.8083416006656539,-28.0
v200_s1_p30,200,0.3,h2,2,1.491609145112266,1.5017625827550514,6.711375375001808,5.419816958994488,True,True,407.0,379.0,True,True,True,0.010153437642785423,-1.2915584160073195,0.807556820496429,-28.0
v200_s1_p30,200,0.3,h2,3,1.4974860222831219,1.4648079466596833,6.975975792011013,5.545359082985669,True,True,407.0,379.0,True,True,True,-0.03267807562343861,-1.4306167090253439,0.794922351843063,-28.0
v200_s1_p30,200,0.3,h2,4,1.4818237870448987,1.4887093113474945,6.865072500018869,5.490046542021446,True,True,407.0,379.0,True,True,True,0.0068855243025958135,-1.3750259579974227,0.7997070012015688,-28.0
v200_s1_p30,200,0.3,h3,0,1.4930673959624996,1.488491497893503,10.308202041996992,9.72039129100449,True,True,209.0,218.0,True,True,True,-0.004575898068996498,-0.587810750992503,0.9429764037804378,9.0
v200_s1_p30,200,0.3,h3,1,1.500360218299294,1.4974033696621627,9.233777166999062,8.320298999999068,True,True,222.0,214.0,True,True,True,-0.002956848637131193,-0.9134781669999938,0.9010721018626368,-8.0
v200_s1_p30,200,0.3,h3,2,1.5045108152595512,1.4889577922077961,9.676516541992896,9.06815787499363,True,True,206.0,208.0,True,True,True,-0.0155530230517551,-0.6083586669992656,0.9371304059307718,2.0
v200_s1_p30,200,0.3,h3,3,1.4775488454175563,1.4944699978971347,9.533302875002846,8.720332374999998,True,True,208.0,214.0,True,True,True,0.016921152479578483,-0.812970500002848,0.9147231016718741,6.0
v200_s1_p30,200,0.3,h3,4,1.4855308949146973,1.4997857405715456,9.325466208014404,8.991097749996698,True,True,203.0,227.0,True,True,True,0.014254845656848314,-0.33436845801770687,0.964144585315172,24.0
v200_s1_p30,200,0.3,h4,0,1.4845085166090337,1.4921058095310824,21.08293954200053,20.370000082999468,True,True,147.0,109.0,True,True,True,0.007597292922048693,-0.7129394590010634,0.9661840580825659,-38.0
v200_s1_p30,200,0.3,h4,1,1.4927149854612216,1.4974730533983027,19.027794459005236,17.626902374991914,True,True,157.0,154.0,True,True,True,0.004758067937081112,-1.4008920840133214,0.9263765389608608,-3.0
v200_s1_p30,200,0.3,h4,2,1.468602091445687,1.4910718754305592,19.228972208991763,17.614008708987967,True,True,149.0,130.0,True,True,True,0.022469783984872205,-1.614963500003796,0.9160140499215754,-19.0
v200_s1_p30,200,0.3,h4,3,1.4653791078408103,1.4988292889411163,19.631627124996157,16.76556662499206,True,True,160.0,121.0,True,True,True,0.033450181100306065,-2.866060500004096,0.8540080003681989,-39.0
v200_s1_p30,200,0.3,h4,4,1.4674621565620483,1.4898837341469469,16.21598766601528,17.50451891697594,True,True,195.0,123.0,True,True,True,0.0224215775848986,1.2885312509606592,1.079460547053887,-72.0
v200_s1_p30,200,0.3,h2+3,0,1.491195552074954,1.4855801735952396,11.143927458004327,10.366235458001029,True,True,209.0,218.0,True,True,True,-0.0056153784797143835,-0.7776920000032987,0.9302138314401259,9.0
v200_s1_p30,200,0.3,h2+3,1,1.4982776690088275,1.4894393359292826,9.859916499990504,9.000450209001428,True,True,222.0,214.0,True,True,True,-0.008838333079544958,-0.8594662909890758,0.9128322951832398,-8.0
v200_s1_p30,200,0.3,h2+3,2,1.4961798295227926,1.4859525431994105,10.529854042004445,9.814778291998664,True,True,206.0,208.0,True,True,True,-0.010227286323382101,-0.7150757500057807,0.9320906303968426,2.0
v200_s1_p30,200,0.3,h2+3,3,1.4844865072113753,1.5016384347785057,10.148634832992684,9.44975870900089,True,True,208.0,214.0,True,True,True,0.017151927567130354,-0.6988761239917949,0.9311359472980755,6.0
v200_s1_p30,200,0.3,h2+3,4,1.4890593760650412,1.488085584850659,9.930573457997525,9.682379791978747,True,True,203.0,228.0,True,True,True,-0.0009737912143823468,-0.24819366601877846,0.9750071164501686,25.0
v200_s1_p30,200,0.3,h2+3+4,0,1.5127683466031556,1.4874199886517891,23.47552325000288,22.72890520800138,True,True,150.0,116.0,True,True,True,-0.025348357951366474,-0.7466180420015007,0.9681958934823142,-34.0
v200_s1_p30,200,0.3,h2+3+4,1,1.4975438801148704,1.5168494692075014,21.256149500011816,19.76794858300127,True,True,161.0,159.0,True,True,True,0.019305589092631026,-1.4882009170105448,0.9299872765286245,-2.0
v200_s1_p30,200,0.3,h2+3+4,2,1.4825002782672523,1.5131290933382855,21.42854462499963,19.676027333000093,True,True,153.0,137.0,True,True,True,0.03062881507103321,-1.7525172919995384,0.91821575740823,-16.0
v200_s1_p30,200,0.3,h2+3+4,3,1.456791197147373,1.498641014415522,22.44433204102097,18.892615624994505,True,True,164.0,128.0,True,True,True,0.04184981726814896,-3.5517164160264656,0.8417544166814553,-36.0
v200_s1_p30,200,0.3,h2+3+4,4,1.478324684388766,1.5059163893058491,18.135359083971707,19.23147233299096,True,True,198.0,129.0,True,True,True,0.02759170491708307,1.096113249019254,1.060440669740475,-69.0
v200_s1_p50,200,0.5,h2,0,1.835300665488797,1.871373425565281,4.122540915996069,1.791728083990165,True,True,291.0,196.0,True,True,True,0.03607276007648408,-2.330812832005904,0.434617416903734,-95.0
v200_s1_p50,200,0.5,h2,1,1.8618450502349897,1.9058918747955405,3.579371166997589,1.7056339999980992,True,True,291.0,196.0,True,True,True,0.04404682456055076,-1.87373716699949,0.4765177793586579,-95.0
v200_s1_p50,200,0.5,h2,2,1.8169969329328939,1.7991485261052234,3.672575417003827,1.656268666003598,True,True,291.0,196.0,True,True,True,-0.017848406827670527,-2.0163067510002293,0.450982887467787,-95.0
v200_s1_p50,200,0.5,h2,3,1.8703419628024287,2.0274589559248315,3.4571887089987285,1.695957083022222,True,True,291.0,196.0,True,True,True,0.1571169931224028,-1.7612316259765066,0.4905595921356012,-95.0
v200_s1_p50,200,0.5,h2,4,1.8201310128518726,1.8617025983364728,3.6880032919871155,1.6693789580021985,True,True,291.0,196.0,True,True,True,0.04157158548460016,-2.018624333984917,0.4526511572343875,-95.0
v200_s1_p50,200,0.5,h3,0,1.751973631149246,1.7690549975240533,7.696056542001315,3.3160684169997694,True,True,222.0,114.0,True,True,True,0.017081366374807283,-4.379988125001546,0.4308789051772539,-108.0
v200_s1_p50,200,0.5,h3,1,1.7822855527974157,1.7542659376825156,7.158208791006473,2.9320308750029653,True,True,222.0,120.0,True,True,True,-0.028019615114900143,-4.226177916003508,0.40960398901562495,-102.0
v200_s1_p50,200,0.5,h3,2,1.7441239630405672,1.7459657716613868,7.0596824169915635,2.709452999988571,True,True,222.0,113.0,True,True,True,0.0018418086208196183,-4.350229417002993,0.38379247676458317,-109.0
v200_s1_p50,200,0.5,h3,3,1.758654839634313,1.807597117726875,7.293808999995235,2.9005418329907116,True,True,222.0,114.0,True,True,True,0.04894227809256213,-4.393267167004524,0.3976717560046618,-108.0
v200_s1_p50,200,0.5,h3,4,1.7350177171807255,1.7280631911852435,7.177202582999598,2.7486065829871222,True,True,222.0,122.0,True,True,True,-0.006954525995481964,-4.428596000012476,0.38296349464868884,-100.0
v200_s1_p50,200,0.5,h4,0,1.7876696831635734,1.8051082517323882,6.868039082997711,3.7911308339971583,True,True,150.0,133.0,True,True,True,0.01743856856881476,-3.076908249000553,0.551996106629963,-17.0
v200_s1_p50,200,0.5,h4,1,1.7808956552200552,1.728906035309458,5.70002195800771,3.5360494170017773,True,True,177.0,141.0,True,True,True,-0.05198961991059714,-2.1639725410059327,0.6203571570516736,-36.0
v200_s1_p50,200,0.5,h4,2,1.7481628471948114,1.7953747544926113,5.672841040999629,3.708270333998371,True,True,133.0,140.0,True,True,True,0.04721190729779989,-1.9645707070012577,0.6536883912659265,7.0
v200_s1_p50,200,0.5,h4,3,1.7562416719012528,1.8487136975047216,6.030057292024139,3.95487666700501,True,True,160.0,112.0,True,True,True,0.09247202560346879,-2.0751806250191294,0.6558605458419213,-48.0
v200_s1_p50,200,0.5,h4,4,1.7474165083692765,1.807656213574477,5.627589666983113,3.7300313749874476,True,True,183.0,138.0,True,True,True,0.06023970520520039,-1.897558291995665,0.6628115402356752,-45.0
v200_s1_p50,200,0.5,h2+3,0,1.7394400860843664,1.7640042982295037,8.21917070800555,3.572929791000206,True,True,222.0,116.0,True,True,True,0.024564212145137265,-4.646240917005343,0.4347068479208175,-106.0
v200_s1_p50,200,0.5,h2+3,1,1.713396520097288,1.7278046509071001,7.699588374991436,3.2393272500048624,True,True,222.0,121.0,True,True,True,0.01440813080981207,-4.460261124986573,0.420714341110276,-101.0
v200_s1_p50,200,0.5,h2+3,2,1.736864670013187,1.7670047909750093,7.71440187501139,2.970357291997061,True,True,222.0,114.0,True,True,True,0.030140120961822392,-4.744044583014329,0.3850405177384767,-108.0
v200_s1_p50,200,0.5,h2+3,3,1.7691166900991369,1.7870187437923022,7.865516165998997,3.2292139169876464,True,True,222.0,115.0,True,True,True,0.017902053693165332,-4.636302249011351,0.4105533379928544,-107.0
v200_s1_p50,200,0.5,h2+3,4,1.7676052214137865,1.7495490551607369,7.7370998749975115,3.0869600829901174,True,True,222.0,123.0,True,True,True,-0.01805616625304962,-4.650139792007394,0.3989815477199214,-99.0
v200_s1_p50,200,0.5,h2+3+4,0,1.747688243045334,1.8144709491886473,8.018512333001127,4.630431249999674,True,True,150.0,135.0,True,True,True,0.06678270614331328,-3.3880810830014525,0.5774676221351673,-15.0
v200_s1_p50,200,0.5,h2+3+4,1,1.775347323407686,1.7202213657138632,6.881865500006825,4.343694791008602,True,True,177.0,144.0,True,True,True,-0.05512595769382278,-2.538170708998223,0.6311798437508397,-33.0
v200_s1_p50,200,0.5,h2+3+4,2,1.7777761308488826,1.7816692471813462,6.660541833000025,4.49237591700512,True,True,133.0,142.0,True,True,True,0.0038931163324635865,-2.168165915994905,0.6744760455894735,9.0
v200_s1_p50,200,0.5,h2+3+4,3,1.742352645913035,1.8575246167067199,7.247026708995691,4.5969725830073,True,True,160.0,152.0,True,True,True,0.11517197079368491,-2.6500541259883903,0.6343253264543797,-8.0
v200_s1_p50,200,0.5,h2+3+4,4,1.7564953628210507,1.8417505770926863,6.646344374981709,4.618647541006794,True,True,183.0,153.0,True,True,True,0.08525521427163563,-2.0276968339749146,0.694915472389964,-30.0
v200_s2_p0,200,0.0,h2,0,1.2892596342100098,1.2892596342100098,28.091073000003234,28.3092144169932,True,True,548.0,548.0,True,True,True,0.0,0.21814141698996536,1.0077655067497757,0.0
v200_s2_p0,200,0.0,h2,1,1.298325896256172,1.298325896256172,25.826020791006158,26.40321341600793,True,True,548.0,548.0,True,True,True,0.0,0.5771926250017714,1.0223492666436163,0.0
v200_s2_p0,200,0.0,h2,2,1.2959697921425237,1.2959697921425237,25.77650629200798,26.137329000004684,True,True,548.0,548.0,True,True,True,0.0,0.3608227079967037,1.0139981230935309,0.0
v200_s2_p0,200,0.0,h2,3,1.2865807817949677,1.2865807817949677,26.640209333010716,26.498671624984127,True,True,549.0,549.0,True,True,True,0.0,-0.14153770802658983,0.9946870647202007,0.0
v200_s2_p0,200,0.0,h2,4,1.2947843601122389,1.2947843601122389,26.47489537502406,26.335157333000097,True,True,549.0,549.0,True,True,True,0.0,-0.13973804202396423,0.9947218661284761,0.0
v200_s2_p0,200,0.0,h3,0,1.3168442936181801,1.3168442936181801,36.19186875000014,37.302828999992926,True,True,253.0,253.0,True,True,True,0.0,1.110960249992786,1.0306964046998204,0.0
v200_s2_p0,200,0.0,h3,1,1.3230763974997946,1.3230763974997946,36.77069579200179,36.94519629099523,True,True,206.0,206.0,True,True,True,0.0,0.17450049899343867,1.0047456403865873,0.0
v200_s2_p0,200,0.0,h3,2,1.3224365287839033,1.3224365287839033,28.1823352920037,28.009551415991154,True,True,292.0,292.0,True,True,True,0.0,-0.17278387601254508,0.9938690717351032,0.0
v200_s2_p0,200,0.0,h3,3,1.3176162867004642,1.3176162867004642,28.694638250017306,28.379427334002685,True,True,318.0,318.0,True,True,True,0.0,-0.31521091601462103,0.9890149890279787,0.0
v200_s2_p0,200,0.0,h3,4,1.3201479729092782,1.3201479729092782,27.763406000012765,27.46789433300728,True,True,327.0,327.0,True,True,True,0.0,-0.2955116670054849,0.9893560729902754,0.0
v200_s2_p0,200,0.0,h4,0,1.3236248830734023,1.3236248830734023,66.87101816700306,66.13263804200687,True,True,245.0,245.0,True,True,True,0.0,-0.7383801249961834,0.9889581444213671,0.0
v200_s2_p0,200,0.0,h4,1,1.3252673821851209,1.3252673821851209,76.73349433399562,77.47835720800504,True,True,173.0,173.0,True,True,True,0.0,0.7448628740094136,1.0097071413269318,0.0
v200_s2_p0,200,0.0,h4,2,1.3279540886249628,1.3279540886249628,72.99310616700677,73.08870566698897,True,True,224.0,224.0,True,True,True,0.0,0.09559949998219963,1.0013097058750107,0.0
v200_s2_p0,200,0.0,h4,3,1.3185585004749896,1.3185585004749896,82.64023008398362,83.73359716599225,True,True,174.0,174.0,True,True,True,0.0,1.0933670820086263,1.0132304457634917,0.0
v200_s2_p0,200,0.0,h4,4,1.3428549022167418,1.3428549022167418,64.92124229200999,65.22925075000967,True,True,213.0,213.0,True,True,True,0.0,0.30800845799967647,1.004744340174735,0.0
v200_s2_p0,200,0.0,h2+3,0,1.3222083559935516,1.3222083559935516,38.43513541700668,37.75252075000026,True,True,253.0,253.0,True,True,True,0.0,-0.682614667006419,0.982239826669002,0.0
v200_s2_p0,200,0.0,h2+3,1,1.3207915107645334,1.3207915107645334,37.94798337499378,37.82214108300104,True,True,206.0,206.0,True,True,True,0.0,-0.12584229199273977,0.9966838213575359,0.0
v200_s2_p0,200,0.0,h2+3,2,1.3137853870724543,1.3137853870724543,28.962614791002125,29.218510999999125,True,True,292.0,292.0,True,True,True,0.0,0.25589620899700094,1.0088353973162845,0.0
v200_s2_p0,200,0.0,h2+3,3,1.3272764127274208,1.3272764127274208,29.23030500000459,30.271788791986182,True,True,318.0,318.0,True,True,True,0.0,1.041483791981591,1.0356302745380668,0.0
v200_s2_p0,200,0.0,h2+3,4,1.3244462998614994,1.3244462998614994,28.661392790992977,28.818262791988673,True,True,327.0,327.0,True,True,True,0.0,0.1568700009956956,1.0054732162578293,0.0
v200_s2_p0,200,0.0,h2+3+4,0,1.3239782172043784,1.3239782172043784,71.08089195899083,70.76966950000497,True,True,245.0,245.0,True,True,True,0.0,-0.311222458985867,0.995621573528292,0.0
v200_s2_p0,200,0.0,h2+3+4,1,1.3250805651635065,1.3250805651635065,79.54811512499873,80.47317537499475,True,True,173.0,173.0,True,True,True,0.0,0.9250602499960223,1.0116289399006175,0.0
v200_s2_p0,200,0.0,h2+3+4,2,1.3265914420587968,1.3265914420587968,77.8230422080087,78.46232299999974,True,True,224.0,224.0,True,True,True,0.0,0.639280791991041,1.0082145438401438,0.0
v200_s2_p0,200,0.0,h2+3+4,3,1.3211310856229428,1.3211310856229428,87.50329625001177,87.91300404199865,True,True,174.0,174.0,True,True,True,0.0,0.40970779198687524,1.004682198380462,0.0
v200_s2_p0,200,0.0,h2+3+4,4,1.3433530975585368,1.3433530975585368,69.02450129200588,70.56379958300386,True,True,213.0,213.0,True,True,True,0.0,1.5392982909979764,1.022300752083467,0.0
v200_s2_p10,200,0.1,h2,0,1.339709233396407,1.3520561420014627,8.764612541010138,8.462896208002348,True,True,527.0,522.0,True,True,True,0.012346908605055829,-0.3017163330077892,0.9655756222427357,-5.0
v200_s2_p10,200,0.1,h2,1,1.3390524955223395,1.3478229585880033,8.039674667001236,7.906185166997602,True,True,527.0,522.0,True,True,True,0.008770463065663758,-0.13348950000363402,0.983396156494797,-5.0
v200_s2_p10,200,0.1,h2,2,1.35370001432124,1.3493440896763598,7.985030541007291,7.869872875002329,True,True,527.0,522.0,True,True,True,-0.004355924644880327,-0.11515766600496136,0.9855783061300057,-5.0
v200_s2_p10,200,0.1,h2,3,1.3504648395295362,1.3496390130667646,8.441429958009394,8.086198333010543,True,True,527.0,522.0,True,True,True,-0.0008258264627716283,-0.35523162499885075,0.957918074690438,-5.0
v200_s2_p10,200,0.1,h2,4,1.3440511177822383,1.357231425888462,8.146082708000904,7.892760165996151,True,True,527.0,522.0,True,True,True,0.013180308106223615,-0.2533225420047529,0.9689025325318702,-5.0
v200_s2_p10,200,0.1,h3,0,1.3546434290862794,1.37019601796867,21.68413954100106,24.807210250000935,True,True,242.0,205.0,True,True,True,0.015552588882390639,3.123070708999876,1.1440255769934828,-37.0
v200_s2_p10,200,0.1,h3,1,1.3426360083244617,1.347582523004646,26.587868041999172,20.312354958005017,True,True,198.0,219.0,True,True,True,0.004946514680184366,-6.275513083994156,0.76397080525294,21.0
v200_s2_p10,200,0.1,h3,2,1.342714098087846,1.3495406949973492,19.831866125008673,21.275607499992475,True,True,237.0,234.0,True,True,True,0.0068265969095031576,1.4437413749838015,1.0727990682209776,-3.0
v200_s2_p10,200,0.1,h3,3,1.3528685699420833,1.3486367425148866,20.212924833002035,23.81605891601066,True,True,239.0,217.0,True,True,True,-0.004231827427196633,3.6031340830086265,1.1782589166475166,-22.0
v200_s2_p10,200,0.1,h3,4,1.3498725472601247,1.3472522596750243,20.99166041702847,21.40873070800444,True,True,246.0,223.0,True,True,True,-0.002620287585100467,0.41707029097597115,1.0198683802372128,-23.0
v200_s2_p10,200,0.1,h4,0,1.3604025955898045,1.3494864818319685,55.0581152090017,58.70821062500181,True,True,190.0,159.0,True,True,True,-0.010916113757835966,3.650095416000113,1.0662953209012747,-31.0
v200_s2_p10,200,0.1,h4,1,1.347640236717515,1.355684019846745,40.47053666699503,49.762577957997564,True,True,271.0,203.0,True,True,True,0.008043783129229931,9.292041291002533,1.229600150041511,-68.0
v200_s2_p10,200,0.1,h4,2,1.3620893536949068,1.363175273916501,52.06164687500859,54.70767675001116,True,True,189.0,137.0,True,True,True,0.001085920221594261,2.6460298750025686,1.0508249360869288,-52.0
v200_s2_p10,200,0.1,h4,3,1.3588240000507796,1.3466548742993816,55.271077541983686,51.41019616698031,True,True,159.0,182.0,True,True,True,-0.012169125751398058,-3.8608813750033733,0.9301464428286085,23.0
v200_s2_p10,200,0.1,h4,4,1.362965388812785,1.3611940791620596,54.25029799999902,54.01654887499171,True,True,171.0,205.0,True,True,True,-0.0017713096507254722,-0.23374912500730716,0.9956912840366828,34.0
v200_s2_p10,200,0.1,h2+3,0,1.3451945894697233,1.3536231273612105,22.98932183299621,26.09156591600913,True,True,242.0,208.0,True,True,True,0.008428537891487231,3.10224408301292,1.134942827176412,-34.0
v200_s2_p10,200,0.1,h2+3,1,1.3435021055856673,1.3491373398377369,27.674052417001803,21.307218209010898,True,True,198.0,219.0,True,True,True,0.005635234252069576,-6.366834207990905,0.7699348793572646,21.0
v200_s2_p10,200,0.1,h2+3,2,1.34950810781905,1.3524383225652026,20.567056750005577,22.244192707992624,True,True,237.0,235.0,True,True,True,0.002930214746152515,1.6771359579870477,1.081544772223502,-2.0
v200_s2_p10,200,0.1,h2+3,3,1.3550812440630522,1.3499562821321651,21.201439583004685,24.824619374994654,True,True,239.0,218.0,True,True,True,-0.005124961930887073,3.623179791989969,1.1708931026973448,-21.0
v200_s2_p10,200,0.1,h2+3,4,1.3468149024342553,1.357463009491925,21.809653457981767,22.135059041000204,True,True,246.0,225.0,True,True,True,0.010648107057669831,0.32540558301843703,1.0149202546315264,-21.0
v200_s2_p10,200,0.1,h2+3+4,0,1.3582071695055518,1.3568939122017178,58.92240520899941,61.82944362499984,True,True,196.0,170.0,True,True,True,-0.0013132573038339146,2.9070384160004323,1.04933672353817,-26.0
v200_s2_p10,200,0.1,h2+3+4,1,1.3473953298237342,1.3621276294894635,42.887146167005994,53.041291749992524,True,True,276.0,211.0,True,True,True,0.01473229966572931,10.15414558298653,1.236764310300468,-65.0
v200_s2_p10,200,0.1,h2+3+4,2,1.3626319729963177,1.370718712610697,53.40016175000346,58.03822175000096,True,True,196.0,148.0,True,True,True,0.008086739614379335,4.638059999997495,1.0868547930942773,-48.0
v200_s2_p10,200,0.1,h2+3+4,3,1.3555244376645381,1.3497709235209534,60.32231712498469,54.01919570800965,True,True,135.0,188.0,True,True,True,-0.005753514143584715,-6.303121416975046,0.8955092954417632,53.0
v200_s2_p10,200,0.1,h2+3+4,4,1.370548887112369,1.362834307721885,56.80630970900529,57.68625850000535,True,True,176.0,212.0,True,True,True,-0.007714579390484033,0.8799487910000607,1.0154903354135776,36.0
v200_s2_p30,200,0.3,h2,0,1.478531777755997,1.5032580298679548,7.368299333000323,5.701413082992076,True,True,410.0,380.0,True,True,True,0.02472625211195778,-1.6668862500082469,0.7737759861976858,-30.0
v200_s2_p30,200,0.3,h2,1,1.4881287570608834,1.4776238126055712,6.873325666994788,5.293271959002595,True,True,410.0,380.0,True,True,True,-0.010504944455312248,-1.5800537079921924,0.7701180208033069,-30.0
v200_s2_p30,200,0.3,h2,2,1.4963502251517158,1.5087533917784954,6.791773582997848,5.267982584002311,True,True,410.0,380.0,True,True,True,0.01240316662677965,-1.523790998995537,0.7756416670293439,-30.0
v200_s2_p30,200,0.3,h2,3,1.495266563698707,1.494540870840491,6.984112459002063,5.442621249996591,True,True,410.0,380.0,True,True,True,-0.0007256928582159983,-1.5414912090054713,0.7792860269569987,-30.0
v200_s2_p30,200,0.3,h2,4,1.488186938480268,1.5057728976774192,6.936650040996028,5.262202249985421,True,True,410.0,380.0,True,True,True,0.017585959197151224,-1.674447791010607,0.7586085817917124,-30.0
v200_s2_p30,200,0.3,h3,0,1.4560987567708763,1.4774250545657541,12.239546040989808,10.819587541001965,True,True,188.0,175.0,True,True,True,0.021326297794877824,-1.4199584999878425,0.8839860158838856,-13.0
v200_s2_p30,200,0.3,h3,1,1.460644969073358,1.4473608663809545,11.431833834009012,9.843904082998051,True,True,182.0,173.0,True,True,True,-0.013284102692403543,-1.587929751010961,0.8610957984460056,-9.0
v200_s2_p30,200,0.3,h3,2,1.4618424028511885,1.4910124685476254,11.09221333298774,9.736224082997069,True,True,195.0,179.0,True,True,True,0.029170065696436875,-1.355989249990671,0.8777530498842805,-16.0
v200_s2_p30,200,0.3,h3,3,1.4585244204427696,1.474191043601835,11.86695100000361,9.213141666987212,True,True,202.0,202.0,True,True,True,0.015666623159065418,-2.6538093330163974,0.7763697403810305,0.0
v200_s2_p30,200,0.3,h3,4,1.4476212819146084,1.4795198974671329,10.546218874980696,9.143432290991768,True,True,219.0,189.0,True,True,True,0.03189861555252449,-1.4027865839889273,0.866986775012149,-30.0
v200_s2_p30,200,0.3,h4,0,1.4571739995069408,1.4642913566751445,17.787221916005365,15.812233375007054,True,True,207.0,208.0,True,True,True,0.0071173571682037196,-1.9749885409983108,0.888965879532814,1.0
v200_s2_p30,200,0.3,h4,1,1.4528738452362802,1.474378947406588,19.315104374996736,14.36086741600593,True,True,103.0,204.0,True,True,True,0.021505102170307877,-4.954236958990805,0.7435045204620261,101.0
v200_s2_p30,200,0.3,h4,2,1.4811194346552568,1.46093874223209,16.81031187500048,18.898112916998798,True,True,207.0,112.0,True,True,True,-0.02018069242316667,2.0878010419983184,1.1241976387780883,-95.0
v200_s2_p30,200,0.3,h4,3,1.4607436107304146,1.4619298295227816,19.747217541997088,15.468165792000946,True,True,121.0,239.0,True,True,True,0.001186218792367022,-4.2790517499961425,0.7833086235619912,118.0
v200_s2_p30,200,0.3,h4,4,1.4500375443233466,1.4708768726388057,20.93452520799474,17.097379457991337,True,True,108.0,200.0,True,True,True,0.020839328315459094,-3.837145750003401,0.8167072951557542,92.0
v200_s2_p30,200,0.3,h2+3,0,1.4610435438375187,1.481103588831599,12.965899582995917,11.503458999999566,True,True,188.0,175.0,True,True,True,0.020060044994080428,-1.4624405829963507,0.887208706682083,-13.0
v200_s2_p30,200,0.3,h2+3,1,1.4644774023436067,1.4510067445814891,12.207486708997749,10.514567042002454,True,True,182.0,174.0,True,True,True,-0.013470657762117533,-1.6929196669952944,0.8613211951525208,-8.0
v200_s2_p30,200,0.3,h2+3,2,1.4682588057531285,1.483514028475706,11.733133333007572,10.456450665995362,True,True,195.0,180.0,True,True,True,0.01525522272257751,-1.27668266701221,0.8911899634328151,-15.0
v200_s2_p30,200,0.3,h2+3,3,1.4566590174900496,1.4756895833786468,12.65052895800909,9.96249562498997,True,True,202.0,202.0,True,True,True,0.019030565888597195,-2.6880333330191206,0.7875161313853744,0.0
v200_s2_p30,200,0.3,h2+3,4,1.4454291678449909,1.4649717599541587,11.29554333401029,9.704121749993647,True,True,219.0,189.0,True,True,True,0.019542592109167867,-1.5914215840166435,0.8591106654227995,-30.0
v200_s2_p30,200,0.3,h2+3+4,0,1.4566905251365325,1.4626387402379777,20.03640433300461,17.46925479201309,True,True,213.0,212.0,True,True,True,0.0059482151014451645,-2.5671495409915224,0.8718757368674762,-1.0
v200_s2_p30,200,0.3,h2+3+4,1,1.4489965402408895,1.4733368302551677,21.503075041997363,15.841425417005667,True,True,108.0,210.0,True,True,True,0.024340290014278176,-5.661649624991696,0.7367051171084134,102.0
v200_s2_p30,200,0.3,h2+3+4,2,1.4654253627444662,1.4550720666826311,18.53594095799781,20.77706854099233,True,True,214.0,121.0,True,True,True,-0.010353296061835104,2.2411275829945225,1.1209071386272156,-93.0
v200_s2_p30,200,0.3,h2+3+4,3,1.4596783847085306,1.4560019342745234,21.564934499998344,17.255674957996234,True,True,124.0,241.0,True,True,True,-0.003676450434007217,-4.30925954200211,0.8001728434648183,117.0
v200_s2_p30,200,0.3,h2+3+4,4,1.4500167993647868,1.4578487350170886,22.87205754200113,19.326934999990044,True,True,113.0,205.0,True,True,True,0.00783193565230178,-3.545122542011086,0.8450020276706197,92.0
v200_s2_p50,200,0.5,h2,0,2.0839675140889344,1.969991021804484,2.6872241249948274,1.3620005419943482,True,True,293.0,198.0,True,True,True,-0.11397649228445039,-1.3252235830004793,0.5068429273635559,-95.0
v200_s2_p50,200,0.5,h2,1,1.9526286637794499,1.9047142290316141,2.5513486249983544,1.250202082999749,True,True,293.0,198.0,True,True,True,-0.047914434747835744,-1.3011465419986052,0.49001617056569663,-95.0
v200_s2_p50,200,0.5,h2,2,1.77720245507802,1.8923564903006038,2.4297475419880357,1.269184167002095,True,True,293.0,198.0,True,True,True,0.11515403522258372,-1.1605633749859408,0.5223522794321421,-95.0
v200_s2_p50,200,0.5,h2,3,1.8933506949413779,1.9798942762971563,2.691860708000604,1.3044390830036718,True,True,293.0,198.0,True,True,True,0.08654358135577844,-1.3874216249969322,0.48458639747840143,-95.0
v200_s2_p50,200,0.5,h2,4,1.9334264904272844,1.8582992047032654,2.363735999999335,1.2874952499987558,True,True,293.0,198.0,True,True,True,-0.07512728572401906,-1.0762407500005793,0.5446865682119822,-95.0
v200_s2_p50,200,0.5,h3,0,1.8055992739391846,1.9157353701477267,6.03620570799103,3.3621849170012865,True,True,212.0,101.0,True,True,True,0.11013609620854203,-2.6740207909897435,0.5570030379432329,-111.0
v200_s2_p50,200,0.5,h3,1,1.773240688153868,1.7983666268602825,5.610161541000707,2.8390521249966696,True,True,212.0,97.0,True,True,True,0.02512593870641444,-2.7711094160040375,0.5060553255459835,-115.0
v200_s2_p50,200,0.5,h3,2,1.815054493029252,1.7899253308780039,5.648430749992258,2.9772693749982864,True,True,212.0,99.0,True,True,True,-0.025129162151248163,-2.6711613749939715,0.5270967294770087,-113.0
v200_s2_p50,200,0.5,h3,3,1.7764891653432158,1.8990941539714188,5.797318083001301,2.723679375019856,True,True,212.0,102.0,True,True,True,0.12260498862820302,-3.073638707981445,0.46981713544511833,-110.0
v200_s2_p50,200,0.5,h3,4,1.7729746529889838,1.9046005139370825,5.705443582992302,3.04088195800432,True,True,212.0,115.0,True,True,True,0.1316258609480987,-2.664561624987982,0.5329790600452289,-97.0
v200_s2_p50,200,0.5,h4,0,1.735448624020222,1.808475639139343,6.764767333996133,4.021822458002134,True,True,170.0,80.0,True,True,True,0.07302701511912102,-2.7429448759939987,0.594524875643629,-90.0
v200_s2_p50,200,0.5,h4,1,1.8355945223595413,1.7713217415908433,5.991728000008152,3.9657355839881347,True,True,171.0,79.0,True,True,True,-0.06427278076869802,-2.025992416020017,0.6618684266012641,-92.0
v200_s2_p50,200,0.5,h4,2,1.809256268911052,1.7476573883905675,6.0702498750033556,4.03864341598819,True,True,193.0,85.0,True,True,True,-0.06159888052048457,-2.0316064590151655,0.6653174909024577,-108.0
v200_s2_p50,200,0.5,h4,3,1.7802068347977333,1.7677386157562938,6.007846207998227,3.842547249980271,True,True,152.0,79.0,True,True,True,-0.012468219041439577,-2.1652989580179565,0.6395881513852167,-73.0
v200_s2_p50,200,0.5,h4,4,1.8074183115451201,1.7733944829490031,6.025359958002809,3.700901333009824,True,True,158.0,78.0,True,True,True,-0.03402382859611697,-2.3244586249929853,0.6142207866094925,-80.0
v200_s2_p50,200,0.5,h2+3,0,1.722093749544255,1.919201527393561,6.700956500004395,3.615592749993084,True,True,212.0,101.0,True,True,True,0.197107777849306,-3.085363750011311,0.5395636801985975,-111.0
v200_s2_p50,200,0.5,h2+3,1,1.739567792526537,1.7993305584143893,6.27163337499951,3.1697372079943307,True,True,212.0,97.0,True,True,True,0.05976276588785234,-3.1018961670051794,0.5054085624057351,-115.0
v200_s2_p50,200,0.5,h2+3,2,1.7105020845062946,1.7978051084472977,6.220989209003164,3.2488990840065526,True,True,212.0,99.0,True,True,True,0.08730302394100309,-2.972090124996612,0.5222479857873195,-113.0
v200_s2_p50,200,0.5,h2+3,3,1.7661885021588373,1.892130144467626,6.395156292011961,3.0057041670079343,True,True,212.0,102.0,True,True,True,0.12594164230878868,-3.389452125004027,0.46999698361747444,-110.0
v200_s2_p50,200,0.5,h2+3,4,1.7969150617447782,1.8177339057130544,6.258866874995874,3.304020165989641,True,True,212.0,115.0,True,True,True,0.020818843968276157,-2.954846709006233,0.527894302911151,-97.0
v200_s2_p50,200,0.5,h2+3+4,0,1.7672195355826708,1.7900605736548378,8.115567959001055,4.8243282080075005,True,True,172.0,82.0,True,True,True,0.022841038072167086,-3.2912397509935545,0.5944535530204995,-90.0
v200_s2_p50,200,0.5,h2+3+4,1,1.8629262293471778,1.7741010292324972,7.26778499998909,4.720875500002876,True,True,172.0,81.0,True,True,True,-0.08882520011468054,-2.5469094999862136,0.6495617990914649,-91.0
v200_s2_p50,200,0.5,h2+3+4,2,1.8124015349835845,1.7720612469500558,7.347431000001961,4.847598041989841,True,True,196.0,87.0,True,True,True,-0.040340288033528626,-2.499832958012121,0.6597677531083377,-109.0
v200_s2_p50,200,0.5,h2+3+4,3,1.7966946220360656,1.8120946258581172,7.276200082997093,4.545329792017583,True,True,155.0,82.0,True,True,True,0.015400003822051644,-2.73087029097951,0.624684552399684,-73.0
v200_s2_p50,200,0.5,h2+3+4,4,1.8161962366954656,1.7675434515462245,7.274718959000893,4.472269291989505,True,True,161.0,81.0,True,True,True,-0.048652785149241096,-2.8024496670113876,0.6147686690296178,-80.0
v200_s3_p0,200,0.0,h2,0,1.303159896705781,1.303159896705781,29.147910207990208,28.98007420900103,True,True,545.0,545.0,True,True,True,0.0,-0.167835998989176,0.9942419199938675,0.0
v200_s3_p0,200,0.0,h2,1,1.2935113364441324,1.2935113364441324,26.891896083005122,26.854817957995692,True,True,545.0,545.0,True,True,True,0.0,-0.03707812500942964,0.9986212156667948,0.0
v200_s3_p0,200,0.0,h2,2,1.3056430764935822,1.3056430764935822,26.841023041997687,27.041507208006806,True,True,545.0,545.0,True,True,True,0.0,0.20048416600911878,1.0074693190976896,0.0
v200_s3_p0,200,0.0,h2,3,1.3042792234984573,1.3042792234984573,27.462133166991407,27.220921083004214,True,True,542.0,542.0,True,True,True,0.0,-0.24121208398719318,0.9912165569032663,0.0
v200_s3_p0,200,0.0,h2,4,1.2943485682380365,1.2943485682380365,27.191340874996968,27.428872083022725,True,True,542.0,542.0,True,True,True,0.0,0.23753120802575722,1.0087355459636111,0.0
v200_s3_p0,200,0.0,h3,0,1.3115745393635048,1.3115745393635048,34.0842419170076,34.773285082992516,True,True,245.0,245.0,True,True,True,0.0,0.6890431659849128,1.020215886498596,0.0
v200_s3_p0,200,0.0,h3,1,1.3202625727846014,1.3202625727846014,27.859416584004066,28.01082579200738,True,True,284.0,284.0,True,True,True,0.0,0.15140920800331514,1.005434758748331,0.0
v200_s3_p0,200,0.0,h3,2,1.3200445082555834,1.3200445082555834,27.098468833995867,27.33289249999507,True,True,281.0,281.0,True,True,True,0.0,0.23442366599920206,1.0086508085543604,0.0
v200_s3_p0,200,0.0,h3,3,1.3236350502512906,1.3236350502512906,27.75900787502178,28.107660791982198,True,True,284.0,284.0,True,True,True,0.0,0.3486529169604182,1.0125599920044024,0.0
v200_s3_p0,200,0.0,h3,4,1.3211454195581327,1.3211454195581327,32.61206887499429,32.174613083014265,True,True,260.0,260.0,True,True,True,0.0,-0.43745579198002815,0.9865860766559508,0.0
v200_s3_p0,200,0.0,h4,0,1.333758883704286,1.333758883704286,98.1639905829943,98.52597004199924,True,True,115.0,115.0,True,True,True,0.0,0.3619794590049423,1.0036874973893701,0.0
v200_s3_p0,200,0.0,h4,1,1.3284470367712153,1.3284470367712153,77.21460245799972,76.81981283299683,True,True,225.0,225.0,True,True,True,0.0,-0.39478962500288617,0.9948871118618058,0.0
v200_s3_p0,200,0.0,h4,2,1.3364620722661504,1.3364620722661504,79.54911391600035,79.67497070899117,True,True,244.0,244.0,True,True,True,0.0,0.12585679299081676,1.0015821268999139,0.0
v200_s3_p0,200,0.0,h4,3,1.3309703776821078,1.3309703776821078,84.14041833399097,84.19424375001108,True,True,151.0,151.0,True,True,True,0.0,0.0538254160201177,1.0006397093939616,0.0
v200_s3_p0,200,0.0,h4,4,1.3186965382468363,1.3186965382468363,62.27491479201126,62.629584917012835,True,True,231.0,231.0,True,True,True,0.0,0.3546701250015758,1.0056952326018609,0.0
v200_s3_p0,200,0.0,h2+3,0,1.316391541038562,1.316391541038562,35.72723991700332,35.694458416997804,True,True,245.0,245.0,True,True,True,0.0,-0.0327815000055125,0.9990824508111551,0.0
v200_s3_p0,200,0.0,h2+3,1,1.3193976529473135,1.3193976529473135,29.200016792005044,29.32963816699339,True,True,284.0,284.0,True,True,True,0.0,0.12962137498834636,1.0044390856317533,0.0
v200_s3_p0,200,0.0,h2+3,2,1.322749361888859,1.322749361888859,28.258427374996245,28.169639125000685,True,True,281.0,281.0,True,True,True,0.0,-0.08878824999555945,0.9968579904034531,0.0
v200_s3_p0,200,0.0,h2+3,3,1.3230437604690457,1.3230437604690457,29.037361750000855,28.944197375007207,True,True,284.0,284.0,True,True,True,0.0,-0.09316437499364838,0.996791568883022,0.0
v200_s3_p0,200,0.0,h2+3,4,1.3220520559145323,1.3220520559145323,33.2408663330134,33.36249595900881,True,True,260.0,260.0,True,True,True,0.0,0.1216296259954106,1.003659038990648,0.0
v200_s3_p0,200,0.0,h2+3+4,0,1.3352751854511165,1.3352751854511165,103.29801116599992,102.78998025000328,True,True,115.0,115.0,True,True,True,0.0,-0.5080309159966419,0.9950818906360139,0.0
v200_s3_p0,200,0.0,h2+3+4,1,1.3336734665391021,1.3336734665391021,81.44218745898979,81.43191125000885,True,True,225.0,225.0,True,True,True,0.0,-0.010276208980940282,0.9998738220411121,0.0
v200_s3_p0,200,0.0,h2+3+4,2,1.3433804638271198,1.3433804638271198,83.08780275000026,82.24216854099359,True,True,214.0,214.0,True,True,True,0.0,-0.8456342090066755,0.9898224025546677,0.0
v200_s3_p0,200,0.0,h2+3+4,3,1.3340973717796034,1.3340973717796034,90.06672791700112,91.21232112500002,True,True,195.0,195.0,True,True,True,0.0,1.1455932079988997,1.0127193830007302,0.0
v200_s3_p0,200,0.0,h2+3+4,4,1.341466080402068,1.341466080402068,70.25547083400306,70.49411412500194,True,True,227.0,227.0,True,True,True,0.0,0.23864329099887982,1.0033967929922887,0.0
v200_s3_p10,200,0.1,h2,0,1.345028009818206,1.3407855112503329,8.811248250000062,8.493985459004762,True,True,529.0,525.0,True,True,True,-0.004242498567873065,-0.31726279099530075,0.963993434074985,-4.0
v200_s3_p10,200,0.1,h2,1,1.3397853879788728,1.3475716470157513,8.031268207996618,7.998370290995808,True,True,529.0,525.0,True,True,True,0.007786259036878462,-0.032897917000809684,0.9959037705940322,-4.0
v200_s3_p10,200,0.1,h2,2,1.3380972847643529,1.3365648607394887,8.04685033300484,7.872993582990603,True,True,529.0,525.0,True,True,True,-0.0015324240248641985,-0.17385675001423806,0.978394434739124,-4.0
v200_s3_p10,200,0.1,h2,3,1.3446209220706737,1.3420795581442468,8.306903999997303,8.105717375001404,True,True,529.0,525.0,True,True,True,-0.0025413639264268983,-0.20118662499589846,0.9757807933020577,-4.0
v200_s3_p10,200,0.1,h2,4,1.3465612704576293,1.3319776262263676,8.218765875004465,8.03668720900896,True,True,529.0,525.0,True,True,True,-0.014583644231261683,-0.1820786659955047,0.9778459845718132,-4.0
v200_s3_p10,200,0.1,h3,0,1.3510290476553113,1.349130119392065,22.896414999995613,25.2902650420001,True,True,258.0,221.0,True,True,True,-0.0018989282632462245,2.3938500420044875,1.104551303861541,-37.0
v200_s3_p10,200,0.1,h3,1,1.3385645652504954,1.3538801257369382,21.42355624999618,23.993978041005903,True,True,260.0,235.0,True,True,True,0.01531556048644278,2.5704217910097213,1.1199810974898334,-25.0
v200_s3_p10,200,0.1,h3,2,1.3473561041136308,1.3548857345892618,20.17754508300277,19.041957082998124,True,True,247.0,270.0,True,True,True,0.007529630475630933,-1.1355880000046454,0.943720209999122,23.0
v200_s3_p10,200,0.1,h3,3,1.3528552829080436,1.3643529171833597,21.131947749992833,23.88493341600406,True,True,258.0,223.0,True,True,True,0.011497634275316138,2.7529856660112273,1.1302760019370273,-35.0
v200_s3_p10,200,0.1,h3,4,1.3627320032703325,1.3477048500076294,20.79973504098598,23.38285666599404,True,True,249.0,209.0,True,True,True,-0.015027153262703097,2.5831216250080615,1.1241901216490502,-40.0
v200_s3_p10,200,0.1,h4,0,1.356471065645711,1.3629830637676663,59.638583666994236,45.09053779099486,True,True,162.0,259.0,True,True,True,0.0065119981219552425,-14.548045875999378,0.7560631896083961,97.0
v200_s3_p10,200,0.1,h4,1,1.350940758083366,1.364226637335345,57.38578445799067,52.3914405000105,True,True,201.0,237.0,True,True,True,0.013285879251979216,-4.994343957980163,0.9129689694904096,36.0
v200_s3_p10,200,0.1,h4,2,1.3592589453400012,1.3697527282879358,50.73380337499839,41.24054279101256,True,True,193.0,284.0,True,True,True,0.010493782947934571,-9.49326058398583,0.8128809599821151,91.0
v200_s3_p10,200,0.1,h4,3,1.3583535589201772,1.3641502951264661,40.93649875000119,45.700577707990305,True,True,290.0,214.0,True,True,True,0.005796736206288955,4.764078957989113,1.1163772941863763,-76.0
v200_s3_p10,200,0.1,h4,4,1.3540762506617186,1.364097282951594,39.75349787500454,50.32507758299471,True,True,296.0,206.0,True,True,True,0.010021032289875498,10.571579707990168,1.2659282899137578,-90.0
v200_s3_p10,200,0.1,h2+3,0,1.3565757539501426,1.3436132148839361,23.6701961249928,26.961947916992358,True,True,258.0,221.0,True,True,True,-0.01296253906620648,3.291751791999559,1.1390673644872709,-37.0
v200_s3_p10,200,0.1,h2+3,1,1.3460491309360592,1.353406961756853,22.32421904199873,25.370927041993127,True,True,260.0,235.0,True,True,True,0.007357830820793776,3.0467079999943962,1.1364754571822915,-25.0
v200_s3_p10,200,0.1,h2+3,2,1.3441351155126133,1.3566469631708589,20.92088204198808,20.42183654200926,True,True,247.0,270.0,True,True,True,0.012511847658245534,-0.49904549997881986,0.9761460583269272,23.0
v200_s3_p10,200,0.1,h2+3,3,1.3515041241561323,1.3520392338677807,22.256729000015184,24.97839562498848,True,True,258.0,223.0,True,True,True,0.0005351097116483849,2.7216666249732953,1.12228511318853,-35.0
v200_s3_p10,200,0.1,h2+3,4,1.3535601782360713,1.3486783874277732,21.806253249989823,24.64197274998878,True,True,249.0,209.0,True,True,True,-0.004881790808298092,2.835719499998959,1.13004157419846,-40.0
v200_s3_p10,200,0.1,h2+3+4,0,1.35711023370825,1.3640576266977542,63.38099395800964,48.282053999995696,True,True,167.0,264.0,True,True,True,0.0069473929895043085,-15.098939958013943,0.7617749578364597,97.0
v200_s3_p10,200,0.1,h2+3+4,1,1.3583102407782242,1.3609505228161496,60.46566062499187,55.29643674999534,True,True,205.0,242.0,True,True,True,0.0026402820379254344,-5.169223874996533,0.9145097593978826,37.0
v200_s3_p10,200,0.1,h2+3+4,2,1.3616182318519294,1.363259787392986,53.69680704100756,43.92833020800026,True,True,199.0,286.0,True,True,True,0.0016415555410564941,-9.768476833007298,0.8180808623211574,87.0
v200_s3_p10,200,0.1,h2+3+4,3,1.3503644376282782,1.3584724470114296,44.174958625022555,49.35699000000022,True,True,260.0,220.0,True,True,True,0.008108009383151371,5.182031374977669,1.1173069887617813,-40.0
v200_s3_p10,200,0.1,h2+3+4,4,1.365074508545644,1.3580946308019466,47.93844137500855,53.74188295897329,True,True,247.0,210.0,True,True,True,-0.006979877743697349,5.803441583964741,1.1210602893524655,-37.0
v200_s3_p30,200,0.3,h2,0,1.4655115574682243,1.466577621987159,7.331533208998735,6.063752458998351,True,True,412.0,386.0,True,True,True,0.0010660645189346507,-1.2677807500003837,0.8270783594836196,-26.0
v200_s3_p30,200,0.3,h2,1,1.465283308818481,1.4718953872760425,7.3016865409881575,5.792468333005672,True,True,412.0,386.0,True,True,True,0.006612078457561621,-1.5092182079824852,0.7933055329737233,-26.0
v200_s3_p30,200,0.3,h2,2,1.4467906159306743,1.4926720777129032,6.836045791002107,5.546381249994738,True,True,412.0,386.0,True,True,True,0.04588146178222896,-1.2896645410073688,0.8113434900180335,-26.0
v200_s3_p30,200,0.3,h2,3,1.4522602726698046,1.4767861507559739,7.081068958999822,5.8254632920143194,True,True,412.0,386.0,True,True,True,0.02452587808616924,-1.2556056669855025,0.8226813388973333,-26.0
v200_s3_p30,200,0.3,h2,4,1.4657964842248676,1.4639458110984562,6.893899125017924,5.708249417017214,True,True,412.0,386.0,True,True,True,-0.0018506731264114062,-1.1856497080007102,0.8280146421496083,-26.0
v200_s3_p30,200,0.3,h3,0,1.4401115184368936,1.4463254841891877,10.507871833993704,9.89185987500241,True,True,226.0,187.0,True,True,True,0.006213965752294159,-0.6160119589912938,0.9413761445968106,-39.0
v200_s3_p30,200,0.3,h3,1,1.4522548950909417,1.4767501033305026,10.136102709002444,10.119558332997258,True,True,215.0,217.0,True,True,True,0.02449520823956086,-0.016544376005185768,0.9983677773913546,2.0
v200_s3_p30,200,0.3,h3,2,1.440871725496732,1.4687295296830412,9.84886091700173,9.490674790999037,True,True,224.0,198.0,True,True,True,0.02785780418630912,-0.3581861260026926,0.9636317205592406,-26.0
v200_s3_p30,200,0.3,h3,3,1.4460779829467307,1.4469211890845273,10.117407999990974,9.322493166982895,True,True,223.0,199.0,True,True,True,0.0008432061377965372,-0.7949148330080789,0.9214309798508878,-24.0
v200_s3_p30,200,0.3,h3,4,1.452292938008407,1.4918911367805967,10.29045166700962,8.831225917005213,True,True,229.0,175.0,True,True,True,0.03959819877218962,-1.459225750004407,0.8581961417026456,-54.0
v200_s3_p30,200,0.3,h4,0,1.4473908628362189,1.5001414440528946,18.39522304199636,19.853294250002364,True,True,181.0,141.0,True,True,True,0.05275058121667575,1.4580712080060039,1.0792635786300184,-40.0
v200_s3_p30,200,0.3,h4,1,1.4424531074732205,1.457843236188737,17.348303791994113,15.880757749997429,True,True,148.0,180.0,True,True,True,0.015390128715516482,-1.467546041996684,0.915406943549494,32.0
v200_s3_p30,200,0.3,h4,2,1.4576822029868557,1.4762500676319985,19.605085292001604,17.942421667001327,True,True,132.0,161.0,True,True,True,0.018567864645142818,-1.6626636250002775,0.9151922269025474,29.0
v200_s3_p30,200,0.3,h4,3,1.459611386589409,1.4446086869579413,16.813356165977893,16.135727208980825,True,True,196.0,214.0,True,True,True,-0.015002699631467609,-0.6776289569970686,0.9596969843315244,18.0
v200_s3_p30,200,0.3,h4,4,1.449124069119054,1.4916996735118713,18.811145999992732,18.817001249990426,True,True,135.0,160.0,True,True,True,0.04257560439281738,0.005855249997694045,1.0003112649275965,25.0
v200_s3_p30,200,0.3,h2+3,0,1.4299867671412834,1.4405684020753255,11.40720699999656,10.860280708991922,True,True,226.0,187.0,True,True,True,0.010581634934042183,-0.5469262910046382,0.9520543204831119,-39.0
v200_s3_p30,200,0.3,h2+3,1,1.460491993140867,1.4683315152881578,10.865071791995433,10.43862191599328,True,True,215.0,217.0,True,True,True,0.007839522147290667,-0.42644987600215245,0.9607503858081887,2.0
v200_s3_p30,200,0.3,h2+3,2,1.440077713673825,1.4801578826673005,10.589974708011141,10.299768666998716,True,True,224.0,198.0,True,True,True,0.04008016899347555,-0.290206041012425,0.97259615353067,-26.0
v200_s3_p30,200,0.3,h2+3,3,1.451292328483932,1.4516392989339277,10.93053779201,10.087034541997127,True,True,223.0,199.0,True,True,True,0.00034697044999565385,-0.8435032500128727,0.9228305810689885,-24.0
v200_s3_p30,200,0.3,h2+3,4,1.4583876813443464,1.4860203080699559,11.048791709006764,9.601255999994464,True,True,229.0,176.0,True,True,True,0.02763262672560951,-1.4475357090122998,0.8689869673412074,-53.0
v200_s3_p30,200,0.3,h2+3+4,0,1.4516842029411308,1.4761506770728208,20.76207720799721,22.124503832994378,True,True,187.0,143.0,True,True,True,0.024466474131690008,1.3624266249971697,1.0656209208427558,-44.0
v200_s3_p30,200,0.3,h2+3+4,1,1.4345695754552747,1.450767937255382,19.156136000005063,17.723784457994043,True,True,155.0,182.0,True,True,True,0.01619836180010714,-1.4323515420110198,0.9252275332556293,27.0
v200_s3_p30,200,0.3,h2+3+4,2,1.4544881528298714,1.476282070804708,21.96348079199379,19.933188375012833,True,True,137.0,163.0,True,True,True,0.02179391797483654,-2.0302924169809557,0.9075605348619857,26.0
v200_s3_p30,200,0.3,h2+3+4,3,1.4554823965816492,1.448952548847029,18.88474995800061,17.832517832983285,True,True,201.0,217.0,True,True,True,-0.0065298477346202866,-1.0522321250173263,0.9442813843255815,16.0
v200_s3_p30,200,0.3,h2+3+4,4,1.4628458535462336,1.4997722053909441,21.062642415985465,20.780753749975702,True,True,140.0,165.0,True,True,True,0.03692635184471049,-0.28188866600976326,0.9866166523438757,25.0
v200_s3_p50,200,0.5,h2,0,1.8624046512778563,2.0753883532858337,4.194851832988206,1.7038208750018384,True,True,294.0,201.0,True,True,True,0.21298370200797745,-2.491030957986368,0.40616950081598474,-93.0
v200_s3_p50,200,0.5,h2,1,1.8567672366286665,1.927355322904816,4.1055570829921635,1.6019275419967016,True,True,294.0,201.0,True,True,True,0.07058808627614943,-2.503629540995462,0.3901851830614918,-93.0
v200_s3_p50,200,0.5,h2,2,1.8833576467850845,1.9424833885712622,4.164908041988383,1.6153439169866033,True,True,294.0,201.0,True,True,True,0.05912574178617769,-2.5495641250017798,0.38784623830864134,-93.0
v200_s3_p50,200,0.5,h2,3,1.9228230443563201,1.882474872604133,4.268307708000066,1.5265545830188785,True,True,294.0,201.0,True,True,True,-0.04034817175218719,-2.7417531249811873,0.3576486718981543,-93.0
v200_s3_p50,200,0.5,h2,4,1.8194590070855956,1.947822735357358,4.390485583018744,1.5566494170052465,True,True,294.0,201.0,True,True,True,0.12836372827176246,-2.833836166013498,0.3545506271620527,-93.0
v200_s3_p50,200,0.5,h3,0,1.8332481488299162,1.9275420302818045,8.64617795900267,3.7483827919932082,True,True,184.0,129.0,True,True,True,0.09429388145188833,-4.897795167009463,0.4335306085263113,-55.0
v200_s3_p50,200,0.5,h3,1,1.8500526102505876,1.9138145962590538,7.499958417000016,3.704314125003293,True,True,166.0,138.0,True,True,True,0.06376198600846616,-3.795644291996723,0.4939112884421857,-28.0
v200_s3_p50,200,0.5,h3,2,1.8619395150084044,1.922669868499392,7.889468209003098,3.7953519169968786,True,True,192.0,124.0,True,True,True,0.06073035349098754,-4.09411629200622,0.48106562019805055,-68.0
v200_s3_p50,200,0.5,h3,3,1.8396116754361467,1.907341199930943,7.6856180829927325,3.7957357919949573,True,True,161.0,138.0,True,True,True,0.06772952449479641,-3.8898822909977753,0.4938751510947993,-23.0
v200_s3_p50,200,0.5,h3,4,1.8186813998048033,1.9092622983828595,7.847715874988353,3.7216161669930443,True,True,179.0,138.0,True,True,True,0.09058089857805629,-4.126099707995309,0.47422921857483374,-41.0
v200_s3_p50,200,0.5,h4,0,1.8954443635464862,1.8860514535592134,6.689767500007292,4.325520750004216,True,True,153.0,55.0,True,True,True,-0.009392909987272713,-2.364246750003076,0.6465876056229908,-98.0
v200_s3_p50,200,0.5,h4,1,1.900722130182834,1.8853865418029088,6.764224625003408,4.017102458994486,True,True,104.0,55.0,True,True,True,-0.015335588379925325,-2.7471221660089213,0.593874787088766,-49.0
v200_s3_p50,200,0.5,h4,2,1.8483093092656104,1.884131987939683,6.05194258299889,3.9596603749960195,True,True,120.0,55.0,True,True,True,0.03582267867407252,-2.092282208002871,0.6542792369047737,-65.0
v200_s3_p50,200,0.5,h4,3,1.8757143297714391,1.8841780241529649,6.781713625008706,4.141119249979965,True,True,95.0,51.0,True,True,True,0.008463694381525722,-2.6405943750287406,0.6106302151581414,-44.0
v200_s3_p50,200,0.5,h4,4,1.8719115422873078,1.8599888551073325,6.7210103340039495,4.09189387501101,True,True,95.0,55.0,True,True,True,-0.011922687179975355,-2.6291164589929394,0.608821244375817,-40.0
v200_s3_p50,200,0.5,h2+3,0,1.7520260465857622,1.8999974061147389,9.324312500000815,4.015997541995603,True,True,184.0,129.0,True,True,True,0.14797135952897666,-5.308314958005212,0.43070173184299126,-55.0
v200_s3_p50,200,0.5,h2+3,1,1.8189504733614645,1.9232054001541432,7.945113792011398,4.082071041993913,True,True,166.0,138.0,True,True,True,0.10425492679267867,-3.8630427500174847,0.5137838360601364,-28.0
v200_s3_p50,200,0.5,h2+3,2,1.858334560790106,1.9304595477477013,8.448581624994404,4.127190874991356,True,True,192.0,124.0,True,True,True,0.07212498695759528,-4.321390750003047,0.48850695396981386,-68.0
v200_s3_p50,200,0.5,h2+3,3,1.8517161833654014,1.922287537028995,8.141696209000656,4.151095749984961,True,True,161.0,138.0,True,True,True,0.07057135366359346,-3.9906004590156954,0.5098563792389992,-23.0
v200_s3_p50,200,0.5,h2+3,4,1.8305894120187123,1.9102731358104503,8.498703249992104,4.070672541973181,True,True,179.0,138.0,True,True,True,0.07968372379173805,-4.428030708018923,0.4789757239702378,-41.0
v200_s3_p50,200,0.5,h2+3+4,0,1.907917696748006,1.8923372171047217,7.936993208000786,5.110055291006574,True,True,153.0,60.0,True,True,True,-0.01558047964328435,-2.8269379169942113,0.6438276003380534,-93.0
v200_s3_p50,200,0.5,h2+3+4,1,1.8528226973907806,1.836340958645976,8.073262999998406,4.639041875008843,True,True,104.0,60.0,True,True,True,-0.01648173874480463,-3.4342211249895627,0.5746179549718322,-44.0
v200_s3_p50,200,0.5,h2+3+4,2,1.8847947594659107,1.8930660966492399,7.089329583002836,4.5739199579984415,True,True,120.0,60.0,True,True,True,0.008271337183329175,-2.515409625004395,0.645183709467357,-60.0
v200_s3_p50,200,0.5,h2+3+4,3,1.9001071727665557,1.8292789284257347,8.004740250005852,4.940349083015462,True,True,97.0,56.0,True,True,True,-0.07082824434082102,-3.06439116699039,0.6171779381613102,-41.0
v200_s3_p50,200,0.5,h2+3+4,4,1.841248031663369,1.8704548754915964,7.809727541985922,4.778407750010956,True,True,97.0,60.0,True,True,True,0.029206843828227358,-3.0313197919749655,0.611853323220526,-37.0
v200_s4_p0,200,0.0,h2,0,1.308049690189768,1.308049690189768,25.86953804199584,25.114196875001653,True,True,466.0,466.0,True,True,True,0.0,-0.7553411669941852,0.9708019074106392,0.0
v200_s4_p0,200,0.0,h2,1,1.3064860059677934,1.3064860059677934,23.096821083992836,23.084390750009334,True,True,465.0,465.0,True,True,True,0.0,-0.01243033398350235,0.9994618162413651,0.0
v200_s4_p0,200,0.0,h2,2,1.3087191059917112,1.3087191059917112,23.318861166000715,23.31865966699843,True,True,479.0,479.0,True,True,True,0.0,-0.00020149900228716433,0.9999913589689972,0.0
v200_s4_p0,200,0.0,h2,3,1.3114775582457672,1.3114775582457672,23.723713250015862,23.498092791996896,True,True,464.0,464.0,True,True,True,0.0,-0.22562045801896602,0.9904896651025398,0.0
v200_s4_p0,200,0.0,h2,4,1.3035464670031087,1.3035464670031087,23.097388124995632,23.152721958002076,True,True,467.0,467.0,True,True,True,0.0,0.055333833006443456,1.0023956749008587,0.0
v200_s4_p0,200,0.0,h3,0,1.3159986150086667,1.3159986150086667,35.83881354201003,35.99186962499516,True,True,218.0,218.0,True,True,True,0.0,0.15305608298513107,1.0042706794075569,0.0
v200_s4_p0,200,0.0,h3,1,1.3256221575047107,1.3256221575047107,33.354276041005505,34.263662582990946,True,True,219.0,219.0,True,True,True,0.0,0.909386541985441,1.0272644665070063,0.0
v200_s4_p0,200,0.0,h3,2,1.3154661927965934,1.3154661927965934,32.358401542005595,32.76553187498939,True,True,249.0,249.0,True,True,True,0.0,0.4071303329837974,1.0125819049638558,0.0
v200_s4_p0,200,0.0,h3,3,1.3323941950010056,1.3323941950010056,31.792024416994536,32.56928362499457,True,True,215.0,215.0,True,True,True,0.0,0.7772592080000322,1.0244482451889583,0.0
v200_s4_p0,200,0.0,h3,4,1.3291812670857999,1.3291812670857999,33.032779500004835,33.66321495900047,True,True,231.0,231.0,True,True,True,0.0,0.6304354589956347,1.0190851471943358,0.0
v200_s4_p0,200,0.0,h4,0,1.3353550436163666,1.3353550436163666,89.5533756250079,90.18228283399367,True,True,148.0,148.0,True,True,True,0.0,0.6289072089857655,1.0070227080173866,0.0
v200_s4_p0,200,0.0,h4,1,1.3233357915116908,1.3233357915116908,79.83225754200248,79.48455154200201,True,True,170.0,170.0,True,True,True,0.0,-0.34770600000047125,0.9956445425607872,0.0
v200_s4_p0,200,0.0,h4,2,1.3337390342767441,1.3337390342767441,73.58690070800367,73.2599768749933,True,True,194.0,194.0,True,True,True,0.0,-0.326923833010369,0.9955573093870658,0.0
v200_s4_p0,200,0.0,h4,3,1.3367497851813381,1.3367497851813381,83.01737929100636,82.47671895800158,True,True,178.0,178.0,True,True,True,0.0,-0.5406603330047801,0.9934873837547971,0.0
v200_s4_p0,200,0.0,h4,4,1.344596080148247,1.344596080148247,89.320061040984,89.47761429200182,True,True,163.0,163.0,True,True,True,0.0,0.15755325101781636,1.0017639178610225,0.0
v200_s4_p0,200,0.0,h2+3,0,1.316364598968874,1.316364598968874,36.87480062499526,37.040061082996544,True,True,218.0,218.0,True,True,True,0.0,0.16526045800128486,1.004481663770387,0.0
v200_s4_p0,200,0.0,h2+3,1,1.3258850620345564,1.3258850620345564,34.09800233300484,34.38029533300141,True,True,219.0,219.0,True,True,True,0.0,0.28229299999657087,1.0082788720946074,0.0
v200_s4_p0,200,0.0,h2+3,2,1.3176514961169534,1.3176514961169534,33.474730792004266,33.73413900000742,True,True,249.0,249.0,True,True,True,0.0,0.25940820800315123,1.0077493739864554,0.0
v200_s4_p0,200,0.0,h2+3,3,1.3311677480113662,1.3311677480113662,33.26047745801043,32.958067750005284,True,True,215.0,215.0,True,True,True,0.0,-0.30240970800514333,0.9909078362333518,0.0
v200_s4_p0,200,0.0,h2+3,4,1.3256731601731768,1.3256731601731768,35.11305379201076,34.485644417,True,True,231.0,231.0,True,True,True,0.0,-0.6274093750107568,0.9821317342909801,0.0
v200_s4_p0,200,0.0,h2+3+4,0,1.3347946913499813,1.3347946913499813,93.19552404200658,92.44371829199372,True,True,148.0,148.0,True,True,True,0.0,-0.7518057500128634,0.9919330272806449,0.0
v200_s4_p0,200,0.0,h2+3+4,1,1.32617676405116,1.32617676405116,82.95404312500614,83.99873554200167,True,True,170.0,170.0,True,True,True,0.0,1.044692416995531,1.0125936286845145,0.0
v200_s4_p0,200,0.0,h2+3+4,2,1.3376274273604989,1.3376274273604989,92.33307879199856,92.11987141700229,True,True,163.0,163.0,True,True,True,0.0,-0.21320737499627285,0.9976908884899575,0.0
v200_s4_p0,200,0.0,h2+3+4,3,1.3365653701407663,1.3365653701407663,87.00378041699878,89.87127520900685,True,True,178.0,178.0,True,True,True,0.0,2.867494792008074,1.032958278114635,0.0
v200_s4_p0,200,0.0,h2+3+4,4,1.346784317511109,1.346784317511109,93.48669237500872,92.91610766600934,True,True,129.0,129.0,True,True,True,0.0,-0.5705847089993767,0.9938966210644125,0.0
v200_s4_p10,200,0.1,h2,0,1.3522119644035289,1.3381375827550404,8.632292541995412,8.522758417006116,True,True,526.0,522.0,True,True,True,-0.01407438164848851,-0.10953412498929538,0.9873111199074381,-4.0
v200_s4_p10,200,0.1,h2,1,1.3530030355601816,1.3498466285250001,8.023709083005087,7.8594215829944005,True,True,526.0,522.0,True,True,True,-0.0031564070351814966,-0.16428750001068693,0.979524743692582,-4.0
v200_s4_p10,200,0.1,h2,2,1.346089867628175,1.3488954503759487,8.013024915999267,7.794999583013123,True,True,526.0,522.0,True,True,True,0.0028055827477737605,-0.21802533298614435,0.9727911325283886,-4.0
v200_s4_p10,200,0.1,h2,3,1.343029578810329,1.3493492090684076,8.275962374988012,8.003272125002695,True,True,526.0,522.0,True,True,True,0.006319630258078579,-0.27269024998531677,0.9670503274870541,-4.0
v200_s4_p10,200,0.1,h2,4,1.3487321609852811,1.342878779721096,8.060365791025106,7.936226500023622,True,True,526.0,522.0,True,True,True,-0.00585338126418522,-0.1241392910014838,0.9845988018137207,-4.0
v200_s4_p10,200,0.1,h3,0,1.3568846487125523,1.3582916331295565,29.04675729200244,20.800153625008534,True,True,195.0,263.0,True,True,True,0.0014069844170041534,-8.246603666993906,0.7160921068024183,68.0
v200_s4_p10,200,0.1,h3,1,1.3461566073513442,1.3621970920620483,19.942761749989586,19.965347125005792,True,True,255.0,235.0,True,True,True,0.016040484710704073,0.022585375016205944,1.0011325098950359,-20.0
v200_s4_p10,200,0.1,h3,2,1.3486135810727573,1.3607714229517074,26.377457084003254,23.07754733299953,True,True,190.0,233.0,True,True,True,0.012157841878950082,-3.2999097510037245,0.8748965929318118,43.0
v200_s4_p10,200,0.1,h3,3,1.3539767941438892,1.3505884690407333,24.115639208001085,23.48520749999443,True,True,219.0,237.0,True,True,True,-0.003388325103155898,-0.6304317080066539,0.9738579723071371,18.0
v200_s4_p10,200,0.1,h3,4,1.3508673372272548,1.3761862206051816,22.87970358299208,20.004855125007452,True,True,238.0,256.0,True,True,True,0.02531888337792676,-2.8748484579846263,0.8743494010944407,18.0
v200_s4_p10,200,0.1,h4,0,1.3629380742094463,1.367368663302089,43.15182816699962,53.865781000000425,True,True,232.0,173.0,True,True,True,0.004430589092642601,10.713952833000803,1.2482850272655261,-59.0
v200_s4_p10,200,0.1,h4,1,1.3594769165089813,1.375223796652833,50.5736776249978,49.500265916009084,True,True,183.0,187.0,True,True,True,0.015746880143851616,-1.073411708988715,0.9787752886600807,4.0
v200_s4_p10,200,0.1,h4,2,1.3338111707527722,1.3601511417114696,49.68664970899408,48.584882957991795,True,True,217.0,147.0,True,True,True,0.026339970958697334,-1.1017667510022875,0.9778256985034182,-70.0
v200_s4_p10,200,0.1,h4,3,1.35003360779366,1.3591546195987325,49.754860791988904,53.30459520898876,True,True,211.0,189.0,True,True,True,0.00912101180507241,3.549734416999854,1.0713444749014633,-22.0
v200_s4_p10,200,0.1,h4,4,1.3476063968834047,1.359447635906821,48.97475929101347,49.567225749982754,True,True,231.0,179.0,True,True,True,0.011841239023416383,0.5924664589692838,1.0120973837859781,-52.0
v200_s4_p10,200,0.1,h2+3,0,1.3411879309969779,1.366725934869134,30.638025833992288,22.03447212500032,True,True,195.0,263.0,True,True,True,0.025538003872156212,-8.603553708991967,0.7191870730963843,68.0
v200_s4_p10,200,0.1,h2+3,1,1.3434285659901248,1.3560456485167707,21.182432957997662,21.030551958014257,True,True,255.0,235.0,True,True,True,0.01261708252664584,-0.15188099998340476,0.9928298604657658,-20.0
v200_s4_p10,200,0.1,h2+3,2,1.3547527500417038,1.3633107093911292,27.40993358299602,24.4112905410002,True,True,190.0,233.0,True,True,True,0.008557959349425381,-2.9986430419958197,0.8906001346951072,43.0
v200_s4_p10,200,0.1,h2+3,3,1.3510217211599183,1.3489022194305007,25.388075916009257,24.845575917017413,True,True,219.0,237.0,True,True,True,-0.00211950172941755,-0.5424999989918433,0.9786317009297364,18.0
v200_s4_p10,200,0.1,h2+3,4,1.356943866156172,1.3546288331991758,24.071874167013448,21.41528487499454,True,True,238.0,256.0,True,True,True,-0.002315032956996088,-2.656589292018907,0.8896392830243635,18.0
v200_s4_p10,200,0.1,h2+3+4,0,1.3626190249588708,1.3599241019310135,46.036744249999174,56.71610458299983,True,True,237.0,181.0,True,True,True,-0.0026949230278572323,10.679360333000659,1.2319747086155175,-56.0
v200_s4_p10,200,0.1,h2+3+4,1,1.36031067132201,1.3679877571479575,53.66945758300426,52.17048720900493,True,True,188.0,194.0,True,True,True,0.007677085825947616,-1.4989703739993274,0.9720703274915524,6.0
v200_s4_p10,200,0.1,h2+3+4,2,1.3346706068220069,1.3632485134910075,53.167767958992044,51.56597775001137,True,True,219.0,156.0,True,True,True,0.02857790666900062,-1.601790208980674,0.969872908522018,-63.0
v200_s4_p10,200,0.1,h2+3+4,3,1.3492068712973277,1.3511606136744596,53.457810457999585,57.32021583299502,True,True,218.0,197.0,True,True,True,0.001953742377131862,3.862405374995433,1.072251469746035,-21.0
v200_s4_p10,200,0.1,h2+3+4,4,1.3573633626284445,1.3659196850051247,51.91210337498342,52.02804408298107,True,True,241.0,184.0,True,True,True,0.008556322376680248,0.11594070799765177,1.0022334041670429,-57.0
v200_s4_p30,200,0.3,h2,0,1.4808438411811398,1.4761487812159861,7.145767750000232,5.7884095839981455,True,True,409.0,382.0,True,True,True,-0.004695059965153625,-1.3573581660020864,0.8100472596521148,-27.0
v200_s4_p30,200,0.3,h2,1,1.4665068768473357,1.4839894350484788,6.717583915989962,5.4870998749975115,True,True,409.0,382.0,True,True,True,0.017482558201143084,-1.230484040992451,0.8168263982436436,-27.0
v200_s4_p30,200,0.3,h2,2,1.457113648495544,1.4770996626907527,6.643679999993765,5.432540916997823,True,True,409.0,382.0,True,True,True,0.019986014195208623,-1.2111390829959419,0.8177005691127389,-27.0
v200_s4_p30,200,0.3,h2,3,1.4744033697318957,1.4748221871651641,6.911141832999419,5.601548041013302,True,True,409.0,382.0,True,True,True,0.0004188174332684369,-1.3095937919861171,0.8105097791897353,-27.0
v200_s4_p30,200,0.3,h2,4,1.4786696752438178,1.4694250772956705,6.848436250002123,5.4463577499846,True,True,409.0,382.0,True,True,True,-0.009244597948147248,-1.4020785000175238,0.7952702706377549,-27.0
v200_s4_p30,200,0.3,h3,0,1.45988896356295,1.4508425602175565,10.64607491598872,9.777896790998057,True,True,217.0,205.0,True,True,True,-0.009046403345393417,-0.8681781249906635,0.9184508720968328,-12.0
v200_s4_p30,200,0.3,h3,1,1.449408671172491,1.4374877611221915,10.21567208300985,9.541666457997053,True,True,234.0,186.0,True,True,True,-0.011920910050299494,-0.6740056250127964,0.9340223903492589,-48.0
v200_s4_p30,200,0.3,h3,2,1.462608807231305,1.4551866747155746,10.466060249993461,9.086058417000459,True,True,250.0,211.0,True,True,True,-0.0074221325157304285,-1.3800018329930026,0.8681450517166797,-39.0
v200_s4_p30,200,0.3,h3,3,1.4692094411032677,1.4682780480965127,10.073907334008254,9.363230666000163,True,True,200.0,203.0,True,True,True,-0.0009313930067549325,-0.7106766680080909,0.9294537219328061,3.0
v200_s4_p30,200,0.3,h3,4,1.479425117177635,1.4554834381838189,11.047475458006375,10.121842874999857,True,True,220.0,205.0,True,True,True,-0.02394167899381605,-0.925632583006518,0.9162132030503232,-15.0
v200_s4_p30,200,0.3,h4,0,1.4676440096057042,1.4523060003229584,19.975600874997326,15.495993000004091,True,True,123.0,210.0,True,True,True,-0.015338009282745757,-4.479607874993235,0.7757460262133999,87.0
v200_s4_p30,200,0.3,h4,1,1.4854958494186135,1.457015250034719,19.486351207990083,14.852576000004774,True,True,124.0,167.0,True,True,True,-0.028480599383894356,-4.633775207985309,0.7622040597274414,43.0
v200_s4_p30,200,0.3,h4,2,1.4471556642687424,1.4546341592522394,18.353357542000595,17.653145332995337,True,True,131.0,152.0,True,True,True,0.007478494983496953,-0.700212209005258,0.9618482772210555,21.0
v200_s4_p30,200,0.3,h4,3,1.4591577545151873,1.4743876048574605,19.11006012497819,15.906060082983458,True,True,123.0,215.0,True,True,True,0.015229850342273199,-3.204000041994732,0.8323396147871415,92.0
v200_s4_p30,200,0.3,h4,4,1.4537267071984454,1.4624786632267979,20.016856375004863,14.669271833001403,True,True,140.0,155.0,True,True,True,0.008751956028352437,-5.34758454200346,0.7328459353547138,15.0
v200_s4_p30,200,0.3,h2+3,0,1.4946600177460596,1.4574569493181324,11.273310624994338,10.372686250004335,True,True,217.0,205.0,True,True,True,-0.0372030684279272,-0.9006243749900023,0.9201100364436685,-12.0
v200_s4_p30,200,0.3,h2+3,1,1.4377477479946112,1.4415017966399943,10.834034832994803,10.533335250001983,True,True,234.0,186.0,True,True,True,0.00375404864538309,-0.30069958299282007,0.9722449126638354,-48.0
v200_s4_p30,200,0.3,h2+3,2,1.4244092247785736,1.4384509141054407,11.098633334011538,9.732249499997124,True,True,250.0,211.0,True,True,True,0.014041689326867113,-1.3663838340144139,0.8768871992709987,-39.0
v200_s4_p30,200,0.3,h2+3,3,1.4582993682754812,1.4658541190105163,10.901700333983172,10.13642241701018,True,True,200.0,203.0,True,True,True,0.007554750735035087,-0.7652779169729911,0.9298019672594156,3.0
v200_s4_p30,200,0.3,h2+3,4,1.4718092447056008,1.4692756742141202,11.671532459004084,10.668691665981896,True,True,220.0,205.0,True,True,True,-0.002533570491480619,-1.0028407930221874,0.9140780530282003,-15.0
v200_s4_p30,200,0.3,h2+3+4,0,1.4690714058415193,1.4613156300009267,22.4229866250098,17.429681082998286,True,True,129.0,213.0,True,True,True,-0.007755775840592616,-4.993305542011512,0.7773130927865711,84.0
v200_s4_p30,200,0.3,h2+3+4,1,1.5089442870083736,1.4610313382876192,22.147031917003915,16.410603500000434,True,True,129.0,171.0,True,True,True,-0.047912948720754356,-5.736428417003481,0.740984325190808,42.0
v200_s4_p30,200,0.3,h2+3+4,2,1.4500870685707505,1.449125587003717,20.539179416999104,19.80053154101188,True,True,136.0,157.0,True,True,True,-0.000961481567033573,-0.7386478759872261,0.9640371282128297,21.0
v200_s4_p30,200,0.3,h2+3+4,3,1.4600487766700307,1.454120059867541,21.43450891599059,17.885468624997884,True,True,128.0,218.0,True,True,True,-0.005928716802489742,-3.549040290992707,0.8344239980070153,90.0
v200_s4_p30,200,0.3,h2+3+4,4,1.4532759303092275,1.460095800765417,22.29099874998792,15.960392791981576,True,True,142.0,160.0,True,True,True,0.006819870456189481,-6.330605958006345,0.7160016906819945,18.0
v200_s4_p50,200,0.5,h2,0,1.78748504160725,1.8535133966017374,3.823993917001644,1.5381148750020657,True,True,292.0,193.0,True,True,True,0.06602835499448734,-2.2858790419995785,0.40222733309369024,-99.0
v200_s4_p50,200,0.5,h2,1,1.8145710556209007,1.8519564626203115,2.964150415995391,1.5014176660042722,True,True,292.0,193.0,True,True,True,0.03738540699941084,-1.462732749991119,0.5065254643968805,-99.0
v200_s4_p50,200,0.5,h2,2,1.8441640495303822,1.8766998696458637,2.929786750013591,1.4395032079919474,True,True,292.0,193.0,True,True,True,0.032535820115481506,-1.4902835420216434,0.49133378324728577,-99.0
v200_s4_p50,200,0.5,h2,3,1.7735832074779483,1.8519998468241587,3.3383595830237027,1.5478594159940258,True,True,292.0,193.0,True,True,True,0.07841663934621046,-1.790500167029677,0.46365868550087697,-99.0
v200_s4_p50,200,0.5,h2,4,1.7618969178020645,1.814721378678668,3.285102541995002,1.4042781669995748,True,True,292.0,193.0,True,True,True,0.05282446087660353,-1.8808243749954272,0.42746859467795306,-99.0
v200_s4_p50,200,0.5,h3,0,1.7067516790833317,1.7707219705847743,8.321084208000684,3.2495287080091657,True,True,208.0,109.0,True,True,True,0.06397029150144262,-5.0715554999915184,0.39051746464538345,-99.0
v200_s4_p50,200,0.5,h3,1,1.7182838175814164,1.7481744372206525,7.418721790993004,3.058571707995725,True,True,208.0,109.0,True,True,True,0.029890619639236116,-4.360150082997279,0.412277450774486,-99.0
v200_s4_p50,200,0.5,h3,2,1.7512657788800046,1.7782611461937456,7.512325332994806,3.043488333001733,True,True,208.0,109.0,True,True,True,0.02699536731374108,-4.468836999993073,0.40513265841063345,-99.0
v200_s4_p50,200,0.5,h3,3,1.7698554701441842,1.7696848227609387,7.265236584004015,2.945225625007879,True,True,208.0,104.0,True,True,True,-0.00017064738324545914,-4.320010958996136,0.4053860587957216,-104.0
v200_s4_p50,200,0.5,h3,4,1.7638545971825832,1.7771087627950521,7.53085154198925,2.7710843340028077,True,True,208.0,99.0,True,True,True,0.013254165612468949,-4.759767207986442,0.3679642758262148,-109.0
v200_s4_p50,200,0.5,h4,0,1.7751651839309075,1.737465468902698,5.9627970829897095,3.7041067920072237,True,True,228.0,117.0,True,True,True,-0.03769971502820946,-2.2586902909824857,0.6212028919404394,-111.0
v200_s4_p50,200,0.5,h4,1,1.7207488688719528,1.7216809279455625,5.428607084002579,3.363744542002678,True,True,200.0,119.0,True,True,True,0.0009320590736097145,-2.0648625419999007,0.6196330826585718,-81.0
v200_s4_p50,200,0.5,h4,2,1.7365803484015885,1.7329811770127697,5.582785958991735,3.607446916998015,True,True,217.0,122.0,True,True,True,-0.0035991713888188226,-1.9753390419937205,0.6461732445944477,-95.0
v200_s4_p50,200,0.5,h4,3,1.731400363557199,1.7282386820401994,5.899147250020178,3.6331250829971395,True,True,160.0,118.0,True,True,True,-0.0031616815169996926,-2.2660221670230385,0.6158729268852735,-42.0
v200_s4_p50,200,0.5,h4,4,1.7072010762112593,1.7655685433951704,5.370125125016784,3.3790652500174474,True,True,233.0,112.0,True,True,True,0.05836746718391117,-1.991059874999337,0.6292339882875422,-121.0
v200_s4_p50,200,0.5,h2+3,0,1.7605311170203333,1.7649282421948032,8.359644165990176,3.583220375003293,True,True,208.0,109.0,True,True,True,0.004397125174469885,-4.7764237909868825,0.42863312168011053,-99.0
v200_s4_p50,200,0.5,h2+3,1,1.75125001879548,1.750999144511913,7.945673333000741,3.3456816249963595,True,True,208.0,109.0,True,True,True,-0.00025087428356695973,-4.5999917080043815,0.4210696167310013,-99.0
v200_s4_p50,200,0.5,h2+3,2,1.7451978345695438,1.7732722538252315,7.825920208008029,3.3677855839923723,True,True,208.0,109.0,True,True,True,0.028074419255687655,-4.458134624015656,0.43033732704637323,-99.0
v200_s4_p50,200,0.5,h2+3,3,1.7502208872241505,1.7770840319370496,7.84164533301373,3.232845249993261,True,True,208.0,104.0,True,True,True,0.02686314471289908,-4.608800083020469,0.4122661906657288,-104.0
v200_s4_p50,200,0.5,h2+3,4,1.7212940591549237,1.7639297724505745,7.982383499998832,3.0453198330069426,True,True,208.0,99.0,True,True,True,0.042635713295650746,-4.9370636669918895,0.38150507714987486,-109.0
v200_s4_p50,200,0.5,h2+3+4,0,,1.7125319532733168,7.146975084004225,4.513796708997688,True,True,230.0,117.0,False,True,False,,-2.633178375006537,0.6315674332068261,-113.0
v200_s4_p50,200,0.5,h2+3+4,1,1.7261325450514133,1.7699807691425689,6.597780708994833,4.089766666002106,True,True,202.0,119.0,True,True,True,0.04384822409115552,-2.508014042992727,0.61987005121684,-83.0
v200_s4_p50,200,0.5,h2+3+4,2,1.7349425420677098,1.7573830057582107,6.708906457992271,4.337811874996987,True,True,219.0,122.0,True,True,True,0.0224404636905009,-2.3710945829952834,0.6465751016440815,-97.0
v200_s4_p50,200,0.5,h2+3+4,3,1.7407449833871247,1.743454289011456,7.2358574999962,4.420457667001756,True,True,163.0,118.0,True,True,True,0.0027093056243312486,-2.8153998329944443,0.6109099947040246,-45.0
v200_s4_p50,200,0.5,h2+3+4,4,,1.7520790099764967,6.496894250012701,4.172320875019068,True,True,235.0,114.0,False,True,False,,-2.3245733749936335,0.6422023684641183,-121.0
v200_s5_p0,200,0.0,h2,0,1.2896180333485312,1.2896180333485312,26.74517808300152,27.06406958399748,True,True,497.0,497.0,True,True,True,0.0,0.3188915009959601,1.0119233268892922,0.0
v200_s5_p0,200,0.0,h2,1,1.2920494273314522,1.2920494273314522,23.983952291993774,24.046892625003238,True,True,500.0,500.0,True,True,True,0.0,0.06294033300946467,1.0026242686044067,0.0
v200_s5_p0,200,0.0,h2,2,1.29019661710427,1.29019661710427,23.25267454099958,23.123605499989935,True,True,462.0,462.0,True,True,True,0.0,-0.12906904100964312,0.9944492819188577,0.0
v200_s5_p0,200,0.0,h2,3,1.2898519192281592,1.2898519192281592,23.583698166999966,23.625464208016638,True,True,439.0,439.0,True,True,True,0.0,0.04176604101667181,1.001770970808773,0.0
v200_s5_p0,200,0.0,h2,4,1.2929124473376756,1.2929124473376756,23.903744832990924,23.51921770797344,True,True,470.0,470.0,True,True,True,0.0,-0.38452712501748465,0.9839135195048276,0.0
v200_s5_p0,200,0.0,h3,0,1.3212109456010321,1.3212109456010321,34.44324041699292,35.57282808399759,True,True,253.0,253.0,True,True,True,0.0,1.129587667004671,1.0327956270469656,0.0
v200_s5_p0,200,0.0,h3,1,1.3244273441522372,1.3244273441522372,37.1722126659879,36.77392766700359,True,True,219.0,219.0,True,True,True,0.0,-0.3982849989843089,0.9892854105144854,0.0
v200_s5_p0,200,0.0,h3,2,1.3066885953939897,1.3066885953939897,28.190610208999715,28.122795874995063,True,True,268.0,268.0,True,True,True,0.0,-0.06781433400465176,0.9975944353988122,0.0
v200_s5_p0,200,0.0,h3,3,1.336089321970615,1.336089321970615,32.76188520897995,32.78560191698489,True,True,258.0,258.0,True,True,True,0.0,0.0237167080049403,1.0007239115775437,0.0
v200_s5_p0,200,0.0,h3,4,1.329049425518662,1.329049425518662,39.900225749996025,39.866094625002006,True,True,190.0,190.0,True,True,True,0.0,-0.034131124994019046,0.9991445881733132,0.0
v200_s5_p0,200,0.0,h4,0,1.3304476069017594,1.3304476069017594,70.33475245800219,69.87246579201019,True,True,229.0,229.0,True,True,True,0.0,-0.4622866659919964,0.993427336418536,0.0
v200_s5_p0,200,0.0,h4,1,1.322825249987349,1.322825249987349,60.886632374997134,60.64424566600064,True,True,284.0,284.0,True,True,True,0.0,-0.2423867089964915,0.9960190488528968,0.0
v200_s5_p0,200,0.0,h4,2,1.3201860211954628,1.3201860211954628,76.56346916701295,75.99180816599983,True,True,261.0,261.0,True,True,True,0.0,-0.5716610010131262,0.9925335018484321,0.0
v200_s5_p0,200,0.0,h4,3,1.328946884494631,1.328946884494631,78.07103287501377,79.16363125000498,True,True,203.0,203.0,True,True,True,0.0,1.092598374991212,1.0139949266040886,0.0
v200_s5_p0,200,0.0,h4,4,1.3344554736162957,1.3344554736162957,64.24981216600281,65.07279983299668,True,True,278.0,278.0,True,True,True,0.0,0.8229876669938676,1.0128091840154725,0.0
v200_s5_p0,200,0.0,h2+3,0,1.318765052716703,1.318765052716703,35.94756691600196,36.184254916996,True,True,253.0,253.0,True,True,True,0.0,0.23668800099403597,1.0065842564963325,0.0
v200_s5_p0,200,0.0,h2+3,1,1.3199233369227228,1.3199233369227228,37.900688249996165,38.5545612089918,True,True,219.0,219.0,True,True,True,0.0,0.6538729589956347,1.017252271375196,0.0
v200_s5_p0,200,0.0,h2+3,2,1.3055917139811473,1.3055917139811473,29.167619790998287,29.218160250005894,True,True,268.0,268.0,True,True,True,0.0,0.05054045900760684,1.001732759113351,0.0
v200_s5_p0,200,0.0,h2+3,3,1.3149059565504257,1.3149059565504257,33.81564287497895,33.65981879198807,True,True,258.0,258.0,True,True,True,0.0,-0.15582408299087547,0.9953919526661972,0.0
v200_s5_p0,200,0.0,h2+3,4,1.3329016628960317,1.3329016628960317,40.877300833002664,40.28668016701704,True,True,190.0,190.0,True,True,True,0.0,-0.5906206659856252,0.9855513780521247,0.0
v200_s5_p0,200,0.0,h2+3+4,0,1.3304276758975389,1.3304276758975389,73.64081854200049,74.76728445799381,True,True,229.0,229.0,True,True,True,0.0,1.1264659159933217,1.0152967598445535,0.0
v200_s5_p0,200,0.0,h2+3+4,1,1.32752924525226,1.32752924525226,64.51042058299936,64.19698741700267,True,True,243.0,243.0,True,True,True,0.0,-0.3134331659966847,0.9951413560295516,0.0
v200_s5_p0,200,0.0,h2+3+4,2,1.3397590169462295,1.3397590169462295,82.26352570900053,82.7244875000033,True,True,214.0,214.0,True,True,True,0.0,0.4609617910027737,1.0056034772036562,0.0
v200_s5_p0,200,0.0,h2+3+4,3,1.332530815150797,1.332530815150797,83.73157499998342,81.6768095830048,True,True,203.0,203.0,True,True,True,0.0,-2.0547654169786256,0.9754600887779905,0.0
v200_s5_p0,200,0.0,h2+3+4,4,1.334870691843066,1.334870691843066,67.89165874998434,68.82682975000353,True,True,278.0,278.0,True,True,True,0.0,0.9351710000191815,1.0137744609166646,0.0
v200_s5_p10,200,0.1,h2,0,1.3118987080060969,1.326794579861773,19.55703016599,20.311553833002108,True,True,441.0,444.0,True,True,True,0.014895871855676202,0.7545236670121085,1.0385806873849506,3.0
v200_s5_p10,200,0.1,h2,1,1.332565638437493,1.3221274137643362,19.16836387499643,17.652401291998103,True,True,439.0,441.0,True,True,True,-0.010438224673156915,-1.515962582998327,0.9209133031444704,2.0
v200_s5_p10,200,0.1,h2,2,1.3395263384019556,1.322805943498133,19.009136041000602,18.283525917009683,True,True,439.0,444.0,True,True,True,-0.0167203949038226,-0.7256101239909185,0.9618283480939976,5.0
v200_s5_p10,200,0.1,h2,3,1.3075834566047893,1.3180542186038082,18.538241375004873,18.562927874998422,True,True,441.0,444.0,True,True,True,0.010470761999018974,0.02468649999354966,1.00133165274387,3.0
v200_s5_p10,200,0.1,h2,4,1.3322481518341918,1.3288087760229563,19.338351084006717,18.299636040988844,True,True,439.0,441.0,True,True,True,-0.0034393758112354345,-1.0387150430178735,0.946287300375009,2.0
v200_s5_p10,200,0.1,h3,0,1.3383432349336686,1.3543440561392805,20.36444604099961,20.293211333002546,True,True,289.0,308.0,True,True,True,0.01600082120561197,-0.0712347079970641,0.9965020061015336,19.0
v200_s5_p10,200,0.1,h3,1,1.3409787619555242,1.3413794840000954,20.137822874996345,20.496568709000712,True,True,271.0,259.0,True,True,True,0.0004007220445712001,0.35874583400436677,1.017814529218538,-12.0
v200_s5_p10,200,0.1,h3,2,1.3429066988985339,1.345239458475648,23.32099133299198,19.61357533300179,True,True,206.0,275.0,True,True,True,0.0023327595771140963,-3.7074159999901894,0.8410266550399449,69.0
v200_s5_p10,200,0.1,h3,3,1.3402543235658873,1.3506414884668616,20.57910724999965,20.555236417014385,True,True,249.0,269.0,True,True,True,0.010387164900974355,-0.023870832985267043,0.9988400452606967,20.0
v200_s5_p10,200,0.1,h3,4,1.3397029347676226,1.3406747509191042,23.263395582995145,23.81556666700635,True,True,239.0,248.0,True,True,True,0.0009718161514815638,0.5521710840112064,1.0237356185618418,9.0
v200_s5_p10,200,0.1,h4,0,1.3545812132451835,1.3503215364339904,58.95882962500036,57.9547502919886,True,True,157.0,181.0,True,True,True,-0.004259676811193103,-1.0040793330117594,0.9829698225117752,24.0
v200_s5_p10,200,0.1,h4,1,1.3512375822112273,1.3540489514673237,50.977161000002525,53.10670466600277,True,True,189.0,139.0,True,True,True,0.0028113692560964854,2.129543666000245,1.041774465745555,-50.0
v200_s5_p10,200,0.1,h4,2,1.3408707580108525,1.3528375363469973,43.47132154200517,51.28032020801038,True,True,252.0,209.0,True,True,True,0.01196677833614479,7.808998666005209,1.1796356399807073,-43.0
v200_s5_p10,200,0.1,h4,3,1.3630147998288993,1.3563873815325076,60.531982583983336,56.95340520798345,True,True,145.0,168.0,True,True,True,-0.006627418296391685,-3.5785773759998847,0.9408812131498437,23.0
v200_s5_p10,200,0.1,h4,4,1.3493563397797397,1.3553930212027363,55.72416837498895,53.108499416994164,True,True,157.0,168.0,True,True,True,0.006036681422996626,-2.615668957994785,0.9530604218192551,11.0
v200_s5_p10,200,0.1,h2+3,0,1.334559934412303,1.3437172532938786,21.282001542000216,21.21580095900572,True,True,289.0,308.0,True,True,True,0.009157318881575671,-0.06620058299449738,0.9968893629265156,19.0
v200_s5_p10,200,0.1,h2+3,1,1.3406675866707316,1.341686198851413,20.800591999999597,21.282880207989365,True,True,271.0,259.0,True,True,True,0.001018612180681444,0.4822882079897681,1.0231862731594263,-12.0
v200_s5_p10,200,0.1,h2+3,2,1.3595608226921205,1.3435987848695254,24.34686912500183,20.728963750007097,True,True,206.0,275.0,True,True,True,-0.015962037822595088,-3.6179053749947343,0.8514016173324108,69.0
v200_s5_p10,200,0.1,h2+3,3,1.3434337134808292,1.3459242043551085,21.714279208012158,21.59182158400654,True,True,249.0,269.0,True,True,True,0.0024904908742793275,-0.12245762400561944,0.9943605024678676,20.0
v200_s5_p10,200,0.1,h2+3,4,1.3471197482723984,1.3381112053775328,24.417783415992744,24.892272915982176,True,True,239.0,248.0,True,True,True,-0.009008542894865634,0.47448949998943135,1.0194321282937853,9.0
v200_s5_p10,200,0.1,h2+3+4,0,1.3598572262466964,1.349407956086366,64.51397841698781,61.02680779200455,True,True,160.0,190.0,True,True,True,-0.01044927016033026,-3.487170624983264,0.9459470534828306,30.0
v200_s5_p10,200,0.1,h2+3+4,1,1.343704823721804,1.3558586184893002,54.63078725000378,56.60349170801055,True,True,187.0,148.0,True,True,True,0.012153794767496118,1.972704458006774,1.0361097571041618,-39.0
v200_s5_p10,200,0.1,h2+3+4,2,1.3422095397623244,1.3545125464987722,46.53337191599712,54.05686995899305,True,True,260.0,216.0,True,True,True,0.012303006736447797,7.523498042995925,1.1616796233158748,-44.0
v200_s5_p10,200,0.1,h2+3+4,3,1.3532186944825464,1.3576377903224996,57.7968861249974,59.05471999998554,True,True,173.0,180.0,True,True,True,0.004419095839953258,1.2578338749881368,1.0217630041913992,7.0
v200_s5_p10,200,0.1,h2+3+4,4,1.3636493062353998,1.3502743660583136,58.059945207991404,57.065611083002295,True,True,175.0,177.0,True,True,True,-0.013374940177086181,-0.9943341249891091,0.9828740085539687,2.0
v200_s5_p30,200,0.3,h2,0,1.4622323874478453,1.4572002321380269,7.3869150829996215,5.570392916997662,True,True,409.0,378.0,True,True,True,-0.005032155309818487,-1.8165221660019597,0.7540892042765543,-31.0
v200_s5_p30,200,0.3,h2,1,1.4597981488081997,1.4673719965127006,6.659904708998511,5.142892416988616,True,True,409.0,378.0,True,True,True,0.007573847704500869,-1.5170122920098947,0.7722171174671331,-31.0
v200_s5_p30,200,0.3,h2,2,1.4502693960143502,1.458054906567459,6.72697208300815,5.237073290991248,True,True,409.0,378.0,True,True,True,0.007785510553108832,-1.489898792016902,0.7785186598618002,-31.0
v200_s5_p30,200,0.3,h2,3,1.4557561001254329,1.4642749023728754,6.862415334006073,5.372862999996869,True,True,409.0,378.0,True,True,True,0.008518802247442503,-1.489552334009204,0.7829405156187701,-31.0
v200_s5_p30,200,0.3,h2,4,1.4573813891301242,1.4527790150943272,6.721710000012536,5.252754582994385,True,True,409.0,378.0,True,True,True,-0.004602374035796997,-1.468955417018151,0.7814610542532464,-31.0
v200_s5_p30,200,0.3,h3,0,1.4605125467079156,1.4745537080172952,10.860259875000338,9.426954833004856,True,True,191.0,190.0,True,True,True,0.014041161309379602,-1.4333050419954816,0.8680229517071812,-1.0
v200_s5_p30,200,0.3,h3,1,1.4495722506834439,1.4622808413668844,10.388117249996867,8.679761083010817,True,True,197.0,220.0,True,True,True,0.012708590683440546,-1.70835616698605,0.8355470846282019,23.0
v200_s5_p30,200,0.3,h3,2,1.453512562116876,1.4634675695605224,10.971138749999227,8.742256540994276,True,True,176.0,179.0,True,True,True,0.009955007443646302,-2.2288822090049507,0.7968413070151804,3.0
v200_s5_p30,200,0.3,h3,3,1.4536081691898477,1.4649597756375465,10.463845541002229,9.491396875004284,True,True,197.0,192.0,True,True,True,0.011351606447698837,-0.9724486659979448,0.9070658428407188,-5.0
v200_s5_p30,200,0.3,h3,4,1.4541252457760347,1.4582699304464468,11.848369291983545,9.124442290980369,True,True,178.0,198.0,True,True,True,0.004144684670412069,-2.723927001003176,0.770101105571874,20.0
v200_s5_p30,200,0.3,h4,0,1.4602613393028063,1.459485891551228,17.653930624990608,19.21812120800314,True,True,233.0,128.0,True,True,True,-0.0007754477515782288,1.5641905830125324,1.0886029641919115,-105.0
v200_s5_p30,200,0.3,h4,1,1.4662736083709986,1.452385904715079,20.036757333000423,14.857703417001176,True,True,173.0,201.0,True,True,True,-0.013887703655919736,-5.179053915999248,0.7415223516497165,28.0
v200_s5_p30,200,0.3,h4,2,1.4511359622371185,1.4779884276806423,15.226820916999714,15.357611416009604,True,True,272.0,244.0,True,True,True,0.02685246544352382,0.13079049900989048,1.0085894816602112,-28.0
v200_s5_p30,200,0.3,h4,3,1.4771414167909693,1.4554216442407648,18.562985916010803,15.494473832979565,True,True,187.0,198.0,True,True,True,-0.02171977255020452,-3.068512083031237,0.8346972789337405,11.0
v200_s5_p30,200,0.3,h4,4,1.4588021370728923,1.469744242496775,18.285022541997023,16.850919499993324,True,True,185.0,128.0,True,True,True,0.010942105423882742,-1.4341030420036986,0.9215695228862938,-57.0
v200_s5_p30,200,0.3,h2+3,0,1.4503001225463743,1.4744487187854127,11.561804957993445,10.238447749987245,True,True,191.0,190.0,True,True,True,0.024148596239038422,-1.3233572080062004,0.8855406043594192,-1.0
v200_s5_p30,200,0.3,h2+3,1,1.4524140976974096,1.4608817438842523,11.240911916989717,9.40396187499573,True,True,197.0,220.0,True,True,True,0.008467646186842703,-1.8369500419939868,0.8365835391684203,23.0
v200_s5_p30,200,0.3,h2+3,2,1.4604869874681885,1.452125084226209,11.728660749999108,9.469299958000192,True,True,176.0,179.0,True,True,True,-0.008361903241979496,-2.2593607919989154,0.8073641279121244,3.0
v200_s5_p30,200,0.3,h2+3,3,1.448782828003952,1.4595207114911886,11.183873792004306,10.226292583014583,True,True,197.0,192.0,True,True,True,0.010737883487236477,-0.9575812089897227,0.9143783963590213,-5.0
v200_s5_p30,200,0.3,h2+3,4,1.4429414188547676,1.45728366259649,12.55673808400752,9.98807558399858,True,True,178.0,198.0,True,True,True,0.014342243741722438,-2.5686625000089407,0.7954355276964458,20.0
v200_s5_p30,200,0.3,h2+3+4,0,1.4616097511506003,1.481068746580079,19.94113233301323,21.449053832999198,True,True,239.0,133.0,True,True,True,0.0194589954294786,1.5079214999859687,1.0756186496736473,-106.0
v200_s5_p30,200,0.3,h2+3+4,1,1.4602516254683566,1.4609395036147832,22.69765620799444,16.283862665994093,True,True,180.0,204.0,True,True,True,0.0006878781464265682,-6.413793542000349,0.7174248528911404,24.0
v200_s5_p30,200,0.3,h2+3+4,2,1.448786997480486,1.4560429028676607,17.116233416993055,16.612015167003847,True,True,277.0,197.0,True,True,True,0.007255905387174799,-0.5042182499892078,0.970541518235629,-80.0
v200_s5_p30,200,0.3,h2+3+4,3,1.4792035025276684,1.4550074792600085,20.902395707991673,17.559457916999236,True,True,191.0,205.0,True,True,True,-0.024196023267659905,-3.342937790992437,0.8400691558186164,14.0
v200_s5_p30,200,0.3,h2+3+4,4,1.4740598622483059,1.47216742079809,20.70337654100149,18.9582227919891,True,True,192.0,132.0,True,True,True,-0.0018924414502159426,-1.7451537490123883,0.9157068053340844,-60.0
v200_s5_p50,200,0.5,h2,0,1.756446251514147,1.7754999995535699,3.1062013330083573,1.1745459999947343,True,True,293.0,192.0,True,True,True,0.019053748039422835,-1.931655333013623,0.37812938508309313,-101.0
v200_s5_p50,200,0.5,h2,1,1.8272663478418785,1.8822918044181451,2.642316750003374,1.099008542005322,True,True,293.0,192.0,True,True,True,0.055025456576266674,-1.5433082079980522,0.4159261155968218,-101.0
v200_s5_p50,200,0.5,h2,2,1.7896128340219206,1.7865217995019784,2.7630844169907505,1.1833343750040513,True,True,293.0,192.0,True,True,True,-0.003091034519942193,-1.5797500419866992,0.42826573365891213,-101.0
v200_s5_p50,200,0.5,h2,3,1.8072247846932987,1.8867561397746262,2.8065599170222413,1.1791650829836726,True,True,293.0,192.0,True,True,True,0.07953135508132747,-1.6273948340385687,0.4201460570400956,-101.0
v200_s5_p50,200,0.5,h2,4,1.7564180282914155,1.8990196420744148,2.888445332995616,1.0910122080240399,True,True,293.0,192.0,True,True,True,0.1426016137829993,-1.797433124971576,0.3777160659961487,-101.0
v200_s5_p50,200,0.5,h3,0,1.726506451205852,1.7796614475116328,5.767703749996144,3.0867225420079194,True,True,113.0,106.0,True,True,True,0.05315499630578069,-2.680981207988225,0.5351735588031863,-7.0
v200_s5_p50,200,0.5,h3,1,1.7505042266382373,1.7452719171709559,5.065036500003771,2.763279999999213,True,True,103.0,101.0,True,True,True,-0.005232309467281482,-2.301756500004558,0.5455597407831426,-2.0
v200_s5_p50,200,0.5,h3,2,1.7478667594126711,1.7514587441568683,5.1494207920040935,2.6832249169965507,True,True,106.0,119.0,True,True,True,0.0035919847441971964,-2.466195875007543,0.5210731508217396,13.0
v200_s5_p50,200,0.5,h3,3,1.7485221917541238,1.7746469181008269,5.687623292003991,3.0521617500053253,True,True,113.0,111.0,True,True,True,0.026124726346703042,-2.635461541998666,0.5366321912170662,-2.0
v200_s5_p50,200,0.5,h3,4,1.7477649554826349,1.7532075506282372,5.284804583003279,3.045300333003979,True,True,105.0,111.0,True,True,True,0.0054425951456023025,-2.2395042499992996,0.5762370746494809,6.0
v200_s5_p50,200,0.5,h4,0,1.7469372515353454,1.7404821283166716,6.436372584008495,3.6375965409970377,True,True,78.0,111.0,True,True,True,-0.006455123218673808,-2.7987760430114577,0.5651625187197579,33.0
v200_s5_p50,200,0.5,h4,1,1.747139559418594,1.724611582579028,5.90550108300522,3.358288707997417,True,True,78.0,90.0,True,True,True,-0.022527976839565866,-2.5472123750078026,0.5686712542754179,12.0
v200_s5_p50,200,0.5,h4,2,1.7438872994038235,1.720115255713887,5.925433041993529,3.37895045899495,True,True,78.0,89.0,True,True,True,-0.023772043689936462,-2.5464825829985784,0.5702453196329006,11.0
v200_s5_p50,200,0.5,h4,3,1.7404636270959706,1.7005713816201293,6.213286665995838,3.612157790979836,True,True,74.0,92.0,True,True,True,-0.03989224547584125,-2.601128875016002,0.5813602341492633,18.0
v200_s5_p50,200,0.5,h4,4,1.7453533949270326,1.7086717520051071,6.122444333013846,3.757988666999154,True,True,73.0,90.0,True,True,True,-0.03668164292192544,-2.364455666014692,0.6138052814519,17.0
v200_s5_p50,200,0.5,h2+3,0,1.7250377241181578,1.7910639521101517,6.2163694170012604,3.222750000000815,True,True,113.0,106.0,True,True,True,0.06602622799199387,-2.9936194170004455,0.5184296144284569,-7.0
v200_s5_p50,200,0.5,h2+3,1,1.744725179359829,1.7554560273228244,5.48426974999893,3.057196958005079,True,True,103.0,102.0,True,True,True,0.010730847962995282,-2.427072791993851,0.5574483198981369,-1.0
v200_s5_p50,200,0.5,h2+3,2,1.7433328769656784,1.776365105971606,5.519066749999183,2.8714161249954486,True,True,106.0,119.0,True,True,True,0.033032229005927505,-2.6476506250037346,0.5202720414635089,13.0
v200_s5_p50,200,0.5,h2+3,3,1.741522492783006,1.7747399073448407,6.1418779579980765,3.2317936250183266,True,True,113.0,112.0,True,True,True,0.03321741456183469,-2.91008433297975,0.5261898147633852,-1.0
v200_s5_p50,200,0.5,h2+3,4,1.738915065028994,1.763326423328351,5.795046624989482,3.2162680420151446,True,True,105.0,111.0,True,True,True,0.024411358299357033,-2.578778582974337,0.5550029620375975,6.0
v200_s5_p50,200,0.5,h2+3+4,0,1.7534472894676392,1.772895195971136,7.62037324999983,4.507367041995167,True,True,78.0,117.0,True,True,True,0.019447906503496926,-3.1130062080046628,0.5914890116432641,39.0
v200_s5_p50,200,0.5,h2+3+4,1,1.7537861516522901,1.7256041601789707,6.869157250010176,4.023423249993357,True,True,78.0,95.0,True,True,True,-0.028181991473319457,-2.8457340000168188,0.5857229793345314,17.0
v200_s5_p50,200,0.5,h2+3+4,2,1.7497525857589,1.7317711231579351,6.954956249988754,4.128515749995131,True,True,78.0,95.0,True,True,True,-0.017981462600964893,-2.8264404999936232,0.5936077239884588,17.0
v200_s5_p50,200,0.5,h2+3+4,3,1.7453520194932777,1.740278728951294,7.450759749975987,4.4070131669868715,True,True,73.0,97.0,True,True,True,-0.005073290541983688,-3.0437465829891153,0.5914850719755224,24.0
v200_s5_p50,200,0.5,h2+3+4,4,1.7483925718256712,1.7109513120383308,7.398003458016319,4.557741791999433,True,True,73.0,95.0,True,True,True,-0.037441259787340364,-2.840261666016886,0.6160772724512261,22.0
v200_s6_p0,200,0.0,h2,0,1.2942684689681603,1.2942684689681603,28.213015625005937,28.18116687500151,True,True,544.0,544.0,True,True,True,0.0,-0.03184875000442844,0.998871132727258,0.0
v200_s6_p0,200,0.0,h2,1,1.2922461903673879,1.2922461903673879,25.95565116700891,25.870695624995278,True,True,544.0,544.0,True,True,True,0.0,-0.0849555420136312,0.9967268961403821,0.0
v200_s6_p0,200,0.0,h2,2,1.29929254769514,1.29929254769514,26.017045041997335,25.80397887498839,True,True,544.0,544.0,True,True,True,0.0,-0.21306616700894665,0.9918105162725048,0.0
v200_s6_p0,200,0.0,h2,3,1.3036244534359631,1.3036244534359631,26.683338500006357,26.31146687499131,True,True,544.0,544.0,True,True,True,0.0,-0.37187162501504645,0.9860635270577196,0.0
v200_s6_p0,200,0.0,h2,4,1.3008066187720222,1.3008066187720222,26.049799833010184,25.769765625009313,True,True,544.0,544.0,True,True,True,0.0,-0.2800342080008704,0.9892500437701631,0.0
v200_s6_p0,200,0.0,h3,0,1.3193606669712108,1.3193606669712108,29.5766793340008,29.702454958998715,True,True,274.0,274.0,True,True,True,0.0,0.12577562499791384,1.0042525269174936,0.0
v200_s6_p0,200,0.0,h3,1,1.3057946079604033,1.3057946079604033,29.008034458005568,28.74324208300095,True,True,283.0,283.0,True,True,True,0.0,-0.2647923750046175,0.9908717574302405,0.0
v200_s6_p0,200,0.0,h3,2,1.3183033883341526,1.3183033883341526,27.000886124995304,27.155256500001997,True,True,271.0,271.0,True,True,True,0.0,0.15437037500669248,1.0057172336601128,0.0
v200_s6_p0,200,0.0,h3,3,1.3169443112024646,1.3169443112024646,29.208270958974026,29.635834582993994,True,True,284.0,284.0,True,True,True,0.0,0.4275636240199674,1.0146384434950129,0.0
v200_s6_p0,200,0.0,h3,4,1.3299358272241506,1.3299358272241506,52.535400958004175,50.66966191702522,True,True,169.0,169.0,True,True,True,0.0,-1.8657390409789514,0.9644860606951418,0.0
v200_s6_p0,200,0.0,h4,0,1.3295425721681953,1.3295425721681953,79.43372437499056,79.65218795799592,True,True,225.0,225.0,True,True,True,0.0,0.2184635830053594,1.0027502623693438,0.0
v200_s6_p0,200,0.0,h4,1,1.3309394800481429,1.3309394800481429,87.16547904199979,87.13262704199587,True,True,117.0,117.0,True,True,True,0.0,-0.03285200000391342,0.9996231076755961,0.0
v200_s6_p0,200,0.0,h4,2,1.3200307453573694,1.3200307453573694,73.7554201669991,73.03444799999124,True,True,212.0,212.0,True,True,True,0.0,-0.7209721670078579,0.9902248246247474,0.0
v200_s6_p0,200,0.0,h4,3,1.324878080880601,1.324878080880601,71.7281606659817,71.81418679200578,True,True,265.0,265.0,True,True,True,0.0,0.08602612602408044,1.001199335452427,0.0
v200_s6_p0,200,0.0,h4,4,1.3220088601376325,1.3220088601376325,72.01872400002321,72.89445458300179,True,True,199.0,199.0,True,True,True,0.0,0.8757305829785764,1.012159762549782,0.0
v200_s6_p0,200,0.0,h2+3,0,1.3136565031143983,1.3136565031143983,30.21647104099975,30.714176584006054,True,True,274.0,274.0,True,True,True,0.0,0.49770554300630465,1.0164713325500845,0.0
v200_s6_p0,200,0.0,h2+3,1,1.3102511547636826,1.3102511547636826,29.432192666994524,29.60697412499576,True,True,283.0,283.0,True,True,True,0.0,0.17478145800123457,1.0059384450210274,0.0
v200_s6_p0,200,0.0,h2+3,2,1.3165287521663018,1.3165287521663018,28.10143770799914,28.059416250005597,True,True,271.0,271.0,True,True,True,0.0,-0.042021457993541844,0.9985046509566455,0.0
v200_s6_p0,200,0.0,h2+3,3,1.3153751404932144,1.3153751404932144,30.241829459002474,30.075607042002957,True,True,284.0,284.0,True,True,True,0.0,-0.166222416999517,0.994503559474639,0.0
v200_s6_p0,200,0.0,h2+3,4,1.3324468736177353,1.3324468736177353,52.300042500020936,52.53708291600924,True,True,169.0,169.0,True,True,True,0.0,0.23704041598830372,1.0045323178463614,0.0
v200_s6_p0,200,0.0,h2+3+4,0,1.3312741729934179,1.3312741729934179,84.4677212079987,84.92203274999338,True,True,243.0,243.0,True,True,True,0.0,0.4543115419946844,1.0053785225349687,0.0
v200_s6_p0,200,0.0,h2+3+4,1,1.332668622695001,1.332668622695001,90.07749420800246,91.24151404199074,True,True,117.0,117.0,True,True,True,0.0,1.1640198339882772,1.0129224268972268,0.0
v200_s6_p0,200,0.0,h2+3+4,2,1.3196946075978673,1.3196946075978673,76.81882241599669,76.87468145799357,True,True,212.0,212.0,True,True,True,0.0,0.0558590419968823,1.000727153062753,0.0
v200_s6_p0,200,0.0,h2+3+4,3,1.3251951315016637,1.3251951315016637,76.54339691699715,76.58232524999767,True,True,265.0,265.0,True,True,True,0.0,0.038928333000512794,1.0005085785916024,0.0
v200_s6_p0,200,0.0,h2+3+4,4,1.328010524302612,1.328010524302612,75.95277933299076,75.53463087501586,True,True,199.0,199.0,True,True,True,0.0,-0.418148457974894,0.9944946259814713,0.0
v200_s6_p10,200,0.1,h2,0,1.3218553137258708,1.310147222403472,21.657273791002808,21.568388583007618,True,True,477.0,477.0,True,True,True,-0.011708091322398806,-0.08888520799519029,0.9958958265544893,0.0
v200_s6_p10,200,0.1,h2,1,1.319761050019174,1.3152300327394442,19.824220333000994,19.687115749999066,True,True,477.0,477.0,True,True,True,-0.004531017279729932,-0.1371045830019284,0.9930839861190559,0.0
v200_s6_p10,200,0.1,h2,2,1.3236377169033848,1.323266647994611,19.661433082990698,19.52109437499894,True,True,477.0,477.0,True,True,True,-0.0003710689087739194,-0.1403387079917593,0.992862234029463,0.0
v200_s6_p10,200,0.1,h2,3,1.3222597366340516,1.3081940057429573,20.294950957992114,20.312639792013215,True,True,477.0,477.0,True,True,True,-0.014065730891094308,0.017688834021100774,1.0008715879165075,0.0
v200_s6_p10,200,0.1,h2,4,1.3249298549021804,1.3106105310099716,20.153828249982325,19.669110415998148,True,True,477.0,477.0,True,True,True,-0.014319323892208802,-0.48471783398417756,0.9759490937418005,0.0
v200_s6_p10,200,0.1,h3,0,1.3415202681879654,1.3414990700254452,25.35279587500554,26.66756625000562,True,True,226.0,222.0,True,True,True,-2.1198162520219554e-05,1.31477037500008,1.0518589894969441,-4.0
v200_s6_p10,200,0.1,h3,1,1.340369972155132,1.3424459336726804,20.45479020800849,22.871322708000662,True,True,252.0,241.0,True,True,True,0.002075961517548297,2.4165324999921722,1.1181401752556743,-11.0
v200_s6_p10,200,0.1,h3,2,1.3326614203774865,1.3469641506594767,23.409329916990828,20.40491245899466,True,True,239.0,266.0,True,True,True,0.01430273028199025,-3.004417457996169,0.8716572636359181,27.0
v200_s6_p10,200,0.1,h3,3,1.3394045516181206,1.3440423917930027,23.87026766699273,20.687773125013337,True,True,242.0,257.0,True,True,True,0.004637840174882113,-3.182494541979395,0.8666753726276779,15.0
v200_s6_p10,200,0.1,h3,4,1.3378714568513523,1.3510012309019717,19.537810374982655,23.620601583999814,True,True,273.0,243.0,True,True,True,0.013129774050619325,4.082791209017159,1.208968719148027,-30.0
v200_s6_p10,200,0.1,h4,0,1.338957096086466,1.3506631262372588,45.8510177499993,42.334306040997035,True,True,216.0,255.0,True,True,True,0.011706030150792746,-3.5167117090022657,0.9233013380820251,39.0
v200_s6_p10,200,0.1,h4,1,1.3474657722233128,1.343937776907623,47.19835916699958,37.85691333300201,True,True,203.0,268.0,True,True,True,-0.0035279953156897026,-9.341445833997568,0.802081131656607,65.0
v200_s6_p10,200,0.1,h4,2,1.3501411195588306,1.3462657787494492,39.61439775000326,48.0534756249981,True,True,209.0,213.0,True,True,True,-0.0038753408093814556,8.439077874994837,1.213030573587204,4.0
v200_s6_p10,200,0.1,h4,3,1.3490184689682148,1.3349497197386744,39.857534832990495,40.18622650002362,True,True,275.0,244.0,True,True,True,-0.014068749229540378,0.3286916670331266,1.0082466632321943,-31.0
v200_s6_p10,200,0.1,h4,4,1.3453811282240935,1.3465106684214871,38.03969462501118,50.92573779198574,True,True,225.0,196.0,True,True,True,0.0011295401973936414,12.88604316697456,1.338752539787792,-29.0
v200_s6_p10,200,0.1,h2+3,0,1.3458220829979506,1.3455242962648628,27.425392832999933,27.334589625010267,True,True,226.0,222.0,True,True,True,-0.00029778673308777925,-0.09080320798966568,0.9966890826854299,-4.0
v200_s6_p10,200,0.1,h2+3,1,1.33355394577504,1.3458939774630603,21.654332750011235,24.207409667011234,True,True,252.0,241.0,True,True,True,0.012340031688020225,2.5530769169999985,1.1179014355452108,-11.0
v200_s6_p10,200,0.1,h2+3,2,1.340733338409221,1.3549057779880451,24.113383625008282,21.47489116700308,True,True,239.0,266.0,True,True,True,0.014172439578824081,-2.638492458005203,0.8905797502732553,27.0
v200_s6_p10,200,0.1,h2+3,3,1.339146546223174,1.3420206896676743,25.144676708005136,21.380311125016306,True,True,242.0,257.0,True,True,True,0.002874143444500321,-3.7643655829888303,0.8502917485596307,15.0
v200_s6_p10,200,0.1,h2+3,4,1.3369956166111758,1.3573400054021925,19.992478790984023,24.680876458005514,True,True,273.0,243.0,True,True,True,0.020344388791016632,4.688397667021491,1.2345080725625583,-30.0
v200_s6_p10,200,0.1,h2+3+4,0,1.331085633796659,1.362798376804673,47.98029550000501,46.281227667001076,True,True,218.0,258.0,True,True,True,0.031712743008013966,-1.6990678330039373,0.9645882165731189,40.0
v200_s6_p10,200,0.1,h2+3+4,1,1.3446486273358194,1.3492358446271746,50.65401374999783,40.960919040997396,True,True,206.0,271.0,True,True,True,0.00458721729135525,-9.693094709000434,0.808641132431468,65.0
v200_s6_p10,200,0.1,h2+3+4,2,1.3521755521837076,1.344729174371132,42.341807624994544,51.42528358301206,True,True,212.0,215.0,True,True,True,-0.007446377812575511,9.083475958017516,1.2145273541098303,3.0
v200_s6_p10,200,0.1,h2+3+4,3,1.345989295322198,1.326507683620121,42.29610916698584,43.45490266699926,True,True,279.0,250.0,True,True,True,-0.01948161170207685,1.1587935000134166,1.027397165432841,-29.0
v200_s6_p10,200,0.1,h2+3+4,4,1.3426124244962234,1.349492823968326,40.50151337499847,45.37784516598913,True,True,227.0,204.0,True,True,True,0.006880399472102505,4.876331790990662,1.1203987551240695,-23.0
v200_s6_p30,200,0.3,h2,0,1.453396421348057,1.4860718265542585,7.376774832999217,5.969852791997255,True,True,408.0,381.0,True,True,True,0.03267540520620149,-1.4069220410019625,0.8092768082457599,-27.0
v200_s6_p30,200,0.3,h2,1,1.4620453217218314,1.4805399799809245,6.767498832996353,5.48164708299737,True,True,408.0,381.0,True,True,True,0.018494658259093022,-1.285851749998983,0.8099960145202324,-27.0
v200_s6_p30,200,0.3,h2,2,1.4728406334731632,1.462493647335367,6.798754792005639,5.455908499992802,True,True,408.0,381.0,True,True,True,-0.010346986137796277,-1.3428462920128368,0.8024864356643908,-27.0
v200_s6_p30,200,0.3,h2,3,1.4563290903680444,1.4902144901441319,6.8756250419828575,5.599288500001421,True,True,408.0,381.0,True,True,True,0.03388539977608751,-1.2763365419814363,0.8143679252158064,-27.0
v200_s6_p30,200,0.3,h2,4,1.47955346461188,1.4750759404610028,6.8769282499852125,5.550849749997724,True,True,408.0,381.0,True,True,True,-0.00447752415087721,-1.3260784999874886,0.8071699381202152,-27.0
v200_s6_p30,200,0.3,h3,0,1.4617226473972607,1.4517254624214433,10.390529999989667,9.752497458001017,True,True,205.0,203.0,True,True,True,-0.009997184975817364,-0.6380325419886503,0.9385948029610343,-2.0
v200_s6_p30,200,0.3,h3,1,1.4454063126990182,1.4639002617287935,9.747787750005955,9.00352374999784,True,True,214.0,193.0,True,True,True,0.018493949029775303,-0.7442640000081155,0.923647906674244,-21.0
v200_s6_p30,200,0.3,h3,2,1.4288395566605532,1.4422280990227108,9.154030208010226,9.05245308400481,True,True,221.0,193.0,True,True,True,0.013388542362157585,-0.10157712400541641,0.9889035625077431,-28.0
v200_s6_p30,200,0.3,h3,3,1.4292933631137188,1.4648238903056832,10.03568654099945,9.218154500005767,True,True,216.0,199.0,True,True,True,0.03553052719196437,-0.817532040993683,0.9185375073589868,-17.0
v200_s6_p30,200,0.3,h3,4,1.4394032137599921,1.4552074492369635,9.75470416600001,9.367544334003469,True,True,222.0,185.0,True,True,True,0.015804235476971407,-0.38715983199654147,0.960310448640156,-37.0
v200_s6_p30,200,0.3,h4,0,1.4568917638754466,1.4542439230925606,19.255591541004833,16.3952280000085,True,True,179.0,206.0,True,True,True,-0.002647840782886046,-2.8603635409963317,0.8514528346270132,27.0
v200_s6_p30,200,0.3,h4,1,1.4657430663976163,1.465879329841017,19.79265162500087,16.87581766700896,True,True,177.0,147.0,True,True,True,0.0001362634434007859,-2.916833957991912,0.8526304603720936,-30.0
v200_s6_p30,200,0.3,h4,2,1.4396830746026923,1.4592885773494926,15.092088166988106,16.87140633299714,True,True,261.0,156.0,True,True,True,0.019605502746800285,1.779318166009034,1.117897413951043,-105.0
v200_s6_p30,200,0.3,h4,3,1.4600727531123556,1.465113479903698,19.692387040995527,18.22967733402038,True,True,173.0,140.0,True,True,True,0.005040726791342376,-1.4627097069751471,0.9257220719900495,-33.0
v200_s6_p30,200,0.3,h4,4,1.4401905992527846,1.4631477644354642,16.85904570799903,17.778967292018933,True,True,194.0,200.0,True,True,True,0.02295716518267965,0.9199215840199031,1.0545654599882504,6.0
v200_s6_p30,200,0.3,h2+3,0,1.4326055070697141,1.4416585283086463,11.061254332991666,10.459032375001698,True,True,205.0,204.0,True,True,True,0.009053021238932146,-0.6022219579899684,0.9455557263344211,-1.0
v200_s6_p30,200,0.3,h2+3,1,1.4324194369282348,1.45876661654929,10.411347792003653,9.608638124991558,True,True,214.0,193.0,True,True,True,0.02634717962105526,-0.8027096670120955,0.9229005040415027,-21.0
v200_s6_p30,200,0.3,h2+3,2,1.430165863310356,1.4478349467394926,9.876340457994957,9.608355208009016,True,True,221.0,194.0,True,True,True,0.017669083429136645,-0.26798524998594075,0.9728659364138257,-27.0
v200_s6_p30,200,0.3,h2+3,3,1.4400114479323087,1.4688372518743185,10.735210667015053,9.854031665978255,True,True,216.0,199.0,True,True,True,0.02882580394200973,-0.8811790010367986,0.917916934434803,-17.0
v200_s6_p30,200,0.3,h2+3,4,1.4451483750755059,1.4684594242301494,10.317369208991295,9.952426417003153,True,True,222.0,186.0,True,True,True,0.02331104915464355,-0.36494279198814183,0.9646283093494314,-36.0
v200_s6_p30,200,0.3,h2+3+4,0,1.4584671630017245,1.4513929773465017,21.77775062501314,18.286396083,True,True,186.0,211.0,True,True,True,-0.0070741856552227755,-3.4913545420131413,0.8396824997158753,25.0
v200_s6_p30,200,0.3,h2+3+4,1,1.4552065831293464,1.464183622351967,21.583831375013688,18.255232457988313,True,True,186.0,150.0,True,True,True,0.00897703922262072,-3.3285989170253742,0.8457827593631642,-36.0
v200_s6_p30,200,0.3,h2+3+4,2,1.4449793325741973,1.4723878638809418,17.039350916995318,18.5575543330051,True,True,265.0,164.0,True,True,True,0.027408531306744477,1.5182034160097828,1.0890998385681172,-101.0
v200_s6_p30,200,0.3,h2+3+4,3,1.461287104854961,1.4592535649024527,22.373062250000658,20.23541670900886,True,True,164.0,145.0,True,True,True,-0.002033539952508212,-2.137645540991798,0.9044544945566522,-19.0
v200_s6_p30,200,0.3,h2+3+4,4,1.4422732841558235,1.467659103877721,19.074188625003444,19.695743374992162,True,True,197.0,203.0,True,True,True,0.025385819721897462,0.621554749988718,1.0325861698344512,6.0
v200_s6_p50,200,0.5,h2,0,1.8912356848568534,1.921537538856381,3.212931124988245,1.463161042003776,True,True,291.0,196.0,True,True,True,0.03030185399952745,-1.749770082984469,0.4553975747018633,-95.0
v200_s6_p50,200,0.5,h2,1,1.8878256043417465,1.8458222100782196,2.9243517909926595,1.3823308749997523,True,True,291.0,196.0,True,True,True,-0.04200339426352695,-1.5420209159929072,0.472696506370229,-95.0
v200_s6_p50,200,0.5,h2,2,1.844317234148687,1.8706286288277099,3.1152760830009356,1.33273208400351,True,True,291.0,196.0,True,True,True,0.02631139467902277,-1.7825439989974257,0.4278054491785824,-95.0
v200_s6_p50,200,0.5,h2,3,1.840849505285922,1.9120019089582485,3.0345569170021918,1.3212782499904279,True,True,291.0,196.0,True,True,True,0.07115240367232656,-1.713278667011764,0.43541060066710013,-95.0
v200_s6_p50,200,0.5,h2,4,1.954366478659913,1.993025643010027,3.0346667080011684,1.4137729999783915,True,True,291.0,196.0,True,True,True,0.03865916435011396,-1.620893708022777,0.4658742247545186,-95.0
v200_s6_p50,200,0.5,h3,0,1.7789747758103764,1.8957552097706758,8.867547457994078,3.8844724579976173,True,True,216.0,144.0,True,True,True,0.11678043396029936,-4.983074999996461,0.4380548822995892,-72.0
v200_s6_p50,200,0.5,h3,1,1.7858572234577117,1.9198573127391136,8.654738083001575,3.2236044999881415,True,True,216.0,134.0,True,True,True,0.13400008928140195,-5.431133583013434,0.37246701969173324,-82.0
v200_s6_p50,200,0.5,h3,2,1.7806347421800126,1.8672301480619866,8.413735082998755,3.150050457988982,True,True,216.0,131.0,True,True,True,0.08659540588197401,-5.263684625009773,0.3743938247300112,-85.0
v200_s6_p50,200,0.5,h3,3,1.7825210800095501,1.9277393663065134,8.642453874985222,3.7193541250017006,True,True,216.0,131.0,True,True,True,0.14521828629696332,-4.923099749983521,0.4303585739424106,-85.0
v200_s6_p50,200,0.5,h3,4,1.7608496295985252,1.9154272538743533,8.714975917013362,3.2132172920100857,True,True,216.0,131.0,True,True,True,0.1545776242758281,-5.501758625003276,0.3687006507656835,-85.0
v200_s6_p50,200,0.5,h4,0,1.7734842624086815,1.8178366056862743,6.419920207990799,4.362617082995712,True,True,119.0,75.0,True,True,True,0.04435234327759274,-2.0573031249950873,0.6795438170034596,-44.0
v200_s6_p50,200,0.5,h4,1,1.819853066613889,1.804647712044431,5.844895207992522,4.072551916993689,True,True,121.0,101.0,True,True,True,-0.01520535456945793,-1.7723432909988333,0.6967707327626222,-20.0
v200_s6_p50,200,0.5,h4,2,1.8033039387144787,1.814310623125297,5.989145542000188,3.806759915998555,True,True,121.0,80.0,True,True,True,0.011006684410818313,-2.1823856260016328,0.6356098527415676,-41.0
v200_s6_p50,200,0.5,h4,3,1.7940741902197197,1.8452972227377236,6.111230040987721,4.157291165989591,True,True,121.0,98.0,True,True,True,0.051223032518003864,-1.95393887499813,0.6802707700588658,-23.0
v200_s6_p50,200,0.5,h4,4,1.7636644010827285,1.823120482930681,6.457581124996068,3.8239234579959884,True,True,115.0,86.0,True,True,True,0.05945608184795259,-2.6336576670000795,0.5921603436299558,-29.0
v200_s6_p50,200,0.5,h2+3,0,1.759655148507162,1.8388978747845084,9.542748292005854,4.3038622079911875,True,True,216.0,144.0,True,True,True,0.0792427262773463,-5.238886084014666,0.45100866923175753,-72.0
v200_s6_p50,200,0.5,h2+3,1,1.7810453734036704,1.901597602206246,9.138418041999103,3.5536283330002334,True,True,216.0,134.0,True,True,True,0.12055222880257555,-5.584789708998869,0.3888669041696465,-82.0
v200_s6_p50,200,0.5,h2+3,2,1.7768181231870297,1.8779639851247667,8.855470999988029,3.5357069590099854,True,True,216.0,131.0,True,True,True,0.101145861937737,-5.319764040978043,0.39926808625027005,-85.0
v200_s6_p50,200,0.5,h2+3,3,1.7911382971947623,1.8506496182267256,9.329490416013869,4.063113041018369,True,True,216.0,131.0,True,True,True,0.05951132103196333,-5.2663773749955,0.43551285867062184,-85.0
v200_s6_p50,200,0.5,h2+3,4,1.784335394835572,1.932142391656154,9.175348625023616,3.5716072499926668,True,True,216.0,131.0,True,True,True,0.14780699682058196,-5.60374137503095,0.38926120368352474,-85.0
v200_s6_p50,200,0.5,h2+3+4,0,1.8018715440890627,1.8167078750208403,7.690925333998166,5.284653958995477,True,True,121.0,77.0,True,True,True,0.014836330931777608,-2.4062713750026887,0.6871284961816452,-44.0
v200_s6_p50,200,0.5,h2+3+4,1,1.7915647421095762,1.8312133542738824,6.960123750002822,4.8412447909940965,True,True,123.0,103.0,True,True,True,0.03964861216430626,-2.1188789590087254,0.6955687807982055,-20.0
v200_s6_p50,200,0.5,h2+3+4,2,1.7943534899093203,1.7971436986523706,7.059956791999866,4.474845749995438,True,True,123.0,81.0,True,True,True,0.0027902087430502487,-2.585111042004428,0.6338347219158906,-42.0
v200_s6_p50,200,0.5,h2+3+4,3,1.8238353572683021,1.842003879012787,7.462313207972329,4.946848541003419,True,True,123.0,100.0,True,True,True,0.01816852174448491,-2.51546466696891,0.6629108700125955,-23.0
v200_s6_p50,200,0.5,h2+3+4,4,1.7790019285460705,1.845581898475604,7.729696583002806,4.5482902500079945,True,True,116.0,88.0,True,True,True,0.06657996992953352,-3.1814063329948112,0.5884176954641976,-28.0
v200_s7_p0,200,0.0,h2,0,1.2927637792135154,1.2927637792135154,28.554961542002275,28.54541354099638,True,True,544.0,544.0,True,True,True,0.0,-0.009548001005896367,0.9996656272503869,0.0
v200_s7_p0,200,0.0,h2,1,1.2954236061258568,1.2954236061258568,26.341571583005134,26.4517702919984,True,True,545.0,545.0,True,True,True,0.0,0.11019870899326634,1.004183452329183,0.0
v200_s7_p0,200,0.0,h2,2,1.3007833612506983,1.3007833612506983,26.638677625000128,26.167154499999015,True,True,544.0,544.0,True,True,True,0.0,-0.47152312500111293,0.9822993043559117,0.0
v200_s7_p0,200,0.0,h2,3,1.3010135498923032,1.3010135498923032,26.68090091701015,27.201893082994502,True,True,544.0,544.0,True,True,True,0.0,0.520992165984353,1.0195267831324317,0.0
v200_s7_p0,200,0.0,h2,4,1.3073197335885907,1.3073197335885907,26.16716866698698,26.171609459008323,True,True,544.0,544.0,True,True,True,0.0,0.004440792021341622,1.0001697085411823,0.0
v200_s7_p0,200,0.0,h3,0,1.3213194145329823,1.3213194145329823,29.388816249993397,29.506061708001653,True,True,305.0,305.0,True,True,True,0.0,0.11724545800825581,1.0039894583371756,0.0
v200_s7_p0,200,0.0,h3,1,1.3287027598309067,1.3287027598309067,33.44611916701251,33.32710008400318,True,True,249.0,249.0,True,True,True,0.0,-0.11901908300933428,0.9964414680694339,0.0
v200_s7_p0,200,0.0,h3,2,1.3168475013958651,1.3168475013958651,29.04567695800506,28.55209491599817,True,True,275.0,275.0,True,True,True,0.0,-0.49358204200689215,0.9830066951883916,0.0
v200_s7_p0,200,0.0,h3,3,1.3310606105926608,1.3310606105926608,27.5239934999845,27.69387316700886,True,True,297.0,297.0,True,True,True,0.0,0.16987966702436097,1.0061720573733044,0.0
v200_s7_p0,200,0.0,h3,4,1.3227792534099194,1.3227792534099194,34.02097566702287,34.12397158402018,True,True,242.0,242.0,True,True,True,0.0,0.10299591699731536,1.0030274239635388,0.0
v200_s7_p0,200,0.0,h4,0,1.3329998105607757,1.3329998105607757,81.07464245799929,82.70982466700661,True,True,190.0,190.0,True,True,True,0.0,1.6351822090073256,1.0201688488463507,0.0
v200_s7_p0,200,0.0,h4,1,1.3344595098508776,1.3344595098508776,73.29382633299974,72.24875891700503,True,True,219.0,219.0,True,True,True,0.0,-1.0450674159947084,0.9857413991289444,0.0
v200_s7_p0,200,0.0,h4,2,1.3439457406078155,1.3439457406078155,75.87556429099641,74.9768741250009,True,True,176.0,176.0,True,True,True,0.0,-0.8986901659955038,0.9881557366407336,0.0
v200_s7_p0,200,0.0,h4,3,1.3348981016192305,1.3348981016192305,74.71824016599567,73.87349866700242,True,True,265.0,265.0,True,True,True,0.0,-0.844741498993244,0.9886943068102708,0.0
v200_s7_p0,200,0.0,h4,4,1.3318590272792803,1.3318590272792803,75.25024320898228,73.78639412502525,True,True,282.0,282.0,True,True,True,0.0,-1.4638490839570295,0.9805469188997612,0.0
v200_s7_p0,200,0.0,h2+3,0,1.3165714784238607,1.3165714784238607,30.232577707996825,30.180640666992986,True,True,305.0,305.0,True,True,True,0.0,-0.05193704100383911,0.9982820836018194,0.0
v200_s7_p0,200,0.0,h2+3,1,1.3277026900374995,1.3277026900374995,34.11014462499588,35.069723458000226,True,True,249.0,249.0,True,True,True,0.0,0.9595788330043433,1.0281317726311006,0.0
v200_s7_p0,200,0.0,h2+3,2,1.3106421592087327,1.3106421592087327,30.000185458004125,29.54053420800483,True,True,275.0,275.0,True,True,True,0.0,-0.45965124999929685,0.9846783863838862,0.0
v200_s7_p0,200,0.0,h2+3,3,1.3289960217755494,1.3289960217755494,28.300785125000402,28.340150750009343,True,True,297.0,297.0,True,True,True,0.0,0.0393656250089407,1.0013909728947472,0.0
v200_s7_p0,200,0.0,h2+3,4,1.3265637612666672,1.3265637612666672,34.69193983299192,34.85577154200291,True,True,242.0,242.0,True,True,True,0.0,0.1638317090109922,1.0047224718421537,0.0
v200_s7_p0,200,0.0,h2+3+4,0,1.3372956050092244,1.3372956050092244,87.0448066250101,86.55949066599715,True,True,190.0,190.0,True,True,True,0.0,-0.48531595901295077,0.9944245271162047,0.0
v200_s7_p0,200,0.0,h2+3+4,1,1.338037120124468,1.338037120124468,77.71474791699438,76.51988891699875,True,True,219.0,219.0,True,True,True,0.0,-1.1948589999956312,0.9846250675448135,0.0
v200_s7_p0,200,0.0,h2+3+4,2,1.3416484306452932,1.3416484306452932,78.0546230829932,78.5892246250005,True,True,176.0,176.0,True,True,True,0.0,0.5346015420072945,1.0068490695476022,0.0
v200_s7_p0,200,0.0,h2+3+4,3,1.3371361370344022,1.3371361370344022,80.2362650409923,79.20186949998606,True,True,265.0,265.0,True,True,True,0.0,-1.0343955410062335,0.9871081294664231,0.0
v200_s7_p0,200,0.0,h2+3+4,4,1.3372471982930798,1.3372471982930798,78.36489225001424,78.98657904201536,True,True,282.0,282.0,True,True,True,0.0,0.6216867920011282,1.0079332309935132,0.0
v200_s7_p10,200,0.1,h2,0,1.3280163769786673,1.3281345798255102,18.922713000007207,18.9548129169998,True,True,418.0,418.0,True,True,True,0.0001182028468429408,0.032099916992592625,1.0016963697009293,0.0
v200_s7_p10,200,0.1,h2,1,1.3245131193485205,1.3202708618851464,17.341077832999872,17.768416540988255,True,True,423.0,417.0,True,True,True,-0.004242257463374033,0.42733870798838325,1.024643145720456,-6.0
v200_s7_p10,200,0.1,h2,2,1.329343982720209,1.3273685219024043,17.556647624995094,17.781561834010063,True,True,419.0,419.0,True,True,True,-0.0019754608178046418,0.22491420901496895,1.0128107719548214,0.0
v200_s7_p10,200,0.1,h2,3,1.3460463709238815,1.3257676713292208,17.81085195799824,17.701640042010695,True,True,411.0,415.0,True,True,True,-0.020278699594660665,-0.10921191598754376,0.993868237395657,4.0
v200_s7_p10,200,0.1,h2,4,1.3153712791953729,1.3128329236369156,17.608138458017493,17.636505915987073,True,True,408.0,422.0,True,True,True,-0.0025383555584572726,0.028367457969579846,1.0016110424186642,14.0
v200_s7_p10,200,0.1,h3,0,1.340292032855448,1.3527478345914332,20.96307300000626,21.39045133299078,True,True,279.0,249.0,True,True,True,0.012455801735985261,0.42737833298451733,1.0203871986222817,-30.0
v200_s7_p10,200,0.1,h3,1,1.3457340762252634,1.3448804547629707,20.109648917001323,20.106459207992884,True,True,238.0,244.0,True,True,True,-0.0008536214622927307,-0.0031897090084385127,0.9998413841523737,6.0
v200_s7_p10,200,0.1,h3,2,1.342528621643575,1.3501608538725371,20.466683541002567,20.247956916995463,True,True,250.0,258.0,True,True,True,0.007632232228962144,-0.21872662400710396,0.9893130402114778,8.0
v200_s7_p10,200,0.1,h3,3,1.3611521179128003,1.3542257798733928,19.964909125003032,20.57521983300103,True,True,251.0,263.0,True,True,True,-0.006926338039407565,0.6103107079979964,1.0305691703466697,12.0
v200_s7_p10,200,0.1,h3,4,1.3735665194660134,1.3549627366630939,20.49263470902224,20.283418042003177,True,True,260.0,235.0,True,True,True,-0.018603782802919522,-0.2092166670190636,0.9897906408819676,-25.0
v200_s7_p10,200,0.1,h4,0,1.3643495308432363,1.3740724201817425,53.48771800000395,57.54024945800484,True,True,190.0,151.0,True,True,True,0.00972288933850618,4.052531458000885,1.0757656450776343,-39.0
v200_s7_p10,200,0.1,h4,1,1.3587034577650112,1.3575149756720262,48.173859290996916,53.220853082995745,True,True,172.0,167.0,True,True,True,-0.0011884820929850548,5.04699379199883,1.104766233519141,-5.0
v200_s7_p10,200,0.1,h4,2,1.3740557033000655,1.359343756118261,48.13348262500949,48.669142667000415,True,True,236.0,188.0,True,True,True,-0.014711947181804463,0.5356600419909228,1.0111286367156114,-48.0
v200_s7_p10,200,0.1,h4,3,1.363732554366364,1.3483339397202498,49.842239749996224,51.576197250018595,True,True,191.0,166.0,True,True,True,-0.01539861464611425,1.7339575000223704,1.034788916162671,-25.0
v200_s7_p10,200,0.1,h4,4,1.3650611372156725,1.3751004662562687,48.73395008398802,40.378520666999975,True,True,211.0,241.0,True,True,True,0.010039329040596234,-8.355429416988045,0.8285501297845073,30.0
v200_s7_p10,200,0.1,h2+3,0,1.3382975293131996,1.3571755911592658,21.568191792001016,22.063291750004282,True,True,279.0,249.0,True,True,True,0.01887806184606622,0.4950999580032658,1.0229550980804465,-30.0
v200_s7_p10,200,0.1,h2+3,1,1.346319595814555,1.3392820079836187,21.312537500009057,21.018927084005554,True,True,238.0,244.0,True,True,True,-0.0070375878309363316,-0.2936104160035029,0.9862235824334208,6.0
v200_s7_p10,200,0.1,h2+3,2,1.3438423493731342,1.3468225307634845,21.445450415994856,20.848833042007755,True,True,250.0,258.0,True,True,True,0.0029801813903502783,-0.596617373987101,0.9721797694889113,8.0
v200_s7_p10,200,0.1,h2+3,3,1.3600371418782113,1.3617913104483383,20.941462999995565,21.086293125001248,True,True,251.0,263.0,True,True,True,0.0017541685701270016,0.14483012500568293,1.0069159506671388,12.0
v200_s7_p10,200,0.1,h2+3,4,1.3694859688050547,1.3584540097674394,21.769391167006688,21.321135667007184,True,True,260.0,235.0,True,True,True,-0.011031959037615335,-0.44825549999950454,0.9794089096676772,-25.0
v200_s7_p10,200,0.1,h2+3+4,0,1.3677612195174902,1.3806446518306055,57.27511445900018,60.81871433398919,True,True,195.0,158.0,True,True,True,0.012883432313115284,3.543599874989013,1.0618697999726507,-37.0
v200_s7_p10,200,0.1,h2+3+4,1,1.358709053927665,1.3527231014379493,52.2466942500032,55.887974291996215,True,True,244.0,173.0,True,True,True,-0.0059859524897156735,3.6412800419930136,1.0696939795763785,-71.0
v200_s7_p10,200,0.1,h2+3+4,2,1.370629412393884,1.3560676506631317,51.734086832992034,52.371419332994265,True,True,241.0,193.0,True,True,True,-0.014561761730752298,0.6373325000022305,1.0123193920878446,-48.0
v200_s7_p10,200,0.1,h2+3+4,3,1.365395925333748,1.3426583648763375,52.66894783399766,54.834477333992254,True,True,194.0,172.0,True,True,True,-0.02273756045741049,2.165529499994591,1.0411158678700003,-22.0
v200_s7_p10,200,0.1,h2+3+4,4,1.354602258224742,1.3815320107028843,52.00980562498444,43.42365195901948,True,True,217.0,245.0,True,True,True,0.026929752478142444,-8.586153665964957,0.8349127907172884,28.0
v200_s7_p30,200,0.3,h2,0,1.4592077768685887,1.4803970647582392,7.408745833992725,6.2072115410119295,True,True,410.0,386.0,True,True,True,0.021189287889650466,-1.2015342929807957,0.8378221739679704,-24.0
v200_s7_p30,200,0.3,h2,1,1.4764836128416434,1.481846110129421,6.799559125007363,5.671083416993497,True,True,410.0,386.0,True,True,True,0.00536249728777749,-1.128475708013866,0.8340369298557068,-24.0
v200_s7_p30,200,0.3,h2,2,1.475548920161355,1.4726161245231415,6.821297292000963,5.631452958012233,True,True,410.0,386.0,True,True,True,-0.00293279563821347,-1.1898443339887308,0.8255692014209659,-24.0
v200_s7_p30,200,0.3,h2,3,1.462641691362812,1.4820494579401389,6.960069749999093,5.767740582989063,True,True,410.0,386.0,True,True,True,0.0194077665773269,-1.1923291670100298,0.8286900548647252,-24.0
v200_s7_p30,200,0.3,h2,4,1.4301255791946674,1.4763429586186965,6.7988921249925625,5.713652292004554,True,True,410.0,386.0,True,True,True,0.04621737942402904,-1.0852398329880089,0.8403799011608533,-24.0
v200_s7_p30,200,0.3,h3,0,1.4650149919176307,1.4432317094546998,10.875414333000663,9.947131708002416,True,True,223.0,198.0,True,True,True,-0.02178328246293093,-0.9282826249982463,0.914643930192026,-25.0
v200_s7_p30,200,0.3,h3,1,1.4504289704572624,1.4617016037424342,9.760184500002651,8.88694458300597,True,True,219.0,211.0,True,True,True,0.011272633285171807,-0.8732399169966811,0.9105303883347242,-8.0
v200_s7_p30,200,0.3,h3,2,1.451542847995093,1.477529329199561,10.048850999999559,9.145684374991106,True,True,227.0,219.0,True,True,True,0.025986481204468115,-0.9031666250084527,0.910122398569897,-8.0
v200_s7_p30,200,0.3,h3,3,1.43817272704961,1.4644499051339632,10.698393124999711,9.388668458006578,True,True,210.0,209.0,True,True,True,0.026277178084353148,-1.3097246669931337,0.8775774406782075,-1.0
v200_s7_p30,200,0.3,h3,4,1.446381905294626,1.4600008185561293,11.063328499993077,8.836456624994753,True,True,186.0,203.0,True,True,True,0.013618913261503218,-2.2268718749983236,0.7987159221567255,17.0
v200_s7_p30,200,0.3,h4,0,1.465021796322063,1.4356223037152898,16.96948687499389,19.529193374997703,True,True,205.0,140.0,True,True,True,-0.029399492606773325,2.559706500003813,1.1508417148296792,-65.0
v200_s7_p30,200,0.3,h4,1,1.4466388847054794,1.4694706652225793,15.956237209000392,16.89285870800086,True,True,203.0,189.0,True,True,True,0.022831780517099887,0.9366214990004664,1.058699396777089,-14.0
v200_s7_p30,200,0.3,h4,2,1.4553946471591124,1.4580918516157422,16.072486832999857,18.000694082991686,True,True,190.0,159.0,True,True,True,0.002697204456629798,1.9282072499918286,1.1199694403253673,-31.0
v200_s7_p30,200,0.3,h4,3,1.452848071317318,1.4417752272155644,16.663551791018108,15.026585917017655,True,True,180.0,247.0,True,True,True,-0.011072844101753576,-1.6369658740004525,0.9017636879261959,67.0
v200_s7_p30,200,0.3,h4,4,1.4628827341000905,1.48212477813923,15.397804542008089,15.07291775001795,True,True,214.0,243.0,True,True,True,0.019242044039139428,-0.3248867919901386,0.978900447066737,29.0
v200_s7_p30,200,0.3,h2+3,0,1.4631109191618012,1.447132562510066,11.590438207989791,10.573872915992979,True,True,223.0,198.0,True,True,True,-0.015978356651735304,-1.0165652919968124,0.9122927646259268,-25.0
v200_s7_p30,200,0.3,h2+3,1,1.452623101633179,1.4638079622777984,10.580090542003745,9.435305875013,True,True,219.0,211.0,True,True,True,0.011184860644619432,-1.1447846669907449,0.8917982164286907,-8.0
v200_s7_p30,200,0.3,h2+3,2,1.4580507284451778,1.485096579718446,10.808686167001724,9.647385208008927,True,True,227.0,219.0,True,True,True,0.027045851273268307,-1.161300958992797,0.8925585458722838,-8.0
v200_s7_p30,200,0.3,h2+3,3,1.4563808154436382,1.4538018597120588,11.329734041995835,9.888685957994312,True,True,210.0,209.0,True,True,True,-0.002578955731579402,-1.4410480840015225,0.8728083043556009,-1.0
v200_s7_p30,200,0.3,h2+3,4,1.4468422380244237,1.4534196262280765,11.836045541014755,9.414895750000142,True,True,186.0,203.0,True,True,True,0.006577388203652834,-2.4211497910146136,0.7954426769798456,17.0
v200_s7_p30,200,0.3,h2+3+4,0,1.457358184947405,1.4382719529214703,18.86695804199553,21.887081332999514,True,True,209.0,145.0,True,True,True,-0.019086232025934846,3.0201232910039835,1.1600747340552493,-64.0
v200_s7_p30,200,0.3,h2+3+4,1,1.446677207005746,1.4561632440005716,17.969189540992375,19.185669375001453,True,True,206.0,192.0,True,True,True,0.00948603699482553,1.2164798340090783,1.0676980912930978,-14.0
v200_s7_p30,200,0.3,h2+3+4,2,1.4558988855923727,1.4602605509370816,17.901910166998277,19.895043291995535,True,True,194.0,166.0,True,True,True,0.004361665344708943,1.9931331249972573,1.1113363382121952,-28.0
v200_s7_p30,200,0.3,h2+3+4,3,1.4566770278855994,1.4362658939329864,18.718797666981118,16.60875774998567,True,True,184.0,252.0,True,True,True,-0.02041113395261296,-2.110039916995447,0.8872769525834752,68.0
v200_s7_p30,200,0.3,h2+3+4,4,1.4551311964836144,1.472828434616777,17.283192332979525,16.786258417007048,True,True,216.0,246.0,True,True,True,0.017697238133162596,-0.4969339159724768,0.9712475620013651,30.0
v200_s7_p50,200,0.5,h2,0,1.800376611437663,1.7730954998871142,2.747321542003192,1.3854687499988358,True,True,293.0,205.0,True,True,True,-0.027281111550548687,-1.3618527920043562,0.5042979967276164,-88.0
v200_s7_p50,200,0.5,h2,1,1.8889726222537309,1.8784024557443324,2.3730154579970986,1.3526208749972284,True,True,293.0,205.0,True,True,True,-0.01057016650939846,-1.0203945829998702,0.570000869753661,-88.0
v200_s7_p50,200,0.5,h2,2,1.8120792557896015,1.7496936996402601,2.4666160409979057,1.272125125004095,True,True,293.0,205.0,True,True,True,-0.06238555614934138,-1.1944909159938106,0.5157369869732292,-88.0
v200_s7_p50,200,0.5,h2,3,1.874033423224513,1.816742392006121,2.5992781670065597,1.3016826250241138,True,True,293.0,205.0,True,True,True,-0.057291031218392074,-1.2975955419824459,0.5007861957780331,-88.0
v200_s7_p50,200,0.5,h2,4,1.8296569779508982,1.7945483109175548,2.4598507919872645,1.252229541016277,True,True,293.0,205.0,True,True,True,-0.035108667033343366,-1.2076212509709876,0.5090672755824452,-88.0
v200_s7_p50,200,0.5,h3,0,1.731722436421327,1.795055660466505,8.77190549999068,3.637393291006447,True,True,203.0,109.0,True,True,True,0.06333322404517805,-5.134512208984233,0.414663985038406,-94.0
v200_s7_p50,200,0.5,h3,1,1.72933227033405,1.7838950475314759,8.143615374996443,2.8325997089996235,True,True,203.0,88.0,True,True,True,0.05456277719742597,-5.31101566599682,0.34783073347209265,-115.0
v200_s7_p50,200,0.5,h3,2,1.7215140651026444,1.7805023210637134,6.453902290988481,3.0514466669992544,True,True,202.0,84.0,True,True,True,0.05898825596106905,-3.4024556239892263,0.47280645560128154,-118.0
v200_s7_p50,200,0.5,h3,3,1.6916128236455317,1.7427662498973877,8.386437957989983,3.1625851250137202,True,True,203.0,91.0,True,True,True,0.05115342625185604,-5.223852832976263,0.37710707941273697,-112.0
v200_s7_p50,200,0.5,h3,4,1.8311840299754811,1.7954437485897214,6.523953416995937,3.159082917001797,True,True,200.0,99.0,True,True,True,-0.03574028138575969,-3.36487049999414,0.48422830683798,-101.0
v200_s7_p50,200,0.5,h4,0,1.7973102675447816,1.7546358143679335,6.2575179589912295,4.010778708005091,True,True,136.0,135.0,True,True,True,-0.04267445317684815,-2.2467392509861384,0.6409536072113273,-1.0
v200_s7_p50,200,0.5,h4,1,1.803048304431058,1.7266985792255005,5.9597554999927524,3.5878820000070846,True,True,199.0,133.0,True,True,True,-0.07634972520555738,-2.371873499985668,0.6020183210555278,-66.0
v200_s7_p50,200,0.5,h4,2,1.8180451923577738,1.7429769402910584,6.1344559579883935,3.7454370419873158,True,True,188.0,133.0,True,True,True,-0.07506825206671541,-2.3890189160010777,0.6105573285777598,-55.0
v200_s7_p50,200,0.5,h4,3,,1.7911030638947625,6.230501374986488,3.7722705409978516,True,True,228.0,125.0,False,True,False,,-2.4582308339886367,0.6054521641135232,-103.0
v200_s7_p50,200,0.5,h4,4,1.7528193374397891,1.8204520403125803,5.9495327080076095,3.7338063339993823,True,True,172.0,137.0,True,True,True,0.06763270287279122,-2.215726374008227,0.6275797642013076,-35.0
v200_s7_p50,200,0.5,h2+3,0,1.6904574059074362,1.802072256551318,9.628700917004608,3.941318583994871,True,True,203.0,112.0,True,True,True,0.11161485064388188,-5.687382333009737,0.40933025316368177,-91.0
v200_s7_p50,200,0.5,h2+3,1,1.738028893552886,1.7850847490053272,8.622037291992456,3.13877724998747,True,True,203.0,90.0,True,True,True,0.047055855452441175,-5.483260042004986,0.36404125193271275,-113.0
v200_s7_p50,200,0.5,h2+3,2,1.784334385250614,1.7755625322280217,6.819976000013412,3.3829303749953397,True,True,202.0,86.0,True,True,True,-0.008771853022592202,-3.4370456250180723,0.49603259234177466,-116.0
v200_s7_p50,200,0.5,h2+3,3,1.7008255793344778,1.7611216012902369,8.948263583006337,3.4862789580074605,True,True,203.0,93.0,True,True,True,0.060296021955759116,-5.461984624998877,0.3896039634581461,-110.0
v200_s7_p50,200,0.5,h2+3,4,1.7767283184921459,1.8079647355075474,6.891665041999659,3.4700674999912735,True,True,200.0,101.0,True,True,True,0.031236417015401585,-3.421597542008385,0.5035165636814543,-99.0
v200_s7_p50,200,0.5,h2+3+4,0,1.8187601645863538,1.775732471812042,7.517930708985659,4.81576454199967,True,True,137.0,138.0,True,True,True,-0.04302769277431184,-2.7021661669859895,0.6405704878662584,1.0
v200_s7_p50,200,0.5,h2+3+4,1,1.8395034047488956,1.76257230873309,7.112312334007584,4.310340708994772,True,True,200.0,136.0,True,True,True,-0.07693109601580561,-2.8019716250128113,0.6060392888519308,-64.0
v200_s7_p50,200,0.5,h2+3+4,2,1.8566273710778989,1.738564951742851,7.428249749995302,4.522638416994596,True,True,189.0,137.0,True,True,True,-0.11806241933504791,-2.9056113330007065,0.6088430746418368,-52.0
v200_s7_p50,200,0.5,h2+3+4,3,,1.7795208277452543,7.457890541991219,4.602656833012588,True,True,228.0,128.0,False,True,False,,-2.8552337089786306,0.6171526394893565,-100.0
v200_s7_p50,200,0.5,h2+3+4,4,1.7946738974068388,1.7808011367084362,7.130156041996088,4.6189551670104265,True,True,172.0,141.0,True,True,True,-0.013872760698402598,-2.5112008749856614,0.6478056216168517,-31.0
v200_s8_p0,200,0.0,h2,0,1.292014911317023,1.292014911317023,28.716723125005956,28.764326458011055,True,True,542.0,542.0,True,True,True,0.0,0.04760333300509956,1.0016576868049283,0.0
v200_s8_p0,200,0.0,h2,1,1.2952209396549652,1.2952209396549652,26.11753120800131,26.19848695800465,True,True,542.0,542.0,True,True,True,0.0,0.08095575000334065,1.0030996708440245,0.0
v200_s8_p0,200,0.0,h2,2,1.3095204449375009,1.3095204449375009,26.141915832995437,26.247593209001934,True,True,542.0,542.0,True,True,True,0.0,0.10567737600649707,1.0040424495542564,0.0
v200_s8_p0,200,0.0,h2,3,1.295578959008579,1.295578959008579,27.155523334018653,26.5496027499903,True,True,542.0,542.0,True,True,True,0.0,-0.6059205840283539,0.9776870223941037,0.0
v200_s8_p0,200,0.0,h2,4,1.2999224758351382,1.2999224758351382,26.428227416006848,26.20587175001856,True,True,542.0,542.0,True,True,True,0.0,-0.22235566598828882,0.9915864328512016,0.0
v200_s8_p0,200,0.0,h3,0,1.3328823527812186,1.3328823527812186,35.07134475000203,34.87169808401086,True,True,235.0,235.0,True,True,True,0.0,-0.19964666599116754,0.9943074134335509,0.0
v200_s8_p0,200,0.0,h3,1,1.3193275558891222,1.3193275558891222,27.683707083007903,27.969854916998884,True,True,275.0,275.0,True,True,True,0.0,0.28614783399098087,1.0103363264584828,0.0
v200_s8_p0,200,0.0,h3,2,1.3105003136171243,1.3105003136171243,27.266434082994238,27.36550591699779,True,True,289.0,289.0,True,True,True,0.0,0.0990718340035528,1.00363347233826,0.0
v200_s8_p0,200,0.0,h3,3,1.3283880450231034,1.3283880450231034,29.138438916997984,29.177394958998775,True,True,289.0,289.0,True,True,True,0.0,0.03895604200079106,1.0013369296176695,0.0
v200_s8_p0,200,0.0,h3,4,1.3225506020361768,1.3225506020361768,27.311167959007435,26.99920666698017,True,True,276.0,276.0,True,True,True,0.0,-0.31196129202726297,0.9885775191857229,0.0
v200_s8_p0,200,0.0,h4,0,1.3263126907988871,1.3263126907988871,85.26744004200737,84.54005358299764,True,True,249.0,249.0,True,True,True,0.0,-0.7273864590097219,0.9914693526784506,0.0
v200_s8_p0,200,0.0,h4,1,1.329121935434761,1.329121935434761,80.59323324999423,80.06611495900142,True,True,191.0,191.0,True,True,True,0.0,-0.5271182909928029,0.9934595217273673,0.0
v200_s8_p0,200,0.0,h4,2,1.3416526046538866,1.3416526046538866,72.55511016599485,72.96517708399915,True,True,252.0,252.0,True,True,True,0.0,0.41006691800430417,1.005651799260812,0.0
v200_s8_p0,200,0.0,h4,3,1.3294328333587349,1.3294328333587349,84.21183858398581,83.1028503330017,True,True,220.0,220.0,True,True,True,0.0,-1.1089882509841118,0.9868309697349963,0.0
v200_s8_p0,200,0.0,h4,4,1.335297173094923,1.335297173094923,80.0121025420085,77.58859520900296,True,True,233.0,233.0,True,True,True,0.0,-2.4235073330055457,0.9697107405503669,0.0
v200_s8_p0,200,0.0,h2+3,0,1.328001073187024,1.328001073187024,35.829590749999625,36.32210699999996,True,True,235.0,235.0,True,True,True,0.0,0.4925162500003353,1.0137460752325322,0.0
v200_s8_p0,200,0.0,h2+3,1,1.3188835682742681,1.3188835682742681,28.853258792005363,29.052540499993484,True,True,275.0,275.0,True,True,True,0.0,0.19928170798812062,1.0069067313825688,0.0
v200_s8_p0,200,0.0,h2+3,2,1.317730602870048,1.317730602870048,28.38984150000033,28.495720833001542,True,True,289.0,289.0,True,True,True,0.0,0.10587933300121222,1.0037294795394054,0.0
v200_s8_p0,200,0.0,h2+3,3,1.3211580548848152,1.3211580548848152,29.636704125005053,30.3774849170004,True,True,289.0,289.0,True,True,True,0.0,0.7407807919953484,1.0249953837265708,0.0
v200_s8_p0,200,0.0,h2+3,4,1.3161094179410762,1.3161094179410762,28.100956417009,28.34649312502006,True,True,276.0,276.0,True,True,True,0.0,0.2455367080110591,1.0087376637423786,0.0
v200_s8_p0,200,0.0,h2+3+4,0,1.334139013066809,1.334139013066809,92.39229662499565,91.4196832079906,True,True,190.0,190.0,True,True,True,0.0,-0.97261341700505,0.9894730031340955,0.0
v200_s8_p0,200,0.0,h2+3+4,1,1.3288208357806468,1.3288208357806468,85.0458135830122,84.56591358299193,True,True,191.0,191.0,True,True,True,0.0,-0.47990000002027955,0.9943571590440269,0.0
v200_s8_p0,200,0.0,h2+3+4,2,1.3329889581384855,1.3329889581384855,76.68422325000574,76.49617891700473,True,True,252.0,252.0,True,True,True,0.0,-0.18804433300101664,0.9975478093794083,0.0
v200_s8_p0,200,0.0,h2+3+4,3,1.3298086926334594,1.3298086926334594,87.37394120899262,87.5883673329954,True,True,220.0,220.0,True,True,True,0.0,0.2144261240027845,1.0024541198558263,0.0
v200_s8_p0,200,0.0,h2+3+4,4,1.3371281243881878,1.3371281243881878,83.08235395900556,82.48074254198582,True,True,233.0,233.0,True,True,True,0.0,-0.6016114170197397,0.9927588544576315,0.0
v200_s8_p10,200,0.1,h2,0,1.3243692307134092,1.3461115126498073,21.643106750008883,21.27044679199753,True,True,490.0,484.0,True,True,True,0.021742281936398156,-0.3726599580113543,0.9827815866587083,-6.0
v200_s8_p10,200,0.1,h2,1,1.3224769980856261,1.32085374020169,19.769222040995373,19.579693459003465,True,True,490.0,484.0,True,True,True,-0.0016232578839361356,-0.18952858199190814,0.9904129468727255,-6.0
v200_s8_p10,200,0.1,h2,2,1.3208104755378227,1.3260654644071355,20.12016395799583,19.576623333996395,True,True,490.0,484.0,True,True,True,0.005254988869312749,-0.5435406239994336,0.9729852785924527,-6.0
v200_s8_p10,200,0.1,h2,3,1.3232703434198363,1.3378820699819118,20.45537366598728,20.089927292021457,True,True,490.0,484.0,True,True,True,0.014611726562075544,-0.365446373965824,0.982134456210229,-6.0
v200_s8_p10,200,0.1,h2,4,1.3288060713016472,1.3399269553031925,20.006776500027627,19.731000667001354,True,True,490.0,484.0,True,True,True,0.011120884001545317,-0.2757758330262732,0.9862158787535867,-6.0
v200_s8_p10,200,0.1,h3,0,1.3517191349967703,1.34202754936296,21.073514374991646,21.214408874991932,True,True,269.0,279.0,True,True,True,-0.009691585633810229,0.14089450000028592,1.0066858568292476,10.0
v200_s8_p10,200,0.1,h3,1,1.34179172830241,1.3436827835062788,23.62689508400217,22.94093320799584,True,True,239.0,233.0,True,True,True,0.0018910552038688966,-0.6859618760063313,0.9709669055723366,-6.0
v200_s8_p10,200,0.1,h3,2,1.3417285027228423,1.3489613117898251,20.978160082988325,22.68530725000892,True,True,265.0,224.0,True,True,True,0.00723280906698287,1.7071471670205938,1.0813773543660274,-41.0
v200_s8_p10,200,0.1,h3,3,1.3350547878280243,1.342437964534053,19.879974000010407,19.99676012501004,True,True,273.0,256.0,True,True,True,0.007383176706028616,0.11678612499963492,1.0058745612544349,-17.0
v200_s8_p10,200,0.1,h3,4,1.3501656233911192,1.3523572552517047,18.353580292023253,23.261620457982644,True,True,284.0,235.0,True,True,True,0.0021916318605854634,4.908040165959392,1.2674159530657079,-49.0
v200_s8_p10,200,0.1,h4,0,1.375301641686092,1.3596124362795439,52.7605323339958,42.89974233300018,True,True,214.0,177.0,True,True,True,-0.015689205406548057,-9.860790000995621,0.8131029092244032,-37.0
v200_s8_p10,200,0.1,h4,1,1.3577609829450572,1.3457545682960397,39.06814466700598,40.484577458992135,True,True,257.0,184.0,True,True,True,-0.012006414649017527,1.4164327919861535,1.0362554404377018,-73.0
v200_s8_p10,200,0.1,h4,2,1.367170468141606,1.3558085965542084,41.04768012500426,40.96890045799955,True,True,225.0,236.0,True,True,True,-0.011361871587397543,-0.07877966700471006,0.9980807766294028,11.0
v200_s8_p10,200,0.1,h4,3,1.3689604615792255,1.3667543688863093,41.64701908300049,40.05675808299566,True,True,194.0,289.0,True,True,True,-0.0022060926929161617,-1.5902610000048298,0.9618157305127765,95.0
v200_s8_p10,200,0.1,h4,4,1.3537398618271876,1.3470279699362682,41.789168625022285,49.23275354198995,True,True,244.0,204.0,True,True,True,-0.006711891890919475,7.443584916967666,1.178122349926594,-40.0
v200_s8_p10,200,0.1,h2+3,0,1.3521446953381475,1.33658792519596,22.20154024999647,22.671625792005216,True,True,269.0,279.0,True,True,True,-0.015556770142187482,0.4700855420087464,1.0211735553801868,10.0
v200_s8_p10,200,0.1,h2+3,1,1.338693247079565,1.352497597112551,24.36398383398773,24.4049919579993,True,True,239.0,233.0,True,True,True,0.013804350032986079,0.041008124011568725,1.0016831452643784,-6.0
v200_s8_p10,200,0.1,h2+3,2,1.347695426084248,1.3582572857070472,21.613898540992523,24.071249915999942,True,True,265.0,224.0,True,True,True,0.010561859622799208,2.45735137500742,1.1136931114184168,-41.0
v200_s8_p10,200,0.1,h2+3,3,1.3452025178199967,1.3486690151696428,20.72768695798004,21.089587084017694,True,True,273.0,256.0,True,True,True,0.0034664973496461027,0.36190012603765354,1.017459744870294,-17.0
v200_s8_p10,200,0.1,h2+3,4,1.342515856700528,1.3603952554982626,19.290337582991924,24.085402291995706,True,True,284.0,235.0,True,True,True,0.01787939879773459,4.795064709003782,1.2485733952749245,-49.0
v200_s8_p10,200,0.1,h2+3+4,0,1.36330244566993,1.3599504865598078,56.83799966699735,46.31445491600607,True,True,222.0,180.0,True,True,True,-0.0033519591101223156,-10.523544750991277,0.814850191550606,-42.0
v200_s8_p10,200,0.1,h2+3+4,1,1.368782882667322,1.348643842408309,41.97048570800689,43.21549045799475,True,True,262.0,191.0,True,True,True,-0.02013904025901314,1.2450047499878565,1.029663815631048,-71.0
v200_s8_p10,200,0.1,h2+3+4,2,1.361081361896095,1.3533491138956024,44.46034162500291,43.65790299999935,True,True,235.0,244.0,True,True,True,-0.007732248000492659,-0.8024386250035604,0.9819515866123643,9.0
v200_s8_p10,200,0.1,h2+3+4,3,1.3680770763993548,1.3592602677891954,45.08818162500393,43.46053400001256,True,True,199.0,293.0,True,True,True,-0.008816808610159432,-1.6276476249913685,0.963900792484194,94.0
v200_s8_p10,200,0.1,h2+3+4,4,1.3546411032435113,1.3415455678464596,44.30558295798255,52.56656395900063,True,True,251.0,206.0,True,True,True,-0.01309553539705166,8.26098100101808,1.1864546282768118,-45.0
v200_s8_p30,200,0.3,h2,0,1.4534410726068938,1.4812168227500808,7.4960958330048015,5.918167708005058,True,True,409.0,381.0,True,True,True,0.027775750143187006,-1.5779281249997439,0.789500006383025,-28.0
v200_s8_p30,200,0.3,h2,1,1.4590956704518216,1.461357277005505,6.832481749996077,5.447781125010806,True,True,409.0,381.0,True,True,True,0.0022616065536833485,-1.3847006249852711,0.7973356277188642,-28.0
v200_s8_p30,200,0.3,h2,2,1.4608962942417572,1.472016127716502,6.796023792005144,5.497491624992108,True,True,409.0,381.0,True,True,True,0.011119833474744878,-1.298532167013036,0.8089276602385307,-28.0
v200_s8_p30,200,0.3,h2,3,1.4574795115548893,1.4663499849536163,7.00617387497914,5.621888291003415,True,True,409.0,381.0,True,True,True,0.008870473398727041,-1.3842855839757249,0.8024191793299097,-28.0
v200_s8_p30,200,0.3,h2,4,1.4647393152631856,1.4446841113938989,6.907770124991657,5.5634637910116,True,True,409.0,381.0,True,True,True,-0.02005520386928672,-1.3443063339800574,0.8053921439689365,-28.0
v200_s8_p30,200,0.3,h3,0,1.4562833775660442,1.466591691320951,11.092817334007123,9.97948408400407,True,True,238.0,208.0,True,True,True,0.010308313754906706,-1.113333250003052,0.8996347621636283,-30.0
v200_s8_p30,200,0.3,h3,1,1.4486985232801743,1.4450265486886003,10.229930041008629,9.205780916003278,True,True,214.0,211.0,True,True,True,-0.00367197459157409,-1.0241491250053514,0.8998869864310065,-3.0
v200_s8_p30,200,0.3,h3,2,1.4439125116926654,1.4452707358944652,10.402546666009584,9.072659625002416,True,True,202.0,213.0,True,True,True,0.0013582242017997626,-1.3298870410071686,0.8721575510588588,11.0
v200_s8_p30,200,0.3,h3,3,1.4632546689073058,1.4654962710377109,10.044364207977196,9.455204291996779,True,True,227.0,212.0,True,True,True,0.0022416021304050293,-0.5891599159804173,0.9413442300795397,-15.0
v200_s8_p30,200,0.3,h3,4,1.4456920379313642,1.4366028673308657,9.846876541996608,8.651813957985723,True,True,226.0,202.0,True,True,True,-0.00908917060049852,-1.1950625840108842,0.8786353643295941,-24.0
v200_s8_p30,200,0.3,h4,0,1.431880551748653,1.4451323555004547,16.866172624999308,16.005263832994387,True,True,239.0,226.0,True,True,True,0.013251803751801683,-0.8609087920049205,0.9489564816424998,-13.0
v200_s8_p30,200,0.3,h4,1,1.4443097558499698,1.4437959702915877,16.812226125010056,14.606833875004668,True,True,199.0,152.0,True,True,True,-0.0005137855583821072,-2.2053922500053886,0.8688221159050067,-47.0
v200_s8_p30,200,0.3,h4,2,1.447976786892624,1.4566019781447344,18.46996733400738,14.018630416001542,True,True,177.0,266.0,True,True,True,0.008625191252110254,-4.451336918005836,0.7589959506961379,89.0
v200_s8_p30,200,0.3,h4,3,1.4430476734321003,1.4335636407143992,19.87274133399478,14.815702624997357,True,True,139.0,216.0,True,True,True,-0.00948403271770104,-5.057038708997425,0.7455288817981677,77.0
v200_s8_p30,200,0.3,h4,4,1.4595157606212965,1.4560936564133942,19.41428458399605,15.422017207980389,True,True,166.0,183.0,True,True,True,-0.0034221042079023434,-3.9922673760156613,0.794364435179515,17.0
v200_s8_p30,200,0.3,h2+3,0,1.4561649444915818,1.4587384460179496,11.855540499993367,10.636946833008551,True,True,238.0,208.0,True,True,True,0.0025735015263677052,-1.218593666984816,0.8972131496674067,-30.0
v200_s8_p30,200,0.3,h2+3,1,1.4593389585010104,1.4428231516529115,10.86982908299251,9.79315591599152,True,True,214.0,211.0,True,True,True,-0.016515806848098835,-1.0766731670009904,0.9009484731746511,-3.0
v200_s8_p30,200,0.3,h2+3,2,1.4373847574814942,1.4478025109312762,11.110053709009662,9.740482292007073,True,True,202.0,213.0,True,True,True,0.010417753449782019,-1.3695714170025894,0.876726841033006,11.0
v200_s8_p30,200,0.3,h2+3,3,1.4444126594371514,1.4692761679972701,10.73004779202165,10.206313541973941,True,True,227.0,212.0,True,True,True,0.024863508560118763,-0.5237342500477098,0.9511899424681842,-15.0
v200_s8_p30,200,0.3,h2+3,4,1.452209295938567,1.4423544517319538,10.561755792004988,9.191640792007092,True,True,226.0,202.0,True,True,True,-0.009854844206613311,-1.3701149999978952,0.8702758303657199,-24.0
v200_s8_p30,200,0.3,h2+3+4,0,1.4303137250103501,1.450098135881442,19.181940584006952,18.01638245799404,True,True,245.0,230.0,True,True,True,0.01978441087109184,-1.165558126012911,0.9392366939669962,-15.0
v200_s8_p30,200,0.3,h2+3+4,1,1.4451813541009557,1.4398049808929345,18.982188166002743,16.426386457998888,True,True,202.0,158.0,True,True,True,-0.005376373208021201,-2.5558017080038553,0.8653578983806873,-44.0
v200_s8_p30,200,0.3,h2+3+4,2,1.4448829836411503,1.451929297461353,20.47174933399947,16.02246933299466,True,True,181.0,269.0,True,True,True,0.007046313820202599,-4.449280001004809,0.7826624423534022,88.0
v200_s8_p30,200,0.3,h2+3+4,3,1.4349694304857654,1.4464809953447095,22.12793883300037,16.951175666006748,True,True,146.0,219.0,True,True,True,0.011511564858944112,-5.176763166993624,0.766053078596128,73.0
v200_s8_p30,200,0.3,h2+3+4,4,1.4528586257405487,1.4526143170760144,21.99212012498174,17.965937833010685,True,True,171.0,188.0,True,True,True,-0.00024430866453428735,-4.026182291971054,0.8169261413137904,17.0
v200_s8_p50,200,0.5,h2,0,1.9201445510897084,1.9184244272125877,2.5946801669924753,1.257016207993729,True,True,292.0,199.0,True,True,True,-0.0017201238771207272,-1.3376639589987462,0.48445901887428056,-93.0
v200_s8_p50,200,0.5,h2,1,1.8721206002859472,2.008607816539506,2.388160207992769,1.2631320419895928,True,True,292.0,199.0,True,True,True,0.13648721625355864,-1.125028166003176,0.5289142821164607,-93.0
v200_s8_p50,200,0.5,h2,2,2.1170552654119597,2.0415427543516738,2.2423677500046324,1.1600822909967974,True,True,292.0,199.0,True,True,True,-0.07551251106028589,-1.082285459007835,0.5173470279325952,-93.0
v200_s8_p50,200,0.5,h2,3,1.9834127267600403,1.9591201733164374,2.3614627080096398,1.2594923750148155,True,True,292.0,199.0,True,True,True,-0.024292553443602927,-1.1019703329948243,0.5333526423021007,-93.0
v200_s8_p50,200,0.5,h2,4,1.9858939526401225,2.0323002223933324,2.2847135420015547,1.1683289580105338,True,True,292.0,199.0,True,True,True,0.04640626975320994,-1.116384583991021,0.5113678089319693,-93.0
v200_s8_p50,200,0.5,h3,0,1.7988627764246718,1.955148642751106,7.919255000000703,3.0998717499896884,True,True,210.0,107.0,True,True,True,0.15628586632643415,-4.819383250011015,0.3914347687995163,-103.0
v200_s8_p50,200,0.5,h3,1,1.815964177311881,1.9397874708191003,7.110416167008225,3.5372498750075465,True,True,210.0,124.0,True,True,True,0.12382329350721921,-3.5731662920006784,0.4974743801101417,-86.0
v200_s8_p50,200,0.5,h3,2,1.8344909375421787,1.9110386277734963,7.81688558300084,2.8379054999968503,True,True,215.0,83.0,True,True,True,0.07654769023131758,-4.978980083003989,0.36304810526693176,-132.0
v200_s8_p50,200,0.5,h3,3,1.9070013319343229,1.9822210445079833,7.55803608399583,2.8164564589969814,True,True,192.0,90.0,True,True,True,0.07521971257366045,-4.741579624998849,0.3726439550825695,-102.0
v200_s8_p50,200,0.5,h3,4,1.8343983313937149,1.9817100812994262,7.720144334016368,2.936595125007443,True,True,173.0,114.0,True,True,True,0.14731174990571128,-4.783549209008925,0.38038085791586407,-59.0
v200_s8_p50,200,0.5,h4,0,1.8086451220590436,1.9712586065403144,6.486785957997199,4.181597082992084,True,True,210.0,124.0,True,True,True,0.16261348448127078,-2.305188875005115,0.644633121867822,-86.0
v200_s8_p50,200,0.5,h4,1,1.809804836474562,1.8864630585231827,5.582009874997311,3.596031333989231,True,True,177.0,139.0,True,True,True,0.07665822204862072,-1.9859785410080804,0.6442180172586963,-38.0
v200_s8_p50,200,0.5,h4,2,1.8055008893882907,1.8355977424621726,6.21676949999528,3.7851035419880645,True,True,195.0,89.0,True,True,True,0.03009685307388188,-2.4316659580072155,0.6088537691466506,-106.0
v200_s8_p50,200,0.5,h4,3,1.7741213275203438,1.821222611469424,6.064489832991967,3.7432505839969963,True,True,159.0,116.0,True,True,True,0.04710128394908031,-2.3212392489949707,0.6172408045987657,-43.0
v200_s8_p50,200,0.5,h4,4,1.7741167194883358,1.8357924647475925,6.098170667013619,3.83662766701309,True,True,208.0,125.0,True,True,True,0.061675745259256676,-2.261543000000529,0.6291440296622518,-83.0
v200_s8_p50,200,0.5,h2+3,0,1.8065351096317328,1.887480989279015,8.205460917000892,3.392406666011084,True,True,210.0,107.0,True,True,True,0.08094587964728217,-4.813054250989808,0.4134327980262946,-103.0
v200_s8_p50,200,0.5,h2+3,1,1.7968464266233921,1.9204732302246104,7.419663167005638,3.846201457999996,True,True,210.0,125.0,True,True,True,0.12362680360121825,-3.5734617090056418,0.5183795236289968,-85.0
v200_s8_p50,200,0.5,h2+3,2,1.8723343106822463,1.8757321144378478,8.39457066700561,3.1070182499970542,True,True,215.0,85.0,True,True,True,0.003397803755601503,-5.2875524170085555,0.3701223532740055,-130.0
v200_s8_p50,200,0.5,h2+3,3,1.8253822580258119,2.017266341378817,8.09901112501393,3.0660788329842035,True,True,192.0,90.0,True,True,True,0.1918840833530051,-5.032932292029727,0.37857446861809685,-102.0
v200_s8_p50,200,0.5,h2+3,4,1.808192273958108,1.9784878456573258,8.246893833013019,3.2164896670146845,True,True,173.0,114.0,True,True,True,0.17029557169921783,-5.030404165998334,0.39002438156034,-59.0
v200_s8_p50,200,0.5,h2+3+4,0,1.8975706955271638,1.9077812380829078,7.725590457994258,4.960514291000436,True,True,210.0,125.0,True,True,True,0.01021054255574394,-2.765076166993822,0.6420886944463142,-85.0
v200_s8_p50,200,0.5,h2+3+4,1,1.8791279595300723,1.8420316100960845,6.746018374993582,4.2647810420021415,True,True,177.0,140.0,True,True,True,-0.03709634943398776,-2.481237332991441,0.6321923251515303,-37.0
v200_s8_p50,200,0.5,h2+3+4,2,1.8420128578862505,1.8156109281464283,7.523643792010262,4.565360166991013,True,True,195.0,93.0,True,True,True,-0.02640192973982214,-2.9582836250192486,0.6068017430382869,-102.0
v200_s8_p50,200,0.5,h2+3+4,3,1.8072442061190974,1.8323420112279656,7.301514499995392,4.470213082997361,True,True,159.0,119.0,True,True,True,0.025097805108868165,-2.8313014169980306,0.6122309396222089,-40.0
v200_s8_p50,200,0.5,h2+3+4,4,1.8188590439251862,1.753955488513636,7.368800583004486,4.633414292009547,True,True,208.0,129.0,True,True,True,-0.06490355541155024,-2.7353862909949385,0.6287881236325115,-79.0
v200_s9_p0,200,0.0,h2,0,1.2961065609432159,1.2961065609432159,27.423042624999653,27.0223609579989,True,True,498.0,498.0,True,True,True,0.0,-0.4006816670007538,0.9853888690441854,0.0
v200_s9_p0,200,0.0,h2,1,1.2960336630845264,1.2960336630845264,22.809972374991048,22.673538041999564,True,True,467.0,467.0,True,True,True,0.0,-0.13643433299148455,0.9940186541768428,0.0
v200_s9_p0,200,0.0,h2,2,1.3060775885198042,1.3060775885198042,26.144578416991862,25.944994459001464,True,True,500.0,500.0,True,True,True,0.0,-0.19958395799039863,0.992366143572593,0.0
v200_s9_p0,200,0.0,h2,3,1.2868826926841797,1.2868826926841797,26.859071125014452,27.117872625007294,True,True,500.0,500.0,True,True,True,0.0,0.25880149999284185,1.009635534259106,0.0
v200_s9_p0,200,0.0,h2,4,1.2798260430942094,1.2798260430942094,25.134110999992117,25.22357141698012,True,True,498.0,498.0,True,True,True,0.0,0.089460416988004,1.003559322905355,0.0
v200_s9_p0,200,0.0,h3,0,1.3167323785232228,1.3167323785232228,31.309757416995126,30.975925374994404,True,True,299.0,299.0,True,True,True,0.0,-0.33383204200072214,0.9893377633830048,0.0
v200_s9_p0,200,0.0,h3,1,1.3190070663563211,1.3190070663563211,32.94270145900373,33.404990374998306,True,True,251.0,251.0,True,True,True,0.0,0.4622889159945771,1.0140331210107307,0.0
v200_s9_p0,200,0.0,h3,2,1.3151860329787404,1.3151860329787404,30.963193207993754,30.786702000012156,True,True,275.0,275.0,True,True,True,0.0,-0.17649120798159856,0.9942999674873316,0.0
v200_s9_p0,200,0.0,h3,3,1.3195876532735724,1.3195876532735724,34.313304041017545,33.45114708400797,True,True,238.0,238.0,True,True,True,0.0,-0.8621569570095744,0.9748739743634433,0.0
v200_s9_p0,200,0.0,h3,4,1.3305911646979498,1.3305911646979498,27.90899683299358,28.03320295800222,True,True,303.0,303.0,True,True,True,0.0,0.12420612500864081,1.0044503973307204,0.0
v200_s9_p0,200,0.0,h4,0,1.3213772125418133,1.3213772125418133,81.49786450000829,81.35371395900438,True,True,225.0,225.0,True,True,True,0.0,-0.1441505410039099,0.9982312353594995,0.0
v200_s9_p0,200,0.0,h4,1,1.3332752053920611,1.3332752053920611,70.85911820799811,71.93669470799796,True,True,211.0,211.0,True,True,True,0.0,1.07757649999985,1.0152073089145248,0.0
v200_s9_p0,200,0.0,h4,2,1.3282871627256245,1.3282871627256245,77.17702420799469,76.7758858330053,True,True,188.0,188.0,True,True,True,0.0,-0.40113837498938665,0.9948023601699347,0.0
v200_s9_p0,200,0.0,h4,3,1.334396492745136,1.334396492745136,75.46919224999147,74.25795050000306,True,True,216.0,216.0,True,True,True,0.0,-1.2112417499884032,0.9839505139265812,0.0
v200_s9_p0,200,0.0,h4,4,1.3338334629497006,1.3338334629497006,79.31144545899588,79.4417230830004,True,True,199.0,199.0,True,True,True,0.0,0.13027762400452048,1.0016426081160237,0.0
v200_s9_p0,200,0.0,h2+3,0,1.3066137487582146,1.3066137487582146,31.534259624997503,32.33777429199836,True,True,299.0,299.0,True,True,True,0.0,0.8035146670008544,1.0254806891474915,0.0
v200_s9_p0,200,0.0,h2+3,1,1.328086222961859,1.328086222961859,34.13832895900123,34.165145124992705,True,True,251.0,251.0,True,True,True,0.0,0.026816165991476737,1.0007855148980398,0.0
v200_s9_p0,200,0.0,h2+3,2,1.3143251140261125,1.3143251140261125,32.40797379199648,32.32576158399752,True,True,275.0,275.0,True,True,True,0.0,-0.082212207998964,0.9974632104886709,0.0
v200_s9_p0,200,0.0,h2+3,3,1.3145000725126235,1.3145000725126235,34.74571391698555,34.85722104102024,True,True,238.0,238.0,True,True,True,0.0,0.11150712403468788,1.0032092339302943,0.0
v200_s9_p0,200,0.0,h2+3,4,1.3220463410124248,1.3220463410124248,28.642530541983433,28.950838249991648,True,True,303.0,303.0,True,True,True,0.0,0.30830770800821483,1.0107639828665385,0.0
v200_s9_p0,200,0.0,h2+3+4,0,1.317271588824369,1.317271588824369,85.97228512499714,86.25554466700123,True,True,225.0,225.0,True,True,True,0.0,0.28325954200408887,1.0032947773993939,0.0
v200_s9_p0,200,0.0,h2+3+4,1,1.327820403424066,1.327820403424066,74.93161245799274,74.66414541700215,True,True,211.0,211.0,True,True,True,0.0,-0.2674670409905957,0.9964305180121336,0.0
v200_s9_p0,200,0.0,h2+3+4,2,1.3275110327974797,1.3275110327974797,82.27915012500307,82.24844125000527,True,True,188.0,188.0,True,True,True,0.0,-0.030708874997799285,0.9996267720929161,0.0
v200_s9_p0,200,0.0,h2+3+4,3,1.3338784452566124,1.3338784452566124,79.71035850001499,78.6886301250197,True,True,216.0,216.0,True,True,True,0.0,-1.0217283749952912,0.9871819874578145,0.0
v200_s9_p0,200,0.0,h2+3+4,4,1.329759364100468,1.329759364100468,82.59367875001044,82.36527733301045,True,True,199.0,199.0,True,True,True,0.0,-0.2284014169999864,0.9972346380442588,0.0
v200_s9_p10,200,0.1,h2,0,1.3401348880042263,1.3449864981472885,8.61112620899803,8.740714708997984,True,True,524.0,523.0,True,True,True,0.004851610143062235,0.12958849999995437,1.015048960711381,-1.0
v200_s9_p10,200,0.1,h2,1,1.3365568834431703,1.3362645850101558,8.011708167003235,7.936371791991405,True,True,524.0,523.0,True,True,True,-0.0002922984330144818,-0.07533637501182966,0.9905967150273761,-1.0
v200_s9_p10,200,0.1,h2,2,1.3442915642425548,1.3444649745843182,7.958992125000805,7.939291707996745,True,True,524.0,523.0,True,True,True,0.00017341034176343584,-0.01970041700406,0.9975247598320676,-1.0
v200_s9_p10,200,0.1,h2,3,1.338280219640737,1.3272515218588998,8.073292167013278,8.134996000007959,True,True,524.0,523.0,True,True,True,-0.011028697781837238,0.06170383299468085,1.0076429580050128,-1.0
v200_s9_p10,200,0.1,h2,4,1.3405933400770103,1.3350455134619363,8.04356083300081,8.04861300002085,True,True,524.0,523.0,True,True,True,-0.005547826615073914,0.005052167020039633,1.0006281008032303,-1.0
v200_s9_p10,200,0.1,h3,0,1.3447103664063353,1.36518000445953,21.127170040999772,21.13652058399748,True,True,287.0,283.0,True,True,True,0.020469638053194572,0.009350542997708544,1.0004425837904254,-4.0
v200_s9_p10,200,0.1,h3,1,1.3393027021833435,1.3659794626088728,24.369271042000037,23.521106750005856,True,True,213.0,216.0,True,True,True,0.026676760425529356,-0.8481642919941805,0.9651953359403987,3.0
v200_s9_p10,200,0.1,h3,2,1.3653343947370344,1.3658422206632035,23.271674625008018,22.385443333012518,True,True,239.0,236.0,True,True,True,0.0005078259261690476,-0.8862312919955002,0.9619180266879829,-3.0
v200_s9_p10,200,0.1,h3,3,1.3507145068778053,1.3577132660053561,20.331261332990834,20.27100279199658,True,True,270.0,284.0,True,True,True,0.00699875912755088,-0.06025854099425487,0.997036163177123,14.0
v200_s9_p10,200,0.1,h3,4,1.364909708172911,1.3432782935238796,23.077967791992705,23.25503179099178,True,True,232.0,241.0,True,True,True,-0.02163141464903129,0.1770639989990741,1.0076724259516694,9.0
v200_s9_p10,200,0.1,h4,0,1.3730104626668667,1.3568152405244085,63.819726500005345,52.432313040990266,True,True,118.0,250.0,True,True,True,-0.016195222142458165,-11.387413459015079,0.8215690651852899,132.0
v200_s9_p10,200,0.1,h4,1,1.360733522410021,1.3593427445669823,48.87304520899488,48.66097000001173,True,True,187.0,193.0,True,True,True,-0.0013907778430386486,-0.21207520898315124,0.995660691735572,6.0
v200_s9_p10,200,0.1,h4,2,1.354955572414752,1.3473719599077554,37.78532016600366,38.97547104199475,True,True,257.0,245.0,True,True,True,-0.007583612506996573,1.190150875991094,1.0314977052136216,-12.0
v200_s9_p10,200,0.1,h4,3,1.3456421619280006,1.3559158898750456,38.02871587499976,37.731445125013124,True,True,250.0,234.0,True,True,True,0.010273727947045064,-0.2972707499866374,0.9921829926899514,-16.0
v200_s9_p10,200,0.1,h4,4,1.35422067589027,1.3629482622347264,37.9310275829921,46.60358999998425,True,True,262.0,197.0,True,True,True,0.008727586344456473,8.67256241699215,1.2286403234928664,-65.0
v200_s9_p10,200,0.1,h2+3,0,1.3459387639858673,1.354840637168514,22.101757541997358,21.757299832999706,True,True,287.0,283.0,True,True,True,0.00890187318264668,-0.34445770899765193,0.9844149177574173,-4.0
v200_s9_p10,200,0.1,h2+3,1,1.3428381626748398,1.3718753988195167,25.330940333005856,24.78908383299131,True,True,213.0,216.0,True,True,True,0.029037236144676903,-0.5418565000145463,0.9786089070168266,3.0
v200_s9_p10,200,0.1,h2+3,2,1.3562151096391004,1.355115888787366,23.51973620899662,23.38825658398855,True,True,239.0,236.0,True,True,True,-0.001099220851734417,-0.13147962500806898,0.9944098171918367,-3.0
v200_s9_p10,200,0.1,h2+3,3,1.3476233421798567,1.370791264221536,21.520939625013852,21.425082750007277,True,True,270.0,284.0,True,True,True,0.02316792204167939,-0.09585687500657514,0.9955458787266351,14.0
v200_s9_p10,200,0.1,h2+3,4,1.3704072336792317,1.351543567404111,23.83785433298908,24.628207916015526,True,True,232.0,241.0,True,True,True,-0.018863666275120705,0.7903535830264445,1.0331553994745524,9.0
v200_s9_p10,200,0.1,h2+3+4,0,1.3780543781316534,1.349708969631696,65.53064879099838,55.26643529199646,True,True,132.0,255.0,True,True,True,-0.02834540849995748,-10.264213499001926,0.8433677418372841,123.0
v200_s9_p10,200,0.1,h2+3+4,1,1.3669120847745175,1.366809245542281,51.793416249987786,52.5038559169916,True,True,194.0,199.0,True,True,True,-0.00010283923223664004,0.7104396670038113,1.0137167948832488,5.0
v200_s9_p10,200,0.1,h2+3+4,2,1.34612101361788,1.3462011718041769,41.16960433400527,41.81435933300236,True,True,323.0,245.0,True,True,True,8.015818629680815e-05,0.6447549989970867,1.0156609471824467,-78.0
v200_s9_p10,200,0.1,h2+3+4,3,1.3477596478061447,1.35797612702763,41.111534084018786,40.63029679202009,True,True,251.0,237.0,True,True,True,0.010216479221485386,-0.4812372919986956,0.9882943484664133,-14.0
v200_s9_p10,200,0.1,h2+3+4,4,1.3552839576671267,1.3626183605618547,40.58365374998539,49.3735733749927,True,True,264.0,211.0,True,True,True,0.007334402894727976,8.789919625007315,1.2165876852576507,-53.0
v200_s9_p30,200,0.3,h2,0,1.4737276666660954,1.4788525239417198,7.352100208008778,5.858269041011226,True,True,407.0,380.0,True,True,True,0.005124857275624395,-1.493831166997552,0.7968157227549355,-27.0
v200_s9_p30,200,0.3,h2,1,1.4669690944872755,1.4621231890666468,6.79387824999867,5.515981040996849,True,True,407.0,380.0,True,True,True,-0.004845905420628682,-1.2778972090018215,0.8119046055907653,-27.0
v200_s9_p30,200,0.3,h2,2,1.465811317869744,1.4867517640092909,6.73715929199534,5.471386500008521,True,True,407.0,380.0,True,True,True,0.02094044613954682,-1.2657727919868194,0.8121206969989964,-27.0
v200_s9_p30,200,0.3,h2,3,1.4734316848701194,1.4864013350552234,6.954247457993915,5.604336582997348,True,True,407.0,380.0,True,True,True,0.012969650185103987,-1.3499108749965671,0.8058868507123883,-27.0
v200_s9_p30,200,0.3,h2,4,1.4709770206063977,1.4612541150920542,6.882619915995747,5.511377749993699,True,True,407.0,380.0,True,True,True,-0.009722905514343516,-1.3712421660020482,0.8007674137554547,-27.0
v200_s9_p30,200,0.3,h3,0,1.4620440450113845,1.481055925788324,10.415585666996776,9.914100499998312,True,True,183.0,216.0,True,True,True,0.019011880776939494,-0.5014851669984637,0.9518524274071799,33.0
v200_s9_p30,200,0.3,h3,1,1.4635495794685474,1.4746748271271044,10.362951041010092,8.764091332996031,True,True,168.0,208.0,True,True,True,0.011125247658557047,-1.5988597080140607,0.8457138606863265,40.0
v200_s9_p30,200,0.3,h3,2,1.4577037423770947,1.489647396154921,9.982670833996963,8.675331416001427,True,True,247.0,219.0,True,True,True,0.031943653777826375,-1.3073394179955358,0.8690391139069453,-28.0
v200_s9_p30,200,0.3,h3,3,1.4790911686722181,1.4995486538168767,10.087906415981706,9.23666225001216,True,True,222.0,209.0,True,True,True,0.020457485144658616,-0.8512441659695469,0.9156173609401285,-13.0
v200_s9_p30,200,0.3,h3,4,1.4811091501323843,1.5031821413511137,9.579483292007353,9.103508083004272,True,True,242.0,205.0,True,True,True,0.02207299121872941,-0.47597520900308155,0.9503130602670176,-37.0
v200_s9_p30,200,0.3,h4,0,1.4777356626483535,1.4846566848840728,19.203324874993996,17.583577584009618,True,True,164.0,201.0,True,True,True,0.006921022235719221,-1.6197472909843782,0.9156527683862931,37.0
v200_s9_p30,200,0.3,h4,1,1.4757924857108358,1.4605069435728992,17.91907762500341,13.953889958007494,True,True,184.0,179.0,True,True,True,-0.015285542137936536,-3.9651876669959165,0.7787169769573917,-5.0
v200_s9_p30,200,0.3,h4,2,1.5011908609257998,1.4808398438524066,14.022740166998119,13.049970958003541,True,True,240.0,232.0,True,True,True,-0.02035101707339315,-0.9727692089945776,0.9306291639572738,-8.0
v200_s9_p30,200,0.3,h4,3,1.4673923902033332,1.46078804856505,18.162921833019936,16.84338237499469,True,True,157.0,146.0,True,True,True,-0.006604341638283273,-1.3195394580252469,0.9273498245405459,-11.0
v200_s9_p30,200,0.3,h4,4,1.4878276027434512,1.4609422536564522,14.484883708995767,14.121285500004888,True,True,258.0,191.0,True,True,True,-0.02688534908699891,-0.36359820899087936,0.9748980926394964,-67.0
v200_s9_p30,200,0.3,h2+3,0,1.453497212656131,1.4682056854368313,11.06807804199343,10.427221125006326,True,True,183.0,216.0,True,True,True,0.01470847278070031,-0.6408569169871043,0.9420986268297326,33.0
v200_s9_p30,200,0.3,h2+3,1,1.449004444257576,1.4715388795319826,11.08317804201215,9.575360457994975,True,True,168.0,208.0,True,True,True,0.022534435274406572,-1.5078175840171752,0.8639544020404971,40.0
v200_s9_p30,200,0.3,h2+3,2,1.4429694108236666,1.472183363816524,10.558159791005892,9.300711832998786,True,True,247.0,219.0,True,True,True,0.02921395299285745,-1.2574479580071056,0.8809027346717864,-28.0
v200_s9_p30,200,0.3,h2+3,3,1.4703196117813224,1.5072272621292795,10.865118667017668,9.930484999989858,True,True,222.0,209.0,True,True,True,0.036907650347957066,-0.9346336670278106,0.913978512736819,-13.0
v200_s9_p30,200,0.3,h2+3,4,1.4838007232856427,1.5118085799599579,10.358627207984682,9.876581708987942,True,True,242.0,205.0,True,True,True,0.028007856674315157,-0.4820454989967402,0.9534643452922827,-37.0
v200_s9_p30,200,0.3,h2+3+4,0,1.4695774168600801,1.479806389032519,21.608864958994673,19.721137917003944,True,True,167.0,204.0,True,True,True,0.0102289721724389,-1.887727041990729,0.9126410829271732,37.0
v200_s9_p30,200,0.3,h2+3+4,1,1.4573772710399726,1.471807757081008,20.002927499997895,15.9734032080014,True,True,186.0,179.0,True,True,True,0.014430486041035362,-4.029524291996495,0.7985532721649409,-7.0
v200_s9_p30,200,0.3,h2+3+4,2,1.4726111232430514,1.4756893527326964,16.414428999996744,14.86360816701199,True,True,227.0,233.0,True,True,True,0.003078229489644979,-1.5508208329847548,0.9055208784304917,6.0
v200_s9_p30,200,0.3,h2+3+4,3,1.4756027849174895,1.4559301036066177,20.558772541990038,18.89881487499224,True,True,160.0,151.0,True,True,True,-0.019672681310871853,-1.6599576669977978,0.9192579389840791,-9.0
v200_s9_p30,200,0.3,h2+3+4,4,1.4628454967701219,1.467737531103741,16.870197917014593,15.762904292001622,True,True,178.0,193.0,True,True,True,0.004892034333619177,-1.1072936250129715,0.9343639220796456,15.0
v200_s9_p50,200,0.5,h2,0,1.803469563128693,1.9677019737752774,3.045944124998641,1.270093041996006,True,True,291.0,197.0,True,True,True,0.16423241064658445,-1.7758510830026353,0.4169784440798212,-94.0
v200_s9_p50,200,0.5,h2,1,1.902601539698367,1.8782667438318827,2.6678498750115978,1.1963425839931006,True,True,291.0,197.0,True,True,True,-0.02433479586648435,-1.4715072910184972,0.44842949942522525,-94.0
v200_s9_p50,200,0.5,h2,2,1.8793645312017377,1.8456835030326022,2.767978249990847,1.233816082996782,True,True,291.0,197.0,True,True,True,-0.03368102816913554,-1.534162166994065,0.44574630707479795,-94.0
v200_s9_p50,200,0.5,h2,3,1.986832171658843,2.0281649683310823,2.6428212909959257,1.1676536250161007,True,True,291.0,197.0,True,True,True,0.041332796672239214,-1.475167665979825,0.4418208786928911,-94.0
v200_s9_p50,200,0.5,h2,4,1.9272799738868747,2.019962659618494,2.742575875017792,1.1961339999979828,True,True,291.0,197.0,True,True,True,0.09268268573161942,-1.5464418750198092,0.4361352445682922,-94.0
v200_s9_p50,200,0.5,h3,0,1.907447701670139,1.8451042062642,7.798081250002724,4.123297083991929,True,True,199.0,124.0,True,True,True,-0.062343495405938976,-3.674784166010795,0.5287579023353326,-75.0
v200_s9_p50,200,0.5,h3,1,1.8089817941432638,1.9556113811834182,8.321303999997326,3.488457583996933,True,True,213.0,150.0,True,True,True,0.14662958704015439,-4.832846416000393,0.4192200626245663,-63.0
v200_s9_p50,200,0.5,h3,2,1.7779390147990113,1.9469253118190284,8.200750999996671,3.5495163330051582,True,True,213.0,126.0,True,True,True,0.1689862970200171,-4.651234666991513,0.432828204759125,-87.0
v200_s9_p50,200,0.5,h3,3,1.840546311908361,1.950131863613837,8.461140667001018,3.287645667005563,True,True,213.0,121.0,True,True,True,0.10958555170547601,-5.173494999995455,0.38855820939457825,-92.0
v200_s9_p50,200,0.5,h3,4,1.7909243402907984,1.9673767204497667,8.356200958020054,3.537206916982541,True,True,213.0,149.0,True,True,True,0.17645238015896836,-4.818994041037513,0.4233032372908201,-64.0
v200_s9_p50,200,0.5,h4,0,1.8538380571182251,1.84930814394791,6.112019084001076,4.170841416998883,True,True,167.0,166.0,True,True,True,-0.004529913170315147,-1.9411776670021936,0.68239993358603,-1.0
v200_s9_p50,200,0.5,h4,1,1.971653134137976,1.9047429274649,5.781519791999017,3.5701905409950996,True,True,184.0,140.0,True,True,True,-0.06691020667307601,-2.2113292510039173,0.6175176544298694,-44.0
v200_s9_p50,200,0.5,h4,2,1.8540329661032067,1.889916604050204,5.614182917008293,3.985595916994498,True,True,188.0,139.0,True,True,True,0.03588363794699734,-1.6285870000137947,0.70991557915223,-49.0
v200_s9_p50,200,0.5,h4,3,1.9881848092348553,1.8137510977006828,5.785467666981276,3.656710874987766,True,True,179.0,159.0,True,True,True,-0.17443371153417253,-2.12875679199351,0.6320510433162189,-20.0
v200_s9_p50,200,0.5,h4,4,,1.879687544581582,5.834496750001563,3.778261166997254,True,True,190.0,137.0,False,True,False,,-2.056235583004309,0.6475727605806348,-53.0
v200_s9_p50,200,0.5,h2+3,0,1.8362279908060268,1.8947709741758079,8.435358707996784,4.483042332998593,True,True,199.0,124.0,True,True,True,0.05854298336978103,-3.9523163749981904,0.5314584107429403,-75.0
v200_s9_p50,200,0.5,h2+3,1,1.8414879418159418,1.9547549076490482,8.852299624995794,3.861756250000326,True,True,213.0,150.0,True,True,True,0.11326696583310647,-4.990543374995468,0.43624328294266934,-63.0
v200_s9_p50,200,0.5,h2+3,2,1.7967181725663612,1.92272487692503,8.800634166997042,3.863059291994432,True,True,213.0,126.0,True,True,True,0.1260067043586688,-4.9375748750026105,0.43895237760037326,-87.0
v200_s9_p50,200,0.5,h2+3,3,1.8697993647773068,1.9313237485876078,9.055468958016718,3.602324707986554,True,True,213.0,121.0,True,True,True,0.06152438381030101,-5.453144250030164,0.39780653268072347,-92.0
v200_s9_p50,200,0.5,h2+3,4,1.8176244573099705,1.9869503337357843,8.907378416013671,3.879334083001595,True,True,213.0,149.0,True,True,True,0.16932587642581387,-5.028044333012076,0.43551917318650507,-64.0
v200_s9_p50,200,0.5,h2+3+4,0,,1.8198597711699847,7.298777624993818,5.042976083990652,True,True,167.0,170.0,False,True,False,,-2.2558015410031658,0.6909343376514946,3.0
v200_s9_p50,200,0.5,h2+3+4,1,,1.8768846342097585,6.863682458002586,4.268645290998393,True,True,184.0,144.0,False,True,False,,-2.595037167004193,0.6219176538421359,-40.0
v200_s9_p50,200,0.5,h2+3+4,2,1.8478956464892526,1.9317535486188762,6.674889791000169,4.956359458999941,True,True,188.0,141.0,True,True,True,0.08385790212962352,-1.7185303320002276,0.7425380214790449,-47.0
v200_s9_p50,200,0.5,h2+3+4,3,2.021044179197819,1.8567450965592054,6.9002821250178386,4.366746624989901,True,True,179.0,161.0,True,True,True,-0.1642990826386137,-2.533535500027938,0.6328359545123109,-18.0
v200_s9_p50,200,0.5,h2+3+4,4,,1.9035211354631052,6.998887291003484,4.628358334011864,True,True,190.0,141.0,False,True,False,,-2.3705289569916204,0.6612991667920203,-49.0
v300_s0_p0,300,0.0,h2,0,1.2850454171119228,1.2850454171119228,71.19916912500048,71.12955029100704,True,True,703.0,703.0,True,True,True,0.0,-0.06961883399344515,0.9990221959771578,0.0
v300_s0_p0,300,0.0,h2,1,1.2712581761725092,1.2712581761725092,66.15425320900977,67.115964874989,True,True,706.0,706.0,True,True,True,0.0,0.9617116659792373,1.0145374124765763,0.0
v300_s0_p0,300,0.0,h2,2,1.2810153753711493,1.2810153753711493,64.45713712500583,65.28756504099874,True,True,668.0,668.0,True,True,True,0.0,0.8304279159929138,1.0128834129629805,0.0
v300_s0_p0,300,0.0,h2,3,1.2890627610957905,1.2890627610957905,66.76489533399581,67.306403124996,True,True,693.0,693.0,True,True,True,0.0,0.5415077910001855,1.0081106663657788,0.0
v300_s0_p0,300,0.0,h2,4,1.2842368837030216,1.2842368837030216,65.66383954201592,67.55405537498882,True,True,689.0,689.0,True,True,True,0.0,1.890215832972899,1.028786252009577,0.0
v300_s0_p0,300,0.0,h3,0,1.309555720168148,1.309555720168148,117.50770091700542,120.06358208399615,True,True,323.0,323.0,True,True,True,0.0,2.55588116699073,1.0217507546062528,0.0
v300_s0_p0,300,0.0,h3,1,1.3040123347786134,1.3040123347786134,91.5813827499951,94.46061812499829,True,True,375.0,375.0,True,True,True,0.0,2.8792353750031907,1.0314390904411557,0.0
v300_s0_p0,300,0.0,h3,2,1.308543382852277,1.308543382852277,78.29986570800247,76.91328345799411,True,True,388.0,388.0,True,True,True,0.0,-1.3865822500083596,0.9822913840595943,0.0
v300_s0_p0,300,0.0,h3,3,1.3101741861813052,1.3101741861813052,93.61089295899728,93.52363162499387,True,True,364.0,364.0,True,True,True,0.0,-0.08726133400341496,0.9990678292745093,0.0
v300_s0_p0,300,0.0,h3,4,1.3041982596861206,1.3041982596861206,91.82890537500498,94.28684062499087,True,True,379.0,379.0,True,True,True,0.0,2.457935249985894,1.0267664657435296,0.0
v300_s0_p0,300,0.0,h4,0,1.3248330244939146,1.3248330244939146,248.8692020419985,249.15820716699818,True,True,268.0,268.0,True,True,True,0.0,0.2890051249996759,1.0011612731612765,0.0
v300_s0_p0,300,0.0,h4,1,1.3170619931902932,1.3170619931902932,230.71336854099354,227.81042187500861,True,True,315.0,315.0,True,True,True,0.0,-2.9029466659849277,0.9874175186104609,0.0
v300_s0_p0,300,0.0,h4,2,1.3149203789516786,1.3149203789516786,230.4889711249998,231.70708749999176,True,True,286.0,286.0,True,True,True,0.0,1.2181163749919506,1.0052849226105978,0.0
v300_s0_p0,300,0.0,h4,3,1.3156193138270649,1.3156193138270649,228.47666562499944,227.03902754199225,True,True,298.0,298.0,True,True,True,0.0,-1.4376380830071867,0.9937077246856938,0.0
v300_s0_p0,300,0.0,h4,4,1.3263943733704964,1.3263943733704964,261.95867633400485,262.1204512080003,True,True,218.0,218.0,True,True,True,0.0,0.16177487399545498,1.0006175587549129,0.0
v300_s0_p0,300,0.0,h2+3,0,1.3092756040870532,1.3092756040870532,121.75769683301041,121.33790670799499,True,True,323.0,323.0,True,True,True,0.0,-0.41979012501542456,0.996552249788437,0.0
v300_s0_p0,300,0.0,h2+3,1,1.2994496404433398,1.2994496404433398,92.91254812499392,94.06942850000632,True,True,375.0,375.0,True,True,True,0.0,1.1568803750124061,1.012451282397896,0.0
v300_s0_p0,300,0.0,h2+3,2,1.3045115510336607,1.3045115510336607,80.67043041701254,80.42964262500755,True,True,388.0,388.0,True,True,True,0.0,-0.24078779200499412,0.9970151666383794,0.0
v300_s0_p0,300,0.0,h2+3,3,1.307919081784902,1.307919081784902,95.87631929200143,96.35633179199067,True,True,364.0,364.0,True,True,True,0.0,0.4800124999892432,1.0050065803895467,0.0
v300_s0_p0,300,0.0,h2+3,4,1.3049660013276128,1.3049660013276128,94.14919525000732,95.35730166599387,True,True,379.0,379.0,True,True,True,0.0,1.208106415986549,1.0128318294466405,0.0
v300_s0_p0,300,0.0,h2+3+4,0,1.3242398566992493,1.3242398566992493,260.28856341600476,258.3856005419948,True,True,268.0,268.0,True,True,True,0.0,-1.9029628740099724,0.9926890261752739,0.0
v300_s0_p0,300,0.0,h2+3+4,1,1.3154937138293818,1.3154937138293818,234.42877937499725,235.86977291600488,True,True,315.0,315.0,True,True,True,0.0,1.4409935410076287,1.0061468286651896,0.0
v300_s0_p0,300,0.0,h2+3+4,2,1.3112755997249668,1.3112755997249668,231.64480770799855,233.86650029200246,True,True,286.0,286.0,True,True,True,0.0,2.221692584003904,1.0095909448866407,0.0
v300_s0_p0,300,0.0,h2+3+4,3,1.31407531595698,1.31407531595698,232.50434345798567,230.88771104099578,True,True,298.0,298.0,True,True,True,0.0,-1.6166324169898871,0.9930468721876501,0.0
v300_s0_p0,300,0.0,h2+3+4,4,1.3228700274080265,1.3228700274080265,270.07079941700795,272.35573899999144,True,True,218.0,218.0,True,True,True,0.0,2.2849395829834975,1.00846052067797,0.0
v300_s0_p10,300,0.1,h2,0,1.3278534733254717,1.338962549651127,49.2018870000029,48.6176359999954,True,True,503.0,565.0,True,True,True,0.011109076325655387,-0.5842510000074981,0.9881254351076522,62.0
v300_s0_p10,300,0.1,h2,1,1.3309503237994087,1.3309229184350377,45.33125633301097,44.131547458004206,True,True,557.0,526.0,True,True,True,-2.7405364370958196e-05,-1.1997088750067633,0.9735346210968984,-31.0
v300_s0_p10,300,0.1,h2,2,1.321215344112907,1.3371587812653811,45.07183400000213,44.89999087499746,True,True,547.0,577.0,True,True,True,0.015943437152474038,-0.17184312500467058,0.9961873500642405,30.0
v300_s0_p10,300,0.1,h2,3,1.319506019713761,1.3364314546158296,48.02352058299584,48.22539199999301,True,True,489.0,614.0,True,True,True,0.01692543490206866,0.2018714169971645,1.0042035947083114,125.0
v300_s0_p10,300,0.1,h2,4,1.3250911292345822,1.3370572565668035,49.35055879200809,49.086442625004565,True,True,653.0,451.0,True,True,True,0.011966127332221355,-0.2641161670035217,0.9946481625848116,-202.0
v300_s0_p10,300,0.1,h3,0,1.3233057607259215,1.3376339696469308,72.15771858399967,62.21675729200069,True,True,333.0,379.0,True,True,True,0.014328208921009278,-9.940961291998974,0.862232876993934,46.0
v300_s0_p10,300,0.1,h3,1,1.3317981169389987,1.3375073197267768,60.286378874996444,58.12355358400964,True,True,357.0,364.0,True,True,True,0.005709202787778089,-2.1628252909868024,0.9641241465925261,7.0
v300_s0_p10,300,0.1,h3,2,1.3508286727822951,1.3493103672614544,69.60510620800778,58.445200583999394,True,True,337.0,335.0,True,True,True,-0.001518305520840757,-11.159905624008388,0.8396682911357373,-2.0
v300_s0_p10,300,0.1,h3,3,1.3488160113758336,1.3346115897909525,72.42957587499404,70.20669870800339,True,True,313.0,341.0,True,True,True,-0.01420442158488111,-2.2228771669906564,0.9693098138414187,28.0
v300_s0_p10,300,0.1,h3,4,1.3349212697987893,1.3408620193131084,59.880721459019696,65.73784145899117,True,True,368.0,341.0,True,True,True,0.00594074951431911,5.857119999971474,1.0978131167637966,-27.0
v300_s0_p10,300,0.1,h4,0,1.336563037791686,1.3476831963090046,162.86763770799735,124.57443966699066,True,True,330.0,272.0,True,True,True,0.011120158517318623,-38.29319804100669,0.764881479341759,-58.0
v300_s0_p10,300,0.1,h4,1,1.3412774293087455,1.347289039617203,155.32785133300058,169.43490954200388,True,True,262.0,174.0,True,True,True,0.006011610308457538,14.107058209003299,1.0908211765497213,-88.0
v300_s0_p10,300,0.1,h4,2,1.3460570938409329,1.3474875814444842,151.2952366249956,151.48912083299365,True,True,260.0,269.0,True,True,True,0.0014304876035513558,0.19388420799805317,1.0012814957848186,9.0
v300_s0_p10,300,0.1,h4,3,1.3427382420313054,1.3426934556210819,168.2808417499764,158.63111149999895,True,True,301.0,285.0,True,True,True,-4.4786410223540685e-05,-9.649730249977438,0.9426569884626882,-16.0
v300_s0_p10,300,0.1,h4,4,1.3517186190493091,1.359198609361179,153.29235925001558,142.4377756670001,True,True,297.0,242.0,True,True,True,0.007479990311869855,-10.854583583015483,0.9291903155765777,-55.0
v300_s0_p10,300,0.1,h2+3,0,1.3246970541841006,1.3413478197754878,72.04825995799911,61.47014262499579,True,True,333.0,379.0,True,True,True,0.01665076559138723,-10.57811733300332,0.8531801137297433,46.0
v300_s0_p10,300,0.1,h2+3,1,1.33820325954818,1.3362533213097236,61.013797542007524,59.37974962498993,True,True,357.0,364.0,True,True,True,-0.0019499382384564612,-1.6340479170175968,0.9732183869412068,7.0
v300_s0_p10,300,0.1,h2+3,2,1.3418113096486963,1.3439919057465186,70.7377669159905,58.7183739579923,True,True,337.0,335.0,True,True,True,0.002180596097822285,-12.019392957998207,0.8300852079162654,-2.0
v300_s0_p10,300,0.1,h2+3,3,1.3505092707363133,1.3361305469888547,73.94698279199656,71.32355891601765,True,True,313.0,341.0,True,True,True,-0.014378723747458633,-2.623423875978915,0.964522908482172,28.0
v300_s0_p10,300,0.1,h2+3,4,1.3326815539219652,1.3401153828825305,61.29244870797265,68.4873385829851,True,True,368.0,341.0,True,True,True,0.007433828960565325,7.19488987501245,1.117386236423551,-27.0
v300_s0_p10,300,0.1,h2+3+4,0,1.3420202414637488,1.3444262480980433,167.51839845800714,128.3397536669945,True,True,338.0,283.0,True,True,True,0.0024060066342945774,-39.17864479101263,0.7661233324121483,-55.0
v300_s0_p10,300,0.1,h2+3+4,1,1.3447787993619726,1.3537611572121933,161.17023491699365,175.84507158400083,True,True,267.0,188.0,True,True,True,0.008982357850220613,14.674836667007185,1.0910517793472538,-79.0
v300_s0_p10,300,0.1,h2+3+4,2,1.3471422145915959,1.348552584136578,156.87527299999783,156.2903694580018,True,True,268.0,280.0,True,True,True,0.0014103695449820819,-0.5849035419960273,0.9962715376948155,12.0
v300_s0_p10,300,0.1,h2+3+4,3,1.3483554010397694,1.336655376302916,171.31944437499624,160.46781537501374,True,True,313.0,296.0,True,True,True,-0.011700024736853276,-10.851628999982495,0.9366585092569547,-17.0
v300_s0_p10,300,0.1,h2+3+4,4,1.3526684172691619,1.352058573687709,158.94467487500515,146.4301755829947,True,True,307.0,250.0,True,True,True,-0.0006098435814527736,-12.514499292010441,0.9212650609285784,-57.0
v300_s0_p30,300,0.3,h2,0,1.484459097727258,1.4979175112943799,16.035291791995405,12.802481374994386,True,True,617.0,576.0,True,True,True,0.013458413567121852,-3.2328104170010192,0.798394038665714,-41.0
v300_s0_p30,300,0.3,h2,1,1.4974199842333664,1.493382578649946,15.0964553750091,11.908851999993203,True,True,617.0,576.0,True,True,True,-0.0040374055834204725,-3.1876033750158967,0.7888508728815439,-41.0
v300_s0_p30,300,0.3,h2,2,1.4869880665907094,1.4864986673797311,14.864190667009098,11.986866209001164,True,True,617.0,576.0,True,True,True,-0.0004893992109782364,-2.8773244580079336,0.8064257568766174,-41.0
v300_s0_p30,300,0.3,h2,3,1.485742609675512,1.4977946346355429,15.312775250000414,12.331355292000808,True,True,617.0,576.0,True,True,True,0.012052024960030883,-2.9814199579996057,0.8052985230094378,-41.0
v300_s0_p30,300,0.3,h2,4,1.4853528805516611,1.4842756138322843,15.089977750001708,11.865438582986826,True,True,617.0,576.0,True,True,True,-0.0010772667193768015,-3.224539167014882,0.7863125300489912,-41.0
v300_s0_p30,300,0.3,h3,0,1.4594265307648737,1.4367504274182374,26.85520620799798,23.722592750011245,True,True,268.0,302.0,True,True,True,-0.022676103346636278,-3.1326134579867357,0.8833517257799426,34.0
v300_s0_p30,300,0.3,h3,1,1.4532693286829717,1.4378891188704737,30.625843665999128,21.976551125000697,True,True,241.0,303.0,True,True,True,-0.015380209812497991,-8.649292540998431,0.7175819012424173,62.0
v300_s0_p30,300,0.3,h3,2,1.4827297406852045,1.4728808820311419,25.11584858299466,22.74335033299576,True,True,286.0,293.0,True,True,True,-0.009848858654062598,-2.3724982499988982,0.905537802469264,7.0
v300_s0_p30,300,0.3,h3,3,1.4672601414129383,1.440601449089452,26.03267375001451,22.654206040984718,True,True,273.0,284.0,True,True,True,-0.026658692323486166,-3.378467709029792,0.8702220240044337,11.0
v300_s0_p30,300,0.3,h3,4,1.4629605927019766,1.446994204265668,30.5928232500155,21.630635750014335,True,True,239.0,316.0,True,True,True,-0.0159663884363086,-8.962187500001164,0.7070493485756787,77.0
v300_s0_p30,300,0.3,h4,0,1.4624066779867158,1.465548511317507,56.69828287498967,41.61121024999011,True,True,252.0,296.0,True,True,True,0.0031418333307913215,-15.087072624999564,0.7339060045563627,44.0
v300_s0_p30,300,0.3,h4,1,1.4587837300502222,1.467273779979231,55.80005845800042,39.0973451250029,True,True,230.0,286.0,True,True,True,0.008490049929008814,-16.70271333299752,0.7006685334287004,56.0
v300_s0_p30,300,0.3,h4,2,1.4619110633263512,1.4789008541932633,53.29691304200969,38.320905417000176,True,True,239.0,300.0,True,True,True,0.016989790866912102,-14.976007625009515,0.719007973065811,61.0
v300_s0_p30,300,0.3,h4,3,1.4483522078377273,1.4483384712336655,53.05413974999101,38.79067491702153,True,True,252.0,322.0,True,True,True,-1.3736604061787006e-05,-14.263464832969476,0.731152650854698,70.0
v300_s0_p30,300,0.3,h4,4,1.446160615830102,1.4830059372682636,45.713462790998165,47.804406292008935,True,True,270.0,240.0,True,True,True,0.03684532143816166,2.09094350101077,1.0457402124746173,-30.0
v300_s0_p30,300,0.3,h2+3,0,1.4513150701333493,1.4360374251349717,27.260105958004715,24.938543833006406,True,True,268.0,302.0,True,True,True,-0.015277644998377582,-2.3215621249983087,0.9148366433874187,34.0
v300_s0_p30,300,0.3,h2+3,1,1.464566709952774,1.4512714550095303,31.71264420800435,23.02049262500077,True,True,241.0,303.0,True,True,True,-0.013295254943243684,-8.692151583003579,0.7259089615488556,62.0
v300_s0_p30,300,0.3,h2+3,2,1.4761336083398828,1.4688774479265323,26.108575582999038,24.031102292006835,True,True,286.0,293.0,True,True,True,-0.007256160413350532,-2.0774732909922022,0.9204294663878569,7.0
v300_s0_p30,300,0.3,h2+3,3,1.456617790050644,1.4388374459366593,27.04603254099493,23.64593654201599,True,True,273.0,284.0,True,True,True,-0.01778034411398477,-3.4000959989789408,0.874284851435224,11.0
v300_s0_p30,300,0.3,h2+3,4,1.4625033499261682,1.4416414102431534,31.773517124995124,22.488889208005276,True,True,239.0,316.0,True,True,True,-0.020861939683014752,-9.284627916989848,0.7077872153572211,77.0
v300_s0_p30,300,0.3,h2+3+4,0,1.4630927529670898,1.4640020699909715,61.18133825001132,44.725594707997516,True,True,259.0,307.0,True,True,True,0.0009093170238816395,-16.455743542013806,0.731033285431432,48.0
v300_s0_p30,300,0.3,h2+3+4,1,1.465317844919617,1.460606214700431,59.17371420899872,42.105673166995985,True,True,236.0,297.0,True,True,True,-0.004711630219185858,-17.068041042002733,0.7115604239118871,61.0
v300_s0_p30,300,0.3,h2+3+4,2,1.4581114046671508,1.470159888327695,56.94050383400463,41.156159584003035,True,True,246.0,309.0,True,True,True,0.012048483660544118,-15.784344250001595,0.7227923325719634,63.0
v300_s0_p30,300,0.3,h2+3+4,3,1.4494179871284176,1.4509372656326152,55.91158291697502,41.40723737500957,True,True,258.0,333.0,True,True,True,0.0015192785041975299,-14.50434554196545,0.7405842441716695,75.0
v300_s0_p30,300,0.3,h2+3+4,4,1.4473940281504563,1.4868849169532725,48.30248091701651,52.42956166600925,True,True,272.0,252.0,True,True,True,0.03949088880281626,4.127080748992739,1.0854424176696649,-20.0
v300_s0_p50,300,0.5,h2,0,1.8788156036488477,1.798681790045143,6.5255571250017965,3.419988540990744,True,True,441.0,313.0,True,True,True,-0.08013381360370464,-3.1055685840110527,0.52409142629179,-128.0
v300_s0_p50,300,0.5,h2,1,1.784092440543897,1.866816462094489,5.984168583003338,3.422111917010625,True,True,441.0,313.0,True,True,True,0.082724021550592,-2.5620566659927135,0.5718608808465642,-128.0
v300_s0_p50,300,0.5,h2,2,1.863250126007716,1.834832333702393,6.155683457996929,3.079606250001234,True,True,441.0,313.0,True,True,True,-0.02841779230532282,-3.076077207995695,0.500286649080449,-128.0
v300_s0_p50,300,0.5,h2,3,1.916369667398677,1.9041363900052517,6.484102582995547,3.4030078329960816,True,True,441.0,313.0,True,True,True,-0.01223327739342528,-3.0810947499994654,0.5248232564858573,-128.0
v300_s0_p50,300,0.5,h2,4,1.8962432894256065,1.9301273872361016,5.786593833006918,3.4158985410176683,True,True,441.0,313.0,True,True,True,0.03388409781049506,-2.37069529198925,0.5903124773564152,-128.0
v300_s0_p50,300,0.5,h3,0,1.7289493834574614,1.7888441471599434,13.639581582989194,9.717980833011097,True,True,284.0,244.0,True,True,True,0.059894763702482035,-3.921600749978097,0.7124837938673295,-40.0
v300_s0_p50,300,0.5,h3,1,1.651419788422506,1.8223505807277558,13.548892749997322,8.816897707991302,True,True,192.0,222.0,True,True,True,0.17093079230524988,-4.7319950420060195,0.6507467341191437,30.0
v300_s0_p50,300,0.5,h3,2,1.6970809931898627,1.7894524341998406,12.97778491700592,9.196813832997577,True,True,280.0,244.0,True,True,True,0.09237144100997785,-3.7809710840083426,0.7086582103041477,-36.0
v300_s0_p50,300,0.5,h3,3,1.7486649448347502,1.78767997834263,13.59315654198872,9.45890783300274,True,True,281.0,244.0,True,True,True,0.039015033507879826,-4.134248708985979,0.6958580815121602,-37.0
v300_s0_p50,300,0.5,h3,4,1.6379206549672667,1.770327960617521,10.802129582996713,9.283182749990374,True,True,196.0,226.0,True,True,True,0.13240730565025438,-1.5189468330063391,0.859384501793307,30.0
v300_s0_p50,300,0.5,h4,0,1.7292389905746282,1.7740735684552722,13.376332375002676,9.611770999996224,True,True,246.0,152.0,True,True,True,0.044834577880644044,-3.7645613750064513,0.7185655028996168,-94.0
v300_s0_p50,300,0.5,h4,1,1.738001822214823,1.735336525078717,13.687552374991355,9.140293583011953,True,True,228.0,142.0,True,True,True,-0.0026652971361060818,-4.547258791979402,0.6677814508101727,-86.0
v300_s0_p50,300,0.5,h4,2,1.7769819860065827,1.7704373549268835,13.5895119170018,9.14689591700153,True,True,228.0,175.0,True,True,True,-0.00654463107969927,-4.442616000000271,0.6730849476321422,-53.0
v300_s0_p50,300,0.5,h4,3,1.745383711827386,1.7974580578250456,14.006577333988389,9.760305415984476,True,True,228.0,133.0,True,True,True,0.05207434599765959,-4.246271918003913,0.6968372917415091,-95.0
v300_s0_p50,300,0.5,h4,4,1.7073511310931186,1.8195997276845253,13.872557083988795,9.189365416998044,True,True,225.0,182.0,True,True,True,0.11224859659140662,-4.683191666990751,0.6624132350916095,-43.0
v300_s0_p50,300,0.5,h2+3,0,1.6992664529619472,1.791755065751585,14.483837749998202,10.39199416700285,True,True,284.0,244.0,True,True,True,0.09248861278963783,-4.091843582995352,0.7174889933439181,-40.0
v300_s0_p50,300,0.5,h2+3,1,1.7017444794538463,1.755992375988086,14.237974540999858,9.315388333008741,True,True,192.0,222.0,True,True,True,0.05424789653423967,-4.922586207991117,0.6542635896829304,30.0
v300_s0_p50,300,0.5,h2+3,2,1.6935734825439512,1.8371335796449078,13.738569583001663,9.79377449999447,True,True,280.0,244.0,True,True,True,0.14356009710095652,-3.944795083007193,0.712867117702852,-36.0
v300_s0_p50,300,0.5,h2+3,3,1.7053506443641195,1.7493752870791415,14.520182334003039,10.070651458983775,True,True,281.0,244.0,True,True,True,0.04402464271502193,-4.4495308750192635,0.6935623277540082,-37.0
v300_s0_p50,300,0.5,h2+3,4,1.678384564412636,1.811554172442501,11.632187334005721,9.87867979198927,True,True,196.0,226.0,True,True,True,0.133169608029865,-1.7535075420164503,0.8492538426637767,30.0
v300_s0_p50,300,0.5,h2+3+4,0,1.7342701242114704,1.7838213654519788,15.176961959004984,11.209144458000083,True,True,246.0,156.0,True,True,True,0.04955124124050836,-3.9678175010049017,0.7385631253657675,-90.0
v300_s0_p50,300,0.5,h2+3+4,1,1.8533669780230666,1.7415106634193187,15.57917870800884,10.514715625002282,True,True,228.0,146.0,True,True,True,-0.1118563146037479,-5.064463083006558,0.6749210482833057,-82.0
v300_s0_p50,300,0.5,h2+3+4,2,1.7668171001081154,1.7795687127115762,15.601167084008921,10.595688792003784,True,True,228.0,176.0,True,True,True,0.012751612603460805,-5.005478292005137,0.6791600099497868,-52.0
v300_s0_p50,300,0.5,h2+3+4,3,1.7083080043617325,1.7933835107525176,16.047229291987605,11.236783125001239,True,True,228.0,137.0,True,True,True,0.0850755063907851,-4.810446166986367,0.7002319790252997,-91.0
v300_s0_p50,300,0.5,h2+3+4,4,1.704815048996113,1.8246773217373224,15.705741959012812,10.533564208017197,True,True,225.0,184.0,True,True,True,0.11986227274120953,-5.1721777509956155,0.670682367984052,-41.0
v300_s1_p0,300,0.0,h2,0,1.2978429267680676,1.2978429267680676,69.44273191699176,70.88429324999743,True,True,658.0,658.0,True,True,True,0.0,1.4415613330056658,1.0207589951203078,0.0
v300_s1_p0,300,0.0,h2,1,1.2817121758764187,1.2817121758764187,65.40365895800642,68.02529795900045,True,True,672.0,672.0,True,True,True,0.0,2.621639000994037,1.0400839806634872,0.0
v300_s1_p0,300,0.0,h2,2,1.2841570964643407,1.2841570964643407,65.13530416700814,65.57197191700106,True,True,653.0,653.0,True,True,True,0.0,0.436667749992921,1.0067040102994422,0.0
v300_s1_p0,300,0.0,h2,3,1.2967589326623232,1.2967589326623232,66.45702216701466,66.93682608299423,True,True,687.0,687.0,True,True,True,0.0,0.4798039159795735,1.0072197624921226,0.0
v300_s1_p0,300,0.0,h2,4,1.2977244212800083,1.2977244212800083,66.75185229201452,66.53940533302375,True,True,680.0,680.0,True,True,True,0.0,-0.2124469589907676,0.9968173623398285,0.0
v300_s1_p0,300,0.0,h3,0,1.3237351169511715,1.3237351169511715,176.29619437501242,169.31296183299855,True,True,246.0,246.0,True,True,True,0.0,-6.983232542013866,0.9603892042776639,0.0
v300_s1_p0,300,0.0,h3,1,1.3172804761813426,1.3172804761813426,99.7616446250031,97.77982508299465,True,True,361.0,361.0,True,True,True,0.0,-1.9818195420084521,0.980134453983212,0.0
v300_s1_p0,300,0.0,h3,2,1.3120499984031733,1.3120499984031733,93.63056641700678,93.47302954099723,True,True,399.0,399.0,True,True,True,0.0,-0.15753687600954436,0.9983174631742809,0.0
v300_s1_p0,300,0.0,h3,3,1.303862554483334,1.303862554483334,103.70143291700515,101.73115466698073,True,True,412.0,412.0,True,True,True,0.0,-1.9702782500244211,0.9810004722731143,0.0
v300_s1_p0,300,0.0,h3,4,1.3140605856419916,1.3140605856419916,97.65815216599731,98.20050187499146,True,True,386.0,386.0,True,True,True,0.0,0.542349708994152,1.0055535528469992,0.0
v300_s1_p0,300,0.0,h4,0,1.337693053013648,1.337693053013648,305.44128854099836,312.17095987500215,True,True,196.0,196.0,True,True,True,0.0,6.729671334003797,1.0220326183344415,0.0
v300_s1_p0,300,0.0,h4,1,1.3377251256109217,1.3377251256109217,232.61207099999592,234.90988800000923,True,True,220.0,220.0,True,True,True,0.0,2.2978170000133105,1.0098783222647691,0.0
v300_s1_p0,300,0.0,h4,2,1.321516882163572,1.321516882163572,232.31938608299242,229.78646304199356,True,True,308.0,308.0,True,True,True,0.0,-2.532923040998867,0.9890972377135414,0.0
v300_s1_p0,300,0.0,h4,3,1.3271350008836742,1.3271350008836742,244.73783133298275,238.17403433300206,True,True,329.0,329.0,True,True,True,0.0,-6.5637969999806955,0.9731802927065648,0.0
v300_s1_p0,300,0.0,h4,4,1.329118741935164,1.329118741935164,235.69318458400085,235.24633870800608,True,True,340.0,340.0,True,True,True,0.0,-0.446845875994768,0.9981041205040211,0.0
v300_s1_p0,300,0.0,h2+3,0,1.3233217263964832,1.3233217263964832,173.32439816599071,173.76305758299713,True,True,246.0,246.0,True,True,True,0.0,0.43865941700641997,1.0025308578691057,0.0
v300_s1_p0,300,0.0,h2+3,1,1.3205063722659354,1.3205063722659354,101.16595399999642,101.9971680000017,True,True,361.0,361.0,True,True,True,0.0,0.831214000005275,1.0082163412407035,0.0
v300_s1_p0,300,0.0,h2+3,2,1.328260608646416,1.328260608646416,96.59603170800256,95.42618833298911,True,True,399.0,399.0,True,True,True,0.0,-1.1698433750134427,0.9878893226323238,0.0
v300_s1_p0,300,0.0,h2+3,3,1.3014292824413318,1.3014292824413318,105.3237092079944,103.945484958007,True,True,412.0,412.0,True,True,True,0.0,-1.3782242499873973,0.9869143969543869,0.0
v300_s1_p0,300,0.0,h2+3,4,1.3037219004513274,1.3037219004513274,99.16565475001698,98.81569995899918,True,True,386.0,386.0,True,True,True,0.0,-0.349954791017808,0.9964710081136459,0.0
v300_s1_p0,300,0.0,h2+3+4,0,1.338081752478436,1.338081752478436,309.80678012499993,312.29592004200094,True,True,196.0,196.0,True,True,True,0.0,2.489139917001012,1.0080344914207389,0.0
v300_s1_p0,300,0.0,h2+3+4,1,1.3377373251666045,1.3377373251666045,242.4948917920119,238.09591633400123,True,True,220.0,220.0,True,True,True,0.0,-4.398975458010682,0.9818595128932296,0.0
v300_s1_p0,300,0.0,h2+3+4,2,1.3218207468545573,1.3218207468545573,240.06643729200005,242.94575808299123,True,True,308.0,308.0,True,True,True,0.0,2.879320790991187,1.0119938498003742,0.0
v300_s1_p0,300,0.0,h2+3+4,3,1.3254832488514818,1.3254832488514818,253.12072658300167,250.9415472910041,True,True,329.0,329.0,True,True,True,0.0,-2.1791792919975705,0.9913907512774028,0.0
v300_s1_p0,300,0.0,h2+3+4,4,1.335602765560479,1.335602765560479,243.40357579200645,243.7654000420007,True,True,340.0,340.0,True,True,True,0.0,0.36182424999424256,1.001486519862401,0.0
v300_s1_p10,300,0.1,h2,0,1.356466568084086,1.326568152242462,50.665457750001224,48.427341707996675,True,True,557.0,549.0,True,True,True,-0.029898415841624004,-2.238116042004549,0.955825603055871,-8.0
v300_s1_p10,300,0.1,h2,1,1.3347652540382204,1.3501602637417698,45.54747029099963,44.767004459004966,True,True,541.0,535.0,True,True,True,0.015395009703549345,-0.7804658319946611,0.9828647820173476,-6.0
v300_s1_p10,300,0.1,h2,2,1.3212453381186384,1.3430124312385812,45.94814058400516,44.58783916600805,True,True,559.0,574.0,True,True,True,0.021767093119942738,-1.360301417997107,0.9703948538350508,15.0
v300_s1_p10,300,0.1,h2,3,1.3155824268010592,1.321852158865133,49.05787200000486,48.94322995899711,True,True,639.0,618.0,True,True,True,0.006269732064073885,-0.11464204100775532,0.9976631265007225,-21.0
v300_s1_p10,300,0.1,h2,4,1.325161475307339,1.3221747574234755,46.515091334003955,47.35893316598958,True,True,550.0,568.0,True,True,True,-0.002986717883863621,0.8438418319856282,1.0181412485235464,18.0
v300_s1_p10,300,0.1,h3,0,1.3570379105592298,1.358026760740386,84.59821320899937,71.71110758300347,True,True,313.0,344.0,True,True,True,0.0009888501811561312,-12.8871056259959,0.8476669289201371,31.0
v300_s1_p10,300,0.1,h3,1,1.3564614307402718,1.3427548963171414,78.49875041699852,83.22646149998764,True,True,304.0,308.0,True,True,True,-0.013706534423130412,4.727711082989117,1.0602265775935886,4.0
v300_s1_p10,300,0.1,h3,2,1.3505068463985648,1.3451128487821216,67.06516904199088,71.71110608399613,True,True,355.0,302.0,True,True,True,-0.0053939976164432135,4.645937042005244,1.0692749620760118,-53.0
v300_s1_p10,300,0.1,h3,3,1.3415291621541354,1.3610139040628497,74.12503845800529,75.55098104200442,True,True,365.0,341.0,True,True,True,0.019484741908714298,1.4259425839991309,1.019236989466211,-24.0
v300_s1_p10,300,0.1,h3,4,1.3540147946933445,1.3558117788314374,60.12571583298268,70.87846329199965,True,True,377.0,347.0,True,True,True,0.0017969841380929275,10.752747459016973,1.17883774538146,-30.0
v300_s1_p10,300,0.1,h4,0,1.3631916564169777,1.3481251185945404,183.85203316700063,164.27768062498944,True,True,197.0,223.0,True,True,True,-0.015066537822437276,-19.574352542011184,0.8935320311403303,26.0
v300_s1_p10,300,0.1,h4,1,1.3543437396242237,1.378756612982761,151.11194266700477,172.9200854160008,True,True,286.0,212.0,True,True,True,0.024412873358537368,21.808142748996033,1.1443177975486238,-74.0
v300_s1_p10,300,0.1,h4,2,1.3587277197899974,1.3700121633905005,158.3620288749953,174.46980774999247,True,True,213.0,220.0,True,True,True,0.011284443600503069,16.107778874997166,1.101714905962161,7.0
v300_s1_p10,300,0.1,h4,3,1.3524132205273245,1.3654998937636784,155.012600749993,160.25570862498716,True,True,270.0,205.0,True,True,True,0.01308667323635393,5.243107874994166,1.0338237527118865,-65.0
v300_s1_p10,300,0.1,h4,4,1.3639646046071652,1.3494077537409477,165.0784696660121,144.292685583001,True,True,203.0,326.0,True,True,True,-0.014556850866217497,-20.785784083011094,0.874085432672928,123.0
v300_s1_p10,300,0.1,h2+3,0,1.358525687677454,1.3570912160422848,84.12403004200314,75.2644008329953,True,True,313.0,344.0,True,True,True,-0.0014344716351692988,-8.859629209007835,0.8946837282452562,31.0
v300_s1_p10,300,0.1,h2+3,1,1.3580850466264218,1.343864687151866,78.91121020900027,84.99021075000928,True,True,304.0,308.0,True,True,True,-0.0142203594745558,6.079000541009009,1.0770359562970644,4.0
v300_s1_p10,300,0.1,h2+3,2,1.3424036907285264,1.3452181285822602,68.15760712500196,73.8363218329905,True,True,355.0,302.0,True,True,True,0.002814437853733809,5.678714707988547,1.0833174013514546,-53.0
v300_s1_p10,300,0.1,h2+3,3,1.3409843931921297,1.356309379583227,73.80694904198754,76.97304637500201,True,True,365.0,341.0,True,True,True,0.015324986391097362,3.166097333014477,1.0428970086707328,-24.0
v300_s1_p10,300,0.1,h2+3,4,1.3542725304544267,1.3518512945615673,61.24132499998086,72.4013797499938,True,True,377.0,347.0,True,True,True,-0.0024212358928594746,11.160054750012932,1.1822307853400693,-30.0
v300_s1_p10,300,0.1,h2+3+4,0,1.3606706807371187,1.3523966066444302,189.97533120799926,171.89340116600215,True,True,213.0,238.0,True,True,True,-0.008274074092688544,-18.08193004199711,0.9048195893276287,25.0
v300_s1_p10,300,0.1,h2+3+4,1,1.3584407094201834,1.3762118748025807,157.67470550000144,179.31010862499534,True,True,297.0,227.0,True,True,True,0.017771165382397314,21.6354031249939,1.1372154338667448,-70.0
v300_s1_p10,300,0.1,h2+3+4,2,1.3503939020222147,1.3595416575863777,164.26796016600565,179.15076987500652,True,True,228.0,236.0,True,True,True,0.00914775556416303,14.882809709000867,1.0906008067182464,8.0
v300_s1_p10,300,0.1,h2+3+4,3,1.3555778874595519,1.3605713456302901,165.83626745900256,165.9431453750003,True,True,279.0,226.0,True,True,True,0.004993458170738263,0.10687791599775665,1.0006444785428144,-53.0
v300_s1_p10,300,0.1,h2+3+4,4,1.357776079890185,1.353248202713495,169.65773979201913,148.98925849999068,True,True,215.0,335.0,True,True,True,-0.004527877176689898,-20.668481292028446,0.8781754294418538,120.0
v300_s1_p30,300,0.3,h2,0,1.4396864816711403,1.4586160855739825,24.746822875007638,21.376725708003505,True,True,473.0,337.0,True,True,True,0.01892960390284215,-3.3700971670041326,0.863816976262934,-136.0
v300_s1_p30,300,0.3,h2,1,1.4403069185240482,1.4421642770393954,21.49821616600093,20.654817749993526,True,True,430.0,396.0,True,True,True,0.001857358515347185,-0.8433984160074033,0.960768911732257,-34.0
v300_s1_p30,300,0.3,h2,2,1.4524400657868333,1.4595132142412217,25.06692858399765,19.407019667007262,True,True,518.0,384.0,True,True,True,0.007073148454388445,-5.659908916990389,0.7742081205511716,-134.0
v300_s1_p30,300,0.3,h2,3,1.430553621746494,1.431192109791335,23.391816250019474,21.05311204199097,True,True,455.0,407.0,True,True,True,0.0006384880448409014,-2.3387042080285028,0.9000204095726617,-48.0
v300_s1_p30,300,0.3,h2,4,1.4460321637668443,1.446555207612606,24.51491649998934,20.935805917019024,True,True,444.0,405.0,True,True,True,0.0005230438457617392,-3.5791105829703156,0.8540027422499329,-39.0
v300_s1_p30,300,0.3,h3,0,1.453231322065482,1.4552445351313432,25.516149374991073,24.875566167000216,True,True,337.0,262.0,True,True,True,0.002013213065861219,-0.6405832079908578,0.9748949891076156,-75.0
v300_s1_p30,300,0.3,h3,1,1.449460344993526,1.4443213863119349,23.979260000007343,21.575404832998174,True,True,344.0,262.0,True,True,True,-0.005138958681591088,-2.4038551670091692,0.89975273769881,-82.0
v300_s1_p30,300,0.3,h3,2,1.444581502511841,1.4464106571921704,24.440921000001254,21.84241108300921,True,True,307.0,292.0,True,True,True,0.0018291546803295144,-2.598509916992043,0.8936819968039703,-15.0
v300_s1_p30,300,0.3,h3,3,1.4552805967101285,1.434877836643432,24.842353583982913,27.64230679202592,True,True,307.0,223.0,True,True,True,-0.0204027600666965,2.799953208043007,1.1127088541984314,-84.0
v300_s1_p30,300,0.3,h3,4,1.454200134808552,1.4741845042419837,24.494878458004678,30.82320924999658,True,True,303.0,204.0,True,True,True,0.019984369433431626,6.3283307919919025,1.2583532228111085,-99.0
v300_s1_p30,300,0.3,h4,0,1.4645033660130888,1.4608447689741106,54.93486441699497,52.294422457998735,True,True,233.0,278.0,True,True,True,-0.003658597038978195,-2.6404419589962345,0.9519350418533231,45.0
v300_s1_p30,300,0.3,h4,1,1.4601826185393723,1.4610209571485808,51.545170500001404,48.55421462500817,True,True,249.0,284.0,True,True,True,0.0008383386092085665,-2.990955874993233,0.9419740812576582,35.0
v300_s1_p30,300,0.3,h4,2,1.4714087483800626,1.4829601656237972,54.61311445799947,49.60143454100762,True,True,222.0,212.0,True,True,True,0.01155141724373454,-5.011679916991852,0.9082330321804644,-10.0
v300_s1_p30,300,0.3,h4,3,1.4682404798221427,1.4641264114923314,44.57205070799682,49.993737707991386,True,True,290.0,244.0,True,True,True,-0.004114068329811316,5.421686999994563,1.1216387156048406,-46.0
v300_s1_p30,300,0.3,h4,4,1.4587334346562644,1.464115036022787,39.77923520799959,42.217463334003696,True,True,324.0,249.0,True,True,True,0.005381601366522659,2.4382281260041054,1.0612939920351656,-75.0
v300_s1_p30,300,0.3,h2+3,0,1.4414366989071512,1.4475366284585567,26.057052624993958,25.511159333007527,True,True,337.0,262.0,True,True,True,0.006099929551405481,-0.545893291986431,0.9790500752390234,-75.0
v300_s1_p30,300,0.3,h2+3,1,1.467159783236456,1.442262517582483,24.82554416700441,22.66631241700088,True,True,344.0,262.0,True,True,True,-0.02489726565397299,-2.159231750003528,0.9130237897111895,-82.0
v300_s1_p30,300,0.3,h2+3,2,1.443471999602981,1.4453845465197375,25.301024624990532,22.642434749999666,True,True,307.0,292.0,True,True,True,0.0019125469167564635,-2.6585898749908665,0.8949216518146501,-15.0
v300_s1_p30,300,0.3,h2+3,3,1.4636071510550477,1.42967395202315,26.194648665987188,28.369131584011484,True,True,307.0,223.0,True,True,True,-0.03393319903189762,2.174482918024296,1.0830124864720092,-84.0
v300_s1_p30,300,0.3,h2+3,4,1.4406193140128247,1.4720940857418467,25.683067541976925,31.87158875001478,True,True,303.0,204.0,True,True,True,0.03147477172902202,6.188521208037855,1.240957245388356,-99.0
v300_s1_p30,300,0.3,h2+3+4,0,1.4648349628814987,1.455117691951021,57.79965370800346,55.646343832995626,True,True,241.0,286.0,True,True,True,-0.009717270930477806,-2.153309875007835,0.9627452806917134,45.0
v300_s1_p30,300,0.3,h2+3+4,1,1.464076808302291,1.4645628844396827,56.05426637500932,52.001729458992486,True,True,253.0,292.0,True,True,True,0.00048607613739171107,-4.052536916016834,0.9277033278982744,39.0
v300_s1_p30,300,0.3,h2+3+4,2,1.470418406534362,1.478067133318548,57.02125895798963,53.0684391669929,True,True,223.0,219.0,True,True,True,0.007648726784186044,-3.9528197909967275,0.9306781389392162,-4.0
v300_s1_p30,300,0.3,h2+3+4,3,1.4612587692559782,1.467011396011095,48.065825333003886,54.20853233302478,True,True,297.0,252.0,True,True,True,0.005752626755116896,6.142707000020891,1.1277978055606812,-45.0
v300_s1_p30,300,0.3,h2+3+4,4,1.468608739550806,1.4717606438832855,43.69950683400384,45.25954720901791,True,True,327.0,256.0,True,True,True,0.0031519043324794715,1.5600403750140686,1.0356992672924208,-71.0
v300_s1_p50,300,0.5,h2,0,2.0752090765623272,2.1003350452086957,5.034127999999328,2.5516138749953825,True,True,441.0,310.0,True,True,True,0.025125968646368513,-2.482514125003945,0.5068631300188877,-131.0
v300_s1_p50,300,0.5,h2,1,2.3391862346301964,2.0306941177269717,4.530289625006844,2.4122932080063038,True,True,441.0,310.0,True,True,True,-0.30849211690322464,-2.1179964170005405,0.5324810128453231,-131.0
v300_s1_p50,300,0.5,h2,2,2.554552386935409,2.1548571744701515,4.685476333004772,2.3155430000042543,True,True,441.0,310.0,True,True,True,-0.39969521246525774,-2.3699333330005175,0.494195858741924,-131.0
v300_s1_p50,300,0.5,h2,3,,2.0538000758800146,4.802562917000614,2.5636489579919726,True,True,441.0,310.0,False,True,False,,-2.2389139590086415,0.5338085106427028,-131.0
v300_s1_p50,300,0.5,h2,4,2.202168787605063,2.0872457304732785,4.777915457991185,2.3765084580227267,True,True,441.0,310.0,True,True,True,-0.1149230571317843,-2.401406999968458,0.49739441371821597,-131.0
v300_s1_p50,300,0.5,h3,0,1.8464057815102377,1.8802831659486887,15.42404974999954,6.951733833004255,True,True,291.0,158.0,True,True,True,0.03387738443845101,-8.472315916995285,0.45070743064767815,-133.0
v300_s1_p50,300,0.5,h3,1,1.817902898506657,1.8646590672973553,14.0484150830016,6.681834584000171,True,True,280.0,159.0,True,True,True,0.04675616879069833,-7.366580499001429,0.47562906879688543,-121.0
v300_s1_p50,300,0.5,h3,2,1.8998845951547958,1.8995531972739115,13.251166499991086,6.691950499996892,True,True,291.0,141.0,True,True,True,-0.000331397880884321,-6.559215999994194,0.5050084081277971,-150.0
v300_s1_p50,300,0.5,h3,3,1.903895725726519,1.8855096487551108,13.06511616698117,7.1574874999932945,True,True,232.0,134.0,True,True,True,-0.01838607697140815,-5.9076286669878755,0.5478319066218533,-98.0
v300_s1_p50,300,0.5,h3,4,1.824643493663581,1.8453190104739667,12.875887541013071,7.5122077089909,True,True,192.0,158.0,True,True,True,0.02067551681038582,-5.3636798320221715,0.5834322243855076,-34.0
v300_s1_p50,300,0.5,h4,0,1.8505249261229908,1.7621222093378106,12.961129125003936,9.583074959009537,True,True,276.0,129.0,True,True,True,-0.08840271678518019,-3.3780541659943992,0.739370379431092,-147.0
v300_s1_p50,300,0.5,h4,1,1.8273394194824402,1.8055340309837289,12.33407037500001,9.69005787500646,True,True,251.0,154.0,True,True,True,-0.021805388498711276,-2.6440124999935506,0.7856334186844991,-97.0
v300_s1_p50,300,0.5,h4,2,,1.8706202303481456,12.26101462499355,8.377694291993976,True,True,288.0,155.0,False,True,False,,-3.883320332999574,0.6832790391519807,-133.0
v300_s1_p50,300,0.5,h4,3,,1.8985862594541216,12.60838220900041,10.300074792001396,True,True,266.0,116.0,False,True,False,,-2.308307416999014,0.8169227916210182,-150.0
v300_s1_p50,300,0.5,h4,4,1.9060928929940084,1.9144446233510894,12.59488808401511,10.148877333005657,True,True,306.0,122.0,True,True,True,0.008351730357081033,-2.446010751009453,0.8057933715096822,-184.0
v300_s1_p50,300,0.5,h2+3,0,1.828023149395367,1.8851494320666178,16.392270249998546,7.57145129100536,True,True,291.0,158.0,True,True,True,0.05712628267125086,-8.820818958993186,0.4618915608108664,-133.0
v300_s1_p50,300,0.5,h2+3,1,1.8391136276741942,1.8293096973902816,15.301805208000587,7.342494791999343,True,True,280.0,159.0,True,True,True,-0.009803930283912576,-7.9593104160012444,0.4798450047031249,-121.0
v300_s1_p50,300,0.5,h2+3,2,1.8938812485999486,1.9126524481037515,14.125190207996638,7.369761624999228,True,True,291.0,141.0,True,True,True,0.018771199503802904,-6.755428582997411,0.5217460095388318,-150.0
v300_s1_p50,300,0.5,h2+3,3,1.860078729175498,1.8635266894187805,13.876862250006525,7.70168941601878,True,True,232.0,135.0,True,True,True,0.003447960243282422,-6.1751728339877445,0.5550022243692128,-97.0
v300_s1_p50,300,0.5,h2+3,4,1.796938876605273,1.837407972818688,13.583748875011224,8.067786750005325,True,True,192.0,158.0,True,True,True,0.0404690962134151,-5.515962125005899,0.5939293212970752,-34.0
v300_s1_p50,300,0.5,h2+3+4,0,1.8467591656078752,,14.723898750002263,10.788620916006039,True,True,278.0,135.0,True,False,False,,-3.935277833996224,0.7327285455562088,-143.0
v300_s1_p50,300,0.5,h2+3+4,1,1.8795908780343475,1.787562996152042,14.328688042005524,10.994821792002767,True,True,253.0,159.0,True,True,True,-0.09202788188230548,-3.3338662500027567,0.7673292739552079,-94.0
v300_s1_p50,300,0.5,h2+3+4,2,,1.8776521178830576,14.348775082995417,9.351424583990593,True,True,289.0,157.0,False,True,False,,-4.997350499004824,0.6517228495046151,-132.0
v300_s1_p50,300,0.5,h2+3+4,3,,1.8525412203440936,14.497233207977843,11.685477124992758,True,True,267.0,123.0,False,True,False,,-2.8117560829850845,0.8060487789188786,-144.0
v300_s1_p50,300,0.5,h2+3+4,4,1.9356379792930376,1.8740733654628798,14.688124334003078,11.439192499994533,True,True,307.0,129.0,True,True,True,-0.061564613830157766,-3.2489318340085447,0.7788055329510486,-178.0
v300_s2_p0,300,0.0,h2,0,1.308557030452102,1.308557030452102,69.43778591700539,69.09199341700878,True,True,710.0,710.0,True,True,True,0.0,-0.34579249999660533,0.9950201105143256,0.0
v300_s2_p0,300,0.0,h2,1,1.2896179601083195,1.2896179601083195,67.17111604099046,67.24211600000854,True,True,700.0,700.0,True,True,True,0.0,0.07099995901808143,1.0010570013303748,0.0
v300_s2_p0,300,0.0,h2,2,1.2886032851078741,1.2886032851078741,66.07228575000772,64.95807116599462,True,True,740.0,740.0,True,True,True,0.0,-1.114214584013098,0.9831364304811724,0.0
v300_s2_p0,300,0.0,h2,3,1.2910800181172528,1.2910800181172528,68.39862195801106,69.00555295901722,True,True,725.0,725.0,True,True,True,0.0,0.6069310010061599,1.0088734390201421,0.0
v300_s2_p0,300,0.0,h2,4,1.2904095181724873,1.2904095181724873,68.83435604200349,68.47984758298844,True,True,729.0,729.0,True,True,True,0.0,-0.3545084590150509,0.994849832563281,0.0
v300_s2_p0,300,0.0,h3,0,1.318439117676135,1.318439117676135,180.9098560410057,179.3791523330001,True,True,282.0,282.0,True,True,True,0.0,-1.5307037080056034,0.9915388595099062,0.0
v300_s2_p0,300,0.0,h3,1,1.3100688728459944,1.3100688728459944,101.54161437500443,104.05795529100578,True,True,354.0,354.0,True,True,True,0.0,2.5163409160013543,1.0247813759067117,0.0
v300_s2_p0,300,0.0,h3,2,1.3257858248832013,1.3257858248832013,94.7536282910005,94.78619829099625,True,True,375.0,375.0,True,True,True,0.0,0.032569999995757826,1.0003437335391077,0.0
v300_s2_p0,300,0.0,h3,3,1.3166587578464195,1.3166587578464195,104.59290037499159,104.81659095801297,True,True,376.0,376.0,True,True,True,0.0,0.22369058302138,1.0021386784592394,0.0
v300_s2_p0,300,0.0,h3,4,1.3214295390595454,1.3214295390595454,101.70951570899342,101.15011262500775,True,True,361.0,361.0,True,True,True,0.0,-0.5594030839856714,0.9944999926497909,0.0
v300_s2_p0,300,0.0,h4,0,1.3290665518670626,1.3290665518670626,251.08176212500257,250.95237433399598,True,True,216.0,216.0,True,True,True,0.0,-0.12938779100659303,0.9994846786564204,0.0
v300_s2_p0,300,0.0,h4,1,1.327226006929568,1.327226006929568,298.48554420800065,289.6909870829986,True,True,246.0,246.0,True,True,True,0.0,-8.79455712500203,0.970536070186121,0.0
v300_s2_p0,300,0.0,h4,2,1.3277589911322787,1.3277589911322787,263.37621908300207,264.6916093750042,True,True,254.0,254.0,True,True,True,0.0,1.315390292002121,1.0049943396430472,0.0
v300_s2_p0,300,0.0,h4,3,1.3241216240400253,1.3241216240400253,238.04707916700863,239.89496037497884,True,True,352.0,352.0,True,True,True,0.0,1.8478812079702038,1.0077626712095626,0.0
v300_s2_p0,300,0.0,h4,4,1.3334048778851815,1.3334048778851815,260.830400167004,258.153182250011,True,True,296.0,296.0,True,True,True,0.0,-2.6772179169929586,0.989735790324752,0.0
v300_s2_p0,300,0.0,h2+3,0,1.3195949006396348,1.3195949006396348,182.3301663750026,181.20125329200528,True,True,282.0,282.0,True,True,True,0.0,-1.1289130829973146,0.9938084130265342,0.0
v300_s2_p0,300,0.0,h2+3,1,1.3100142176349654,1.3100142176349654,103.17025616600586,105.07256858299661,True,True,354.0,354.0,True,True,True,0.0,1.9023124169907533,1.018438574136424,0.0
v300_s2_p0,300,0.0,h2+3,2,1.320012783264823,1.320012783264823,96.01698408299126,98.28239112498704,True,True,375.0,375.0,True,True,True,0.0,2.265407041995786,1.0235938158611366,0.0
v300_s2_p0,300,0.0,h2+3,3,1.3148035666484257,1.3148035666484257,106.40069700000458,108.65590795801836,True,True,376.0,376.0,True,True,True,0.0,2.2552109580137767,1.0211954528645022,0.0
v300_s2_p0,300,0.0,h2+3,4,1.3156570097802927,1.3156570097802927,103.66739450002206,106.50770079198992,True,True,361.0,361.0,True,True,True,0.0,2.840306291967863,1.0273982606167193,0.0
v300_s2_p0,300,0.0,h2+3+4,0,1.3270452910765784,1.3270452910765784,255.35048883300624,257.1709547920036,True,True,216.0,216.0,True,True,True,0.0,1.8204659589973744,1.0071292832346521,0.0
v300_s2_p0,300,0.0,h2+3+4,1,1.329586574703182,1.329586574703182,297.687262958003,297.18120920799265,True,True,246.0,246.0,True,True,True,0.0,-0.5060537500103237,0.9983000490347425,0.0
v300_s2_p0,300,0.0,h2+3+4,2,1.3284429106749043,1.3284429106749043,274.15162537500146,268.83283645799384,True,True,254.0,254.0,True,True,True,0.0,-5.318788917007623,0.9805990976353606,0.0
v300_s2_p0,300,0.0,h2+3+4,3,1.3260575080185542,1.3260575080185542,247.49575591698522,247.8037846669904,True,True,352.0,352.0,True,True,True,0.0,0.30802875000517815,1.0012445819479365,0.0
v300_s2_p0,300,0.0,h2+3+4,4,1.334559044015086,1.334559044015086,268.039579416014,267.8223281670071,True,True,296.0,296.0,True,True,True,0.0,-0.21725124900694937,0.9991894807122131,0.0
v300_s2_p10,300,0.1,h2,0,1.3242167994580394,1.3213820571224486,51.398495917004766,48.952641584008234,True,True,711.0,647.0,True,True,True,-0.0028347423355907786,-2.4458543329965323,0.9524138928706016,-64.0
v300_s2_p10,300,0.1,h2,1,1.3249497546918172,1.3331692208443813,47.542367125002784,46.83121091699286,True,True,618.0,588.0,True,True,True,0.008219466152564081,-0.7111562080099247,0.9850416323162856,-30.0
v300_s2_p10,300,0.1,h2,2,1.3241174968344391,1.3360325856475186,47.463580541996635,46.51245429200935,True,True,524.0,531.0,True,True,True,0.011915088813079455,-0.9511262499872828,0.9799609250055269,7.0
v300_s2_p10,300,0.1,h2,3,1.334247641587504,1.3353388644672182,48.32360466598766,48.46553916699486,True,True,503.0,527.0,True,True,True,0.0010912228797141932,0.1419345010071993,1.0029371670840421,24.0
v300_s2_p10,300,0.1,h2,4,1.3273028993794158,1.3336347720156108,46.69357608401333,45.96849454101175,True,True,508.0,518.0,True,True,True,0.006331872636194946,-0.7250815430015791,0.9844714925732615,10.0
v300_s2_p10,300,0.1,h3,0,1.3425335729236525,1.346054508169489,74.71589133400994,76.23900920800224,True,True,315.0,347.0,True,True,True,0.0035209352458365206,1.5231178739923052,1.0203854608008804,32.0
v300_s2_p10,300,0.1,h3,1,1.3543539641637534,1.3536253460396195,70.86307487500017,70.6779085409944,True,True,328.0,343.0,True,True,True,-0.0007286181241339396,-0.1851663340057712,0.9973869842039398,15.0
v300_s2_p10,300,0.1,h3,2,1.3565806861906458,1.3588611474610788,76.41662304200872,72.58283820800716,True,True,341.0,343.0,True,True,True,0.0022804612704330207,-3.8337848340015626,0.9498304860724609,2.0
v300_s2_p10,300,0.1,h3,3,1.3458101306901487,1.3427664502593584,81.24260112500633,72.94176820901339,True,True,324.0,350.0,True,True,True,-0.0030436804307902854,-8.300832915992942,0.8978265983480684,26.0
v300_s2_p10,300,0.1,h3,4,1.3388135530079495,1.3490558475027339,76.8810454159975,74.72843408299377,True,True,339.0,334.0,True,True,True,0.01024229449478442,-2.1526113330037333,0.9720007536141566,-5.0
v300_s2_p10,300,0.1,h4,0,1.3610073713597812,1.3644156039979554,157.88402308399964,180.33270808300585,True,True,276.0,211.0,True,True,True,0.0034082326381741357,22.44868499900622,1.1421846527628876,-65.0
v300_s2_p10,300,0.1,h4,1,1.3611198893075835,1.3666872355313013,158.630466875009,175.2606540419947,True,True,242.0,210.0,True,True,True,0.005567346223717795,16.630187166985706,1.1048360223265892,-32.0
v300_s2_p10,300,0.1,h4,2,1.364383684010363,1.3537094603335624,163.8219995410036,120.96379675000207,True,True,219.0,438.0,True,True,True,-0.010674223676800487,-42.85820279100153,0.7383855470505694,219.0
v300_s2_p10,300,0.1,h4,3,1.359422005097127,1.3543657590392406,166.47974620800233,178.3000285839953,True,True,314.0,191.0,True,True,True,-0.00505624605788646,11.820282375992974,1.0710013238560836,-123.0
v300_s2_p10,300,0.1,h4,4,1.3582668398734166,1.3730407626248191,161.45711066600052,156.7819303330034,True,True,325.0,343.0,True,True,True,0.014773922751402546,-4.675180332997115,0.971043825114222,18.0
v300_s2_p10,300,0.1,h2+3,0,1.345601250415246,1.3490273605988432,77.04182779199618,78.38154883300012,True,True,315.0,347.0,True,True,True,0.0034261101835972863,1.3397210410039406,1.0173895282523804,32.0
v300_s2_p10,300,0.1,h2+3,1,1.3539003553422106,1.342767725646911,72.32565762499871,70.96596937499999,True,True,328.0,343.0,True,True,True,-0.0111326296952996,-1.359688249998726,0.9812004716632018,15.0
v300_s2_p10,300,0.1,h2+3,2,1.3515978086692981,1.3511017872560556,76.51545737500419,72.77635562499927,True,True,341.0,343.0,True,True,True,-0.0004960214132425644,-3.73910175000492,0.951132726924973,2.0
v300_s2_p10,300,0.1,h2+3,3,1.346284375013895,1.3487286901747906,79.26044316700427,75.01136895900709,True,True,324.0,350.0,True,True,True,0.002444315160895494,-4.249074207997182,0.9463909859922907,26.0
v300_s2_p10,300,0.1,h2+3,4,1.3379212443999229,1.3447508863298931,79.33303079201141,76.38767404097598,True,True,339.0,334.0,True,True,True,0.006829641929970265,-2.9453567510354333,0.9628735128151436,-5.0
v300_s2_p10,300,0.1,h2+3+4,0,1.3628651207885933,1.3639268156588171,165.4099372500059,188.7764942089998,True,True,285.0,225.0,True,True,True,0.0010616948702237838,23.366556958993897,1.1412645294924266,-60.0
v300_s2_p10,300,0.1,h2+3+4,1,1.3536592667206928,1.3655633363597381,163.28439837500628,182.01938641699962,True,True,336.0,223.0,True,True,True,0.011904069639045334,18.734988041993347,1.1147383842451728,-113.0
v300_s2_p10,300,0.1,h2+3+4,2,1.3619227825929272,1.3663773582724141,169.1208228750038,126.44764429201314,True,True,228.0,444.0,True,True,True,0.004454575679486927,-42.67317858299066,0.7476763780026653,216.0
v300_s2_p10,300,0.1,h2+3+4,3,1.358676631091736,1.3534359924723487,167.7288024169975,187.18197304199566,True,True,320.0,201.0,True,True,True,-0.005240638619387283,19.453170624998165,1.1159799053273798,-119.0
v300_s2_p10,300,0.1,h2+3+4,4,1.3546647070564162,1.374991504562181,167.86946816698764,165.67056383399176,True,True,333.0,350.0,True,True,True,0.020326797505764826,-2.1989043329958804,0.9869011062165961,17.0
v300_s2_p30,300,0.3,h2,0,1.4568654761716295,1.4622013464670085,13.927871334002702,11.26061541699164,True,True,619.0,574.0,True,True,True,0.005335870295378964,-2.6672559170110617,0.8084950777439064,-45.0
v300_s2_p30,300,0.3,h2,1,1.441316172075508,1.46287436001669,14.291080499999225,10.11664954200387,True,True,619.0,574.0,True,True,True,0.021558187941181917,-4.174430957995355,0.7078995560905572,-45.0
v300_s2_p30,300,0.3,h2,2,1.4545144415379707,1.4535796122925628,13.812542208004743,10.269475790992146,True,True,619.0,574.0,True,True,True,-0.0009348292454078866,-3.5430664170125965,0.7434891880395997,-45.0
v300_s2_p30,300,0.3,h2,3,1.4424613609013173,1.4781896550894529,14.10629374999553,10.85542074998375,True,True,619.0,574.0,True,True,True,0.03572829418813561,-3.2508730000117794,0.7695444985318833,-45.0
v300_s2_p30,300,0.3,h2,4,1.4520699562419739,1.457627500456643,14.5284571670054,10.886556750017917,True,True,619.0,574.0,True,True,True,0.005557544214669141,-3.6419004169874825,0.7493264167610063,-45.0
v300_s2_p30,300,0.3,h3,0,1.4256074923154036,1.43945158214112,24.941359666001517,21.882041584001854,True,True,342.0,318.0,True,True,True,0.013844089825716388,-3.0593180819996633,0.8773395627596866,-24.0
v300_s2_p30,300,0.3,h3,1,1.4178104652065229,1.4144154643662707,23.839479666014086,21.655803083995124,True,True,354.0,331.0,True,True,True,-0.003395000840252127,-2.183676582018961,0.908400828683688,-23.0
v300_s2_p30,300,0.3,h3,2,1.4423113445142464,1.4327080026529884,25.43320237500302,22.691862042003777,True,True,326.0,286.0,True,True,True,-0.009603341861257997,-2.7413403329992434,0.8922141108076281,-40.0
v300_s2_p30,300,0.3,h3,3,1.4315465770291367,1.4322085251547263,25.16128316699178,23.587411499989685,True,True,314.0,299.0,True,True,True,0.0006619481255896176,-1.573871667002095,0.9374486723687128,-15.0
v300_s2_p30,300,0.3,h3,4,1.4094841607355204,1.4564642298272699,25.963257833995158,21.159337624994805,True,True,321.0,333.0,True,True,True,0.046980069091749455,-4.803920209000353,0.8149723644191404,12.0
v300_s2_p30,300,0.3,h4,0,1.4378454577285338,1.4345794546866006,52.97397545800777,49.09813554098946,True,True,302.0,261.0,True,True,True,-0.003266003041933141,-3.875839917018311,0.9268350188274869,-41.0
v300_s2_p30,300,0.3,h4,1,1.4267746986380723,1.4525681708044995,43.889397875012946,39.198073874998954,True,True,311.0,254.0,True,True,True,0.025793472166427245,-4.691324000013992,0.8931103130333704,-57.0
v300_s2_p30,300,0.3,h4,2,1.428158518274407,1.4439393435589818,43.300182916995254,40.52074399999401,True,True,311.0,244.0,True,True,True,0.015780825284574806,-2.7794389170012437,0.9358099959455294,-67.0
v300_s2_p30,300,0.3,h4,3,1.4318128191636705,1.448394259199533,53.93755995799438,38.87152912502643,True,True,296.0,280.0,True,True,True,0.01658144003586237,-15.066030832967954,0.7206764480132006,-16.0
v300_s2_p30,300,0.3,h4,4,1.4287642195995922,1.4620039734974326,52.54220116700162,39.31486620797659,True,True,259.0,262.0,True,True,True,0.033239753897840396,-13.227334959025029,0.7482531248170801,3.0
v300_s2_p30,300,0.3,h2+3,0,1.4235363045380869,1.4300319378376594,26.026084291996085,23.033471292001195,True,True,342.0,319.0,True,True,True,0.006495633299572479,-2.99261299999489,0.8850148579240857,-23.0
v300_s2_p30,300,0.3,h2+3,1,1.4138445266795423,1.41127516782087,24.945769790996565,22.710534582991386,True,True,354.0,332.0,True,True,True,-0.002569358858672377,-2.2352352080051787,0.9103962224163585,-22.0
v300_s2_p30,300,0.3,h2+3,2,1.440865776889734,1.430863346952522,26.710971292006434,24.118090167001355,True,True,326.0,288.0,True,True,True,-0.010002429937211899,-2.5928811250050785,0.9029282351188395,-38.0
v300_s2_p30,300,0.3,h2+3,3,1.4248842280904608,1.4372666893057306,26.496912959002657,24.582991792005487,True,True,314.0,300.0,True,True,True,0.012382461215269869,-1.91392116699717,0.9277681452945675,-14.0
v300_s2_p30,300,0.3,h2+3,4,1.4238899209297413,1.447708472500878,27.271633166994434,22.417616332997568,True,True,321.0,334.0,True,True,True,0.02381855157113666,-4.854016833996866,0.8220122423811621,13.0
v300_s2_p30,300,0.3,h2+3+4,0,1.4406500720724493,1.444696368337799,56.606304500004626,52.47557783299999,True,True,308.0,271.0,True,True,True,0.00404629626534958,-4.130726667004637,0.9270270917084104,-37.0
v300_s2_p30,300,0.3,h2+3+4,1,1.424620398599573,1.4588157722987751,47.4289255420008,42.45387075000326,True,True,318.0,265.0,True,True,True,0.034195373699202225,-4.975054791997536,0.895105049605396,-53.0
v300_s2_p30,300,0.3,h2+3+4,2,1.4308206186384216,1.4498785073618823,45.96402075000515,43.05691725001088,True,True,318.0,250.0,True,True,True,0.019057888723460703,-2.907103499994264,0.9367526284133022,-68.0
v300_s2_p30,300,0.3,h2+3+4,3,1.4351984437583267,1.4425063835733487,58.005772125005024,42.29830399999628,True,True,302.0,288.0,True,True,True,0.00730793981502198,-15.707468125008745,0.7292085330549786,-14.0
v300_s2_p30,300,0.3,h2+3+4,4,1.4364642808723955,1.45819797493139,57.209796416020254,42.0134435420041,True,True,268.0,271.0,True,True,True,0.0217336940589945,-15.196352874016156,0.7343749877466654,3.0
v300_s2_p50,300,0.5,h2,0,,1.8058568563128734,4.906109749994357,2.2113547080080025,True,True,442.0,301.0,False,True,False,,-2.6947550419863546,0.45073486340384983,-141.0
v300_s2_p50,300,0.5,h2,1,,1.8531433863640447,4.76942991699616,2.259679708004114,True,True,442.0,301.0,False,True,False,,-2.5097502089920454,0.473784026042946,-141.0
v300_s2_p50,300,0.5,h2,2,,1.9071786540770612,4.896548541000811,2.2977226249931846,True,True,442.0,301.0,False,True,False,,-2.598825916007627,0.4692535171975545,-141.0
v300_s2_p50,300,0.5,h2,3,,1.8780266206751761,4.874679417000152,2.3607056249747984,True,True,442.0,301.0,False,True,False,,-2.5139737920253538,0.48427915418232,-141.0
v300_s2_p50,300,0.5,h2,4,,1.808570089430504,4.81469354199362,2.3420551250164863,True,True,442.0,301.0,False,True,False,,-2.4726384169771336,0.48643908580871204,-141.0
v300_s2_p50,300,0.5,h3,0,1.722099666661104,1.7343901718906132,13.503761791012948,5.701263042006758,True,True,316.0,171.0,True,True,True,0.012290505229509252,-7.80249874900619,0.4221981348783177,-145.0
v300_s2_p50,300,0.5,h3,1,1.7362933420442999,1.796409679393538,13.470163875012076,5.835805249997065,True,True,316.0,188.0,True,True,True,0.06011633734923816,-7.634358625015011,0.4332393654707362,-128.0
v300_s2_p50,300,0.5,h3,2,1.724893555679152,1.7896494617362637,14.86886625000625,6.31204199999047,True,True,337.0,168.0,True,True,True,0.06475590605711168,-8.55682425001578,0.4245140075819713,-169.0
v300_s2_p50,300,0.5,h3,3,1.8057286831294521,1.803562861628903,13.987022207991686,6.095237583009293,True,True,328.0,181.0,True,True,True,-0.0021658215005491144,-7.891784624982392,0.43577807287148596,-147.0
v300_s2_p50,300,0.5,h3,4,1.7867021198175643,1.7849348133798608,13.62605895899469,6.1677117079962045,True,True,316.0,180.0,True,True,True,-0.0017673064377035086,-7.458347250998486,0.4526409086117186,-136.0
v300_s2_p50,300,0.5,h4,0,1.752003482121871,1.7124701324389675,13.056665041993256,7.591848958007176,True,True,222.0,224.0,True,True,True,-0.03953334968290356,-5.464816083986079,0.5814539113617477,2.0
v300_s2_p50,300,0.5,h4,1,1.7666042433114466,1.6759331483476867,12.44004208399565,7.512631334000616,True,True,233.0,228.0,True,True,True,-0.09067109496375991,-4.927410749995033,0.6039072282292163,-5.0
v300_s2_p50,300,0.5,h4,2,1.733884816146854,1.7025410192036858,11.630518667006982,7.332596958993236,True,True,270.0,241.0,True,True,True,-0.031343796943168245,-4.297921708013746,0.6304617333871851,-29.0
v300_s2_p50,300,0.5,h4,3,1.7345277325015627,1.7091246252700083,12.344892458000686,7.596090834005736,True,True,219.0,230.0,True,True,True,-0.025403107231554367,-4.74880162399495,0.6153225603097687,11.0
v300_s2_p50,300,0.5,h4,4,1.7797224748005538,1.7264073926468324,12.844609083025716,7.689281500002835,True,True,238.0,209.0,True,True,True,-0.05331508215372138,-5.155327583022881,0.5986388102822296,-29.0
v300_s2_p50,300,0.5,h2+3,0,1.7810258955430724,1.7926294585677096,14.516969499993138,6.1472137499949895,True,True,316.0,172.0,True,True,True,0.011603563024637165,-8.369755749998149,0.4234502077033292,-144.0
v300_s2_p50,300,0.5,h2+3,1,1.831442258828657,1.7914523606402355,14.114561249996768,6.427237416995922,True,True,316.0,188.0,True,True,True,-0.03998989818842147,-7.687323833000846,0.45536218258271355,-128.0
v300_s2_p50,300,0.5,h2+3,2,1.679500785155976,1.7897792773153463,14.936959833998117,6.722369333991082,True,True,337.0,168.0,True,True,True,0.11027849215937024,-8.214590500007034,0.45004936805749796,-169.0
v300_s2_p50,300,0.5,h2+3,3,1.7389289158310133,1.8253064085646884,14.90483299997868,6.78401262499392,True,True,328.0,182.0,True,True,True,0.08637749273367512,-8.12082037498476,0.4551552254898545,-146.0
v300_s2_p50,300,0.5,h2+3,4,1.779057778239573,1.7854905556650875,14.929654500010656,6.635822833020939,True,True,316.0,180.0,True,True,True,0.006432777425514624,-8.293831666989718,0.4444726321708384,-136.0
v300_s2_p50,300,0.5,h2+3+4,0,1.745039339710223,1.725426049576877,15.162374957988504,8.625501916001667,True,True,223.0,178.0,True,True,True,-0.019613290133346117,-6.536873041986837,0.5688753866001186,-45.0
v300_s2_p50,300,0.5,h2+3+4,1,1.7873068641393453,1.7611279061501526,14.022881374999997,9.64844441699097,True,True,233.0,141.0,True,True,True,-0.026178957989192675,-4.374436958009028,0.6880500632482154,-92.0
v300_s2_p50,300,0.5,h2+3+4,2,1.7188595477314104,1.7916210835874993,13.165393083996605,9.884425041003851,True,True,270.0,150.0,True,True,True,0.07276153585608891,-3.280968042992754,0.7507884480121612,-120.0
v300_s2_p50,300,0.5,h2+3+4,3,1.73880146439615,1.7162774603502853,14.412886709003942,8.809952042007353,True,True,220.0,233.0,True,True,True,-0.022524004045864743,-5.602934666996589,0.6112552065301149,13.0
v300_s2_p50,300,0.5,h2+3+4,4,1.7965432524599176,1.765067804432767,14.674760790978326,8.592331249994459,True,True,238.0,172.0,True,True,True,-0.03147544802715063,-6.082429540983867,0.5855176361904862,-66.0
v300_s3_p0,300,0.0,h2,0,1.2817950003665437,1.2817950003665437,68.27175187499961,67.26921050000237,True,True,677.0,677.0,True,True,True,0.0,-1.0025413749972358,0.985315429186103,0.0
v300_s3_p0,300,0.0,h2,1,1.2955948458510558,1.2955948458510558,64.08887954099919,65.81024862499908,True,True,634.0,634.0,True,True,True,0.0,1.721369083999889,1.0268590915667153,0.0
v300_s3_p0,300,0.0,h2,2,1.2858363838560147,1.2858363838560147,65.0907201670052,65.50992395800131,True,True,663.0,663.0,True,True,True,0.0,0.4192037909961073,1.006440300397976,0.0
v300_s3_p0,300,0.0,h2,3,1.2802656193981463,1.2802656193981463,71.27690241599339,70.05312341701938,True,True,750.0,750.0,True,True,True,0.0,-1.2237789989740122,0.9828306371700657,0.0
v300_s3_p0,300,0.0,h2,4,1.2811608809246597,1.2811608809246597,66.1638144160097,65.4107606250036,True,True,682.0,682.0,True,True,True,0.0,-0.7530537910060957,0.9886183437630846,0.0
v300_s3_p0,300,0.0,h3,0,1.3051974884085884,1.3051974884085884,100.42096950000268,104.4594829580019,True,True,367.0,367.0,True,True,True,0.0,4.0385134579992155,1.040215838167138,0.0
v300_s3_p0,300,0.0,h3,1,1.3116589686166966,1.3116589686166966,110.28303554200102,110.4933402500028,True,True,339.0,339.0,True,True,True,0.0,0.2103047080017859,1.0019069542923644,0.0
v300_s3_p0,300,0.0,h3,2,1.3000262674272,1.3000262674272,81.09943612500501,83.51109783399443,True,True,404.0,404.0,True,True,True,0.0,2.4116617089894135,1.0297370958938867,0.0
v300_s3_p0,300,0.0,h3,3,1.3040774829959574,1.3040774829959574,85.86053866700968,86.8513695000147,True,True,376.0,376.0,True,True,True,0.0,0.9908308330050204,1.011540002524882,0.0
v300_s3_p0,300,0.0,h3,4,1.3103798455968176,1.3103798455968176,96.70687570801238,94.42640308299451,True,True,384.0,384.0,True,True,True,0.0,-2.2804726250178646,0.976418712647658,0.0
v300_s3_p0,300,0.0,h4,0,1.3261450721328962,1.3261450721328962,249.07183466599963,252.81091716700757,True,True,258.0,258.0,True,True,True,0.0,3.7390825010079425,1.0150120647162775,0.0
v300_s3_p0,300,0.0,h4,1,1.321144854370977,1.321144854370977,225.00707341700036,224.55664266701206,True,True,285.0,285.0,True,True,True,0.0,-0.4504307499882998,0.9979981484886321,0.0
v300_s3_p0,300,0.0,h4,2,1.319387489507425,1.319387489507425,237.00044270799845,234.23729925000225,True,True,245.0,245.0,True,True,True,0.0,-2.7631434579961933,0.9883411886221639,0.0
v300_s3_p0,300,0.0,h4,3,1.3157278526621619,1.3157278526621619,252.7713965419971,250.3743835829955,True,True,267.0,267.0,True,True,True,0.0,-2.397012959001586,0.9905170719796876,0.0
v300_s3_p0,300,0.0,h4,4,1.323090527488877,1.323090527488877,228.1724506659957,226.69167479200405,True,True,256.0,256.0,True,True,True,0.0,-1.4807758739916608,0.9935102775568675,0.0
v300_s3_p0,300,0.0,h2+3,0,1.3096312888147412,1.3096312888147412,103.58749458398961,103.78067841700977,True,True,367.0,367.0,True,True,True,0.0,0.19318383302015718,1.0018649339265902,0.0
v300_s3_p0,300,0.0,h2+3,1,1.3204393981153446,1.3204393981153446,112.89749400000437,111.86985033399833,True,True,339.0,339.0,True,True,True,0.0,-1.0276436660060426,0.9908975511360243,0.0
v300_s3_p0,300,0.0,h2+3,2,1.3065814381947292,1.3065814381947292,84.13861241599079,83.09718187499675,True,True,404.0,404.0,True,True,True,0.0,-1.0414305409940425,0.9876224421690591,0.0
v300_s3_p0,300,0.0,h2+3,3,1.3108834466965236,1.3108834466965236,86.83792558297864,88.49969249998685,True,True,376.0,376.0,True,True,True,0.0,1.661766917008208,1.0191364188613683,0.0
v300_s3_p0,300,0.0,h2+3,4,1.3094022247721817,1.3094022247721817,95.79993570799707,97.81355370901292,True,True,384.0,384.0,True,True,True,0.0,2.013618001015857,1.0210189911520762,0.0
v300_s3_p0,300,0.0,h2+3+4,0,1.322728646677985,1.322728646677985,242.6812848749978,242.03200387500692,True,True,229.0,229.0,True,True,True,0.0,-0.6492809999908786,0.9973245526521531,0.0
v300_s3_p0,300,0.0,h2+3+4,1,1.3212034689881087,1.3212034689881087,234.32926874999248,233.28955116700672,True,True,285.0,285.0,True,True,True,0.0,-1.0397175829857588,0.9955630058996384,0.0
v300_s3_p0,300,0.0,h2+3+4,2,1.3255097345978795,1.3255097345978795,238.841985209001,240.66683529199508,True,True,245.0,245.0,True,True,True,0.0,1.8248500829940895,1.0076404074492902,0.0
v300_s3_p0,300,0.0,h2+3+4,3,1.3104232522396757,1.3104232522396757,260.0426111250126,257.03571066702716,True,True,267.0,267.0,True,True,True,0.0,-3.0069004579854663,0.9884368933038442,0.0
v300_s3_p0,300,0.0,h2+3+4,4,1.31919139215749,1.31919139215749,238.39294241700554,240.33419299998786,True,True,256.0,256.0,True,True,True,0.0,1.9412505829823203,1.0081430706937062,0.0
v300_s3_p10,300,0.1,h2,0,1.3269469664173295,1.3212133491427525,18.0577096670022,17.8952003329905,True,True,793.0,788.0,True,True,True,-0.0057336172745769964,-0.16250933401170187,0.9910005567146389,-5.0
v300_s3_p10,300,0.1,h2,1,1.334025999331702,1.3324399507339375,17.98760404200584,17.635037665997515,True,True,793.0,788.0,True,True,True,-0.0015860485977645666,-0.3525663760083262,0.9803994809322581,-5.0
v300_s3_p10,300,0.1,h2,2,1.3326269994092248,1.3323337033643017,17.871853500008,17.21609966699907,True,True,793.0,788.0,True,True,True,-0.0002932960449231192,-0.6557538330089301,0.9633080120644097,-5.0
v300_s3_p10,300,0.1,h2,3,1.3135814463620277,1.326398480591288,18.34460399998352,17.72653345798608,True,True,793.0,788.0,True,True,True,0.012817034229260393,-0.6180705419974402,0.9663077741008749,-5.0
v300_s3_p10,300,0.1,h2,4,1.3340972641252933,1.3285696476813305,17.53141283299192,17.520047208992764,True,True,793.0,788.0,True,True,True,-0.005527616443962824,-0.011365623999154195,0.9993516994832404,-5.0
v300_s3_p10,300,0.1,h3,0,1.347828367841361,1.3396835443754822,58.34081929200329,66.43012458400335,True,True,390.0,334.0,True,True,True,-0.008144823465878748,8.089305292000063,1.1386560111799604,-56.0
v300_s3_p10,300,0.1,h3,1,1.33805536090283,1.3457868301952838,55.5359791660012,55.74493241700111,True,True,406.0,332.0,True,True,True,0.007731469292453719,0.2089532509999117,1.003762484323457,-74.0
v300_s3_p10,300,0.1,h3,2,1.3354423958299593,1.3339261947326309,54.99649612500798,56.73928350000642,True,True,368.0,364.0,True,True,True,-0.001516201097328418,1.7427873749984428,1.031689061991096,-4.0
v300_s3_p10,300,0.1,h3,3,1.3400868577411302,1.3313759159516136,60.35801062500104,59.79195408298983,True,True,351.0,335.0,True,True,True,-0.00871094178951659,-0.5660565420112107,0.9906216832504956,-16.0
v300_s3_p10,300,0.1,h3,4,1.3415508032159151,1.3289545234892133,59.24499708300573,59.20049679101794,True,True,359.0,345.0,True,True,True,-0.012596279726701853,-0.04450029198778793,0.9992488767967118,-14.0
v300_s3_p10,300,0.1,h4,0,1.36431419927112,1.3564780935646035,122.05468212500273,155.49023124999076,True,True,322.0,233.0,True,True,True,-0.007836105706516605,33.43554912498803,1.2739390946981033,-89.0
v300_s3_p10,300,0.1,h4,1,1.3558332435242744,1.3512971756345387,142.44221229200775,151.89483800000744,True,True,275.0,269.0,True,True,True,-0.0045360678897357065,9.452625707999687,1.0663611267748476,-6.0
v300_s3_p10,300,0.1,h4,2,1.3458611531533986,1.3382607012393821,118.23996470800193,152.13516041598632,True,True,309.0,276.0,True,True,True,-0.007600451914016482,33.895195707984385,1.2866644606304634,-33.0
v300_s3_p10,300,0.1,h4,3,1.3536918995468281,1.3534473920723689,159.0232341249939,147.32610258299974,True,True,257.0,245.0,True,True,True,-0.0002445074744592546,-11.697131541994167,0.9264438834591925,-12.0
v300_s3_p10,300,0.1,h4,4,1.3484327166078656,1.3523199462802322,152.21706804199493,152.97725104200072,True,True,299.0,220.0,True,True,True,0.0038872296723666544,0.7601830000057817,1.0049940720169177,-79.0
v300_s3_p10,300,0.1,h2+3,0,1.343707082091297,1.3416061857746548,58.366958707993035,68.83830800000578,True,True,390.0,334.0,True,True,True,-0.002100896316642231,10.471349292012746,1.1794054294382612,-56.0
v300_s3_p10,300,0.1,h2+3,1,1.3433956888208893,1.3422977993450362,57.09733329199662,57.23423741699662,True,True,406.0,332.0,True,True,True,-0.0010978894758530977,0.13690412500000093,1.0023977323826994,-74.0
v300_s3_p10,300,0.1,h2+3,2,1.3446627392175274,1.3359046814075823,57.39224591599486,58.1126514159987,True,True,368.0,364.0,True,True,True,-0.008758057809945097,0.7204055000038352,1.0125523141411523,-4.0
v300_s3_p10,300,0.1,h2+3,3,1.3353756905483805,1.3372596330953508,63.34574387499015,62.01197408299777,True,True,351.0,335.0,True,True,True,0.0018839425469703297,-1.3337697919923812,0.9789446028982702,-16.0
v300_s3_p10,300,0.1,h2+3,4,1.3496017885244174,1.3262581671699458,61.15628470800584,60.832689000002574,True,True,359.0,345.0,True,True,True,-0.023343621354471544,-0.32359570800326765,0.9947087088506391,-14.0
v300_s3_p10,300,0.1,h2+3+4,0,1.3645222593579567,1.360049034143919,125.16572345799068,162.72328116699646,True,True,332.0,244.0,True,True,True,-0.0044732252140375905,37.55755770900578,1.3000626423224502,-88.0
v300_s3_p10,300,0.1,h2+3+4,1,1.3558419907228314,1.3489856334358672,147.2420504590118,156.57888920800178,True,True,285.0,283.0,True,True,True,-0.00685635728696421,9.336838748989976,1.0634114963754129,-2.0
v300_s3_p10,300,0.1,h2+3+4,2,1.3483565715217416,1.3451824659914406,121.33141070899728,154.3124267920066,True,True,317.0,288.0,True,True,True,-0.0031741055303009524,32.98101608300931,1.2718258684233992,-29.0
v300_s3_p10,300,0.1,h2+3+4,3,1.3606056153058719,1.3482613230936702,165.74297337498865,163.50201266701333,True,True,263.0,258.0,True,True,True,-0.01234429221220168,-2.2409607079753187,0.9864793018832526,-5.0
v300_s3_p10,300,0.1,h2+3+4,4,1.3519429498714428,1.3495058289903497,155.05808362498647,148.05505145800998,True,True,312.0,297.0,True,True,True,-0.0024371208810931577,-7.003032166976482,0.9548360717270725,-15.0
v300_s3_p30,300,0.3,h2,0,1.4390644652695528,1.443081866007363,15.29983566699957,11.95439954099129,True,True,617.0,573.0,True,True,True,0.004017400737810206,-3.3454361260082806,0.7813416955043446,-44.0
v300_s3_p30,300,0.3,h2,1,1.4313246833978688,1.4413304812584036,15.13377958300407,11.728587082994636,True,True,617.0,573.0,True,True,True,0.010005797860534793,-3.4051925000094343,0.774993914683836,-44.0
v300_s3_p30,300,0.3,h2,2,1.4364729852167213,1.4449307327903858,14.929321541989339,11.763004041989916,True,True,617.0,573.0,True,True,True,0.008457747573664465,-3.1663174999994226,0.7879128337417061,-44.0
v300_s3_p30,300,0.3,h2,3,1.4289871786889088,1.4399404468906079,15.615487959003076,12.178369166009361,True,True,617.0,573.0,True,True,True,0.010953268201699062,-3.437118792993715,0.7798904009905082,-44.0
v300_s3_p30,300,0.3,h2,4,1.4358969112962316,1.4281461425418573,15.068769082979998,11.881509041995741,True,True,617.0,573.0,True,True,True,-0.007750768754374304,-3.187260040984256,0.7884857068661149,-44.0
v300_s3_p30,300,0.3,h3,0,1.4086713418763477,1.4487145992679902,23.276261874998454,23.171329000004334,True,True,357.0,278.0,True,True,True,0.040043257391642495,-0.10493287499411963,0.9954918502138511,-79.0
v300_s3_p30,300,0.3,h3,1,1.4368835793905879,1.4205251606053315,24.021363082996686,22.55608412499714,True,True,343.0,263.0,True,True,True,-0.016358418785256346,-1.4652789579995442,0.9390010070229224,-80.0
v300_s3_p30,300,0.3,h3,2,1.4378081996056782,1.4264256210046988,24.870238749994314,22.861773208001978,True,True,300.0,264.0,True,True,True,-0.011382578600979354,-2.0084655419923365,0.9192422090442217,-36.0
v300_s3_p30,300,0.3,h3,3,1.4140475522090177,1.4301531888232548,26.964595333003672,24.118064667010913,True,True,289.0,264.0,True,True,True,0.01610563661423714,-2.846530665992759,0.8944345119650763,-25.0
v300_s3_p30,300,0.3,h3,4,1.4307581325703334,1.4008404984305618,25.02460129201063,26.587186415999895,True,True,311.0,249.0,True,True,True,-0.029917634139771554,1.5625851239892654,1.0624419588450402,-62.0
v300_s3_p30,300,0.3,h4,0,1.439360648162656,1.4303807480660429,58.00788437499432,49.309199750001426,True,True,186.0,206.0,True,True,True,-0.008979900096613092,-8.698684624992893,0.8500430636504532,20.0
v300_s3_p30,300,0.3,h4,1,1.4250988270120586,1.4302264319077715,44.874634874999174,57.51074004199472,True,True,260.0,177.0,True,True,True,0.005127604895712956,12.636105166995549,1.2815868073844865,-83.0
v300_s3_p30,300,0.3,h4,2,1.439941174915291,1.444659070814601,56.22894262499176,38.40018408300239,True,True,205.0,264.0,True,True,True,0.004717895899309932,-17.828758541989373,0.6829255947262802,59.0
v300_s3_p30,300,0.3,h4,3,1.4342035296847482,1.4244594791485632,41.86357649997808,38.270380083995406,True,True,322.0,314.0,True,True,True,-0.00974405053618499,-3.593196415982675,0.9141689096729574,-8.0
v300_s3_p30,300,0.3,h4,4,1.435943699386175,1.4303920730900692,51.844459625019226,37.46366712500458,True,True,268.0,282.0,True,True,True,-0.005551626296105727,-14.38079250001465,0.7226165996515714,14.0
v300_s3_p30,300,0.3,h2+3,0,1.4341300490352853,1.4496348174013831,24.331236583006103,24.067501624987926,True,True,357.0,280.0,True,True,True,0.01550476836609782,-0.26373495801817626,0.9891606430639708,-77.0
v300_s3_p30,300,0.3,h2+3,1,1.4298300866389269,1.4270746599770918,24.935848541994346,23.628465791989584,True,True,343.0,263.0,True,True,True,-0.0027554266618350365,-1.3073827500047628,0.9475701519519977,-80.0
v300_s3_p30,300,0.3,h2+3,2,1.4320041070920542,1.420352774094577,26.020104791998165,24.21632883300481,True,True,300.0,266.0,True,True,True,-0.011651332997477226,-1.8037759589933557,0.9306776058969577,-34.0
v300_s3_p30,300,0.3,h2+3,3,1.4208077806737722,1.437362250327776,28.268980249995366,25.33851999999024,True,True,289.0,265.0,True,True,True,0.016554469654003867,-2.930460250005126,0.8963365418883263,-24.0
v300_s3_p30,300,0.3,h2+3,4,1.4149462194504605,1.4053545449681382,26.417154374998063,27.366399207996437,True,True,311.0,249.0,True,True,True,-0.009591674482322343,0.9492448329983745,1.0359328949486235,-62.0
v300_s3_p30,300,0.3,h2+3+4,0,1.4409287793068661,1.4284502235670697,62.592975416991976,52.8208480829926,True,True,198.0,217.0,True,True,True,-0.012478555739796393,-9.772127333999379,0.8438782104717367,19.0
v300_s3_p30,300,0.3,h2+3+4,1,1.4281057055895396,1.432347845550164,47.73158300000068,60.31691516700084,True,True,265.0,185.0,True,True,True,0.0042421399606242804,12.58533216700016,1.2636688619147616,-80.0
v300_s3_p30,300,0.3,h2+3+4,2,1.4359247768772088,1.4361684461566349,60.07027216699498,41.82770087500103,True,True,217.0,272.0,True,True,True,0.0002436692794260953,-18.242571291993954,0.6963128243987355,55.0
v300_s3_p30,300,0.3,h2+3+4,3,1.425331718904323,1.4356359529969651,46.65877616699436,41.923777374991914,True,True,315.0,263.0,True,True,True,0.010304234092642028,-4.734998792002443,0.8985185814763846,-52.0
v300_s3_p30,300,0.3,h2+3+4,4,1.444129839487877,1.431265151875127,54.54328979202546,43.21412462499575,True,True,276.0,325.0,True,True,True,-0.012864687612750059,-11.329165167029714,0.7922903952030026,49.0
v300_s3_p50,300,0.5,h2,0,1.998278328852303,1.8330147906550252,5.408382417008397,2.953074374992866,True,True,441.0,308.0,True,True,True,-0.1652635381972778,-2.455308042015531,0.5460180414953599,-133.0
v300_s3_p50,300,0.5,h2,1,1.8917535596855857,1.872140432585722,5.519647792010801,2.825791124996613,True,True,441.0,308.0,True,True,True,-0.019613127099863625,-2.693856667014188,0.5119513475274082,-133.0
v300_s3_p50,300,0.5,h2,2,1.9149333905855883,1.9229419606450666,5.34456762499758,2.680911957999342,True,True,441.0,308.0,True,True,True,0.008008570059478304,-2.6636556669982383,0.5016143767103248,-133.0
v300_s3_p50,300,0.5,h2,3,1.8312677486715603,1.8774173592525716,5.373151041014353,2.938650416996097,True,True,441.0,308.0,True,True,True,0.0461496105810113,-2.4345006240182556,0.5469137931475929,-133.0
v300_s3_p50,300,0.5,h2,4,1.9900019366096535,1.9389275836244866,5.540284874994541,2.71695379097946,True,True,441.0,308.0,True,True,True,-0.05107435298516694,-2.8233310840150807,0.49039965494231685,-133.0
v300_s3_p50,300,0.5,h3,0,1.758837246812542,1.7368571509279065,14.107747624992044,6.855860083000152,True,True,263.0,174.0,True,True,True,-0.021980095884635453,-7.251887541991891,0.4859641854419705,-89.0
v300_s3_p50,300,0.5,h3,1,1.7292085741309178,1.7964536553115573,12.270411290999618,8.220458666997729,True,True,268.0,185.0,True,True,True,0.06724508118063954,-4.0499526240018895,0.6699415750658219,-83.0
v300_s3_p50,300,0.5,h3,2,1.7501382827644327,1.8879151889090613,15.315741583995987,6.475743290997343,True,True,260.0,187.0,True,True,True,0.13777690614462856,-8.839998292998644,0.4228161761206587,-73.0
v300_s3_p50,300,0.5,h3,3,1.74248780672808,1.865265298982802,13.62194849998923,6.8879776670073625,True,True,301.0,170.0,True,True,True,0.12277749225472201,-6.733970832981868,0.5056528929773012,-131.0
v300_s3_p50,300,0.5,h3,4,1.7509455817458437,1.7616354837762256,12.436623499990674,6.870311417005723,True,True,268.0,171.0,True,True,True,0.010689902030381893,-5.56631208298495,0.5524257783481887,-97.0
v300_s3_p50,300,0.5,h4,0,1.716542233732,1.8042507332928919,12.848814958008006,8.50739962499938,True,True,223.0,189.0,True,True,True,0.08770849956089188,-4.3414153330086265,0.6621155065897462,-34.0
v300_s3_p50,300,0.5,h4,1,1.715662605023801,1.7949645634859424,12.442353666992858,8.020466250003665,True,True,235.0,179.0,True,True,True,0.07930195846214128,-4.421887416989193,0.6446100524598011,-56.0
v300_s3_p50,300,0.5,h4,2,1.6791033337725862,1.7384556344098046,11.89368175000709,8.482214042000123,True,True,220.0,207.0,True,True,True,0.0593523006372183,-3.411467708006967,0.7131697501486507,-13.0
v300_s3_p50,300,0.5,h4,3,1.7399324687634994,1.7865899779056769,12.756230708997464,8.17849250001018,True,True,194.0,201.0,True,True,True,0.04665750914217748,-4.5777382089872845,0.6411370793287371,7.0
v300_s3_p50,300,0.5,h4,4,1.752520089994128,1.9027604060855552,11.585510541015537,8.57358908400056,True,True,249.0,174.0,True,True,True,0.15024031609142718,-3.011921457014978,0.7400268683583654,-75.0
v300_s3_p50,300,0.5,h2+3,0,1.7450825617965824,1.7981085544507904,14.731071292000706,7.228147332993103,True,True,263.0,174.0,True,True,True,0.05302599265420804,-7.502923959007603,0.4906735694720414,-89.0
v300_s3_p50,300,0.5,h2+3,1,1.7725944660574309,1.759401616844398,13.112801750001381,8.743774750008015,True,True,268.0,185.0,True,True,True,-0.013192849213032876,-4.369026999993366,0.6668120907118186,-83.0
v300_s3_p50,300,0.5,h2+3,2,1.7451864822929628,1.8718808361742074,16.105924750008853,6.8948814580071485,True,True,260.0,187.0,True,True,True,0.12669435388124461,-9.211043292001705,0.4280959687212843,-73.0
v300_s3_p50,300,0.5,h2+3,3,1.778517266847102,1.874743053130496,14.619059541990282,7.273040917003527,True,True,301.0,170.0,True,True,True,0.09622578628339395,-7.346018624986755,0.49750402179519093,-131.0
v300_s3_p50,300,0.5,h2+3,4,1.7303591688008468,1.771007569414329,13.198406500014244,7.285310124978423,True,True,268.0,171.0,True,True,True,0.04064840061348218,-5.9130963750358205,0.55198406905944,-97.0
v300_s3_p50,300,0.5,h2+3+4,0,1.6954026335436743,1.7584768515464602,14.832298708002781,9.823872666995157,True,True,224.0,194.0,True,True,True,0.0630742180027859,-5.008426041007624,0.6623297480986327,-30.0
v300_s3_p50,300,0.5,h2+3+4,1,1.7424101888180292,1.7381702260278655,14.527098708000267,9.563983792002546,True,True,238.0,181.0,True,True,True,-0.004239962790163698,-4.963114915997721,0.6583547055225509,-57.0
v300_s3_p50,300,0.5,h2+3+4,2,1.7143408183369453,1.7716328200487874,13.678614374992321,9.806431416000123,True,True,223.0,211.0,True,True,True,0.05729200171184212,-3.872182958992198,0.716917017116043,-12.0
v300_s3_p50,300,0.5,h2+3+4,3,1.7293313052327735,1.7720462804110566,14.585841332998825,9.405669458006741,True,True,195.0,204.0,True,True,True,0.042714975178283154,-5.180171874992084,0.6448492920821421,9.0
v300_s3_p50,300,0.5,h2+3+4,4,1.7593187720511785,1.8458173345077948,13.25866604098701,10.03787125000963,True,True,251.0,178.0,True,True,True,0.08649856245661636,-3.2207947909773793,0.7570800274310541,-73.0
v300_s4_p0,300,0.0,h2,0,1.302083901141164,1.302083901141164,66.80344666699239,65.73433987499448,True,True,551.0,551.0,True,True,True,0.0,-1.0691067919979105,0.9839962330487634,0.0
v300_s4_p0,300,0.0,h2,1,1.2977345245175524,1.2977345245175524,66.12176562499371,66.13873174999026,True,True,701.0,701.0,True,True,True,0.0,0.01696612499654293,1.0002565891100483,0.0
v300_s4_p0,300,0.0,h2,2,1.3006275328160646,1.3006275328160646,65.13485554100771,65.31915054100682,True,True,600.0,600.0,True,True,True,0.0,0.1842949999991106,1.0028294374566178,0.0
v300_s4_p0,300,0.0,h2,3,1.2865083391459042,1.2865083391459042,68.25757837499259,69.28336158298771,True,True,715.0,715.0,True,True,True,0.0,1.0257832079951186,1.0150281218938018,0.0
v300_s4_p0,300,0.0,h2,4,1.2844185770870709,1.2844185770870709,66.93192699999781,66.2975255830097,True,True,636.0,636.0,True,True,True,0.0,-0.634401416988112,0.9905216920321429,0.0
v300_s4_p0,300,0.0,h3,0,1.298638063874259,1.298638063874259,106.72467125000549,108.38539204200788,True,True,332.0,332.0,True,True,True,0.0,1.6607207920023939,1.0155607955738004,0.0
v300_s4_p0,300,0.0,h3,1,1.3081121228265749,1.3081121228265749,110.68926366699452,110.73910495800374,True,True,311.0,311.0,True,True,True,0.0,0.04984129100921564,1.0004502811687244,0.0
v300_s4_p0,300,0.0,h3,2,1.3209311279883795,1.3209311279883795,105.65487312500773,103.97101033299987,True,True,336.0,336.0,True,True,True,0.0,-1.683862792007858,0.9840626111962146,0.0
v300_s4_p0,300,0.0,h3,3,1.3086939943800084,1.3086939943800084,102.1124434999947,103.79715283299447,True,True,375.0,375.0,True,True,True,0.0,1.6847093329997733,1.016498570352984,0.0
v300_s4_p0,300,0.0,h3,4,1.3059555492193404,1.3059555492193404,100.3427642910101,104.90626912500011,True,True,351.0,351.0,True,True,True,0.0,4.5635048339900095,1.04547916201267,0.0
v300_s4_p0,300,0.0,h4,0,1.3252923311355582,1.3252923311355582,287.8331040000048,299.89417879199027,True,True,195.0,195.0,True,True,True,0.0,12.061074791985448,1.0419030147136419,0.0
v300_s4_p0,300,0.0,h4,1,1.3295934855119134,1.3295934855119134,264.1571295839967,261.78703941700223,True,True,180.0,180.0,True,True,True,0.0,-2.370090166994487,0.9910277259193155,0.0
v300_s4_p0,300,0.0,h4,2,1.3235288734548578,1.3235288734548578,230.16616483399412,227.4823594999907,True,True,301.0,301.0,True,True,True,0.0,-2.6838053340034094,0.9883397052041116,0.0
v300_s4_p0,300,0.0,h4,3,1.3324548844251678,1.3324548844251678,268.10343687501154,267.0122784580162,True,True,199.0,199.0,True,True,True,0.0,-1.091158416995313,0.995930084187977,0.0
v300_s4_p0,300,0.0,h4,4,1.3338314746069537,1.3338314746069537,251.1598904999846,249.95012533297995,True,True,273.0,273.0,True,True,True,0.0,-1.2097651670046616,0.9951832867716403,0.0
v300_s4_p0,300,0.0,h2+3,0,1.3000351535924093,1.3000351535924093,109.42983708300744,110.76736254100979,True,True,332.0,332.0,True,True,True,0.0,1.3375254580023466,1.012222676133455,0.0
v300_s4_p0,300,0.0,h2+3,1,1.3067381161507103,1.3067381161507103,111.64462445800018,113.33394625000074,True,True,311.0,311.0,True,True,True,0.0,1.6893217920005554,1.0151312416536102,0.0
v300_s4_p0,300,0.0,h2+3,2,1.3206478845997787,1.3206478845997787,106.13416941699688,104.99380658399605,True,True,336.0,336.0,True,True,True,0.0,-1.140362833000836,0.9892554599591731,0.0
v300_s4_p0,300,0.0,h2+3,3,1.304432961501062,1.304432961501062,103.43824116597534,105.14378549999674,True,True,375.0,375.0,True,True,True,0.0,1.705544334021397,1.0164885279834246,0.0
v300_s4_p0,300,0.0,h2+3,4,1.307757906096956,1.307757906096956,103.08254187498824,103.13278604199877,True,True,351.0,351.0,True,True,True,0.0,0.05024416701053269,1.0004874168418496,0.0
v300_s4_p0,300,0.0,h2+3+4,0,1.3284052450085064,1.3284052450085064,293.58739420899656,298.45946524999454,True,True,195.0,195.0,True,True,True,0.0,4.87207104099798,1.016594959923687,0.0
v300_s4_p0,300,0.0,h2+3+4,1,1.3285167513950433,1.3285167513950433,267.08882933299174,270.5973856250057,True,True,180.0,180.0,True,True,True,0.0,3.5085562920139637,1.0131362899031606,0.0
v300_s4_p0,300,0.0,h2+3+4,2,1.3239262430863388,1.3239262430863388,231.99984654199216,236.00992841699917,True,True,301.0,301.0,True,True,True,0.0,4.0100818750070175,1.0172848471013156,0.0
v300_s4_p0,300,0.0,h2+3+4,3,1.3319649039485586,1.3319649039485586,274.37479779098067,274.9165263750183,True,True,199.0,199.0,True,True,True,0.0,0.541728584037628,1.001974410873007,0.0
v300_s4_p0,300,0.0,h2+3+4,4,1.3306121417906587,1.3306121417906587,261.01158916699933,257.78444145800313,True,True,273.0,273.0,True,True,True,0.0,-3.227147708996199,0.9876359983888248,0.0
v300_s4_p10,300,0.1,h2,0,1.3105195518896087,1.324208757487661,52.37207095899794,54.1555049999879,True,True,735.0,725.0,True,True,True,0.013689205598052423,1.7834340409899596,1.0340531510084108,-10.0
v300_s4_p10,300,0.1,h2,1,1.3131638903951612,1.3100289625211043,52.016069666002295,53.905612125003245,True,True,735.0,725.0,True,True,True,-0.003134927874056892,1.8895424590009497,1.0363261290430783,-10.0
v300_s4_p10,300,0.1,h2,2,1.3101653563205147,1.3211222458016691,51.964841125009116,53.98172187501041,True,True,735.0,725.0,True,True,True,0.010956889481154475,2.0168807500012917,1.0388124105902563,-10.0
v300_s4_p10,300,0.1,h2,3,1.306490368265132,1.314677878853139,53.75810270899092,55.17906529200263,True,True,735.0,725.0,True,True,True,0.00818751058800693,1.4209625830117147,1.026432528519539,-10.0
v300_s4_p10,300,0.1,h2,4,1.3187662145543293,1.3253055833361644,52.989380999992136,55.125134124973556,True,True,735.0,725.0,True,True,True,0.006539368781835142,2.13575312498142,1.0403053042831683,-10.0
v300_s4_p10,300,0.1,h3,0,1.3354043056221332,1.345875223902456,71.63272987499658,57.36562304099789,True,True,338.0,379.0,True,True,True,0.010470918280322872,-14.267106833998696,0.8008297762922668,41.0
v300_s4_p10,300,0.1,h3,1,1.336744844774537,1.3433186018733565,71.29273625000496,78.56446912500542,True,True,349.0,322.0,True,True,True,0.006573757098819577,7.271732875000453,1.101998229518087,-27.0
v300_s4_p10,300,0.1,h3,2,1.33738463815348,1.3324210869641724,71.45796829200117,58.827573750008014,True,True,357.0,379.0,True,True,True,-0.00496355118930758,-12.630394541993155,0.8232472200947396,22.0
v300_s4_p10,300,0.1,h3,3,1.3316608910409204,1.3581600133728076,73.15742862501065,79.08451712498209,True,True,362.0,313.0,True,True,True,0.026499122331887115,5.927088499971433,1.0810182726671878,-49.0
v300_s4_p10,300,0.1,h3,4,1.3350851295981119,1.347631400804929,71.36392837497988,67.61669941697619,True,True,370.0,356.0,True,True,True,0.012546271206817172,-3.7472289580036886,0.9474912740465466,-14.0
v300_s4_p10,300,0.1,h4,0,1.3331174123159522,1.3398918352174936,162.38325774999976,155.98301241699664,True,True,237.0,276.0,True,True,True,0.006774422901541399,-6.400245333003113,0.9605855589936696,39.0
v300_s4_p10,300,0.1,h4,1,1.3461970934734693,1.356641983124831,174.40652441699058,155.4053045000037,True,True,193.0,272.0,True,True,True,0.01044488965136181,-19.001219916986884,0.891052126745232,79.0
v300_s4_p10,300,0.1,h4,2,1.3372069813311511,1.359089177451615,176.29008779099968,174.3954616250121,True,True,178.0,188.0,True,True,True,0.021882196120463826,-1.8946261659875745,0.9892527924302031,10.0
v300_s4_p10,300,0.1,h4,3,1.3528767831940762,1.360738921644005,161.64393083401956,150.75989420799306,True,True,306.0,314.0,True,True,True,0.007862138449928668,-10.8840366260265,0.9326665927395534,8.0
v300_s4_p10,300,0.1,h4,4,1.347318601223669,1.346526602469277,166.26139600001625,119.80771841600654,True,True,283.0,426.0,True,True,True,-0.0007919987543920648,-46.45367758400971,0.7205985351884981,143.0
v300_s4_p10,300,0.1,h2+3,0,1.3428658028762717,1.3509328162543577,74.29161254099745,59.65359420799359,True,True,338.0,379.0,True,True,True,0.008067013378086019,-14.638018333003856,0.8029653976762728,41.0
v300_s4_p10,300,0.1,h2+3,1,1.3409711093126688,1.3405477601484899,71.18667358299717,78.63222262499039,True,True,349.0,322.0,True,True,True,-0.0004233491641789655,7.4455490419932175,1.104591894342589,-27.0
v300_s4_p10,300,0.1,h2+3,2,1.3368452823958976,1.3437664679550176,72.33749404099945,60.257871041001636,True,True,357.0,379.0,True,True,True,0.006921185559120024,-12.07962299999781,0.8330102091572136,22.0
v300_s4_p10,300,0.1,h2+3,3,1.33266572666114,1.3548288098618384,74.50151645799633,80.79661341698375,True,True,362.0,313.0,True,True,True,0.022163083200698486,6.295096958987415,1.084496225825639,-49.0
v300_s4_p10,300,0.1,h2+3,4,1.3404358359028359,1.3434112245981056,72.52356845801114,66.36872850000509,True,True,370.0,356.0,True,True,True,0.0029753886952696984,-6.15483995800605,0.9151332444215082,-14.0
v300_s4_p10,300,0.1,h2+3+4,0,1.3392292451752925,1.3381238680490122,168.46975237499282,159.67089887498878,True,True,253.0,289.0,True,True,True,-0.001105377126280338,-8.798853500004043,0.9477719093429966,36.0
v300_s4_p10,300,0.1,h2+3+4,1,1.3572088779233682,1.364403356490673,181.01001620899478,161.56384933300433,True,True,208.0,282.0,True,True,True,0.007194478567304818,-19.446166875990457,0.8925685590042827,74.0
v300_s4_p10,300,0.1,h2+3+4,2,1.3432564482459985,1.34863758751425,179.38725374999922,177.89153049999732,True,True,194.0,205.0,True,True,True,0.005381139268251456,-1.4957232500019018,0.9916620427665034,11.0
v300_s4_p10,300,0.1,h2+3+4,3,1.355200877314986,1.3614600638116454,166.9358883750101,155.64683345798403,True,True,318.0,323.0,True,True,True,0.0062591864966594635,-11.289054917026078,0.9323749073556551,5.0
v300_s4_p10,300,0.1,h2+3+4,4,1.3476404119844603,1.3478840954965114,168.8414104580006,122.8199954169977,True,True,296.0,439.0,True,True,True,0.00024368351205117378,-46.02141504100291,0.7274281533412637,143.0
v300_s4_p30,300,0.3,h2,0,1.4746923031443961,1.4798711425448572,14.211124958994333,11.188222666009096,True,True,617.0,575.0,True,True,True,0.005178839400461044,-3.0229022929852363,0.7872862069887002,-42.0
v300_s4_p30,300,0.3,h2,1,1.4655643019804465,1.4664616456407444,14.223534125005244,10.628473500008113,True,True,617.0,575.0,True,True,True,0.0008973436602979223,-3.5950606249971315,0.747245614669216,-42.0
v300_s4_p30,300,0.3,h2,2,1.4707906788799059,1.4680621950975419,13.522132666999823,10.902487708008266,True,True,617.0,575.0,True,True,True,-0.0027284837823640107,-2.6196449589915574,0.806269837495036,-42.0
v300_s4_p30,300,0.3,h2,3,1.4762029714523466,1.4704379602805697,14.144986625004094,10.92567658299231,True,True,617.0,575.0,True,True,True,-0.005765011171776857,-3.2193100420117844,0.7724062858906484,-42.0
v300_s4_p30,300,0.3,h2,4,1.4825007000460289,1.4833740839704128,14.194325582997408,11.056459125014953,True,True,617.0,575.0,True,True,True,0.0008733839243839636,-3.1378664579824544,0.7789351498502239,-42.0
v300_s4_p30,300,0.3,h3,0,1.4542735651871876,1.434531102258712,24.427202791004675,26.32310804199369,True,True,297.0,261.0,True,True,True,-0.0197424629284757,1.895905250989017,1.077614504911188,-36.0
v300_s4_p30,300,0.3,h3,1,1.4557779007191416,1.4662904785970905,24.78300854100962,27.18505416699918,True,True,335.0,231.0,True,True,True,0.010512577877948903,2.402045625989558,1.096923084298453,-104.0
v300_s4_p30,300,0.3,h3,2,1.4538956313874272,1.447371644566608,23.22923958300089,26.557841624991852,True,True,336.0,241.0,True,True,True,-0.0065239868208191165,3.328602041990962,1.1432936291391487,-95.0
v300_s4_p30,300,0.3,h3,3,1.4476296441695424,1.4338569544382005,26.953617749997647,26.86461354099447,True,True,303.0,242.0,True,True,True,-0.013772689731341936,-0.0890042090031784,0.9966978752229583,-61.0
v300_s4_p30,300,0.3,h3,4,1.4383254338561142,1.4431784634599931,24.88997954101069,26.679655957996147,True,True,314.0,250.0,True,True,True,0.0048530296038789,1.7896764169854578,1.07190349088221,-64.0
v300_s4_p30,300,0.3,h4,0,1.4552689918619486,1.4824885537320625,52.271199374998105,50.307817666995106,True,True,215.0,201.0,True,True,True,0.027219561870113873,-1.9633817080029985,0.9624385563851802,-14.0
v300_s4_p30,300,0.3,h4,1,1.4488188344694861,1.4570345328210372,42.00700883299578,48.21235583300586,True,True,266.0,236.0,True,True,True,0.008215698351551115,6.205347000010079,1.1477217057915319,-30.0
v300_s4_p30,300,0.3,h4,2,1.4599258740451742,1.4536013345935552,39.69700854200346,47.43034049999551,True,True,363.0,238.0,True,True,True,-0.006324539451618927,7.73333195799205,1.1948089350311977,-125.0
v300_s4_p30,300,0.3,h4,3,1.4375141218403544,1.4538874749829607,41.20841591601493,54.24496804201044,True,True,327.0,230.0,True,True,True,0.01637335314260624,13.036552125995513,1.3163565460163462,-97.0
v300_s4_p30,300,0.3,h4,4,1.4573997943556445,1.469129273890741,51.30701591601246,48.45301445899531,True,True,246.0,210.0,True,True,True,0.01172947953509662,-2.854001457017148,0.9443740508766085,-36.0
v300_s4_p30,300,0.3,h2+3,0,1.4436958373594317,1.4390390495944119,25.686988750007004,27.910556999995606,True,True,297.0,262.0,True,True,True,-0.004656787765019876,2.2235682499886025,1.086563990494526,-35.0
v300_s4_p30,300,0.3,h2+3,1,1.4602745456572146,1.4605876883085986,25.43081845800043,28.207476249997853,True,True,335.0,232.0,True,True,True,0.0003131426513840463,2.7766577919974225,1.1091847592944417,-103.0
v300_s4_p30,300,0.3,h2+3,2,1.4521361270493367,1.433307534376635,24.438110040995525,27.185165500006406,True,True,336.0,242.0,True,True,True,-0.01882859267270165,2.7470554590108804,1.1124086704905833,-94.0
v300_s4_p30,300,0.3,h2+3,3,1.4551417658116927,1.4376329854182441,28.751563792000525,27.944397708022734,True,True,303.0,243.0,True,True,True,-0.01750878039344861,-0.8071660839777905,0.9719261849610292,-60.0
v300_s4_p30,300,0.3,h2+3,4,1.4575898538316883,1.441835126721164,25.816502375004347,27.15341262498987,True,True,314.0,252.0,True,True,True,-0.01575472711052428,1.3369102499855217,1.0517851035963697,-62.0
v300_s4_p30,300,0.3,h2+3+4,0,1.4607854777451006,1.47166884711637,56.79119945799175,53.68175841700577,True,True,219.0,216.0,True,True,True,0.010883369371269325,-3.1094410409859847,0.9452478364489197,-3.0
v300_s4_p30,300,0.3,h2+3+4,1,1.4433864317737026,1.447911037881076,45.29767641700164,51.74314845800109,True,True,270.0,249.0,True,True,True,0.0045246061073733745,6.445472040999448,1.1422914496024847,-21.0
v300_s4_p30,300,0.3,h2+3+4,2,1.4564018551741493,1.466441532856895,46.25716020799882,50.225535332996515,True,True,258.0,247.0,True,True,True,0.010039677682745607,3.968375124997692,1.0857894238892658,-11.0
v300_s4_p30,300,0.3,h2+3+4,3,1.4435044541885462,1.4481845722557924,44.68713424997986,58.823748958995566,True,True,329.0,244.0,True,True,True,0.0046801180672462195,14.136614709015703,1.3163464148301718,-85.0
v300_s4_p30,300,0.3,h2+3+4,4,1.4541835795349243,1.4546633743282553,55.973594665993005,52.333075708011165,True,True,251.0,247.0,True,True,True,0.00047979479333104535,-3.6405189579818398,0.9349600650144835,-4.0
v300_s4_p50,300,0.5,h2,0,1.953722110205534,2.004264923336284,5.617613499998697,2.5606582920008805,True,True,441.0,310.0,True,True,True,0.05054281313074993,-3.0569552079978166,0.45582671217973153,-131.0
v300_s4_p50,300,0.5,h2,1,1.9664084846776404,1.9230820623721916,5.812961083007394,2.483624458007398,True,True,441.0,310.0,True,True,True,-0.04332642230544881,-3.3293366249999963,0.42725633675195185,-131.0
v300_s4_p50,300,0.5,h2,2,2.044889872146991,1.921468906050506,5.591345000008005,2.624933750004857,True,True,441.0,310.0,True,True,True,-0.12342096609648512,-2.966411250003148,0.4694637426238408,-131.0
v300_s4_p50,300,0.5,h2,3,1.9133730597110814,1.9129257527602692,5.885745333012892,2.688493333000224,True,True,441.0,310.0,True,True,True,-0.0004473069508121874,-3.197252000012668,0.4567804383109444,-131.0
v300_s4_p50,300,0.5,h2,4,1.9927569143831794,1.9838712142873987,5.770660959009547,2.701185165991774,True,True,441.0,310.0,True,True,True,-0.008885700095780713,-3.069475793017773,0.46808938961740604,-131.0
v300_s4_p50,300,0.5,h3,0,1.7154814490637942,1.8339026005061634,13.602308708999772,7.130071334002423,True,True,214.0,192.0,True,True,True,0.1184211514423692,-6.4722373749973485,0.5241809671092756,-22.0
v300_s4_p50,300,0.5,h3,1,1.72009366033635,1.8211212362115596,12.009171457990305,7.27484591701068,True,True,245.0,191.0,True,True,True,0.10102757587520972,-4.734325540979626,0.6057741737187339,-54.0
v300_s4_p50,300,0.5,h3,2,1.7170568936746442,1.7935884555460357,12.58743129199138,7.193997832990135,True,True,253.0,200.0,True,True,True,0.07653156187139154,-5.393433459001244,0.571522311908645,-53.0
v300_s4_p50,300,0.5,h3,3,1.7373432056749103,1.8235250345931429,14.891678415995557,7.514230708999094,True,True,268.0,169.0,True,True,True,0.08618182891823256,-7.377447706996463,0.5045925985702091,-99.0
v300_s4_p50,300,0.5,h3,4,1.7155107704923618,1.8136667618246733,12.025726709020091,7.501086042000679,True,True,224.0,170.0,True,True,True,0.09815599133231157,-4.524640667019412,0.6237532436500797,-54.0
v300_s4_p50,300,0.5,h4,0,1.7233295291922015,1.8040137376474032,16.276626582999597,9.302855834001093,True,True,168.0,175.0,True,True,True,0.08068420845520174,-6.973770748998504,0.5715469226109556,7.0
v300_s4_p50,300,0.5,h4,1,1.762663629077661,1.7703033112280806,14.02997950000281,8.56714450000436,True,True,151.0,179.0,True,True,True,0.007639682150419658,-5.462834999998449,0.6106312913716406,28.0
v300_s4_p50,300,0.5,h4,2,1.7210126375146364,1.7682361202326433,15.999723374989117,8.150261708011385,True,True,170.0,184.0,True,True,True,0.047223482718006915,-7.8494616669777315,0.5094001638023276,14.0
v300_s4_p50,300,0.5,h4,3,1.799204024428661,1.83529124759479,15.179200417012908,8.153126207995228,True,True,152.0,228.0,True,True,True,0.03608722316612911,-7.026074209017679,0.5371248803630772,76.0
v300_s4_p50,300,0.5,h4,4,1.8238917710283649,1.7467606904454804,14.362306249997346,8.094314290996408,True,True,190.0,204.0,True,True,True,-0.07713108058288443,-6.267991959000938,0.5635803992828731,14.0
v300_s4_p50,300,0.5,h2+3,0,1.7380910119274846,1.8478400555899277,14.297541749998345,7.679564874997595,True,True,214.0,192.0,True,True,True,0.10974904366244309,-6.61797687500075,0.5371248435066458,-22.0
v300_s4_p50,300,0.5,h2+3,1,1.7053151645315907,1.844700279854906,12.805144625002868,7.837437124995631,True,True,245.0,191.0,True,True,True,0.1393851153233152,-4.967707500007236,0.6120537763933201,-54.0
v300_s4_p50,300,0.5,h2+3,2,1.7006116031747405,1.8101194640383538,13.502619708000566,7.755716291998397,True,True,253.0,200.0,True,True,True,0.1095078608636133,-5.746903416002169,0.5743860420954449,-53.0
v300_s4_p50,300,0.5,h2+3,3,1.7630920563691912,1.8657503120913,15.917204083991237,8.036741375020938,True,True,268.0,169.0,True,True,True,0.10265825572210874,-7.880462708970299,0.5049091117141551,-99.0
v300_s4_p50,300,0.5,h2+3,4,1.6993210312389202,1.8466564726144261,12.895393625018187,8.020455292018596,True,True,224.0,171.0,True,True,True,0.14733544137550592,-4.874938332999591,0.6219628128650695,-53.0
v300_s4_p50,300,0.5,h2+3+4,0,1.8111338800281822,1.8277013136227789,16.382103084004484,10.51801491700462,True,True,154.0,176.0,True,True,True,0.01656743359459667,-5.8640881669998635,0.6420430187180564,22.0
v300_s4_p50,300,0.5,h2+3+4,1,1.828615923276712,1.7484816203915248,15.85021458400297,9.962198166002054,True,True,153.0,183.0,True,True,True,-0.0801343028851873,-5.888016418000916,0.6285213435568582,30.0
v300_s4_p50,300,0.5,h2+3+4,2,1.7895989116285498,1.8307850396562213,17.88177049999649,9.358884165994823,True,True,145.0,188.0,True,True,True,0.04118612802767152,-8.522886334001669,0.523375700744882,43.0
v300_s4_p50,300,0.5,h2+3+4,3,1.8177077291443584,1.7911213424728547,17.22103087499272,9.522003833000781,True,True,153.0,231.0,True,True,True,-0.026586386671503703,-7.69902704199194,0.5529287939915389,78.0
v300_s4_p50,300,0.5,h2+3+4,4,1.8335199473216224,1.7560514295944365,16.255819500016514,9.500184000004083,True,True,190.0,208.0,True,True,True,-0.07746851772718588,-6.755635500012431,0.584417414329338,18.0
v300_s5_p0,300,0.0,h2,0,1.2861809577449115,1.2861809577449115,74.2601993749995,76.11715833299968,True,True,842.0,842.0,True,True,True,0.0,1.8569589580001775,1.0250061132831452,0.0
v300_s5_p0,300,0.0,h2,1,1.2860060908676914,1.2860060908676914,73.65928383400023,73.89747020800132,True,True,842.0,842.0,True,True,True,0.0,0.23818637400108855,1.0032336232665235,0.0
v300_s5_p0,300,0.0,h2,2,1.2928480584814526,1.2928480584814526,72.84388583299005,72.96574979199795,True,True,842.0,842.0,True,True,True,0.0,0.12186395900789648,1.0016729469826375,0.0
v300_s5_p0,300,0.0,h2,3,1.2824248182756044,1.2824248182756044,75.62526804200024,75.45417508398532,True,True,842.0,842.0,True,True,True,0.0,-0.17109295801492408,0.9977376217969911,0.0
v300_s5_p0,300,0.0,h2,4,1.2813007689692668,1.2813007689692668,75.04403954101144,74.14031279098708,True,True,842.0,842.0,True,True,True,0.0,-0.9037267500243615,0.9879573813516465,0.0
v300_s5_p0,300,0.0,h3,0,1.307161820249151,1.307161820249151,104.08402616599051,105.19642054100404,True,True,360.0,360.0,True,True,True,0.0,1.1123943750135368,1.010687464887643,0.0
v300_s5_p0,300,0.0,h3,1,1.3044570292207798,1.3044570292207798,85.01141220900172,86.09475145798933,True,True,417.0,417.0,True,True,True,0.0,1.0833392489876132,1.0127434566823124,0.0
v300_s5_p0,300,0.0,h3,2,1.3043308664884545,1.3043308664884545,103.42136562499218,103.05337837499974,True,True,385.0,385.0,True,True,True,0.0,-0.3679872499924386,0.9964418643307538,0.0
v300_s5_p0,300,0.0,h3,3,1.3081634817859513,1.3081634817859513,104.00704391699401,106.10789712500991,True,True,375.0,375.0,True,True,True,0.0,2.1008532080159057,1.0201991435281301,0.0
v300_s5_p0,300,0.0,h3,4,1.3055898306445402,1.3055898306445402,100.04711874999339,100.42526062499383,True,True,360.0,360.0,True,True,True,0.0,0.3781418750004377,1.0037796378319037,0.0
v300_s5_p0,300,0.0,h4,0,1.3160118852404974,1.3160118852404974,239.96185020900157,236.2481799160014,True,True,280.0,280.0,True,True,True,0.0,-3.7136702930001775,0.9845239137397647,0.0
v300_s5_p0,300,0.0,h4,1,1.3186164182647622,1.3186164182647622,267.3400235000008,270.3414028749976,True,True,191.0,191.0,True,True,True,0.0,3.001379374996759,1.0112268239364344,0.0
v300_s5_p0,300,0.0,h4,2,1.328080563589252,1.328080563589252,242.58447358300327,244.00247283399221,True,True,235.0,235.0,True,True,True,0.0,1.4179992509889416,1.0058453833835486,0.0
v300_s5_p0,300,0.0,h4,3,1.3180775463537953,1.3180775463537953,262.15460729098413,256.9926666250103,True,True,325.0,325.0,True,True,True,0.0,-5.161940665973816,0.9803095558025261,0.0
v300_s5_p0,300,0.0,h4,4,1.3160092279510351,1.3160092279510351,249.2014542919933,248.26488583401078,True,True,202.0,202.0,True,True,True,0.0,-0.9365684579825029,0.9962417215395336,0.0
v300_s5_p0,300,0.0,h2+3,0,1.3008729788106395,1.3008729788106395,106.70593250000093,107.52002762499615,True,True,360.0,360.0,True,True,True,0.0,0.8140951249952195,1.0076293333081103,0.0
v300_s5_p0,300,0.0,h2+3,1,1.306429554806155,1.306429554806155,85.20465454200166,84.99022224999499,True,True,417.0,417.0,True,True,True,0.0,-0.21443229200667702,0.9974833265487747,0.0
v300_s5_p0,300,0.0,h2+3,2,1.3082890627267305,1.3082890627267305,102.9566402920027,103.43307887499395,True,True,385.0,385.0,True,True,True,0.0,0.47643858299124986,1.004627565367712,0.0
v300_s5_p0,300,0.0,h2+3,3,1.3143747140690951,1.3143747140690951,106.47001200000523,107.53497279100702,True,True,375.0,375.0,True,True,True,0.0,1.0649607910017949,1.0100024483044272,0.0
v300_s5_p0,300,0.0,h2+3,4,1.305100697394508,1.305100697394508,101.85702787499758,102.20886308301124,True,True,360.0,360.0,True,True,True,0.0,0.35183520801365376,1.0034542065025247,0.0
v300_s5_p0,300,0.0,h2+3+4,0,1.3192991244474543,1.3192991244474543,245.99500995899143,245.49670579200028,True,True,280.0,280.0,True,True,True,0.0,-0.4983041669911472,0.9979743322148111,0.0
v300_s5_p0,300,0.0,h2+3+4,1,1.3170491815562273,1.3170491815562273,284.0502517079876,280.37399904099584,True,True,191.0,191.0,True,True,True,0.0,-3.676252666991786,0.9870577383935182,0.0
v300_s5_p0,300,0.0,h2+3+4,2,1.3276073773551982,1.3276073773551982,254.081210208009,251.95054775000608,True,True,235.0,235.0,True,True,True,0.0,-2.1306624580029165,0.9916142462630014,0.0
v300_s5_p0,300,0.0,h2+3+4,3,1.3135215747025133,1.3135215747025133,267.32996854101657,267.57680637500016,True,True,325.0,325.0,True,True,True,0.0,0.24683783398359083,1.000923345165268,0.0
v300_s5_p0,300,0.0,h2+3+4,4,1.319634058310842,1.319634058310842,261.42517262499314,256.5832142920117,True,True,202.0,202.0,True,True,True,0.0,-4.841958332981449,0.9814786071120737,0.0
v300_s5_p10,300,0.1,h2,0,1.3339939030060595,1.3390626139928454,18.351736874989,17.786585124995327,True,True,797.0,793.0,True,True,True,0.0050687109867859625,-0.5651517499936745,0.9692044543879712,-4.0
v300_s5_p10,300,0.1,h2,1,1.3414220747352665,1.331211691070843,17.888819582993165,17.455043875001138,True,True,797.0,793.0,True,True,True,-0.010210383664423617,-0.4337757079920266,0.9757515745530568,-4.0
v300_s5_p10,300,0.1,h2,2,1.335638283183033,1.3270736277839248,18.029124084001523,17.565621583009488,True,True,797.0,793.0,True,True,True,-0.008564655399108112,-0.4635025009920355,0.9742914575975805,-4.0
v300_s5_p10,300,0.1,h2,3,1.335622447785932,1.3306140689790422,18.366955292003695,18.11127358401427,True,True,797.0,793.0,True,True,True,-0.005008378806889757,-0.25568170798942447,0.986079254621982,-4.0
v300_s5_p10,300,0.1,h2,4,1.3363950280485135,1.3356452297234673,17.958719958987786,17.706827999994857,True,True,797.0,793.0,True,True,True,-0.0007497983250461804,-0.25189195899292827,0.9859738355757998,-4.0
v300_s5_p10,300,0.1,h3,0,1.3357972153878837,1.3325584038773792,70.30308045900892,70.66734412500227,True,True,349.0,368.0,True,True,True,-0.0032388115105044246,0.3642636659933487,1.0051813329318584,19.0
v300_s5_p10,300,0.1,h3,1,1.33520197902509,1.349047184420475,66.06789175000449,113.229820499997,True,True,356.0,237.0,True,True,True,0.01384520539538503,47.16192874999251,1.7138403769330102,-119.0
v300_s5_p10,300,0.1,h3,2,1.344296278569221,1.3362536681696315,70.82042345798982,78.63947824999923,True,True,325.0,317.0,True,True,True,-0.008042610399589423,7.8190547920094104,1.1104067783024147,-8.0
v300_s5_p10,300,0.1,h3,3,1.3393035823641468,1.332863461262664,73.01286600000458,61.677047334000235,True,True,356.0,375.0,True,True,True,-0.006440121101482843,-11.335818666004343,0.8447421764541658,19.0
v300_s5_p10,300,0.1,h3,4,1.3426716556386302,1.3431708704087362,73.68740245900699,68.04807804099983,True,True,330.0,354.0,True,True,True,0.0004992147701059491,-5.639324418007163,0.9234696266957656,24.0
v300_s5_p10,300,0.1,h4,0,1.3486139989078472,1.3557242846335449,124.3412098330009,168.37413149999338,True,True,289.0,264.0,True,True,True,0.007110285725697718,44.03292166699248,1.3541297509179122,-25.0
v300_s5_p10,300,0.1,h4,1,1.3423060533231552,1.350160331523569,122.31639562500641,165.47731154199573,True,True,364.0,218.0,True,True,True,0.007854278200413845,43.160915916989325,1.3528628823343571,-146.0
v300_s5_p10,300,0.1,h4,2,1.342778727589286,1.354607246710416,151.62679366700468,178.23805070799426,True,True,287.0,209.0,True,True,True,0.011828519121130032,26.611257040989585,1.1755049776982816,-78.0
v300_s5_p10,300,0.1,h4,3,1.3479628594180466,1.352443337134335,160.11445012499462,198.13499349998892,True,True,241.0,199.0,True,True,True,0.004480477716288345,38.020543374994304,1.2374585388471389,-42.0
v300_s5_p10,300,0.1,h4,4,1.3490941621546972,1.3385057917427887,146.6095607499883,180.95956374998786,True,True,240.0,194.0,True,True,True,-0.010588370411908521,34.35000299999956,1.2342957909721608,-46.0
v300_s5_p10,300,0.1,h2+3,0,1.3342958452109184,1.3378193572185948,75.30464499999653,71.56115325000428,True,True,349.0,368.0,True,True,True,0.0035235120076764215,-3.743491749992245,0.9502887006506382,19.0
v300_s5_p10,300,0.1,h2+3,1,1.3332973916330555,1.3498192757937162,67.58319012500579,113.6916401250055,True,True,356.0,238.0,True,True,True,0.016521884160660694,46.10844999999972,1.6822473149715906,-118.0
v300_s5_p10,300,0.1,h2+3,2,1.339968636157128,1.338163519126285,72.38703849999001,80.33576129199355,True,True,325.0,317.0,True,True,True,-0.001805117030842851,7.948722792003537,1.1098086474694586,-8.0
v300_s5_p10,300,0.1,h2+3,3,1.3394316995399411,1.3283828468999657,74.60404254100285,63.364730166009394,True,True,356.0,375.0,True,True,True,-0.01104885263997546,-11.23931237499346,0.8493471400183674,19.0
v300_s5_p10,300,0.1,h2+3,4,1.343590162005274,1.3445208088698744,75.32682091600145,67.7771799589973,True,True,330.0,354.0,True,True,True,0.0009306468646004262,-7.549640957004158,0.899774862854986,24.0
v300_s5_p10,300,0.1,h2+3+4,0,1.350302927748108,1.3598484091774021,129.01301650000096,168.10387054100283,True,True,304.0,278.0,True,True,True,0.009545481429294123,39.090854041001876,1.302999302717657,-26.0
v300_s5_p10,300,0.1,h2+3+4,1,1.3425981357607208,1.3503988537470422,125.84863004100043,167.27483912499156,True,True,373.0,232.0,True,True,True,0.007800717986321315,41.426209083991125,1.329174891061546,-141.0
v300_s5_p10,300,0.1,h2+3+4,2,1.3407373803263654,1.3533789128307514,155.92770212500182,191.2377384579886,True,True,301.0,225.0,True,True,True,0.012641532504386044,35.31003633298678,1.226451335149414,-76.0
v300_s5_p10,300,0.1,h2+3+4,3,1.346903505109537,1.3524222477938523,166.86109620900243,202.99405166698853,True,True,255.0,209.0,True,True,True,0.005518742684315292,36.1329554579861,1.2165451161409586,-46.0
v300_s5_p10,300,0.1,h2+3+4,4,1.3581289524604134,1.3530097652250206,153.32038325001486,188.32211558398558,True,True,254.0,204.0,True,True,True,-0.005119187235392841,35.00173233397072,1.2282914482211702,-50.0
v300_s5_p30,300,0.3,h2,0,1.4275876468481477,1.4608916720686274,15.260994416996255,12.651998583998648,True,True,620.0,588.0,True,True,True,0.033304025220479705,-2.608995832997607,0.8290415577315228,-32.0
v300_s5_p30,300,0.3,h2,1,1.4380023662950672,1.4690617618283242,14.85230600000068,12.459454791998724,True,True,620.0,588.0,True,True,True,0.031059395533256984,-2.3928512080019573,0.8388902566374644,-32.0
v300_s5_p30,300,0.3,h2,2,1.4433264600566311,1.4618991007859392,14.81370225000137,12.619442167007946,True,True,620.0,588.0,True,True,True,0.018572640729308088,-2.1942600829934236,0.8518763205873656,-32.0
v300_s5_p30,300,0.3,h2,3,1.4413304915165448,1.4424550214657892,15.222609749995172,12.916844749997836,True,True,620.0,588.0,True,True,True,0.0011245299492443905,-2.3057649999973364,0.8485302429829374,-32.0
v300_s5_p30,300,0.3,h2,4,1.4479941268571033,1.4461491557882917,15.251946417003637,12.775253750005504,True,True,620.0,588.0,True,True,True,-0.0018449710688115406,-2.476692666998133,0.8376146493514434,-32.0
v300_s5_p30,300,0.3,h3,0,1.4373791844441997,1.4394855294730253,25.466997083000024,22.3220876250125,True,True,304.0,312.0,True,True,True,0.0021063450288256735,-3.1449094579875236,0.876510393128099,8.0
v300_s5_p30,300,0.3,h3,1,1.4331886145853312,1.43295525393525,25.01503316599701,21.62323458401079,True,True,350.0,312.0,True,True,True,-0.00023336065008128237,-3.3917985819862224,0.8644095908456879,-38.0
v300_s5_p30,300,0.3,h3,2,1.4286963230149028,1.453521866250046,25.600255165991257,23.78886025000247,True,True,294.0,286.0,True,True,True,0.024825543235143188,-1.8113949159887852,0.9292430913581229,-8.0
v300_s5_p30,300,0.3,h3,3,1.436231114266868,1.4195472826985402,26.279801167023834,24.218999791017268,True,True,300.0,274.0,True,True,True,-0.016683831568327756,-2.060801376006566,0.9215823071525944,-26.0
v300_s5_p30,300,0.3,h3,4,1.4186998735853944,1.4491194114964354,25.19284333399264,22.874752625008114,True,True,315.0,327.0,True,True,True,0.030419537911041017,-2.3180907089845277,0.907986142006578,12.0
v300_s5_p30,300,0.3,h4,0,1.4313688069392132,1.4584551309636562,56.133996290998766,46.35044208400359,True,True,253.0,364.0,True,True,True,0.027086324024442998,-9.783554206995177,0.8257107126975743,111.0
v300_s5_p30,300,0.3,h4,1,1.4307608066309767,1.438874771379105,46.39280020800652,48.48805479200382,True,True,267.0,258.0,True,True,True,0.00811396474812831,2.0952545839973027,1.0451633566976564,-9.0
v300_s5_p30,300,0.3,h4,2,1.4447462113037841,1.4439770771137703,54.57461358398723,50.40980041700823,True,True,266.0,275.0,True,True,True,-0.0007691341900137871,-4.164813166979002,0.9236858881177493,9.0
v300_s5_p30,300,0.3,h4,3,1.4245030371391092,1.4503882938471024,56.44923766699503,44.11135966700385,True,True,265.0,287.0,True,True,True,0.025885256707993243,-12.337877999991179,0.7814341077062067,22.0
v300_s5_p30,300,0.3,h4,4,1.4343537652213156,1.4558789197380386,57.017588000016985,49.337603584019234,True,True,240.0,243.0,True,True,True,0.02152515451672299,-7.679984415997751,0.8653049929787373,3.0
v300_s5_p30,300,0.3,h2+3,0,1.4186796566819841,1.4303950129388059,27.204277249998995,24.475289166992297,True,True,304.0,313.0,True,True,True,0.01171535625682174,-2.7289880830066977,0.8996853304379995,9.0
v300_s5_p30,300,0.3,h2+3,1,1.4469043647282371,1.4350574131820355,26.29985745799786,22.651512208001805,True,True,350.0,313.0,True,True,True,-0.011846951546201634,-3.648345249996055,0.8612788964418291,-37.0
v300_s5_p30,300,0.3,h2+3,2,1.3975607536081684,1.442524910384756,26.794141708000097,24.80881908298761,True,True,294.0,288.0,True,True,True,0.044964156776587494,-1.9853226250124862,0.9259046008396785,-6.0
v300_s5_p30,300,0.3,h2+3,3,1.4328316696279446,1.4205778838110075,27.4580022500013,25.808130082994467,True,True,300.0,276.0,True,True,True,-0.012253785816937146,-1.6498721670068335,0.939912883975135,-24.0
v300_s5_p30,300,0.3,h2+3,4,1.4191474779316295,1.448023782318515,26.15450120801688,23.57999224998639,True,True,315.0,328.0,True,True,True,0.028876304386885376,-2.574508958030492,0.9015653581938181,13.0
v300_s5_p30,300,0.3,h2+3+4,0,1.4240447249499473,1.4656492002686228,57.214222082999186,48.352131250008824,True,True,259.0,374.0,True,True,True,0.041604475318675505,-8.862090832990361,0.8451068543738242,115.0
v300_s5_p30,300,0.3,h2+3+4,1,1.4342244401640987,1.4617270572926249,49.34039299999131,44.089756458997726,True,True,272.0,302.0,True,True,True,0.027502617128526197,-5.2506365409935825,0.8935834065814087,30.0
v300_s5_p30,300,0.3,h2+3+4,2,1.4308618662512753,1.4530568144928184,57.924338040989824,53.37728299999435,True,True,274.0,286.0,True,True,True,0.02219494824154311,-4.547055040995474,0.921500094868969,12.0
v300_s5_p30,300,0.3,h2+3+4,3,1.4292841754044987,1.4547510239400754,60.39429095797823,47.597639042011,True,True,269.0,295.0,True,True,True,0.02546684853557668,-12.796651915967232,0.7881148745521158,26.0
v300_s5_p30,300,0.3,h2+3+4,4,1.4356167827422,1.4528522302130054,62.61374450000585,52.69032141598291,True,True,244.0,255.0,True,True,True,0.01723544747080541,-9.923423084022943,0.8415136618442933,11.0
v300_s5_p50,300,0.5,h2,0,2.132020160896655,1.8733924489399185,5.505908958002692,2.6234417090017814,True,True,443.0,306.0,True,True,True,-0.2586277119567364,-2.8824672490009107,0.47647749518064203,-137.0
v300_s5_p50,300,0.5,h2,1,1.8740406219370518,1.8355966853090384,5.179626708995784,2.7291592090041377,True,True,443.0,306.0,True,True,True,-0.038443936628013375,-2.450467499991646,0.5269026828254313,-137.0
v300_s5_p50,300,0.5,h2,2,1.8741051312886468,1.97802248316741,5.155510583994328,2.6506898749939865,True,True,443.0,306.0,True,True,True,0.10391735187876328,-2.5048207090003416,0.5141469175183644,-137.0
v300_s5_p50,300,0.5,h2,3,2.040682388417167,1.89857582112166,5.120780542027205,2.7948751249932684,True,True,443.0,306.0,True,True,True,-0.1421065672955073,-2.325905417033937,0.5457908422466468,-137.0
v300_s5_p50,300,0.5,h2,4,1.8917197106603865,1.964598851210361,5.148536791995866,2.8339783330156934,True,True,443.0,306.0,True,True,True,0.07287914054997446,-2.314558458980173,0.550443445877966,-137.0
v300_s5_p50,300,0.5,h3,0,1.7430161115825664,1.6766234111379859,12.005418166008894,6.73174554099387,True,True,200.0,192.0,True,True,True,-0.06639270044458057,-5.273672625015024,0.5607256197084042,-8.0
v300_s5_p50,300,0.5,h3,1,1.815336820079104,1.8091409562875078,15.44591754200519,6.9471243750012945,True,True,194.0,153.0,True,True,True,-0.006195863791596201,-8.498793167003896,0.4497709091161844,-41.0
v300_s5_p50,300,0.5,h3,2,1.7957724942174058,1.763750367563615,16.351461250000284,6.053557291001198,True,True,187.0,154.0,True,True,True,-0.03202212665379078,-10.297903958999086,0.37021506509096197,-33.0
v300_s5_p50,300,0.5,h3,3,1.8192019753275779,1.7603499473076019,12.293798708007671,8.579292167007225,True,True,181.0,199.0,True,True,True,-0.05885202801997602,-3.7145065410004463,0.6978552659577084,18.0
v300_s5_p50,300,0.5,h3,4,1.7758522863093467,1.7607730264922057,14.3423840420146,6.51647116697859,True,True,212.0,169.0,True,True,True,-0.015079259817140978,-7.8259128750360105,0.45435062594121245,-43.0
v300_s5_p50,300,0.5,h4,0,1.746163174763014,1.7713867090421136,12.558601042008377,8.328060750005534,True,True,225.0,185.0,True,True,True,0.025223534279099624,-4.230540292002843,0.6631360230449448,-40.0
v300_s5_p50,300,0.5,h4,1,1.780193850167744,1.7679977909531073,12.883352124990779,8.038191917003132,True,True,229.0,169.0,True,True,True,-0.012196059214636623,-4.845160207987647,0.6239208428845832,-60.0
v300_s5_p50,300,0.5,h4,2,1.7597626094160308,1.77993461196017,12.527770624990808,7.926156834000722,True,True,219.0,174.0,True,True,True,0.0201720025441392,-4.601613790990086,0.6326869377851925,-45.0
v300_s5_p50,300,0.5,h4,3,2.0450863580827767,1.7869600267826184,12.67749229198671,8.331953749991953,True,True,320.0,178.0,True,True,True,-0.2581263313001583,-4.345538541994756,0.6572241227280005,-142.0
v300_s5_p50,300,0.5,h4,4,1.7701654541014413,1.7743190734014236,13.494630833010888,8.41529845801415,True,True,233.0,162.0,True,True,True,0.0041536192999822585,-5.0793323749967385,0.6236034584531535,-71.0
v300_s5_p50,300,0.5,h2+3,0,1.768721647408142,1.7197603604288036,12.910826083010761,7.499320499991882,True,True,200.0,192.0,True,True,True,-0.048961286979338325,-5.411505583018879,0.5808552025853845,-8.0
v300_s5_p50,300,0.5,h2+3,1,1.8405892233748162,1.807889473203217,16.41903479100438,7.476293290994363,True,True,194.0,154.0,True,True,True,-0.03269975017159932,-8.942741500010015,0.4553430445917842,-40.0
v300_s5_p50,300,0.5,h2+3,2,1.7789079778084216,1.7657417321655873,17.16012916699401,6.565113457996631,True,True,187.0,155.0,True,True,True,-0.013166245642834307,-10.59501570899738,0.38257948958939336,-32.0
v300_s5_p50,300,0.5,h2+3,3,1.7925751941115258,1.7597745502647273,13.204221624997444,9.172426374978386,True,True,181.0,199.0,True,True,True,-0.03280064384679848,-4.031795250019059,0.694658620210804,18.0
v300_s5_p50,300,0.5,h2+3,4,1.806190329923736,1.7559515614349557,15.24464008398354,7.060828665998997,True,True,212.0,169.0,True,True,True,-0.050238768488780394,-8.183811417984543,0.46316794801979666,-43.0
v300_s5_p50,300,0.5,h2+3+4,0,1.7565009159815528,1.817452595586975,14.455098000005819,9.581471541998326,True,True,225.0,188.0,True,True,True,0.06095167960542214,-4.873626458007493,0.6628437622487561,-37.0
v300_s5_p50,300,0.5,h2+3+4,1,1.7365665320572128,1.7764658389535068,14.91602945899649,9.452627749997191,True,True,229.0,174.0,True,True,True,0.03989930689629406,-5.4634017089992994,0.6337227863475363,-55.0
v300_s5_p50,300,0.5,h2+3+4,2,1.7591465938157649,1.7829588023569432,14.30269920900173,9.32306895799411,True,True,219.0,179.0,True,True,True,0.02381220854117827,-4.97963025100762,0.6518398255992424,-40.0
v300_s5_p50,300,0.5,h2+3+4,3,1.87840661664721,1.8027757246809064,14.650668332993519,9.612939540995285,True,True,320.0,183.0,True,True,True,-0.07563089196630357,-5.037728791998234,0.6561434142459429,-137.0
v300_s5_p50,300,0.5,h2+3+4,4,,1.7752012446195433,15.301480833993992,9.91000004101079,True,True,233.0,165.0,False,True,False,,-5.391480792983202,0.64764973720678,-68.0
v300_s6_p0,300,0.0,h2,0,1.278530028375848,1.278530028375848,74.06568812498881,73.78571183299937,True,True,823.0,823.0,True,True,True,0.0,-0.27997629198944196,0.9962198921109465,0.0
v300_s6_p0,300,0.0,h2,1,1.2787092532758186,1.2787092532758186,72.62687525000365,71.92080012499355,True,True,823.0,823.0,True,True,True,0.0,-0.7060751250101021,0.9902780462111364,0.0
v300_s6_p0,300,0.0,h2,2,1.2878631448753521,1.2878631448753521,72.11588291700173,72.90849616700143,True,True,823.0,823.0,True,True,True,0.0,0.7926132499997038,1.0109908277891007,0.0
v300_s6_p0,300,0.0,h2,3,1.2880090088589722,1.2880090088589722,73.94618354100385,74.62366262500291,True,True,823.0,823.0,True,True,True,0.0,0.6774790839990601,1.0091617856602888,0.0
v300_s6_p0,300,0.0,h2,4,1.2759007553201265,1.2759007553201265,72.67795666700113,73.19660683299298,True,True,823.0,823.0,True,True,True,0.0,0.5186501659918576,1.007136278863318,0.0
v300_s6_p0,300,0.0,h3,0,1.3089722137761808,1.3089722137761808,93.18379641699721,92.73853491699265,True,True,379.0,379.0,True,True,True,0.0,-0.44526150000456255,0.9952216853452501,0.0
v300_s6_p0,300,0.0,h3,1,1.3044289591551517,1.3044289591551517,82.98891791699862,83.2027637919964,True,True,388.0,388.0,True,True,True,0.0,0.21384587499778718,1.0025768003772704,0.0
v300_s6_p0,300,0.0,h3,2,1.3088477201291022,1.3088477201291022,100.13409620799939,99.71515133298817,True,True,361.0,361.0,True,True,True,0.0,-0.4189448750112206,0.9958161616185062,0.0
v300_s6_p0,300,0.0,h3,3,1.30123921711839,1.30123921711839,99.68021091600531,100.45145095899352,True,True,386.0,386.0,True,True,True,0.0,0.7712400429882109,1.0077371429685085,0.0
v300_s6_p0,300,0.0,h3,4,1.3074213309912024,1.3074213309912024,82.03709875000641,82.84930458400049,True,True,408.0,408.0,True,True,True,0.0,0.812205833994085,1.009900469986989,0.0
v300_s6_p0,300,0.0,h4,0,1.3167510035791778,1.3167510035791778,238.13498979099677,242.81347070900665,True,True,287.0,287.0,True,True,True,0.0,4.678480918009882,1.0196463397592939,0.0
v300_s6_p0,300,0.0,h4,1,1.3102338836373233,1.3102338836373233,269.8099671670061,261.2415225000004,True,True,189.0,189.0,True,True,True,0.0,-8.568444667005679,0.9682426681379713,0.0
v300_s6_p0,300,0.0,h4,2,1.315237473568996,1.315237473568996,250.67963920799957,247.31099170800007,True,True,253.0,253.0,True,True,True,0.0,-3.368647499999497,0.9865619421240495,0.0
v300_s6_p0,300,0.0,h4,3,1.3126266109397353,1.3126266109397353,181.01473208298557,182.04402441700222,True,True,376.0,376.0,True,True,True,0.0,1.0292923340166453,1.0056862351598255,0.0
v300_s6_p0,300,0.0,h4,4,1.3101018145420458,1.3101018145420458,244.41597216698574,243.71656333300052,True,True,179.0,179.0,True,True,True,0.0,-0.6994088339852169,0.9971384487364542,0.0
v300_s6_p0,300,0.0,h2+3,0,1.3080440645378437,1.3080440645378437,96.5910705839924,95.52331091600354,True,True,379.0,379.0,True,True,True,0.0,-1.0677596679888666,0.9889455654489265,0.0
v300_s6_p0,300,0.0,h2+3,1,1.3009036601014294,1.3009036601014294,84.48888258299849,84.75512358400738,True,True,388.0,388.0,True,True,True,0.0,0.26624100100889336,1.0031511956705943,0.0
v300_s6_p0,300,0.0,h2+3,2,1.3002439481733095,1.3002439481733095,101.26451904099667,102.23141916601162,True,True,361.0,361.0,True,True,True,0.0,0.9669001250149449,1.0095482616633324,0.0
v300_s6_p0,300,0.0,h2+3,3,1.3065039723990624,1.3065039723990624,103.1768376659893,102.45551737499773,True,True,386.0,386.0,True,True,True,0.0,-0.7213202909915708,0.9930088932040476,0.0
v300_s6_p0,300,0.0,h2+3,4,1.2986153592780034,1.2986153592780034,82.54132362498785,84.13511887498316,True,True,408.0,408.0,True,True,True,0.0,1.5937952499953099,1.0193090585418334,0.0
v300_s6_p0,300,0.0,h2+3+4,0,1.3115018694295437,1.3115018694295437,244.6175127500028,246.14435625000624,True,True,287.0,287.0,True,True,True,0.0,1.5268435000034515,1.006241758747518,0.0
v300_s6_p0,300,0.0,h2+3+4,1,1.3127504821447276,1.3127504821447276,266.4553347500041,267.640657040989,True,True,189.0,189.0,True,True,True,0.0,1.1853222909849137,1.0044484839911239,0.0
v300_s6_p0,300,0.0,h2+3+4,2,1.3129019377744322,1.3129019377744322,258.44304550001107,258.4443840000022,True,True,253.0,253.0,True,True,True,0.0,0.0013384999911068007,1.0000051790907685,0.0
v300_s6_p0,300,0.0,h2+3+4,3,1.3110699715553398,1.3110699715553398,188.9558571249945,190.7392159999872,True,True,376.0,376.0,True,True,True,0.0,1.7833588749927003,1.0094379655763357,0.0
v300_s6_p0,300,0.0,h2+3+4,4,1.3136922591834665,1.3136922591834665,269.0423778750119,276.72841833301936,True,True,186.0,186.0,True,True,True,0.0,7.686040458007483,1.0285681405238627,0.0
v300_s6_p10,300,0.1,h2,0,1.3202216041418386,1.3292289266223631,18.00924104200385,17.66491979100101,True,True,793.0,788.0,True,True,True,0.009007322480524493,-0.34432125100283884,0.9808808572110418,-5.0
v300_s6_p10,300,0.1,h2,1,1.3182919048617772,1.3268775142851756,17.901439875000506,17.60364766699786,True,True,793.0,788.0,True,True,True,0.008585609423398477,-0.2977922080026474,0.9833649019250951,-5.0
v300_s6_p10,300,0.1,h2,2,1.3228901051874082,1.3256427651992388,17.557668041001307,17.474569625002914,True,True,793.0,788.0,True,True,True,0.00275266001183061,-0.08309841599839274,0.9952671154390015,-5.0
v300_s6_p10,300,0.1,h2,3,1.3238017823866826,1.3273277658173372,18.77103858301416,17.678620542021235,True,True,793.0,788.0,True,True,True,0.003525983430654689,-1.092418040992925,0.9418030048704151,-5.0
v300_s6_p10,300,0.1,h2,4,1.3220054502968939,1.3320128761671681,18.048685665999074,17.420282333012437,True,True,793.0,788.0,True,True,True,0.010007425870274256,-0.6284033329866361,0.9651828756611097,-5.0
v300_s6_p10,300,0.1,h3,0,1.3275332548656367,1.3244044311933538,58.3544740829966,65.82164929200371,True,True,412.0,370.0,True,True,True,-0.0031288236722828433,7.4671752090071095,1.1279623426712178,-42.0
v300_s6_p10,300,0.1,h3,1,1.3339206016944414,1.3270636974194883,58.06093633400451,68.26537375000771,True,True,396.0,373.0,True,True,True,-0.006856904274953113,10.204437416003202,1.1757539244165922,-23.0
v300_s6_p10,300,0.1,h3,2,1.3361914640229857,1.3242594332456887,65.47621391700523,57.12720408300811,True,True,383.0,396.0,True,True,True,-0.011932030777296987,-8.349009833997115,0.8724878954580368,13.0
v300_s6_p10,300,0.1,h3,3,1.3229904519173001,1.3381781080305981,70.64282641600585,69.47978762499406,True,True,372.0,343.0,True,True,True,0.015187656113297976,-1.163038791011786,0.9835363496901609,-29.0
v300_s6_p10,300,0.1,h3,4,1.3113773376996818,1.3247750908817284,66.35410908400081,60.42022887498024,True,True,378.0,386.0,True,True,True,0.013397753182046612,-5.933880209020572,0.9105725283492452,8.0
v300_s6_p10,300,0.1,h4,0,1.3433833489682554,1.3334999475931686,189.64634224999463,149.20181562499783,True,True,168.0,271.0,True,True,True,-0.009883401375086809,-40.4445266249968,0.7867371121153383,103.0
v300_s6_p10,300,0.1,h4,1,1.3279289085121078,1.3378919062476622,154.90724854198925,151.0294744589919,True,True,319.0,257.0,True,True,True,0.009962997735554424,-3.877774082997348,0.9749671231043379,-62.0
v300_s6_p10,300,0.1,h4,2,1.3412315154802732,1.340548547296458,177.83384395801113,151.16809079100494,True,True,205.0,243.0,True,True,True,-0.0006829681838151913,-26.665753167006187,0.8500524277409067,38.0
v300_s6_p10,300,0.1,h4,3,1.3419172819929808,1.3256781303357548,158.59339275001548,153.83504391700262,True,True,316.0,258.0,True,True,True,-0.016239151657226003,-4.75834883301286,0.9699965506096887,-58.0
v300_s6_p10,300,0.1,h4,4,1.3433579993024354,1.3382248641667944,181.00801799999317,150.46661579201464,True,True,174.0,318.0,True,True,True,-0.005133135135640954,-30.541402207978535,0.8312704456662263,144.0
v300_s6_p10,300,0.1,h2+3,0,1.3332125322648145,1.3229114428859716,60.055979458004,68.27732224999636,True,True,412.0,370.0,True,True,True,-0.010301089378842887,8.221342791992356,1.1368946583868702,-42.0
v300_s6_p10,300,0.1,h2+3,1,1.3345362518067503,1.31491436378518,59.61518291699758,69.63739216700196,True,True,396.0,373.0,True,True,True,-0.01962188802157039,10.02220925000438,1.1681150465303165,-23.0
v300_s6_p10,300,0.1,h2+3,2,1.3340129949323167,1.327832615235231,66.78235416699317,58.304837916992255,True,True,383.0,396.0,True,True,True,-0.006180379697085625,-8.477516250000917,0.8730575410863416,13.0
v300_s6_p10,300,0.1,h2+3,3,1.3301999788575778,1.3324818566788046,72.23332791600842,68.7200542500068,True,True,372.0,343.0,True,True,True,0.0022818778212267965,-3.5132736660016235,0.9513621514145549,-29.0
v300_s6_p10,300,0.1,h2+3,4,1.3199835444187822,1.3257230694175115,68.31691245900583,60.94246179101174,True,True,378.0,386.0,True,True,True,0.005739524998729317,-7.374450667994097,0.8920552700267419,8.0
v300_s6_p10,300,0.1,h2+3+4,0,1.340031412845414,1.336036490481707,191.98613954198663,155.5328857909917,True,True,183.0,284.0,True,True,True,-0.003994922363707021,-36.45325375099492,0.8101255963687799,101.0
v300_s6_p10,300,0.1,h2+3+4,1,1.3526997762854933,1.335604587100821,200.3780777919892,158.03920616699907,True,True,163.0,270.0,True,True,True,-0.017095189184672233,-42.338871624990134,0.7887050714752252,107.0
v300_s6_p10,300,0.1,h2+3+4,2,1.3356570994652077,1.342967152350544,195.1231314589968,162.22874929200043,True,True,191.0,257.0,True,True,True,0.00731005288533626,-32.894382166996365,0.8314173111048662,66.0
v300_s6_p10,300,0.1,h2+3+4,3,1.3413755134679402,1.331524091447606,162.67507129200385,155.9008695410157,True,True,325.0,272.0,True,True,True,-0.009851422020334066,-6.774201750988141,0.9583574686816743,-53.0
v300_s6_p10,300,0.1,h2+3+4,4,1.341498013413183,1.338530308227265,186.82683504201123,152.54023616600898,True,True,186.0,327.0,True,True,True,-0.002967705185918046,-34.286598876002245,0.81647926076416,141.0
v300_s6_p30,300,0.3,h2,0,1.4360125875269694,1.4417989472238715,15.368001041002572,12.032708250000724,True,True,617.0,576.0,True,True,True,0.00578635969690211,-3.335292791001848,0.7829715925901407,-41.0
v300_s6_p30,300,0.3,h2,1,1.4330103014804119,1.4468457797160006,15.027027916003135,11.898795166009222,True,True,617.0,576.0,True,True,True,0.013835478235588727,-3.128232749993913,0.7918262501753603,-41.0
v300_s6_p30,300,0.3,h2,2,1.4336966397963211,1.4357110590455882,15.088854084009654,11.776618584000971,True,True,617.0,576.0,True,True,True,0.002014419249267041,-3.3122355000086827,0.7804846225188956,-41.0
v300_s6_p30,300,0.3,h2,3,1.4306606875029222,1.4584272884419347,15.295345958002144,12.081977292022202,True,True,617.0,576.0,True,True,True,0.02776660093901251,-3.2133686659799423,0.7899119984076733,-41.0
v300_s6_p30,300,0.3,h2,4,1.4339399376888413,1.4266681551139306,15.209983125008876,11.844753249984933,True,True,617.0,576.0,True,True,True,-0.007271782574910679,-3.3652298750239424,0.7787486121867753,-41.0
v300_s6_p30,300,0.3,h3,0,1.4212352792888812,1.4194017230317597,24.47591745799582,21.977236916995025,True,True,356.0,292.0,True,True,True,-0.0018335562571214492,-2.4986805410007946,0.8979126913101874,-64.0
v300_s6_p30,300,0.3,h3,1,1.4339734669193847,1.424186945926661,24.140203458999167,22.4120554169931,True,True,350.0,277.0,True,True,True,-0.009786520992723702,-1.7281480420060689,0.9284120349299775,-73.0
v300_s6_p30,300,0.3,h3,2,1.4513771778943287,1.4052020577501494,24.897156584003824,22.041006457991898,True,True,340.0,300.0,True,True,True,-0.04617512014417935,-2.8561501260119257,0.8852820756307982,-40.0
v300_s6_p30,300,0.3,h3,3,1.4468559238373586,1.4493376553678494,25.779283082985785,22.594350875006057,True,True,303.0,293.0,True,True,True,0.002481731530490805,-3.1849322079797275,0.8764538099167789,-10.0
v300_s6_p30,300,0.3,h3,4,1.4169260334543066,1.4142310554328792,25.136774792015785,22.457928749994608,True,True,299.0,278.0,True,True,True,-0.0026949780214273744,-2.6788460420211777,0.8934292062451837,-21.0
v300_s6_p30,300,0.3,h4,0,1.4292762764121274,1.4227882019308011,71.51134520799678,61.15468129199871,True,True,98.0,93.0,True,True,True,-0.006488074481326267,-10.35666391599807,0.855174533692873,-5.0
v300_s6_p30,300,0.3,h4,1,1.4342003825942633,1.4374431143347206,64.40099049999844,58.39003604199388,True,True,96.0,144.0,True,True,True,0.0032427317404573053,-6.010954458004562,0.9066636334109689,48.0
v300_s6_p30,300,0.3,h4,2,1.4241010521165094,1.4314095626733385,64.87444562499877,57.567764833002,True,True,84.0,134.0,True,True,True,0.007308510556829129,-7.306680791996769,0.8873719733308795,50.0
v300_s6_p30,300,0.3,h4,3,1.4341725174268989,1.431649711814755,73.41899991701939,59.03705708301277,True,True,96.0,134.0,True,True,True,-0.002522805612143797,-14.381942834006622,0.8041114309611739,38.0
v300_s6_p30,300,0.3,h4,4,1.4293104992575243,1.4339106259344174,70.53470066699083,62.522739582986105,True,True,98.0,141.0,True,True,True,0.004600126676893135,-8.011961084004724,0.8864110713132408,43.0
v300_s6_p30,300,0.3,h2+3,0,1.4033948914950067,1.4201945599965546,25.83668133399624,22.648590542012244,True,True,356.0,292.0,True,True,True,0.016799668501547904,-3.1880907919839956,0.8766060257209171,-64.0
v300_s6_p30,300,0.3,h2+3,1,1.4411633539858686,1.4212860573809165,25.33178341599705,23.590120124994428,True,True,350.0,277.0,True,True,True,-0.019877296604952077,-1.7416632910026237,0.9312459268105553,-73.0
v300_s6_p30,300,0.3,h2+3,2,1.4468229439775036,1.4052985617774663,25.929804667001008,22.617320666002342,True,True,340.0,300.0,True,True,True,-0.04152438220003729,-3.3124840009986656,0.8722518721780336,-40.0
v300_s6_p30,300,0.3,h2+3,3,1.4484341271836634,1.4367580836529446,26.951236665976467,23.68020120897563,True,True,303.0,293.0,True,True,True,-0.011676043530718827,-3.271035457000835,0.8786313408345293,-10.0
v300_s6_p30,300,0.3,h2+3,4,1.4240541127055857,1.410912575030483,26.30154491699068,23.954583875020035,True,True,299.0,278.0,True,True,True,-0.013141537675102732,-2.346961041970644,0.9107671792901215,-21.0
v300_s6_p30,300,0.3,h2+3+4,0,1.4338586949446814,1.4394309868195718,75.18544624999049,65.36890045901237,True,True,108.0,119.0,True,True,True,0.005572291874890389,-9.816545790978125,0.8694355586008194,11.0
v300_s6_p30,300,0.3,h2+3+4,1,1.4367352070604058,1.4439803139825707,67.43775012499827,61.226510832988424,True,True,106.0,159.0,True,True,True,0.007245106922164846,-6.21123929200985,0.9078967005794663,53.0
v300_s6_p30,300,0.3,h2+3+4,2,1.4136477307625162,1.431697604657977,66.75306829198962,61.62715041599586,True,True,96.0,153.0,True,True,True,0.018049873895460866,-5.125917875993764,0.9232107525968379,57.0
v300_s6_p30,300,0.3,h2+3+4,3,1.431335271216043,1.4410023814967137,76.53405466699041,62.078105207998306,True,True,106.0,153.0,True,True,True,0.009667110280670688,-14.455949458992109,0.8111174231929588,47.0
v300_s6_p30,300,0.3,h2+3+4,4,1.4343811667470274,1.4376798547152714,74.24612954197801,65.90535141699365,True,True,108.0,159.0,True,True,True,0.003298687968243952,-8.340778124984354,0.8876604319115576,51.0
v300_s6_p50,300,0.5,h2,0,2.0181649126207066,1.8328489688349727,5.229814291000366,2.728527999992366,True,True,441.0,311.0,True,True,True,-0.1853159437857339,-2.5012862910080003,0.5217256002163796,-130.0
v300_s6_p50,300,0.5,h2,1,1.815469404849387,1.8329810652707208,5.269992457993794,2.6300418750033714,True,True,441.0,311.0,True,True,True,0.017511660421333897,-2.639950582990423,0.49905989353248303,-130.0
v300_s6_p50,300,0.5,h2,2,1.8576670256957146,1.8736558072486216,5.825499165992369,2.748035124997841,True,True,441.0,311.0,True,True,True,0.01598878155290695,-3.0774640409945277,0.4717252627963797,-130.0
v300_s6_p50,300,0.5,h2,3,2.1231021104671584,2.0214809906337736,5.288849667005707,2.773900790984044,True,True,441.0,311.0,True,True,True,-0.10162111983338473,-2.5149488760216627,0.5244809298114336,-130.0
v300_s6_p50,300,0.5,h2,4,1.8938762123446107,1.7626330274066757,5.536725000012666,2.7905754999956116,True,True,441.0,311.0,True,True,True,-0.13124318493793496,-2.7461495000170544,0.504011938463483,-130.0
v300_s6_p50,300,0.5,h3,0,1.7546016759761138,1.7184054871627525,15.930651957998634,8.22247220799909,True,True,364.0,195.0,True,True,True,-0.036196188813361285,-7.708179749999545,0.5161416010893806,-169.0
v300_s6_p50,300,0.5,h3,1,1.7256155178894264,1.7390818709123987,15.242816457990557,8.002968625005451,True,True,364.0,203.0,True,True,True,0.013466353022972388,-7.239847832985106,0.5250321452772038,-161.0
v300_s6_p50,300,0.5,h3,2,1.7168602489276579,1.7253903380221396,15.623624125000788,8.140571167008602,True,True,364.0,188.0,True,True,True,0.008530089094481719,-7.483052957992186,0.5210424356012335,-176.0
v300_s6_p50,300,0.5,h3,3,1.6966692649633313,1.7133038079451866,13.568728541984456,8.10412183299195,True,True,339.0,190.0,True,True,True,0.016634542981855294,-5.4646067089925054,0.5972646447982299,-149.0
v300_s6_p50,300,0.5,h3,4,1.695866869777022,1.7312049033719012,13.199974624993047,7.057601540989708,True,True,339.0,184.0,True,True,True,0.03533803359487919,-6.142373084003339,0.5346678112264497,-155.0
v300_s6_p50,300,0.5,h4,0,1.6892190074583189,1.7121966789584406,13.012131208000937,7.815243584002019,True,True,217.0,234.0,True,True,True,0.022977671500121755,-5.196887623998919,0.6006121102741847,17.0
v300_s6_p50,300,0.5,h4,1,1.7488962102742558,1.669391569322865,12.662070333011798,7.813556416993379,True,True,215.0,193.0,True,True,True,-0.07950464095139087,-4.848513916018419,0.6170836373118492,-22.0
v300_s6_p50,300,0.5,h4,2,1.6980075247304034,1.6908635346287917,12.647359249996953,7.73091487500642,True,True,236.0,192.0,True,True,True,-0.007143990101611708,-4.916444374990533,0.6112671208425018,-44.0
v300_s6_p50,300,0.5,h4,3,1.7207629556965278,1.6717623837599576,12.588294332992518,8.22367833298631,True,True,197.0,183.0,True,True,True,-0.04900057193657026,-4.364616000006208,0.6532797943429846,-14.0
v300_s6_p50,300,0.5,h4,4,1.7032283184931263,1.6440407299838884,13.049466791999293,8.125402167002903,True,True,214.0,212.0,True,True,True,-0.05918758850923789,-4.92406462499639,0.6226616226177637,-2.0
v300_s6_p50,300,0.5,h2+3,0,1.706684184661911,1.7447870653304516,16.928077584001585,8.619737957997131,True,True,364.0,196.0,True,True,True,0.03810288066854062,-8.308339626004454,0.509197687405656,-168.0
v300_s6_p50,300,0.5,h2+3,1,1.6831241946839528,1.736214529840916,16.473680958006298,8.393524500002968,True,True,364.0,204.0,True,True,True,0.05309033515696315,-8.08015645800333,0.5095111724816832,-160.0
v300_s6_p50,300,0.5,h2+3,2,1.7299607428863306,1.702492740844679,16.415896499995142,8.424890582988155,True,True,364.0,188.0,True,True,True,-0.027468002041651562,-7.991005917006987,0.513215381382957,-176.0
v300_s6_p50,300,0.5,h2+3,3,1.713531224086363,1.6790598916278776,14.391494708019309,8.584024249983486,True,True,339.0,191.0,True,True,True,-0.034471332458485326,-5.807470458035823,0.5964650944283256,-148.0
v300_s6_p50,300,0.5,h2+3,4,1.6862746196549063,1.719088050732738,14.065737666998757,7.539056040986907,True,True,339.0,184.0,True,True,True,0.032813431077831634,-6.52668162601185,0.5359872492628063,-155.0
v300_s6_p50,300,0.5,h2+3+4,0,1.7137795236053586,1.709552539083897,14.820061416990939,9.286856708000414,True,True,216.0,237.0,True,True,True,-0.00422698452146153,-5.5332047089905245,0.626640905641133,21.0
v300_s6_p50,300,0.5,h2+3+4,1,1.7023567184903565,1.643247866807698,14.496557250007754,9.050753374991473,True,True,215.0,194.0,True,True,True,-0.05910885168265856,-5.445803875016281,0.6243381251770403,-21.0
v300_s6_p50,300,0.5,h2+3+4,2,1.7011261063773226,1.6849815847010876,14.384020041994518,9.049838999999338,True,True,236.0,193.0,True,True,True,-0.016144521676235035,-5.33418104199518,0.6291592318126712,-43.0
v300_s6_p50,300,0.5,h2+3+4,3,1.7087885151263131,1.6443791014903915,14.537148666015128,9.574740124982782,True,True,196.0,185.0,True,True,True,-0.06440941363592168,-4.962408541032346,0.6586394859788811,-11.0
v300_s6_p50,300,0.5,h2+3+4,4,1.7139503568940933,1.670328594490277,15.169785166013753,9.064420665992657,True,True,214.0,187.0,True,True,True,-0.04362176240381621,-6.105364500021096,0.5975312482539635,-27.0
v300_s7_p0,300,0.0,h2,0,1.2819672194208125,1.2819672194208125,66.35457483299251,67.55545845800953,True,True,738.0,738.0,True,True,True,0.0,1.2008836250170134,1.018097977841611,0.0
v300_s7_p0,300,0.0,h2,1,1.289830778690696,1.289830778690696,64.42767529201228,64.62295408299542,True,True,679.0,679.0,True,True,True,0.0,0.1952787909831386,1.0030309768294146,0.0
v300_s7_p0,300,0.0,h2,2,1.2795340536766304,1.2795340536766304,68.21524612499343,66.83946720899257,True,True,741.0,741.0,True,True,True,0.0,-1.3757789160008542,0.979831797227852,0.0
v300_s7_p0,300,0.0,h2,3,1.2718070729588553,1.2718070729588553,68.44930854198174,68.19801204200485,True,True,764.0,764.0,True,True,True,0.0,-0.2512964999768883,0.9963287211320365,0.0
v300_s7_p0,300,0.0,h2,4,1.2727996360751581,1.2727996360751581,69.41792604199145,67.87774258299032,True,True,767.0,767.0,True,True,True,0.0,-1.5401834590011276,0.9778128857080884,0.0
v300_s7_p0,300,0.0,h3,0,1.3159792336978589,1.3159792336978589,101.00261462500202,103.52704987498873,True,True,357.0,357.0,True,True,True,0.0,2.524435249986709,1.0249937613928046,0.0
v300_s7_p0,300,0.0,h3,1,1.3199408492221625,1.3199408492221625,104.62910570799431,106.64613412499602,True,True,359.0,359.0,True,True,True,0.0,2.017028417001711,1.0192778902519817,0.0
v300_s7_p0,300,0.0,h3,2,1.3143220667906972,1.3143220667906972,98.40704441700655,96.07421741700091,True,True,390.0,390.0,True,True,True,0.0,-2.3328270000056364,0.9762941056321118,0.0
v300_s7_p0,300,0.0,h3,3,1.3130497149941176,1.3130497149941176,100.93313966601272,100.53390679199947,True,True,359.0,359.0,True,True,True,0.0,-0.3992328740132507,0.9960445808449603,0.0
v300_s7_p0,300,0.0,h3,4,1.3127912121009806,1.3127912121009806,101.97830079199048,101.45522808399983,True,True,350.0,350.0,True,True,True,0.0,-0.5230727079906501,0.9948707450121416,0.0
v300_s7_p0,300,0.0,h4,0,1.3342082439418816,1.3342082439418816,269.32938704200205,270.629711667003,True,True,161.0,161.0,True,True,True,0.0,1.3003246250009397,1.0048280087044426,0.0
v300_s7_p0,300,0.0,h4,1,1.3172206125654324,1.3172206125654324,229.36817912499828,240.72140899999067,True,True,315.0,315.0,True,True,True,0.0,11.353229874992394,1.0494978419338858,0.0
v300_s7_p0,300,0.0,h4,2,1.330870650097567,1.330870650097567,268.9478283750068,267.55421508399013,True,True,170.0,170.0,True,True,True,0.0,-1.3936132910166634,0.9948182764685741,0.0
v300_s7_p0,300,0.0,h4,3,1.317560424926988,1.317560424926988,226.76995666700532,221.06121116600116,True,True,285.0,285.0,True,True,True,0.0,-5.7087455010041595,0.9748258297311093,0.0
v300_s7_p0,300,0.0,h4,4,1.3231928012525258,1.3231928012525258,230.2744890000031,231.8730222080194,True,True,284.0,284.0,True,True,True,0.0,1.5985332080163062,1.0069418597559727,0.0
v300_s7_p0,300,0.0,h2+3,0,1.3096722971994033,1.3096722971994033,101.83301737500005,103.55593645799672,True,True,357.0,357.0,True,True,True,0.0,1.7229190829966683,1.016919061493111,0.0
v300_s7_p0,300,0.0,h2+3,1,1.320293276214201,1.320293276214201,112.20474958400882,110.56044004199794,True,True,359.0,359.0,True,True,True,0.0,-1.6443095420108875,0.9853454550889597,0.0
v300_s7_p0,300,0.0,h2+3,2,1.3031986700585647,1.3031986700585647,98.57124304199533,98.2503714159975,True,True,390.0,390.0,True,True,True,0.0,-0.3208716259978246,0.9967447744788902,0.0
v300_s7_p0,300,0.0,h2+3,3,1.3179557959068726,1.3179557959068726,103.31964683299884,104.2127070830029,True,True,359.0,359.0,True,True,True,0.0,0.893060250004055,1.0086436634016718,0.0
v300_s7_p0,300,0.0,h2+3,4,1.3116716230315482,1.3116716230315482,103.35010508398409,103.83589566600858,True,True,350.0,350.0,True,True,True,0.0,0.4857905820244923,1.0047004362659306,0.0
v300_s7_p0,300,0.0,h2+3+4,0,1.3317972004764826,1.3317972004764826,276.34750787500525,275.6339670000016,True,True,161.0,161.0,True,True,True,0.0,-0.7135408750036731,0.9974179579888725,0.0
v300_s7_p0,300,0.0,h2+3+4,1,1.3164523140362687,1.3164523140362687,241.17263591699884,240.507253667005,True,True,315.0,315.0,True,True,True,0.0,-0.6653822499938542,0.9972410541209872,0.0
v300_s7_p0,300,0.0,h2+3+4,2,1.3253986524433157,1.3253986524433157,272.3922605830012,272.42763154201384,True,True,170.0,170.0,True,True,True,0.0,0.03537095901265275,1.000129853024961,0.0
v300_s7_p0,300,0.0,h2+3+4,3,1.3198364774697577,1.3198364774697577,233.33019758298178,229.20604637498036,True,True,285.0,285.0,True,True,True,0.0,-4.124151208001422,0.9823248287160314,0.0
v300_s7_p0,300,0.0,h2+3+4,4,1.323411618141097,1.323411618141097,239.092930334009,243.91987666700152,True,True,284.0,284.0,True,True,True,0.0,4.82694633299252,1.0201885782496762,0.0
v300_s7_p10,300,0.1,h2,0,1.3466427535052201,1.3458986104935544,17.796627583011286,18.003921374998754,True,True,795.0,792.0,True,True,True,-0.0007441430116656989,0.20729379198746756,1.0116479254859134,-3.0
v300_s7_p10,300,0.1,h2,1,1.333161266826422,1.3340508449183939,17.861425750001217,17.646119250013726,True,True,795.0,792.0,True,True,True,0.0008895780919717655,-0.2153064999874914,0.987945727121617,-3.0
v300_s7_p10,300,0.1,h2,2,1.3392227878954717,1.3453520664888674,17.74949633399956,17.639695165999,True,True,795.0,792.0,True,True,True,0.006129278593395737,-0.10980116800055839,0.9938138431685957,-3.0
v300_s7_p10,300,0.1,h2,3,1.3371012713901975,1.33718714102043,18.363873083988437,18.084096833015792,True,True,795.0,792.0,True,True,True,8.586963023238248e-05,-0.27977625097264536,0.9847648559923569,-3.0
v300_s7_p10,300,0.1,h2,4,1.333366842589738,1.344911185030384,17.804006084013963,17.66401649999898,True,True,795.0,792.0,True,True,True,0.01154434244064606,-0.13998958401498385,0.9921371862403103,-3.0
v300_s7_p10,300,0.1,h3,0,1.3387130843264445,1.3505819684151554,69.22357762500178,69.36880949999613,True,True,328.0,352.0,True,True,True,0.011868884088710896,0.14523187499435153,1.0020980116887501,24.0
v300_s7_p10,300,0.1,h3,1,1.3483646350549061,1.3390746799647704,78.03269754099892,58.54283737500373,True,True,307.0,377.0,True,True,True,-0.009289955090135749,-19.489860165995196,0.7502346992969827,70.0
v300_s7_p10,300,0.1,h3,2,1.3425280466772915,1.3567018113184561,83.77461316600966,65.4820424579957,True,True,259.0,362.0,True,True,True,0.014173764641164599,-18.292570708013955,0.7816454171890357,103.0
v300_s7_p10,300,0.1,h3,3,1.3326745648439144,1.3464379548355634,91.07902187498985,71.55248891600058,True,True,274.0,359.0,True,True,True,0.013763389991648944,-19.526532958989264,0.7856088860309641,85.0
v300_s7_p10,300,0.1,h3,4,1.3360795289495202,1.3424868447230751,91.91775937500643,70.9937014580064,True,True,274.0,359.0,True,True,True,0.006407315773554911,-20.924057917000027,0.7723610969275918,85.0
v300_s7_p10,300,0.1,h4,0,1.3621723677036723,1.3623863278734087,168.08670045800682,146.70230883400654,True,True,234.0,268.0,True,True,True,0.00021396016973640464,-21.384391624000273,0.8727776108060212,34.0
v300_s7_p10,300,0.1,h4,1,1.3710494988408535,1.3583457137433153,158.59550099998887,156.5269174159912,True,True,193.0,212.0,True,True,True,-0.012703785097538223,-2.068583583997679,0.9869568583537699,19.0
v300_s7_p10,300,0.1,h4,2,1.3481875652832738,1.3532519120909665,153.18980858300347,157.36420449998695,True,True,221.0,199.0,True,True,True,0.005064346807692743,4.174395916983485,1.0272498278808257,-22.0
v300_s7_p10,300,0.1,h4,3,1.3505914726604216,1.3451722449786983,174.34439333400223,152.2999222500075,True,True,233.0,350.0,True,True,True,-0.005419227681723315,-22.044471083994722,0.8735579007593162,117.0
v300_s7_p10,300,0.1,h4,4,1.360192246221063,1.3509098874922436,162.86746412501088,177.44347416699748,True,True,204.0,137.0,True,True,True,-0.009282358728819329,14.576010041986592,1.0894961441212014,-67.0
v300_s7_p10,300,0.1,h2+3,0,1.3395266348289216,1.3571937783196064,70.05033191599068,70.45550945799914,True,True,328.0,352.0,True,True,True,0.017667143490684767,0.40517754200845957,1.005784091679885,24.0
v300_s7_p10,300,0.1,h2+3,1,1.3521395021114921,1.3374912252675875,79.60558779099665,59.828988000008394,True,True,307.0,377.0,True,True,True,-0.014648276843904684,-19.776599790988257,0.7515676934273579,70.0
v300_s7_p10,300,0.1,h2+3,2,1.3413679042679565,1.3543820169978296,85.85742100000789,66.50523983300081,True,True,259.0,362.0,True,True,True,0.013014112729873073,-19.352181167007075,0.7746009495555976,103.0
v300_s7_p10,300,0.1,h2+3,3,1.3412151326311097,1.3409091136160924,90.41078141698381,74.54041250000591,True,True,274.0,359.0,True,True,True,-0.0003060190150172559,-15.870368916977895,0.8244637567749566,85.0
v300_s7_p10,300,0.1,h2+3,4,1.3382484608475336,1.3442478920802614,93.42859420899185,70.66109087498626,True,True,274.0,359.0,True,True,True,0.0059994312327278365,-22.767503334005596,0.7563111858123797,85.0
v300_s7_p10,300,0.1,h2+3+4,0,1.359295326437014,1.362777001024126,175.54119479200745,151.14653774999897,True,True,248.0,279.0,True,True,True,0.003481674587112016,-24.394657042008475,0.8610317249411864,31.0
v300_s7_p10,300,0.1,h2+3+4,1,1.3654008553995716,1.3564563438848691,164.72476983300294,159.75143845799903,True,True,204.0,226.0,True,True,True,-0.008944511514702436,-4.973331375003909,0.9698082360045436,22.0
v300_s7_p10,300,0.1,h2+3+4,2,1.3622185611362072,1.356506296904717,171.06336966599338,162.58899412500614,True,True,188.0,215.0,True,True,True,-0.005712264231490183,-8.47437554098724,0.950460606747466,27.0
v300_s7_p10,300,0.1,h2+3+4,3,1.3440908849290634,1.3382622554265307,174.52231250001932,154.52584049999132,True,True,243.0,359.0,True,True,True,-0.005828629502532712,-19.996472000028007,0.8854216878427749,116.0
v300_s7_p10,300,0.1,h2+3+4,4,1.3595928658231897,1.3486838954426508,162.7419988339825,186.3925107079849,True,True,219.0,154.0,True,True,True,-0.010908970380538952,23.650511874002405,1.1453251898308618,-65.0
v300_s7_p30,300,0.3,h2,0,1.479614467889749,1.483982720069872,13.884435332991416,11.79799125000136,True,True,618.0,580.0,True,True,True,0.0043682521801231555,-2.086444082990056,0.8497278403513923,-38.0
v300_s7_p30,300,0.3,h2,1,1.4561689699187244,1.4925243803636665,13.874582834003377,10.983439834002638,True,True,618.0,580.0,True,True,True,0.03635541044494217,-2.8911430000007385,0.7916230682687468,-38.0
v300_s7_p30,300,0.3,h2,2,1.4753118741314835,1.4772129273702976,13.9967037079914,11.630822624996654,True,True,618.0,580.0,True,True,True,0.0019010532388141765,-2.365881082994747,0.830968695747703,-38.0
v300_s7_p30,300,0.3,h2,3,1.4619763331859779,1.478687774986478,14.025431791000301,11.412051374994917,True,True,618.0,580.0,True,True,True,0.016711441800500104,-2.613380416005384,0.8136684520698813,-38.0
v300_s7_p30,300,0.3,h2,4,1.4763785350037104,1.4813522517830517,14.3199230839964,11.784781292022672,True,True,618.0,580.0,True,True,True,0.004973716779341331,-2.5351417919737287,0.8229640077601434,-38.0
v300_s7_p30,300,0.3,h3,0,1.45523338033179,1.4508773596183309,25.02530295899487,27.060599749995163,True,True,286.0,271.0,True,True,True,-0.004356020713459197,2.0352967910002917,1.0813295565026813,-15.0
v300_s7_p30,300,0.3,h3,1,1.4512414077001572,1.454904542518421,26.17846916700364,24.008819833994494,True,True,297.0,293.0,True,True,True,0.003663134818263858,-2.169649333009147,0.9171208477024372,-4.0
v300_s7_p30,300,0.3,h3,2,1.4449483679948938,1.434842699802708,24.877622540996526,26.77566879199003,True,True,287.0,271.0,True,True,True,-0.010105668192185835,1.8980462509935023,1.0762953231509826,-16.0
v300_s7_p30,300,0.3,h3,3,1.449471680245648,1.4356973751347974,25.08895004200167,27.390254042024026,True,True,319.0,274.0,True,True,True,-0.013774305110850538,2.3013040000223555,1.0917257994523373,-45.0
v300_s7_p30,300,0.3,h3,4,1.420036633423892,1.446854793663917,25.799063834012486,27.260763416008558,True,True,325.0,254.0,True,True,True,0.026818160240024813,1.461699581996072,1.0566570783885973,-71.0
v300_s7_p30,300,0.3,h4,0,1.4399673340097,1.4385820660662938,54.863128707991564,55.117173582999385,True,True,204.0,239.0,True,True,True,-0.0013852679434060988,0.25404487500782125,1.0046305210984225,35.0
v300_s7_p30,300,0.3,h4,1,1.4394056654663911,1.4548647260392193,54.74298895899847,51.35209858400049,True,True,214.0,276.0,True,True,True,0.015459060572828198,-3.39089037499798,0.9380579972069538,62.0
v300_s7_p30,300,0.3,h4,2,1.4519706676789967,1.4630815795591443,57.810077542002546,53.54605000000447,True,True,188.0,177.0,True,True,True,0.011110911880147567,-4.264027541998075,0.9262407572641639,-11.0
v300_s7_p30,300,0.3,h4,3,1.4378675040428177,1.4399254836112279,57.25869116699323,51.70785649999743,True,True,155.0,266.0,True,True,True,0.00205797956841014,-5.550834666995797,0.9030569062291879,111.0
v300_s7_p30,300,0.3,h4,4,1.4459713765885553,1.452044673785604,58.82173516700277,52.34532258400577,True,True,195.0,261.0,True,True,True,0.006073297197048744,-6.476412582997,0.8898976277287707,66.0
v300_s7_p30,300,0.3,h2+3,0,1.4430568809052795,1.4511260972704902,25.997112166995066,28.126491333008744,True,True,286.0,272.0,True,True,True,0.00806921636521074,2.1293791660136776,1.0819082962882722,-14.0
v300_s7_p30,300,0.3,h2+3,1,1.4529358885723167,1.455965413379888,27.16030316699471,24.69935904200247,True,True,297.0,293.0,True,True,True,0.003029524807571349,-2.4609441249922384,0.909391875714304,-4.0
v300_s7_p30,300,0.3,h2+3,2,1.4549112216902087,1.439380274098245,25.80672391600092,27.665221250004834,True,True,287.0,271.0,True,True,True,-0.015530947591963606,1.8584973340039141,1.0720160117980566,-16.0
v300_s7_p30,300,0.3,h2+3,3,1.4476538995499604,1.4400408655660883,25.963902333023725,28.385074000019813,True,True,319.0,274.0,True,True,True,-0.007613033983872031,2.421171666996088,1.093251454883058,-45.0
v300_s7_p30,300,0.3,h2+3,4,1.4296032102417326,1.4519396199920462,26.44524829200236,28.07338783299201,True,True,325.0,254.0,True,True,True,0.02233640975031359,1.6281395409896504,1.0615664304986705,-71.0
v300_s7_p30,300,0.3,h2+3+4,0,1.4344862166351948,1.4424090148050301,58.7557831669983,58.13511133399152,True,True,215.0,248.0,True,True,True,0.007922798169835321,-0.6206718330067815,0.989436412901813,33.0
v300_s7_p30,300,0.3,h2+3+4,1,1.437730480407433,1.449693138120144,56.90551699999196,52.44550629099831,True,True,223.0,286.0,True,True,True,0.011962657712711211,-4.46001070899365,0.9216242827739483,63.0
v300_s7_p30,300,0.3,h2+3+4,2,1.4355298878005014,1.4509945873985663,62.51671137500671,56.92716395900061,True,True,199.0,187.0,True,True,True,0.015464699598064957,-5.5895474160060985,0.9105911476616679,-12.0
v300_s7_p30,300,0.3,h2+3+4,3,1.4372671370030603,1.4456927944312146,61.89498474998982,55.20165575001738,True,True,166.0,276.0,True,True,True,0.008425657428154265,-6.693328999972437,0.8918599135776742,110.0
v300_s7_p30,300,0.3,h2+3+4,4,1.4588262861253487,1.4597861330571449,62.32128162498702,55.31451145801111,True,True,207.0,269.0,True,True,True,0.0009598469317961822,-7.006770166975912,0.8875701849467963,62.0
v300_s7_p50,300,0.5,h2,0,1.8778448848888996,1.8099832213288425,5.406176582997432,2.3626678330037976,True,True,441.0,300.0,True,True,True,-0.06786166356005707,-3.0435087499936344,0.437031198802209,-141.0
v300_s7_p50,300,0.5,h2,1,1.8356360415757143,1.8518118791520277,5.150533749998431,2.2867779590014834,True,True,441.0,300.0,True,True,True,0.016175837576313468,-2.8637557909969473,0.44398853982894104,-141.0
v300_s7_p50,300,0.5,h2,2,1.8328556059391354,1.8260603171061107,5.295911708002677,2.225580624988652,True,True,441.0,300.0,True,True,True,-0.006795288833024715,-3.0703310830140254,0.4202450395133224,-141.0
v300_s7_p50,300,0.5,h2,3,1.8927571097589746,1.8507889071227746,5.383747583022341,2.4255928750208113,True,True,441.0,300.0,True,True,True,-0.04196820263620005,-2.95815470800153,0.4505398586423188,-141.0
v300_s7_p50,300,0.5,h2,4,1.8726493636411088,1.8116108665966708,5.3868898329965305,2.238231208000798,True,True,441.0,300.0,True,True,True,-0.06103849704443798,-3.1486586249957327,0.41549600555980765,-141.0
v300_s7_p50,300,0.5,h3,0,1.6733302616517916,1.7614856324831536,12.292188416002318,7.911852000004728,True,True,271.0,201.0,True,True,True,0.08815537083136205,-4.38033641599759,0.6436487736963791,-70.0
v300_s7_p50,300,0.5,h3,1,1.6780600751639083,1.7812030929715776,15.713222958002007,7.602256874990417,True,True,348.0,201.0,True,True,True,0.10314301780766932,-8.11096608301159,0.48381270318060016,-147.0
v300_s7_p50,300,0.5,h3,2,1.7732602010992855,1.796448992202843,14.957425708998926,7.630002165999031,True,True,348.0,201.0,True,True,True,0.023188791103557538,-7.327423542999895,0.5101146624053461,-147.0
v300_s7_p50,300,0.5,h3,3,1.7448199119342216,1.7387293396805885,15.293664708005963,6.918187582981773,True,True,348.0,214.0,True,True,True,-0.006090572253633075,-8.37547712502419,0.4523564309187597,-134.0
v300_s7_p50,300,0.5,h3,4,1.742829787818512,1.7456810942484626,15.013876167009585,6.78741712498595,True,True,348.0,214.0,True,True,True,0.002851306429950684,-8.226459042023635,0.4520762692781584,-134.0
v300_s7_p50,300,0.5,h4,0,1.7289642635532838,1.713466680549835,13.516827459010528,8.97907270900032,True,True,198.0,131.0,True,True,True,-0.015497583003448723,-4.537754750010208,0.66428847569662,-67.0
v300_s7_p50,300,0.5,h4,1,1.7193518232130631,1.723778603078263,14.512262916992768,7.565623582995613,True,True,162.0,145.0,True,True,True,0.0044267798651997925,-6.946639333997155,0.5213262484472244,-17.0
v300_s7_p50,300,0.5,h4,2,1.7278432716469914,1.7345151679612736,11.527145542000653,7.800888792000478,True,True,309.0,159.0,True,True,True,0.006671896314282222,-3.726256750000175,0.67674072159295,-150.0
v300_s7_p50,300,0.5,h4,3,1.7135067635442993,1.749119373553263,13.605683041998418,8.142856082995422,True,True,162.0,158.0,True,True,True,0.03561261000896376,-5.462826959002996,0.5984893266923694,-4.0
v300_s7_p50,300,0.5,h4,4,1.7600144530348947,1.7124402730434962,11.341045082983328,7.5191825829970185,True,True,261.0,151.0,True,True,True,-0.04757417999139846,-3.8218624999863096,0.6630061451990149,-110.0
v300_s7_p50,300,0.5,h2+3,0,1.6434480126957793,1.7945033599681819,13.037331084007747,8.301733624990447,True,True,271.0,202.0,True,True,True,0.15105534727240255,-4.735597459017299,0.6367663420908115,-69.0
v300_s7_p50,300,0.5,h2+3,1,1.7218295457169364,1.7856885635623403,16.308492458992987,8.240209625000716,True,True,348.0,202.0,True,True,True,0.06385901784540393,-8.06828283399227,0.5052710816600844,-146.0
v300_s7_p50,300,0.5,h2+3,2,1.7036245463649957,1.8187630622404707,16.188751834008144,8.333249666000484,True,True,348.0,202.0,True,True,True,0.11513851587547497,-7.855502168007661,0.5147555383790987,-146.0
v300_s7_p50,300,0.5,h2+3,3,1.7314530130292396,1.704018123027544,16.63435020900215,7.490373666980304,True,True,348.0,214.0,True,True,True,-0.027434890001695633,-9.143976542021846,0.45029553741910977,-134.0
v300_s7_p50,300,0.5,h2+3,4,1.6641290391519168,1.713981817925608,16.419470082997577,7.474920749984449,True,True,348.0,214.0,True,True,True,0.04985277877369132,-8.944549333013128,0.45524738083507077,-134.0
v300_s7_p50,300,0.5,h2+3+4,0,1.7372201266227423,1.7205558154053613,15.607763541993336,10.398267124997801,True,True,201.0,137.0,True,True,True,-0.01666431121738099,-5.209496416995535,0.666224029920804,-64.0
v300_s7_p50,300,0.5,h2+3+4,1,1.727543489330697,1.743218142299684,16.752226583994343,8.795722625000053,True,True,166.0,149.0,True,True,True,0.01567465296898707,-7.95650395899429,0.5250479738259862,-17.0
v300_s7_p50,300,0.5,h2+3+4,2,,1.7413945919096934,13.48840379199828,9.176886333996663,True,True,311.0,166.0,False,True,False,,-4.311517458001617,0.6803537672441763,-145.0
v300_s7_p50,300,0.5,h2+3+4,3,1.730675767807778,1.779574329128464,15.703617541992571,9.56284208301804,True,True,166.0,164.0,True,True,True,0.04889856132068604,-6.140775458974531,0.60895790778439,-2.0
v300_s7_p50,300,0.5,h2+3+4,4,1.7596293288517806,1.7157870886426965,13.214052291994449,8.887185291998321,True,True,264.0,157.0,True,True,True,-0.043842240209084116,-4.326866999996128,0.6725556321116195,-107.0
v300_s8_p0,300,0.0,h2,0,1.293506623810557,1.293506623810557,74.1154824999976,75.02719566700398,True,True,831.0,831.0,True,True,True,0.0,0.9117131670063827,1.0123012511860314,0.0
v300_s8_p0,300,0.0,h2,1,1.2949852217021762,1.2949852217021762,73.35486529199989,73.81186412500392,True,True,831.0,831.0,True,True,True,0.0,0.456998833004036,1.006229973038392,0.0
v300_s8_p0,300,0.0,h2,2,1.2902431095470261,1.2902431095470261,74.06406279200746,74.47826858400367,True,True,831.0,831.0,True,True,True,0.0,0.4142057919962099,1.0055925340358307,0.0
v300_s8_p0,300,0.0,h2,3,1.2911606622037144,1.2911606622037144,74.18472599997767,75.28948679199675,True,True,831.0,831.0,True,True,True,0.0,1.1047607920190785,1.0148920249704692,0.0
v300_s8_p0,300,0.0,h2,4,1.296933382639477,1.296933382639477,73.3652054159902,73.77048449998256,True,True,831.0,831.0,True,True,True,0.0,0.40527908399235457,1.0055241320690698,0.0
v300_s8_p0,300,0.0,h3,0,1.3192791463765308,1.3192791463765308,121.9292876249965,122.09048062498914,True,True,342.0,342.0,True,True,True,0.0,0.16119299999263603,1.00132202035403,0.0
v300_s8_p0,300,0.0,h3,1,1.317068911361906,1.317068911361906,98.24654745800945,101.147510625,True,True,401.0,401.0,True,True,True,0.0,2.9009631669905502,1.0295273802698302,0.0
v300_s8_p0,300,0.0,h3,2,1.320091774569548,1.320091774569548,92.58181437500753,95.42876537499251,True,True,420.0,420.0,True,True,True,0.0,2.8469509999849834,1.0307506503215984,0.0
v300_s8_p0,300,0.0,h3,3,1.317403278685413,1.317403278685413,101.82208837501821,102.50767779102898,True,True,384.0,384.0,True,True,True,0.0,0.685589416010771,1.0067332091391181,0.0
v300_s8_p0,300,0.0,h3,4,1.3200847582364514,1.3200847582364514,99.99746591600706,102.86737824999727,True,True,391.0,391.0,True,True,True,0.0,2.8699123339902144,1.0286998506182226,0.0
v300_s8_p0,300,0.0,h4,0,1.3315471931445244,1.3315471931445244,245.11488100000133,245.0856602499989,True,True,333.0,333.0,True,True,True,0.0,-0.0292207500024233,0.9998807875316129,0.0
v300_s8_p0,300,0.0,h4,1,1.3487931581296253,1.3487931581296253,267.1844143340131,265.54487445800623,True,True,182.0,182.0,True,True,True,0.0,-1.6395398760068929,0.9938636395386549,0.0
v300_s8_p0,300,0.0,h4,2,1.3377078714356445,1.3377078714356445,274.1263078750053,265.27228395899874,True,True,213.0,213.0,True,True,True,0.0,-8.854023916006554,0.9677009332499245,0.0
v300_s8_p0,300,0.0,h4,3,1.3325418019978215,1.3325418019978215,268.6249699999753,265.838542707992,True,True,268.0,268.0,True,True,True,0.0,-2.786427291983273,0.9896270726731639,0.0
v300_s8_p0,300,0.0,h4,4,1.3366149048209695,1.3366149048209695,247.60782058400218,240.97063591599,True,True,318.0,318.0,True,True,True,0.0,-6.637184668012196,0.9731947696467831,0.0
v300_s8_p0,300,0.0,h2+3,0,1.321851912981898,1.321851912981898,127.1363982920011,126.94575820899627,True,True,342.0,342.0,True,True,True,0.0,-0.19064008300483692,0.9985005074426682,0.0
v300_s8_p0,300,0.0,h2+3,1,1.3180777688490304,1.3180777688490304,100.60926437500166,101.1215160000138,True,True,401.0,401.0,True,True,True,0.0,0.5122516250121407,1.0050914955813892,0.0
v300_s8_p0,300,0.0,h2+3,2,1.3119395226346942,1.3119395226346942,96.6634404159995,96.13160875000176,True,True,420.0,420.0,True,True,True,0.0,-0.5318316659977427,0.9944981094847343,0.0
v300_s8_p0,300,0.0,h2+3,3,1.3232870495039437,1.3232870495039437,105.32638720900286,104.42536866699811,True,True,384.0,384.0,True,True,True,0.0,-0.9010185420047492,0.9914454623776583,0.0
v300_s8_p0,300,0.0,h2+3,4,1.3187121859617006,1.3187121859617006,102.71257945898105,103.72827108300407,True,True,391.0,391.0,True,True,True,0.0,1.0156916240230203,1.0098886779922478,0.0
v300_s8_p0,300,0.0,h2+3+4,0,1.3319272884920101,1.3319272884920101,245.95446525000443,250.82670350000262,True,True,333.0,333.0,True,True,True,0.0,4.87223824999819,1.019809513297698,0.0
v300_s8_p0,300,0.0,h2+3+4,1,1.3325827075496155,1.3325827075496155,298.8668490830023,296.358164499994,True,True,258.0,258.0,True,True,True,0.0,-2.5086845830082893,0.9916060125413523,0.0
v300_s8_p0,300,0.0,h2+3+4,2,1.3367328191127525,1.3367328191127525,298.2584706669877,293.9213132089935,True,True,215.0,215.0,True,True,True,0.0,-4.337157457994181,0.985458393023021,0.0
v300_s8_p0,300,0.0,h2+3+4,3,1.3332152678234706,1.3332152678234706,273.36653341699275,272.2651789590018,True,True,268.0,268.0,True,True,True,0.0,-1.1013544579909649,0.9959711437818507,0.0
v300_s8_p0,300,0.0,h2+3+4,4,1.3404007835959633,1.3404007835959633,253.02967625000747,250.62149483300163,True,True,318.0,318.0,True,True,True,0.0,-2.408181417005835,0.990482612740545,0.0
v300_s8_p10,300,0.1,h2,0,1.3148073882635225,1.3249744024087993,54.847562499999185,54.384440624999115,True,True,749.0,747.0,True,True,True,0.010167014145276765,-0.46312187500006985,0.9915561995120553,-2.0
v300_s8_p10,300,0.1,h2,1,1.3244165291226735,1.3256429749795662,53.90357658400899,53.843786792000174,True,True,749.0,747.0,True,True,True,0.0012264458568926884,-0.0597897920088144,0.9988908010229037,-2.0
v300_s8_p10,300,0.1,h2,2,1.3138380616964,1.3196634122717115,53.865854542003945,54.14660574999289,True,True,749.0,747.0,True,True,True,0.0058253505753114165,0.28075120798894204,1.0052120440746004,-2.0
v300_s8_p10,300,0.1,h2,3,1.3225468372203057,1.33437129336003,55.08647858398035,54.72102429199731,True,True,749.0,747.0,True,True,True,0.011824456139724271,-0.3654542919830419,0.9933658077013237,-2.0
v300_s8_p10,300,0.1,h2,4,1.32860125381826,1.331872196643518,54.359825291991,54.06492908298969,True,True,749.0,747.0,True,True,True,0.003270942825257972,-0.2948962090013083,0.99457510749129,-2.0
v300_s8_p10,300,0.1,h3,0,1.341522722446218,1.3433153702171317,73.86066379200201,70.43784908400266,True,True,364.0,369.0,True,True,True,0.0017926477709135913,-3.4228147079993505,0.9536584897525658,5.0
v300_s8_p10,300,0.1,h3,1,1.3462949204575232,1.3385061315491835,68.02091462499811,60.587556458995095,True,True,351.0,375.0,True,True,True,-0.007788788908339672,-7.433358166003018,0.8907195205036068,24.0
v300_s8_p10,300,0.1,h3,2,1.3438325370277802,1.3349349611736534,60.21590454100806,65.94475916700321,True,True,387.0,345.0,True,True,True,-0.00889757585412676,5.7288546259951545,1.0951385629704145,-42.0
v300_s8_p10,300,0.1,h3,3,1.3388849246562553,1.349239819761126,70.5991421249928,66.62339379198966,True,True,371.0,354.0,True,True,True,0.010354895104870643,-3.975748333003139,0.943685599947316,-17.0
v300_s8_p10,300,0.1,h3,4,1.3419905553379552,1.3402777958752163,61.92052350001177,56.83318870799849,True,True,377.0,385.0,True,True,True,-0.0017127594627388554,-5.08733479201328,0.9178408949980483,8.0
v300_s8_p10,300,0.1,h4,0,1.3481856947396222,1.3592052633352487,144.83529550000094,156.53075162500318,True,True,331.0,235.0,True,True,True,0.011019568595626472,11.695456125002238,1.0807500415187274,-96.0
v300_s8_p10,300,0.1,h4,1,1.3578137651393878,1.3465722707239787,168.113466625,175.95279704099812,True,True,230.0,163.0,True,True,True,-0.011241494415409115,7.83933041599812,1.046631186503844,-67.0
v300_s8_p10,300,0.1,h4,2,1.3613400588939828,1.3461578011356106,150.20527633299935,142.01470650000556,True,True,345.0,309.0,True,True,True,-0.01518225775837223,-8.190569832993788,0.9454708247742536,-36.0
v300_s8_p10,300,0.1,h4,3,1.3335291705069674,1.3500486731460533,146.5315697909973,169.8925848339859,True,True,276.0,255.0,True,True,True,0.01651950263908586,23.361015042988583,1.1594264981690237,-21.0
v300_s8_p10,300,0.1,h4,4,1.341357015769622,1.3431459510694084,152.26599104100023,155.41095716701238,True,True,342.0,288.0,True,True,True,0.0017889352997864094,3.14496612601215,1.0206544225963454,-54.0
v300_s8_p10,300,0.1,h2+3,0,1.3391222943718724,1.336176134251778,76.50369770800171,72.42757754199556,True,True,364.0,369.0,True,True,True,-0.00294616012009441,-4.076120166006149,0.9467199587977586,5.0
v300_s8_p10,300,0.1,h2+3,1,1.3424184004396797,1.3380934287125603,70.17830591699749,61.66108737500326,True,True,351.0,375.0,True,True,True,-0.004324971727119431,-8.517218541994225,0.8786345946841769,24.0
v300_s8_p10,300,0.1,h2+3,2,1.3422124546142087,1.3394773254116692,62.534616666001966,68.28278420800052,True,True,387.0,345.0,True,True,True,-0.002735129202539488,5.748167541998555,1.091919769376689,-42.0
v300_s8_p10,300,0.1,h2+3,3,1.3382310234045152,1.3441550052197955,71.74236683300114,68.82896341700689,True,True,371.0,354.0,True,True,True,0.00592398181528031,-2.913403415994253,0.9593907541024406,-17.0
v300_s8_p10,300,0.1,h2+3,4,1.3531953203796945,1.3413350244759,62.54629112497787,58.588897500012536,True,True,377.0,385.0,True,True,True,-0.01186029590379456,-3.9573936249653343,0.9367285644954102,8.0
v300_s8_p10,300,0.1,h2+3+4,0,1.3466193995211582,1.3566869692299934,149.80935695899825,164.6424144160119,True,True,343.0,245.0,True,True,True,0.010067569708835267,14.833057457013638,1.0990128905037175,-98.0
v300_s8_p10,300,0.1,h2+3+4,1,1.3574245734132435,1.3427663841789519,172.35950500000035,181.60327237499587,True,True,239.0,168.0,True,True,True,-0.01465818923429163,9.243767374995514,1.0536307375389335,-71.0
v300_s8_p10,300,0.1,h2+3+4,2,1.3564623661358424,1.347036009883394,155.35910325001169,145.04652020899812,True,True,353.0,315.0,True,True,True,-0.009426356252448365,-10.312583041013568,0.9336209927498227,-38.0
v300_s8_p10,300,0.1,h2+3+4,3,1.3361940149218154,1.3474497644058356,153.10418737499276,184.4247329159989,True,True,288.0,263.0,True,True,True,0.011255749484020194,31.32054554100614,1.204570143233861,-25.0
v300_s8_p10,300,0.1,h2+3+4,4,1.3435217266626172,1.341049423201131,158.21722175000468,162.46403845900204,True,True,352.0,296.0,True,True,True,-0.0024723034614861916,4.246816708997358,1.0268416842491879,-56.0
v300_s8_p30,300,0.3,h2,0,1.473584380007267,1.481741710723142,15.306271374996868,12.229949500004295,True,True,619.0,580.0,True,True,True,0.0081573307158751,-3.0763218749925727,0.7990155930452264,-39.0
v300_s8_p30,300,0.3,h2,1,1.4736760757820417,1.484973935670229,15.28064287500456,12.157576999990852,True,True,619.0,580.0,True,True,True,0.011297859888187212,-3.123065875013708,0.7956194709502511,-39.0
v300_s8_p30,300,0.3,h2,2,1.4686528871844595,1.4703044078426664,15.149124084011419,12.094845375002478,True,True,619.0,580.0,True,True,True,0.0016515206582068398,-3.0542787090089405,0.7983857883748893,-39.0
v300_s8_p30,300,0.3,h2,3,1.4903642527729368,1.4764141531698278,15.185686457989505,12.408972750010435,True,True,619.0,580.0,True,True,True,-0.013950099603109,-2.77671370797907,0.8171492796416732,-39.0
v300_s8_p30,300,0.3,h2,4,1.469762997964307,1.494235997960748,15.273034624988213,12.23164812498726,True,True,619.0,580.0,True,True,True,0.024472999996441036,-3.0413865000009537,0.8008656056455905,-39.0
v300_s8_p30,300,0.3,h3,0,1.463281484246988,1.4767042100100465,26.4693855830119,24.030616624993854,True,True,298.0,322.0,True,True,True,0.013422725763058585,-2.438768958018045,0.9078645422135053,24.0
v300_s8_p30,300,0.3,h3,1,1.4655477268301145,1.4636687269435598,31.11333624999679,27.930522791008116,True,True,250.0,234.0,True,True,True,-0.0018789998865547108,-3.182813458988676,0.8977025982230047,-16.0
v300_s8_p30,300,0.3,h3,2,1.4583581713713074,1.4653660864093443,29.01722854199761,23.716835249986616,True,True,274.0,304.0,True,True,True,0.007007915038036883,-5.300393292010995,0.8173363357448298,30.0
v300_s8_p30,300,0.3,h3,3,1.4480906083570824,1.466761417419211,33.95389174998854,24.61823474999983,True,True,223.0,270.0,True,True,True,0.01867080906212859,-9.335656999988714,0.7250489849961937,47.0
v300_s8_p30,300,0.3,h3,4,1.4615872116237676,1.5003982842066308,29.990594458999112,24.938234250003006,True,True,282.0,308.0,True,True,True,0.038811072582863204,-5.052360208996106,0.8315351762732375,26.0
v300_s8_p30,300,0.3,h4,0,1.4580629677207202,1.4749792097841545,46.96845887499512,53.34014237500378,True,True,265.0,200.0,True,True,True,0.01691624206343434,6.371683500008658,1.1356587729856469,-65.0
v300_s8_p30,300,0.3,h4,1,1.447717076525309,1.456118722692886,43.02748787499149,41.97811320901383,True,True,300.0,271.0,True,True,True,0.008401646167577104,-1.0493746659776662,0.9756115284018804,-29.0
v300_s8_p30,300,0.3,h4,2,1.4746667914951985,1.4555736258041234,56.96589375000622,49.69567341700895,True,True,222.0,208.0,True,True,True,-0.01909316569107511,-7.270220332997269,0.8723759103139416,-14.0
v300_s8_p30,300,0.3,h4,3,1.4692448970883105,1.4672412381373372,54.39273795799818,51.69424708301085,True,True,253.0,259.0,True,True,True,-0.0020036589509733194,-2.6984908749873284,0.9503887655541243,6.0
v300_s8_p30,300,0.3,h4,4,1.432886405276603,1.4664911064716422,52.34984533401439,53.85505887499312,True,True,249.0,179.0,True,True,True,0.03360470119503911,1.5052135409787297,1.0287529701639961,-70.0
v300_s8_p30,300,0.3,h2+3,0,1.4535091158065163,1.4836638146318903,27.68122845799371,24.97626854199916,True,True,298.0,323.0,True,True,True,0.030154698825374027,-2.70495991599455,0.9022817964853211,25.0
v300_s8_p30,300,0.3,h2+3,1,1.4699214484262397,1.4614667595810509,32.09860450000269,29.184012375000748,True,True,250.0,234.0,True,True,True,-0.008454688845188851,-2.9145921250019455,0.9091987900906502,-16.0
v300_s8_p30,300,0.3,h2+3,2,1.4591135802445945,1.4837831345847847,30.418222457999946,24.844950541009894,True,True,274.0,305.0,True,True,True,0.024669554340190247,-5.573271916990052,0.8167785141066226,31.0
v300_s8_p30,300,0.3,h2+3,3,1.4447131091066643,1.4589000612292584,35.07199604201014,25.682624084001873,True,True,223.0,271.0,True,True,True,0.014186952122594132,-9.389371958008269,0.7322829317509777,48.0
v300_s8_p30,300,0.3,h2+3,4,1.454564515256562,1.4779982984621376,31.37763141700998,26.18441658298252,True,True,282.0,309.0,True,True,True,0.023433783205575542,-5.193214834027458,0.8344930895194279,27.0
v300_s8_p30,300,0.3,h2+3+4,0,1.4602362971473901,1.4796380606570716,50.482952374994056,56.70422045899613,True,True,269.0,210.0,True,True,True,0.01940176350968148,6.221268084002077,1.1232350286843304,-59.0
v300_s8_p30,300,0.3,h2+3+4,1,1.445377792589873,1.4676023459691674,46.73906233398884,43.923941874993034,True,True,302.0,281.0,True,True,True,0.02222455337929441,-2.815120458995807,0.939769428002653,-21.0
v300_s8_p30,300,0.3,h2+3+4,2,1.4747554462134422,1.456385996605631,60.8072244579962,52.86367500000051,True,True,227.0,217.0,True,True,True,-0.018369449607811283,-7.943549457995687,0.8693650379736892,-10.0
v300_s8_p30,300,0.3,h2+3+4,3,1.4713369705357522,1.4666390250092183,58.17828670798917,53.98245891701663,True,True,259.0,269.0,True,True,True,-0.004697945526533909,-4.195827790972544,0.9278798323499553,10.0
v300_s8_p30,300,0.3,h2+3+4,4,1.4357588303246156,1.4669205691803824,56.377402749989415,56.58708724999451,True,True,254.0,190.0,True,True,True,0.031161738855766785,0.2096845000050962,1.0037193004604161,-64.0
v300_s8_p50,300,0.5,h2,0,2.071728495152689,1.9169031149789448,5.522480208004708,3.0326885000104085,True,True,443.0,311.0,True,True,True,-0.15482538017374403,-2.4897917079943,0.5491533488186333,-132.0
v300_s8_p50,300,0.5,h2,1,2.6826122129902212,1.8868153012818223,5.182434375004959,3.1831539169943426,True,True,443.0,311.0,True,True,True,-0.795796911708399,-1.9992804580106167,0.6142198215469533,-132.0
v300_s8_p50,300,0.5,h2,2,2.024238154148952,1.9671944538386363,5.7648850419936934,3.028322250000201,True,True,443.0,311.0,True,True,True,-0.05704370031031547,-2.7365627919934923,0.5253048808329583,-132.0
v300_s8_p50,300,0.5,h2,3,2.138395093934689,1.9164170541870582,5.479695457994239,3.0935217090009246,True,True,443.0,311.0,True,True,True,-0.22197803974763075,-2.386173748993315,0.564542634296918,-132.0
v300_s8_p50,300,0.5,h2,4,2.013790600566008,2.096179811429504,5.749324084026739,3.0712039589998312,True,True,443.0,311.0,True,True,True,0.08238921086349604,-2.6781201250269078,0.5341852214475978,-132.0
v300_s8_p50,300,0.5,h3,0,1.836721002137304,1.879765111185015,15.619880791986361,7.1771322499989765,True,True,338.0,157.0,True,True,True,0.043044109047711165,-8.442748541987385,0.4594870054117916,-181.0
v300_s8_p50,300,0.5,h3,1,1.812127476795317,1.903534101006158,15.782917415999691,6.504284791997634,True,True,334.0,155.0,True,True,True,0.09140662421084089,-9.278632624002057,0.41210915704367906,-179.0
v300_s8_p50,300,0.5,h3,2,1.805064705899498,1.928513898003362,15.961497374999453,7.435038249997888,True,True,344.0,161.0,True,True,True,0.12344919210386407,-8.526459125001566,0.4658108243430477,-183.0
v300_s8_p50,300,0.5,h3,3,1.7961867674920615,1.8572119663429403,15.988586040999508,7.110613166994881,True,True,334.0,181.0,True,True,True,0.06102519885087876,-8.877972874004627,0.44473058147613215,-153.0
v300_s8_p50,300,0.5,h3,4,1.8285812658452565,1.8893495388728416,16.28991708299145,7.532129500003066,True,True,344.0,173.0,True,True,True,0.06076827302758514,-8.757787582988385,0.4623798550741229,-171.0
v300_s8_p50,300,0.5,h4,0,1.8331059444593332,1.7980279456105481,12.900239124996006,9.010160791993258,True,True,197.0,173.0,True,True,True,-0.03507799884878504,-3.890078333002748,0.6984491298719276,-24.0
v300_s8_p50,300,0.5,h4,1,1.826912698921322,1.7606506732735607,12.548119709012099,9.14065579099406,True,True,196.0,184.0,True,True,True,-0.06626202564776129,-3.4074639180180384,0.7284482458697945,-12.0
v300_s8_p50,300,0.5,h4,2,1.7752566861323955,1.782195239925334,12.926147750011296,9.768258166994201,True,True,233.0,134.0,True,True,True,0.006938553792938507,-3.157889583017095,0.7556975485589406,-99.0
v300_s8_p50,300,0.5,h4,3,1.8129595902826074,1.7533957587868572,13.618862833012827,9.173382707987912,True,True,184.0,148.0,True,True,True,-0.059563831495750286,-4.445480125024915,0.6735791982390159,-36.0
v300_s8_p50,300,0.5,h4,4,1.7974954898086952,1.8579073943980606,13.235245208023116,9.60100645798957,True,True,213.0,160.0,True,True,True,0.060411904589365406,-3.6342387500335462,0.7254120575091049,-53.0
v300_s8_p50,300,0.5,h2+3,0,1.7594171861738597,1.8445304169375176,16.697365416999673,7.5743167920009,True,True,338.0,157.0,True,True,True,0.08511323076365795,-9.123048624998773,0.45362346710634055,-181.0
v300_s8_p50,300,0.5,h2+3,1,1.7984106575960597,1.8483186996899605,16.62409395900613,7.016083416994661,True,True,334.0,155.0,True,True,True,0.04990804209390087,-9.60801054201147,0.4220430559581676,-179.0
v300_s8_p50,300,0.5,h2+3,2,1.7898816233531656,1.9273316744671294,16.535142749999068,7.836269790990627,True,True,344.0,161.0,True,True,True,0.1374500511139638,-8.69887295900844,0.47391606528410946,-183.0
v300_s8_p50,300,0.5,h2+3,3,1.8310660620222046,1.8506873308798455,16.924449165991973,7.559732124995207,True,True,334.0,181.0,True,True,True,0.019621268857640928,-9.364717040996766,0.4466752241594811,-153.0
v300_s8_p50,300,0.5,h2+3,4,1.8267276305759788,1.9182110743557634,17.335780791996513,8.01902050001081,True,True,344.0,173.0,True,True,True,0.09148344377978468,-9.316760291985702,0.46257048333888645,-171.0
v300_s8_p50,300,0.5,h2+3+4,0,1.8279256962438122,1.7919994973965319,14.862186832993757,10.478748500012443,True,True,198.0,177.0,True,True,True,-0.03592619884728032,-4.383438332981314,0.7050610127407247,-21.0
v300_s8_p50,300,0.5,h2+3+4,1,1.822304619628516,1.7548394105501615,14.475853916999768,10.532763250012067,True,True,197.0,187.0,True,True,True,-0.06746520907835452,-3.9430906669877004,0.7276091144884297,-10.0
v300_s8_p50,300,0.5,h2+3+4,2,1.754984754690743,1.8021785009590527,14.991452375004883,11.023648874994251,True,True,235.0,138.0,True,True,True,0.04719374626830963,-3.967803500010632,0.735328946071555,-97.0
v300_s8_p50,300,0.5,h2+3+4,3,1.8080240313136955,1.7714866927377884,15.732376083004056,10.56484737500432,True,True,185.0,152.0,True,True,True,-0.03653733857590713,-5.167528707999736,0.6715353942255231,-33.0
v300_s8_p50,300,0.5,h2+3+4,4,1.7871543366070755,1.877177838875678,15.296337334002601,10.956563666986767,True,True,216.0,164.0,True,True,True,0.09002350226860245,-4.339773667015834,0.7162867441888298,-52.0
v300_s9_p0,300,0.0,h2,0,1.302692740524182,1.302692740524182,69.56232754200755,70.71875891600212,True,True,504.0,504.0,True,True,True,0.0,1.1564313739945646,1.0166243916047262,0.0
v300_s9_p0,300,0.0,h2,1,1.2974958956559874,1.2974958956559874,65.36918354200316,65.06912683299743,True,True,597.0,597.0,True,True,True,0.0,-0.3000567090057302,0.9954098140324343,0.0
v300_s9_p0,300,0.0,h2,2,1.2942783772336053,1.2942783772336053,66.92214120799326,66.17215962499904,True,True,608.0,608.0,True,True,True,0.0,-0.7499815829942236,0.9887932219523089,0.0
v300_s9_p0,300,0.0,h2,3,1.2927946468861573,1.2927946468861573,66.1473591660033,67.50433737499407,True,True,630.0,630.0,True,True,True,0.0,1.3569782089907676,1.0205144729298308,0.0
v300_s9_p0,300,0.0,h2,4,1.3009993679671388,1.3009993679671388,67.12545941700228,68.05592491599964,True,True,561.0,561.0,True,True,True,0.0,0.9304654989973642,1.0138615885400062,0.0
v300_s9_p0,300,0.0,h3,0,1.3148254978016263,1.3148254978016263,100.27460258299834,99.07669558300404,True,True,376.0,376.0,True,True,True,0.0,-1.1979069999943022,0.9880537347529971,0.0
v300_s9_p0,300,0.0,h3,1,1.3106708918167829,1.3106708918167829,110.86370695900405,112.94265495799482,True,True,331.0,331.0,True,True,True,0.0,2.0789479989907704,1.0187522865328644,0.0
v300_s9_p0,300,0.0,h3,2,1.2999196495312781,1.2999196495312781,109.0659532090067,105.35041374999855,True,True,347.0,347.0,True,True,True,0.0,-3.7155394590081414,0.9659330950705769,0.0
v300_s9_p0,300,0.0,h3,3,1.3087343310716812,1.3087343310716812,108.00720970801194,109.05735737501527,True,True,335.0,335.0,True,True,True,0.0,1.0501476670033298,1.0097229404392754,0.0
v300_s9_p0,300,0.0,h3,4,1.3066813369643009,1.3066813369643009,99.71316975000082,99.1723867499968,True,True,397.0,397.0,True,True,True,0.0,-0.5407830000040121,0.9945766140885918,0.0
v300_s9_p0,300,0.0,h4,0,1.3280823083761504,1.3280823083761504,253.7903788340045,248.76057004200993,True,True,268.0,268.0,True,True,True,0.0,-5.029808791994583,0.9801812471571887,0.0
v300_s9_p0,300,0.0,h4,1,1.3295533374399915,1.3295533374399915,234.5237000000052,238.190004959004,True,True,197.0,197.0,True,True,True,0.0,3.6663049589988077,1.0156329827603723,0.0
v300_s9_p0,300,0.0,h4,2,1.3286266780099603,1.3286266780099603,237.18681050000305,231.38986770900374,True,True,247.0,247.0,True,True,True,0.0,-5.79694279099931,0.9755595904393712,0.0
v300_s9_p0,300,0.0,h4,3,1.3327376715315513,1.3327376715315513,228.96606416700524,233.66920129201026,True,True,237.0,237.0,True,True,True,0.0,4.703137125005014,1.0205407606673738,0.0
v300_s9_p0,300,0.0,h4,4,1.3280887403809345,1.3280887403809345,236.90180000002147,228.5567913329869,True,True,258.0,258.0,True,True,True,0.0,-8.345008667034563,0.9647743973788557,0.0
v300_s9_p0,300,0.0,h2+3,0,1.3168994256389213,1.3168994256389213,100.60141895800189,101.20007400000759,True,True,376.0,376.0,True,True,True,0.0,0.5986550420057029,1.0059507614127752,0.0
v300_s9_p0,300,0.0,h2+3,1,1.313365463193605,1.313365463193605,111.49610979099816,111.97558145799849,True,True,331.0,331.0,True,True,True,0.0,0.4794716670003254,1.004300344360885,0.0
v300_s9_p0,300,0.0,h2+3,2,1.3015977656675612,1.3015977656675612,108.34001887499471,107.56524270899536,True,True,347.0,347.0,True,True,True,0.0,-0.7747761659993557,0.9928486613345221,0.0
v300_s9_p0,300,0.0,h2+3,3,1.3140721863292522,1.3140721863292522,111.683477707993,112.81127245799871,True,True,335.0,335.0,True,True,True,0.0,1.1277947500057053,1.010098134237496,0.0
v300_s9_p0,300,0.0,h2+3,4,1.3064089361333622,1.3064089361333622,100.53603687498253,100.46970158300246,True,True,397.0,397.0,True,True,True,0.0,-0.06633529198006727,0.9993401839376008,0.0
v300_s9_p0,300,0.0,h2+3+4,0,1.3234986468685765,1.3234986468685765,256.24916570800997,254.15108329200302,True,True,268.0,268.0,True,True,True,0.0,-2.098082416006946,0.9918123346462027,0.0
v300_s9_p0,300,0.0,h2+3+4,1,1.329514446410283,1.329514446410283,242.95503095799359,250.21184141701087,True,True,197.0,197.0,True,True,True,0.0,7.256810459017288,1.0298689450076544,0.0
v300_s9_p0,300,0.0,h2+3+4,2,1.3286693936246,1.3286693936246,237.03779287500947,245.19106608300353,True,True,247.0,247.0,True,True,True,0.0,8.153273207994062,1.0343965116663625,0.0
v300_s9_p0,300,0.0,h2+3+4,3,1.3277081274351392,1.3277081274351392,233.60706258300343,241.00955583402538,True,True,237.0,237.0,True,True,True,0.0,7.402493251021951,1.0316877973173082,0.0
v300_s9_p0,300,0.0,h2+3+4,4,1.3333555273843256,1.3333555273843256,236.27237837499706,239.76724495799863,True,True,258.0,258.0,True,True,True,0.0,3.494866583001567,1.014791684948694,0.0
v300_s9_p10,300,0.1,h2,0,1.3374840001131822,1.3278414743310314,47.236728292002226,46.3776685000048,True,True,565.0,557.0,True,True,True,-0.009642525782150857,-0.8590597919974243,0.981813732172834,-8.0
v300_s9_p10,300,0.1,h2,1,1.3307371313496035,1.3149175151922237,46.8222842910036,46.182487958998536,True,True,532.0,543.0,True,True,True,-0.015819616157379812,-0.6397963320050621,0.9863356446253522,11.0
v300_s9_p10,300,0.1,h2,2,1.3145887131878342,1.32239487237609,47.16185074999521,45.59309366700472,True,True,541.0,545.0,True,True,True,0.00780615918825589,-1.568757082990487,0.9667367361958193,4.0
v300_s9_p10,300,0.1,h2,3,1.318767417117349,1.3179744195476057,46.83779020799557,45.31229941701167,True,True,540.0,537.0,True,True,True,-0.000792997569743159,-1.5254907909838948,0.9674303423750448,-3.0
v300_s9_p10,300,0.1,h2,4,1.3146928483998062,1.310722929089568,46.764860958995996,46.986377666005865,True,True,540.0,541.0,True,True,True,-0.003969919310238268,0.2215167070098687,1.0047368195364486,1.0
v300_s9_p10,300,0.1,h3,0,1.3310330885820407,1.341979917239556,71.63835324998945,67.44755883299513,True,True,335.0,362.0,True,True,True,0.010946828657515173,-4.190794416994322,0.9415006874548035,27.0
v300_s9_p10,300,0.1,h3,1,1.3327998311606473,1.3419361459482821,59.58511729100428,56.39314275000652,True,True,367.0,372.0,True,True,True,0.00913631478763488,-3.1919745409977622,0.9464300032270028,5.0
v300_s9_p10,300,0.1,h3,2,1.3338940313986427,1.343921344510411,69.5555886249931,58.41132195899263,True,True,365.0,379.0,True,True,True,0.010027313111768299,-11.144266666000476,0.8397789899229455,14.0
v300_s9_p10,300,0.1,h3,3,1.3339424464420484,1.3334057190482775,71.9714832919999,65.92200637501082,True,True,347.0,345.0,True,True,True,-0.0005367273937708639,-6.049476916989079,0.9159461964616544,-2.0
v300_s9_p10,300,0.1,h3,4,1.331883854037293,1.3283853160956758,60.55738879099954,68.22037429199554,True,True,372.0,334.0,True,True,True,-0.0034985379416172524,7.662985500996001,1.1265408838456212,-38.0
v300_s9_p10,300,0.1,h4,0,1.3592231365805953,1.3499055757814338,168.61520333299995,165.75618224999926,True,True,222.0,228.0,True,True,True,-0.009317560799161573,-2.859021083000698,0.9830441085590936,6.0
v300_s9_p10,300,0.1,h4,1,1.3498539733209522,1.3493886887603452,144.95026733299892,196.26600129100552,True,True,268.0,107.0,True,True,True,-0.0004652845606070155,51.315733958006604,1.354023037709322,-161.0
v300_s9_p10,300,0.1,h4,2,1.3361452135436465,1.3476609505627337,166.10072975000367,193.7904582080082,True,True,268.0,185.0,True,True,True,0.011515737019087258,27.689728458004538,1.1667044359147611,-83.0
v300_s9_p10,300,0.1,h4,3,1.3401242554666661,1.343035119778849,174.79749591698055,176.03161670902045,True,True,179.0,194.0,True,True,True,0.0029108643121829036,1.2341207920399029,1.0070602887390678,15.0
v300_s9_p10,300,0.1,h4,4,1.3436861315937647,1.3427682231056048,177.5357042910182,177.18327320800745,True,True,165.0,160.0,True,True,True,-0.0009179084881598687,-0.35243108301074244,0.9980148720821078,-5.0
v300_s9_p10,300,0.1,h2+3,0,1.3352154288479956,1.334849683791589,72.21578033299011,68.41660904198943,True,True,335.0,362.0,True,True,True,-0.000365745056406519,-3.7991712910006754,0.9473913973721182,27.0
v300_s9_p10,300,0.1,h2+3,1,1.339719090892628,1.3454300695275236,60.86025979100668,56.9989955839992,True,True,367.0,372.0,True,True,True,0.005710978634895669,-3.86126420700748,0.9365552460625864,5.0
v300_s9_p10,300,0.1,h2+3,2,1.337251342271847,1.3351754314367283,70.86480633298925,59.89176016600686,True,True,365.0,379.0,True,True,True,-0.0020759108351187106,-10.973046166982385,0.8451552084200903,14.0
v300_s9_p10,300,0.1,h2+3,3,1.3303733597006921,1.334632128895097,72.68960641598096,68.15213199998834,True,True,347.0,345.0,True,True,True,0.004258769194404932,-4.5374744159926195,0.9375773973788494,-2.0
v300_s9_p10,300,0.1,h2+3,4,1.3262651329528605,1.3281895617075756,62.27647933299886,70.20680220800568,True,True,372.0,334.0,True,True,True,0.0019244287547151018,7.930322875006823,1.127340578015057,-38.0
v300_s9_p10,300,0.1,h2+3+4,0,1.3644212749652311,1.3435843020470812,177.8215584589925,172.36429687499185,True,True,235.0,240.0,True,True,True,-0.0208369729181499,-5.457261584000662,0.9693104613900954,5.0
v300_s9_p10,300,0.1,h2+3+4,1,1.3493821491585103,1.3545562158325357,148.80782025000372,201.98208129100385,True,True,273.0,119.0,True,True,True,0.005174066674025424,53.174261041000136,1.3573351249394354,-154.0
v300_s9_p10,300,0.1,h2+3+4,2,1.33490550608153,1.3462621106128836,168.92644341599953,198.29063054198923,True,True,275.0,193.0,True,True,True,0.011356604531353565,29.3641871259897,1.1738282446027544,-82.0
v300_s9_p10,300,0.1,h2+3+4,3,1.33923720593748,1.342193948377475,183.92002645801404,179.24487645798945,True,True,191.0,205.0,True,True,True,0.002956742439994997,-4.675150000024587,0.9745805277975433,14.0
v300_s9_p10,300,0.1,h2+3+4,4,1.346110561276552,1.3415772833937465,182.31428775002132,181.45025966700632,True,True,176.0,170.0,True,True,True,-0.004533277882805553,-0.8640280830150004,0.9952607769052105,-6.0
v300_s9_p30,300,0.3,h2,0,1.4436959276321082,1.4495648375528793,27.13963745899673,22.353546832993743,True,True,545.0,452.0,True,True,True,0.005868909920771159,-4.786090626002988,0.8236494266648204,-93.0
v300_s9_p30,300,0.3,h2,1,1.4591808982851415,1.4481431057791225,26.565728667002986,22.457414749995223,True,True,545.0,462.0,True,True,True,-0.011037792506018995,-4.108313917007763,0.8453528616321879,-83.0
v300_s9_p30,300,0.3,h2,2,1.4308224092886836,1.4345938210492688,26.4505863749946,22.289070666010957,True,True,545.0,466.0,True,True,True,0.0037714117605851527,-4.161515708983643,0.8426683004306557,-79.0
v300_s9_p30,300,0.3,h2,3,1.448832368578734,1.4393056060436276,26.470977874996606,22.564738874993054,True,True,545.0,463.0,True,True,True,-0.009526762535106537,-3.906239000003552,0.8524331432540985,-82.0
v300_s9_p30,300,0.3,h2,4,1.446250218504125,1.4589599022614845,26.79832999999053,22.86847374998615,True,True,545.0,466.0,True,True,True,0.01270968375735948,-3.929856250004377,0.8533544347723994,-79.0
v300_s9_p30,300,0.3,h3,0,1.4481768768204342,1.45153351247385,25.36496045900276,22.23113737499807,True,True,326.0,300.0,True,True,True,0.003356635653415818,-3.133823084004689,0.8764507009947888,-26.0
v300_s9_p30,300,0.3,h3,1,1.4666376248856872,1.4573597311269995,25.343696665993775,23.14336970799195,True,True,282.0,259.0,True,True,True,-0.009277893758687705,-2.200326958001824,0.9131805045254417,-23.0
v300_s9_p30,300,0.3,h3,2,1.460857036002254,1.4619934039697189,24.16867658299452,22.352341790989158,True,True,363.0,262.0,True,True,True,0.0011363679674649685,-1.8163347920053639,0.9248475693003659,-101.0
v300_s9_p30,300,0.3,h3,3,1.460034707364696,1.4614968632256853,23.1146636249905,23.8052098750195,True,True,331.0,274.0,True,True,True,0.0014621558609893004,0.6905462500290014,1.0298748128561306,-57.0
v300_s9_p30,300,0.3,h3,4,1.4377060829666743,1.452359957427397,23.487140291981632,23.78115108300699,True,True,340.0,277.0,True,True,True,0.014653874460722749,0.2940107910253573,1.0125179475819681,-63.0
v300_s9_p30,300,0.3,h4,0,1.44388823374662,1.4460653535424288,40.77400329201191,42.06894020900654,True,True,323.0,254.0,True,True,True,0.002177119795808924,1.2949369169946294,1.0317588858695246,-69.0
v300_s9_p30,300,0.3,h4,1,1.4507749951333648,1.4493145990943899,40.831880790996365,52.14120312500745,True,True,305.0,250.0,True,True,True,-0.0014603960389749648,11.309322334011085,1.2769728485420355,-55.0
v300_s9_p30,300,0.3,h4,2,1.4679818794791086,1.4566626224942916,42.99425050000718,39.32597550000355,True,True,308.0,250.0,True,True,True,-0.011319256984817061,-3.668275000003632,0.9146798709747709,-58.0
v300_s9_p30,300,0.3,h4,3,1.4585149619670192,1.4428160097981282,40.10016154201003,48.87210195901571,True,True,363.0,205.0,True,True,True,-0.015698952168891056,8.77194041700568,1.2187507501139605,-158.0
v300_s9_p30,300,0.3,h4,4,1.45424462033046,1.4462884228675457,52.78899875000934,42.987309707998065,True,True,224.0,279.0,True,True,True,-0.007956197462914316,-9.801689042011276,0.8143232629126246,55.0
v300_s9_p30,300,0.3,h2+3,0,1.4447146177553236,1.455557394048737,26.388539499996114,23.334245500009274,True,True,326.0,300.0,True,True,True,0.010842776293413348,-3.0542939999868395,0.8842568001920952,-26.0
v300_s9_p30,300,0.3,h2+3,1,1.4654311170370258,1.455170825210673,26.476142166997306,24.246655459006433,True,True,282.0,260.0,True,True,True,-0.010260291826352796,-2.2294867079908727,0.91579261457623,-22.0
v300_s9_p30,300,0.3,h2+3,2,1.456859416997949,1.469208152029789,25.72899845900247,23.15446074999636,True,True,363.0,262.0,True,True,True,0.012348735031840086,-2.5745377090061083,0.8999363417465134,-101.0
v300_s9_p30,300,0.3,h2+3,3,1.4465261006177852,1.464252769619546,24.120169665984577,24.855508791981265,True,True,331.0,275.0,True,True,True,0.017726669001760786,0.7353391259966884,1.0304864823166522,-56.0
v300_s9_p30,300,0.3,h2+3,4,1.4430798983312996,1.4454903849089897,24.520515499985777,24.783085750008468,True,True,340.0,278.0,True,True,True,0.002410486577690163,0.26257025002269074,1.0107081863765401,-62.0
v300_s9_p30,300,0.3,h2+3+4,0,1.4654233998378348,1.4423128044069375,40.92511650000233,45.46645212499425,True,True,331.0,264.0,True,True,True,-0.02311059543089722,4.541335624991916,1.110966956563011,-67.0
v300_s9_p30,300,0.3,h2+3+4,1,1.4472834186434573,1.455753837825419,44.318571916999645,55.01116529099818,True,True,310.0,263.0,True,True,True,0.008470419181961564,10.692593373998534,1.2412666498826666,-47.0
v300_s9_p30,300,0.3,h2+3+4,2,1.4556417046037615,1.442453241048251,43.11401870800182,42.090612166997744,True,True,321.0,262.0,True,True,True,-0.013188463555510621,-1.0234065410040785,0.9762627894204133,-59.0
v300_s9_p30,300,0.3,h2+3+4,3,1.473562771026535,1.4506541351931042,44.40238283301005,52.7657749580103,True,True,364.0,220.0,True,True,True,-0.022908635833430946,8.363392125000246,1.1883545789975634,-144.0
v300_s9_p30,300,0.3,h2+3+4,4,1.4494716849789175,1.4557851436619424,56.183112833998166,46.19914833299117,True,True,228.0,288.0,True,True,True,0.006313458683024908,-9.983964501006994,0.8222959890010689,60.0
v300_s9_p50,300,0.5,h2,0,1.8794251503315038,1.910681913907231,6.004420375000336,2.916754125006264,True,True,441.0,305.0,True,True,True,0.031256763575727264,-3.087666249994072,0.4857678081884966,-136.0
v300_s9_p50,300,0.5,h2,1,1.87094721548996,1.8867456589806912,5.540615665988298,2.977658125004382,True,True,441.0,305.0,True,True,True,0.01579844349073123,-2.5629575409839163,0.5374236916094137,-136.0
v300_s9_p50,300,0.5,h2,2,1.8081070397637389,1.8425935574365941,5.839769707992673,2.997823541998514,True,True,441.0,305.0,True,True,True,0.034486517672855266,-2.841946165994159,0.5133461920417008,-136.0
v300_s9_p50,300,0.5,h2,3,1.9089442993202774,1.944149350636815,5.829894584021531,2.8925119169871323,True,True,441.0,305.0,True,True,True,0.03520505131653762,-2.9373826670343988,0.49615166711845465,-136.0
v300_s9_p50,300,0.5,h2,4,1.8790788743621218,1.8576084417450756,5.76471825002227,3.0437209579977207,True,True,441.0,305.0,True,True,True,-0.021470432617046287,-2.720997292024549,0.5279912783223989,-136.0
v300_s9_p50,300,0.5,h3,0,1.766307440205344,1.9305596255706703,13.916160207998473,7.740648915991187,True,True,272.0,216.0,True,True,True,0.16425218536532626,-6.175511292007286,0.5562345359851606,-56.0
v300_s9_p50,300,0.5,h3,1,1.7622596665513226,1.8761556178257084,16.531603292009095,7.708580667007482,True,True,290.0,216.0,True,True,True,0.11389595127438579,-8.823022625001613,0.46629359118081365,-74.0
v300_s9_p50,300,0.5,h3,2,1.804581155674097,1.8559677602264826,16.703180957993027,7.682391583992285,True,True,265.0,216.0,True,True,True,0.05138660455238564,-9.020789374000742,0.4599358411618001,-49.0
v300_s9_p50,300,0.5,h3,3,1.7975658255221822,1.9435083400469086,15.734141374996398,7.680601291998755,True,True,267.0,216.0,True,True,True,0.1459425145247264,-8.053540082997642,0.4881487403058569,-51.0
v300_s9_p50,300,0.5,h3,4,1.813041418286003,1.9221249498259172,11.662975624989485,7.757922457996756,True,True,203.0,216.0,True,True,True,0.10908353153991412,-3.9050531669927295,0.6651752269270261,13.0
v300_s9_p50,300,0.5,h4,0,1.821768917167173,1.8392785717402138,12.083397082999,7.874314041007892,True,True,265.0,167.0,True,True,True,0.017509654573040878,-4.209083041991107,0.6516639308400144,-98.0
v300_s9_p50,300,0.5,h4,1,1.8133052133742331,1.8206328300803192,11.828279124994879,7.8474449169880245,True,True,244.0,157.0,True,True,True,0.00732761670608606,-3.980834208006854,0.6634477284531805,-87.0
v300_s9_p50,300,0.5,h4,2,1.8023322321235953,1.8457194822286653,12.060158541993587,7.959549874998629,True,True,226.0,195.0,True,True,True,0.04338725010507005,-4.100608666994958,0.6599871674392506,-31.0
v300_s9_p50,300,0.5,h4,3,1.77602108200989,1.8412656477379894,11.895976291008992,7.770977292006137,True,True,234.0,165.0,True,True,True,0.06524456572809934,-4.124998999002855,0.653244181217767,-69.0
v300_s9_p50,300,0.5,h4,4,1.8030483980046947,1.8529190136160922,12.014473333983915,7.929018666007323,True,True,235.0,151.0,True,True,True,0.049870615611397495,-4.085454667976592,0.6599555757121246,-84.0
v300_s9_p50,300,0.5,h2+3,0,1.7717620092391728,1.8718819104216742,14.883787667000433,8.364611249999143,True,True,272.0,216.0,True,True,True,0.10011990118250136,-6.51917641700129,0.561994798443996,-56.0
v300_s9_p50,300,0.5,h2+3,1,1.7915723499287957,1.9302109809822205,17.449784999989788,8.257957082998473,True,True,290.0,216.0,True,True,True,0.1386386310534249,-9.191827916991315,0.47324119368824924,-74.0
v300_s9_p50,300,0.5,h2+3,2,1.7732758901416126,1.8729614199233793,17.327383374999044,8.208356957999058,True,True,265.0,216.0,True,True,True,0.0996855297817667,-9.119026416999986,0.4737216682030913,-49.0
v300_s9_p50,300,0.5,h2+3,3,1.7811656097949577,1.9187331383950132,16.608823749993462,8.316839165985584,True,True,267.0,216.0,True,True,True,0.1375675286000555,-8.291984584007878,0.500748234262457,-51.0
v300_s9_p50,300,0.5,h2+3,4,1.798509627380966,1.8714816504654324,12.444598208006937,8.469737375009572,True,True,203.0,216.0,True,True,True,0.07297202308446638,-3.974860832997365,0.6805954867679125,13.0
v300_s9_p50,300,0.5,h2+3+4,0,1.8102201690138333,1.8661613289303327,14.255137540996657,9.222710874993936,True,True,265.0,171.0,True,True,True,0.055941159916499394,-5.032426666002721,0.6469745274972019,-94.0
v300_s9_p50,300,0.5,h2+3+4,1,1.8136823310891568,1.8205953530174284,14.005534833006095,9.093460624993895,True,True,245.0,160.0,True,True,True,0.00691302192827159,-4.9120742080122,0.6492762135412224,-85.0
v300_s9_p50,300,0.5,h2+3+4,2,1.8241529251512318,1.8448310205164569,14.254402457998367,9.25095762500132,True,True,226.0,198.0,True,True,True,0.020678095365225024,-5.003444832997047,0.6489895070845614,-28.0
v300_s9_p50,300,0.5,h2+3+4,3,1.8277776431211346,1.841447893252439,13.817421082989313,9.061846374999732,True,True,234.0,168.0,True,True,True,0.013670250131304407,-4.755574707989581,0.6558276193924357,-66.0
v300_s9_p50,300,0.5,h2+3+4,4,1.8400158350867595,1.8414100373314188,14.25435999999172,9.209782541001914,True,True,235.0,153.0,True,True,True,0.0013942022446593594,-5.0445774589898065,0.6461028443933831,-82.0
v400_s0_p0,400,0.0,h2,0,1.2923932910765095,1.2923932910765095,144.9068307920097,143.2093917500024,True,True,943.0,943.0,True,True,True,0.0,-1.6974390420073178,0.9882859970594229,0.0
v400_s0_p0,400,0.0,h2,1,1.2795117643951952,1.2795117643951952,142.52549520799948,142.8344304170023,True,True,1000.0,1000.0,True,True,True,0.0,0.30893520900281146,1.0021675785693778,0.0
v400_s0_p0,400,0.0,h2,2,1.2802844570499297,1.2802844570499297,145.4015843340021,147.01223362500605,True,True,1012.0,1012.0,True,True,True,0.0,1.6106492910039378,1.011077247186689,0.0
v400_s0_p0,400,0.0,h2,3,1.2736692240859953,1.2736692240859953,145.40087295800913,141.04396574999555,True,True,999.0,999.0,True,True,True,0.0,-4.356907208013581,0.9700352059834481,0.0
v400_s0_p0,400,0.0,h2,4,1.2725585380580338,1.2725585380580338,144.85595958301565,147.2614754579845,True,True,992.0,992.0,True,True,True,0.0,2.4055158749688417,1.0166062610188313,0.0
v400_s0_p0,400,0.0,h3,0,1.2886577807465285,1.2886577807465285,235.88055800000438,236.8815937499894,True,True,437.0,437.0,True,True,True,0.0,1.0010357499850215,1.0042438247495795,0.0
v400_s0_p0,400,0.0,h3,1,1.3024830459852972,1.3024830459852972,298.15158345799136,298.825623333003,True,True,406.0,406.0,True,True,True,0.0,0.6740398750116583,1.0022607288118146,0.0
v400_s0_p0,400,0.0,h3,2,1.3046157990926732,1.3046157990926732,234.04617391699867,238.96903424999618,True,True,443.0,443.0,True,True,True,0.0,4.922860332997516,1.0210337142052293,0.0
v400_s0_p0,400,0.0,h3,3,1.3034743494465404,1.3034743494465404,263.7368702919921,266.43192945802,True,True,427.0,427.0,True,True,True,0.0,2.6950591660279315,1.0102187425028748,0.0
v400_s0_p0,400,0.0,h3,4,1.3111949065800956,1.3111949065800956,267.35686795800575,268.39859583301586,True,True,402.0,402.0,True,True,True,0.0,1.0417278750101104,1.0038963946689177,0.0
v400_s0_p0,400,0.0,h4,0,1.3301799554876115,1.3301799554876115,563.7280101250071,569.8091408329929,True,True,270.0,270.0,True,True,True,0.0,6.0811307079857215,1.0107873488610886,0.0
v400_s0_p0,400,0.0,h4,1,1.3226993528091417,1.3226993528091417,576.5026507500006,567.1274417090026,True,True,310.0,310.0,True,True,True,0.0,-9.375209040998016,0.9837377867581332,0.0
v400_s0_p0,400,0.0,h4,2,1.3248460596424172,1.3248460596424172,575.0963347499928,568.3727221669978,True,True,321.0,321.0,True,True,True,0.0,-6.723612582994974,0.988308719467117,0.0
v400_s0_p0,400,0.0,h4,3,1.3281726375653333,1.3281726375653333,540.9932566669886,546.5450463340094,True,True,404.0,404.0,True,True,True,0.0,5.551789667020785,1.010262216023218,0.0
v400_s0_p0,400,0.0,h4,4,1.313014988162406,1.313014988162406,545.3411335419805,542.8571539999975,True,True,402.0,402.0,True,True,True,0.0,-2.4839795419829898,0.9954450904411893,0.0
v400_s0_p0,400,0.0,h2+3,0,1.2985104675333707,1.2985104675333707,236.83637770899804,240.33283512499474,True,True,437.0,437.0,True,True,True,0.0,3.4964574159967015,1.014763177218885,0.0
v400_s0_p0,400,0.0,h2+3,1,1.3032228048688455,1.3032228048688455,305.290645333007,303.11417520800023,True,True,406.0,406.0,True,True,True,0.0,-2.1764701250067446,0.9928708260201269,0.0
v400_s0_p0,400,0.0,h2+3,2,1.3119486461571757,1.3119486461571757,240.08597479198943,237.92433466600778,True,True,443.0,443.0,True,True,True,0.0,-2.1616401259816485,0.9909963914891134,0.0
v400_s0_p0,400,0.0,h2+3,3,1.3091372049007224,1.3091372049007224,265.8743269590195,272.4319712500146,True,True,427.0,427.0,True,True,True,0.0,6.557644290995086,1.0246644509306302,0.0
v400_s0_p0,400,0.0,h2+3,4,1.3071488652154641,1.3071488652154641,268.80520012500347,270.8825711249956,True,True,402.0,402.0,True,True,True,0.0,2.0773709999921266,1.0077281652253234,0.0
v400_s0_p0,400,0.0,h2+3+4,0,1.3342073766879616,1.3342073766879616,570.0151074589958,583.5320392920112,True,True,270.0,270.0,True,True,True,0.0,13.516931833015406,1.0237132869921133,0.0
v400_s0_p0,400,0.0,h2+3+4,1,1.320269649923606,1.320269649923606,588.3961765840068,585.3002922500018,True,True,310.0,310.0,True,True,True,0.0,-3.09588433400495,0.99473843567105,0.0
v400_s0_p0,400,0.0,h2+3+4,2,1.3239456560047136,1.3239456560047136,581.7887632909988,585.0132307079912,True,True,321.0,321.0,True,True,True,0.0,3.224467416992411,1.0055423336104887,0.0
v400_s0_p0,400,0.0,h2+3+4,3,1.3263388373325635,1.3263388373325635,555.5331159580091,564.6052138750092,True,True,404.0,404.0,True,True,True,0.0,9.072097917000065,1.0163304358577352,0.0
v400_s0_p0,400,0.0,h2+3+4,4,1.315842247578009,1.315842247578009,569.812756875006,574.9156029580045,True,True,353.0,353.0,True,True,True,0.0,5.10284608299844,1.008955303336808,0.0
v400_s0_p10,400,0.1,h2,0,1.3026948353011583,1.3039562197065628,103.49193395899783,100.87848558300175,True,True,880.0,684.0,True,True,True,0.0012613844054045753,-2.613448375996086,0.9747473230422817,-196.0
v400_s0_p10,400,0.1,h2,1,1.30571675864026,1.3129800179199733,102.24568887500209,99.32516950000718,True,True,841.0,677.0,True,True,True,0.0072632592797132745,-2.9205193749949103,0.9714362590038851,-164.0
v400_s0_p10,400,0.1,h2,2,1.3050257084102483,1.2954517340780762,99.966915625002,102.08002758299699,True,True,717.0,862.0,True,True,True,-0.009573974332172108,2.113111957994988,1.0211381129925199,145.0
v400_s0_p10,400,0.1,h2,3,1.310312381332485,1.2930808327450285,102.03783020802075,101.21723029197892,True,True,686.0,848.0,True,True,True,-0.01723154858745657,-0.8205999160418287,0.9919578854786611,162.0
v400_s0_p10,400,0.1,h2,4,1.3091308249242146,1.3080692802919567,102.02443820799817,101.6188368340081,True,True,742.0,762.0,True,True,True,-0.001061544632257938,-0.40560137399006635,0.9960244684399716,20.0
v400_s0_p10,400,0.1,h3,0,1.306137382850416,1.3305953043843968,128.79393204201187,157.04181595800037,True,True,515.0,451.0,True,True,True,0.024457921533980853,28.247883915988496,1.219326201693836,-64.0
v400_s0_p10,400,0.1,h3,1,1.3214357260154348,1.3276476999837838,274.4181428330048,185.4842983330018,True,True,349.0,389.0,True,True,True,0.006211973968349049,-88.93384450000303,0.6759184958331159,40.0
v400_s0_p10,400,0.1,h3,2,1.3358073937691746,1.3325381388925386,153.80471770800068,164.10136237498955,True,True,473.0,431.0,True,True,True,-0.0032692548766359852,10.296644666988868,1.0669462212891097,-42.0
v400_s0_p10,400,0.1,h3,3,1.3116785747585684,1.3301003248182528,171.81132316600997,269.23723445797805,True,True,424.0,342.0,True,True,True,0.018421750059684383,97.42591129196808,1.567051748957383,-82.0
v400_s0_p10,400,0.1,h3,4,1.332260236909005,1.3183560886780978,167.22496599997976,165.79283820898854,True,True,450.0,412.0,True,True,True,-0.013904148230907243,-1.432127790991217,0.9914359211710565,-38.0
v400_s0_p10,400,0.1,h4,0,1.3269447301431014,1.3224468496123314,365.25827724998817,343.25133270799415,True,True,371.0,371.0,True,True,True,-0.004497880530770049,-22.006944541994017,0.9397496349495945,0.0
v400_s0_p10,400,0.1,h4,1,1.3306419916239705,1.3301149650877622,472.8507127910125,337.7819021250034,True,True,185.0,449.0,True,True,True,-0.000527026536208286,-135.06881066600909,0.7143521051945502,264.0
v400_s0_p10,400,0.1,h4,2,1.3292348587522826,1.329696529452461,382.79740016598953,371.4659673749993,True,True,304.0,362.0,True,True,True,0.00046167070017832934,-11.33143279099022,0.9703983548841328,58.0
v400_s0_p10,400,0.1,h4,3,1.3367879584216935,1.3390717350652317,358.58888945900253,356.87571520899655,True,True,376.0,333.0,True,True,True,0.0022837766435381823,-1.7131742500059772,0.9952224558530226,-43.0
v400_s0_p10,400,0.1,h4,4,1.3292569555377591,1.3376393591182556,390.2152927079878,437.6330974170123,True,True,323.0,244.0,True,True,True,0.008382403580496467,47.417804709024495,1.1215170332765736,-79.0
v400_s0_p10,400,0.1,h2+3,0,1.3141356541071039,1.3296121885723047,130.47163316700608,161.176188833997,True,True,515.0,451.0,True,True,True,0.015476534465200809,30.704555666990927,1.2353351063498113,-64.0
v400_s0_p10,400,0.1,h2+3,1,1.320743602958178,1.322354130588481,278.57235020800726,196.09379870799603,True,True,349.0,389.0,True,True,True,0.0016105276303028937,-82.47855150001124,0.7039241280104601,40.0
v400_s0_p10,400,0.1,h2+3,2,1.3394480602942358,1.3267150032336588,156.79384983300406,167.22457824999583,True,True,473.0,431.0,True,True,True,-0.012733057060577035,10.43072841699177,1.0665251119741062,-42.0
v400_s0_p10,400,0.1,h2+3,3,1.3202003044647175,1.3272038284400811,172.8259080410062,277.8648967499903,True,True,424.0,342.0,True,True,True,0.007003523975363635,105.0389887089841,1.607773394044958,-82.0
v400_s0_p10,400,0.1,h2+3,4,1.3368851563800093,1.3207266535333522,168.24215733399615,170.44009258400183,True,True,450.0,412.0,True,True,True,-0.016158502846657097,2.197935250005685,1.013064117132321,-38.0
v400_s0_p10,400,0.1,h2+3+4,0,1.3264957763973997,1.3272618821327293,375.1502694170049,346.46355279099953,True,True,385.0,388.0,True,True,True,0.0007661057353296474,-28.686716626005364,0.9235327308425357,3.0
v400_s0_p10,400,0.1,h2+3+4,1,1.3336009333540668,1.3365052901101413,474.9337680829922,343.98321120798937,True,True,202.0,465.0,True,True,True,0.0029043567560744776,-130.9505568750028,0.724276171383712,263.0
v400_s0_p10,400,0.1,h2+3+4,2,1.334551986234616,1.3320826068601728,390.49595733299793,374.7461400839966,True,True,320.0,373.0,True,True,True,-0.002469379374443248,-15.749817249001353,0.9596671439147049,53.0
v400_s0_p10,400,0.1,h2+3+4,3,1.336743328761448,1.3378886662804241,372.27824591699755,372.81800183298765,True,True,387.0,345.0,True,True,True,0.0011453375189760528,0.5397559159900993,1.0014498722982337,-42.0
v400_s0_p10,400,0.1,h2+3+4,4,1.3333700591738862,1.33519902928483,401.4487885419803,439.93562975001987,True,True,336.0,257.0,True,True,True,0.0018289701109437395,38.48684120803955,1.09586986511485,-79.0
v400_s0_p30,400,0.3,h2,0,1.425615359417004,1.4099861748685814,51.560523208012455,46.32699149999826,True,True,739.0,637.0,True,True,True,-0.01562918454842266,-5.233531708014198,0.8984973118503787,-102.0
v400_s0_p30,400,0.3,h2,1,1.4098496109851553,1.4162249909241758,51.41640233299404,45.720699291996425,True,True,738.0,692.0,True,True,True,0.006375379939020487,-5.695703040997614,0.8892240066874016,-46.0
v400_s0_p30,400,0.3,h2,2,1.40755993351469,1.4164733843756032,50.76974499999778,45.4788692919974,True,True,739.0,692.0,True,True,True,0.008913450860913219,-5.290875708000385,0.8957868370621004,-47.0
v400_s0_p30,400,0.3,h2,3,1.432327348531238,1.4264863365245166,51.183710542012705,45.25818408300984,True,True,739.0,631.0,True,True,True,-0.00584101200672138,-5.925526459002867,0.8842302287924384,-108.0
v400_s0_p30,400,0.3,h2,4,1.4129637053863078,1.413935888088683,51.80584941699635,46.10277870800928,True,True,738.0,692.0,True,True,True,0.0009721827023752017,-5.70307070898707,0.8899145410572881,-46.0
v400_s0_p30,400,0.3,h3,0,1.4336580633285028,1.4311289549866082,50.847734250011854,51.848727959004464,True,True,417.0,378.0,True,True,True,-0.0025291083418945703,1.0009937089926098,1.0196861025128643,-39.0
v400_s0_p30,400,0.3,h3,1,1.4335918389727564,1.4112318858114294,50.85365966599784,50.64420595798583,True,True,402.0,376.0,True,True,True,-0.022359953161326995,-0.20945370801200625,0.9958812461209738,-26.0
v400_s0_p30,400,0.3,h3,2,1.4177531950014806,1.450308808499298,50.701772333995905,65.53682587499497,True,True,420.0,310.0,True,True,True,0.03255561349781755,14.83505354099907,1.2925943780283211,-110.0
v400_s0_p30,400,0.3,h3,3,1.4187774207504416,1.4197823125089148,47.80570220798836,64.0008563750016,True,True,407.0,295.0,True,True,True,0.001004891758473292,16.195154167013243,1.3387703436831229,-112.0
v400_s0_p30,400,0.3,h3,4,1.4089045552614072,1.4271585829378857,49.88235858400003,49.623814374994254,True,True,439.0,369.0,True,True,True,0.018254027676478435,-0.2585442090057768,0.9948169209246512,-70.0
v400_s0_p30,400,0.3,h4,0,1.425857174036189,1.4348933938387596,137.35155375000613,133.1226808749925,True,True,254.0,203.0,True,True,True,0.009036219802570633,-4.2288728750136215,0.9692113211714328,-51.0
v400_s0_p30,400,0.3,h4,1,1.423854996866395,1.4403207252977683,150.18369925000297,116.37943920800171,True,True,200.0,288.0,True,True,True,0.016465728431373394,-33.80426004200126,0.7749139206797065,88.0
v400_s0_p30,400,0.3,h4,2,1.4238678511998242,1.4378471214345765,112.90361091699742,130.85610424999322,True,True,266.0,187.0,True,True,True,0.013979270234752317,17.9524933329958,1.1590072557218194,-79.0
v400_s0_p30,400,0.3,h4,3,1.4378843609593486,1.433099397813902,122.16555333402357,126.37533816701034,True,True,339.0,193.0,True,True,True,-0.00478496314544663,4.20978483298677,1.0344596714711916,-146.0
v400_s0_p30,400,0.3,h4,4,1.4371186906787503,1.4419020710980517,125.28928808300407,123.5368402080203,True,True,232.0,232.0,True,True,True,0.004783380419301375,-1.7524478749837726,0.98601278767086,0.0
v400_s0_p30,400,0.3,h2+3,0,1.436606142693848,1.4281925873918013,53.24047483300092,53.47100070799934,True,True,417.0,378.0,True,True,True,-0.008413555302046571,0.23052587499842048,1.0043298989297431,-39.0
v400_s0_p30,400,0.3,h2+3,1,1.4354064588010604,1.4133202986891138,52.5218469590036,51.965605250006774,True,True,402.0,376.0,True,True,True,-0.02208616011194664,-0.5562417089968221,0.9894093269524394,-26.0
v400_s0_p30,400,0.3,h2+3,2,1.4189353594677212,1.4639076232870702,52.47063879200141,66.35509162499511,True,True,420.0,311.0,True,True,True,0.044972263819349045,13.884452832993702,1.264613756429248,-109.0
v400_s0_p30,400,0.3,h2+3,3,1.4235150183743746,1.42072145917752,49.44780875000288,65.13872375001665,True,True,407.0,295.0,True,True,True,-0.0027935591968546447,15.690915000013774,1.3173227569970503,-112.0
v400_s0_p30,400,0.3,h2+3,4,1.4210389672566808,1.4185283216155098,51.26549116699607,51.357957667001756,True,True,439.0,370.0,True,True,True,-0.002510645641170983,0.09246650000568479,1.0018036791982443,-69.0
v400_s0_p30,400,0.3,h2+3+4,0,1.4179793839905335,1.4375327649897216,140.20969320798758,134.5659435000125,True,True,266.0,225.0,True,True,True,0.01955338099918813,-5.643749707975076,0.9597477921900656,-41.0
v400_s0_p30,400,0.3,h2+3+4,1,1.4241038791273395,1.4418836955028167,153.3916853749979,118.90326708300563,True,True,213.0,304.0,True,True,True,0.01777981637547721,-34.488418291992275,0.77516109685034,91.0
v400_s0_p30,400,0.3,h2+3+4,2,1.4252649187591995,1.4386353305347697,119.29731283300498,131.11862554200343,True,True,278.0,207.0,True,True,True,0.01337041177557019,11.821312708998448,1.0990911901389278,-71.0
v400_s0_p30,400,0.3,h2+3+4,3,1.4391709835823887,1.4297616074857353,121.95804150000913,130.06216441700235,True,True,349.0,215.0,True,True,True,-0.009409376096653377,8.10412291699322,1.0664500906813317,-134.0
v400_s0_p30,400,0.3,h2+3+4,4,1.4241302615322287,1.4437195646981096,131.2091023749963,128.46077054200578,True,True,244.0,251.0,True,True,True,0.019589303165880922,-2.748331832990516,0.979053802036266,7.0
v400_s0_p50,400,0.5,h2,0,2.1606513312415694,1.8982684341620903,8.918426707998151,4.026585541010718,True,True,589.0,412.0,True,True,True,-0.26238289707947904,-4.891841166987433,0.45149056810655047,-177.0
v400_s0_p50,400,0.5,h2,1,2.0341505585083888,1.9131823720551044,8.595135041003232,3.9931167920003645,True,True,589.0,412.0,True,True,True,-0.12096818645328433,-4.602018249002867,0.4645787149301478,-177.0
v400_s0_p50,400,0.5,h2,2,2.2418782112400018,1.8550337703634185,8.490485250003985,3.833194791994174,True,True,589.0,412.0,True,True,True,-0.3868444408765832,-4.657290458009811,0.4514694601221261,-177.0
v400_s0_p50,400,0.5,h2,3,1.9308877723045468,2.0541931366100656,8.716062624996994,3.8457845830125734,True,True,589.0,412.0,True,True,True,0.12330536430551886,-4.87027804198442,0.44122957216750147,-177.0
v400_s0_p50,400,0.5,h2,4,2.1286973384573367,1.946477086656238,8.496934916009195,3.737619999999879,True,True,589.0,412.0,True,True,True,-0.1822202518010987,-4.759314916009316,0.43987861940165934,-177.0
v400_s0_p50,400,0.5,h3,0,1.7971232280649074,1.710350330671923,23.721418125001946,10.406919459011988,True,True,310.0,208.0,True,True,True,-0.08677289739298444,-13.314498665989959,0.4387140517557541,-102.0
v400_s0_p50,400,0.5,h3,1,1.7567574251992126,1.7456980289283486,22.3387817920011,12.341732583008707,True,True,242.0,226.0,True,True,True,-0.011059396270864053,-9.997049208992394,0.5524801082674947,-16.0
v400_s0_p50,400,0.5,h3,2,1.7888938056107955,1.7111524516301915,27.170930833002785,11.624968957999954,True,True,322.0,216.0,True,True,True,-0.077741353980604,-15.545961875002831,0.4278458117408275,-106.0
v400_s0_p50,400,0.5,h3,3,1.728112482107816,1.8179085139608648,18.937564291001763,12.159060833015246,True,True,301.0,225.0,True,True,True,0.08979603185304885,-6.778503457986517,0.6420604385112323,-76.0
v400_s0_p50,400,0.5,h3,4,1.7263972980159243,1.719213944321775,21.96398779199808,12.550224624981638,True,True,306.0,230.0,True,True,True,-0.0071833536941492415,-9.413763167016441,0.5714000910870082,-76.0
v400_s0_p50,400,0.5,h4,0,,1.7619517303854444,22.778424458010704,16.52430837501015,True,True,425.0,194.0,False,True,False,,-6.254116083000554,0.7254368450930718,-231.0
v400_s0_p50,400,0.5,h4,1,,1.7224811138385676,24.271996249997756,16.969647583988262,True,True,390.0,192.0,False,True,False,,-7.302348666009493,0.6991451139495719,-198.0
v400_s0_p50,400,0.5,h4,2,,1.8184546031872713,20.948328042009962,16.636449834011728,True,True,439.0,203.0,False,True,False,,-4.311878207998234,0.7941659974318163,-236.0
v400_s0_p50,400,0.5,h4,3,,1.7745783557195456,23.868539832998067,15.313949625007808,True,True,419.0,236.0,False,True,False,,-8.554590207990259,0.6415955786217133,-183.0
v400_s0_p50,400,0.5,h4,4,,1.806218108352308,20.844653000007384,17.98913033300778,True,True,446.0,201.0,False,True,False,,-2.8555226669996046,0.8630093450344991,-245.0
v400_s0_p50,400,0.5,h2+3,0,1.8572321878338454,1.7132788761095128,25.27045924999402,10.982897082998534,True,True,310.0,208.0,True,True,True,-0.14395331172433257,-14.287562166995485,0.4346140675302976,-102.0
v400_s0_p50,400,0.5,h2+3,1,1.7572298303936886,1.7323564086053056,23.286789167003008,12.7029244590085,True,True,242.0,226.0,True,True,True,-0.024873421788383032,-10.583864707994508,0.5454991827301091,-16.0
v400_s0_p50,400,0.5,h2+3,2,1.762736426072609,1.7210999690534259,28.035517333002645,12.285949208991951,True,True,322.0,216.0,True,True,True,-0.04163645701918317,-15.749568124010693,0.43822801851882603,-106.0
v400_s0_p50,400,0.5,h2+3,3,1.7365750912870797,1.7939227141229397,20.258150917012244,12.677515334013151,True,True,301.0,227.0,True,True,True,0.057347622835860035,-7.5806355829990935,0.6257982471325613,-74.0
v400_s0_p50,400,0.5,h2+3,4,1.7846465071332054,1.719124362563401,23.184122791979462,13.278685166005744,True,True,306.0,231.0,True,True,True,-0.06552214456980443,-9.905437625973718,0.5727490871726878,-75.0
v400_s0_p50,400,0.5,h2+3+4,0,,1.764115763552533,25.760628292002366,18.647717416999512,True,True,427.0,197.0,False,True,False,,-7.112910875002854,0.7238844179428991,-230.0
v400_s0_p50,400,0.5,h2+3+4,1,,1.7078775227892407,27.617358999996213,18.804033583001,True,True,392.0,195.0,False,True,False,,-8.813325416995212,0.680877327299963,-197.0
v400_s0_p50,400,0.5,h2+3+4,2,,1.7919558584478308,23.629033332996187,18.42522870800167,True,True,440.0,205.0,False,True,False,,-5.203804624994518,0.7797707357868173,-235.0
v400_s0_p50,400,0.5,h2+3+4,3,,1.7534939600476611,27.1013363749953,17.127921708015492,True,True,420.0,238.0,False,True,False,,-9.973414666979806,0.6319954658700281,-182.0
v400_s0_p50,400,0.5,h2+3+4,4,,1.7897944966628918,23.441672291985014,20.140575583995087,True,True,446.0,203.0,False,True,False,,-3.3010967079899274,0.8591782758980633,-243.0
v400_s1_p0,400,0.0,h2,0,1.2782989669065252,1.2782989669065252,148.22820854200108,147.91289570801018,True,True,991.0,991.0,True,True,True,0.0,-0.3153128339909017,0.9978727879322541,0.0
v400_s1_p0,400,0.0,h2,1,1.292932037400459,1.292932037400459,149.41679599999043,146.1490809590032,True,True,992.0,992.0,True,True,True,0.0,-3.267715040987241,0.9781302027050062,0.0
v400_s1_p0,400,0.0,h2,2,1.2894863954102138,1.2894863954102138,144.54244279199338,144.39021749999665,True,True,999.0,999.0,True,True,True,0.0,-0.15222529199672863,0.9989468471055537,0.0
v400_s1_p0,400,0.0,h2,3,1.2796491620330035,1.2796491620330035,144.18275837501278,144.3383092909935,True,True,1003.0,1003.0,True,True,True,0.0,0.15555091598071158,1.0010788454717736,0.0
v400_s1_p0,400,0.0,h2,4,1.2834970602362206,1.2834970602362206,143.52140333302668,143.24100766700576,True,True,971.0,971.0,True,True,True,0.0,-0.28039566602092236,0.9980463146296703,0.0
v400_s1_p0,400,0.0,h3,0,1.299589825918677,1.299589825918677,220.96447858399188,221.78997504198924,True,True,516.0,516.0,True,True,True,0.0,0.8254964579973603,1.0037358785597006,0.0
v400_s1_p0,400,0.0,h3,1,1.3055963006817008,1.3055963006817008,235.94215129200893,245.32991237500391,True,True,450.0,450.0,True,True,True,0.0,9.387761082994984,1.0397884016551855,0.0
v400_s1_p0,400,0.0,h3,2,1.3111485691108598,1.3111485691108598,226.68980679201195,226.53850216699357,True,True,472.0,472.0,True,True,True,0.0,-0.15130462501838338,0.9993325477349001,0.0
v400_s1_p0,400,0.0,h3,3,1.322319811471945,1.322319811471945,221.12953299999936,224.14144349997514,True,True,473.0,473.0,True,True,True,0.0,3.0119104999757838,1.0136205709798871,0.0
v400_s1_p0,400,0.0,h3,4,1.3178856192543362,1.3178856192543362,271.1040012080048,279.4671693330165,True,True,450.0,450.0,True,True,True,0.0,8.363168125011725,1.0308485602858921,0.0
v400_s1_p0,400,0.0,h4,0,1.3205171297481595,1.3205171297481595,633.0059413749987,643.1147559160017,True,True,326.0,326.0,True,True,True,0.0,10.108814541003085,1.015969541326966,0.0
v400_s1_p0,400,0.0,h4,1,1.3209513346583976,1.3209513346583976,663.1069216250035,641.2809214580047,True,True,275.0,275.0,True,True,True,0.0,-21.82600016699871,0.9670852475593045,0.0
v400_s1_p0,400,0.0,h4,2,1.3208442680790589,1.3208442680790589,572.087600083003,572.2363563340041,True,True,286.0,286.0,True,True,True,0.0,0.14875625100103207,1.000260023554049,0.0
v400_s1_p0,400,0.0,h4,3,1.3129562872211582,1.3129562872211582,553.7604862500157,559.9700183749956,True,True,285.0,285.0,True,True,True,0.0,6.209532124979887,1.011213389685909,0.0
v400_s1_p0,400,0.0,h4,4,1.3294216199078275,1.3294216199078275,596.7766101250018,595.3183972919942,True,True,332.0,332.0,True,True,True,0.0,-1.4582128330075648,0.9975565181204034,0.0
v400_s1_p0,400,0.0,h2+3,0,1.2980985783400176,1.2980985783400176,226.43817391700577,223.29052283299097,True,True,516.0,516.0,True,True,True,0.0,-3.1476510840147967,0.9860992913448928,0.0
v400_s1_p0,400,0.0,h2+3,1,1.2993491641681054,1.2993491641681054,241.6739272079867,239.22131641600572,True,True,450.0,450.0,True,True,True,0.0,-2.4526107919809874,0.9898515705839039,0.0
v400_s1_p0,400,0.0,h2+3,2,1.3123524753758593,1.3123524753758593,226.38600808300544,227.02381512499414,True,True,472.0,472.0,True,True,True,0.0,0.6378070419887081,1.0028173430301173,0.0
v400_s1_p0,400,0.0,h2+3,3,1.3205735401645815,1.3205735401645815,226.77093295799568,228.86709470898495,True,True,473.0,473.0,True,True,True,0.0,2.0961617509892676,1.0092435204267451,0.0
v400_s1_p0,400,0.0,h2+3,4,1.3142101329820663,1.3142101329820663,275.1076289580087,276.29945966700325,True,True,450.0,450.0,True,True,True,0.0,1.1918307089945301,1.0043322343095635,0.0
v400_s1_p0,400,0.0,h2+3+4,0,1.3198310534845552,1.3198310534845552,640.0220889159973,641.832121667001,True,True,326.0,326.0,True,True,True,0.0,1.810032751003746,1.0028280785653343,0.0
v400_s1_p0,400,0.0,h2+3+4,1,1.3220968869444514,1.3220968869444514,654.8613562499959,647.9636963749945,True,True,275.0,275.0,True,True,True,0.0,-6.897659875001409,0.9894669920446975,0.0
v400_s1_p0,400,0.0,h2+3+4,2,1.3254657287160057,1.3254657287160057,582.9062297500059,590.9753496669873,True,True,286.0,286.0,True,True,True,0.0,8.069119916981435,1.0138429124705737,0.0
v400_s1_p0,400,0.0,h2+3+4,3,1.313630714784692,1.313630714784692,577.2486927919963,560.4680728749954,True,True,285.0,285.0,True,True,True,0.0,-16.780619917000877,0.9709299992766764,0.0
v400_s1_p0,400,0.0,h2+3+4,4,1.3330757633312507,1.3330757633312507,608.706912833004,639.0334844590107,True,True,332.0,332.0,True,True,True,0.0,30.326571626006626,1.049821303137273,0.0
v400_s1_p10,400,0.1,h2,0,1.329751353544521,1.3246518955672522,115.31414445801056,114.1179569169908,True,True,1008.0,1002.0,True,True,True,-0.00509945797726874,-1.1961875410197536,0.9896267058421847,-6.0
v400_s1_p10,400,0.1,h2,1,1.3210028987828981,1.3152376027972137,118.15630724999937,114.84653824999987,True,True,1007.0,1002.0,True,True,True,-0.005765295985684427,-3.3097689999995055,0.9719882156354415,-5.0
v400_s1_p10,400,0.1,h2,2,1.3178636622014823,1.3244182710915997,113.80543958400085,111.7105040000024,True,True,1007.0,1002.0,True,True,True,0.006554608890117386,-2.094935583998449,0.9815919556072523,-5.0
v400_s1_p10,400,0.1,h2,3,1.318728995837496,1.3117106983455056,114.23643225000706,114.97322750001331,True,True,1007.0,1002.0,True,True,True,-0.007018297491990344,0.7367952500062529,1.0064497396801904,-5.0
v400_s1_p10,400,0.1,h2,4,1.322943172759792,1.2999543800502005,116.65889024999342,114.86134520798805,True,True,1008.0,1002.0,True,True,True,-0.022988792709591532,-1.7975450420053676,0.9845914440112251,-6.0
v400_s1_p10,400,0.1,h3,0,1.3500277221041814,1.3332340344843117,151.5540022500063,162.9543126669887,True,True,476.0,473.0,True,True,True,-0.016793687619869768,11.400310416982393,1.0752227605192255,-3.0
v400_s1_p10,400,0.1,h3,1,1.3392180000975753,1.3435711918271531,166.13315391699143,152.33940004199394,True,True,451.0,488.0,True,True,True,0.004353191729577821,-13.793753874997492,0.9169716967999684,37.0
v400_s1_p10,400,0.1,h3,2,1.3458358280020377,1.3443980071379869,154.9468574999919,164.98448429099517,True,True,446.0,449.0,True,True,True,-0.001437820864050865,10.037626791003277,1.0647810930338086,3.0
v400_s1_p10,400,0.1,h3,3,1.340675512875091,1.3431564770167594,156.40798579200055,170.16838587500388,True,True,449.0,441.0,True,True,True,0.00248096414166854,13.760400083003333,1.0879776055763715,-8.0
v400_s1_p10,400,0.1,h3,4,1.3395215887742802,1.325892657503025,153.1850866249879,153.02446349998354,True,True,466.0,473.0,True,True,True,-0.013628931271255196,-0.16062312500434928,0.9989514441089323,7.0
v400_s1_p10,400,0.1,h4,0,1.3464254784309357,1.3422050139365362,260.51235937500314,426.1626608330116,True,True,515.0,265.0,True,True,True,-0.004220464494399501,165.65030145800847,1.6358635031958606,-250.0
v400_s1_p10,400,0.1,h4,1,1.3473560354644356,1.3494530614021174,368.84063683400746,379.11974554200424,True,True,373.0,337.0,True,True,True,0.0020970259376817957,10.279108707996784,1.0278686990572103,-36.0
v400_s1_p10,400,0.1,h4,2,1.343449712881423,1.3503208510373224,374.571018208997,384.6172324999934,True,True,345.0,273.0,True,True,True,0.006871138155899459,10.046214290996431,1.0268205862242952,-72.0
v400_s1_p10,400,0.1,h4,3,1.3381717885292823,1.340772542759684,276.1709616250009,376.68051570799435,True,True,502.0,276.0,True,True,True,0.002600754230401625,100.50955408299342,1.3639396172993394,-226.0
v400_s1_p10,400,0.1,h4,4,1.360262413669162,1.3424052391672967,377.60470245900797,360.2235810410057,True,True,328.0,307.0,True,True,True,-0.01785717450186519,-17.381121418002294,0.9539700610060884,-21.0
v400_s1_p10,400,0.1,h2+3,0,1.3467169642356271,1.3349897097475398,155.5610399589932,169.6850123750046,True,True,476.0,473.0,True,True,True,-0.011727254488087313,14.123972416011384,1.0907937644267134,-3.0
v400_s1_p10,400,0.1,h2+3,1,1.3374602565532072,1.3411550784049628,166.62079270799586,155.06944416699116,True,True,451.0,488.0,True,True,True,0.0036948218517556253,-11.5513485410047,0.9306728268827257,37.0
v400_s1_p10,400,0.1,h2+3,2,1.3471523095920213,1.3468891927833049,153.02333783300128,169.59082699999271,True,True,446.0,449.0,True,True,True,-0.0002631168087163793,16.567489166991436,1.1082677283191404,3.0
v400_s1_p10,400,0.1,h2+3,3,1.3432519171516766,1.346985425411012,157.53480208298424,164.31844712499878,True,True,449.0,442.0,True,True,True,0.003733508259335494,6.783645042014541,1.0430612471169458,-7.0
v400_s1_p10,400,0.1,h2+3,4,1.3359801773174758,1.3278588746957336,154.8019769579987,153.8591980409983,True,True,466.0,473.0,True,True,True,-0.008121302621742155,-0.9427789170003962,0.9939097746971527,7.0
v400_s1_p10,400,0.1,h2+3+4,0,1.3462748526713575,1.3438201408209207,290.4372257919895,438.49245016700297,True,True,517.0,277.0,True,True,True,-0.002454711850436775,148.0552243750135,1.509766693891541,-240.0
v400_s1_p10,400,0.1,h2+3+4,1,1.3443640165532451,1.3503157066063873,390.4925089590106,388.321495665994,True,True,385.0,345.0,True,True,True,0.005951690053142222,-2.1710132930165855,0.9944403202540193,-40.0
v400_s1_p10,400,0.1,h2+3+4,2,1.3466465066543378,1.3455132643744894,383.7087358340068,398.8578869589983,True,True,356.0,286.0,True,True,True,-0.0011332422798484565,15.149151124991477,1.039480860637859,-70.0
v400_s1_p10,400,0.1,h2+3+4,3,1.3380771904060094,1.3426111208134788,282.15924804197857,388.7793767080002,True,True,518.0,289.0,True,True,True,0.004533930407469411,106.62012866602163,1.3778721746882423,-229.0
v400_s1_p10,400,0.1,h2+3+4,4,1.361160601442821,1.3453542258183517,382.7560301249905,379.1593242920062,True,True,344.0,319.0,True,True,True,-0.015806375624469293,-3.5967058329842985,0.9906031373775881,-25.0
v400_s1_p30,400,0.3,h2,0,1.445607143992933,1.4510835638035047,28.23261629100307,21.530254458994023,True,True,826.0,766.0,True,True,True,0.0054764198105716755,-6.702361832009046,0.7626021703789139,-60.0
v400_s1_p30,400,0.3,h2,1,1.4456924436079492,1.4461438517596208,27.68094795900106,21.2046740000078,True,True,826.0,766.0,True,True,True,0.0004514081516715507,-6.476273958993261,0.7660385775593584,-60.0
v400_s1_p30,400,0.3,h2,2,1.4469044262377786,1.455860024513431,27.708792874997016,21.260016000000178,True,True,826.0,766.0,True,True,True,0.008955598275652399,-6.448776874996838,0.7672660478538608,-60.0
v400_s1_p30,400,0.3,h2,3,1.4580825270669537,1.4601837997583118,27.367509083007462,20.977645625011064,True,True,826.0,766.0,True,True,True,0.0021012726913580693,-6.389863457996398,0.7665164396724773,-60.0
v400_s1_p30,400,0.3,h2,4,1.448761602211773,1.4477163921238125,27.927063625014853,21.178518250002526,True,True,826.0,766.0,True,True,True,-0.0010452100879605464,-6.748545375012327,0.758351058112407,-60.0
v400_s1_p30,400,0.3,h3,0,1.4312493985722328,1.4385633867120098,50.27376912499312,59.009619417003705,True,True,430.0,352.0,True,True,True,0.007313988139777017,8.735850292010582,1.1737655728634764,-78.0
v400_s1_p30,400,0.3,h3,1,1.4315613367547129,1.4389406118008399,51.60946104199684,57.30713333300082,True,True,384.0,332.0,True,True,True,0.00737927504612701,5.6976722910039825,1.1103997634535951,-52.0
v400_s1_p30,400,0.3,h3,2,1.443741731048461,1.4676499461810686,50.92666016599105,45.50288983399514,True,True,406.0,372.0,True,True,True,0.023908215132607546,-5.423770331995911,0.8934984089999698,-34.0
v400_s1_p30,400,0.3,h3,3,1.4396622507307602,1.437706100836358,50.79814987498685,54.47209870899678,True,True,402.0,349.0,True,True,True,-0.0019561498944020705,3.673948834009934,1.0723244614823855,-53.0
v400_s1_p30,400,0.3,h3,4,1.456642824042892,1.4503782041328017,52.44542045798153,56.012639749998925,True,True,393.0,340.0,True,True,True,-0.006264619910090197,3.5672192920173984,1.0680177460847207,-53.0
v400_s1_p30,400,0.3,h4,0,1.454915935168513,1.4398217822490178,129.413660834005,124.84002920800413,True,True,320.0,280.0,True,True,True,-0.01509415291949523,-4.573631626000861,0.9646588188872323,-40.0
v400_s1_p30,400,0.3,h4,1,1.4615742889119674,1.4679778817869666,152.09886075000395,111.27816124999663,True,True,224.0,321.0,True,True,True,0.006403592874999253,-40.82069950000732,0.7316173224525203,97.0
v400_s1_p30,400,0.3,h4,2,1.4626900212447156,1.4373242227583072,132.73339900000428,112.71366162500635,True,True,206.0,248.0,True,True,True,-0.02536579848640841,-20.01973737499793,0.8491733239273314,42.0
v400_s1_p30,400,0.3,h4,3,1.470237074717747,1.4486240670456438,121.3914126669988,89.5554512499948,True,True,330.0,353.0,True,True,True,-0.021613007672103057,-31.835961417004,0.7377412395361401,23.0
v400_s1_p30,400,0.3,h4,4,1.4589216966271277,1.4606096269128537,127.22716183299781,88.79142879199935,True,True,215.0,338.0,True,True,True,0.0016879302857260026,-38.43573304099846,0.6978967974507648,123.0
v400_s1_p30,400,0.3,h2+3,0,1.439718334641205,1.435778186764366,50.53008545799821,59.87267491700186,True,True,430.0,352.0,True,True,True,-0.003940147876839051,9.342589459003648,1.1848916219777508,-78.0
v400_s1_p30,400,0.3,h2+3,1,1.4310035235695011,1.4409538479526935,52.9660813340015,58.942004874988925,True,True,384.0,332.0,True,True,True,0.009950324383192433,5.975923540987424,1.1128254798255424,-52.0
v400_s1_p30,400,0.3,h2+3,2,1.449388029487531,1.4647413832051972,52.338990125004784,47.40206183400005,True,True,406.0,373.0,True,True,True,0.015353353717666218,-4.936928291004733,0.9056739864637523,-33.0
v400_s1_p30,400,0.3,h2+3,3,1.4384790068333508,1.4481201865958753,52.91037883399986,56.31252945799497,True,True,402.0,349.0,True,True,True,0.009641179762524432,3.4021506239951123,1.0643002507063684,-53.0
v400_s1_p30,400,0.3,h2+3,4,1.4547847026171896,1.4588449196771676,54.597100625018356,58.59419020899804,True,True,393.0,340.0,True,True,True,0.004060217059977944,3.9970895839796867,1.073210656577395,-53.0
v400_s1_p30,400,0.3,h2+3+4,0,1.4652349004933072,1.4403611609726445,136.75154774999828,130.51746000000276,True,True,331.0,287.0,True,True,True,-0.02487373952066263,-6.234087749995524,0.954413036981546,-44.0
v400_s1_p30,400,0.3,h2+3+4,1,1.467927514538108,1.4660023344261837,156.03225687499798,114.65699141701043,True,True,216.0,330.0,True,True,True,-0.0019251801119244405,-41.37526545798755,0.7348287701104362,114.0
v400_s1_p30,400,0.3,h2+3+4,2,1.4657731289111782,1.4304464742434717,139.53779583300638,116.12806683300005,True,True,224.0,264.0,True,True,True,-0.03532665466770646,-23.409729000006337,0.8322337768039405,40.0
v400_s1_p30,400,0.3,h2+3+4,3,1.4512951862826782,1.4457176787935937,124.03829358398798,93.3122727079899,True,True,300.0,360.0,True,True,True,-0.005577507489084477,-30.726020875998074,0.752286007907767,60.0
v400_s1_p30,400,0.3,h2+3+4,4,1.458494639071814,1.4533165325939053,131.82108699998935,93.70867566700326,True,True,231.0,346.0,True,True,True,-0.005178106477908839,-38.112411332986085,0.7108777343568016,115.0
v400_s1_p50,400,0.5,h2,0,,1.8891986041006628,8.749807790998602,4.018432791999658,True,True,590.0,411.0,False,True,False,,-4.731374998998945,0.45925955037933924,-179.0
v400_s1_p50,400,0.5,h2,1,2.0157157410117392,2.0030744220713674,8.893466624998837,3.9260583750001388,True,True,590.0,411.0,True,True,True,-0.012641318940371793,-4.967408249998698,0.4414542203334183,-179.0
v400_s1_p50,400,0.5,h2,2,,1.933261210763817,8.5976042500115,3.9853231250017416,True,True,590.0,411.0,False,True,False,,-4.612281125009758,0.463538796286932,-179.0
v400_s1_p50,400,0.5,h2,3,,1.919883963432231,8.665570583019871,4.076917166006751,True,True,590.0,411.0,False,True,False,,-4.58865341701312,0.47047302043738976,-179.0
v400_s1_p50,400,0.5,h2,4,2.1726747917524842,1.9133462395900591,9.089344375010114,4.103690249990905,True,True,590.0,411.0,True,True,True,-0.2593285521624251,-4.9856541250192095,0.4514836362976222,-179.0
v400_s1_p50,400,0.5,h3,0,1.7215945080543593,1.6828359379124176,19.83055025000067,10.68202508300601,True,True,302.0,201.0,True,True,True,-0.03875857014194173,-9.14852516699466,0.5386650873697088,-101.0
v400_s1_p50,400,0.5,h3,1,1.720334346848559,1.7271228725575825,19.391336540997145,11.693669625004986,True,True,317.0,160.0,True,True,True,0.006788525709023441,-7.6976669159921585,0.6030357732321463,-157.0
v400_s1_p50,400,0.5,h3,2,1.716202519788419,1.7646486910256303,19.347688458990888,11.13390662499296,True,True,268.0,174.0,True,True,True,0.04844617123721129,-8.213781833997928,0.5754644358984923,-94.0
v400_s1_p50,400,0.5,h3,3,1.7100979889732786,1.7573300465736754,18.50226141701569,10.606297708000056,True,True,301.0,178.0,True,True,True,0.04723205760039684,-7.895963709015632,0.5732433170707407,-123.0
v400_s1_p50,400,0.5,h3,4,1.7201343217185554,1.7625958316463552,21.231343583000125,10.570472040999448,True,True,305.0,186.0,True,True,True,0.042461509927799845,-10.660871542000677,0.49787108383772727,-119.0
v400_s1_p50,400,0.5,h4,0,1.7586948924867984,1.735064565186973,25.212742167001124,18.189486750008655,True,True,285.0,181.0,True,True,True,-0.023630327299825504,-7.02325541699247,0.7214402396029486,-104.0
v400_s1_p50,400,0.5,h4,1,1.8347642462232854,1.820647962377016,25.161063082996407,19.030556375000742,True,True,268.0,152.0,True,True,True,-0.014116283846269395,-6.130506707995664,0.7563494559918417,-116.0
v400_s1_p50,400,0.5,h4,2,1.744472420957576,1.7630708947953115,24.062434957988444,17.322379875011393,True,True,283.0,157.0,True,True,True,0.018598473837735607,-6.740055082977051,0.7198930575918531,-126.0
v400_s1_p50,400,0.5,h4,3,1.7333461259087894,1.6808854629290386,23.994487832998857,16.108430958003737,True,True,255.0,200.0,True,True,True,-0.05246066297975083,-7.88605687499512,0.6713388120687587,-55.0
v400_s1_p50,400,0.5,h4,4,1.8500682622308762,1.7131315516659409,24.790840500005288,18.27235008397838,True,True,266.0,170.0,True,True,True,-0.13693671056493528,-6.518490416026907,0.7370605318514507,-96.0
v400_s1_p50,400,0.5,h2+3,0,1.7128583161751598,1.6763433035068518,20.917281999994884,11.327219041995704,True,True,302.0,202.0,True,True,True,-0.03651501266830803,-9.59006295799918,0.54152442186315,-100.0
v400_s1_p50,400,0.5,h2+3,1,1.7612316856815322,1.7336795643051341,20.730694208992645,12.4186527080019,True,True,317.0,162.0,True,True,True,-0.027552121376398064,-8.312041500990745,0.5990466398667386,-155.0
v400_s1_p50,400,0.5,h2+3,2,1.7504012910614855,1.7865697663336846,20.272433792008087,11.761977166999714,True,True,268.0,176.0,True,True,True,0.03616847527219913,-8.510456625008374,0.580195613791403,-92.0
v400_s1_p50,400,0.5,h2+3,3,1.7392577107497453,1.7391951859222188,19.36202349999803,11.285199832986109,True,True,301.0,180.0,True,True,True,-6.252482752655553e-05,-8.076823667011922,0.5828522950086935,-121.0
v400_s1_p50,400,0.5,h2+3,4,1.7000855257461565,1.754785788859969,22.277274958003545,11.18977987501421,True,True,305.0,188.0,True,True,True,0.054700263113812486,-11.087495082989335,0.5022957204644127,-117.0
v400_s1_p50,400,0.5,h2+3+4,0,1.752120731876444,1.7460745882417108,27.783362250003847,20.09686537498783,True,True,285.0,185.0,True,True,True,-0.006046143634733214,-7.686496875016019,0.7233417321542877,-100.0
v400_s1_p50,400,0.5,h2+3+4,1,1.775705552039497,1.8257346196413857,27.82881691699731,21.06365700000606,True,True,268.0,162.0,True,True,True,0.05002906760188863,-6.7651599169912515,0.7569009154370763,-106.0
v400_s1_p50,400,0.5,h2+3+4,2,1.7496905368243874,1.7739137056842622,28.749498457997106,19.101154083007714,True,True,233.0,164.0,True,True,True,0.024223168859874855,-9.648344374989392,0.6643995585145396,-69.0
v400_s1_p50,400,0.5,h2+3+4,3,1.7460192707364641,1.7141065290486686,26.708913167007267,17.982646292017307,True,True,255.0,200.0,True,True,True,-0.031912741687795565,-8.72626687498996,0.6732825922033675,-55.0
v400_s1_p50,400,0.5,h2+3+4,4,1.8501679624936105,1.734428619453007,27.53250050000497,19.84492383300676,True,True,267.0,174.0,True,True,True,-0.11573934304060352,-7.687576666998211,0.7207817478475367,-93.0
v400_s2_p0,400,0.0,h2,0,1.290318214297924,1.290318214297924,148.87116687500384,146.0197659159894,True,True,942.0,942.0,True,True,True,0.0,-2.851400959014427,0.9808465197199097,0.0
v400_s2_p0,400,0.0,h2,1,1.2811162369032745,1.2811162369032745,145.15005362499505,145.48382562500774,True,True,949.0,949.0,True,True,True,0.0,0.3337720000126865,1.0022994962225438,0.0
v400_s2_p0,400,0.0,h2,2,1.2784341827767334,1.2784341827767334,144.04127675000927,142.00555270799669,True,True,960.0,960.0,True,True,True,0.0,-2.035724042012589,0.9858670786045192,0.0
v400_s2_p0,400,0.0,h2,3,1.2901144933287,1.2901144933287,141.01123999999254,141.76800999999978,True,True,949.0,949.0,True,True,True,0.0,0.7567700000072364,1.0053667353042728,0.0
v400_s2_p0,400,0.0,h2,4,1.2782504205628396,1.2782504205628396,145.5943739170034,146.74241133398027,True,True,951.0,951.0,True,True,True,0.0,1.1480374169768766,1.0078851770579496,0.0
v400_s2_p0,400,0.0,h3,0,1.3102578599696462,1.3102578599696462,251.21348491701065,255.91453441701015,True,True,432.0,432.0,True,True,True,0.0,4.701049499999499,1.0187133644579331,0.0
v400_s2_p0,400,0.0,h3,1,1.2992198472826846,1.2992198472826846,281.8331627090083,292.3459025839984,True,True,423.0,423.0,True,True,True,0.0,10.512739874990075,1.0373012876623198,0.0
v400_s2_p0,400,0.0,h3,2,1.3097563368652292,1.3097563368652292,277.4103230000037,280.597693542004,True,True,407.0,407.0,True,True,True,0.0,3.1873705420002807,1.011489732997428,0.0
v400_s2_p0,400,0.0,h3,3,1.3089554468787068,1.3089554468787068,246.98545254100463,246.99029241598328,True,True,435.0,435.0,True,True,True,0.0,0.004839874978642911,1.0000195957896663,0.0
v400_s2_p0,400,0.0,h3,4,1.320427412534844,1.320427412534844,298.05273162500816,299.5239593750157,True,True,403.0,403.0,True,True,True,0.0,1.4712277500075288,1.0049361324151813,0.0
v400_s2_p0,400,0.0,h4,0,1.3324240478091693,1.3324240478091693,906.7847624999995,898.1686931250006,True,True,113.0,113.0,True,True,True,0.0,-8.616069374998915,0.9904982199400391,0.0
v400_s2_p0,400,0.0,h4,1,1.3340100496484566,1.3340100496484566,897.9972975419951,902.6208481249923,True,True,118.0,118.0,True,True,True,0.0,4.623550582997268,1.0051487355203104,0.0
v400_s2_p0,400,0.0,h4,2,1.339878387485776,1.339878387485776,894.9224657089944,888.2354836250015,True,True,125.0,125.0,True,True,True,0.0,-6.686982083992916,0.9925278643232012,0.0
v400_s2_p0,400,0.0,h4,3,1.3210946278905211,1.3210946278905211,615.7140572499775,588.6432519580121,True,True,312.0,312.0,True,True,True,0.0,-27.07080529196537,0.9560334785714097,0.0
v400_s2_p0,400,0.0,h4,4,1.3281553736227492,1.3281553736227492,592.6331927079882,599.5242636250041,True,True,253.0,253.0,True,True,True,0.0,6.891070917015895,1.0116278855146936,0.0
v400_s2_p0,400,0.0,h2+3,0,1.30976643302427,1.30976643302427,258.1535611250001,263.45802358300716,True,True,432.0,432.0,True,True,True,0.0,5.304462458007038,1.020547702053347,0.0
v400_s2_p0,400,0.0,h2+3,1,1.3037953675922098,1.3037953675922098,285.1302732500044,287.4948779170081,True,True,423.0,423.0,True,True,True,0.0,2.364604667003732,1.0082930677267314,0.0
v400_s2_p0,400,0.0,h2+3,2,1.30710797353263,1.30710797353263,284.3777010420017,278.7469722090027,True,True,407.0,407.0,True,True,True,0.0,-5.6307288329990115,0.9801998229384119,0.0
v400_s2_p0,400,0.0,h2+3,3,1.3104129346707762,1.3104129346707762,249.1078502080054,251.10102845801157,True,True,435.0,435.0,True,True,True,0.0,1.9931782500061672,1.0080012663123297,0.0
v400_s2_p0,400,0.0,h2+3,4,1.3116989557368979,1.3116989557368979,297.61391708400333,302.83848299999954,True,True,403.0,403.0,True,True,True,0.0,5.224565915996209,1.0175548440986433,0.0
v400_s2_p0,400,0.0,h2+3+4,0,1.3329682728858214,1.3329682728858214,911.2024645839992,910.4818590000068,True,True,113.0,113.0,True,True,True,0.0,-0.7206055839924375,0.9992091707254969,0.0
v400_s2_p0,400,0.0,h2+3+4,1,1.3328956480204313,1.3328956480204313,894.1992466670054,895.4861335000023,True,True,118.0,118.0,True,True,True,0.0,1.28688683299697,1.0014391499856365,0.0
v400_s2_p0,400,0.0,h2+3+4,2,1.3395905566518933,1.3395905566518933,902.3257507499948,887.0499952910031,True,True,125.0,125.0,True,True,True,0.0,-15.275755458991625,0.9830706865604858,0.0
v400_s2_p0,400,0.0,h2+3+4,3,1.3198891697973543,1.3198891697973543,567.882415,578.088346375007,True,True,372.0,372.0,True,True,True,0.0,10.205931375006912,1.01797190951054,0.0
v400_s2_p0,400,0.0,h2+3+4,4,1.3302180882160044,1.3302180882160044,604.9530778339831,610.2683737080079,True,True,253.0,253.0,True,True,True,0.0,5.315295874024741,1.008786294456185,0.0
v400_s2_p10,400,0.1,h2,0,1.3263059320069532,1.3186746299165333,115.96006912499433,117.13419295799395,True,True,1011.0,1006.0,True,True,True,-0.007631302090419956,1.1741238329996122,1.0101252426103162,-5.0
v400_s2_p10,400,0.1,h2,1,1.3099410703996184,1.307862453284338,115.10109179100255,119.27491808299965,True,True,1012.0,1006.0,True,True,True,-0.0020786171152804567,4.173826291997102,1.036262264997241,-6.0
v400_s2_p10,400,0.1,h2,2,1.3043006717771013,1.3165682619041763,114.79168562499399,115.33484141700319,True,True,1011.0,1006.0,True,True,True,0.012267590127075012,0.5431557920092018,1.0047316649202591,-5.0
v400_s2_p10,400,0.1,h2,3,1.3090461984065418,1.3237150295231646,113.07800399998087,116.98471354102367,True,True,1012.0,1006.0,True,True,True,0.01466883111662276,3.906709541042801,1.034548801737281,-6.0
v400_s2_p10,400,0.1,h2,4,1.3180170432293277,1.3132058570088303,115.29604266598471,115.96090616699075,True,True,1012.0,1006.0,True,True,True,-0.0048111862204973654,0.6648635010060389,1.005766576940825,-6.0
v400_s2_p10,400,0.1,h3,0,1.3222520773750817,1.3332838836362055,158.84246729199367,169.6661729579937,True,True,464.0,430.0,True,True,True,0.011031806261123878,10.823705666000023,1.0681411328502173,-34.0
v400_s2_p10,400,0.1,h3,1,1.3273421525046236,1.3426576094995408,174.08677466699737,159.7156282079959,True,True,408.0,453.0,True,True,True,0.01531545699491721,-14.371146459001466,0.9174483731662478,45.0
v400_s2_p10,400,0.1,h3,2,1.3344632427934675,1.3385829586386866,129.01404974999605,171.9461627080018,True,True,483.0,402.0,True,True,True,0.004119715845219085,42.932112958005746,1.3327708341936384,-81.0
v400_s2_p10,400,0.1,h3,3,1.3372513702014006,1.3313028714014212,153.50996791600483,158.38778420898598,True,True,456.0,453.0,True,True,True,-0.005948498799979385,4.8778162929811515,1.0317752414335082,-3.0
v400_s2_p10,400,0.1,h3,4,1.3180499288204435,1.3527488294047025,132.4932257499895,167.01388262500404,True,True,469.0,428.0,True,True,True,0.03469890058425906,34.52065687501454,1.2605465802467057,-41.0
v400_s2_p10,400,0.1,h4,0,1.339080302216836,1.3480406869831203,353.6338689999975,391.80544079201354,True,True,398.0,321.0,True,True,True,0.008960384766284246,38.17157179201604,1.1079409387453676,-77.0
v400_s2_p10,400,0.1,h4,1,1.3322389767016787,1.3394628517197031,362.8231779170019,349.5347048750118,True,True,418.0,383.0,True,True,True,0.0072238750180244615,-13.288473041990073,0.963374795628327,-35.0
v400_s2_p10,400,0.1,h4,2,1.3363519234875332,1.3366067269199693,344.9075377919944,378.04833470800077,True,True,367.0,333.0,True,True,True,0.0002548034324361126,33.140796916006366,1.096086032587646,-34.0
v400_s2_p10,400,0.1,h4,3,1.332698712611181,1.344619891526199,327.80224770799396,431.9393065420154,True,True,401.0,232.0,True,True,True,0.011921178915018205,104.13705883402145,1.3176825649065917,-169.0
v400_s2_p10,400,0.1,h4,4,1.3446842511431873,1.3447827154051484,352.13971654101624,364.205163000006,True,True,359.0,343.0,True,True,True,9.846426196102875e-05,12.065446458989754,1.0342632366990743,-16.0
v400_s2_p10,400,0.1,h2+3,0,1.3229067298793562,1.3240083812738044,162.1202635410009,171.0159775840002,True,True,464.0,430.0,True,True,True,0.0011016513944481776,8.895714042999316,1.0548710805713042,-34.0
v400_s2_p10,400,0.1,h2+3,1,1.3306024986747136,1.3469216090234208,178.34644816699438,162.50221049999527,True,True,408.0,453.0,True,True,True,0.016319110348707255,-15.844237666999106,0.9111603408431023,45.0
v400_s2_p10,400,0.1,h2+3,2,1.33317821857234,1.3438693888264508,130.40632508399722,174.61238449999655,True,True,483.0,402.0,True,True,True,0.010691170254110816,44.206059415999334,1.338987080477311,-81.0
v400_s2_p10,400,0.1,h2+3,3,1.3395862354023156,1.3352884949918293,160.3532880420098,160.7055185829813,True,True,456.0,453.0,True,True,True,-0.0042977404104862504,0.3522305409715045,1.0021965906984036,-3.0
v400_s2_p10,400,0.1,h2+3,4,1.3222676120179275,1.3529663720089802,133.20873058299185,175.27851908298908,True,True,469.0,428.0,True,True,True,0.03069875999105265,42.06978849999723,1.3158185527020458,-41.0
v400_s2_p10,400,0.1,h2+3+4,0,1.3390068174135903,1.3461108331590306,357.35426854199613,382.7941879169957,True,True,410.0,340.0,True,True,True,0.007104015745440284,25.43991937499959,1.0711896334099893,-70.0
v400_s2_p10,400,0.1,h2+3+4,1,1.3400378439093756,1.337797631584081,373.64269358300953,352.9380207500071,True,True,432.0,393.0,True,True,True,-0.0022402123252946993,-20.704672833002405,0.944586972558042,-39.0
v400_s2_p10,400,0.1,h2+3+4,2,1.3363446716020126,1.340847585494009,352.1688912919926,384.50867833300435,True,True,379.0,350.0,True,True,True,0.004502913891996307,32.33978704101173,1.0918303343670352,-29.0
v400_s2_p10,400,0.1,h2+3+4,3,1.3299154030670737,1.3567027734347197,340.33443120800075,438.0525929580035,True,True,414.0,242.0,True,True,True,0.026787370367646002,97.71816175000276,1.2871239368968836,-172.0
v400_s2_p10,400,0.1,h2+3+4,4,1.3477916503577245,1.3407342002542197,368.1366336659994,360.2806523750187,True,True,374.0,363.0,True,True,True,-0.007057450103504781,-7.855981290980708,0.9786601479653116,-11.0
v400_s2_p30,400,0.3,h2,0,1.4545324594563607,1.4862188653384398,25.901455207989784,21.81569099999615,True,True,829.0,783.0,True,True,True,0.03168640588207916,-4.085764207993634,0.8422573490491259,-46.0
v400_s2_p30,400,0.3,h2,1,1.4585056907989402,1.4867236039686804,26.54612320799788,21.224018207998597,True,True,829.0,783.0,True,True,True,0.028217913169740205,-5.322104999999283,0.7995147932412283,-46.0
v400_s2_p30,400,0.3,h2,2,1.4690366355225335,1.4797147370871369,26.253410916004214,21.199882917004288,True,True,829.0,783.0,True,True,True,0.01067810156460336,-5.053527998999925,0.8075096597859873,-46.0
v400_s2_p30,400,0.3,h2,3,1.4821501810639501,1.4621177231987936,25.26192145899404,21.362798999994993,True,True,829.0,783.0,True,True,True,-0.020032457865156506,-3.899122458999045,0.8456521818687377,-46.0
v400_s2_p30,400,0.3,h2,4,1.468616532816545,1.480598294006407,26.078481417003786,21.925280750001548,True,True,829.0,783.0,True,True,True,0.01198176118986205,-4.153200667002238,0.8407422349257555,-46.0
v400_s2_p30,400,0.3,h3,0,1.4325888849647967,1.4571328886846002,69.86747495899908,46.753603499993915,True,True,371.0,417.0,True,True,True,0.024544003719803476,-23.113871459005168,0.6691755144640725,46.0
v400_s2_p30,400,0.3,h3,1,1.4517185350591715,1.4375871525181025,70.79550549999112,48.17179125000257,True,True,345.0,388.0,True,True,True,-0.014131382541068938,-22.623714249988552,0.6804357269545679,43.0
v400_s2_p30,400,0.3,h3,2,1.4538509890191962,1.4327626835016571,60.4497209580004,56.14252216699242,True,True,403.0,363.0,True,True,True,-0.02108830551753904,-4.307198791007977,0.9287474164851719,-40.0
v400_s2_p30,400,0.3,h3,3,1.4389667718892047,1.4406044921820196,69.95594245797838,47.54483004199574,True,True,362.0,366.0,True,True,True,0.0016377202928148371,-22.411112415982643,0.6796396184720875,4.0
v400_s2_p30,400,0.3,h3,4,1.4596873368731835,1.4417352751939219,67.16875870901276,50.22782179102069,True,True,366.0,375.0,True,True,True,-0.017952061679261666,-16.940936917992076,0.7477854698583417,9.0
v400_s2_p30,400,0.3,h4,0,1.4542338585254053,1.4544753855951627,98.4126040419942,90.74759800000174,True,True,436.0,372.0,True,True,True,0.00024152706975733018,-7.665006041992456,0.9221135735954952,-64.0
v400_s2_p30,400,0.3,h4,1,1.443545335799535,1.4424942726970065,136.72954037498857,91.83355375000974,True,True,288.0,339.0,True,True,True,-0.001051063102528449,-44.89598662497883,0.671643841544051,51.0
v400_s2_p30,400,0.3,h4,2,1.4418372428273498,1.4450452010310648,124.85463554199669,111.62826904200483,True,True,282.0,315.0,True,True,True,0.003207958203715,-13.226366499991855,0.8940658755473843,33.0
v400_s2_p30,400,0.3,h4,3,1.4555173659709948,1.469263692048163,134.1654511670058,82.97947245900286,True,True,266.0,312.0,True,True,True,0.013746326077168192,-51.18597870800295,0.6184861433195055,46.0
v400_s2_p30,400,0.3,h4,4,1.4543477120555854,1.446354783452965,130.62709108300623,91.4007449579949,True,True,316.0,338.0,True,True,True,-0.007992928602620353,-39.22634612501133,0.6997074205680262,22.0
v400_s2_p30,400,0.3,h2+3,0,1.4344100077729907,1.4554008537934715,72.50271174999943,49.01877966700704,True,True,371.0,417.0,True,True,True,0.020990846020480847,-23.483932082992396,0.6760958105405956,46.0
v400_s2_p30,400,0.3,h2+3,1,1.4542836453613601,1.4347956678436355,73.72655433299951,49.42569854199246,True,True,345.0,388.0,True,True,True,-0.019487977517724575,-24.300855791007052,0.6703920858521643,43.0
v400_s2_p30,400,0.3,h2+3,2,1.4465262963942342,1.4316380286643575,63.32047554200108,58.0723433749954,True,True,403.0,363.0,True,True,True,-0.014888267729876725,-5.248132167005679,0.9171179287255267,-40.0
v400_s2_p30,400,0.3,h2+3,3,1.444475248835889,1.438416766252281,69.92412129201693,48.527460624987725,True,True,362.0,367.0,True,True,True,-0.00605848258360786,-21.39666066702921,0.6940017225576203,5.0
v400_s2_p30,400,0.3,h2+3,4,1.4531780874551141,1.4371561313584562,69.92053029200179,51.48041270801332,True,True,366.0,375.0,True,True,True,-0.016021956096657908,-18.440117583988467,0.7362703413864435,9.0
v400_s2_p30,400,0.3,h2+3+4,0,1.461102301225129,1.4525415293598603,100.39959062500566,96.46182633300486,True,True,442.0,385.0,True,True,True,-0.008560771865268713,-3.937764292000793,0.9607790801985596,-57.0
v400_s2_p30,400,0.3,h2+3+4,1,1.4408456696118648,1.4410344407143811,142.04067212500377,95.78189091700187,True,True,298.0,351.0,True,True,True,0.00018877110251636076,-46.25878120800189,0.6743272154662041,53.0
v400_s2_p30,400,0.3,h2+3+4,2,1.4355391655652534,1.4460747112990562,128.94019283399393,115.99447495900677,True,True,297.0,326.0,True,True,True,0.010535545733802776,-12.945717874987167,0.8995990498350321,29.0
v400_s2_p30,400,0.3,h2+3+4,3,1.452612597415621,1.4456006533933936,139.4276531249925,93.76474333301303,True,True,279.0,374.0,True,True,True,-0.007011944022227379,-45.66290979197947,0.6724974653984593,95.0
v400_s2_p30,400,0.3,h2+3+4,4,1.4569095565046535,1.4425391209756668,136.3633719170175,93.99754474998917,True,True,327.0,346.0,True,True,True,-0.014370435528986647,-42.36582716702833,0.689316664941304,19.0
v400_s2_p50,400,0.5,h2,0,1.9058173207721518,1.827876576193174,9.648424041995895,5.592673374994774,True,True,592.0,419.0,True,True,True,-0.07794074457897793,-4.055750667001121,0.5796463081071073,-173.0
v400_s2_p50,400,0.5,h2,1,2.144616633499906,1.927778832112167,9.67887275000976,5.702495916004409,True,True,592.0,419.0,True,True,True,-0.216837801387739,-3.9763768340053502,0.5891694274003818,-173.0
v400_s2_p50,400,0.5,h2,2,1.8558633460061633,1.9349408858504658,9.768728582988842,5.426679457988939,True,True,592.0,419.0,True,True,True,0.07907753984430244,-4.342049124999903,0.5555154298624797,-173.0
v400_s2_p50,400,0.5,h2,3,2.0003537225273873,1.8465477492836446,9.689489334006794,5.543806333007524,True,True,592.0,419.0,True,True,True,-0.15380597324374268,-4.14568300099927,0.5721463889279138,-173.0
v400_s2_p50,400,0.5,h2,4,2.102798655681496,1.8295471915394417,9.586795624985825,5.345505709003191,True,True,592.0,419.0,True,True,True,-0.2732514641420545,-4.241289915982634,0.5575904523375187,-173.0
v400_s2_p50,400,0.5,h3,0,1.7347953083922656,1.7394346239280847,18.777413999996497,12.137025625008391,True,True,345.0,241.0,True,True,True,0.0046393155358190885,-6.640388374988106,0.64636299892044,-104.0
v400_s2_p50,400,0.5,h3,1,1.692694129950953,1.711400660216312,21.044008584009134,12.883409624992055,True,True,315.0,251.0,True,True,True,0.018706530265359067,-8.16059895901708,0.6122127147763029,-64.0
v400_s2_p50,400,0.5,h3,2,1.7205976707827106,1.7504121771932548,18.578560791997006,12.559673249998013,True,True,332.0,229.0,True,True,True,0.029814506410544173,-6.018887541998993,0.6760304735449842,-103.0
v400_s2_p50,400,0.5,h3,3,1.7203483894646374,1.6982725297967713,20.17463204098749,14.10531554199406,True,True,310.0,251.0,True,True,True,-0.02207585966786607,-6.06931649899343,0.6991609816395762,-59.0
v400_s2_p50,400,0.5,h3,4,1.7110552450021,1.738462753350902,19.07123879197752,12.196084916999098,True,True,343.0,248.0,True,True,True,0.027407508348802123,-6.875153874978423,0.639501452948588,-95.0
v400_s2_p50,400,0.5,h4,0,1.7076524742655494,1.7086945733515857,27.327631292006117,16.038937500008615,True,True,189.0,272.0,True,True,True,0.0010420990860362522,-11.288693791997503,0.5869128329721108,83.0
v400_s2_p50,400,0.5,h4,1,1.6984893619001167,1.6628653034084373,27.30731541600835,15.827634500004933,True,True,189.0,257.0,True,True,True,-0.03562405849167938,-11.479680916003417,0.5796115165069031,68.0
v400_s2_p50,400,0.5,h4,2,1.7001844862939566,1.6855014793990222,26.743631165998522,15.79838745899906,True,True,189.0,259.0,True,True,True,-0.014683006894934403,-10.945243706999463,0.5907345700715806,70.0
v400_s2_p50,400,0.5,h4,3,1.6970307033068375,1.7317762807936496,26.70238875001087,15.757731999998214,True,True,189.0,227.0,True,True,True,0.034745577486812174,-10.944656750012655,0.5901244322192635,38.0
v400_s2_p50,400,0.5,h4,4,1.7005097428619662,1.7078183632730006,27.13887587498175,15.832163625018438,True,True,189.0,226.0,True,True,True,0.007308620411034417,-11.306712249963311,0.5833758073824082,37.0
v400_s2_p50,400,0.5,h2+3,0,1.682452917909024,1.7368349775368186,20.130355749992304,12.85733283299487,True,True,345.0,241.0,True,True,True,0.05438205962779463,-7.273022916997434,0.6387037066148116,-104.0
v400_s2_p50,400,0.5,h2+3,1,1.7063293080755535,1.7276410485746045,22.2126312499895,13.668729208002333,True,True,315.0,252.0,True,True,True,0.021311740499051046,-8.543902041987167,0.6153583991995003,-63.0
v400_s2_p50,400,0.5,h2+3,2,1.7053037347664421,1.7634223697979787,19.719886749997386,13.172698750000563,True,True,332.0,229.0,True,True,True,0.05811863503153658,-6.547187999996822,0.6679905882320704,-103.0
v400_s2_p50,400,0.5,h2+3,3,1.681479478282401,1.7156149783333432,21.45363695800188,14.851216082985047,True,True,310.0,253.0,True,True,True,0.034135500050942236,-6.602420875016833,0.6922470121060649,-57.0
v400_s2_p50,400,0.5,h2+3,4,1.7345621881877018,1.744630129812586,19.94965699999011,12.87266420898959,True,True,343.0,248.0,True,True,True,0.010067941624884114,-7.076992791000521,0.6452574201649668,-95.0
v400_s2_p50,400,0.5,h2+3+4,0,1.708409082002897,1.7012450308042997,30.217942833012785,17.930852250006865,True,True,191.0,275.0,True,True,True,-0.00716405119859731,-12.28709058300592,0.5933842799655309,84.0
v400_s2_p50,400,0.5,h2+3+4,1,1.7110643366200744,1.6522635028535633,30.054148207986145,17.87942933299928,True,True,191.0,260.0,True,True,True,-0.05880083376651113,-12.174718874986866,0.5949072057962456,69.0
v400_s2_p50,400,0.5,h2+3+4,2,1.7096535359315888,1.6709171552535962,29.519621832994744,17.85073704100796,True,True,191.0,266.0,True,True,True,-0.038736380677992566,-11.668884791986784,0.6047075108887673,75.0
v400_s2_p50,400,0.5,h2+3+4,3,1.709197727542523,1.7316254564605467,29.799448875011876,17.287135792023037,True,True,191.0,233.0,True,True,True,0.022427728918023693,-12.51231308298884,0.5801159566584819,42.0
v400_s2_p50,400,0.5,h2+3+4,4,1.7069553228663523,1.6987787196778035,29.832319875014946,17.621336333017098,True,True,191.0,231.0,True,True,True,-0.008176603188548848,-12.210983541997848,0.5906793841995256,40.0
v400_s3_p0,400,0.0,h2,0,1.2996773767867187,1.2996773767867187,148.87592062499607,150.72516975000326,True,True,700.0,700.0,True,True,True,0.0,1.8492491250071907,1.012421411852527,0.0
v400_s3_p0,400,0.0,h2,1,1.280567106731002,1.280567106731002,147.43255499999213,145.05025025000214,True,True,756.0,756.0,True,True,True,0.0,-2.3823047499899985,0.983841392764372,0.0
v400_s3_p0,400,0.0,h2,2,1.286656415778988,1.286656415778988,143.26458979200106,142.49099950000527,True,True,763.0,763.0,True,True,True,0.0,-0.773590291995788,0.9946002686838462,0.0
v400_s3_p0,400,0.0,h2,3,1.280573621467391,1.280573621467391,142.85854120799922,144.5795559590042,True,True,746.0,746.0,True,True,True,0.0,1.7210147510049865,1.012046985335649,0.0
v400_s3_p0,400,0.0,h2,4,1.2922356056297717,1.2922356056297717,144.81483195800683,146.0017792090075,True,True,776.0,776.0,True,True,True,0.0,1.1869472510006744,1.0081963099701339,0.0
v400_s3_p0,400,0.0,h3,0,1.3102280514496814,1.3102280514496814,299.32305412500864,307.73303108300024,True,True,395.0,395.0,True,True,True,0.0,8.409976957991603,1.028096656245126,0.0
v400_s3_p0,400,0.0,h3,1,1.3119674406979933,1.3119674406979933,307.1492894999974,305.11559654099983,True,True,400.0,400.0,True,True,True,0.0,-2.0336929589975625,0.9933788127515836,0.0
v400_s3_p0,400,0.0,h3,2,1.306710022973021,1.306710022973021,306.766837749994,308.4241460839985,True,True,412.0,412.0,True,True,True,0.0,1.6573083340044832,1.0054025016072798,0.0
v400_s3_p0,400,0.0,h3,3,1.303864027576753,1.303864027576753,250.5306904159952,252.23592162498971,True,True,447.0,447.0,True,True,True,0.0,1.705231208994519,1.0068064763090026,0.0
v400_s3_p0,400,0.0,h3,4,1.302901325752668,1.302901325752668,293.42774150002515,297.8219583329919,True,True,413.0,413.0,True,True,True,0.0,4.394216832966777,1.014975464864035,0.0
v400_s3_p0,400,0.0,h4,0,1.32040581795355,1.32040581795355,603.3914411250007,576.2753835410113,True,True,318.0,318.0,True,True,True,0.0,-27.11605758398946,0.9550605863195,0.0
v400_s3_p0,400,0.0,h4,1,1.314392168330469,1.314392168330469,590.8412509159971,572.5650848330115,True,True,369.0,369.0,True,True,True,0.0,-18.276166082985583,0.9690675523168846,0.0
v400_s3_p0,400,0.0,h4,2,1.3292742494037382,1.3292742494037382,594.4184334170131,595.583470624988,True,True,313.0,313.0,True,True,True,0.0,1.1650372079748195,1.001959961438742,0.0
v400_s3_p0,400,0.0,h4,3,1.3113415175227454,1.3113415175227454,579.2742154159932,577.8858484579832,True,True,323.0,323.0,True,True,True,0.0,-1.3883669580100104,0.997603264704242,0.0
v400_s3_p0,400,0.0,h4,4,1.3203919964228623,1.3203919964228623,593.5236367910111,581.780430416984,True,True,317.0,317.0,True,True,True,0.0,-11.743206374027068,0.9802144250943083,0.0
v400_s3_p0,400,0.0,h2+3,0,1.3010371885149465,1.3010371885149465,299.2893555829942,299.9345439999888,True,True,395.0,395.0,True,True,True,0.0,0.6451884169946425,1.0021557345924912,0.0
v400_s3_p0,400,0.0,h2+3,1,1.3105041748320068,1.3105041748320068,303.74679762500455,303.99836516600044,True,True,400.0,400.0,True,True,True,0.0,0.25156754099589307,1.0008282146279825,0.0
v400_s3_p0,400,0.0,h2+3,2,1.3022771866990468,1.3022771866990468,321.3785342080082,307.9572025840025,True,True,412.0,412.0,True,True,True,0.0,-13.421331624005688,0.9582382449497423,0.0
v400_s3_p0,400,0.0,h2+3,3,1.3098580777690918,1.3098580777690918,250.56637470799615,248.82678708300227,True,True,447.0,447.0,True,True,True,0.0,-1.7395876249938738,0.9930573780020517,0.0
v400_s3_p0,400,0.0,h2+3,4,1.302790708195643,1.302790708195643,306.1135961659893,296.69289350000327,True,True,413.0,413.0,True,True,True,0.0,-9.420702665986028,0.9692248146309788,0.0
v400_s3_p0,400,0.0,h2+3+4,0,1.3168661512710376,1.3168661512710376,589.7696503329935,591.3744995000015,True,True,318.0,318.0,True,True,True,0.0,1.6048491670080693,1.0027211457322396,0.0
v400_s3_p0,400,0.0,h2+3+4,1,1.314801216206155,1.314801216206155,595.6967874580005,583.1688342080015,True,True,369.0,369.0,True,True,True,0.0,-12.527953249998973,0.978969244901489,0.0
v400_s3_p0,400,0.0,h2+3+4,2,1.327035032549872,1.327035032549872,610.1075451249926,609.5398048329953,True,True,313.0,313.0,True,True,True,0.0,-0.5677402919973247,0.9990694422704098,0.0
v400_s3_p0,400,0.0,h2+3+4,3,1.3128522044131237,1.3128522044131237,589.90678333299,590.3742549160088,True,True,323.0,323.0,True,True,True,0.0,0.4674715830187779,1.0007924499195917,0.0
v400_s3_p0,400,0.0,h2+3+4,4,1.320147354090816,1.320147354090816,585.6681537500117,586.7101412500197,True,True,317.0,317.0,True,True,True,0.0,1.0419875000079628,1.0017791431774736,0.0
v400_s3_p10,400,0.1,h2,0,1.3019238641131556,1.3075060942959251,105.24719166599971,103.5069467919966,True,True,862.0,805.0,True,True,True,0.005582230182769488,-1.7402448740031105,0.9834651657069792,-57.0
v400_s3_p10,400,0.1,h2,1,1.3111882226312335,1.3172819068118806,103.2461810829991,102.31581770800403,True,True,846.0,747.0,True,True,True,0.006093684180647152,-0.9303633749950677,0.9909888834120929,-99.0
v400_s3_p10,400,0.1,h2,2,1.3189670779655558,1.3049165280212272,105.62362004199531,104.17816345799656,True,True,894.0,738.0,True,True,True,-0.014050549944328639,-1.445456583998748,0.9863150251485033,-156.0
v400_s3_p10,400,0.1,h2,3,1.3024858349500317,1.3174804505578535,102.10115208299248,101.8696042500087,True,True,853.0,703.0,True,True,True,0.014994615607821782,-0.2315478329837788,0.997732172181607,-150.0
v400_s3_p10,400,0.1,h2,4,1.3265233191345347,1.300877172552864,111.6084265000245,100.97458120901138,True,True,569.0,809.0,True,True,True,-0.025646146581670637,-10.633845291013131,0.9047218420285605,240.0
v400_s3_p10,400,0.1,h3,0,1.349792573845958,1.3141556280502626,129.24026254100318,159.50303683300444,True,True,507.0,460.0,True,True,True,-0.03563694579569532,30.262774292001268,1.2341590282857868,-47.0
v400_s3_p10,400,0.1,h3,1,1.3248874535381387,1.3217943280615512,127.35194508300629,155.76739645800262,True,True,493.0,443.0,True,True,True,-0.003093125476587577,28.415451374996337,1.223125381842229,-50.0
v400_s3_p10,400,0.1,h3,2,1.3308320675255285,1.3403452086415881,162.38359275000403,149.30210008300492,True,True,439.0,464.0,True,True,True,0.009513141116059609,-13.081492666999111,0.9194407978942886,25.0
v400_s3_p10,400,0.1,h3,3,1.3332557639905318,1.3363342966212728,161.84294020899688,167.22333416700712,True,True,446.0,448.0,True,True,True,0.003078532630740982,5.380393958010245,1.033244539125786,2.0
v400_s3_p10,400,0.1,h3,4,1.3293601683407412,1.3203013785855295,155.63331612499314,159.1468792920059,True,True,455.0,428.0,True,True,True,-0.009058789755211683,3.5135631670127623,1.0225759063322337,-27.0
v400_s3_p10,400,0.1,h4,0,1.341106653997892,1.3389976857244772,391.3363614580012,390.03996633400675,True,True,296.0,337.0,True,True,True,-0.0021089682734147797,-1.2963951239944436,0.9966872612624994,41.0
v400_s3_p10,400,0.1,h4,1,1.3382722227649986,1.3416988888481116,425.77764579100767,337.64113004099636,True,True,247.0,381.0,True,True,True,0.003426666083113039,-88.13651575001131,0.7929987245190581,134.0
v400_s3_p10,400,0.1,h4,2,1.3434280624523114,1.335800393998503,343.8264721669984,436.311424790998,True,True,429.0,206.0,True,True,True,-0.007627668453808356,92.48495262399956,1.2689872947859555,-223.0
v400_s3_p10,400,0.1,h4,3,1.3419347584853158,1.3415570496409768,418.4452382090094,373.94218583300244,True,True,238.0,309.0,True,True,True,-0.00037770884433907526,-44.50305237600696,0.8936466511926751,71.0
v400_s3_p10,400,0.1,h4,4,1.3477514874956262,1.3398990348278816,381.576700250007,346.73684000002686,True,True,291.0,331.0,True,True,True,-0.007852452667744592,-34.83986024998012,0.9086950009600868,40.0
v400_s3_p10,400,0.1,h2+3,0,1.3423761589986025,1.3123320561021405,129.53931416700652,159.59931658300047,True,True,507.0,460.0,True,True,True,-0.030044102896461977,30.06000241599395,1.232053123094658,-47.0
v400_s3_p10,400,0.1,h2+3,1,1.3256542156676996,1.3214874591437715,131.04875883400382,157.61515258399595,True,True,493.0,443.0,True,True,True,-0.004166756523928061,26.56639374999213,1.2027214449519747,-50.0
v400_s3_p10,400,0.1,h2+3,2,1.3242069296969148,1.3282599826555108,164.60029295799905,155.53833966700768,True,True,439.0,464.0,True,True,True,0.004053052958596037,-9.061953290991369,0.9449457037521574,25.0
v400_s3_p10,400,0.1,h2+3,3,1.3341445748280987,1.3267391191901239,164.53726387498318,168.7428204579919,True,True,446.0,449.0,True,True,True,-0.007405455637974789,4.205556583008729,1.0255599034769665,3.0
v400_s3_p10,400,0.1,h2+3,4,1.332694989951862,1.3254238365195379,160.85097291698912,157.55972950000432,True,True,455.0,429.0,True,True,True,-0.007271153432324207,-3.2912434169847984,0.9795385544936472,-26.0
v400_s3_p10,400,0.1,h2+3+4,0,1.3358569799216296,1.3425012707463833,400.47165245900396,394.54220658299164,True,True,315.0,356.0,True,True,True,0.006644290824753707,-5.929445876012323,0.9851938437100256,41.0
v400_s3_p10,400,0.1,h2+3+4,1,1.3365464369419389,1.341320633609905,434.12493216700386,349.0445910420094,True,True,266.0,394.0,True,True,True,0.004774196667966191,-85.08034112499445,0.8040187632156892,128.0
v400_s3_p10,400,0.1,h2+3+4,2,1.3417936464992732,1.3360562753873741,352.13123387499945,455.5277590830083,True,True,447.0,227.0,True,True,True,-0.005737371111899092,103.39652520800882,1.2936306560204562,-220.0
v400_s3_p10,400,0.1,h2+3+4,3,1.342102840925024,1.3428315220531464,431.44513787498,385.6850145829958,True,True,257.0,327.0,True,True,True,0.0007286811281224104,-45.7601232919842,0.8939375617549684,70.0
v400_s3_p10,400,0.1,h2+3+4,4,1.3486721800549464,1.338963273151525,404.11845808301587,352.8288563749811,True,True,309.0,345.0,True,True,True,-0.0097089069034213,-51.28960170803475,0.8730827541228058,36.0
v400_s3_p30,400,0.3,h2,0,1.411605634889564,1.4119472564603075,44.8517942079925,44.446929333003936,True,True,557.0,629.0,True,True,True,0.00034162157074346666,-0.4048648749885615,0.9909732735972374,72.0
v400_s3_p30,400,0.3,h2,1,1.4201891914985465,1.417174033551134,47.84739258400805,42.904834333006875,True,True,648.0,601.0,True,True,True,-0.0030151579474124723,-4.942558251001174,0.8967016177041773,-47.0
v400_s3_p30,400,0.3,h2,2,1.4096531314328984,1.404255929616163,46.275511458006804,44.07211995900434,True,True,629.0,633.0,True,True,True,-0.00539720181673542,-2.203391499002464,0.9523853669126497,4.0
v400_s3_p30,400,0.3,h2,3,1.4217110077338064,1.4142329364041386,43.27435495800455,42.627321917010704,True,True,565.0,621.0,True,True,True,-0.007478071329667824,-0.647033040993847,0.9850481181840433,56.0
v400_s3_p30,400,0.3,h2,4,1.428620932655356,1.4104718866897539,44.779958667000756,44.31813604099443,True,True,547.0,633.0,True,True,True,-0.018149045965602184,-0.46182262600632384,0.9896868456391262,86.0
v400_s3_p30,400,0.3,h3,0,1.449586155224621,1.4302528127430227,47.82829774999118,49.42802816700714,True,True,467.0,376.0,True,True,True,-0.019333342481598237,1.5997304170159623,1.03344736259229,-91.0
v400_s3_p30,400,0.3,h3,1,1.4501695960642114,1.4416231894279796,62.12498441700882,44.46859270799905,True,True,355.0,420.0,True,True,True,-0.00854640663623174,-17.656391709009768,0.7157924162927318,65.0
v400_s3_p30,400,0.3,h3,2,1.426927402149486,1.4233891960954883,53.9171640840068,46.9694322909927,True,True,385.0,398.0,True,True,True,-0.0035382060539976834,-6.9477317930141,0.8711406300563391,13.0
v400_s3_p30,400,0.3,h3,3,1.4186190049029335,1.4089368305205983,54.063345541013405,55.41796204197453,True,True,401.0,362.0,True,True,True,-0.009682174382335207,1.3546165009611286,1.0250560983121826,-39.0
v400_s3_p30,400,0.3,h3,4,1.4373101010403555,1.4181236843413736,60.281945333001204,44.49876179097919,True,True,368.0,439.0,True,True,True,-0.019186416698981912,-15.783183542022016,0.7381772692497773,71.0
v400_s3_p30,400,0.3,h4,0,1.449544116256194,1.4394430057532013,128.52373566600727,114.63150050000695,True,True,296.0,270.0,True,True,True,-0.010101110502992672,-13.892235166000319,0.8919091863147998,-26.0
v400_s3_p30,400,0.3,h4,1,1.4391231930649655,1.4482004983112462,125.7620594589971,129.87117254199984,True,True,304.0,188.0,True,True,True,0.009077305246280698,4.10911308300274,1.0326737101847672,-116.0
v400_s3_p30,400,0.3,h4,2,1.440647882899928,1.430813450616101,112.12156291700376,82.81098654099333,True,True,336.0,399.0,True,True,True,-0.009834432283827077,-29.31057637601043,0.7385821637385921,63.0
v400_s3_p30,400,0.3,h4,3,1.4235733826575871,1.427751723944075,135.69884787499905,89.36807962498278,True,True,262.0,355.0,True,True,True,0.004178341286487752,-46.33076825001626,0.65857655407145,93.0
v400_s3_p30,400,0.3,h4,4,1.4349970110403125,1.4383095963379884,89.73754470798303,88.10647825000342,True,True,347.0,393.0,True,True,True,0.003312585297675863,-1.631066457979614,0.9818240351539893,46.0
v400_s3_p30,400,0.3,h2+3,0,1.4455947956563073,1.4521238336112303,48.75157300000137,50.10617450000427,True,True,467.0,377.0,True,True,True,0.006529037954922989,1.3546015000029001,1.027785800880781,-90.0
v400_s3_p30,400,0.3,h2+3,1,1.4654973911887827,1.4289728539257425,62.48582724999869,46.11695966600382,True,True,355.0,422.0,True,True,True,-0.03652453726304028,-16.36886758399487,0.7380387152673055,67.0
v400_s3_p30,400,0.3,h2+3,2,1.4390966565107928,1.4227183923172007,54.92306508398906,48.49634608399356,True,True,385.0,399.0,True,True,True,-0.016378264193592118,-6.426718999995501,0.8829868837405982,14.0
v400_s3_p30,400,0.3,h2+3,3,1.424322764478454,1.4160219312392712,55.86838675002218,57.10034158299095,True,True,401.0,363.0,True,True,True,-0.008300833239182737,1.2319548329687677,1.0220510185568994,-38.0
v400_s3_p30,400,0.3,h2+3,4,1.4348962292434306,1.420567672976865,63.51311979198363,46.01855329200043,True,True,368.0,439.0,True,True,True,-0.014328556266565595,-17.494566499983193,0.7245519263219804,71.0
v400_s3_p30,400,0.3,h2+3+4,0,1.4467841376655388,1.4417450828179506,132.69523529199068,120.0693249580072,True,True,304.0,284.0,True,True,True,-0.005039054847588265,-12.625910333983484,0.9048503112700267,-20.0
v400_s3_p30,400,0.3,h2+3+4,1,1.4397353930777756,1.4476268126409093,134.89023162500234,134.36600954098685,True,True,316.0,205.0,True,True,True,0.007891419563133661,-0.5242220840154914,0.9961137135157953,-111.0
v400_s3_p30,400,0.3,h2+3+4,2,1.4406144024935232,1.4351117434937573,116.27791662499658,86.69443225000578,True,True,344.0,409.0,True,True,True,-0.005502658999765986,-29.583484374990803,0.7455795112807244,65.0
v400_s3_p30,400,0.3,h2+3+4,3,1.4280307508648586,1.4292749399085838,140.36126179198618,93.1653917079966,True,True,271.0,364.0,True,True,True,0.0012441890437251413,-47.195870083989576,0.6637543045606605,93.0
v400_s3_p30,400,0.3,h2+3+4,4,1.4331483669452159,1.442884507365069,94.83890674999566,92.59764416600228,True,True,357.0,405.0,True,True,True,0.009736140419853045,-2.2412625839933753,0.9763676885278575,48.0
v400_s3_p50,400,0.5,h2,0,,1.8971781833247081,9.068598832993302,4.241851915998268,True,True,590.0,411.0,False,True,False,,-4.8267469169950346,0.46775163331358277,-179.0
v400_s3_p50,400,0.5,h2,1,2.457169831469385,1.87152203651077,9.210324707994005,4.749734583994723,True,True,590.0,411.0,True,True,True,-0.5856477949586147,-4.460590123999282,0.5156967571265149,-179.0
v400_s3_p50,400,0.5,h2,2,,1.8788372474229003,8.889321124996059,4.788239916000748,True,True,590.0,411.0,False,True,False,,-4.101081208995311,0.5386507978136374,-179.0
v400_s3_p50,400,0.5,h2,3,2.0175420961354873,1.8549083726167686,9.111023625009693,4.375606040994171,True,True,590.0,411.0,True,True,True,-0.16263372351871874,-4.735417584015522,0.48025405498709983,-179.0
v400_s3_p50,400,0.5,h2,4,2.168363329003514,1.8544828819878325,9.261842542007798,4.866562250012066,True,True,590.0,411.0,True,True,True,-0.3138804470156815,-4.395280291995732,0.5254421275182988,-179.0
v400_s3_p50,400,0.5,h3,0,1.7267567059214957,1.7905330593394182,20.974140457998146,12.475247958005639,True,True,375.0,235.0,True,True,True,0.06377635341792254,-8.498892499992508,0.5947918572867383,-140.0
v400_s3_p50,400,0.5,h3,1,1.7461375313989522,1.7603409666156897,21.10945362498751,10.431838834003429,True,True,329.0,237.0,True,True,True,0.014203435216737503,-10.67761479098408,0.4941785334346664,-92.0
v400_s3_p50,400,0.5,h3,2,1.745136601623265,1.8320279239565134,20.435170625001774,13.297309458997915,True,True,348.0,177.0,True,True,True,0.08689132233324837,-7.137861166003859,0.6507070434111808,-171.0
v400_s3_p50,400,0.5,h3,3,1.8100980432013327,1.8361884739411944,23.59908624997479,13.26341012501507,True,True,337.0,261.0,True,True,True,0.026090430739861725,-10.335676124959718,0.5620306644300366,-76.0
v400_s3_p50,400,0.5,h3,4,1.772631735133525,1.7783472950635586,20.200922499992885,11.467358666006476,True,True,341.0,194.0,True,True,True,0.005715559930033587,-8.733563833986409,0.567665098760243,-147.0
v400_s3_p50,400,0.5,h4,0,1.8093449744007108,1.7791818638427732,22.056422833993565,16.55393766699126,True,True,406.0,199.0,True,True,True,-0.030163110557937634,-5.502485167002305,0.7505268552196133,-207.0
v400_s3_p50,400,0.5,h4,1,1.8300960154430554,1.8663444414382018,23.542066333000548,14.098017790995073,True,True,327.0,255.0,True,True,True,0.03624842599514633,-9.444048542005476,0.5988436865133161,-72.0
v400_s3_p50,400,0.5,h4,2,1.9678592431408484,1.8023558046361259,23.69216887500079,14.396668916000635,True,True,299.0,267.0,True,True,True,-0.1655034385047225,-9.295499959000153,0.6076551704471234,-32.0
v400_s3_p50,400,0.5,h4,3,1.7975355870863923,1.8204908259639985,22.79989066699636,15.225622290978208,True,True,331.0,264.0,True,True,True,0.0229552388776062,-7.5742683760181535,0.6677936536343935,-67.0
v400_s3_p50,400,0.5,h4,4,1.9145153764022642,1.8101866416008254,23.136678915994707,16.401136000000406,True,True,350.0,188.0,True,True,True,-0.10432873480143878,-6.735542915994301,0.7088803047122754,-162.0
v400_s3_p50,400,0.5,h2+3,0,1.7028661698129224,1.8011955546021012,22.109468291993835,13.34075912499975,True,True,375.0,236.0,True,True,True,0.09832938478917885,-8.768709166994086,0.6033957465105859,-139.0
v400_s3_p50,400,0.5,h2+3,1,1.7620482670494928,1.781482027886627,22.512202833007905,10.818413499990129,True,True,329.0,237.0,True,True,True,0.019433760837134217,-11.693789333017776,0.4805577481794862,-92.0
v400_s3_p50,400,0.5,h2+3,2,1.7637975374355164,1.8396265574086443,22.34413837500324,13.888000249993638,True,True,348.0,178.0,True,True,True,0.07582901997312796,-8.456138125009602,0.6215500466793732,-170.0
v400_s3_p50,400,0.5,h2+3,3,1.8314366426953248,1.8843414284784772,24.554183750005905,13.629153750021942,True,True,337.0,262.0,True,True,True,0.052904785783152386,-10.925029999983963,0.5550644195215272,-75.0
v400_s3_p50,400,0.5,h2+3,4,1.7345905452034973,1.7814697372650865,21.36388508300297,12.21859945799224,True,True,341.0,194.0,True,True,True,0.04687919206158919,-9.145285625010729,0.5719277842265363,-147.0
v400_s3_p50,400,0.5,h2+3+4,0,1.8052637404545542,1.8101068738131094,24.789053750006133,18.576980249999906,True,True,407.0,204.0,True,True,True,0.0048431333585552405,-6.212073500006227,0.7494025563599945,-203.0
v400_s3_p50,400,0.5,h2+3+4,1,1.8368993673350789,1.8701021784115126,26.33120549999876,16.141139125000336,True,True,329.0,260.0,True,True,True,0.03320281107643375,-10.190066374998423,0.6130041833823786,-69.0
v400_s3_p50,400,0.5,h2+3+4,2,1.8749153236862255,1.8155578817509097,26.743993374999263,16.020382208997034,True,True,301.0,216.0,True,True,True,-0.05935744193531578,-10.723611166002229,0.5990273024810557,-85.0
v400_s3_p50,400,0.5,h2+3+4,3,1.8488314919227224,1.791135198885669,25.89522366601159,17.2762139159895,True,True,333.0,267.0,True,True,True,-0.05769629303705348,-8.619009750022087,0.6671583199594122,-66.0
v400_s3_p50,400,0.5,h2+3+4,4,1.857830088159751,1.8124133871396237,25.84859083298943,18.6512005830009,True,True,351.0,193.0,True,True,True,-0.04541670102012718,-7.19739024998853,0.7215557978966183,-158.0
v400_s4_p0,400,0.0,h2,0,1.277898423388478,1.277898423388478,144.5172733750078,144.1614689160051,True,True,893.0,893.0,True,True,True,0.0,-0.35580445900268387,0.9975379797120901,0.0
v400_s4_p0,400,0.0,h2,1,1.2753255140679196,1.2753255140679196,141.38943774999643,142.09079625000595,True,True,908.0,908.0,True,True,True,0.0,0.701358500009519,1.0049604730817987,0.0
v400_s4_p0,400,0.0,h2,2,1.269389778698436,1.269389778698436,141.29836225000327,142.92730833300448,True,True,921.0,921.0,True,True,True,0.0,1.6289460830012104,1.0115284144632835,0.0
v400_s4_p0,400,0.0,h2,3,1.2666327336340872,1.2666327336340872,137.48298841601354,139.7056420839799,True,True,947.0,947.0,True,True,True,0.0,2.2226536679663695,1.0161667541095396,0.0
v400_s4_p0,400,0.0,h2,4,1.2644434445570818,1.2644434445570818,141.17774429099518,142.18768833298236,True,True,952.0,952.0,True,True,True,0.0,1.0099440419871826,1.0071537057562379,0.0
v400_s4_p0,400,0.0,h3,0,1.295005532792559,1.295005532792559,241.63496929200483,237.97302537500218,True,True,447.0,447.0,True,True,True,0.0,-3.6619439170026453,0.9848451408844828,0.0
v400_s4_p0,400,0.0,h3,1,1.2985173113578783,1.2985173113578783,268.054933374995,267.3126846669911,True,True,412.0,412.0,True,True,True,0.0,-0.7422487080038991,0.9972309828487076,0.0
v400_s4_p0,400,0.0,h3,2,1.2883467055608702,1.2883467055608702,240.61610837500484,236.533404124988,True,True,477.0,477.0,True,True,True,0.0,-4.082704250016832,0.9830322904081972,0.0
v400_s4_p0,400,0.0,h3,3,1.2949608500490668,1.2949608500490668,217.01540283299983,219.0713487920002,True,True,480.0,480.0,True,True,True,0.0,2.0559459590003826,1.0094737328879024,0.0
v400_s4_p0,400,0.0,h3,4,1.3052370583853845,1.3052370583853845,227.75684670900228,228.93808183298097,True,True,499.0,499.0,True,True,True,0.0,1.181235123978695,1.0051863868904363,0.0
v400_s4_p0,400,0.0,h4,0,1.305860369806669,1.305860369806669,641.7028346669977,652.2944697909988,True,True,247.0,247.0,True,True,True,0.0,10.591635124001186,1.0165055140039978,0.0
v400_s4_p0,400,0.0,h4,1,1.3061769232754328,1.3061769232754328,569.9308803750027,555.2596798329905,True,True,322.0,322.0,True,True,True,0.0,-14.67120054201223,0.9742579301329332,0.0
v400_s4_p0,400,0.0,h4,2,1.3167095022600646,1.3167095022600646,540.6878414169914,537.2371829159965,True,True,346.0,346.0,True,True,True,0.0,-3.450658500994905,0.9936180209047207,0.0
v400_s4_p0,400,0.0,h4,3,1.303511466204014,1.303511466204014,505.92066175001673,515.1748381250072,True,True,366.0,366.0,True,True,True,0.0,9.254176374990493,1.0182917541714538,0.0
v400_s4_p0,400,0.0,h4,4,1.3104136155201587,1.3104136155201587,562.8885515420116,555.3768430839991,True,True,310.0,310.0,True,True,True,0.0,-7.511708458012436,0.986655069751491,0.0
v400_s4_p0,400,0.0,h2+3,0,1.2974962317691456,1.2974962317691456,239.90984195799683,242.58163200000126,True,True,447.0,447.0,True,True,True,0.0,2.6717900420044316,1.0111366420827046,0.0
v400_s4_p0,400,0.0,h2+3,1,1.2956458662824708,1.2956458662824708,276.5449753749999,275.43601916599437,True,True,412.0,412.0,True,True,True,0.0,-1.1089562090055551,0.9959899607378446,0.0
v400_s4_p0,400,0.0,h2+3,2,1.2947064802542756,1.2947064802542756,234.82731308399525,235.56304133300728,True,True,477.0,477.0,True,True,True,0.0,0.7357282490120269,1.0031330607983786,0.0
v400_s4_p0,400,0.0,h2+3,3,1.290156682377427,1.290156682377427,222.1854329580092,218.1581520830223,True,True,480.0,480.0,True,True,True,0.0,-4.0272808749869,0.9818742353116011,0.0
v400_s4_p0,400,0.0,h2+3,4,1.3074646374583778,1.3074646374583778,238.935917625,228.68219724998926,True,True,499.0,499.0,True,True,True,0.0,-10.253720375010744,0.957085897855242,0.0
v400_s4_p0,400,0.0,h2+3+4,0,1.3061632860146593,1.3061632860146593,649.1022234170086,655.3300660829991,True,True,247.0,247.0,True,True,True,0.0,6.227842665990465,1.0095945483489577,0.0
v400_s4_p0,400,0.0,h2+3+4,1,1.3094980273141261,1.3094980273141261,563.7919954579993,561.8387672500103,True,True,364.0,364.0,True,True,True,0.0,-1.9532282079890138,0.9965355517216907,0.0
v400_s4_p0,400,0.0,h2+3+4,2,1.3125209558962476,1.3125209558962476,549.2526609999913,558.4070053750038,True,True,346.0,346.0,True,True,True,0.0,9.154344375012442,1.0166669094663021,0.0
v400_s4_p0,400,0.0,h2+3+4,3,1.306953167725114,1.306953167725114,517.5030631249829,518.271280416986,True,True,366.0,366.0,True,True,True,0.0,0.7682172920031007,1.0014844690722489,0.0
v400_s4_p0,400,0.0,h2+3+4,4,1.3083283931680232,1.3083283931680232,577.2533466249879,566.0103180829901,True,True,310.0,310.0,True,True,True,0.0,-11.243028541997774,0.9805232336759377,0.0
v400_s4_p10,400,0.1,h2,0,1.279756884557601,1.3024692709204113,106.68613787500362,121.00605941700633,True,True,896.0,939.0,True,True,True,0.022712386362810255,14.319921542002703,1.1342247627220352,43.0
v400_s4_p10,400,0.1,h2,1,1.293749741875128,1.3050348838092851,105.51942404200963,102.25309237500187,True,True,860.0,812.0,True,True,True,0.011285141934157084,-3.266331667007762,0.969045209480035,-48.0
v400_s4_p10,400,0.1,h2,2,1.300937129447717,1.3000880567592772,106.36265808399185,100.05484745799913,True,True,890.0,834.0,True,True,True,-0.0008490726884398114,-6.307810625992715,0.9406952520779276,-56.0
v400_s4_p10,400,0.1,h2,3,1.2942591582346858,1.2901400890068844,104.62533949999488,102.04272241701256,True,True,891.0,805.0,True,True,True,-0.004119069227801475,-2.582617082982324,0.9753155679558636,-86.0
v400_s4_p10,400,0.1,h2,4,1.3013856733062164,1.3009814844285499,106.0202424590243,116.58902795799077,True,True,865.0,934.0,True,True,True,-0.00040418887766646705,10.568785498966463,1.0996864867862493,69.0
v400_s4_p10,400,0.1,h3,0,1.3157439488956755,1.3217521418898552,153.9236186670023,272.72626862498873,True,True,476.0,311.0,True,True,True,0.006008192994179762,118.80264995798643,1.7718285925631958,-165.0
v400_s4_p10,400,0.1,h3,1,1.318405075012353,1.3183147381926574,158.8382398750109,155.5895166249975,True,True,444.0,454.0,True,True,True,-9.033681969561336e-05,-3.248723250013427,0.9795469702222221,10.0
v400_s4_p10,400,0.1,h3,2,1.3252204585017586,1.327809616850001,127.94619333400624,134.38631654100027,True,True,492.0,476.0,True,True,True,0.0025891583482424707,6.440123206994031,1.0503346214465479,-16.0
v400_s4_p10,400,0.1,h3,3,1.315415906114013,1.325497003733208,149.89798699997482,125.8784395410039,True,True,487.0,468.0,True,True,True,0.010081097619194956,-24.01954745897092,0.8397607070001883,-19.0
v400_s4_p10,400,0.1,h3,4,1.325593329320724,1.3160179151654192,152.42144174998975,150.37614362497698,True,True,482.0,474.0,True,True,True,-0.009575414155304829,-2.0452981250127777,0.9865812965582127,-8.0
v400_s4_p10,400,0.1,h4,0,1.3291769952943364,1.321297181175937,352.08786620800674,338.0621756670007,True,True,370.0,355.0,True,True,True,-0.007879814118399331,-14.025690541006043,0.9601642320365567,-15.0
v400_s4_p10,400,0.1,h4,1,1.3253180080683933,1.3286465534392793,331.266251042005,341.7525079170009,True,True,363.0,359.0,True,True,True,0.0033285453708860047,10.486256874995888,1.031655071538411,-4.0
v400_s4_p10,400,0.1,h4,2,1.3277534150900976,1.328485201610686,365.45673254100257,272.2703434169962,True,True,327.0,404.0,True,True,True,0.0007317865205884733,-93.18638912400638,0.7450138940495472,77.0
v400_s4_p10,400,0.1,h4,3,1.3263573079349276,1.3318559888103738,421.82674079199205,351.6457573750231,True,True,244.0,343.0,True,True,True,0.005498680875446249,-70.18098341696896,0.8336260444627049,99.0
v400_s4_p10,400,0.1,h4,4,1.3224430485985037,1.3279297516130317,345.00131333299214,337.1078691659786,True,True,352.0,343.0,True,True,True,0.005486703014528027,-7.893444167013513,0.9771205387864862,-9.0
v400_s4_p10,400,0.1,h2+3,0,1.3162620299125027,1.323762109765882,156.8844349590072,275.4022954999964,True,True,476.0,311.0,True,True,True,0.0075000798533793045,118.5178605409892,1.7554469031421573,-165.0
v400_s4_p10,400,0.1,h2+3,1,1.3159166793402404,1.3103044083726822,159.7026162080001,157.01120325000375,True,True,444.0,454.0,True,True,True,-0.0056122709675581195,-2.691412957996363,0.983147345848793,10.0
v400_s4_p10,400,0.1,h2+3,2,1.323653191133,1.3303468366861788,127.57319008299964,135.1320834579965,True,True,492.0,476.0,True,True,True,0.006693645553178751,7.558893374996842,1.0592514255548442,-16.0
v400_s4_p10,400,0.1,h2+3,3,1.321217448565231,1.3266782220727753,151.07306204200722,127.49460583299515,True,True,487.0,469.0,True,True,True,0.005460773507544259,-23.578456209012074,0.8439268001170462,-18.0
v400_s4_p10,400,0.1,h2+3,4,1.324233043512153,1.3168068934463841,152.2423935419938,153.21562137498404,True,True,482.0,474.0,True,True,True,-0.007426150065768855,0.9732278329902329,1.0063926204150342,-8.0
v400_s4_p10,400,0.1,h2+3+4,0,1.3304488763911824,1.3190643471204617,343.7369647089945,354.44265212499886,True,True,377.0,367.0,True,True,True,-0.011384529270720645,10.705687416004366,1.0311449989821948,-10.0
v400_s4_p10,400,0.1,h2+3+4,1,1.3268253620083241,1.3241380365454367,342.9434815419954,347.43192524999904,True,True,375.0,374.0,True,True,True,-0.0026873254628874133,4.488443708003615,1.0130879983133723,-1.0
v400_s4_p10,400,0.1,h2+3+4,2,1.328254716339558,1.3339516164093115,371.1519182500051,277.44258845900185,True,True,338.0,410.0,True,True,True,0.005696900069753541,-93.70932979100326,0.7475175927074655,72.0
v400_s4_p10,400,0.1,h2+3+4,3,1.3263100337830966,1.3279890593764736,428.9907237919979,358.0408502499922,True,True,263.0,356.0,True,True,True,0.0016790255933769593,-70.94987354200566,0.8346121032295172,93.0
v400_s4_p10,400,0.1,h2+3+4,4,1.3230481492067439,1.3197584215584162,349.9732760420011,354.10824012497324,True,True,366.0,361.0,True,True,True,-0.0032897276483276894,4.134964082972147,1.0118150852251813,-5.0
v400_s4_p30,400,0.3,h2,0,1.4160404002587268,1.4225859610804859,27.75891416700324,21.684924959001364,True,True,825.0,767.0,True,True,True,0.0065455608217590555,-6.073989208001876,0.7811877953345174,-58.0
v400_s4_p30,400,0.3,h2,1,1.4240016237656348,1.4033801553505385,27.973394540997106,21.747954124992248,True,True,825.0,767.0,True,True,True,-0.020621468415096267,-6.225440416004858,0.7774513777053046,-58.0
v400_s4_p30,400,0.3,h2,2,1.4174162402988548,1.4362356780205867,28.137130375005654,21.243049291995703,True,True,825.0,767.0,True,True,True,0.01881943772173189,-6.894081083009951,0.7549827935142244,-58.0
v400_s4_p30,400,0.3,h2,3,1.4290106556510667,1.422320201575527,27.212598707992584,21.133495916990796,True,True,825.0,767.0,True,True,True,-0.006690454075539698,-6.079102791001787,0.7766070467494051,-58.0
v400_s4_p30,400,0.3,h2,4,1.415176045711556,1.4137855013907707,27.808642832998885,21.42755995801417,True,True,825.0,767.0,True,True,True,-0.0013905443207853363,-6.381082874984713,0.770535983603894,-58.0
v400_s4_p30,400,0.3,h3,0,1.4176179223458816,1.4180428212211802,49.64960754200001,46.10259154200321,True,True,443.0,364.0,True,True,True,0.00042489887529861825,-3.547015999996802,0.92855903247581,-79.0
v400_s4_p30,400,0.3,h3,1,1.4185195450335253,1.4138120905979534,51.9376757919963,46.08531379100168,True,True,362.0,381.0,True,True,True,-0.004707454435571856,-5.852362000994617,0.8873195245695519,19.0
v400_s4_p30,400,0.3,h3,2,1.4089313976214273,1.413050342088619,54.09064095800568,47.02190916601103,True,True,365.0,345.0,True,True,True,0.004118944467191632,-7.068731791994651,0.8693169157029846,-20.0
v400_s4_p30,400,0.3,h3,3,1.4286483023492142,1.415076705348509,55.367816624988336,48.102615333977155,True,True,363.0,355.0,True,True,True,-0.013571597000705315,-7.265201291011181,0.8687829549028616,-8.0
v400_s4_p30,400,0.3,h3,4,1.4075077002402463,1.4198970734366108,59.52954462499474,45.55938508399413,True,True,330.0,344.0,True,True,True,0.012389373196364462,-13.970159541000612,0.7653239306800451,14.0
v400_s4_p30,400,0.3,h4,0,1.4215908529826973,1.4062827783602914,90.94416525000997,102.12921583298885,True,True,335.0,343.0,True,True,True,-0.01530807462240591,11.185050582978874,1.1229881054186448,8.0
v400_s4_p30,400,0.3,h4,1,1.4280938616395393,1.4166724632229482,120.95963754200784,113.4895285419916,True,True,315.0,321.0,True,True,True,-0.011421398416591177,-7.470109000016237,0.9382429614389184,6.0
v400_s4_p30,400,0.3,h4,2,1.4215099995933398,1.4209876482128498,91.86119695899833,107.73566720899544,True,True,392.0,357.0,True,True,True,-0.0005223513804899493,15.874470249997103,1.1728093120437193,-35.0
v400_s4_p30,400,0.3,h4,3,1.410153589068305,1.401711892461714,110.25537220799015,103.77324562502326,True,True,307.0,341.0,True,True,True,-0.008441696606590998,-6.482126582966885,0.941208065846091,34.0
v400_s4_p30,400,0.3,h4,4,1.4178346266753263,1.432132477751106,119.33924383300473,108.53511183298542,True,True,291.0,381.0,True,True,True,0.014297851075779633,-10.804132000019308,0.9094670650407516,90.0
v400_s4_p30,400,0.3,h2+3,0,1.4107194953193045,1.412190046963958,51.2288122500031,47.67914362500596,True,True,443.0,365.0,True,True,True,0.0014705516446533728,-3.549668624997139,0.930709527137301,-78.0
v400_s4_p30,400,0.3,h2+3,1,1.4121430217924673,1.4122637078578946,53.95458629200584,47.80730291700456,True,True,362.0,383.0,True,True,True,0.00012068606542725568,-6.14728337500128,0.8860656007678056,21.0
v400_s4_p30,400,0.3,h2+3,2,1.4102998986475308,1.4142034289744463,56.39516962498601,47.231980374999694,True,True,365.0,347.0,True,True,True,0.003903530326915483,-9.163189249986317,0.8375181897506601,-18.0
v400_s4_p30,400,0.3,h2+3,3,1.4168677734337554,1.4067207382053912,55.017255957995076,49.43880762497429,True,True,363.0,359.0,True,True,True,-0.010147035228364132,-5.578448333020788,0.8986054786650963,-4.0
v400_s4_p30,400,0.3,h2+3,4,1.410083235915417,1.4125079299791352,61.408935792016564,47.73148587500327,True,True,330.0,345.0,True,True,True,0.002424694063718258,-13.677449917013291,0.777272643783685,15.0
v400_s4_p30,400,0.3,h2+3+4,0,1.4229474999122724,1.4077603290566412,94.79737658301019,106.6391204160027,True,True,342.0,351.0,True,True,True,-0.01518717085563126,11.841743832992506,1.1249163664631918,9.0
v400_s4_p30,400,0.3,h2+3+4,1,1.425843759709078,1.4219241840931593,130.63346945900412,118.68068562500412,True,True,260.0,329.0,True,True,True,-0.003919575615918713,-11.952783834000002,0.9085013673486558,69.0
v400_s4_p30,400,0.3,h2+3+4,2,1.4195466600593065,1.4214273726432292,95.22027679200983,112.11336170900904,True,True,395.0,368.0,True,True,True,0.001880712583922639,16.893084916999214,1.1774105840282199,-27.0
v400_s4_p30,400,0.3,h2+3+4,3,1.4084705690756796,1.4004350382721555,115.84042104100809,104.01170904099126,True,True,313.0,348.0,True,True,True,-0.008035530803524038,-11.828712000016822,0.8978878711444824,35.0
v400_s4_p30,400,0.3,h2+3+4,4,1.4194486349885522,1.4360276751434753,125.18208991599386,112.78882000001613,True,True,299.0,388.0,True,True,True,0.016579040154923064,-12.393269915977726,0.9009980587135548,89.0
v400_s4_p50,400,0.5,h2,0,2.0138160203459123,1.7547307969179575,9.354263625005842,5.0557087089982815,True,True,589.0,411.0,True,True,True,-0.2590852234279548,-4.298554916007561,0.5404710527382773,-178.0
v400_s4_p50,400,0.5,h2,1,,1.6949034213773224,9.049212416008231,4.751750249997713,True,True,589.0,411.0,False,True,False,,-4.297462166010519,0.5251009736042636,-178.0
v400_s4_p50,400,0.5,h2,2,,1.756262091474935,9.009270708003896,4.659098792006262,True,True,589.0,411.0,False,True,False,,-4.350171915997635,0.517144943582069,-178.0
v400_s4_p50,400,0.5,h2,3,2.0909372772688024,1.784334946614967,9.16691929200897,5.026173124992056,True,True,589.0,411.0,True,True,True,-0.30660233065383546,-4.140746167016914,0.5482946849301373,-178.0
v400_s4_p50,400,0.5,h2,4,,1.7040206550059127,8.98820020799758,4.829279833997134,True,True,589.0,411.0,False,True,False,,-4.158920374000445,0.5372910841149384,-178.0
v400_s4_p50,400,0.5,h3,0,1.626732387609189,1.6476668995888752,23.252295541999047,11.285743000000366,True,True,378.0,242.0,True,True,True,0.02093451197968621,-11.96655254199868,0.48536037999412546,-136.0
v400_s4_p50,400,0.5,h3,1,1.6300762986028485,1.6653585341097905,23.08415591600351,10.060404499992728,True,True,374.0,223.0,True,True,True,0.035282235506941984,-13.023751416010782,0.43581426743951984,-151.0
v400_s4_p50,400,0.5,h3,2,1.5896599672347596,1.700096632058822,22.609379583009286,12.206684000004316,True,True,393.0,251.0,True,True,True,0.11043666482406245,-10.40269558300497,0.5398946908378465,-142.0
v400_s4_p50,400,0.5,h3,3,1.5689764555353978,1.6698003632013034,19.61304741600179,10.418038665986387,True,True,340.0,238.0,True,True,True,0.10082390766590565,-9.195008750015404,0.5311789873860485,-102.0
v400_s4_p50,400,0.5,h3,4,1.6293298648907433,1.7030770150503087,22.837214250001125,13.34735525000724,True,True,384.0,242.0,True,True,True,0.07374715015956546,-9.489858999993885,0.5844563659951031,-142.0
v400_s4_p50,400,0.5,h4,0,1.6195190150243586,1.6495971039722617,22.40559504200064,14.126719749998301,True,True,328.0,221.0,True,True,True,0.030078088947903092,-8.27887529200234,0.6304996463390913,-107.0
v400_s4_p50,400,0.5,h4,1,1.6519285579167278,1.6233782598220439,23.280024542007595,14.292538749999949,True,True,287.0,253.0,True,True,True,-0.0285502980946839,-8.987485792007647,0.6139400207336467,-34.0
v400_s4_p50,400,0.5,h4,2,,1.6538186253911034,22.89706520800246,13.36372887500329,True,True,307.0,234.0,False,True,False,,-9.53333633299917,0.5836437444538833,-73.0
v400_s4_p50,400,0.5,h4,3,,1.6752833557535314,21.980348207987845,14.966584334004438,True,True,317.0,200.0,False,True,False,,-7.013763873983407,0.6809075175872534,-117.0
v400_s4_p50,400,0.5,h4,4,1.672424853558895,1.6994790600191902,22.514213459013263,14.738037208007881,True,True,321.0,206.0,True,True,True,0.027054206460295216,-7.776176251005381,0.6546103524708169,-115.0
v400_s4_p50,400,0.5,h2+3,0,1.6319504790433887,1.6457768199650102,24.5029892080056,12.04534875000536,True,True,378.0,242.0,True,True,True,0.013826340921621494,-12.457640458000242,0.49158690997871846,-136.0
v400_s4_p50,400,0.5,h2+3,1,1.6273157166356567,1.6629894444989666,24.25583258300321,10.786834791986621,True,True,374.0,224.0,True,True,True,0.03567372786330991,-13.46899779101659,0.44471096817947525,-150.0
v400_s4_p50,400,0.5,h2+3,2,1.6148517558478734,1.653929113001842,23.904778875003103,12.937620625001728,True,True,393.0,251.0,True,True,True,0.03907735715396865,-10.967158250001376,0.5412148212142811,-142.0
v400_s4_p50,400,0.5,h2+3,3,1.5628865272869628,1.6353566839449947,21.013035334006418,11.189502916007768,True,True,340.0,238.0,True,True,True,0.07247015665803191,-9.82353241799865,0.5325029315445566,-102.0
v400_s4_p50,400,0.5,h2+3,4,1.5856423983571843,1.7058487660507675,24.274704167008167,14.189504540991038,True,True,384.0,243.0,True,True,True,0.12020636769358317,-10.085199626017129,0.5845387215995835,-141.0
v400_s4_p50,400,0.5,h2+3+4,0,1.6669868824602525,1.6455889801109718,25.277756249997765,15.93812729199999,True,True,328.0,223.0,True,True,True,-0.02139790234928074,-9.339628957997775,0.6305198584230117,-105.0
v400_s4_p50,400,0.5,h2+3+4,1,1.617291745524542,1.6413256077271239,26.478467249995447,16.207597874992643,True,True,287.0,255.0,True,True,True,0.024033862202581968,-10.270869375002803,0.61210483680831,-32.0
v400_s4_p50,400,0.5,h2+3+4,2,,1.6483074748678668,25.587808291995316,14.97138441700372,True,True,308.0,236.0,False,True,False,,-10.616423874991597,0.5850983502048218,-72.0
v400_s4_p50,400,0.5,h2+3+4,3,,1.6955984369891786,24.87301758301328,16.823519541998394,True,True,318.0,203.0,False,True,False,,-8.049498041014886,0.676376297562215,-115.0
v400_s4_p50,400,0.5,h2+3+4,4,1.6706777624917222,1.7020448209407395,24.902005332987756,16.575645040982636,True,True,321.0,209.0,True,True,True,0.03136705844901733,-8.32636029200512,0.6656349486450729,-112.0
v400_s5_p0,400,0.0,h2,0,1.2937560821248386,1.2937560821248386,143.46502554199833,143.46134495800652,True,True,837.0,837.0,True,True,True,0.0,-0.003680583991808817,0.9999743450783359,0.0
v400_s5_p0,400,0.0,h2,1,1.2977061614593244,1.2977061614593244,145.17205504199956,145.73842279199744,True,True,837.0,837.0,True,True,True,0.0,0.5663677499978803,1.0039013551873603,0.0
v400_s5_p0,400,0.0,h2,2,1.2882945861924506,1.2882945861924506,142.78423158399528,142.30207791698922,True,True,856.0,856.0,True,True,True,0.0,-0.48215366700605955,0.9966232008838986,0.0
v400_s5_p0,400,0.0,h2,3,1.289179400765237,1.289179400765237,140.2068895830016,140.56264391698642,True,True,874.0,874.0,True,True,True,0.0,0.35575433398480527,1.0025373527295476,0.0
v400_s5_p0,400,0.0,h2,4,1.2838791211054943,1.2838791211054943,143.79720879200613,143.15752741601318,True,True,864.0,864.0,True,True,True,0.0,-0.63968137599295,0.995551503528012,0.0
v400_s5_p0,400,0.0,h3,0,1.3162158831146438,1.3162158831146438,254.80994741700124,250.82092316600028,True,True,427.0,427.0,True,True,True,0.0,-3.9890242510009557,0.9843450999796611,0.0
v400_s5_p0,400,0.0,h3,1,1.3043734639945224,1.3043734639945224,242.50060720900365,244.54059545899509,True,True,506.0,506.0,True,True,True,0.0,2.0399882499914384,1.0084123016163553,0.0
v400_s5_p0,400,0.0,h3,2,1.310472852196799,1.310472852196799,228.72526037499483,226.65001075000328,True,True,521.0,521.0,True,True,True,0.0,-2.0752496249915566,0.9909268892225145,0.0
v400_s5_p0,400,0.0,h3,3,1.3054178386014343,1.3054178386014343,224.29146145799314,228.71156820902252,True,True,478.0,478.0,True,True,True,0.0,4.42010675102938,1.0197069773512408,0.0
v400_s5_p0,400,0.0,h3,4,1.3143592593360247,1.3143592593360247,299.5303712919995,296.57857279098243,True,True,390.0,390.0,True,True,True,0.0,-2.951798501017038,0.9901452447433471,0.0
v400_s5_p0,400,0.0,h4,0,1.334677946409837,1.334677946409837,736.1343558330118,730.3280442090036,True,True,224.0,224.0,True,True,True,0.0,-5.806311624008231,0.9921124295069237,0.0
v400_s5_p0,400,0.0,h4,1,1.329669647395412,1.329669647395412,655.5270786670008,661.5925373330101,True,True,275.0,275.0,True,True,True,0.0,6.065458666009363,1.0092527965104712,0.0
v400_s5_p0,400,0.0,h4,2,1.3296941452972704,1.3296941452972704,569.0568212919898,560.0436152079928,True,True,342.0,342.0,True,True,True,0.0,-9.01320608399692,0.9841611492090837,0.0
v400_s5_p0,400,0.0,h4,3,1.3179489709680168,1.3179489709680168,554.0765934590017,546.0386882909806,True,True,399.0,399.0,True,True,True,0.0,-8.037905168021098,0.98549315155538,0.0
v400_s5_p0,400,0.0,h4,4,1.3259870499003483,1.3259870499003483,666.529423,659.1633465839841,True,True,266.0,266.0,True,True,True,0.0,-7.366076416015858,0.988948610276105,0.0
v400_s5_p0,400,0.0,h2+3,0,1.3211836405903792,1.3211836405903792,249.7148269169993,260.6817961249908,True,True,427.0,427.0,True,True,True,0.0,10.966969207991497,1.0439179737278343,0.0
v400_s5_p0,400,0.0,h2+3,1,1.3057600844055772,1.3057600844055772,246.03745858299953,241.46944562499993,True,True,506.0,506.0,True,True,True,0.0,-4.568012957999599,0.9814336687417107,0.0
v400_s5_p0,400,0.0,h2+3,2,1.3115107669588917,1.3115107669588917,234.2341086249944,228.0591828339966,True,True,521.0,521.0,True,True,True,0.0,-6.174925790997804,0.9736378026784999,0.0
v400_s5_p0,400,0.0,h2+3,3,1.2960271771708052,1.2960271771708052,225.8907986250124,224.78358020901214,True,True,478.0,478.0,True,True,True,0.0,-1.1072184160002507,0.9950984350724339,0.0
v400_s5_p0,400,0.0,h2+3,4,1.3159199906195185,1.3159199906195185,297.93627537501743,306.0618971249787,True,True,390.0,390.0,True,True,True,0.0,8.125621749961283,1.0272730191707384,0.0
v400_s5_p0,400,0.0,h2+3+4,0,1.3353894818459853,1.3353894818459853,730.1706974169938,735.5089929999958,True,True,224.0,224.0,True,True,True,0.0,5.338295583002036,1.0073110241233816,0.0
v400_s5_p0,400,0.0,h2+3+4,1,1.3281091519002357,1.3281091519002357,667.4326954580029,663.8955044169998,True,True,275.0,275.0,True,True,True,0.0,-3.537191041003098,0.9947003030192043,0.0
v400_s5_p0,400,0.0,h2+3+4,2,1.3305303644770088,1.3305303644770088,572.4902412910014,571.7315896670043,True,True,342.0,342.0,True,True,True,0.0,-0.7586516239971388,0.9986748217361988,0.0
v400_s5_p0,400,0.0,h2+3+4,3,1.325121912357582,1.325121912357582,557.9882033749891,553.519690999994,True,True,399.0,399.0,True,True,True,0.0,-4.4685123749950435,0.9919917440046809,0.0
v400_s5_p0,400,0.0,h2+3+4,4,1.3273845941550173,1.3273845941550173,658.7517316250014,671.2257548750204,True,True,266.0,266.0,True,True,True,0.0,12.474023250018945,1.018935848895984,0.0
v400_s5_p10,400,0.1,h2,0,1.3163742476372744,1.3282305200198394,103.19574708299479,104.82415858299646,True,True,797.0,700.0,True,True,True,0.011856272382565036,1.6284115000016754,1.0157798314953042,-97.0
v400_s5_p10,400,0.1,h2,1,1.3173963485174423,1.3214073367981913,101.27803375000076,103.0204732909915,True,True,795.0,762.0,True,True,True,0.004010988280749084,1.7424395409907447,1.0172045158903051,-33.0
v400_s5_p10,400,0.1,h2,2,1.3176205307505515,1.324836229108174,100.65369566599838,101.28713358299865,True,True,782.0,738.0,True,True,True,0.007215698357622369,0.6334379170002649,1.006293240529411,-44.0
v400_s5_p10,400,0.1,h2,3,1.3093198126195091,1.3231307246258788,101.50141595900641,100.96591575001366,True,True,828.0,744.0,True,True,True,0.013810912006369636,-0.5355002089927439,0.9947242094710381,-84.0
v400_s5_p10,400,0.1,h2,4,1.323062011610272,1.3155719985775247,101.68971187499119,101.97628025000449,True,True,799.0,816.0,True,True,True,-0.0074900130327473224,0.286568375013303,1.0028180665450757,17.0
v400_s5_p10,400,0.1,h3,0,1.3444861691673708,1.3328157524392277,210.17697945899272,156.332914041006,True,True,351.0,471.0,True,True,True,-0.011670416728143174,-53.84406541798671,0.7438155902868889,120.0
v400_s5_p10,400,0.1,h3,1,1.3480134311354284,1.3462547449594324,189.31440637499327,154.19778595800744,True,True,376.0,466.0,True,True,True,-0.0017586861759959493,-35.116620416985825,0.81450634904442,90.0
v400_s5_p10,400,0.1,h3,2,1.3423948079388026,1.3490529738817443,157.32452908299456,137.35309204200166,True,True,421.0,465.0,True,True,True,0.006658165942941663,-19.971437040992896,0.8730557964647889,44.0
v400_s5_p10,400,0.1,h3,3,1.3424444504781379,1.3434636803605773,164.4268801670114,157.09850262501277,True,True,432.0,440.0,True,True,True,0.0010192298824394097,-7.328377541998634,0.9554307815452372,8.0
v400_s5_p10,400,0.1,h3,4,1.3412452435655573,1.3488174244478917,190.11073962500086,166.93141762499,True,True,368.0,426.0,True,True,True,0.007572180882334356,-23.17932200001087,0.8780746314188627,58.0
v400_s5_p10,400,0.1,h4,0,1.3425233189606507,1.3526799173921473,393.7703568750003,363.353823582991,True,True,324.0,425.0,True,True,True,0.010156598431496633,-30.416533292009262,0.9227556550132473,101.0
v400_s5_p10,400,0.1,h4,1,1.357612234378944,1.3435878024617107,376.75204504099383,355.6244653749891,True,True,322.0,360.0,True,True,True,-0.014024431917233349,-21.12757966600475,0.9439217916820972,38.0
v400_s5_p10,400,0.1,h4,2,1.354923300610126,1.3498198338318625,376.0890481670067,373.9078749170003,True,True,298.0,296.0,True,True,True,-0.005103466778263455,-2.1811732500063954,0.9942003808389607,-2.0
v400_s5_p10,400,0.1,h4,3,1.3620935424401364,1.342285494076661,348.9295068329957,356.2687345419836,True,True,331.0,339.0,True,True,True,-0.019808048363475272,7.339227708987892,1.0210335542430942,8.0
v400_s5_p10,400,0.1,h4,4,1.3614513352669102,1.3488119867116966,398.2028870830254,385.5405415830028,True,True,221.0,261.0,True,True,True,-0.012639348555213648,-12.662345500022639,0.9682012714855517,40.0
v400_s5_p10,400,0.1,h2+3,0,1.34244048937028,1.3329767361227614,212.22921733299154,158.81411191698862,True,True,351.0,471.0,True,True,True,-0.00946375324751858,-53.415105416002916,0.7483140818816024,120.0
v400_s5_p10,400,0.1,h2+3,1,1.358848922120322,1.3390504872636435,192.6496108329884,157.67925879199174,True,True,376.0,466.0,True,True,True,-0.019798434856678426,-34.97035204099666,0.8184769131388845,90.0
v400_s5_p10,400,0.1,h2+3,2,1.3447176287583182,1.342744002916772,159.72106062500097,138.6642888750066,True,True,421.0,465.0,True,True,True,-0.001973625841546145,-21.05677174999437,0.8681653398268357,44.0
v400_s5_p10,400,0.1,h2+3,3,1.3383346894684618,1.3429752713871954,168.39916120801354,156.65164554098737,True,True,432.0,440.0,True,True,True,0.004640581918733622,-11.747515667026164,0.9302400583069701,8.0
v400_s5_p10,400,0.1,h2+3,4,1.3407019102802082,1.3590817342121868,195.94006104199798,165.99726004200056,True,True,368.0,427.0,True,True,True,0.018379823931978567,-29.942800999997417,0.8471838742890896,59.0
v400_s5_p10,400,0.1,h2+3+4,0,1.3447238757659832,1.3518210143729879,395.8627995830029,370.81023470799846,True,True,338.0,436.0,True,True,True,0.007097138607004672,-25.052564875004464,0.9367140208643132,98.0
v400_s5_p10,400,0.1,h2+3+4,1,1.3566500884595551,1.3405580478769612,379.71383479201177,362.5030078330019,True,True,338.0,374.0,True,True,True,-0.016092040582593947,-17.210826959009864,0.954674216786341,36.0
v400_s5_p10,400,0.1,h2+3+4,2,1.3533434033074816,1.3533217297012188,383.4897020829958,383.8274608329957,True,True,313.0,309.0,True,True,True,-2.1673606262817557e-05,0.33775874999992084,1.0008807505082022,-4.0
v400_s5_p10,400,0.1,h2+3+4,3,1.3449359131020697,1.3378668097256667,398.9977079159871,352.4825507499918,True,True,257.0,349.0,True,True,True,-0.007069103376402985,-46.51515716599533,0.8834199890296374,92.0
v400_s5_p10,400,0.1,h2+3+4,4,1.3620798596073722,1.3498456569018584,416.696800042002,397.79110475000925,True,True,242.0,274.0,True,True,True,-0.012234202705513786,-18.905695291992743,0.9546296124902157,32.0
v400_s5_p30,400,0.3,h2,0,1.4498898195437977,1.4512655276916726,28.258265292010037,22.50700237500132,True,True,829.0,775.0,True,True,True,0.00137570814787491,-5.751262917008717,0.7964750186334023,-54.0
v400_s5_p30,400,0.3,h2,1,1.4467306945218967,1.4560166092493454,27.95217479200801,22.319243583988282,True,True,829.0,775.0,True,True,True,0.009285914727448663,-5.632931208019727,0.7984796800272487,-54.0
v400_s5_p30,400,0.3,h2,2,1.4429266917300754,1.443313951950932,27.408020999995642,22.040902291992097,True,True,829.0,775.0,True,True,True,0.00038726022085655565,-5.367118708003545,0.8041770798408101,-54.0
v400_s5_p30,400,0.3,h2,3,1.4569921203294809,1.4498612650393436,27.303488000005018,21.641820874996483,True,True,829.0,775.0,True,True,True,-0.007130855290137239,-5.661667125008535,0.7926394193662182,-54.0
v400_s5_p30,400,0.3,h2,4,1.4464951864733162,1.4566702207238642,27.973375500005204,22.200430374999996,True,True,829.0,775.0,True,True,True,0.010175034250547998,-5.772945125005208,0.7936271536124007,-54.0
v400_s5_p30,400,0.3,h3,0,1.425196305634675,1.434853771909865,51.986355750006624,51.448995250000735,True,True,436.0,364.0,True,True,True,0.00965746627519004,-0.5373605000058888,0.9896634320245496,-72.0
v400_s5_p30,400,0.3,h3,1,1.4289476546364703,1.4375760986384318,53.09888587500609,50.31273145900923,True,True,411.0,365.0,True,True,True,0.0086284440019615,-2.7861544159968616,0.9475289477343193,-46.0
v400_s5_p30,400,0.3,h3,2,1.4253170075587607,1.447565555739237,50.89624650000769,46.41579441700014,True,True,420.0,343.0,True,True,True,0.02224854818047639,-4.480452083007549,0.9119689094753407,-77.0
v400_s5_p30,400,0.3,h3,3,1.4184679077685867,1.4361396614659319,51.74855766701512,59.48106675001327,True,True,364.0,334.0,True,True,True,0.017671753697345194,7.732509082998149,1.1494246300110293,-30.0
v400_s5_p30,400,0.3,h3,4,1.4371649071922346,1.4361589744771668,53.58939025001018,55.66114766697865,True,True,439.0,331.0,True,True,True,-0.00100593271506777,2.0717574169684667,1.0386598430641423,-108.0
v400_s5_p30,400,0.3,h4,0,1.441635555689678,1.4411263736773623,128.5595132909948,127.0485968330031,True,True,280.0,299.0,True,True,True,-0.0005091820123157564,-1.5109164579916978,0.9882473383780496,19.0
v400_s5_p30,400,0.3,h4,1,1.431871542692833,1.4528734656777096,125.80465287499828,116.31253512500552,True,True,234.0,253.0,True,True,True,0.021001922984876575,-9.492117749992758,0.9245487544930131,19.0
v400_s5_p30,400,0.3,h4,2,1.4237585227841407,1.4386335221393847,98.25766320800176,90.39573874999769,True,True,398.0,346.0,True,True,True,0.014874999355243945,-7.861924458004069,0.9199866534444122,-52.0
v400_s5_p30,400,0.3,h4,3,1.442045518051162,1.4326131173501961,121.36086533300113,115.2754985409847,True,True,344.0,245.0,True,True,True,-0.009432400700965848,-6.08536679201643,0.9498572560823554,-99.0
v400_s5_p30,400,0.3,h4,4,1.4499788491532521,1.426317087208209,117.143507959001,115.497561458993,True,True,291.0,247.0,True,True,True,-0.023661761945043214,-1.6459465000079945,0.9859493152571113,-44.0
v400_s5_p30,400,0.3,h2+3,0,1.4273816350983393,1.435537983394771,53.85084795800503,52.449161083990475,True,True,436.0,365.0,True,True,True,0.008156348296431748,-1.4016868740145583,0.9739709414583844,-71.0
v400_s5_p30,400,0.3,h2+3,1,1.4148308124587676,1.443267243380226,54.595625000001746,51.71686500000942,True,True,411.0,365.0,True,True,True,0.028436430921458422,-2.878759999992326,0.9472712328141268,-46.0
v400_s5_p30,400,0.3,h2+3,2,1.430536350405691,1.4340909790991654,52.841588665993186,48.06498458300484,True,True,420.0,344.0,True,True,True,0.0035546286934744487,-4.776604082988342,0.9096052143098722,-76.0
v400_s5_p30,400,0.3,h2+3,3,1.4341361926468132,1.435541496327817,53.13373279100051,59.37341854200349,True,True,364.0,337.0,True,True,True,0.0014053036810037778,6.23968575100298,1.1174336042895112,-27.0
v400_s5_p30,400,0.3,h2+3,4,1.427128180371942,1.4322845195979268,54.14505383401411,57.769607708003605,True,True,439.0,335.0,True,True,True,0.005156339225984796,3.6245538739894982,1.0669415508404674,-104.0
v400_s5_p30,400,0.3,h2+3+4,0,1.453376410865519,1.456285462578574,135.09482987500087,130.9163054160017,True,True,285.0,311.0,True,True,True,0.0029090517130549998,-4.1785244589991635,0.9690696937635184,26.0
v400_s5_p30,400,0.3,h2+3+4,1,1.4374254537988007,1.450386234957894,131.7478105420014,119.21344008299639,True,True,243.0,271.0,True,True,True,0.012960781159093271,-12.534370459005004,0.904860882261045,28.0
v400_s5_p30,400,0.3,h2+3+4,2,1.4241617829785798,1.429214331171256,102.88130333300796,94.51228429201001,True,True,404.0,352.0,True,True,True,0.005052548192676198,-8.369019040997955,0.9186536448327354,-52.0
v400_s5_p30,400,0.3,h2+3+4,3,1.4369637099517083,1.4309513080961618,125.38284670800203,117.81100487499498,True,True,351.0,256.0,True,True,True,-0.006012401855546523,-7.571841833007056,0.9396102255467149,-95.0
v400_s5_p30,400,0.3,h2+3+4,4,1.4476663072157898,1.428415400981618,124.85299308400135,122.81476004101569,True,True,295.0,259.0,True,True,True,-0.019250906234171916,-2.0382330429856665,0.98367493647818,-36.0
v400_s5_p50,400,0.5,h2,0,1.8656025983972797,1.837764901348358,9.467615250003291,5.4512124589964515,True,True,592.0,418.0,True,True,True,-0.027837697048921806,-4.01640279100684,0.5757746079715858,-174.0
v400_s5_p50,400,0.5,h2,1,2.022325561588323,1.8430707264199087,9.394754042004934,5.2432174580026185,True,True,592.0,418.0,True,True,True,-0.17925483516841423,-4.151536584002315,0.5581005563913266,-174.0
v400_s5_p50,400,0.5,h2,2,1.9482202551841952,1.9171660260758234,9.576220208007726,5.340559165997547,True,True,592.0,418.0,True,True,True,-0.031054229108371745,-4.235661042010179,0.5576896781813477,-174.0
v400_s5_p50,400,0.5,h2,3,2.012795693972599,1.7952107314697343,9.338695415994152,5.143953999999212,True,True,592.0,418.0,True,True,True,-0.21758496250286474,-4.19474141599494,0.5508214767545893,-174.0
v400_s5_p50,400,0.5,h2,4,1.911546577921365,1.8142914169569944,9.580332542012911,5.136649416992441,True,True,592.0,418.0,True,True,True,-0.09725516096437059,-4.4436831250204705,0.5361660876035923,-174.0
v400_s5_p50,400,0.5,h3,0,1.6841335144219751,1.6700644587132174,28.16567579099501,11.234768584006815,True,True,362.0,302.0,True,True,True,-0.014069055708757716,-16.930907206988195,0.39888155595395797,-60.0
v400_s5_p50,400,0.5,h3,1,1.6431610151612643,1.6632074545990472,28.56313195799885,11.762702041989542,True,True,391.0,254.0,True,True,True,0.020046439437782837,-16.800429916009307,0.4118141546692502,-137.0
v400_s5_p50,400,0.5,h3,2,1.6606535454373446,1.6926510312458367,21.745007375007845,11.923341041008825,True,True,416.0,265.0,True,True,True,0.031997485808492154,-9.82166633399902,0.5483254539942194,-151.0
v400_s5_p50,400,0.5,h3,3,1.6618873460773103,1.660231834788164,23.804405208997196,14.533582625008421,True,True,392.0,270.0,True,True,True,-0.0016555112891463164,-9.270822583988775,0.6105417252566032,-122.0
v400_s5_p50,400,0.5,h3,4,1.682036931222015,1.7080998263158136,30.529814416979207,10.975998374982737,True,True,385.0,229.0,True,True,True,0.026062895093798666,-19.55381604199647,0.3595173630953491,-156.0
v400_s5_p50,400,0.5,h4,0,1.697834897684638,1.677729888158847,24.22238250001101,14.795002583006863,True,True,270.0,210.0,True,True,True,-0.020105009525791084,-9.427379917004146,0.6107988172922354,-60.0
v400_s5_p50,400,0.5,h4,1,1.689694429490361,1.655017443234264,25.75073104200419,17.152429833993665,True,True,223.0,179.0,True,True,True,-0.034676986256097164,-8.598301208010525,0.6660948695403983,-44.0
v400_s5_p50,400,0.5,h4,2,1.68499731662638,1.6700668228186908,23.65701424999861,15.398181166994618,True,True,266.0,219.0,True,True,True,-0.014930493807689293,-8.258833083003992,0.6508928389809598,-47.0
v400_s5_p50,400,0.5,h4,3,1.728476385643392,1.6705410312569775,20.798539624986006,14.832124166976428,True,True,351.0,208.0,True,True,True,-0.057935354386414506,-5.966415458009578,0.7131329619488324,-143.0
v400_s5_p50,400,0.5,h4,4,1.6663194931476795,1.682170809584762,22.43827237500227,15.086505415994907,True,True,350.0,214.0,True,True,True,0.015851316437082597,-7.351766959007364,0.6723559266890029,-136.0
v400_s5_p50,400,0.5,h2+3,0,1.6697101453360799,1.6902478220723394,29.505451165998238,11.944240666009136,True,True,362.0,302.0,True,True,True,0.020537676736259503,-17.5612104999891,0.4048147102991447,-60.0
v400_s5_p50,400,0.5,h2+3,1,1.638787460960281,1.666316615008557,30.538470833998872,12.560304541999358,True,True,391.0,254.0,True,True,True,0.02752915404827605,-17.978166291999514,0.4112944819756924,-137.0
v400_s5_p50,400,0.5,h2+3,2,1.642444328725941,1.7185474745568408,23.093257832995732,12.690943375011557,True,True,416.0,265.0,True,True,True,0.07610314583089983,-10.402314457984176,0.5495518850908376,-151.0
v400_s5_p50,400,0.5,h2+3,3,1.6448819190636044,1.6783174327697281,25.645007083017845,15.347943000000669,True,True,392.0,272.0,True,True,True,0.03343551370612374,-10.297064083017176,0.5984768477667567,-120.0
v400_s5_p50,400,0.5,h2+3,4,1.7015478863387052,1.69996923283219,30.34188154200092,11.698424083006103,True,True,385.0,230.0,True,True,True,-0.001578653506515204,-18.643457458994817,0.3855536798801516,-155.0
v400_s5_p50,400,0.5,h2+3+4,0,1.6716249679994137,1.6770541812462507,27.084267375001218,16.584400499996264,True,True,273.0,215.0,True,True,True,0.005429213246836984,-10.499866875004955,0.6123259776745399,-58.0
v400_s5_p50,400,0.5,h2+3+4,1,1.6804996844315296,1.6607867678120305,28.587274707999313,19.12734495800396,True,True,228.0,188.0,True,True,True,-0.019712916619499143,-9.459929749995354,0.6690859885518129,-40.0
v400_s5_p50,400,0.5,h2+3+4,2,1.6747385137839979,1.6618615996131227,26.77875437500188,17.343920083992998,True,True,269.0,224.0,True,True,True,-0.012876914170875109,-9.434834291008883,0.6476746394217516,-45.0
v400_s5_p50,400,0.5,h2+3+4,3,1.6998735009665478,1.6750040608041252,23.476049249991775,16.523620874999324,True,True,352.0,213.0,True,True,True,-0.02486944016242254,-6.952428374992451,0.7038501537904686,-139.0
v400_s5_p50,400,0.5,h2+3+4,4,1.672166218463183,1.6664285284160631,24.92899679101538,16.9113572910137,True,True,351.0,218.0,True,True,True,-0.00573769004711977,-8.017639500001678,0.678380980702308,-133.0
v400_s6_p0,400,0.0,h2,0,1.2737015064444273,1.2737015064444273,159.9621275410027,158.99104374999297,True,True,1096.0,1096.0,True,True,True,0.0,-0.9710837910097325,0.9939292893515634,0.0
v400_s6_p0,400,0.0,h2,1,1.273520342109601,1.273520342109601,159.03870712500066,159.91093970800284,True,True,1096.0,1096.0,True,True,True,0.0,0.8722325830021873,1.0054844043866418,0.0
v400_s6_p0,400,0.0,h2,2,1.269859293675968,1.269859293675968,155.10460483300267,156.06466854199243,True,True,1096.0,1096.0,True,True,True,0.0,0.9600637089897646,1.00618978211526,0.0
v400_s6_p0,400,0.0,h2,3,1.2679774387758114,1.2679774387758114,152.92531433398835,154.55949037501705,True,True,1096.0,1096.0,True,True,True,0.0,1.6341760410286952,1.0106861054897665,0.0
v400_s6_p0,400,0.0,h2,4,1.2769786631849211,1.2769786631849211,157.0853701659944,160.7495107499999,True,True,1096.0,1096.0,True,True,True,0.0,3.6641405840055086,1.023325791447883,0.0
v400_s6_p0,400,0.0,h3,0,1.2999421115994731,1.2999421115994731,276.97443654199014,274.1633447089989,True,True,428.0,428.0,True,True,True,0.0,-2.811091832991224,0.98985071738718,0.0
v400_s6_p0,400,0.0,h3,1,1.3121680214456306,1.3121680214456306,269.3993697919941,270.4035111669946,True,True,431.0,431.0,True,True,True,0.0,1.0041413750004722,1.0037273337936008,0.0
v400_s6_p0,400,0.0,h3,2,1.2943574580533252,1.2943574580533252,263.78301433401066,267.46418887500477,True,True,411.0,411.0,True,True,True,0.0,3.681174540994107,1.0139553130450352,0.0
v400_s6_p0,400,0.0,h3,3,1.2934486439664117,1.2934486439664117,269.6303815410065,273.3602785830153,True,True,423.0,423.0,True,True,True,0.0,3.7298970420088153,1.0138333707822222,0.0
v400_s6_p0,400,0.0,h3,4,1.3082974852705684,1.3082974852705684,235.657793958002,236.4643689999939,True,True,477.0,477.0,True,True,True,0.0,0.8065750419918913,1.0034226537915212,0.0
v400_s6_p0,400,0.0,h4,0,1.3156774747290252,1.3156774747290252,637.5707289999991,641.9351581249939,True,True,324.0,324.0,True,True,True,0.0,4.3644291249947855,1.0068454038532166,0.0
v400_s6_p0,400,0.0,h4,1,1.3098924152987867,1.3098924152987867,550.94637783301,551.6811129169946,True,True,369.0,369.0,True,True,True,0.0,0.7347350839845603,1.0013335872846183,0.0
v400_s6_p0,400,0.0,h4,2,1.3175120849809392,1.3175120849809392,700.361859541008,702.9432156249968,True,True,170.0,170.0,True,True,True,0.0,2.581356083988794,1.0036857462307849,0.0
v400_s6_p0,400,0.0,h4,3,1.3203792156920686,1.3203792156920686,678.169676999998,668.2894776670146,True,True,242.0,242.0,True,True,True,0.0,-9.880199332983466,0.9854310806453479,0.0
v400_s6_p0,400,0.0,h4,4,1.3256880826639328,1.3256880826639328,723.5395804159925,700.4992684170138,True,True,158.0,158.0,True,True,True,0.0,-23.040311998978723,0.9681561138842855,0.0
v400_s6_p0,400,0.0,h2+3,0,1.301426853309292,1.301426853309292,281.1556893750094,279.13703870899917,True,True,428.0,428.0,True,True,True,0.0,-2.018650666010217,0.9928201678205497,0.0
v400_s6_p0,400,0.0,h2+3,1,1.3087262243990525,1.3087262243990525,272.3275820419949,271.2817676249979,True,True,431.0,431.0,True,True,True,0.0,-1.0458144169970183,0.9961597190811332,0.0
v400_s6_p0,400,0.0,h2+3,2,1.2961798608315476,1.2961798608315476,271.0592911249987,279.3563298749941,True,True,411.0,411.0,True,True,True,0.0,8.297038749995409,1.0306096821679107,0.0
v400_s6_p0,400,0.0,h2+3,3,1.2953119432610822,1.2953119432610822,272.3374473330041,279.7006741669902,True,True,423.0,423.0,True,True,True,0.0,7.363226833986118,1.0270371441977373,0.0
v400_s6_p0,400,0.0,h2+3,4,1.3068445052583366,1.3068445052583366,242.47888908401364,240.08216891699703,True,True,477.0,477.0,True,True,True,0.0,-2.3967201670166105,0.9901157573920334,0.0
v400_s6_p0,400,0.0,h2+3+4,0,1.3147190740375512,1.3147190740375512,653.6647226250061,662.4922342080099,True,True,324.0,324.0,True,True,True,0.0,8.827511583003798,1.0135046473787876,0.0
v400_s6_p0,400,0.0,h2+3+4,1,1.3120482534908047,1.3120482534908047,567.4831292079907,568.8857337910013,True,True,369.0,369.0,True,True,True,0.0,1.4026045830105431,1.0024716234030924,0.0
v400_s6_p0,400,0.0,h2+3+4,2,1.313409598060313,1.313409598060313,716.1532790000056,705.8383299999987,True,True,170.0,170.0,True,True,True,0.0,-10.31494900000689,0.9855967300542,0.0
v400_s6_p0,400,0.0,h2+3+4,3,1.3189978099389557,1.3189978099389557,679.603881957999,682.554936792003,True,True,242.0,242.0,True,True,True,0.0,2.951054834004026,1.0043423160348963,0.0
v400_s6_p0,400,0.0,h2+3+4,4,1.3256732914644622,1.3256732914644622,715.6650088749884,718.4333244999871,True,True,158.0,158.0,True,True,True,0.0,2.7683156249986496,1.0038681723860587,0.0
v400_s6_p10,400,0.1,h2,0,1.309444777765247,1.2922935652882623,118.4610369590082,118.70586933300365,True,True,979.0,976.0,True,True,True,-0.01715121247698459,0.24483237399545033,1.0020667755430857,-3.0
v400_s6_p10,400,0.1,h2,1,1.3022486178005739,1.2980501663899977,115.45457912499842,111.59192375000566,True,True,979.0,976.0,True,True,True,-0.004198451410576176,-3.8626553749927552,0.9665439395798169,-3.0
v400_s6_p10,400,0.1,h2,2,1.298328882805377,1.3029389377007572,113.56976941600442,112.53498116599803,True,True,979.0,976.0,True,True,True,0.0046100548953802445,-1.034788250006386,0.9908885238093953,-3.0
v400_s6_p10,400,0.1,h2,3,1.3071364332848352,1.2879246108325795,114.43977491601254,111.69007166600204,True,True,979.0,976.0,True,True,True,-0.019211822452255722,-2.749703250010498,0.9759724863839647,-3.0
v400_s6_p10,400,0.1,h2,4,1.300352217955295,1.2802499956510587,115.98175395798171,113.525942459004,True,True,979.0,976.0,True,True,True,-0.020102222304236417,-2.4558114989777096,0.9788258806650966,-3.0
v400_s6_p10,400,0.1,h3,0,1.3218395723467353,1.327665276671053,176.23558020799828,164.05303354100033,True,True,412.0,420.0,True,True,True,0.0058257043243177264,-12.18254666699795,0.9308735123031356,8.0
v400_s6_p10,400,0.1,h3,1,1.3386967465857742,1.3234070046564161,188.21362500000396,150.65962258299987,True,True,370.0,420.0,True,True,True,-0.015289741929358058,-37.554002417004085,0.800471392987605,50.0
v400_s6_p10,400,0.1,h3,2,1.3277161520379173,1.340716151694252,163.33244962499884,155.8404172080045,True,True,408.0,419.0,True,True,True,0.012999999656334804,-7.492032416994334,0.954130165596637,11.0
v400_s6_p10,400,0.1,h3,3,1.3191759573664352,1.3320027520396474,164.2247987910232,170.22806883300655,True,True,417.0,393.0,True,True,True,0.012826794673212127,6.003270041983342,1.0365551980345096,-24.0
v400_s6_p10,400,0.1,h3,4,1.3263171499622435,1.3335369217875497,189.25604445798672,163.1708340840123,True,True,367.0,409.0,True,True,True,0.007219771825306198,-26.085210373974405,0.8621697370423215,42.0
v400_s6_p10,400,0.1,h4,0,1.3227773852152145,1.346197256391761,347.78632408399426,387.1287967499957,True,True,332.0,231.0,True,True,True,0.023419871176546536,39.34247266600141,1.1131225408866272,-101.0
v400_s6_p10,400,0.1,h4,1,1.3376102828049665,1.331176236474998,378.7582072910009,359.2682778749877,True,True,261.0,280.0,True,True,True,-0.006434046329968579,-19.489929416013183,0.9485425555385021,19.0
v400_s6_p10,400,0.1,h4,2,1.3382503574536844,1.3277145254502787,355.9988104170043,250.5574867920077,True,True,335.0,394.0,True,True,True,-0.010535832003405687,-105.44132362499658,0.7038155169634236,59.0
v400_s6_p10,400,0.1,h4,3,1.3395927362067708,1.3339405471771633,359.9899650000152,331.42850083400845,True,True,301.0,321.0,True,True,True,-0.005652189029607513,-28.561464166006772,0.9206603879471874,20.0
v400_s6_p10,400,0.1,h4,4,1.3340725619734572,1.3374598316540316,270.44681716599735,369.1332454170042,True,True,387.0,230.0,True,True,True,0.003387269680574345,98.68642825100687,1.364901422339292,-157.0
v400_s6_p10,400,0.1,h2+3,0,1.3279127564628193,1.3286564213806809,175.15418308301014,165.30196870800864,True,True,412.0,420.0,True,True,True,0.0007436649178615973,-9.852214375001495,0.9437511899425647,8.0
v400_s6_p10,400,0.1,h2+3,1,1.3397432216663152,1.3241617612573462,190.26356587500777,153.12231504100782,True,True,370.0,421.0,True,True,True,-0.015581460408969017,-37.14125083399995,0.8047905248532995,51.0
v400_s6_p10,400,0.1,h2+3,2,1.3269402163022057,1.349857397442811,166.65112266599317,155.80397216699203,True,True,408.0,420.0,True,True,True,0.02291718114060526,-10.847150499001145,0.9349110265477101,12.0
v400_s6_p10,400,0.1,h2+3,3,1.3241231798154929,1.331503574432356,166.82761624999694,174.28318108301028,True,True,417.0,393.0,True,True,True,0.0073803946168631285,7.455564833013341,1.0446902317530025,-24.0
v400_s6_p10,400,0.1,h2+3,4,1.3297148290723322,1.3290710028217212,191.08884933401714,164.09118695900543,True,True,367.0,409.0,True,True,True,-0.0006438262506109904,-26.997662375011714,0.8587167044591876,42.0
v400_s6_p10,400,0.1,h2+3+4,0,1.3224613410794048,1.3358491690589775,348.1511214589991,390.699685708998,True,True,343.0,252.0,True,True,True,0.01338782797957272,42.54856424999889,1.122212917401186,-91.0
v400_s6_p10,400,0.1,h2+3+4,1,1.3336227519130812,1.3351984100982908,387.2697127499996,366.24996466700395,True,True,281.0,303.0,True,True,True,0.0015756581852095497,-21.019748082995648,0.9457232326955429,22.0
v400_s6_p10,400,0.1,h2+3+4,2,1.3314806244986581,1.3277265890036747,365.1295327090047,258.4353715000034,True,True,351.0,408.0,True,True,True,-0.003754035494983432,-106.69416120900132,0.7077909299272355,57.0
v400_s6_p10,400,0.1,h2+3+4,3,1.3411466203621611,1.3426584912859658,374.7563297499728,347.9595180420147,True,True,316.0,341.0,True,True,True,0.0015118709238046701,-26.796811707958113,0.9284953726443094,25.0
v400_s6_p10,400,0.1,h2+3+4,4,1.3322231881601518,1.3377099774372705,283.358061832987,407.77306841601967,True,True,404.0,288.0,True,True,True,0.005486789277118653,124.41500658303266,1.4390734668998535,-116.0
v400_s6_p30,400,0.3,h2,0,1.4402637342650817,1.4391113855132138,21.464856458012946,20.116160375007894,True,True,824.0,780.0,True,True,True,-0.001152348751867871,-1.348696083005052,0.9371672442514016,-44.0
v400_s6_p30,400,0.3,h2,1,1.4321458932188749,1.434904722773841,20.33262187500077,20.1999560839904,True,True,824.0,780.0,True,True,True,0.0027588295549660913,-0.13266579101036768,0.9934752246008429,-44.0
v400_s6_p30,400,0.3,h2,2,1.4327443304782252,1.440433007263439,19.88616420800099,20.063376791003975,True,True,824.0,780.0,True,True,True,0.007688676785213788,0.1772125830029836,1.0089113506832899,-44.0
v400_s6_p30,400,0.3,h2,3,1.430167275057297,1.4346710127586286,19.259608249994926,20.25806733299396,True,True,824.0,780.0,True,True,True,0.004503737701331723,0.9984590829990339,1.0518421283568578,-44.0
v400_s6_p30,400,0.3,h2,4,1.4372222208673804,1.4313269753568307,19.92635887497454,19.898206792015117,True,True,824.0,780.0,True,True,True,-0.0058952455105496515,-0.02815208295942284,0.9985871938202027,-44.0
v400_s6_p30,400,0.3,h3,0,1.4197427710675166,1.4272119545937083,51.73521095799515,49.539646417004406,True,True,370.0,350.0,True,True,True,0.007469183526191747,-2.1955645409907447,0.9575615040446367,-20.0
v400_s6_p30,400,0.3,h3,1,1.422224107132464,1.4352463172957308,51.658622709001065,55.32136074999289,True,True,402.0,321.0,True,True,True,0.013022210163266879,3.662738040991826,1.070902742832004,-81.0
v400_s6_p30,400,0.3,h3,2,1.4016409367797957,1.4390739457316217,50.61396429200249,48.70911912499287,True,True,409.0,356.0,True,True,True,0.037433008951826,-1.9048451670096256,0.9623652248217472,-53.0
v400_s6_p30,400,0.3,h3,3,1.4261344222571821,1.4648004586537335,54.285873665998224,46.615954624983715,True,True,387.0,378.0,True,True,True,0.03866603639655142,-7.669919041014509,0.8587124324791232,-9.0
v400_s6_p30,400,0.3,h3,4,1.4409430160336913,1.4363802458102033,60.74742575001437,51.01174349998473,True,True,357.0,320.0,True,True,True,-0.004562770223488055,-9.73568225002964,0.8397350648224409,-37.0
v400_s6_p30,400,0.3,h4,0,1.434686086138127,1.4359716566992748,138.25223854200158,117.57256729100482,True,True,208.0,282.0,True,True,True,0.001285570561147864,-20.679671250996762,0.8504207131176816,74.0
v400_s6_p30,400,0.3,h4,1,1.4416621043238622,1.4242348703301972,136.67799270901014,128.31469704200572,True,True,201.0,231.0,True,True,True,-0.01742723399366497,-8.363295667004422,0.938810224665722,30.0
v400_s6_p30,400,0.3,h4,2,1.4355925294047942,1.4276815866679131,135.76735245800228,126.09656270800042,True,True,211.0,200.0,True,True,True,-0.007910942736881088,-9.670789750001859,0.9287694016645616,-11.0
v400_s6_p30,400,0.3,h4,3,1.433641735878674,1.4449624396960183,133.93109195900615,115.21285395801533,True,True,188.0,286.0,True,True,True,0.011320703817344402,-18.718238000990823,0.8602397865409763,98.0
v400_s6_p30,400,0.3,h4,4,1.4276802296556843,1.4257475567706999,149.86915883401525,116.97553312501987,True,True,193.0,300.0,True,True,True,-0.0019326728849844432,-32.89362570899539,0.7805177131512021,107.0
v400_s6_p30,400,0.3,h2+3,0,1.4276343030165852,1.4352242743430346,53.86566579200735,51.20604783300951,True,True,370.0,350.0,True,True,True,0.007589971326449341,-2.659617958997842,0.9506249868094552,-20.0
v400_s6_p30,400,0.3,h2+3,1,1.424532554741409,1.4283306341995023,53.000041584004066,56.156684166999185,True,True,402.0,321.0,True,True,True,0.0037980794580934063,3.1566425829951186,1.059559247288361,-81.0
v400_s6_p30,400,0.3,h2+3,2,1.4190382931661014,1.4286420250970582,52.32084891600243,50.156084542002645,True,True,409.0,357.0,True,True,True,0.00960373193095676,-2.1647643739997875,0.9586252054611123,-52.0
v400_s6_p30,400,0.3,h2+3,3,1.4155784189634635,1.4371488768648257,56.06702854100149,48.09087466701749,True,True,387.0,379.0,True,True,True,0.02157045790136225,-7.976153873984003,0.8577389585012324,-8.0
v400_s6_p30,400,0.3,h2+3,4,1.4319056222613584,1.4292567606363762,62.43501649997779,51.58907854100107,True,True,357.0,322.0,True,True,True,-0.002648861624982235,-10.84593795897672,0.826284374266473,-35.0
v400_s6_p30,400,0.3,h2+3+4,0,1.436135765440041,1.4406266247377706,142.72627116600052,120.8070662500104,True,True,228.0,292.0,True,True,True,0.004490859297729521,-21.91920491599012,0.8464248751339088,64.0
v400_s6_p30,400,0.3,h2+3+4,1,1.4291919087544347,1.4267618913783033,145.52313754199713,132.17942120799853,True,True,261.0,245.0,True,True,True,-0.002430017376131355,-13.3437163339986,0.9083051907800732,-16.0
v400_s6_p30,400,0.3,h2+3+4,2,1.4426062829026807,1.4220056932870497,141.6887604999938,133.42047154200554,True,True,226.0,219.0,True,True,True,-0.020600589615630938,-8.268288957988261,0.9416447082407173,-7.0
v400_s6_p30,400,0.3,h2+3+4,3,1.4361449939518225,1.4372001525771456,139.811024249997,121.77146683298633,True,True,199.0,301.0,True,True,True,0.001055158625323127,-18.039557417010656,0.8709718528007204,102.0
v400_s6_p30,400,0.3,h2+3+4,4,1.42921427619638,1.4299377998607203,154.8480264999962,120.94917516599526,True,True,207.0,308.0,True,True,True,0.0007235236643403642,-33.89885133400094,0.7810830909491651,101.0
v400_s6_p50,400,0.5,h2,0,1.9563321966698868,1.8623301283193832,9.494621416000882,4.236453582998365,True,True,589.0,415.0,True,True,True,-0.09400206835050362,-5.258167833002517,0.4461951032464391,-174.0
v400_s6_p50,400,0.5,h2,1,,1.8692887792108874,9.005739874992287,4.208377582996036,True,True,589.0,415.0,False,True,False,,-4.797362291996251,0.46729948248695563,-174.0
v400_s6_p50,400,0.5,h2,2,,1.8629566369146042,9.021641250001267,4.18320629101072,True,True,589.0,415.0,False,True,False,,-4.838434958990547,0.4636857280276061,-174.0
v400_s6_p50,400,0.5,h2,3,1.9626860780192728,1.8830341078143575,9.298942916997476,4.125870916992426,True,True,589.0,415.0,True,True,True,-0.07965197020491521,-5.17307200000505,0.44369246631794823,-174.0
v400_s6_p50,400,0.5,h2,4,1.9997390509189101,1.8011707847086125,9.41663754201727,4.373882457992295,True,True,589.0,415.0,True,True,True,-0.19856826621029766,-5.042755084024975,0.46448452948049906,-174.0
v400_s6_p50,400,0.5,h3,0,1.7174505445701649,1.699128416858876,24.277047625000705,11.857248792002792,True,True,367.0,257.0,True,True,True,-0.018322127711288827,-12.419798832997913,0.48841395276549604,-110.0
v400_s6_p50,400,0.5,h3,1,1.661361333206141,1.6577335719930357,24.456076957998448,10.958270040995558,True,True,367.0,242.0,True,True,True,-0.0036277612131052628,-13.49780691700289,0.4480796351686167,-125.0
v400_s6_p50,400,0.5,h3,2,1.6421297143125742,1.7114463907480286,21.878536292002536,11.206763333000708,True,True,357.0,251.0,True,True,True,0.06931667643545447,-10.671772959001828,0.5122263749013786,-106.0
v400_s6_p50,400,0.5,h3,3,1.7311039201702394,1.6923272288795943,28.872506125015207,12.376571667002281,True,True,385.0,265.0,True,True,True,-0.03877669129064509,-16.495934458012925,0.4286628813381458,-120.0
v400_s6_p50,400,0.5,h3,4,1.6594838474823423,1.717106104913243,22.054231832997175,11.26617154100677,True,True,353.0,246.0,True,True,True,0.05762225743090066,-10.788060291990405,0.5108394446162714,-107.0
v400_s6_p50,400,0.5,h4,0,1.6695399477257278,1.695806781442939,22.88406283299264,14.387439792000805,True,True,239.0,235.0,True,True,True,0.02626683371721117,-8.496623040991835,0.6287100283284488,-4.0
v400_s6_p50,400,0.5,h4,1,1.6958546431186032,1.685316112380472,22.46085416599817,14.082340124994516,True,True,250.0,221.0,True,True,True,-0.010538530738131158,-8.378514041003655,0.6269725995689305,-29.0
v400_s6_p50,400,0.5,h4,2,1.6792369884176686,1.6849855337717685,22.25618250000116,16.39417266601231,True,True,266.0,190.0,True,True,True,0.005748545354099965,-5.86200983398885,0.7366120701971892,-76.0
v400_s6_p50,400,0.5,h4,3,1.6812022590310212,1.7359977874460355,21.997985333990073,13.351776208000956,True,True,264.0,250.0,True,True,True,0.05479552841501434,-8.646209125989117,0.6069545008456083,-14.0
v400_s6_p50,400,0.5,h4,4,1.6787020851426924,1.682436229314126,20.4904460409889,14.405126208002912,True,True,316.0,223.0,True,True,True,0.0037341441714335843,-6.085319832985988,0.7030167219975119,-93.0
v400_s6_p50,400,0.5,h2+3,0,1.6933849396663436,1.697179619931611,25.291371250001248,12.644070874986937,True,True,367.0,257.0,True,True,True,0.003794680265267303,-12.64730037501431,0.4999361541136807,-110.0
v400_s6_p50,400,0.5,h2+3,1,1.6631711610139706,1.6598085739233621,26.162292749999324,11.630257708995487,True,True,367.0,242.0,True,True,True,-0.0033625870906084376,-14.532035041003837,0.4445427554890344,-125.0
v400_s6_p50,400,0.5,h2+3,2,1.6690678987246754,1.7564195876204691,23.095839666988468,11.989183500001673,True,True,357.0,251.0,True,True,True,0.0873516888957937,-11.106656166986795,0.5191057641925939,-106.0
v400_s6_p50,400,0.5,h2+3,3,1.6647098325609482,1.7137749737496064,29.652205042017158,13.12761783399037,True,True,385.0,265.0,True,True,True,0.049065141188658234,-16.524587208026787,0.4427197847643554,-120.0
v400_s6_p50,400,0.5,h2+3,4,1.690724166199239,1.6674611856632557,23.43297475000145,12.042980500002159,True,True,353.0,246.0,True,True,True,-0.02326298053598319,-11.38999424999929,0.5139330634921379,-107.0
v400_s6_p50,400,0.5,h2+3+4,0,1.6542465946571046,1.7234322377354512,25.73597762499412,16.35602945800929,True,True,239.0,236.0,True,True,True,0.06918564307834663,-9.379948166984832,0.6355316940485966,-3.0
v400_s6_p50,400,0.5,h2+3+4,1,1.6890265772200614,1.6968342721888716,25.066359832999296,16.013909417000832,True,True,250.0,224.0,True,True,True,0.007807694968810175,-9.052450415998464,0.6388605893991389,-26.0
v400_s6_p50,400,0.5,h2+3+4,2,1.6585029996605218,1.6911038859629048,25.236793834003038,18.49173612499726,True,True,266.0,195.0,True,True,True,0.032600886302383,-6.745057709005778,0.7327292145994488,-71.0
v400_s6_p50,400,0.5,h2+3+4,3,1.6643719501253385,1.7050571571412043,24.597390457987785,15.195684417005396,True,True,264.0,253.0,True,True,True,0.040685207015865865,-9.40170604098239,0.6177762817140926,-11.0
v400_s6_p50,400,0.5,h2+3+4,4,1.6990142029310906,1.6914469739212914,22.886032125010388,16.049465249991044,True,True,316.0,224.0,True,True,True,-0.007567229009799226,-6.836566875019344,0.7012777558959998,-92.0
v400_s7_p0,400,0.0,h2,0,1.2939206790324398,1.2939206790324398,148.1243790419976,145.98414491700532,True,True,766.0,766.0,True,True,True,0.0,-2.1402341249922756,0.9855511014538298,0.0
v400_s7_p0,400,0.0,h2,1,1.2907422952642913,1.2907422952642913,145.80018466700858,150.12195833399892,True,True,741.0,741.0,True,True,True,0.0,4.321773666990339,1.029641757154566,0.0
v400_s7_p0,400,0.0,h2,2,1.281443212350571,1.281443212350571,143.00105841699406,145.44406929099932,True,True,767.0,767.0,True,True,True,0.0,2.4430108740052674,1.0170838656793812,0.0
v400_s7_p0,400,0.0,h2,3,1.2871896718399483,1.2871896718399483,142.51937741599977,141.65571058299975,True,True,770.0,770.0,True,True,True,0.0,-0.8636668330000248,0.9939400041688432,0.0
v400_s7_p0,400,0.0,h2,4,1.293933849898006,1.293933849898006,143.94954737499938,149.02079545898596,True,True,719.0,719.0,True,True,True,0.0,5.071248083986575,1.0352293437281577,0.0
v400_s7_p0,400,0.0,h3,0,1.3142963575866204,1.3142963575866204,251.6124735839985,249.77167495900358,True,True,437.0,437.0,True,True,True,0.0,-1.8407986249949317,0.9926839929723102,0.0
v400_s7_p0,400,0.0,h3,1,1.3094995459674466,1.3094995459674466,269.2036826249969,269.05035941700044,True,True,413.0,413.0,True,True,True,0.0,-0.1533232079964364,0.9994304564985835,0.0
v400_s7_p0,400,0.0,h3,2,1.308284141940988,1.308284141940988,234.24873204198957,235.2231994169997,True,True,479.0,479.0,True,True,True,0.0,0.9744673750101356,1.0041599686218812,0.0
v400_s7_p0,400,0.0,h3,3,1.3036930356266896,1.3036930356266896,246.50395312500768,240.95590429200092,True,True,448.0,448.0,True,True,True,0.0,-5.54804883300676,0.9774930634471682,0.0
v400_s7_p0,400,0.0,h3,4,1.300525493651748,1.300525493651748,269.0803952080023,271.12923483300256,True,True,407.0,407.0,True,True,True,0.0,2.048839625000255,1.0076142285409402,0.0
v400_s7_p0,400,0.0,h4,0,1.3203151320451953,1.3203151320451953,611.4551233329985,591.0739441250043,True,True,260.0,260.0,True,True,True,0.0,-20.381179207994137,0.966667743174842,0.0
v400_s7_p0,400,0.0,h4,1,1.3332965783870794,1.3332965783870794,684.549550124997,682.7952979580004,True,True,188.0,188.0,True,True,True,0.0,-1.7542521669965936,0.9974373627640596,0.0
v400_s7_p0,400,0.0,h4,2,1.3256829226888172,1.3256829226888172,665.1428211250022,667.8130156249972,True,True,247.0,247.0,True,True,True,0.0,2.6701944999949774,1.004014467893495,0.0
v400_s7_p0,400,0.0,h4,3,1.3268273190714948,1.3268273190714948,623.1100184159877,609.4673274169909,True,True,312.0,312.0,True,True,True,0.0,-13.64269099899684,0.978105486036514,0.0
v400_s7_p0,400,0.0,h4,4,1.332150556367457,1.332150556367457,524.744287959009,522.0973402909876,True,True,338.0,338.0,True,True,True,0.0,-2.646947668021312,0.9949557380065697,0.0
v400_s7_p0,400,0.0,h2+3,0,1.3162932848448312,1.3162932848448312,252.7395963750023,255.45963225000014,True,True,437.0,437.0,True,True,True,0.0,2.7200358749978477,1.010762207085913,0.0
v400_s7_p0,400,0.0,h2+3,1,1.3108260382234664,1.3108260382234664,272.30212533299346,273.14225170901045,True,True,413.0,413.0,True,True,True,0.0,0.8401263760169968,1.0030852729298003,0.0
v400_s7_p0,400,0.0,h2+3,2,1.3135034814464988,1.3135034814464988,236.94781254199916,238.1021260409907,True,True,479.0,479.0,True,True,True,0.0,1.1543134989915416,1.0048715938189425,0.0
v400_s7_p0,400,0.0,h2+3,3,1.3071134350024212,1.3071134350024212,250.39371920799022,252.11952758400002,True,True,448.0,448.0,True,True,True,0.0,1.7258083760098089,1.0068923788562614,0.0
v400_s7_p0,400,0.0,h2+3,4,1.306374330661303,1.306374330661303,272.8646164579841,281.2104207910015,True,True,407.0,407.0,True,True,True,0.0,8.34580433301744,1.030585879698706,0.0
v400_s7_p0,400,0.0,h2+3+4,0,1.321664623944956,1.321664623944956,607.3596010420006,612.1323482080043,True,True,260.0,260.0,True,True,True,0.0,4.772747166003683,1.0078581900373609,0.0
v400_s7_p0,400,0.0,h2+3+4,1,1.3333213261608685,1.3333213261608685,689.306821582999,707.2712223330018,True,True,188.0,188.0,True,True,True,0.0,17.964400750002824,1.0260615450007406,0.0
v400_s7_p0,400,0.0,h2+3+4,2,1.3246965393457522,1.3246965393457522,685.1537136249972,692.529252584005,True,True,247.0,247.0,True,True,True,0.0,7.375538959007827,1.0107647945451328,0.0
v400_s7_p0,400,0.0,h2+3+4,3,1.3277150296274358,1.3277150296274358,650.50042454098,626.5014024580014,True,True,312.0,312.0,True,True,True,0.0,-23.999022082978627,0.9631068310218039,0.0
v400_s7_p0,400,0.0,h2+3+4,4,1.3167372888879765,1.3167372888879765,646.7958542080014,650.8235470830114,True,True,276.0,276.0,True,True,True,0.0,4.027692875009961,1.0062271470183461,0.0
v400_s7_p10,400,0.1,h2,0,1.3165083737972676,1.3154631849113876,101.87771445899853,103.1245623750001,True,True,754.0,724.0,True,True,True,-0.0010451888858800107,1.2468479160015704,1.0122386718491154,-30.0
v400_s7_p10,400,0.1,h2,1,1.319627634062236,1.3105520085599005,119.2019070420065,101.22208020799735,True,True,947.0,787.0,True,True,True,-0.009075625502335427,-17.979826834009145,0.8491649397213663,-160.0
v400_s7_p10,400,0.1,h2,2,1.3099670394528695,1.3230206604524195,99.86300858299364,101.60059145800187,True,True,773.0,757.0,True,True,True,0.013053620999549986,1.7375828750082292,1.0173996647974426,-16.0
v400_s7_p10,400,0.1,h2,3,1.3276878388776088,1.3242542952212946,103.24197350000031,104.17883104100474,True,True,888.0,759.0,True,True,True,-0.0034335436563142085,0.9368575410044286,1.0090743862137082,-129.0
v400_s7_p10,400,0.1,h2,4,1.3236946291146365,1.3220187825788505,102.07029233299545,100.87539400000242,True,True,736.0,736.0,True,True,True,-0.0016758465357860075,-1.1948983329930343,0.9882933779684417,0.0
v400_s7_p10,400,0.1,h3,0,1.3350485598886588,1.330122754108529,171.7997829579981,169.80224795799586,True,True,443.0,407.0,True,True,True,-0.004925805780129799,-1.9975350000022445,0.9883728898511437,-36.0
v400_s7_p10,400,0.1,h3,1,1.3293140925493905,1.342176601750724,164.13332691699907,129.21567316600704,True,True,437.0,517.0,True,True,True,0.012862509201333472,-34.91765375099203,0.7872604278066598,80.0
v400_s7_p10,400,0.1,h3,2,1.3336868576115741,1.3252017768158448,157.62869954099006,157.2781982919987,True,True,474.0,472.0,True,True,True,-0.008485080795729294,-0.3505012489913497,0.9977764122268851,-2.0
v400_s7_p10,400,0.1,h3,3,1.3307279055882433,1.3304437523632886,135.6526647080027,166.86901762502384,True,True,459.0,428.0,True,True,True,-0.0002841532249546752,31.21635291702114,1.230119717767546,-31.0
v400_s7_p10,400,0.1,h3,4,1.3234558152446962,1.3230542103055098,176.86607358398032,137.41595875000348,True,True,431.0,484.0,True,True,True,-0.00040160493918639517,-39.45011483397684,0.7769492247180748,53.0
v400_s7_p10,400,0.1,h4,0,1.3402770652839266,1.3411981843521776,372.63769375000265,396.2097432080045,True,True,330.0,245.0,True,True,True,0.0009211190682509862,23.572049458001857,1.0632572867784438,-85.0
v400_s7_p10,400,0.1,h4,1,1.337322538086046,1.3420477593281068,400.37839983300364,343.8751726250048,True,True,285.0,367.0,True,True,True,0.004725221242060762,-56.50322720799886,0.8588754357588567,82.0
v400_s7_p10,400,0.1,h4,2,1.348071337601716,1.3357810016149478,345.63578566700744,443.09856408399355,True,True,389.0,259.0,True,True,True,-0.012290335986768097,97.46277841698611,1.2819811560568086,-130.0
v400_s7_p10,400,0.1,h4,3,1.3400914102261083,1.3367004224023038,392.57858841700363,338.1183338749979,True,True,241.0,369.0,True,True,True,-0.0033909878238045366,-54.460254542005714,0.8612755352715337,128.0
v400_s7_p10,400,0.1,h4,4,1.3453780210324606,1.3413873472325595,387.1692377500003,370.14405929198256,True,True,318.0,303.0,True,True,True,-0.0039906737999011455,-17.025178458017763,0.9560265207097597,-15.0
v400_s7_p10,400,0.1,h2+3,0,1.3342506472923288,1.326137292480232,175.33930762500677,170.07019554200815,True,True,443.0,407.0,True,True,True,-0.008113354812096851,-5.2691120829986176,0.969949053898014,-36.0
v400_s7_p10,400,0.1,h2+3,1,1.323026058128352,1.3463185168357545,168.71506908300216,134.09917966600915,True,True,437.0,517.0,True,True,True,0.023292458707402597,-34.615889416993014,0.7948263329106474,80.0
v400_s7_p10,400,0.1,h2+3,2,1.3302325007563727,1.3207081448734381,160.69370754100964,161.9759672079963,True,True,474.0,472.0,True,True,True,-0.009524355882934543,1.282259666986647,1.0079795263088283,-2.0
v400_s7_p10,400,0.1,h2+3,3,1.328282018298857,1.3318206070770737,136.42427116600447,171.635269084014,True,True,459.0,428.0,True,True,True,0.003538588778216667,35.210997918009525,1.258099219567491,-31.0
v400_s7_p10,400,0.1,h2+3,4,1.3319024183665533,1.3296676773174723,183.96971224999288,137.23833437499707,True,True,431.0,484.0,True,True,True,-0.002234741049081057,-46.731377874995815,0.7459833072332392,53.0
v400_s7_p10,400,0.1,h2+3+4,0,1.3461383243430118,1.3409089032316042,376.4211543749989,403.09374095799285,True,True,345.0,264.0,True,True,True,-0.005229421111407673,26.672586582993972,1.0708583624299237,-81.0
v400_s7_p10,400,0.1,h2+3+4,1,1.3460033547456742,1.3420466684007932,396.7934064170113,353.8898715000105,True,True,233.0,382.0,True,True,True,-0.003956686344881,-42.9035349170008,0.8918743753722782,149.0
v400_s7_p10,400,0.1,h2+3+4,2,1.350128210761977,1.343824387757473,350.10642754199216,429.7504003329959,True,True,399.0,285.0,True,True,True,-0.00630382300450405,79.64397279100376,1.227485034622654,-114.0
v400_s7_p10,400,0.1,h2+3+4,3,1.344251808011971,1.3346626218048532,402.96972012499464,340.35436175001087,True,True,263.0,388.0,True,True,True,-0.009589186207117795,-62.61535837498377,0.8446152272792072,125.0
v400_s7_p10,400,0.1,h2+3+4,4,1.3441359586705532,1.339662506666572,388.6456413330161,375.226559792005,True,True,362.0,321.0,True,True,True,-0.004473452003981304,-13.41908154101111,0.9654721933970879,-41.0
v400_s7_p30,400,0.3,h2,0,1.48570813393116,1.4781742674478193,28.408370874996763,23.241427833985654,True,True,827.0,783.0,True,True,True,-0.0075338664833406455,-5.166943041011109,0.818118995145944,-44.0
v400_s7_p30,400,0.3,h2,1,1.4729051027695124,1.4803319273653872,27.991898166990723,23.016762041996117,True,True,827.0,783.0,True,True,True,0.007426824595874848,-4.975136124994606,0.822265139172966,-44.0
v400_s7_p30,400,0.3,h2,2,1.4748106558446246,1.4835678538936241,27.407662832993083,23.174698457994964,True,True,827.0,783.0,True,True,True,0.008757198048999548,-4.232964374998119,0.845555441892604,-44.0
v400_s7_p30,400,0.3,h2,3,1.458183046139278,1.4906933377078435,27.67590229198686,22.620519249991048,True,True,827.0,783.0,True,True,True,0.03251029156856555,-5.05538304199581,0.8173362881303595,-44.0
v400_s7_p30,400,0.3,h2,4,1.4803688108148403,1.4920908528746537,27.70624037500238,22.75820933401701,True,True,827.0,783.0,True,True,True,0.01172204205981342,-4.94803104098537,0.8214109538496002,-44.0
v400_s7_p30,400,0.3,h3,0,1.4274775923023775,1.4422507916809924,49.412783166990266,48.561730417000945,True,True,448.0,405.0,True,True,True,0.014773199378614876,-0.8510527499893215,0.9827766683954394,-43.0
v400_s7_p30,400,0.3,h3,1,1.4220678722182516,1.4484203326345433,60.26558316699811,60.03293037500407,True,True,365.0,379.0,True,True,True,0.02635246041629169,-0.23265279199404176,0.9961395413473499,14.0
v400_s7_p30,400,0.3,h3,2,1.417894758612258,1.4346650526006772,50.201593541001785,47.021088416993734,True,True,429.0,410.0,True,True,True,0.016770293988419116,-3.18050512400805,0.9366453353435804,-19.0
v400_s7_p30,400,0.3,h3,3,1.4447576516224647,1.430796476882398,48.354730832972564,46.881725375016686,True,True,429.0,431.0,True,True,True,-0.01396117474006675,-1.4730054579558782,0.9695375109615655,2.0
v400_s7_p30,400,0.3,h3,4,1.419638134936735,1.4415132214095059,48.44785987501382,48.02222312500817,True,True,447.0,411.0,True,True,True,0.02187508647277081,-0.42563675000565127,0.9912145396906342,-36.0
v400_s7_p30,400,0.3,h4,0,1.4378777777931377,1.4498867703889267,110.52204429199628,116.51643254100054,True,True,370.0,347.0,True,True,True,0.012008992595788914,5.99438824900426,1.0542370373928955,-23.0
v400_s7_p30,400,0.3,h4,1,1.452151640381252,1.4493525892278298,118.22262916699401,113.00990895899304,True,True,363.0,301.0,True,True,True,-0.0027990511534221607,-5.212720208000974,0.955907593624586,-62.0
v400_s7_p30,400,0.3,h4,2,1.4292521514067509,1.45691249692041,137.77861679099442,89.27101791699533,True,True,234.0,399.0,True,True,True,0.027660345513659035,-48.507598873999086,0.6479308618144751,165.0
v400_s7_p30,400,0.3,h4,3,1.4442256961971782,1.453711421858319,118.04683337500319,108.96209333298611,True,True,394.0,348.0,True,True,True,0.009485725661140698,-9.084740042017074,0.9230412220109515,-46.0
v400_s7_p30,400,0.3,h4,4,1.4434534261954843,1.4414780958305093,96.30160545898252,113.43173637500149,True,True,391.0,294.0,True,True,True,-0.001975330364974992,17.13013091601897,1.1778800138832073,-97.0
v400_s7_p30,400,0.3,h2+3,0,1.4277064838784153,1.4435670990641618,51.72595212500892,49.31312695798988,True,True,448.0,405.0,True,True,True,0.01586061518574655,-2.4128251670190366,0.9533536828633365,-43.0
v400_s7_p30,400,0.3,h2+3,1,1.4269639325628947,1.4396107824312068,61.418075167006464,60.24224854100612,True,True,365.0,379.0,True,True,True,0.012646849868312104,-1.1758266260003438,0.980855365089136,14.0
v400_s7_p30,400,0.3,h2+3,2,1.424646697921543,1.438112903876003,52.16833999998926,49.27578154200455,True,True,429.0,410.0,True,True,True,0.013466205954459909,-2.8925584579847055,0.9445533735981383,-19.0
v400_s7_p30,400,0.3,h2+3,3,1.4403940819710945,1.4268454014577534,50.34700512501877,48.917453832982574,True,True,429.0,431.0,True,True,True,-0.013548680513341127,-1.4295512920361944,0.97160603121305,2.0
v400_s7_p30,400,0.3,h2+3,4,1.4271963349875094,1.448344486558277,50.371486374991946,48.99208191601792,True,True,447.0,411.0,True,True,True,0.02114815157076766,-1.3794044589740224,0.9726153711505552,-36.0
v400_s7_p30,400,0.3,h2+3+4,0,1.4414176251955306,1.4494049856357203,116.40202912500536,122.00287966699398,True,True,381.0,359.0,True,True,True,0.007987360440189661,5.6008505419886205,1.048116433915201,-22.0
v400_s7_p30,400,0.3,h2+3+4,1,1.4484439346642288,1.4442520780474357,124.8288199170056,119.4185633330053,True,True,371.0,314.0,True,True,True,-0.00419185661679311,-5.410256584000308,0.9566585938439744,-57.0
v400_s7_p30,400,0.3,h2+3+4,2,1.4294362260308568,1.4551342572098172,143.43999083300878,92.78282866699737,True,True,246.0,409.0,True,True,True,0.0256980311789603,-50.6571621660114,0.6468407319895475,163.0
v400_s7_p30,400,0.3,h2+3+4,3,1.4395811577091662,1.4416012231961008,124.54598370799795,111.1241888749937,True,True,402.0,357.0,True,True,True,0.0020200654869346746,-13.421794833004242,0.8922342219844513,-45.0
v400_s7_p30,400,0.3,h2+3+4,4,1.4406512237105127,1.4422637237180465,102.11606362499879,119.8712475830107,True,True,398.0,306.0,True,True,True,0.001612500007533768,17.755183958011912,1.1738725850539475,-92.0
v400_s7_p50,400,0.5,h2,0,2.0540208725532705,1.9509367980741326,9.367219458988984,4.307943084000726,True,True,591.0,413.0,True,True,True,-0.10308407447913792,-5.059276374988258,0.45989560753449965,-178.0
v400_s7_p50,400,0.5,h2,1,2.0375053019917937,1.9866896781407,10.04665983299492,4.315900707995752,True,True,591.0,413.0,True,True,True,-0.05081562385109373,-5.730759124999167,0.4295856314176786,-178.0
v400_s7_p50,400,0.5,h2,2,2.2536170407192397,1.8861453176073415,9.64336537499912,4.242848957990645,True,True,591.0,413.0,True,True,True,-0.36747172311189824,-5.400516417008475,0.4399759620215606,-178.0
v400_s7_p50,400,0.5,h2,3,2.029307698285334,1.9313750348047318,9.338534165988676,4.182283375004772,True,True,591.0,413.0,True,True,True,-0.09793266348060237,-5.156250790983904,0.447852232552387,-178.0
v400_s7_p50,400,0.5,h2,4,1.9208400808628654,2.024883705016327,10.102343083999585,4.172099540999625,True,True,591.0,413.0,True,True,True,0.10404362415346169,-5.9302435429999605,0.41298335508002393,-178.0
v400_s7_p50,400,0.5,h3,0,1.7341923303316809,1.7932954382488393,23.68280466699798,13.716808542012586,True,True,465.0,279.0,True,True,True,0.05910310791715845,-9.965996124985395,0.5791885182048129,-186.0
v400_s7_p50,400,0.5,h3,1,1.7143497649722221,1.767037940611775,23.528761666006176,12.71739741700003,True,True,465.0,262.0,True,True,True,0.05268817563955297,-10.811364249006147,0.5405043239217233,-203.0
v400_s7_p50,400,0.5,h3,2,1.7588366550457624,1.8018359606995786,27.92653379199328,12.965778624988161,True,True,476.0,266.0,True,True,True,0.04299930565381627,-14.960755167005118,0.46428170146577713,-210.0
v400_s7_p50,400,0.5,h3,3,1.777303249314036,1.7829930544972727,27.50478858302813,12.103964000009,True,True,476.0,267.0,True,True,True,0.005689805183236807,-15.40082458301913,0.4400675163697775,-209.0
v400_s7_p50,400,0.5,h3,4,1.7061140812128721,1.7296626278591927,23.133661458006827,11.540695458999835,True,True,465.0,279.0,True,True,True,0.023548546646320556,-11.592965999006992,0.49887024930960366,-186.0
v400_s7_p50,400,0.5,h4,0,1.798404081793129,1.7873278168877624,23.872270374995423,14.261140750008053,True,True,312.0,206.0,True,True,True,-0.011076264905366617,-9.61112962498737,0.5973935669288342,-106.0
v400_s7_p50,400,0.5,h4,1,1.745045747247874,1.7692852607305392,23.63340975000756,14.093014416997903,True,True,247.0,188.0,True,True,True,0.024239513482665176,-9.540395333009656,0.5963174406940326,-59.0
v400_s7_p50,400,0.5,h4,2,1.7545850558392062,1.7679992355936358,24.215995416991063,14.041229082999052,True,True,273.0,189.0,True,True,True,0.0134141797544296,-10.174766333992011,0.5798328270721044,-84.0
v400_s7_p50,400,0.5,h4,3,1.7967964251450508,1.7346184652290548,21.757732250000117,16.180077791999793,True,True,289.0,150.0,True,True,True,-0.06217795991599595,-5.577654458000325,0.7436472517488446,-139.0
v400_s7_p50,400,0.5,h4,4,1.724239670327911,1.7884453196291978,22.293397084024036,14.015503583999816,True,True,262.0,272.0,True,True,True,0.0642056493012868,-8.27789350002422,0.6286840687031789,10.0
v400_s7_p50,400,0.5,h2+3,0,1.6904923305959387,1.7581589943579445,25.186104749998776,14.208874125004513,True,True,465.0,280.0,True,True,True,0.06766666376200581,-10.977230624994263,0.5641552858627416,-185.0
v400_s7_p50,400,0.5,h2+3,1,1.7667566818927984,1.7279888947705622,25.009136874999967,13.676609040994663,True,True,465.0,263.0,True,True,True,-0.038767787122236275,-11.332527834005305,0.5468644963379881,-202.0
v400_s7_p50,400,0.5,h2+3,2,1.7264335293487238,1.8348938632502934,29.664273250004044,13.836325917000067,True,True,476.0,267.0,True,True,True,0.1084603339015695,-15.827947333003976,0.4664306386470527,-209.0
v400_s7_p50,400,0.5,h2+3,3,1.7674416963144743,1.740443953982892,30.015533208003035,12.839758082991466,True,True,476.0,268.0,True,True,True,-0.026997742331582364,-17.17577512501157,0.4277704478549128,-208.0
v400_s7_p50,400,0.5,h2+3,4,1.7044229947664318,1.7257026699579738,24.634969791019103,12.50781266699778,True,True,465.0,280.0,True,True,True,0.021279675191542058,-12.127157124021323,0.5077259186068745,-185.0
v400_s7_p50,400,0.5,h2+3+4,0,1.7985894296812701,1.787502576098406,26.702093458006857,16.40713412500918,True,True,312.0,213.0,True,True,True,-0.011086853582864098,-10.294959332997678,0.6144512283582528,-99.0
v400_s7_p50,400,0.5,h2+3+4,1,1.7582646107645767,1.7652435264391837,26.561216375004733,16.03608650001115,True,True,247.0,195.0,True,True,True,0.006978915674606956,-10.525129874993581,0.6037406673551973,-52.0
v400_s7_p50,400,0.5,h2+3+4,2,1.7415803039100268,1.7596459093558827,26.955357999991975,16.026673790998757,True,True,274.0,197.0,True,True,True,0.018065605445855892,-10.928684208993218,0.5945635665830715,-77.0
v400_s7_p50,400,0.5,h2+3+4,3,,1.746907716827523,25.837061792000895,18.0250295829901,True,True,378.0,161.0,False,True,False,,-7.812032209010795,0.6976423916968227,-217.0
v400_s7_p50,400,0.5,h2+3+4,4,1.731050536498403,1.8086733854264765,25.210304374981206,15.764461209008005,True,True,263.0,276.0,True,True,True,0.07762284892807347,-9.445843165973201,0.6253181625467684,13.0
v400_s8_p0,400,0.0,h2,0,1.2927349657968676,1.2927349657968676,147.2747818749922,148.00267183299002,True,True,1013.0,1013.0,True,True,True,0.0,0.7278899579978315,1.0049423937264133,0.0
v400_s8_p0,400,0.0,h2,1,1.290922317396831,1.290922317396831,143.68010383300134,141.95259712499683,True,True,829.0,829.0,True,True,True,0.0,-1.727506708004512,0.9879767158992843,0.0
v400_s8_p0,400,0.0,h2,2,1.3036290969893898,1.3036290969893898,148.56458125000063,144.36156825000944,True,True,757.0,757.0,True,True,True,0.0,-4.203012999991188,0.9717091855634253,0.0
v400_s8_p0,400,0.0,h2,3,1.2832437213479582,1.2832437213479582,140.17262075000326,140.21416108301491,True,True,872.0,872.0,True,True,True,0.0,0.041540333011653274,1.0002963512616756,0.0
v400_s8_p0,400,0.0,h2,4,1.2815539327878327,1.2815539327878327,143.48740137499408,150.05749412500882,True,True,794.0,794.0,True,True,True,0.0,6.570092750014737,1.0457886384940813,0.0
v400_s8_p0,400,0.0,h3,0,1.3139081312383074,1.3139081312383074,243.8689002500032,242.34026654199988,True,True,470.0,470.0,True,True,True,0.0,-1.5286337080033263,0.993731739855159,0.0
v400_s8_p0,400,0.0,h3,1,1.3188775337377743,1.3188775337377743,242.60632366599748,244.74612279199937,True,True,460.0,460.0,True,True,True,0.0,2.13979912600189,1.0088200467888373,0.0
v400_s8_p0,400,0.0,h3,2,1.3137265361173425,1.3137265361173425,238.73402245799662,238.8152832909982,True,True,501.0,501.0,True,True,True,0.0,0.08126083300157916,1.0003403822888959,0.0
v400_s8_p0,400,0.0,h3,3,1.315540474771988,1.315540474771988,248.81271941700834,251.77607204101514,True,True,481.0,481.0,True,True,True,0.0,2.963352624006802,1.011909972411982,0.0
v400_s8_p0,400,0.0,h3,4,1.31059616121863,1.31059616121863,251.76536004198715,251.25207024998963,True,True,466.0,466.0,True,True,True,0.0,-0.5132897919975221,0.9979612374319012,0.0
v400_s8_p0,400,0.0,h4,0,1.3312629705301378,1.3312629705301378,688.3441560420033,694.1241269169986,True,True,235.0,235.0,True,True,True,0.0,5.7799708749953425,1.00839692009333,0.0
v400_s8_p0,400,0.0,h4,1,1.3280917539717187,1.3280917539717187,647.0276632919995,644.4277481659956,True,True,328.0,328.0,True,True,True,0.0,-2.599915126003907,0.9959817558452202,0.0
v400_s8_p0,400,0.0,h4,2,1.3356140986382945,1.3356140986382945,677.1268525420019,681.5082479169942,True,True,207.0,207.0,True,True,True,0.0,4.38139537499228,1.0064705680457717,0.0
v400_s8_p0,400,0.0,h4,3,1.3336000633662912,1.3336000633662912,658.6104624999862,653.9341040409927,True,True,231.0,231.0,True,True,True,0.0,-4.676358458993491,0.9928996596239259,0.0
v400_s8_p0,400,0.0,h4,4,1.3289483766722652,1.3289483766722652,658.6247978330066,647.0373465830053,True,True,259.0,259.0,True,True,True,0.0,-11.587451250001322,0.9824065973705726,0.0
v400_s8_p0,400,0.0,h2+3,0,1.3152848608161787,1.3152848608161787,253.35641150000447,250.22783958300715,True,True,470.0,470.0,True,True,True,0.0,-3.1285719169973163,0.9876514989359279,0.0
v400_s8_p0,400,0.0,h2+3,1,1.3163988096284154,1.3163988096284154,248.92302370899415,249.6347090000054,True,True,460.0,460.0,True,True,True,0.0,0.7116852910112357,1.0028590577135332,0.0
v400_s8_p0,400,0.0,h2+3,2,1.316969549195882,1.316969549195882,239.67712016700534,241.32005679199938,True,True,501.0,501.0,True,True,True,0.0,1.6429366249940358,1.0068547912451937,0.0
v400_s8_p0,400,0.0,h2+3,3,1.3137837761482645,1.3137837761482645,254.93914620799478,255.0798919169756,True,True,481.0,481.0,True,True,True,0.0,0.1407457089808304,1.0005520757054156,0.0
v400_s8_p0,400,0.0,h2+3,4,1.3252484834855802,1.3252484834855802,253.24763541601715,251.3067780410056,True,True,466.0,466.0,True,True,True,0.0,-1.9408573750115465,0.9923361283440091,0.0
v400_s8_p0,400,0.0,h2+3+4,0,1.3314460331685665,1.3314460331685665,709.6757907919964,710.2957423329935,True,True,235.0,235.0,True,True,True,0.0,0.6199515409971355,1.0008735700851585,0.0
v400_s8_p0,400,0.0,h2+3+4,1,1.326691553938525,1.326691553938525,649.4590853749978,655.1546193329996,True,True,328.0,328.0,True,True,True,0.0,5.695533958001761,1.0087696578372034,0.0
v400_s8_p0,400,0.0,h2+3+4,2,1.3370421835720263,1.3370421835720263,686.0430433339934,708.4393511249946,True,True,207.0,207.0,True,True,True,0.0,22.396307791001163,1.0326456306329714,0.0
v400_s8_p0,400,0.0,h2+3+4,3,1.3359803465299323,1.3359803465299323,661.7115272500087,663.7508207919891,True,True,231.0,231.0,True,True,True,0.0,2.0392935419804417,1.0030818467836815,0.0
v400_s8_p0,400,0.0,h2+3+4,4,1.329616988083841,1.329616988083841,664.3829815829813,668.4477634159848,True,True,259.0,259.0,True,True,True,0.0,4.064781833003508,1.006118130574806,0.0
v400_s8_p10,400,0.1,h2,0,1.3192571533524595,1.316373574507859,102.66392808299861,113.65156912499515,True,True,804.0,1002.0,True,True,True,-0.002883578844600443,10.98764104199654,1.107025332530756,198.0
v400_s8_p10,400,0.1,h2,1,1.3096278382578992,1.313225699426296,103.30030862501008,112.7313284999982,True,True,704.0,1002.0,True,True,True,0.0035978611683968875,9.431019874988124,1.0912971122789539,298.0
v400_s8_p10,400,0.1,h2,2,1.317427821360969,1.3204218633639846,102.8463945830008,115.1174210839963,True,True,725.0,1002.0,True,True,True,0.0029940420030156734,12.271026500995504,1.1193141145175716,277.0
v400_s8_p10,400,0.1,h2,3,1.3138347160014405,1.3086031115052752,102.77088862500386,111.9761213750171,True,True,813.0,1002.0,True,True,True,-0.005231604496165332,9.205232750013238,1.0895704306265348,189.0
v400_s8_p10,400,0.1,h2,4,1.3243996579168895,1.3106358558947269,103.27737854098086,115.41806512500625,True,True,698.0,1002.0,True,True,True,-0.013763802022162652,12.140686584025389,1.1175541706764751,304.0
v400_s8_p10,400,0.1,h3,0,1.327718536476394,1.310784552714413,161.69402554100088,166.9771472499997,True,True,485.0,454.0,True,True,True,-0.016933983761980853,5.283121708998806,1.0326735740007855,-31.0
v400_s8_p10,400,0.1,h3,1,1.3194366514163431,1.3257210337180594,125.47353375000239,167.23327029199572,True,True,546.0,435.0,True,True,True,0.00628438230171624,41.759736541993334,1.3328170913333548,-111.0
v400_s8_p10,400,0.1,h3,2,1.326902971645798,1.3294181185533172,129.37385049999284,128.54003154099337,True,True,498.0,495.0,True,True,True,0.0025151469075190835,-0.8338189589994727,0.993554965274845,-3.0
v400_s8_p10,400,0.1,h3,3,1.328305241751054,1.3201372584534048,130.39531466699555,162.31047808300355,True,True,505.0,449.0,True,True,True,-0.008167983297649117,31.915163416008,1.2447569799383755,-56.0
v400_s8_p10,400,0.1,h3,4,1.332254747602355,1.3273907362655815,139.17021341700456,137.24516762499115,True,True,537.0,485.0,True,True,True,-0.004864011336773499,-1.9250457920134068,0.986167688151449,-52.0
v400_s8_p10,400,0.1,h4,0,1.3397244450588648,1.345017667100659,358.1059805830009,479.22038883299683,True,True,344.0,184.0,True,True,True,0.005293222041794277,121.1144082499959,1.3382082813942962,-160.0
v400_s8_p10,400,0.1,h4,1,1.3353937359114298,1.340544091577755,359.5589906249952,427.94918366700585,True,True,444.0,253.0,True,True,True,0.005150355666325046,68.39019304201065,1.1902057654660032,-191.0
v400_s8_p10,400,0.1,h4,2,1.3492697750247509,1.3257811503627603,349.78024787499453,398.52156566600024,True,True,413.0,294.0,True,True,True,-0.02348862466199053,48.74131779100571,1.1393483997084508,-119.0
v400_s8_p10,400,0.1,h4,3,1.3387165856285304,1.343749234927169,371.244777667016,368.54442162500345,True,True,341.0,335.0,True,True,True,0.0050326492986385585,-2.7003560420125723,0.9927262113719627,-6.0
v400_s8_p10,400,0.1,h4,4,1.3400002336673504,1.336367604426667,360.10862712500966,431.81730145800975,True,True,362.0,245.0,True,True,True,-0.003632629240683416,71.70867433300009,1.1991306759449194,-117.0
v400_s8_p10,400,0.1,h2+3,0,1.3230798298057498,1.3240055208300996,163.3924325830012,173.18691804099944,True,True,485.0,454.0,True,True,True,0.0009256910243498062,9.794485457998235,1.0599445476339473,-31.0
v400_s8_p10,400,0.1,h2+3,1,1.3085280964861667,1.321644626050963,127.08703029199387,168.23122333400534,True,True,546.0,435.0,True,True,True,0.013116529564796142,41.144193042011466,1.323748166492513,-111.0
v400_s8_p10,400,0.1,h2+3,2,1.3206145534537148,1.3262503946558037,131.38918399999966,134.81375279198983,True,True,498.0,495.0,True,True,True,0.0056358412020889315,3.4245687919901684,1.0260643128127669,-3.0
v400_s8_p10,400,0.1,h2+3,3,1.319262224861241,1.3208590676766272,129.88700670798426,168.0998257920146,True,True,505.0,449.0,True,True,True,0.0015968428153863012,38.21281908403034,1.2942004751094274,-56.0
v400_s8_p10,400,0.1,h2+3,4,1.3283624914840928,1.3326332108614318,146.31251166699803,137.6820770839986,True,True,537.0,486.0,True,True,True,0.004270719377339027,-8.630434582999442,0.9410136940124301,-51.0
v400_s8_p10,400,0.1,h2+3+4,0,1.342385634155216,1.345086138207655,373.50041270899237,497.3197007919953,True,True,363.0,207.0,True,True,True,0.0027005040524390456,123.8192880830029,1.3315104451557191,-156.0
v400_s8_p10,400,0.1,h2+3+4,1,1.3358718564055212,1.3362884420128893,362.6914292500005,432.84283912499086,True,True,460.0,272.0,True,True,True,0.0004165856073681251,70.15140987499035,1.1934189898560728,-188.0
v400_s8_p10,400,0.1,h2+3+4,2,1.3496432261698301,1.3268511367847173,359.06869370900677,395.2252636249905,True,True,430.0,312.0,True,True,True,-0.02279208938511279,36.15656991598371,1.1006954116286323,-118.0
v400_s8_p10,400,0.1,h2+3+4,3,1.3333352030873795,1.341103928983459,383.33686145799584,380.67824420900433,True,True,362.0,353.0,True,True,True,0.007768725896079465,-2.6586172489915043,0.9930645405743668,-9.0
v400_s8_p10,400,0.1,h2+3+4,4,1.3404692269408582,1.33695743119695,361.8193637499935,442.8457846670062,True,True,376.0,266.0,True,True,True,-0.0035117957439081415,81.02642091701273,1.2239416378306376,-110.0
v400_s8_p30,400,0.3,h2,0,1.4552432762965168,1.4526707529955534,56.68727841701184,55.39201320899883,True,True,744.0,697.0,True,True,True,-0.0025725233009634696,-1.2952652080130065,0.9771506898164245,-47.0
v400_s8_p30,400,0.3,h2,1,1.4496349699310664,1.4605675953459678,54.582544916993356,53.49777470799745,True,True,744.0,697.0,True,True,True,0.010932625414901365,-1.0847702089959057,0.9801260602515772,-47.0
v400_s8_p30,400,0.3,h2,2,1.452623471700633,1.45740846048402,55.52743995799392,52.9316499169945,True,True,744.0,697.0,True,True,True,0.0047849887833870675,-2.595790040999418,0.95325212106009,-47.0
v400_s8_p30,400,0.3,h2,3,1.4373099437703452,1.4363027176783512,53.24471454200102,51.869916249997914,True,True,749.0,697.0,True,True,True,-0.0010072260919939957,-1.3747982920031063,0.9741796288358608,-52.0
v400_s8_p30,400,0.3,h2,4,1.4449289359082702,1.4437633394847815,55.22026554198237,53.17010920899338,True,True,744.0,697.0,True,True,True,-0.0011655964234886795,-2.0501563329889905,0.9628731170908565,-47.0
v400_s8_p30,400,0.3,h3,0,1.454789144530783,1.4384048966059384,48.20050175000506,58.86873349999951,True,True,436.0,298.0,True,True,True,-0.016384247924844608,10.668231749994447,1.221330304927652,-138.0
v400_s8_p30,400,0.3,h3,1,1.4338036001371777,1.4597724248332216,51.05456737498753,62.76625562499976,True,True,382.0,257.0,True,True,True,0.02596882469604389,11.71168825001223,1.2293955046958243,-125.0
v400_s8_p30,400,0.3,h3,2,1.4284594473163914,1.4402304346172174,50.49814525000693,59.31181208300404,True,True,398.0,313.0,True,True,True,0.011770987300826041,8.813666832997114,1.1745344663524233,-85.0
v400_s8_p30,400,0.3,h3,3,1.4522413625013033,1.4666782483857266,49.22777425000095,67.02903370800777,True,True,408.0,267.0,True,True,True,0.014436885884423267,17.801259458006825,1.3616100814878196,-141.0
v400_s8_p30,400,0.3,h3,4,1.436159533657387,1.4630364369659012,50.76565570800449,54.72617895898293,True,True,370.0,317.0,True,True,True,0.026876903308514333,3.96052325097844,1.0780158001653461,-53.0
v400_s8_p30,400,0.3,h4,0,1.444496032783391,1.469657477162604,99.39865704200929,114.52967812499264,True,True,456.0,232.0,True,True,True,0.025161444379213194,15.131021082983352,1.1522256088086629,-224.0
v400_s8_p30,400,0.3,h4,1,1.4648686987546005,1.470515571366425,123.58962404100748,111.2233342499967,True,True,226.0,226.0,True,True,True,0.005646872611824616,-12.366289791010786,0.8999407119572789,0.0
v400_s8_p30,400,0.3,h4,2,1.4554644358936737,1.4634250947374787,91.22539945899916,110.88405308299116,True,True,360.0,224.0,True,True,True,0.007960658843805035,19.658653623991995,1.2154953964638706,-136.0
v400_s8_p30,400,0.3,h4,3,1.4407456077206413,1.4728734360833275,126.56454529199982,115.12432670799899,True,True,308.0,289.0,True,True,True,0.03212782836268624,-11.440218584000831,0.9096096101984418,-19.0
v400_s8_p30,400,0.3,h4,4,1.4724478566175128,1.4595146499876939,90.03934125002706,116.19412574998569,True,True,419.0,246.0,True,True,True,-0.012933206629818894,26.154784499958623,1.2904817398355939,-173.0
v400_s8_p30,400,0.3,h2+3,0,1.4726277029395591,1.4375600759567715,48.900742083991645,61.04256391701347,True,True,436.0,300.0,True,True,True,-0.03506762698278765,12.141821833021822,1.2482952469753341,-136.0
v400_s8_p30,400,0.3,h2+3,1,1.435758948483091,1.4737712655316195,51.30350070798886,64.27175683301175,True,True,382.0,259.0,True,True,True,0.03801231704852848,12.96825612502289,1.2527752676924735,-123.0
v400_s8_p30,400,0.3,h2+3,2,1.4329468547011295,1.4385426514558648,52.16892429199652,61.09029062499758,True,True,398.0,314.0,True,True,True,0.005595796754735316,8.92136633300106,1.1710092062291138,-84.0
v400_s8_p30,400,0.3,h2+3,3,1.4580323610920898,1.4658441019506017,49.682097290991805,68.66961825001636,True,True,408.0,269.0,True,True,True,0.007811740858511884,18.98752095902455,1.3821803425047297,-139.0
v400_s8_p30,400,0.3,h2+3,4,1.4444840062704087,1.4557308781563878,51.81562004197622,55.72733866699855,True,True,370.0,319.0,True,True,True,0.01124687188597906,3.9117186250223313,1.0754930390074156,-51.0
v400_s8_p30,400,0.3,h2+3+4,0,1.4463082519227803,1.4680190799566224,102.45456770800229,118.96560895899893,True,True,463.0,251.0,True,True,True,0.021710828033842056,16.51104125099664,1.1611547598156235,-212.0
v400_s8_p30,400,0.3,h2+3+4,1,1.4641870136771746,1.47108068757669,127.87768550000328,116.90082945900213,True,True,238.0,240.0,True,True,True,0.00689367389951534,-10.976856041001156,0.9141612862472329,2.0
v400_s8_p30,400,0.3,h2+3+4,2,1.4561614702727055,1.4562728878783229,97.11104354199779,118.62447650000104,True,True,370.0,245.0,True,True,True,0.00011141760561739211,21.51343295800325,1.221534360803149,-125.0
v400_s8_p30,400,0.3,h2+3+4,3,1.4466650697505297,1.464492028713193,130.30006320899702,115.97194037499139,True,True,316.0,303.0,True,True,True,0.017826958962663397,-14.328122834005626,0.8900374836271278,-13.0
v400_s8_p30,400,0.3,h2+3+4,4,1.4659248301820518,1.4570913667783787,118.07871045797947,120.77844491699943,True,True,377.0,261.0,True,True,True,-0.00883346340367308,2.6997344590199646,1.0228638545301587,-116.0
v400_s8_p50,400,0.5,h2,0,1.9594738218226986,2.018560000072451,9.85723195799801,4.711660499990103,True,True,591.0,411.0,True,True,True,0.059086178249752264,-5.1455714580079075,0.4779902228198183,-180.0
v400_s8_p50,400,0.5,h2,1,1.872761494303534,1.875279191272976,9.591850333003094,4.492627582993009,True,True,591.0,411.0,True,True,True,0.0025176969694420404,-5.099222750010085,0.4683796584622501,-180.0
v400_s8_p50,400,0.5,h2,2,1.9320399902254346,1.9406353689844456,9.493036458006827,4.681380791007541,True,True,591.0,411.0,True,True,True,0.008595378759010952,-4.811655666999286,0.49313839799478143,-180.0
v400_s8_p50,400,0.5,h2,3,2.0741470431559472,1.9575500498209555,9.688392750016646,4.718496041983599,True,True,591.0,411.0,True,True,True,-0.11659699333499174,-4.969896708033048,0.4870256773989155,-180.0
v400_s8_p50,400,0.5,h2,4,1.9645218508128375,2.0146314432427026,9.807019333005883,4.605167417001212,True,True,591.0,411.0,True,True,True,0.050109592429865124,-5.201851916004671,0.4695787028279176,-180.0
v400_s8_p50,400,0.5,h3,0,1.6663475606356208,1.7995554946263324,19.725593374998425,13.965141124994261,True,True,307.0,263.0,True,True,True,0.1332079339907115,-5.760452250004164,0.7079706480563795,-44.0
v400_s8_p50,400,0.5,h3,1,1.6796071874268559,1.8618451838205663,20.88943416699476,14.351796959002968,True,True,339.0,250.0,True,True,True,0.1822379963937104,-6.537637207991793,0.687036175526418,-89.0
v400_s8_p50,400,0.5,h3,2,1.7572145820817429,1.858947209144843,21.538996291012154,11.532860833001905,True,True,332.0,238.0,True,True,True,0.10173262706310005,-10.006135458010249,0.5354409591413675,-94.0
v400_s8_p50,400,0.5,h3,3,1.6476209386322476,1.831339330104673,19.38880912499735,12.817628999997396,True,True,371.0,261.0,True,True,True,0.1837183914724254,-6.571180124999955,0.6610838714932755,-110.0
v400_s8_p50,400,0.5,h3,4,1.6643932026505284,1.7373129640488623,20.18858845901559,10.573871333996067,True,True,318.0,248.0,True,True,True,0.0729197613983339,-9.614717125019524,0.5237548605967104,-70.0
v400_s8_p50,400,0.5,h4,0,,1.6938040156509129,26.75044879199413,15.672782499997993,True,True,277.0,214.0,False,True,False,,-11.077666291996138,0.585888581603481,-63.0
v400_s8_p50,400,0.5,h4,1,,1.7490518370605324,26.33900041699235,14.08952170801058,True,True,298.0,230.0,False,True,False,,-12.24947870898177,0.5349300081608588,-68.0
v400_s8_p50,400,0.5,h4,2,1.8741924178157456,1.7255039246434185,26.157349457993405,17.13745187499444,True,True,293.0,200.0,True,True,True,-0.14868849317232713,-9.019897582998965,0.6551677532356941,-93.0
v400_s8_p50,400,0.5,h4,3,1.8404323829016536,1.7039968931500231,25.52427937500761,14.509111999999732,True,True,273.0,219.0,True,True,True,-0.13643548975163045,-11.015167375007877,0.5684435508179908,-54.0
v400_s8_p50,400,0.5,h4,4,,1.702800836733058,25.72808379199705,16.250022749998607,True,True,298.0,225.0,False,True,False,,-9.478061041998444,0.6316064142737797,-73.0
v400_s8_p50,400,0.5,h2+3,0,1.6686190142003923,1.8520094509440077,20.876851666995208,15.032616541997413,True,True,307.0,264.0,True,True,True,0.18339043674361544,-5.844235124997795,0.7200614719968956,-43.0
v400_s8_p50,400,0.5,h2+3,1,1.689014717610767,1.8650430341622324,22.03253662500356,15.09836637499393,True,True,339.0,250.0,True,True,True,0.17602831655146534,-6.934170250009629,0.6852759004544031,-89.0
v400_s8_p50,400,0.5,h2+3,2,1.7013386958645376,1.872385248225619,22.543443499991554,12.232109624994337,True,True,332.0,238.0,True,True,True,0.17104655236108135,-10.311333874997217,0.5426016493442504,-94.0
v400_s8_p50,400,0.5,h2+3,3,1.713031944290365,1.8379007653408599,20.54660037497524,13.698226332984632,True,True,371.0,262.0,True,True,True,0.1248688210504949,-6.84837404199061,0.6666906487200872,-109.0
v400_s8_p50,400,0.5,h2+3,4,1.6426623558349216,1.714422449066552,21.252377208002144,11.299318542005494,True,True,318.0,248.0,True,True,True,0.07176009323163046,-9.95305866599665,0.5316731597325013,-70.0
v400_s8_p50,400,0.5,h2+3+4,0,1.8552219078532357,1.7039436661571865,29.61250041599851,17.43430599999556,True,True,280.0,217.0,True,True,True,-0.1512782416960492,-12.178194416002952,0.5887481892807831,-63.0
v400_s8_p50,400,0.5,h2+3+4,1,,1.73902938955971,29.406187375003356,15.67824545800977,True,True,300.0,233.0,False,True,False,,-13.727941916993586,0.533161448577894,-67.0
v400_s8_p50,400,0.5,h2+3+4,2,,1.7025476340241668,29.00164670801314,18.990635875001317,True,True,294.0,204.0,False,True,False,,-10.011010833011824,0.6548123306996293,-90.0
v400_s8_p50,400,0.5,h2+3+4,3,1.8054500448117812,1.7478405502625258,28.47481387501466,16.25446329099941,True,True,276.0,221.0,True,True,True,-0.05760949454925535,-12.22035058401525,0.5708365070390137,-55.0
v400_s8_p50,400,0.5,h2+3+4,4,,1.706871145911818,28.668510499992408,18.390216665982734,True,True,300.0,228.0,False,True,False,,-10.278293834009673,0.6414779263117839,-72.0
v400_s9_p0,400,0.0,h2,0,1.2834231044995925,1.2834231044995925,151.83490570899448,149.60004508300335,True,True,807.0,807.0,True,True,True,0.0,-2.234860625991132,0.985280982554338,0.0
v400_s9_p0,400,0.0,h2,1,1.282080195615813,1.282080195615813,141.7393454999983,142.88613720799913,True,True,844.0,844.0,True,True,True,0.0,1.1467917080008192,1.008090849467065,0.0
v400_s9_p0,400,0.0,h2,2,1.288487603388358,1.288487603388358,142.23770187499758,143.6739995000098,True,True,824.0,824.0,True,True,True,0.0,1.4362976250122301,1.0100978686106339,0.0
v400_s9_p0,400,0.0,h2,3,1.2970051091525907,1.2970051091525907,141.08346862500184,140.33203804199002,True,True,839.0,839.0,True,True,True,0.0,-0.7514305830118246,0.9946738580335792,0.0
v400_s9_p0,400,0.0,h2,4,1.2806615952451523,1.2806615952451523,141.1274017500109,142.23668891598936,True,True,870.0,870.0,True,True,True,0.0,1.1092871659784578,1.007860182730094,0.0
v400_s9_p0,400,0.0,h3,0,1.3107697606977093,1.3107697606977093,256.41264829199645,254.77241283400508,True,True,461.0,461.0,True,True,True,0.0,-1.6402354579913663,0.993603141385898,0.0
v400_s9_p0,400,0.0,h3,1,1.324040397624784,1.324040397624784,239.32071970899415,241.07984166599636,True,True,496.0,496.0,True,True,True,0.0,1.7591219570022076,1.0073504791358694,0.0
v400_s9_p0,400,0.0,h3,2,1.3209544087042668,1.3209544087042668,255.45699187500577,261.78071483298845,True,True,471.0,471.0,True,True,True,0.0,6.323722957982682,1.0247545503122375,0.0
v400_s9_p0,400,0.0,h3,3,1.3223642308508827,1.3223642308508827,266.36186779200216,267.77826195798116,True,True,420.0,420.0,True,True,True,0.0,1.4163941659789998,1.0053175560665653,0.0
v400_s9_p0,400,0.0,h3,4,1.3201902840618214,1.3201902840618214,239.09287304102327,242.65295791701647,True,True,477.0,477.0,True,True,True,0.0,3.560084875993198,1.0148899665251936,0.0
v400_s9_p0,400,0.0,h4,0,1.3154717748837013,1.3154717748837013,724.8617567079928,738.4415770829946,True,True,226.0,226.0,True,True,True,0.0,13.579820375001873,1.0187343589992601,0.0
v400_s9_p0,400,0.0,h4,1,1.3315276559631044,1.3315276559631044,641.247272040986,644.5566667079984,True,True,269.0,269.0,True,True,True,0.0,3.309394667012384,1.0051608713382578,0.0
v400_s9_p0,400,0.0,h4,2,1.3248569873286065,1.3248569873286065,522.6210357910022,530.9616854170017,True,True,404.0,404.0,True,True,True,0.0,8.340649625999504,1.0159592688674992,0.0
v400_s9_p0,400,0.0,h4,3,1.3307348002181332,1.3307348002181332,636.1618990830029,629.8209292499814,True,True,246.0,246.0,True,True,True,0.0,-6.340969833021518,0.9900324589665591,0.0
v400_s9_p0,400,0.0,h4,4,1.319394668440989,1.319394668440989,509.0128147089854,512.0748734999797,True,True,411.0,411.0,True,True,True,0.0,3.0620587909943424,1.006015681143008,0.0
v400_s9_p0,400,0.0,h2+3,0,1.305049924647522,1.305049924647522,253.87994083299418,253.39437799999723,True,True,461.0,461.0,True,True,True,0.0,-0.4855628329969477,0.9980874312818737,0.0
v400_s9_p0,400,0.0,h2+3,1,1.3148256478451972,1.3148256478451972,245.10794766699837,243.80419104199973,True,True,496.0,496.0,True,True,True,0.0,-1.3037566249986412,0.9946808880029875,0.0
v400_s9_p0,400,0.0,h2+3,2,1.3197939250428175,1.3197939250428175,260.4181883340061,257.2521034579986,True,True,471.0,471.0,True,True,True,0.0,-3.166084876007517,0.9878423051160052,0.0
v400_s9_p0,400,0.0,h2+3,3,1.3195835835707166,1.3195835835707166,271.4284896249883,269.78202279197285,True,True,420.0,420.0,True,True,True,0.0,-1.6464668330154382,0.9939340677344142,0.0
v400_s9_p0,400,0.0,h2+3,4,1.3129545708401802,1.3129545708401802,238.5132737919921,239.20439554200857,True,True,477.0,477.0,True,True,True,0.0,0.6911217500164639,1.0028976238472127,0.0
v400_s9_p0,400,0.0,h2+3+4,0,1.3108870340710768,1.3108870340710768,728.6967527080124,738.1882645840087,True,True,226.0,226.0,True,True,True,0.0,9.491511875996366,1.0130253247880185,0.0
v400_s9_p0,400,0.0,h2+3+4,1,1.3310579568026044,1.3310579568026044,649.7416642909957,653.2110079169943,True,True,269.0,269.0,True,True,True,0.0,3.46934362599859,1.005339573890162,0.0
v400_s9_p0,400,0.0,h2+3+4,2,1.3215756163395171,1.3215756163395171,534.7947194580047,542.6074612920056,True,True,404.0,404.0,True,True,True,0.0,7.812741834000917,1.0146088612129882,0.0
v400_s9_p0,400,0.0,h2+3+4,3,1.3211127386783514,1.3211127386783514,638.4145417909895,649.412511625007,True,True,246.0,246.0,True,True,True,0.0,10.997969834017567,1.0172270039513263,0.0
v400_s9_p0,400,0.0,h2+3+4,4,1.318846949034255,1.318846949034255,523.4932648339891,519.3408201250131,True,True,411.0,411.0,True,True,True,0.0,-4.152444708975963,0.9920678163638021,0.0
v400_s9_p10,400,0.1,h2,0,1.3177951516080038,1.3206364273088327,107.89801258299849,102.42971962499723,True,True,613.0,729.0,True,True,True,0.002841275700828927,-5.468292958001257,0.9493197990667819,116.0
v400_s9_p10,400,0.1,h2,1,1.3310598115512573,1.3048254032243058,115.78024566599925,103.87965854200593,True,True,559.0,869.0,True,True,True,-0.026234408326951453,-11.900587123993319,0.8972140104251988,310.0
v400_s9_p10,400,0.1,h2,2,1.3160242895683538,1.3157531590176579,104.20246612500341,102.84025037499669,True,True,654.0,701.0,True,True,True,-0.0002711305506959416,-1.362215750006726,0.9869272215844432,47.0
v400_s9_p10,400,0.1,h2,3,1.3182457044316922,1.3064154453181003,113.52689916701638,103.33493654199992,True,True,548.0,876.0,True,True,True,-0.011830259113591923,-10.191962625016458,0.910224249056407,328.0
v400_s9_p10,400,0.1,h2,4,1.3173299038058552,1.3189658683008465,104.17360133398324,102.67184720901423,True,True,684.0,694.0,True,True,True,0.00163596449499126,-1.5017541249690112,0.9855841201058765,10.0
v400_s9_p10,400,0.1,h3,0,1.3406001226742519,1.3308754008456625,160.25549933299772,157.3853485830041,True,True,462.0,482.0,True,True,True,-0.009724721828589411,-2.870150749993627,0.982090157517592,20.0
v400_s9_p10,400,0.1,h3,1,1.3321138828975807,1.3388167880925106,190.36884120799368,194.99001254199538,True,True,439.0,382.0,True,True,True,0.006702905194929887,4.621171334001701,1.0242748304012246,-57.0
v400_s9_p10,400,0.1,h3,2,1.3240099141845876,1.3375488196712957,205.90093620799598,166.10326695800177,True,True,388.0,431.0,True,True,True,0.013538905486708108,-39.797669249994215,0.8067144813280906,43.0
v400_s9_p10,400,0.1,h3,3,1.3342696120194584,1.3372899769580608,154.67510475000017,271.82380291700247,True,True,472.0,352.0,True,True,True,0.003020364938602471,117.1486981670023,1.757385607440503,-120.0
v400_s9_p10,400,0.1,h3,4,1.3333365412612572,1.3125814231198487,157.27603358399938,169.79215837499942,True,True,471.0,433.0,True,True,True,-0.020755118141408513,12.516124791000038,1.0795806233523515,-38.0
v400_s9_p10,400,0.1,h4,0,1.3477419921872962,1.3442413912670645,452.58156479199533,460.76418216699676,True,True,207.0,253.0,True,True,True,-0.0035006009202316335,8.182617375001428,1.018079873356667,46.0
v400_s9_p10,400,0.1,h4,1,1.34519609125934,1.3455865309853288,484.2955079579988,436.33924108299834,True,True,201.0,254.0,True,True,True,0.0003904397259888448,-47.95626687500044,0.9009772626692224,53.0
v400_s9_p10,400,0.1,h4,2,1.3436219035770318,1.3521609901170943,451.2458155420027,576.5053277499974,True,True,187.0,117.0,True,True,True,0.008539086540062524,125.2595122079947,1.2775859806202132,-70.0
v400_s9_p10,400,0.1,h4,3,1.3351168014319925,1.351024731169291,361.00332716701087,454.8756324579881,True,True,373.0,188.0,True,True,True,0.015907929737298376,93.87230529097724,1.2600316900889645,-185.0
v400_s9_p10,400,0.1,h4,4,1.34228957948586,1.348450551676416,568.5519450829888,573.7088369579869,True,True,125.0,103.0,True,True,True,0.006160972190556002,5.156891874998109,1.0090702211461882,-22.0
v400_s9_p10,400,0.1,h2+3,0,1.3448663598135981,1.328674800780853,162.36524933300097,156.68719458299165,True,True,462.0,482.0,True,True,True,-0.01619155903274505,-5.6780547500093235,0.9650291255466619,20.0
v400_s9_p10,400,0.1,h2+3,1,1.3299502324989887,1.335257027677496,194.5733858330059,195.46579141699476,True,True,439.0,383.0,True,True,True,0.005306795178507295,0.8924055839888752,1.0045864730172027,-56.0
v400_s9_p10,400,0.1,h2+3,2,1.3328095411970793,1.3422784840475765,212.1217171669996,174.3320423749974,True,True,388.0,431.0,True,True,True,0.009468942850497264,-37.78967479200219,0.8218491001454082,43.0
v400_s9_p10,400,0.1,h2+3,3,1.3283138678541404,1.3392528781615536,157.6369287080015,272.5993053340062,True,True,472.0,352.0,True,True,True,0.010939010307413177,114.9623766260047,1.7292858188004605,-120.0
v400_s9_p10,400,0.1,h2+3,4,1.3332267462769323,1.317514350363849,165.11545008298708,167.89920404099394,True,True,471.0,433.0,True,True,True,-0.015712395913083377,2.783753958006855,1.0168594396018527,-38.0
v400_s9_p10,400,0.1,h2+3+4,0,1.3482756735922157,1.3463080156236549,455.23729412499233,451.6209202080063,True,True,223.0,267.0,True,True,True,-0.0019676579685607987,-3.616373916986049,0.9920560684204552,44.0
v400_s9_p10,400,0.1,h2+3+4,1,1.3467856613940337,1.3427668482836226,487.15321087499615,430.95163570898876,True,True,220.0,268.0,True,True,True,-0.004018813110411079,-56.20157516600739,0.884632649623593,48.0
v400_s9_p10,400,0.1,h2+3+4,2,1.3437350797353413,1.350523803229902,461.9211220409925,589.4047217920015,True,True,207.0,139.0,True,True,True,0.006788723494560722,127.48359975100902,1.2759856470466742,-68.0
v400_s9_p10,400,0.1,h2+3+4,3,1.332149099612789,1.3523783917630672,371.2943289169925,448.00008674999117,True,True,385.0,203.0,True,True,True,0.020229292150278244,76.70575783299864,1.2065901681200932,-182.0
v400_s9_p10,400,0.1,h2+3+4,4,1.3417842679810308,1.3442793786904241,577.872200791986,591.1326512079977,True,True,143.0,121.0,True,True,True,0.0024951107093933445,13.260450416011736,1.022947029460559,-22.0
v400_s9_p30,400,0.3,h2,0,1.4538422248927663,1.4497723838832846,21.436874582999735,20.92717624999932,True,True,827.0,773.0,True,True,True,-0.004069841009481712,-0.509698333000415,0.9762232908054318,-54.0
v400_s9_p30,400,0.3,h2,1,1.4508070274809386,1.4492813658796224,23.00356708301115,20.557116583004245,True,True,827.0,773.0,True,True,True,-0.001525661601316175,-2.446450500006904,0.8936490809804153,-54.0
v400_s9_p30,400,0.3,h2,2,1.440240616649842,1.4656593718778632,22.527952333010035,20.683477167011006,True,True,827.0,773.0,True,True,True,0.025418755228021173,-1.8444751659990288,0.9181250413382519,-54.0
v400_s9_p30,400,0.3,h2,3,1.4512415977440558,1.4461363279744084,21.544827374978922,20.15093587501906,True,True,827.0,773.0,True,True,True,-0.005105269769647425,-1.3938914999598637,0.9353027306415711,-54.0
v400_s9_p30,400,0.3,h2,4,1.4553236842836867,1.457506430367058,21.73241012499784,19.668305125000188,True,True,827.0,773.0,True,True,True,0.002182746083371212,-2.064104999997653,0.9050218089882538,-54.0
v400_s9_p30,400,0.3,h3,0,1.4337462565811123,1.4235635584707353,59.84033895799075,47.864440417004516,True,True,367.0,408.0,True,True,True,-0.010182698110376975,-11.975898540986236,0.7998691392875702,41.0
v400_s9_p30,400,0.3,h3,1,1.4280966826233998,1.425195656240464,62.974708083012956,42.45079324999824,True,True,357.0,436.0,True,True,True,-0.0029010263829358784,-20.523914833014715,0.6740927356747698,79.0
v400_s9_p30,400,0.3,h3,2,1.4273465089080675,1.4363714926972264,60.29332520801108,47.58828050000011,True,True,354.0,385.0,True,True,True,0.009024983789158947,-12.705044708010973,0.7892794158527705,31.0
v400_s9_p30,400,0.3,h3,3,1.428521156147548,1.422534009072259,62.08725833299104,45.62643591599772,True,True,337.0,420.0,True,True,True,-0.005987147075289023,-16.460822416993324,0.734875997765767,83.0
v400_s9_p30,400,0.3,h3,4,1.4275545845088404,1.43638102191075,54.76981950001209,49.30244116598624,True,True,389.0,382.0,True,True,True,0.008826437401909581,-5.467378334025852,0.9001753450360623,-7.0
v400_s9_p30,400,0.3,h4,0,1.4314917092616253,1.4169586978769102,97.83854808300384,89.58133762500074,True,True,340.0,348.0,True,True,True,-0.014533011384715078,-8.257210458003101,0.9156037101961296,8.0
v400_s9_p30,400,0.3,h4,1,1.4270748411981118,1.4276204192599622,118.13304558300297,110.67015849999734,True,True,324.0,307.0,True,True,True,0.0005455780618504047,-7.462887083005626,0.936826422732308,-17.0
v400_s9_p30,400,0.3,h4,2,1.4261935667232173,1.4128254788187298,114.62888862499676,110.6674593330099,True,True,346.0,333.0,True,True,True,-0.013368087904487513,-3.9614292919868603,0.9654412658143577,-13.0
v400_s9_p30,400,0.3,h4,3,1.4411707766354853,1.4322554213766086,133.6725037919823,107.81645675000618,True,True,300.0,312.0,True,True,True,-0.008915355258876767,-25.856047041976126,0.8065716859600937,12.0
v400_s9_p30,400,0.3,h4,4,1.458840759345599,1.4268944327661686,121.34814370801905,83.99737016597646,True,True,331.0,345.0,True,True,True,-0.03194632657943042,-37.35077354204259,0.6922015252914467,14.0
v400_s9_p30,400,0.3,h2+3,0,1.415190037860551,1.4259517330316576,62.11450429199613,49.16375441700802,True,True,367.0,408.0,True,True,True,0.010761695171106478,-12.950749874988105,0.7915020006582119,41.0
v400_s9_p30,400,0.3,h2+3,1,1.4248752309154813,1.4226066424471884,64.94918837500154,44.050402124994434,True,True,357.0,436.0,True,True,True,-0.0022685884682929203,-20.898786250007106,0.6782286773263068,79.0
v400_s9_p30,400,0.3,h2+3,2,1.4243116225063552,1.4163995529255782,61.46508637499937,48.549362707999535,True,True,354.0,386.0,True,True,True,-0.007912069580777059,-12.915723666999838,0.7898689413986857,32.0
v400_s9_p30,400,0.3,h2+3,3,1.4375351994151362,1.4364123562797326,64.40691229200456,47.886466666997876,True,True,337.0,420.0,True,True,True,-0.0011228431354035617,-16.520445625006687,0.7434988724485473,83.0
v400_s9_p30,400,0.3,h2+3,4,1.4295782808606428,1.4225714139516101,56.25664108400815,50.23283287501545,True,True,389.0,384.0,True,True,True,-0.007006866909032627,-6.023808208992705,0.8929227182263274,-5.0
v400_s9_p30,400,0.3,h2+3+4,0,1.430164682742911,1.4199526447568642,104.67477099999087,94.32661895800265,True,True,348.0,359.0,True,True,True,-0.010212037986046862,-10.348152041988214,0.9011399600579101,11.0
v400_s9_p30,400,0.3,h2+3+4,1,1.4287998536129056,1.4177924783715996,123.67476612501196,115.54563912498998,True,True,333.0,319.0,True,True,True,-0.011007375241306017,-8.129127000021981,0.9342701243372075,-14.0
v400_s9_p30,400,0.3,h2+3+4,2,1.4421266333596658,1.4228518549270652,121.12149066699203,113.54912870800763,True,True,355.0,345.0,True,True,True,-0.019274778432600614,-7.572361958984402,0.937481268457935,-10.0
v400_s9_p30,400,0.3,h2+3+4,3,1.4380927051766694,1.434887962184794,136.76678908299073,112.5805548329954,True,True,316.0,324.0,True,True,True,-0.0032047429918753423,-24.186234249995323,0.8231571099083199,8.0
v400_s9_p30,400,0.3,h2+3+4,4,1.4591258035881127,1.427084175398916,125.80581816699123,85.26848658401286,True,True,337.0,359.0,True,True,True,-0.03204162818919665,-40.53733158297837,0.6777785624416017,22.0
v400_s9_p50,400,0.5,h2,0,2.061808512486378,1.8589475007740566,9.258032124998863,4.260559792004642,True,True,591.0,416.0,True,True,True,-0.2028610117123213,-4.997472332994221,0.4602014482645971,-175.0
v400_s9_p50,400,0.5,h2,1,1.9695074913582025,1.9173277712571728,9.15468854199571,4.264832582994131,True,True,591.0,416.0,True,True,True,-0.05217972010102967,-4.889855959001579,0.465863209155601,-175.0
v400_s9_p50,400,0.5,h2,2,,2.053348698929784,8.913129166001454,4.0885652500001015,True,True,591.0,416.0,False,True,False,,-4.8245639160013525,0.4587126668819818,-175.0
v400_s9_p50,400,0.5,h2,3,,1.8416507884419298,8.796673292003106,4.29506695800228,True,True,591.0,416.0,False,True,False,,-4.501606334000826,0.4882603701909501,-175.0
v400_s9_p50,400,0.5,h2,4,,1.876707334398201,8.911748209007783,4.466039458988234,True,True,591.0,416.0,False,True,False,,-4.4457087500195485,0.5011406689513589,-175.0
v400_s9_p50,400,0.5,h3,0,1.7299197742324621,1.810146439293749,28.779302084003575,13.268772499999614,True,True,361.0,246.0,True,True,True,0.08022666506128684,-15.510529584003962,0.46105261556619914,-115.0
v400_s9_p50,400,0.5,h3,1,1.7070143222668706,1.764893570246979,26.8852048330009,11.186859041001298,True,True,366.0,239.0,True,True,True,0.05787924798010846,-15.6983457919996,0.41609722189171183,-127.0
v400_s9_p50,400,0.5,h3,2,1.669336527890362,1.8586077019583496,24.80622816599498,11.789902333999635,True,True,311.0,231.0,True,True,True,0.18927117406798755,-13.016325831995346,0.47527992789171947,-80.0
v400_s9_p50,400,0.5,h3,3,1.65530001393253,1.7421179562282696,21.15439383298508,11.899277000018628,True,True,313.0,239.0,True,True,True,0.08681794229573958,-9.25511683296645,0.56249671316342,-74.0
v400_s9_p50,400,0.5,h3,4,1.7437332235033054,1.7528894037329241,28.724062875000527,10.969849000015529,True,True,345.0,241.0,True,True,True,0.009156180229618727,-17.754213874985,0.3819045045178111,-104.0
v400_s9_p50,400,0.5,h4,0,1.7267966071186085,1.7634223888423841,21.278249541996047,18.97857062499679,True,True,407.0,191.0,True,True,True,0.03662578172377562,-2.2996789169992553,0.891923491523094,-216.0
v400_s9_p50,400,0.5,h4,1,1.74357815916427,1.735152582309229,21.6376733329962,19.508784917008597,True,True,416.0,184.0,True,True,True,-0.008425576855040973,-2.1288884159876034,0.9016119532250646,-232.0
v400_s9_p50,400,0.5,h4,2,,1.7666983361539044,21.91813533300592,17.932921291998355,True,True,359.0,182.0,False,True,False,,-3.9852140410075663,0.8181773230040084,-177.0
v400_s9_p50,400,0.5,h4,3,1.7622051658964557,1.7525883776381992,23.83011500001885,15.69434587500291,True,True,350.0,206.0,True,True,True,-0.009616788258256515,-8.13576912501594,0.6585929558036331,-144.0
v400_s9_p50,400,0.5,h4,4,1.696169742555703,1.7397900011846783,25.46752445900347,14.70124841699726,True,True,253.0,244.0,True,True,True,0.04362025862897534,-10.766276042006211,0.577254708861189,-9.0
v400_s9_p50,400,0.5,h2+3,0,1.6859745074817971,1.8279024855626267,29.4027406660025,13.134330458007753,True,True,361.0,246.0,True,True,True,0.14192797808082958,-16.268410207994748,0.4467042922020729,-115.0
v400_s9_p50,400,0.5,h2+3,1,1.7201549382291577,1.746984256117325,28.46924000000581,11.887639124994166,True,True,366.0,239.0,True,True,True,0.026829317888167337,-16.581600875011645,0.417560817394203,-127.0
v400_s9_p50,400,0.5,h2+3,2,1.6807961581836723,1.8609299687217462,26.29148383399297,12.109080958005507,True,True,311.0,231.0,True,True,True,0.18013381053807387,-14.182402875987464,0.460570465876458,-80.0
v400_s9_p50,400,0.5,h2+3,3,1.681981806758459,1.7779555576725468,22.247647999989567,11.992101332987659,True,True,313.0,239.0,True,True,True,0.09597375091408766,-10.255546667001909,0.5390278259074075,-74.0
v400_s9_p50,400,0.5,h2+3,4,1.6936322546550235,1.7415050038168567,30.72134333298891,11.811143875005655,True,True,345.0,241.0,True,True,True,0.04787274916183315,-18.910199457983254,0.3844605278807168,-104.0
v400_s9_p50,400,0.5,h2+3+4,0,,1.7494933540928903,27.87366983400716,21.011020417005057,True,True,258.0,193.0,False,True,False,,-6.862649417002103,0.7537945502737728,-65.0
v400_s9_p50,400,0.5,h2+3+4,1,1.7761173742068763,1.7788423834591778,24.661676249990705,21.177212916998542,True,True,416.0,190.0,True,True,True,0.002725009252301458,-3.4844633329921635,0.8587093878911221,-226.0
v400_s9_p50,400,0.5,h2+3+4,2,,1.7593430549837321,28.30347004199575,19.754887250004685,True,True,283.0,188.0,False,True,False,,-8.548582791991066,0.6979669708588042,-95.0
v400_s9_p50,400,0.5,h2+3+4,3,1.7432041023588076,1.7561737920456162,27.62915537500521,17.286388416978298,True,True,282.0,211.0,True,True,True,0.012969689686808561,-10.342766958026914,0.6256575049925874,-71.0
v400_s9_p50,400,0.5,h2+3+4,4,1.7047135444469854,1.76907170500368,28.13786116699339,16.26764775000629,True,True,255.0,247.0,True,True,True,0.06435816055669452,-11.870213416987099,0.5781408776402934,-8.0
v500_s0_p0,500,0.0,h2,0,1.2943714248128497,1.2943714248128497,265.5721591670008,265.90899500000523,True,True,1170.0,1170.0,True,True,True,0.0,0.336835833004443,1.0012683401530529,0.0
v500_s0_p0,500,0.0,h2,1,1.2873280033434218,1.2873280033434218,264.8002647090034,268.6864077920036,True,True,1124.0,1124.0,True,True,True,0.0,3.8861430830002064,1.01467575225905,0.0
v500_s0_p0,500,0.0,h2,2,1.2909287991130174,1.2909287991130174,270.1665077910002,273.0665071250114,True,True,1229.0,1229.0,True,True,True,0.0,2.899999334011227,1.0107341185912455,0.0
v500_s0_p0,500,0.0,h2,3,1.2971802842344848,1.2971802842344848,261.1499682079884,266.44278512499295,True,True,1184.0,1184.0,True,True,True,0.0,5.292816917004529,1.0202673465875713,0.0
v500_s0_p0,500,0.0,h2,4,1.3042003490560286,1.3042003490560286,264.8251524170046,266.88935883398517,True,True,1096.0,1096.0,True,True,True,0.0,2.0642064169805963,1.0077946010722207,0.0
v500_s0_p0,500,0.0,h3,0,1.3116748322381402,1.3116748322381402,481.7434478750074,482.8622164170083,True,True,569.0,569.0,True,True,True,0.0,1.1187685420009075,1.0023223326584634,0.0
v500_s0_p0,500,0.0,h3,1,1.3062446751485726,1.3062446751485726,547.8711954580067,548.2856187910074,True,True,538.0,538.0,True,True,True,0.0,0.41442333300074097,1.0007564247517233,0.0
v500_s0_p0,500,0.0,h3,2,1.313778114816139,1.313778114816139,459.84968279200257,469.6453577079956,True,True,559.0,559.0,True,True,True,0.0,9.795674915993004,1.0213019064328108,0.0
v500_s0_p0,500,0.0,h3,3,1.3202375198510787,1.3202375198510787,524.0193378750118,531.1003324580088,True,True,546.0,546.0,True,True,True,0.0,7.0809945829969365,1.0135128497580101,0.0
v500_s0_p0,500,0.0,h3,4,1.3175076197690516,1.3175076197690516,483.06551883299835,480.71205037500476,True,True,548.0,548.0,True,True,True,0.0,-2.3534684579935856,0.9951280553750159,0.0
v500_s0_p0,500,0.0,h4,0,1.3253016084623148,1.3253016084623148,1185.3536879160092,1173.5339851669996,True,True,357.0,357.0,True,True,True,0.0,-11.819702749009593,0.9900285434891674,0.0
v500_s0_p0,500,0.0,h4,1,1.3222253089879956,1.3222253089879956,1214.914061125004,1221.6784546660056,True,True,343.0,343.0,True,True,True,0.0,6.764393541001482,1.0055677959103855,0.0
v500_s0_p0,500,0.0,h4,2,1.327082344342951,1.327082344342951,1140.6318356249976,1116.78742891601,True,True,350.0,350.0,True,True,True,0.0,-23.844406708987663,0.9790954399445441,0.0
v500_s0_p0,500,0.0,h4,3,1.3271434522008299,1.3271434522008299,1205.063271082996,1212.7582881250128,True,True,355.0,355.0,True,True,True,0.0,7.695017042016843,1.006385570970976,0.0
v500_s0_p0,500,0.0,h4,4,1.3206391989001436,1.3206391989001436,1379.0659366250038,1343.5216019579966,True,True,244.0,244.0,True,True,True,0.0,-35.544334667007206,0.9742257902809237,0.0
v500_s0_p0,500,0.0,h2+3,0,1.314680760923098,1.314680760923098,475.5302982079884,481.2105553750007,True,True,569.0,569.0,True,True,True,0.0,5.680257167012314,1.0119451004245534,0.0
v500_s0_p0,500,0.0,h2+3,1,1.3078577287560365,1.3078577287560365,551.458435624998,553.1150872080034,True,True,538.0,538.0,True,True,True,0.0,1.6566515830054414,1.003004127738345,0.0
v500_s0_p0,500,0.0,h2+3,2,1.3162880461617892,1.3162880461617892,462.95809791699867,468.5864557909954,True,True,559.0,559.0,True,True,True,0.0,5.62835787399672,1.01215738076366,0.0
v500_s0_p0,500,0.0,h2+3,3,1.3170018219595594,1.3170018219595594,530.6073961250077,543.4497302499949,True,True,546.0,546.0,True,True,True,0.0,12.842334124987246,1.0242030816358272,0.0
v500_s0_p0,500,0.0,h2+3,4,1.3234447132867315,1.3234447132867315,485.8320197919966,488.75130758300656,True,True,548.0,548.0,True,True,True,0.0,2.9192877910099924,1.0060088418879016,0.0
v500_s0_p0,500,0.0,h2+3+4,0,1.321674397508056,1.321674397508056,1191.0507373329892,1196.2185162079986,True,True,357.0,357.0,True,True,True,0.0,5.16777887500939,1.0043388402467062,0.0
v500_s0_p0,500,0.0,h2+3+4,1,1.3214506319616324,1.3214506319616324,1236.3897767080052,1236.4363291250047,True,True,343.0,343.0,True,True,True,0.0,0.0465524169994751,1.000037651894149,0.0
v500_s0_p0,500,0.0,h2+3+4,2,1.3264437281606436,1.3264437281606436,1146.6426656249969,1126.6198713750055,True,True,350.0,350.0,True,True,True,0.0,-20.02279424999142,0.982537895326721,0.0
v500_s0_p0,500,0.0,h2+3+4,3,1.325350585125794,1.325350585125794,1232.536664208019,1250.8597651669988,True,True,355.0,355.0,True,True,True,0.0,18.32310095897992,1.0148661711177198,0.0
v500_s0_p0,500,0.0,h2+3+4,4,1.3191346789155762,1.3191346789155762,1372.9351947079995,1368.7844130829908,True,True,244.0,244.0,True,True,True,0.0,-4.150781625008676,0.9969767097230751,0.0
v500_s0_p10,500,0.1,h2,0,1.332931959692867,1.3294028578507942,210.05959941599576,189.13922954200825,True,True,1184.0,1118.0,True,True,True,-0.0035291018420728903,-20.92036987398751,0.9004074561117418,-66.0
v500_s0_p10,500,0.1,h2,1,1.3347689216823813,1.2944248665834255,206.8080810419924,187.26111279200995,True,True,1184.0,1164.0,True,True,True,-0.04034405509895578,-19.546968249982456,0.9054825703546205,-20.0
v500_s0_p10,500,0.1,h2,2,1.3055504575614318,1.3062802639048823,189.11547074999544,192.70606737499475,True,True,1137.0,1126.0,True,True,True,0.0007298063434504343,3.590596624999307,1.018986265961001,-11.0
v500_s0_p10,500,0.1,h2,3,1.3127709840430204,1.3108613430540426,186.2116405419947,192.19037979200948,True,True,1131.0,1173.0,True,True,True,-0.0019096409889778343,5.978739250014769,1.032107226125138,42.0
v500_s0_p10,500,0.1,h2,4,1.3158805948605705,1.3147177774316319,194.7542545000033,193.3535190410039,True,True,1120.0,1163.0,True,True,True,-0.001162817428938645,-1.4007354589994065,0.992807677231003,43.0
v500_s0_p10,500,0.1,h3,0,1.3414774358876769,1.3244055833147055,286.8997117079998,233.73493629200675,True,True,587.0,631.0,True,True,True,-0.01707185257297139,-53.16477541599306,0.8146921267383391,44.0
v500_s0_p10,500,0.1,h3,1,1.3276127924333079,1.3212782476943852,322.9612014999875,248.6745987500035,True,True,557.0,610.0,True,True,True,-0.006334544738922698,-74.28660274998401,0.7699828883315977,53.0
v500_s0_p10,500,0.1,h3,2,1.32915337340395,1.3392963842000458,233.64361741600442,246.21578112499265,True,True,626.0,622.0,True,True,True,0.010143010796095808,12.572163708988228,1.0538091468024284,-4.0
v500_s0_p10,500,0.1,h3,3,1.326888078288073,1.329805380572638,234.24854691600194,234.37015437500668,True,True,585.0,621.0,True,True,True,0.002917302284564993,0.12160745900473557,1.0005191385842336,36.0
v500_s0_p10,500,0.1,h3,4,1.343584483874665,1.33321224944414,245.88440679199994,239.7089207499812,True,True,603.0,589.0,True,True,True,-0.010372234430524818,-6.175486042018747,0.9748845966989572,-14.0
v500_s0_p10,500,0.1,h4,0,1.3405558813135416,1.3415189640221177,763.0983720829972,732.1084727499983,True,True,398.0,367.0,True,True,True,0.0009630827085760352,-30.989899332998903,0.959389378267959,-31.0
v500_s0_p10,500,0.1,h4,1,1.333760376461211,1.339892494839515,693.9792031249963,676.0561400000006,True,True,446.0,441.0,True,True,True,0.0061321183783040745,-17.92306312499568,0.9741734866919817,-5.0
v500_s0_p10,500,0.1,h4,2,1.338461071532132,1.3249926817350652,726.0198652079998,749.0294347919989,True,True,428.0,397.0,True,True,True,-0.01346838979706666,23.00956958399911,1.0316927548220833,-31.0
v500_s0_p10,500,0.1,h4,3,1.3494041360765319,1.327280041559124,674.1961235000053,742.4658332919935,True,True,395.0,433.0,True,True,True,-0.022124094517407933,68.26970979198813,1.101260905265332,38.0
v500_s0_p10,500,0.1,h4,4,1.3452005651537156,1.3302378332382414,771.9327669579943,687.3355335420056,True,True,415.0,385.0,True,True,True,-0.014962731915474148,-84.59723341598874,0.8904085471726164,-30.0
v500_s0_p10,500,0.1,h2+3,0,1.3362726930720117,1.326447615492381,288.62052612499974,236.82961012500164,True,True,587.0,631.0,True,True,True,-0.009825077579630692,-51.790915999998106,0.8205570591414978,44.0
v500_s0_p10,500,0.1,h2+3,1,1.324499317445107,1.3277171977170354,314.0876028749917,257.94567033299245,True,True,557.0,610.0,True,True,True,0.003217880271928486,-56.14193254199927,0.8212539048720621,53.0
v500_s0_p10,500,0.1,h2+3,2,1.3260687732444059,1.3311069076874507,239.59698774998833,245.2591575000115,True,True,626.0,622.0,True,True,True,0.005038134443044795,5.662169750023168,1.02363205732758,-4.0
v500_s0_p10,500,0.1,h2+3,3,1.332603851363574,1.3350411149363188,240.05482941601076,239.6725277499936,True,True,585.0,621.0,True,True,True,0.0024372635727447634,-0.3823016660171561,0.9984074402212728,36.0
v500_s0_p10,500,0.1,h2+3,4,1.324871073828679,1.3301323255404407,254.88047491700854,243.44358041600208,True,True,603.0,589.0,True,True,True,0.0052612517117616164,-11.436894501006464,0.9551284008524763,-14.0
v500_s0_p10,500,0.1,h2+3+4,0,1.3410520128612118,1.339158449087802,764.9974191670044,748.9211736670113,True,True,416.0,383.0,True,True,True,-0.0018935637734098787,-16.076245499993092,0.9789852291037814,-33.0
v500_s0_p10,500,0.1,h2+3+4,1,1.334508838784868,1.3397436346770522,707.7523137499957,695.0525897080079,True,True,461.0,452.0,True,True,True,0.005234795892184119,-12.699724041987793,0.9820562592375024,-9.0
v500_s0_p10,500,0.1,h2+3+4,2,1.3448265742602916,1.330123321378757,762.3187844169879,714.8225182919996,True,True,432.0,435.0,True,True,True,-0.014703252881534512,-47.496266124988324,0.9376950075271818,3.0
v500_s0_p10,500,0.1,h2+3+4,3,1.3505980637247124,1.326360976153612,692.3357979579887,755.9357511669805,True,True,409.0,448.0,True,True,True,-0.024237087571100435,63.59995320899179,1.0918628697181003,39.0
v500_s0_p10,500,0.1,h2+3+4,4,1.3459841350335653,1.331041452922371,784.9816947079962,700.0495944999857,True,True,432.0,401.0,True,True,True,-0.014942682111194205,-84.93210020801052,0.8918037187611053,-31.0
v500_s0_p30,500,0.3,h2,0,1.4644612714444354,1.4702683423888416,42.84523958299542,33.20570024999324,True,True,1037.0,960.0,True,True,True,0.005807070944406245,-9.639539333002176,0.7750149275200237,-77.0
v500_s0_p30,500,0.3,h2,1,1.465956695519063,1.4750372593683625,42.904968625007314,30.92780579200189,True,True,1037.0,960.0,True,True,True,0.00908056384929945,-11.977162833005423,0.720844386633009,-77.0
v500_s0_p30,500,0.3,h2,2,1.4565141442314882,1.4578769340555546,43.48707208300766,33.269292083001346,True,True,1037.0,960.0,True,True,True,0.001362789824066457,-10.217780000006314,0.7650386767703578,-77.0
v500_s0_p30,500,0.3,h2,3,1.4678880503964467,1.4695087494611523,42.531753834016854,32.51266808298533,True,True,1037.0,960.0,True,True,True,0.001620699064705633,-10.019085751031525,0.7644328096571867,-77.0
v500_s0_p30,500,0.3,h2,4,1.4482856071023305,1.4659678424190161,42.90011537499959,32.92569233299582,True,True,1037.0,960.0,True,True,True,0.01768223531668567,-9.974423042003764,0.7674965916801136,-77.0
v500_s0_p30,500,0.3,h3,0,1.4164838345442128,1.4504206260281598,94.54197608400136,113.77044849999947,True,True,492.0,376.0,True,True,True,0.033936791483947015,19.228472415998112,1.2033855564740201,-116.0
v500_s0_p30,500,0.3,h3,1,1.4342830718899153,1.4633237863596968,94.18193245799921,104.9167567500117,True,True,495.0,435.0,True,True,True,0.029040714469781514,10.73482429201249,1.113979656308281,-60.0
v500_s0_p30,500,0.3,h3,2,1.4329662658087627,1.4399964965476164,98.58974770799978,105.11916029200074,True,True,488.0,414.0,True,True,True,0.007030230738853671,6.529412584000966,1.066228109268923,-74.0
v500_s0_p30,500,0.3,h3,3,1.4126594007844047,1.442139694782727,90.24490904100821,104.38118054100778,True,True,518.0,410.0,True,True,True,0.029480293998322304,14.136271499999566,1.1566434234376135,-108.0
v500_s0_p30,500,0.3,h3,4,1.4076856982450574,1.4359976703914255,91.72135733399773,108.6334180419799,True,True,525.0,405.0,True,True,True,0.028311972146368047,16.912060707982164,1.1843851988190486,-120.0
v500_s0_p30,500,0.3,h4,0,1.44879789109811,1.4543013702166594,262.38838333399326,221.89080304199888,True,True,400.0,282.0,True,True,True,0.005503479118549315,-40.49758029199438,0.8456578763990281,-118.0
v500_s0_p30,500,0.3,h4,1,1.439985083752499,1.4521925125917634,174.58302099999855,213.67246908400557,True,True,530.0,351.0,True,True,True,0.0122074288392644,39.08944808400702,1.223901773838633,-179.0
v500_s0_p30,500,0.3,h4,2,1.4335292777364568,1.4436388893775152,179.7438633749989,229.27514629199868,True,True,530.0,324.0,True,True,True,0.010109611641058391,49.53128291699977,1.2755659191193796,-206.0
v500_s0_p30,500,0.3,h4,3,1.4553227726315656,1.4819378664850442,232.6014367089956,228.39437579200603,True,True,430.0,317.0,True,True,True,0.0266150938534786,-4.207060916989576,0.9819130054546784,-113.0
v500_s0_p30,500,0.3,h4,4,1.4356249706294926,1.445246751164069,232.7432772910106,234.52776195897604,True,True,454.0,304.0,True,True,True,0.009621780534576407,1.7844846679654438,1.0076671802886672,-150.0
v500_s0_p30,500,0.3,h2+3,0,1.410166930059754,1.4482744382412103,99.83187512500444,118.36568933298986,True,True,492.0,376.0,True,True,True,0.03810750818145636,18.533814207985415,1.1856502663580977,-116.0
v500_s0_p30,500,0.3,h2+3,1,1.4329839572387728,1.4496422491842493,98.11689608301094,105.02640095900279,True,True,495.0,436.0,True,True,True,0.016658291945476522,6.909504875991843,1.0704211522360645,-59.0
v500_s0_p30,500,0.3,h2+3,2,1.4270844852351636,1.4319731863278669,99.77639400000044,107.36356120900018,True,True,488.0,415.0,True,True,True,0.004888701092703229,7.587167208999745,1.0760417059069074,-73.0
v500_s0_p30,500,0.3,h2+3,3,1.423898354945576,1.4328982732213702,93.14171320799505,104.64686054200865,True,True,518.0,410.0,True,True,True,0.008999918275794272,11.5051473340136,1.1235230375065297,-108.0
v500_s0_p30,500,0.3,h2+3,4,1.3932993792017943,1.4333834550569795,92.89258862502174,108.78220187500119,True,True,525.0,406.0,True,True,True,0.04008407585518525,15.889613249979448,1.1710536167112409,-119.0
v500_s0_p30,500,0.3,h2+3+4,0,1.448551970554243,1.4498878927982832,267.079739666995,229.72737070800213,True,True,415.0,308.0,True,True,True,0.0013359222440403329,-37.352368958992884,0.8601452547259286,-107.0
v500_s0_p30,500,0.3,h2+3+4,1,1.4353786976881187,1.4539423681705697,178.14234441700683,218.56596870800422,True,True,542.0,365.0,True,True,True,0.018563670482451,40.423624290997395,1.2269175496892037,-177.0
v500_s0_p30,500,0.3,h2+3+4,2,1.4393638002388762,1.4451737546417696,187.58065512499888,238.40617295801349,True,True,542.0,340.0,True,True,True,0.005809954402893336,50.8255178330146,1.2709528751733263,-202.0
v500_s0_p30,500,0.3,h2+3+4,3,1.448823846991195,1.4767979944869456,242.89069183301763,232.64582504201098,True,True,444.0,339.0,True,True,True,0.027974147495750668,-10.244866791006643,0.9578210811056943,-105.0
v500_s0_p30,500,0.3,h2+3+4,4,1.43551123233109,1.4421582604084149,238.14126620898605,241.24284183300915,True,True,468.0,324.0,True,True,True,0.006647028077324979,3.1015756240230985,1.0130240998269542,-144.0
v500_s0_p50,500,0.5,h2,0,1.917412395446965,1.8119129853191105,14.968487000005553,6.768913249994512,True,True,741.0,518.0,True,True,True,-0.10549941012785458,-8.19957375001104,0.4522109181771011,-223.0
v500_s0_p50,500,0.5,h2,1,,1.8273255826889385,14.264412333010114,6.988387292003608,True,True,741.0,518.0,False,True,False,,-7.2760250410065055,0.48991764461486936,-223.0
v500_s0_p50,500,0.5,h2,2,1.9891803148643081,1.8472251025730586,15.522983624992776,6.976458417004324,True,True,741.0,518.0,True,True,True,-0.14195521229124952,-8.546525207988452,0.4494276735415657,-223.0
v500_s0_p50,500,0.5,h2,3,1.8940406123958262,1.8543684664993703,14.924144832999445,6.687397083005635,True,True,741.0,518.0,True,True,True,-0.03967214589645596,-8.23674774999381,0.44809248086488895,-223.0
v500_s0_p50,500,0.5,h2,4,,1.8699628822338297,14.381045624992112,6.36329191699042,True,True,741.0,518.0,False,True,False,,-8.017753708001692,0.4424776948021059,-223.0
v500_s0_p50,500,0.5,h3,0,1.6922438799397428,1.7043644051267925,35.72717654099688,16.99018370799604,True,True,466.0,292.0,True,True,True,0.012120525187049758,-18.73699283300084,0.47555349604802466,-174.0
v500_s0_p50,500,0.5,h3,1,1.659689446168877,1.7067501948932957,36.336143249995075,17.61389533399779,True,True,461.0,324.0,True,True,True,0.04706074872441879,-18.722247915997286,0.48474862103038896,-137.0
v500_s0_p50,500,0.5,h3,2,1.693331287554666,1.7548008079807924,38.02675750000344,16.906030875004944,True,True,473.0,304.0,True,True,True,0.06146952042612641,-21.120726624998497,0.4445824989154917,-169.0
v500_s0_p50,500,0.5,h3,3,1.7051533758421618,1.7099293004565115,43.49346920798416,18.199463124998147,True,True,450.0,337.0,True,True,True,0.004775924614349725,-25.294006082986016,0.4184412845516872,-113.0
v500_s0_p50,500,0.5,h3,4,1.6421397416195342,1.7024665226654003,33.84174416700262,17.073155250021955,True,True,466.0,326.0,True,True,True,0.060326781045866085,-16.76858891698066,0.5044998616433348,-140.0
v500_s0_p50,500,0.5,h4,0,1.71450074633633,1.7281516301953102,40.68496945800143,24.752122834004695,True,True,362.0,325.0,True,True,True,0.013650883858980167,-15.932846623996738,0.6083849432296119,-37.0
v500_s0_p50,500,0.5,h4,1,,1.7049650472210167,36.49650570900121,24.597185333987,True,True,406.0,269.0,False,True,False,,-11.899320375014213,0.6739600094899096,-137.0
v500_s0_p50,500,0.5,h4,2,1.7121355129726976,1.6792418968419578,34.12818420799158,30.259258958001737,True,True,433.0,268.0,True,True,True,-0.03289361613073982,-3.868925249989843,0.8866354791567294,-165.0
v500_s0_p50,500,0.5,h4,3,,1.7131182202423223,39.45710204198258,24.888779792003334,True,True,351.0,256.0,False,True,False,,-14.568322249979246,0.6307807341127468,-95.0
v500_s0_p50,500,0.5,h4,4,,1.7139002340212726,41.0982893340115,25.014724125008797,True,True,395.0,316.0,False,True,False,,-16.0835652090027,0.608656090809782,-79.0
v500_s0_p50,500,0.5,h2+3,0,1.701236017365219,1.7160419839014283,35.365797749997,17.167722416008473,True,True,466.0,292.0,True,True,True,0.014805966536209247,-18.198075333988527,0.48543291847587206,-174.0
v500_s0_p50,500,0.5,h2+3,1,1.6775786622678577,1.6799530317065847,37.71384520801075,18.529356916988036,True,True,461.0,324.0,True,True,True,0.002374369438727042,-19.184488291022717,0.4913144447294978,-137.0
v500_s0_p50,500,0.5,h2+3,2,1.690273021167612,1.7659230155047423,39.79083670799446,17.964424582998618,True,True,473.0,304.0,True,True,True,0.07564999433713027,-21.82641212499584,0.4514713956590249,-169.0
v500_s0_p50,500,0.5,h2+3,3,1.6907921389634786,1.704792056548307,45.24727683298988,19.07654641699628,True,True,450.0,337.0,True,True,True,0.013999917584828436,-26.170730415993603,0.42160650877198275,-113.0
v500_s0_p50,500,0.5,h2+3,4,1.681105476221586,1.6986308585780547,35.50884424999822,18.105531542008976,True,True,466.0,326.0,True,True,True,0.01752538235646872,-17.403312707989244,0.5098879426921895,-140.0
v500_s0_p50,500,0.5,h2+3+4,0,1.7035240588796048,1.7311045161661052,43.5653611250018,27.2521292080055,True,True,362.0,329.0,True,True,True,0.02758045728650038,-16.3132319169963,0.6255458121834718,-33.0
v500_s0_p50,500,0.5,h2+3+4,1,1.7233027244977726,1.6989334108581473,39.978126541987876,27.282238542000414,True,True,406.0,273.0,True,True,True,-0.024369313639625245,-12.695887999987463,0.6824291406788826,-133.0
v500_s0_p50,500,0.5,h2+3+4,2,1.7362956671547112,1.7021936486632512,43.274069833001704,33.62745549999818,True,True,329.0,274.0,True,True,True,-0.034102018491459996,-9.646614333003527,0.7770809547095842,-55.0
v500_s0_p50,500,0.5,h2+3+4,3,,1.671412342633388,43.209385124995606,32.33971283401479,True,True,353.0,281.0,False,True,False,,-10.869672290980816,0.7484418660543964,-72.0
v500_s0_p50,500,0.5,h2+3+4,4,,1.704853144075445,44.369886792002944,27.242321124998853,True,True,395.0,318.0,False,True,False,,-17.12756566700409,0.6139822094364438,-77.0
v500_s1_p0,500,0.0,h2,0,1.3032216162936259,1.3032216162936259,273.28758462499536,265.74074120799196,True,True,1180.0,1180.0,True,True,True,0.0,-7.5468434170034016,0.972384975236401,0.0
v500_s1_p0,500,0.0,h2,1,1.275096472060287,1.275096472060287,267.2706241660053,267.0044032079895,True,True,1129.0,1129.0,True,True,True,0.0,-0.26622095801576506,0.9990039273532343,0.0
v500_s1_p0,500,0.0,h2,2,1.2840794164649918,1.2840794164649918,266.62102683300327,271.05244754200976,True,True,1140.0,1140.0,True,True,True,0.0,4.431420709006488,1.016620672276467,0.0
v500_s1_p0,500,0.0,h2,3,1.26530733364913,1.26530733364913,267.8610499589995,267.90698512498057,True,True,1251.0,1251.0,True,True,True,0.0,0.04593516598106362,1.0001714887849058,0.0
v500_s1_p0,500,0.0,h2,4,1.278316175436358,1.278316175436358,269.3397990830126,270.7602789999801,True,True,1104.0,1104.0,True,True,True,0.0,1.4204799169674516,1.0052739324890105,0.0
v500_s1_p0,500,0.0,h3,0,1.3038752297030833,1.3038752297030833,481.4563528330036,473.47687779199623,True,True,599.0,599.0,True,True,True,0.0,-7.97947504100739,0.9834263791638551,0.0
v500_s1_p0,500,0.0,h3,1,1.3035949248765353,1.3035949248765353,458.5995269589912,449.54808237499674,True,True,650.0,650.0,True,True,True,0.0,-9.051444583994453,0.9802628566932564,0.0
v500_s1_p0,500,0.0,h3,2,1.30189407655988,1.30189407655988,511.480477709003,509.57100479101064,True,True,548.0,548.0,True,True,True,0.0,-1.9094729179923888,0.9962667726311957,0.0
v500_s1_p0,500,0.0,h3,3,1.309708157791449,1.309708157791449,489.5049805000017,492.3612065000052,True,True,581.0,581.0,True,True,True,0.0,2.8562260000035167,1.0058349273527023,0.0
v500_s1_p0,500,0.0,h3,4,1.3022272493712714,1.3022272493712714,458.5659299590043,459.8275632910081,True,True,570.0,570.0,True,True,True,0.0,1.2616333320038393,1.002751258324221,0.0
v500_s1_p0,500,0.0,h4,0,1.316160468378866,1.316160468378866,1030.9732919579983,1023.2021405000123,True,True,502.0,502.0,True,True,True,0.0,-7.7711514579859795,0.9924623154463805,0.0
v500_s1_p0,500,0.0,h4,1,1.3114601452383947,1.3114601452383947,1084.6695030419942,1078.9633070840064,True,True,497.0,497.0,True,True,True,0.0,-5.706195957987802,0.9947392307592455,0.0
v500_s1_p0,500,0.0,h4,2,1.3139875405162247,1.3139875405162247,1112.9973545419925,1101.8756320000102,True,True,425.0,425.0,True,True,True,0.0,-11.121722541982308,0.9900074133181035,0.0
v500_s1_p0,500,0.0,h4,3,1.3100016954105451,1.3100016954105451,1011.7879323750094,1015.473051332985,True,True,448.0,448.0,True,True,True,0.0,3.6851189579756465,1.0036421851260129,0.0
v500_s1_p0,500,0.0,h4,4,1.3198949901418313,1.3198949901418313,1077.2882404580014,1072.0795939160162,True,True,362.0,362.0,True,True,True,0.0,-5.2086465419852175,0.99516503908019,0.0
v500_s1_p0,500,0.0,h2+3,0,1.303595532557662,1.303595532557662,478.20396120799705,481.7684182499943,True,True,599.0,599.0,True,True,True,0.0,3.5644570419972297,1.0074538425674957,0.0
v500_s1_p0,500,0.0,h2+3,1,1.3064613077199365,1.3064613077199365,450.131498458999,446.16299045900814,True,True,650.0,650.0,True,True,True,0.0,-3.968507999990834,0.991183669630815,0.0
v500_s1_p0,500,0.0,h2+3,2,1.305687959063442,1.305687959063442,515.6206267500093,525.6243418749946,True,True,548.0,548.0,True,True,True,0.0,10.00371512498532,1.0194013090361405,0.0
v500_s1_p0,500,0.0,h2+3,3,1.3079016914455013,1.3079016914455013,494.03192008298356,494.5646901250002,True,True,581.0,581.0,True,True,True,0.0,0.5327700420166366,1.0010784121842313,0.0
v500_s1_p0,500,0.0,h2+3,4,1.2942103569284091,1.2942103569284091,468.6177084999799,467.31073925000965,True,True,570.0,570.0,True,True,True,0.0,-1.3069692499702796,0.9972110118199463,0.0
v500_s1_p0,500,0.0,h2+3+4,0,1.323588934551896,1.323588934551896,1065.8439107500017,1067.8666898749943,True,True,521.0,521.0,True,True,True,0.0,2.0227791249926668,1.0018978192815957,0.0
v500_s1_p0,500,0.0,h2+3+4,1,1.3110056574027216,1.3110056574027216,1104.8869277080084,1108.1640975830087,True,True,466.0,466.0,True,True,True,0.0,3.2771698750002543,1.00296606810418,0.0
v500_s1_p0,500,0.0,h2+3+4,2,1.3104468610276425,1.3104468610276425,1062.958475708001,1069.4127894999983,True,True,446.0,446.0,True,True,True,0.0,6.454313791997265,1.0060720281549083,0.0
v500_s1_p0,500,0.0,h2+3+4,3,1.3159941554276986,1.3159941554276986,1019.2494556669844,1044.5923518339987,True,True,448.0,448.0,True,True,True,0.0,25.34289616701426,1.024864272456668,0.0
v500_s1_p0,500,0.0,h2+3+4,4,1.3198668268611038,1.3198668268611038,1141.411140207987,1092.017660958023,True,True,362.0,362.0,True,True,True,0.0,-49.393479249964,0.9567259530680912,0.0
v500_s1_p10,500,0.1,h2,0,1.3122771880188897,1.31857667174434,211.2773595000035,186.56325375000597,True,True,1237.0,1087.0,True,True,True,0.0062994837254501945,-24.714105749997543,0.8830252999730568,-150.0
v500_s1_p10,500,0.1,h2,1,1.3110930348909144,1.302895137066919,209.27290945799905,183.51478500000667,True,True,1237.0,1079.0,True,True,True,-0.008197897823995381,-25.75812445799238,0.8769161067015125,-158.0
v500_s1_p10,500,0.1,h2,2,1.300969067957097,1.3114023841971805,186.05070241700741,185.1018631659972,True,True,1096.0,1083.0,True,True,True,0.010433316240083368,-0.948839251010213,0.9949001039034858,-13.0
v500_s1_p10,500,0.1,h2,3,1.3012852969198072,1.3117425601769752,185.0052513749979,183.32247745798668,True,True,1088.0,1085.0,True,True,True,0.010457263257168004,-1.6827739170112181,0.9909041829650538,-3.0
v500_s1_p10,500,0.1,h2,4,1.2974212806131,1.3048440099332854,193.8102745420183,188.6474345830211,True,True,1076.0,1076.0,True,True,True,0.007422729320185395,-5.1628399589972105,0.9733613712111124,0.0
v500_s1_p10,500,0.1,h3,0,1.328997003579508,1.3257633588112971,325.16590979100147,312.9134739160072,True,True,498.0,578.0,True,True,True,-0.0032336447682108638,-12.252435874994262,0.9623194329231208,80.0
v500_s1_p10,500,0.1,h3,1,1.328618126475732,1.3245458157694345,531.7243048330129,368.51126870799635,True,True,426.0,493.0,True,True,True,-0.004072310706297433,-163.21303612501652,0.6930495096020234,67.0
v500_s1_p10,500,0.1,h3,2,1.3337038103456673,1.326165613031778,330.35326487499697,316.383428000001,True,True,505.0,523.0,True,True,True,-0.007538197313889272,-13.969836874995963,0.9577124298127278,18.0
v500_s1_p10,500,0.1,h3,3,1.3205839957198684,1.3229958329029505,308.2418573749892,306.91246254200814,True,True,533.0,601.0,True,True,True,0.002411837183082133,-1.3293948329810519,0.9956871696650731,68.0
v500_s1_p10,500,0.1,h3,4,1.3246844031745706,1.333585783558314,389.12917825000477,329.0470145419822,True,True,459.0,495.0,True,True,True,0.00890138038374344,-60.08216370802256,0.8455984103319504,36.0
v500_s1_p10,500,0.1,h4,0,1.34250802623662,1.3418807157410997,750.6569954159932,724.5939744999923,True,True,471.0,363.0,True,True,True,-0.000627310495520339,-26.063020916000823,0.9652797201982279,-108.0
v500_s1_p10,500,0.1,h4,1,1.335515398605491,1.3375118449486043,872.4002739999996,787.4302924160002,True,True,300.0,324.0,True,True,True,0.001996446343113245,-84.96998158399947,0.9026020691231471,24.0
v500_s1_p10,500,0.1,h4,2,1.3344839188195754,1.334145552437569,816.6277262499934,680.7709305409953,True,True,273.0,414.0,True,True,True,-0.00033836638200646085,-135.8567957089981,0.8336368073946483,141.0
v500_s1_p10,500,0.1,h4,3,1.3481897661740492,1.3410475972403788,717.0082312499871,712.1673877919966,True,True,394.0,338.0,True,True,True,-0.0071421689336703675,-4.840843457990559,0.9932485524614532,-56.0
v500_s1_p10,500,0.1,h4,4,1.3301025558749706,1.3312031884107223,809.1463015000045,808.2404299579794,True,True,328.0,362.0,True,True,True,0.0011006325357516555,-0.9058715420251247,0.9988804601339142,34.0
v500_s1_p10,500,0.1,h2+3,0,1.3238625687971126,1.3258327948060875,327.4398390839924,315.5858162499935,True,True,498.0,578.0,True,True,True,0.0019702260089748957,-11.854022833998897,0.9637978601896449,80.0
v500_s1_p10,500,0.1,h2+3,1,1.3289182564664568,1.329913823444185,522.9800778749923,375.33320529200137,True,True,426.0,494.0,True,True,True,0.0009955669777281795,-147.6468725829909,0.7176816501635788,68.0
v500_s1_p10,500,0.1,h2+3,2,1.3372899042584987,1.3330429236371946,338.70640179100155,313.1477894580021,True,True,505.0,524.0,True,True,True,-0.0042469806213041306,-25.558612332999473,0.9245405100173737,19.0
v500_s1_p10,500,0.1,h2+3,3,1.3251428352410892,1.3242544110077121,310.06706612498965,310.18126741601736,True,True,533.0,602.0,True,True,True,-0.0008884242333770942,0.1142012910277117,1.000368311579991,69.0
v500_s1_p10,500,0.1,h2+3,4,1.3234511800906152,1.3347163698230644,401.30478241702076,333.2424506669922,True,True,459.0,496.0,True,True,True,0.011265189732449166,-68.06233175002853,0.8303974068285567,37.0
v500_s1_p10,500,0.1,h2+3+4,0,1.344210105129475,1.3433915123180926,769.5329679160059,735.3443952500093,True,True,488.0,384.0,True,True,True,-0.0008185928113824126,-34.18857266599662,0.9555723093208291,-104.0
v500_s1_p10,500,0.1,h2+3+4,1,1.3313400065577312,1.338582684116051,1094.5684519579954,832.8877824169904,True,True,176.0,340.0,True,True,True,0.0072426775583198655,-261.68066954100505,0.7609279994568606,164.0
v500_s1_p10,500,0.1,h2+3+4,2,1.3356291985856437,1.340324958779833,813.2642066250119,690.6765603749955,True,True,296.0,432.0,True,True,True,0.004695760194189269,-122.5876462500164,0.8492646728438396,136.0
v500_s1_p10,500,0.1,h2+3+4,3,1.340862252338844,1.337170524065687,713.7571952499857,732.5880636659858,True,True,415.0,363.0,True,True,True,-0.0036917282731570022,18.830868416000158,1.0263827370726608,-52.0
v500_s1_p10,500,0.1,h2+3+4,4,1.3304887838139277,1.331565704867918,806.9611997500178,832.7546977910097,True,True,348.0,382.0,True,True,True,0.0010769210539902652,25.793498040991835,1.0319637400769481,34.0
v500_s1_p30,500,0.3,h2,0,1.3925554738874713,1.414957984247787,43.8055178749928,33.257480000000214,True,True,1035.0,958.0,True,True,True,0.02240251036031582,-10.548037874992588,0.7592075522290735,-77.0
v500_s1_p30,500,0.3,h2,1,1.412492829110746,1.432476555299348,42.324722834004206,32.32717566700012,True,True,1035.0,958.0,True,True,True,0.019983726188602002,-9.997547167004086,0.7637894238264938,-77.0
v500_s1_p30,500,0.3,h2,2,1.4117517662168406,1.4101523124609565,43.6428540830093,33.01517754200904,True,True,1035.0,958.0,True,True,True,-0.001599453755884106,-10.627676541000255,0.756485299499747,-77.0
v500_s1_p30,500,0.3,h2,3,1.4150085048981924,1.4189961038507926,43.41212316698511,32.60150800002157,True,True,1035.0,958.0,True,True,True,0.0039875989526001465,-10.810615166963544,0.7509770456197128,-77.0
v500_s1_p30,500,0.3,h2,4,1.3984512982251542,1.4186545500374177,43.04127508300007,32.4661518750072,True,True,1035.0,958.0,True,True,True,0.020203251812263456,-10.575123207992874,0.754302743410831,-77.0
v500_s1_p30,500,0.3,h3,0,1.420005539080378,1.4020302647598342,94.8916883750062,80.61363579198951,True,True,475.0,485.0,True,True,True,-0.01797527432054391,-14.278052583016688,0.8495331590413832,10.0
v500_s1_p30,500,0.3,h3,1,1.418391676881289,1.3888677735624886,93.25361900001008,80.78797691701038,True,True,476.0,477.0,True,True,True,-0.029523903318800393,-12.465642082999693,0.8663253800048409,1.0
v500_s1_p30,500,0.3,h3,2,1.3991404473370719,1.3961008439635243,116.48155133301043,84.64427649999561,True,True,422.0,452.0,True,True,True,-0.0030396033735475836,-31.837274833014817,0.7266753879161957,30.0
v500_s1_p30,500,0.3,h3,3,1.3981198706330176,1.3998316467198495,94.35585879100836,78.82331075001275,True,True,486.0,495.0,True,True,True,0.0017117760868319287,-15.532548040995607,0.8353833218200142,9.0
v500_s1_p30,500,0.3,h3,4,1.4079010043497466,1.399070686698529,90.48943895800039,82.39795258300728,True,True,508.0,487.0,True,True,True,-0.008830317651217667,-8.09148637499311,0.9105808758660922,-21.0
v500_s1_p30,500,0.3,h4,0,1.410299145311142,1.4065034238417216,221.4777083749941,216.24774458400498,True,True,379.0,302.0,True,True,True,-0.003795721469420421,-5.229963790989132,0.976386048829194,-77.0
v500_s1_p30,500,0.3,h4,1,1.3974652222583048,1.4250092087494886,171.8220757090021,206.05176712499815,True,True,483.0,351.0,True,True,True,0.027543986491183725,34.22969141599606,1.1992159114290266,-132.0
v500_s1_p30,500,0.3,h4,2,1.415539738626242,1.4303889248504962,223.28879633299948,217.75965279100637,True,True,390.0,314.0,True,True,True,0.01484918622425413,-5.529143541993108,0.975237702774181,-76.0
v500_s1_p30,500,0.3,h4,3,1.402505771532418,1.4140651763148238,215.84650570800295,214.3974788329797,True,True,376.0,329.0,True,True,True,0.011559404782405691,-1.4490268750232644,0.9932867716793919,-47.0
v500_s1_p30,500,0.3,h4,4,1.4185863626307134,1.4146322512635725,231.99205674999394,214.98314883298008,True,True,335.0,347.0,True,True,True,-0.003954111367140856,-17.008907917013858,0.9266832315067429,12.0
v500_s1_p30,500,0.3,h2+3,0,1.4204405863681726,1.3916540043289445,96.60796833300265,82.9476031249942,True,True,475.0,485.0,True,True,True,-0.028786582039228126,-13.660365208008443,0.8586000156744641,10.0
v500_s1_p30,500,0.3,h2+3,1,1.4289416521579223,1.3975180921326245,96.81536383299681,83.3156374579994,True,True,476.0,477.0,True,True,True,-0.03142356002529789,-13.499726374997408,0.8605621479842396,1.0
v500_s1_p30,500,0.3,h2+3,2,1.4036358903348642,1.3915296309593106,119.37922320900543,87.84590362499875,True,True,422.0,453.0,True,True,True,-0.012106259375553652,-31.533319584006676,0.7358558823188259,31.0
v500_s1_p30,500,0.3,h2+3,3,1.4021129157256096,1.408539646562582,95.96039337498951,80.2034570419928,True,True,486.0,496.0,True,True,True,0.006426730836972316,-15.756936332996702,0.835797501669022,10.0
v500_s1_p30,500,0.3,h2+3,4,1.4098390397917784,1.4036111634677662,91.62743137500365,83.28125,True,True,508.0,487.0,True,True,True,-0.006227876324012227,-8.346181375003653,0.9089117609240269,-21.0
v500_s1_p30,500,0.3,h2+3+4,0,1.4033839091532976,1.4141531452270528,228.85417108300317,221.27413508300378,True,True,384.0,310.0,True,True,True,0.01076923607375524,-7.580035999999382,0.9668783139755396,-74.0
v500_s1_p30,500,0.3,h2+3+4,1,1.416359405646316,1.4231468010961397,229.5223275419994,217.3137121250038,True,True,404.0,361.0,True,True,True,0.006787395449823652,-12.208615416995599,0.946808593535365,-43.0
v500_s1_p30,500,0.3,h2+3+4,2,1.4225242263940798,1.428833340068653,240.1021150410088,225.7989457090007,True,True,396.0,329.0,True,True,True,0.006309113674573208,-14.30316933200811,0.9404288074281846,-67.0
v500_s1_p30,500,0.3,h2+3+4,3,1.4011537993915584,1.4133978857584073,223.21719241701066,219.4178843749978,True,True,382.0,341.0,True,True,True,0.012244086366848927,-3.7993080420128535,0.9829793216155365,-41.0
v500_s1_p30,500,0.3,h2+3+4,4,1.416235174345744,1.4086835868406,238.85866437500226,216.15114170801826,True,True,341.0,357.0,True,True,True,-0.007551587505143953,-22.707522666984005,0.904933225987843,16.0
v500_s1_p50,500,0.5,h2,0,,1.9238417382930044,13.43024754099315,5.671056833001785,True,True,739.0,510.0,False,True,False,,-7.759190707991365,0.42226003770161463,-229.0
v500_s1_p50,500,0.5,h2,1,,1.8047573122522285,12.906194458002574,5.9749182910018135,True,True,739.0,510.0,False,True,False,,-6.93127616700076,0.4629496564959181,-229.0
v500_s1_p50,500,0.5,h2,2,,1.82426724222071,13.29413687500346,5.474717832999886,True,True,739.0,510.0,False,True,False,,-7.819419042003574,0.41181446260673177,-229.0
v500_s1_p50,500,0.5,h2,3,,1.8119485106945117,13.192834000015864,5.6102499999979045,True,True,739.0,510.0,False,True,False,,-7.58258400001796,0.42524979848841865,-229.0
v500_s1_p50,500,0.5,h2,4,,1.8838174232804914,13.129610707983375,5.582250042003579,True,True,739.0,510.0,False,True,False,,-7.547360665979795,0.42516493185965737,-229.0
v500_s1_p50,500,0.5,h3,0,1.6909349900751391,1.713791885137039,36.559284374990966,19.799654125003144,True,True,489.0,205.0,True,True,True,0.022856895061899918,-16.759630249987822,0.5415766326801367,-284.0
v500_s1_p50,500,0.5,h3,1,1.70728813748945,1.6405034628027184,36.91188037500251,20.64630575000774,True,True,486.0,192.0,True,True,True,-0.06678467468673155,-16.26557462499477,0.5593403950233282,-294.0
v500_s1_p50,500,0.5,h3,2,1.6208030657189185,1.6982702877837068,38.39412537499447,19.406913915998302,True,True,480.0,223.0,True,True,True,0.07746722206478829,-18.98721145899617,0.5054657119142956,-257.0
v500_s1_p50,500,0.5,h3,3,1.6466241102970187,1.6836666652346353,38.98858479197952,21.846952207997674,True,True,483.0,198.0,True,True,True,0.037042554937616545,-17.141632583981846,0.5603422726051829,-285.0
v500_s1_p50,500,0.5,h3,4,1.6505740161267133,1.692411738347278,31.54846033299691,19.446958207990974,True,True,390.0,200.0,True,True,True,0.04183772222056481,-12.101502125005936,0.61641544477057,-190.0
v500_s1_p50,500,0.5,h4,0,1.673678398109385,1.7320777715952513,41.61378104198957,23.883077749997028,True,True,368.0,315.0,True,True,True,0.058399373485866324,-17.73070329199254,0.57392231976946,-53.0
v500_s1_p50,500,0.5,h4,1,1.6648205964390954,1.730349961648931,36.08907874999568,25.440258542002994,True,True,458.0,277.0,True,True,True,0.06552936520983565,-10.648820207992685,0.7049295638228515,-181.0
v500_s1_p50,500,0.5,h4,2,1.6791130362660687,1.6960037354808049,39.06669429100293,30.27886745799333,True,True,431.0,260.0,True,True,True,0.016890699214736182,-8.787826833009603,0.7750557862011519,-171.0
v500_s1_p50,500,0.5,h4,3,1.6803146556978845,1.6797478514272763,37.965546625026036,25.1799283750006,True,True,456.0,307.0,True,True,True,-0.0005668042706081788,-12.785618250025436,0.6632310242677385,-149.0
v500_s1_p50,500,0.5,h4,4,1.7181710799174448,1.7197985789968853,38.32342824997613,23.953695250005694,True,True,368.0,298.0,True,True,True,0.0016274990794404864,-14.369732999970438,0.6250405129144627,-70.0
v500_s1_p50,500,0.5,h2+3,0,1.6847562474312758,1.7329168887141955,38.31166925000434,20.608050082999398,True,True,489.0,207.0,True,True,True,0.048160641282919636,-17.703619167004945,0.5379053036953503,-282.0
v500_s1_p50,500,0.5,h2+3,1,1.6968307681294057,1.6371293484500697,38.74422004100052,21.594022707999102,True,True,486.0,195.0,True,True,True,-0.059701419679335954,-17.150197333001415,0.5573482363342851,-291.0
v500_s1_p50,500,0.5,h2+3,2,1.6338857111150116,1.7226954635498124,40.04100900000776,20.39338220799982,True,True,480.0,224.0,True,True,True,0.08880975243480083,-19.64762679200794,0.5093123953993234,-256.0
v500_s1_p50,500,0.5,h2+3,3,1.6247197683079304,1.6881186981672276,40.87427224998828,22.777147625020007,True,True,483.0,200.0,True,True,True,0.06339892985929718,-18.097124624968274,0.5572490070456615,-283.0
v500_s1_p50,500,0.5,h2+3,4,1.6083410606468516,1.707303763181287,32.81898504198762,20.293060958996648,True,True,390.0,202.0,True,True,True,0.09896270253443551,-12.525924082990969,0.618332984186876,-188.0
v500_s1_p50,500,0.5,h2+3+4,0,1.6784360075770797,1.7271298538881688,45.47566245800408,26.60041620899574,True,True,370.0,320.0,True,True,True,0.048693846311089084,-18.87524624900834,0.5849374098411589,-50.0
v500_s1_p50,500,0.5,h2+3+4,1,1.675462704663927,1.7196215869577565,40.194080708999536,27.919994249998126,True,True,460.0,283.0,True,True,True,0.04415888229382947,-12.27408645900141,0.69462950159591,-177.0
v500_s1_p50,500,0.5,h2+3+4,2,,1.6793494146306187,42.503512249997584,33.01257770799566,True,True,432.0,266.0,False,True,False,,-9.490934542001924,0.7767023467101248,-166.0
v500_s1_p50,500,0.5,h2+3+4,3,1.7049750107414332,1.698950864510506,42.01756204201956,27.744494624988874,True,True,458.0,313.0,True,True,True,-0.006024146230927174,-14.273067417030688,0.6603071019980421,-145.0
v500_s1_p50,500,0.5,h2+3+4,4,1.6899485371474428,1.726761264811246,42.51142633400741,26.370250042004045,True,True,370.0,305.0,True,True,True,0.03681272766380328,-16.141176292003365,0.6203096982636153,-65.0
v500_s2_p0,500,0.0,h2,0,1.282321646334877,1.282321646334877,270.364862500006,270.9783094589948,True,True,1002.0,1002.0,True,True,True,0.0,0.6134469589887885,1.0022689596322405,0.0
v500_s2_p0,500,0.0,h2,1,1.2767683384759758,1.2767683384759758,265.90426262500114,269.70526699999755,True,True,963.0,963.0,True,True,True,0.0,3.8010043749964098,1.0142946349843096,0.0
v500_s2_p0,500,0.0,h2,2,1.2793385402292667,1.2793385402292667,270.5452579170087,274.41343945800327,True,True,1038.0,1038.0,True,True,True,0.0,3.8681815409945557,1.014297724420589,0.0
v500_s2_p0,500,0.0,h2,3,1.2880226492953868,1.2880226492953868,269.3549270420044,268.4421750830079,True,True,1037.0,1037.0,True,True,True,0.0,-0.9127519589965232,0.996611341143746,0.0
v500_s2_p0,500,0.0,h2,4,1.2856618385185266,1.2856618385185266,272.3018366670003,272.2865864170017,True,True,974.0,974.0,True,True,True,0.0,-0.015250249998643994,0.9999439950527499,0.0
v500_s2_p0,500,0.0,h3,0,1.3044313554966815,1.3044313554966815,473.57307412500086,468.7086554999987,True,True,601.0,601.0,True,True,True,0.0,-4.864418625002145,0.9897282618231834,0.0
v500_s2_p0,500,0.0,h3,1,1.2985840944634195,1.2985840944634195,444.64189545800036,457.4265480000031,True,True,616.0,616.0,True,True,True,0.0,12.784652542002732,1.0287526944100354,0.0
v500_s2_p0,500,0.0,h3,2,1.3145057016581514,1.3145057016581514,509.056412542006,520.7784056670062,True,True,578.0,578.0,True,True,True,0.0,11.721993125000154,1.0230269039662336,0.0
v500_s2_p0,500,0.0,h3,3,1.3186625556369702,1.3186625556369702,452.977413250017,452.4508120410028,True,True,588.0,588.0,True,True,True,0.0,-0.5266012090141885,0.99883746696058,0.0
v500_s2_p0,500,0.0,h3,4,1.3151897319120616,1.3151897319120616,553.5737177919946,554.4569774999982,True,True,564.0,564.0,True,True,True,0.0,0.8832597080036066,1.0015955593259134,0.0
v500_s2_p0,500,0.0,h4,0,1.313461252130878,1.313461252130878,1187.9667186250008,1183.5294316660002,True,True,450.0,450.0,True,True,True,0.0,-4.43728695900063,0.9962648053270916,0.0
v500_s2_p0,500,0.0,h4,1,1.3134457157745358,1.3134457157745358,1127.000427040999,1126.9031642079935,True,True,386.0,386.0,True,True,True,0.0,-0.09726283300551586,0.9999136976076745,0.0
v500_s2_p0,500,0.0,h4,2,1.3220376795443884,1.3220376795443884,1245.6787874169968,1229.2541327919898,True,True,361.0,361.0,True,True,True,0.0,-16.42465462500695,0.9868146950956236,0.0
v500_s2_p0,500,0.0,h4,3,1.3163031947573502,1.3163031947573502,1096.2668177500018,1095.8666523340216,True,True,458.0,458.0,True,True,True,0.0,-0.40016541598015465,0.9996349744336862,0.0
v500_s2_p0,500,0.0,h4,4,1.3181647861163448,1.3181647861163448,1190.2199318750063,1173.1252768750128,True,True,442.0,442.0,True,True,True,0.0,-17.09465499999351,0.9856373981461867,0.0
v500_s2_p0,500,0.0,h2+3,0,1.3067554365592569,1.3067554365592569,474.0766595000023,487.24271224999393,True,True,601.0,601.0,True,True,True,0.0,13.16605274999165,1.0277719910612717,0.0
v500_s2_p0,500,0.0,h2+3,1,1.302877548181793,1.302877548181793,465.57489774998976,454.3689089999971,True,True,616.0,616.0,True,True,True,0.0,-11.205988749992684,0.9759308570884115,0.0
v500_s2_p0,500,0.0,h2+3,2,1.3103279470814468,1.3103279470814468,511.79954237499624,510.3581755829946,True,True,578.0,578.0,True,True,True,0.0,-1.441366792001645,0.9971837278608867,0.0
v500_s2_p0,500,0.0,h2+3,3,1.318761671295295,1.318761671295295,459.60007337498246,459.5384694579989,True,True,588.0,588.0,True,True,True,0.0,-0.061603916983585805,0.9998659619078578,0.0
v500_s2_p0,500,0.0,h2+3,4,1.313235477849477,1.313235477849477,561.498851707991,559.4643890420266,True,True,564.0,564.0,True,True,True,0.0,-2.0344626659643836,0.9963767287149816,0.0
v500_s2_p0,500,0.0,h2+3+4,0,1.3181185770037045,1.3181185770037045,1214.614049166994,1209.0087988330051,True,True,450.0,450.0,True,True,True,0.0,-5.605250333988806,0.9953851593122663,0.0
v500_s2_p0,500,0.0,h2+3+4,1,1.3162670167625434,1.3162670167625434,1125.5100514590013,1131.2877480840107,True,True,386.0,386.0,True,True,True,0.0,5.777696625009412,1.0051334029558596,0.0
v500_s2_p0,500,0.0,h2+3+4,2,1.3229745320483894,1.3229745320483894,1257.4687815829966,1290.525307082993,True,True,361.0,361.0,True,True,True,0.0,33.056525499996496,1.0262881480511845,0.0
v500_s2_p0,500,0.0,h2+3+4,3,1.3181662608606735,1.3181662608606735,1103.087217042019,1117.5214777499787,True,True,458.0,458.0,True,True,True,0.0,14.434260707959766,1.0130853304117384,0.0
v500_s2_p0,500,0.0,h2+3+4,4,1.3159872073046024,1.3159872073046024,1164.1078067499911,1183.7453636669961,True,True,442.0,442.0,True,True,True,0.0,19.637556917004986,1.0168691909831187,0.0
v500_s2_p10,500,0.1,h2,0,1.3145884467854312,1.3158921112572466,189.52682891600125,185.96453129099973,True,True,999.0,973.0,True,True,True,0.0013036644718154022,-3.56229762500152,0.9812042566987688,-26.0
v500_s2_p10,500,0.1,h2,1,1.3087615544115525,1.3114042887702113,184.8213366669952,184.81745737500023,True,True,1025.0,1023.0,True,True,True,0.002642734358658805,-0.0038792919949628413,0.9999790105835997,-2.0
v500_s2_p10,500,0.1,h2,2,1.3194970786123004,1.3241364412425964,188.31411770799605,190.0303119159944,True,True,1024.0,995.0,True,True,True,0.004639362630296073,1.7161942079983419,1.0091134654633782,-29.0
v500_s2_p10,500,0.1,h2,3,1.304021201099743,1.3157150738713994,187.7228265000158,187.06635104201268,True,True,1061.0,997.0,True,True,True,0.011693872771656455,-0.6564754580031149,0.9965029534753832,-64.0
v500_s2_p10,500,0.1,h2,4,1.3208087913818336,1.3054821093297861,191.7616998750018,188.30506587499985,True,True,1058.0,1007.0,True,True,True,-0.015326682052047458,-3.456634000001941,0.9819743254140159,-51.0
v500_s2_p10,500,0.1,h3,0,1.339142275343766,1.3325713733221987,322.69138412500615,334.4771334590041,True,True,532.0,541.0,True,True,True,-0.006570902021567404,11.785749333997956,1.0365232848281822,9.0
v500_s2_p10,500,0.1,h3,1,1.3372569428072911,1.3400469057779454,553.4617684580007,293.1421182920021,True,True,401.0,538.0,True,True,True,0.0027899629706542584,-260.3196501659986,0.5296519741710888,137.0
v500_s2_p10,500,0.1,h3,2,1.3342531158893405,1.333136344629024,546.3583713749977,304.06825329200365,True,True,427.0,550.0,True,True,True,-0.001116771260316396,-242.290118082994,0.5565362758637111,123.0
v500_s2_p10,500,0.1,h3,3,1.3323273179343178,1.3276377381420266,529.7299827090173,293.36427954101237,True,True,421.0,564.0,True,True,True,-0.004689579792291232,-236.36570316800498,0.5537996509858844,143.0
v500_s2_p10,500,0.1,h3,4,1.3375106251581008,1.3403051245409183,374.47964341699844,367.17672108398983,True,True,504.0,494.0,True,True,True,0.0027944993828175058,-7.30292233300861,0.9804984797935291,-10.0
v500_s2_p10,500,0.1,h4,0,1.3374788151399908,1.3334168727404245,809.9646104999993,793.7967064159893,True,True,348.0,397.0,True,True,True,-0.004061942399566254,-16.167904084009933,0.9800387524659512,49.0
v500_s2_p10,500,0.1,h4,1,1.3456550771711657,1.3370108758370296,802.0446191670053,759.6348657080089,True,True,378.0,424.0,True,True,True,-0.008644201334136126,-42.40975345899642,0.947122949963753,46.0
v500_s2_p10,500,0.1,h4,2,1.3357437810469959,1.3337170169349393,739.388543042005,791.4092971250066,True,True,353.0,390.0,True,True,True,-0.0020267641120566005,52.02075408300152,1.0703564513847845,37.0
v500_s2_p10,500,0.1,h4,3,1.344559056213732,1.3420517290608915,738.3777719580103,730.725627583015,True,True,380.0,403.0,True,True,True,-0.0025073271528404106,-7.65214437499526,0.9896365455927749,23.0
v500_s2_p10,500,0.1,h4,4,1.3391001258989483,1.3371474383615645,716.5578216249996,736.8020264170191,True,True,364.0,372.0,True,True,True,-0.0019526875373838681,20.244204792019445,1.0282520184429917,8.0
v500_s2_p10,500,0.1,h2+3,0,1.3400882353012264,1.337021348185915,327.61288779099414,340.13735612499295,True,True,532.0,541.0,True,True,True,-0.003066887115311445,12.524468333998811,1.0382294738721909,9.0
v500_s2_p10,500,0.1,h2+3,1,1.3380393681641738,1.3253825422802203,548.6293103329954,293.0691508750024,True,True,401.0,539.0,True,True,True,-0.012656825883953449,-255.560159457993,0.5341842758949964,138.0
v500_s2_p10,500,0.1,h2+3,2,1.3399972956852608,1.3361805002785214,540.8142142500001,313.9051207500015,True,True,427.0,551.0,True,True,True,-0.003816795406739404,-226.90909349999856,0.580430603484275,124.0
v500_s2_p10,500,0.1,h2+3,3,1.3375835258156707,1.3273539001752728,552.1673045839998,303.56061474999296,True,True,421.0,566.0,True,True,True,-0.010229625640397977,-248.60668983400683,0.5497620236292224,145.0
v500_s2_p10,500,0.1,h2+3,4,1.3320561260055284,1.3474536751107726,375.1809064169938,360.5566856250225,True,True,504.0,495.0,True,True,True,0.015397549105244268,-14.624220791971311,0.9610208820815703,-9.0
v500_s2_p10,500,0.1,h2+3+4,0,1.3415480874063406,1.335271938538565,803.213316333,812.0271813750005,True,True,366.0,410.0,True,True,True,-0.0062761488677756105,8.813865042000543,1.0109732556255908,44.0
v500_s2_p10,500,0.1,h2+3+4,1,1.3430835915759387,1.3393237764856765,790.8125698340009,783.9529133750038,True,True,397.0,442.0,True,True,True,-0.003759815090262242,-6.859656458997051,0.991325812562088,45.0
v500_s2_p10,500,0.1,h2+3+4,2,1.33316375160752,1.335709442428602,756.1004547499906,808.492685707999,True,True,375.0,411.0,True,True,True,0.002545690821081914,52.39223095800844,1.0692926854214526,36.0
v500_s2_p10,500,0.1,h2+3+4,3,1.3326194338788802,1.3439625030842366,749.0519072500174,733.2323815420095,True,True,396.0,417.0,True,True,True,0.011343069205356437,-15.819525708007859,0.9788806015245515,21.0
v500_s2_p10,500,0.1,h2+3+4,4,1.3407393558184362,1.3382590613578123,742.5210167919868,749.6589326249959,True,True,381.0,389.0,True,True,True,-0.002480294460623922,7.137915833009174,1.0096130825546838,8.0
v500_s2_p30,500,0.3,h2,0,1.4277720477456193,1.41391758983001,85.60289433300204,76.38138700000127,True,True,779.0,808.0,True,True,True,-0.013854457915609242,-9.221507333000773,0.8922757530004958,29.0
v500_s2_p30,500,0.3,h2,1,1.41015380265518,1.420269084811239,96.7753380840004,82.34395524999127,True,True,899.0,782.0,True,True,True,0.010115282156058836,-14.431382834009128,0.8508774743676661,-117.0
v500_s2_p30,500,0.3,h2,2,1.4191275161156027,1.4088359934205246,81.94530741700146,82.18723320799472,True,True,792.0,852.0,True,True,True,-0.010291522695078159,0.24192579099326394,1.0029522836464833,60.0
v500_s2_p30,500,0.3,h2,3,1.4146756907728548,1.4123793650561354,92.05216841699439,83.1198765829904,True,True,897.0,852.0,True,True,True,-0.0022963257167194495,-8.93229183400399,0.9029648949328288,-45.0
v500_s2_p30,500,0.3,h2,4,1.4266261377599165,1.416441683691541,96.63177620799979,81.89999120801804,True,True,899.0,852.0,True,True,True,-0.010184454068375537,-14.731784999981755,0.8475471984673902,-47.0
v500_s2_p30,500,0.3,h3,0,1.4187237400371722,1.428548687050836,98.63131574999716,113.68408462499792,True,True,499.0,378.0,True,True,True,0.009824947013663765,15.052768875000766,1.152616527119595,-121.0
v500_s2_p30,500,0.3,h3,1,1.4173426391130683,1.432250448479477,115.52518812500057,91.03746770799626,True,True,449.0,439.0,True,True,True,0.014907809366408564,-24.48772041700431,0.7880313305310691,-10.0
v500_s2_p30,500,0.3,h3,2,1.4159806899445657,1.411330804297863,120.97888179100119,91.0730917089968,True,True,455.0,450.0,True,True,True,-0.004649885646702767,-29.905790082004387,0.752801566362065,-5.0
v500_s2_p30,500,0.3,h3,3,1.4049911208523294,1.433536708296801,83.54998908401467,92.61703087500064,True,True,566.0,446.0,True,True,True,0.028545587444471554,9.067041790985968,1.1085223575776713,-120.0
v500_s2_p30,500,0.3,h3,4,1.4094608071124053,1.4247633960610517,98.85369829199044,101.3415540829883,True,True,486.0,404.0,True,True,True,0.015302588948646445,2.4878557909978554,1.0251670482135056,-82.0
v500_s2_p30,500,0.3,h4,0,1.440097752937292,1.4194628819407886,196.46087058300327,210.72416349999548,True,True,428.0,380.0,True,True,True,-0.020634870996503407,14.263292916992214,1.0726011896143262,-48.0
v500_s2_p30,500,0.3,h4,1,1.4218053075119692,1.4345792708194676,286.1195402500016,232.08119400001306,True,True,237.0,318.0,True,True,True,0.01277396330749836,-54.038346249988535,0.81113367439787,81.0
v500_s2_p30,500,0.3,h4,2,1.4210697733675477,1.410393897145401,265.37426337499346,168.62155062500096,True,True,302.0,484.0,True,True,True,-0.010675876222146607,-96.7527127499925,0.6354103388945681,182.0
v500_s2_p30,500,0.3,h4,3,1.4304246811694943,1.4271258915021094,234.7227290830051,242.84026487500523,True,True,376.0,335.0,True,True,True,-0.0032987896673848383,8.117535792000126,1.0345835097594214,-41.0
v500_s2_p30,500,0.3,h4,4,1.4281394951272606,1.4136476568554506,240.49947549999342,209.75073545900523,True,True,341.0,455.0,True,True,True,-0.014491838271809998,-30.748740040988196,0.8721463322235435,114.0
v500_s2_p30,500,0.3,h2+3,0,1.4246802595617027,1.429579805290418,100.35403437500645,115.05180333300086,True,True,499.0,379.0,True,True,True,0.0048995457287153155,14.697768957994413,1.1464591737594851,-120.0
v500_s2_p30,500,0.3,h2+3,1,1.4192487513295229,1.4232900623359226,116.78362858299806,92.48976070899516,True,True,449.0,439.0,True,True,True,0.004041311006399706,-24.2938678740029,0.7919753978466488,-10.0
v500_s2_p30,500,0.3,h2+3,2,1.4224216600602748,1.4263106016023042,123.96952287500608,92.15138000001025,True,True,455.0,450.0,True,True,True,0.003888941542029345,-31.81814287499583,0.7433389906075795,-5.0
v500_s2_p30,500,0.3,h2+3,3,1.405882065914202,1.4295230789613562,86.26210320898099,94.2144210000115,True,True,566.0,447.0,True,True,True,0.02364101304715427,7.952317791030509,1.09218784953301,-119.0
v500_s2_p30,500,0.3,h2+3,4,1.4177748622089636,1.4345425787438486,98.1407507910044,103.92112308400101,True,True,486.0,404.0,True,True,True,0.016767716534884958,5.780372292996617,1.0588987983728209,-82.0
v500_s2_p30,500,0.3,h2+3+4,0,1.4370703439853487,1.4057629038152692,207.2464926669927,217.285298332994,True,True,444.0,395.0,True,True,True,-0.03130744017007947,10.03880566600128,1.0484389652959378,-49.0
v500_s2_p30,500,0.3,h2+3+4,1,1.4306226216925102,1.4428739266700272,290.9894110000023,242.05648624998867,True,True,257.0,339.0,True,True,True,0.01225130497751703,-48.932924750013626,0.8318395003383362,82.0
v500_s2_p30,500,0.3,h2+3+4,2,1.4226836445050037,1.4193630853838775,275.81967599999916,174.43978854200395,True,True,319.0,496.0,True,True,True,-0.0033205591211262764,-101.37988745799521,0.6324414235843149,177.0
v500_s2_p30,500,0.3,h2+3+4,3,1.4268589691916325,1.4309840167592887,247.73883291697712,244.46775708402856,True,True,388.0,353.0,True,True,True,0.004125047567656193,-3.2710758329485543,0.9867962733398168,-35.0
v500_s2_p30,500,0.3,h2+3+4,4,1.424136509027176,1.4191098188394393,252.4520913749875,220.5969812909898,True,True,355.0,473.0,True,True,True,-0.005026690187736715,-31.855110083997715,0.8738172066212724,118.0
v500_s2_p50,500,0.5,h2,0,,1.8836969434226822,14.173044915994979,6.191074707996449,True,True,742.0,523.0,False,True,False,,-7.981970207998529,0.436820368854509,-219.0
v500_s2_p50,500,0.5,h2,1,,1.8587188911178842,13.849632291006856,6.373242874993593,True,True,742.0,523.0,False,True,False,,-7.476389416013262,0.4601741577739942,-219.0
v500_s2_p50,500,0.5,h2,2,,1.9467425012635864,13.939031125002657,6.3493430000089575,True,True,742.0,523.0,False,True,False,,-7.5896881249937,0.45550820161525013,-219.0
v500_s2_p50,500,0.5,h2,3,2.049047100102124,1.836670147889366,14.646458333998453,6.534980583994184,True,True,742.0,523.0,True,True,True,-0.21237695221275832,-8.11147775000427,0.4461816252755588,-219.0
v500_s2_p50,500,0.5,h2,4,,1.8554919223249433,13.852723165997304,6.347837040986633,True,True,742.0,523.0,False,True,False,,-7.504886125010671,0.45823748622710825,-219.0
v500_s2_p50,500,0.5,h3,0,1.733226542698883,1.682961645354204,28.7277003749914,18.43110566699761,True,True,387.0,319.0,True,True,True,-0.050264897344679094,-10.29659470799379,0.6415795704637263,-68.0
v500_s2_p50,500,0.5,h3,1,1.6943678317966924,1.7097910059638255,29.82698920799885,16.93003874999704,True,True,377.0,303.0,True,True,True,0.015423174167133125,-12.896950458001811,0.5676080355256516,-74.0
v500_s2_p50,500,0.5,h3,2,1.6961749274107336,1.7013354425692242,31.84780945799139,19.036834500002442,True,True,410.0,314.0,True,True,True,0.005160515158490586,-12.810974957988947,0.5977439209787044,-96.0
v500_s2_p50,500,0.5,h3,3,1.7073650569354952,1.7446216584516971,34.97569725001813,20.840131125005428,True,True,414.0,291.0,True,True,True,0.037256601516201915,-14.135566125012701,0.5958460520753343,-123.0
v500_s2_p50,500,0.5,h3,4,1.7531595279557106,1.709341077055611,28.884013750008307,17.29455470800167,True,True,375.0,287.0,True,True,True,-0.043818450900099615,-11.589459042006638,0.5987587063794655,-88.0
v500_s2_p50,500,0.5,h2+3,0,1.7469773283494194,1.7058330008250746,30.366781707998598,19.486009416999877,True,True,387.0,319.0,True,True,True,-0.041144327524344826,-10.88077229099872,0.6416883291872603,-68.0
v500_s2_p50,500,0.5,h2+3,1,1.700270349284941,1.7203519200280708,31.415570166995167,17.97169529099483,True,True,377.0,303.0,True,True,True,0.020081570743129884,-13.443874876000336,0.572063317503487,-74.0
v500_s2_p50,500,0.5,h2+3,2,1.6927763676939098,1.7244324169386815,33.1967474159901,20.138953250003397,True,True,410.0,315.0,True,True,True,0.03165604924477172,-13.057794165986707,0.6066544109771107,-95.0
v500_s2_p50,500,0.5,h2+3,3,1.712903528376603,1.7313429049470601,36.45157083400409,21.651815291988896,True,True,414.0,293.0,True,True,True,0.018439376570457133,-14.799755542015191,0.5939885386719976,-121.0
v500_s2_p50,500,0.5,h2+3,4,1.7443706022405707,1.7153278531324947,30.59040108299814,18.33310945800622,True,True,375.0,288.0,True,True,True,-0.029042749108076027,-12.257291624991922,0.5993092214863306,-87.0
v500_s3_p0,500,0.0,h2,0,1.2872093578550818,1.2872093578550818,267.67310783399444,278.8350892919989,True,True,1086.0,1086.0,True,True,True,0.0,11.161981458004448,1.041700048048633,0.0
v500_s3_p0,500,0.0,h2,1,1.267622922997414,1.267622922997414,257.1297295409895,260.19537500001024,True,True,1050.0,1050.0,True,True,True,0.0,3.065645459020743,1.0119225632309936,0.0
v500_s3_p0,500,0.0,h2,2,1.2672385466690106,1.2672385466690106,271.2007512499986,264.2791006250045,True,True,1114.0,1114.0,True,True,True,0.0,-6.921650624994072,0.9744777601349137,0.0
v500_s3_p0,500,0.0,h2,3,1.2891817958379426,1.2891817958379426,260.6736032089975,266.5779304159805,True,True,1072.0,1072.0,True,True,True,0.0,5.904327206982998,1.0226502688968055,0.0
v500_s3_p0,500,0.0,h2,4,1.278085956456939,1.278085956456939,265.7694854160072,266.76254137500655,True,True,1064.0,1064.0,True,True,True,0.0,0.9930559589993209,1.003736531142561,0.0
v500_s3_p0,500,0.0,h3,0,1.29672866882131,1.29672866882131,456.18410949999816,454.1374641250004,True,True,600.0,600.0,True,True,True,0.0,-2.046645374997752,0.9955135539963438,0.0
v500_s3_p0,500,0.0,h3,1,1.3004488933251113,1.3004488933251113,446.93865733299754,451.39403574999596,True,True,624.0,624.0,True,True,True,0.0,4.455378416998428,1.009968657541473,0.0
v500_s3_p0,500,0.0,h3,2,1.298830430013763,1.298830430013763,462.8926344579959,453.3682066670008,True,True,588.0,588.0,True,True,True,0.0,-9.524427790995105,0.9794241102968784,0.0
v500_s3_p0,500,0.0,h3,3,1.3089769866635017,1.3089769866635017,501.0655370830209,492.2882835000055,True,True,591.0,591.0,True,True,True,0.0,-8.777253583015408,0.9824828232368311,0.0
v500_s3_p0,500,0.0,h3,4,1.3028985157801105,1.3028985157801105,491.6710587500129,492.70660645799944,True,True,545.0,545.0,True,True,True,0.0,1.0355477079865523,1.0021061799134958,0.0
v500_s3_p0,500,0.0,h4,0,1.3166084810430567,1.3166084810430567,1227.7849784170103,1215.4487885000126,True,True,307.0,307.0,True,True,True,0.0,-12.336189916997682,0.9899524834284071,0.0
v500_s3_p0,500,0.0,h4,1,1.3079971006566244,1.3079971006566244,1258.5820945000014,1247.534463707998,True,True,291.0,291.0,True,True,True,0.0,-11.047630792003474,0.9912221611603395,0.0
v500_s3_p0,500,0.0,h4,2,1.3231347918787302,1.3231347918787302,1365.1681252080016,1342.4643968750024,True,True,271.0,271.0,True,True,True,0.0,-22.703728332999162,0.9833692803737708,0.0
v500_s3_p0,500,0.0,h4,3,1.3206962133619498,1.3206962133619498,1126.2615909999877,1116.663756583992,True,True,401.0,401.0,True,True,True,0.0,-9.597834415995749,0.9914781481560834,0.0
v500_s3_p0,500,0.0,h4,4,1.31834792392593,1.31834792392593,1269.9881621660024,1251.7735041250126,True,True,268.0,268.0,True,True,True,0.0,-18.21465804098989,0.9856576158868093,0.0
v500_s3_p0,500,0.0,h2+3,0,1.3018303492216892,1.3018303492216892,458.77346083399607,456.8767815420142,True,True,600.0,600.0,True,True,True,0.0,-1.8966792919818545,0.9958657606555229,0.0
v500_s3_p0,500,0.0,h2+3,1,1.2951472894791882,1.2951472894791882,435.8202232920012,446.80475241599197,True,True,624.0,624.0,True,True,True,0.0,10.984529123990797,1.0252042666607306,0.0
v500_s3_p0,500,0.0,h2+3,2,1.2976745311475575,1.2976745311475575,457.0832612089871,459.744211333993,True,True,588.0,588.0,True,True,True,0.0,2.660950125005911,1.0058215873361183,0.0
v500_s3_p0,500,0.0,h2+3,3,1.3077362387785838,1.3077362387785838,494.16753083400545,493.0421747920045,True,True,591.0,591.0,True,True,True,0.0,-1.1253560420009308,0.9977227236275485,0.0
v500_s3_p0,500,0.0,h2+3,4,1.2986227559354706,1.2986227559354706,511.65120116600883,494.2359315420035,True,True,545.0,545.0,True,True,True,0.0,-17.415269624005305,0.9659626136236612,0.0
v500_s3_p0,500,0.0,h2+3+4,0,1.3202301351571422,1.3202301351571422,1237.1394045410125,1236.9058842909872,True,True,307.0,307.0,True,True,True,0.0,-0.23352025002532173,0.9998112417653434,0.0
v500_s3_p0,500,0.0,h2+3+4,1,1.3058719851798033,1.3058719851798033,1242.3239849170059,1249.242632333,True,True,291.0,291.0,True,True,True,0.0,6.918647415994201,1.0055691168326404,0.0
v500_s3_p0,500,0.0,h2+3+4,2,1.3248232006476461,1.3248232006476461,1382.560142000002,1368.6217207079899,True,True,271.0,271.0,True,True,True,0.0,-13.938421292012208,0.9899183978558438,0.0
v500_s3_p0,500,0.0,h2+3+4,3,1.3184535728194726,1.3184535728194726,1129.7631698750192,1117.7868225410057,True,True,401.0,401.0,True,True,True,0.0,-11.976347334013553,0.9893992407848289,0.0
v500_s3_p0,500,0.0,h2+3+4,4,1.320738972450983,1.320738972450983,1269.5710075829993,1270.9688264580036,True,True,268.0,268.0,True,True,True,0.0,1.3978188750043046,1.001101016695132,0.0
v500_s3_p10,500,0.1,h2,0,1.3006521996671598,1.2949388146200183,189.28320095800154,193.33028920799552,True,True,1107.0,1131.0,True,True,True,-0.005713385047141584,4.047088249993976,1.0213811274825808,24.0
v500_s3_p10,500,0.1,h2,1,1.3052819168706113,1.3102654240790639,187.82049116700364,184.99486374999105,True,True,1145.0,1131.0,True,True,True,0.004983507208452531,-2.8256274170125835,0.9849557021203819,-14.0
v500_s3_p10,500,0.1,h2,2,1.3045806793054058,1.2986000753179472,193.130933834007,190.87355683399073,True,True,1145.0,1131.0,True,True,True,-0.005980603987458588,-2.2573770000162767,0.9883116756326749,-14.0
v500_s3_p10,500,0.1,h2,3,1.3109399326994753,1.304537052184526,187.90959000002476,190.84437404200435,True,True,1122.0,1136.0,True,True,True,-0.006402880514949194,2.934784041979583,1.0156180642083206,14.0
v500_s3_p10,500,0.1,h2,4,1.3080037216735703,1.306864970267203,189.85101720801322,187.3932664580061,True,True,1117.0,1118.0,True,True,True,-0.001138751406367211,-2.457750750007108,0.9870543187697844,1.0
v500_s3_p10,500,0.1,h3,0,1.3212299739276214,1.3347693076550027,259.36065229101223,355.8358843330061,True,True,609.0,502.0,True,True,True,0.013539333727381253,96.47523204199388,1.3719732780967295,-107.0
v500_s3_p10,500,0.1,h3,1,1.3225689573200217,1.3306526015357731,237.0009815839876,238.52554470799805,True,True,632.0,595.0,True,True,True,0.008083644215751473,1.5245631240104558,1.0064327291550486,-37.0
v500_s3_p10,500,0.1,h3,2,1.3411652344196738,1.3289494322195592,286.5821787080058,348.48351379101223,True,True,598.0,514.0,True,True,True,-0.012215802200114645,61.901335083006416,1.215998550091549,-84.0
v500_s3_p10,500,0.1,h3,3,1.3227240944547023,1.3373674405155207,289.87863237501006,308.14050804200815,True,True,577.0,544.0,True,True,True,0.014643346060818407,18.261875666998094,1.062998350438514,-33.0
v500_s3_p10,500,0.1,h3,4,1.3224213529799715,1.3314836853569059,350.8385786250001,324.7283767500194,True,True,504.0,549.0,True,True,True,0.009062332376934323,-26.110201874980703,0.9255777344176022,45.0
v500_s3_p10,500,0.1,h4,0,1.3363125044090662,1.3304470618938244,743.6568864169967,766.7794812920038,True,True,352.0,397.0,True,True,True,-0.005865442515241792,23.122594875007053,1.0310930958851383,45.0
v500_s3_p10,500,0.1,h4,1,1.3418922480706592,1.3340449610525196,795.4286777090019,687.1365641669981,True,True,329.0,455.0,True,True,True,-0.007847287018139637,-108.29211354200379,0.8638569156773335,126.0
v500_s3_p10,500,0.1,h4,2,1.3408305018287223,1.3387015798276696,839.7043017090036,844.1532802500005,True,True,291.0,308.0,True,True,True,-0.0021289220010527465,4.4489785409969045,1.005298268130748,17.0
v500_s3_p10,500,0.1,h4,3,1.3421672013081414,1.330019381427316,648.4350122500036,730.1084689169948,True,True,448.0,344.0,True,True,True,-0.012147819880825361,81.67345666699111,1.1259547296553165,-104.0
v500_s3_p10,500,0.1,h4,4,1.3449852531988133,1.3361649510200584,879.720039125008,836.2680209579994,True,True,331.0,298.0,True,True,True,-0.008820302178754957,-43.452018167008646,0.9506069928676092,-33.0
v500_s3_p10,500,0.1,h2+3,0,1.325663680477725,1.334613934395209,258.7268089160061,359.7334202919883,True,True,609.0,502.0,True,True,True,0.008950253917483941,101.00661137598217,1.3903987058750191,-107.0
v500_s3_p10,500,0.1,h2+3,1,1.319273307422293,1.3250416863248837,240.07879666698864,243.32582962499873,True,True,632.0,595.0,True,True,True,0.005768378902590632,3.247032958010095,1.0135248635160148,-37.0
v500_s3_p10,500,0.1,h2+3,2,1.3409018531142225,1.3316161143019993,289.54627070899005,368.9733942919993,True,True,598.0,514.0,True,True,True,-0.009285738812223165,79.42712358300923,1.2743158231274125,-84.0
v500_s3_p10,500,0.1,h2+3,3,1.327097683261585,1.3344650095705821,293.63348154199775,314.10622279101517,True,True,577.0,544.0,True,True,True,0.0073673263089970575,20.472741249017417,1.0697220941614223,-33.0
v500_s3_p10,500,0.1,h2+3,4,1.321647021924092,1.3311461492133476,358.5909508340119,331.58183258300414,True,True,504.0,549.0,True,True,True,0.009499127289255727,-27.00911825100775,0.9246798666051392,45.0
v500_s3_p10,500,0.1,h2+3+4,0,1.3341871674629522,1.3353352507855631,770.4838649170124,768.2127396249998,True,True,376.0,419.0,True,True,True,0.00114808332261096,-2.2711252920125844,0.9970523389321628,43.0
v500_s3_p10,500,0.1,h2+3+4,1,1.3429735350987164,1.3294144898507778,913.068551999997,708.3103130829986,True,True,187.0,481.0,True,True,True,-0.013559045247938606,-204.75823891699838,0.7757471347923512,294.0
v500_s3_p10,500,0.1,h2+3+4,2,1.333363747151681,1.339049082198552,838.1112982920022,824.8718160840072,True,True,318.0,337.0,True,True,True,0.005685335046870854,-13.239482207995025,0.9842031932572965,19.0
v500_s3_p10,500,0.1,h2+3+4,3,1.3451960153307712,1.3287109659633243,658.5385572079977,737.5814055420051,True,True,464.0,373.0,True,True,True,-0.01648504936744688,79.04284833400743,1.1200276695553333,-91.0
v500_s3_p10,500,0.1,h2+3+4,4,1.3381007929863573,1.3274132491857606,881.8805150839908,770.4674863340042,True,True,353.0,438.0,True,True,True,-0.010687543800596666,-111.41302874998655,0.873664258542581,85.0
v500_s3_p30,500,0.3,h2,0,1.4424783974122464,1.4444368181152956,40.47625033301301,32.136247000002186,True,True,1034.0,963.0,True,True,True,0.0019584207030491907,-8.340003333010827,0.7939531635367765,-71.0
v500_s3_p30,500,0.3,h2,1,1.4457894833630722,1.4448988217151133,39.207151583003,31.681857541989302,True,True,1034.0,963.0,True,True,True,-0.0008906616479589236,-7.525294041013694,0.808063229865542,-71.0
v500_s3_p30,500,0.3,h2,2,1.4324366080177227,1.441008984495744,40.244570750001,31.628360999995493,True,True,1034.0,963.0,True,True,True,0.008572376478021448,-8.61620975000551,0.7859037979674489,-71.0
v500_s3_p30,500,0.3,h2,3,1.4341190008890172,1.4644524939304189,38.70781687498675,31.435617375012953,True,True,1034.0,963.0,True,True,True,0.03033349304140165,-7.2721994999737944,0.812125816254103,-71.0
v500_s3_p30,500,0.3,h2,4,1.4340006892330062,1.4368444987341384,39.770129166019615,31.464160208008252,True,True,1034.0,963.0,True,True,True,0.0028438095011322773,-8.305968958011363,0.7911505662116847,-71.0
v500_s3_p30,500,0.3,h3,0,1.423511740146728,1.4044190061452235,94.81252933299402,128.32729195800493,True,True,528.0,358.0,True,True,True,-0.019092734001504574,33.51476262501092,1.3534845326961238,-170.0
v500_s3_p30,500,0.3,h3,1,1.417256071335701,1.4138404455628812,81.63415562501177,109.74436762499681,True,True,577.0,390.0,True,True,True,-0.0034156257728197303,28.11021199998504,1.3443437588686518,-187.0
v500_s3_p30,500,0.3,h3,2,1.4195624295253615,1.4010732929577752,93.35139854199952,111.30665833299281,True,True,552.0,371.0,True,True,True,-0.01848913656758633,17.955259790993296,1.1923405548435901,-181.0
v500_s3_p30,500,0.3,h3,3,1.4130052102962225,1.4355161404598134,83.35605162498541,102.7320951250149,True,True,579.0,407.0,True,True,True,0.022510930163590848,19.376043500029482,1.2324491518288474,-172.0
v500_s3_p30,500,0.3,h3,4,1.423299837693627,1.4141485067816677,94.70818679101649,107.07314049999695,True,True,522.0,397.0,True,True,True,-0.009151330911959299,12.364953708980465,1.1305584461907716,-125.0
v500_s3_p30,500,0.3,h4,0,1.4088974842673678,1.424076992029302,226.2278492500045,267.5945654579991,True,True,478.0,232.0,True,True,True,0.015179507761934108,41.366716207994614,1.1828542168664664,-246.0
v500_s3_p30,500,0.3,h4,1,1.4082011047465837,1.4284048120510595,246.38876329200866,255.12004820800212,True,True,363.0,265.0,True,True,True,0.02020370730447585,8.731284915993456,1.0354370256148635,-98.0
v500_s3_p30,500,0.3,h4,2,1.4231432931380261,1.410998731140178,195.609329333005,232.482939834008,True,True,516.0,330.0,True,True,True,-0.012144561997848191,36.873610501002986,1.188506400112591,-186.0
v500_s3_p30,500,0.3,h4,3,1.4095354671706906,1.4312480106093388,248.81132391598658,254.64543208299438,True,True,338.0,237.0,True,True,True,0.021712543438648257,5.834108167007798,1.023447920597769,-101.0
v500_s3_p30,500,0.3,h4,4,1.3961414518924402,1.4292439732466051,233.48759504201007,261.46978066599695,True,True,396.0,225.0,True,True,True,0.033102521354164915,27.98218562398688,1.1198444209378755,-171.0
v500_s3_p30,500,0.3,h2+3,0,1.4197229791385395,1.4029659049599599,98.36015041600331,130.54156704200432,True,True,528.0,362.0,True,True,True,-0.016757074178579634,32.18141662600101,1.3271794165614152,-166.0
v500_s3_p30,500,0.3,h2+3,1,1.4118805622239605,1.3990260460141017,82.95840745800524,111.02714137500152,True,True,577.0,393.0,True,True,True,-0.01285451620985878,28.06873391699628,1.3383470678508997,-184.0
v500_s3_p30,500,0.3,h2+3,2,1.4194123533283372,1.4079797893573451,92.75667587500357,112.78918095800327,True,True,552.0,374.0,True,True,True,-0.011432563970992016,20.032505082999705,1.2159683375242443,-178.0
v500_s3_p30,500,0.3,h2+3,3,1.4042037182044407,1.4376660506331544,84.51368087498122,104.8967772909964,True,True,579.0,412.0,True,True,True,0.03346233242871377,20.383096416015178,1.2411810277932083,-167.0
v500_s3_p30,500,0.3,h2+3,4,1.4148859478293492,1.4182535852198852,96.72201816699817,107.64402574999258,True,True,522.0,401.0,True,True,True,0.003367637390536027,10.92200758299441,1.1129216262230666,-121.0
v500_s3_p30,500,0.3,h2+3+4,0,1.4073851733536642,1.424272529627212,230.4397310839995,281.6861264170002,True,True,483.0,260.0,True,True,True,0.01688735627354787,51.24639533300069,1.2223852418675165,-223.0
v500_s3_p30,500,0.3,h2+3+4,1,1.412503800509411,1.4330397863292845,255.13152058400738,264.0783361250069,True,True,377.0,284.0,True,True,True,0.02053598581987348,8.946815540999523,1.0350674645003481,-93.0
v500_s3_p30,500,0.3,h2+3+4,2,1.422998807971586,1.4334080080787264,200.3226777910022,237.11662370800332,True,True,521.0,324.0,True,True,True,0.010409200107140304,36.79394591700111,1.183673392961472,-197.0
v500_s3_p30,500,0.3,h2+3+4,3,1.4082630918337942,1.4216092422376174,256.47581091700704,261.4340844590042,True,True,356.0,255.0,True,True,True,0.013346150403823254,4.958273541997187,1.0193323242619619,-101.0
v500_s3_p30,500,0.3,h2+3+4,4,1.3937304114205833,1.4345398215024228,239.4387972499826,270.4196035419882,True,True,406.0,251.0,True,True,True,0.04080941008183947,30.980806292005582,1.129389249561175,-155.0
v500_s3_p50,500,0.5,h2,0,,1.93946560891521,14.062490958007402,6.024137874992448,True,True,739.0,509.0,False,True,False,,-8.038353083014954,0.4283834132218382,-230.0
v500_s3_p50,500,0.5,h2,1,,1.8803413718696202,14.04992754200066,6.192159041995183,True,True,739.0,509.0,False,True,False,,-7.857768500005477,0.4407253363751826,-230.0
v500_s3_p50,500,0.5,h2,2,1.9490047616123227,1.8347091885825682,14.675886833007098,6.211800917008077,True,True,739.0,509.0,True,True,True,-0.11429557302975457,-8.464085915999021,0.42326579563405337,-230.0
v500_s3_p50,500,0.5,h2,3,,1.8729059201379932,14.058019499992952,6.260990207985742,True,True,739.0,509.0,False,True,False,,-7.79702929200721,0.44536787048765164,-230.0
v500_s3_p50,500,0.5,h2,4,,1.932054850520476,13.949329082999611,5.777894832979655,True,True,739.0,509.0,False,True,False,,-8.171434250019956,0.41420593052187127,-230.0
v500_s3_p50,500,0.5,h3,0,1.6836197209859987,1.8046767946735012,47.70927649999794,18.40753433300415,True,True,436.0,333.0,True,True,True,0.12105707368750251,-29.30174216699379,0.38582715319535277,-103.0
v500_s3_p50,500,0.5,h3,1,1.7105987347148806,1.757693375623628,35.82107808400178,19.05233441699238,True,True,417.0,307.0,True,True,True,0.047094640908747376,-16.768743667009403,0.53187495843408,-110.0
v500_s3_p50,500,0.5,h3,2,1.6261193711412973,1.8198410021084608,35.67715416599822,18.691139166010544,True,True,357.0,334.0,True,True,True,0.19372163096716344,-16.986014999987674,0.5238965832040483,-23.0
v500_s3_p50,500,0.5,h3,3,1.68275584200291,1.7303714242106443,36.60144237501663,19.26492670798325,True,True,381.0,334.0,True,True,True,0.04761558220773421,-17.33651566703338,0.5263433749576241,-47.0
v500_s3_p50,500,0.5,h3,4,1.7272388774130578,1.6468696103489244,36.93934933299897,17.173214750015177,True,True,357.0,273.0,True,True,True,-0.08036926706413339,-19.766134582983796,0.4649030115610037,-84.0
v500_s3_p50,500,0.5,h4,0,1.6725640098133054,1.682525211976864,39.62415541699738,24.626938125002198,True,True,295.0,264.0,True,True,True,0.009961202163558669,-14.997217291995184,0.6215132629536906,-31.0
v500_s3_p50,500,0.5,h4,1,1.6598318501077682,1.728629708586645,33.37647733298945,26.973322417004965,True,True,474.0,251.0,True,True,True,0.06879785847887687,-6.403154915984487,0.8081536630693024,-223.0
v500_s3_p50,500,0.5,h4,2,1.6718618753364938,1.7400010997642084,39.303890082999715,22.274045000012848,True,True,299.0,365.0,True,True,True,0.06813922442771458,-17.029845082986867,0.5667134971366903,66.0
v500_s3_p50,500,0.5,h4,3,1.7470744221939092,1.7386424026167053,36.42328849999467,22.268936457985546,True,True,421.0,302.0,True,True,True,-0.008432019577203853,-14.154352042009123,0.6113928032058062,-119.0
v500_s3_p50,500,0.5,h4,4,1.7920582093100519,1.704738538356194,33.655211125005735,27.252446166006848,True,True,456.0,270.0,True,True,True,-0.08731967095385795,-6.402764958998887,0.8097541288563883,-186.0
v500_s3_p50,500,0.5,h2+3,0,1.6644211944964298,1.7972598413814829,49.40051908300666,19.3879918330058,True,True,436.0,333.0,True,True,True,0.1328386468850531,-30.012527250000858,0.39246534637477315,-103.0
v500_s3_p50,500,0.5,h2+3,1,1.692897348040831,1.7767024877832445,37.26809758300078,19.83662370899401,True,True,417.0,308.0,True,True,True,0.08380513974241355,-17.43147387400677,0.5322682131765737,-109.0
v500_s3_p50,500,0.5,h2+3,2,1.6580738668475212,1.8068758431755034,37.41130262501247,19.854028375004418,True,True,357.0,334.0,True,True,True,0.1488019763279822,-17.55727425000805,0.5306959924386702,-23.0
v500_s3_p50,500,0.5,h2+3,3,1.6716262523426575,1.7548042040985448,38.37280295800883,20.301553541998146,True,True,381.0,334.0,True,True,True,0.08317795175588727,-18.071249416010687,0.5290610009441853,-47.0
v500_s3_p50,500,0.5,h2+3,4,1.6848302363775502,1.6426506979774407,38.335486833006144,18.07916604098864,True,True,357.0,274.0,True,True,True,-0.04217953840010957,-20.256320792017505,0.4716039245762966,-83.0
v500_s3_p50,500,0.5,h2+3+4,0,1.6859673529905086,,43.43876212500618,26.83384350000415,True,True,296.0,268.0,True,False,False,,-16.60491862500203,0.6177395990885487,-28.0
v500_s3_p50,500,0.5,h2+3+4,1,1.6688725709891077,1.7064469928693846,36.45564341600402,29.046920625012717,True,True,475.0,255.0,True,True,True,0.03757442188027693,-7.408722790991305,0.7967743236225842,-220.0
v500_s3_p50,500,0.5,h2+3+4,2,1.6873084834893979,1.732380955912117,42.90581187501084,25.052921499998774,True,True,300.0,304.0,True,True,True,0.04507247242271917,-17.852890375012066,0.5839050796423706,4.0
v500_s3_p50,500,0.5,h2+3+4,3,1.7172483276149848,1.7353009125612744,40.25200712500373,24.82216308300849,True,True,422.0,304.0,True,True,True,0.018052584946289585,-15.429844041995239,0.61666895282818,-118.0
v500_s3_p50,500,0.5,h2+3+4,4,1.7700675381503679,1.7074468012520216,37.311988292000024,29.88864275001106,True,True,456.0,275.0,True,True,True,-0.06262073689834624,-7.423345541988965,0.8010466372390939,-181.0
v500_s4_p0,500,0.0,h2,0,1.2800942332947534,1.2800942332947534,271.26486924999335,269.30988333300047,True,True,1061.0,1061.0,True,True,True,0.0,-1.9549859169928823,0.9927930737127955,0.0
v500_s4_p0,500,0.0,h2,1,1.2942618471048626,1.2942618471048626,272.42270008299965,271.7345295839914,True,True,1043.0,1043.0,True,True,True,0.0,-0.6881704990082653,0.9974738870923804,0.0
v500_s4_p0,500,0.0,h2,2,1.2813598621604072,1.2813598621604072,270.50867016600387,274.501700000008,True,True,1073.0,1073.0,True,True,True,0.0,3.993029834004119,1.0147611898411748,0.0
v500_s4_p0,500,0.0,h2,3,1.2971471844517592,1.2971471844517592,269.03545945801307,270.4533607090125,True,True,1075.0,1075.0,True,True,True,0.0,1.4179012509994209,1.005270313637674,0.0
v500_s4_p0,500,0.0,h2,4,1.279334148923584,1.279334148923584,269.85156525002094,268.1398223750002,True,True,1069.0,1069.0,True,True,True,0.0,-1.7117428750207182,0.993656724305324,0.0
v500_s4_p0,500,0.0,h3,0,1.3092003751932852,1.3092003751932852,466.415351165997,471.3983788330079,True,True,600.0,600.0,True,True,True,0.0,4.9830276670109015,1.0106836699404378,0.0
v500_s4_p0,500,0.0,h3,1,1.302783947215778,1.302783947215778,512.0261365839979,511.95324633299606,True,True,570.0,570.0,True,True,True,0.0,-0.07289025100180879,0.9998576434955292,0.0
v500_s4_p0,500,0.0,h3,2,1.313042049634373,1.313042049634373,549.8845803330041,534.3710195000021,True,True,542.0,542.0,True,True,True,0.0,-15.513560833001975,0.9717876052759887,0.0
v500_s4_p0,500,0.0,h3,3,1.3039238930081423,1.3039238930081423,462.12478708298295,453.83327875001123,True,True,650.0,650.0,True,True,True,0.0,-8.291508332971716,0.9820578584730127,0.0
v500_s4_p0,500,0.0,h3,4,1.304761069497896,1.304761069497896,529.1241625419934,528.9308282909915,True,True,539.0,539.0,True,True,True,0.0,-0.1933342510019429,0.9996346145863513,0.0
v500_s4_p0,500,0.0,h4,0,1.3150947580147903,1.3150947580147903,1210.0500621669926,1224.514543415993,True,True,387.0,387.0,True,True,True,0.0,14.464481249000528,1.0119536221692325,0.0
v500_s4_p0,500,0.0,h4,1,1.3166782231079528,1.3166782231079528,1123.650510374995,1147.5543346250051,True,True,498.0,498.0,True,True,True,0.0,23.903824250010075,1.0212733621613652,0.0
v500_s4_p0,500,0.0,h4,2,1.315809030159935,1.315809030159935,1151.9278725419863,1118.1413354999968,True,True,427.0,427.0,True,True,True,0.0,-33.786537041989504,0.9706695724208566,0.0
v500_s4_p0,500,0.0,h4,3,1.3199455477672284,1.3199455477672284,1207.0101815000235,1191.9021984169958,True,True,415.0,415.0,True,True,True,0.0,-15.107983083027648,0.9874831353416985,0.0
v500_s4_p0,500,0.0,h4,4,1.3110567780644753,1.3110567780644753,1047.7136474589934,1052.1365778330073,True,True,475.0,475.0,True,True,True,0.0,4.4229303740139585,1.0042215068828595,0.0
v500_s4_p0,500,0.0,h2+3,0,1.3076911801465185,1.3076911801465185,469.0174390829925,481.0874062080111,True,True,600.0,600.0,True,True,True,0.0,12.069967125018593,1.025734580677037,0.0
v500_s4_p0,500,0.0,h2+3,1,1.303226693030415,1.303226693030415,510.5277720000013,517.9175978330022,True,True,570.0,570.0,True,True,True,0.0,7.389825833000941,1.0144748752923884,0.0
v500_s4_p0,500,0.0,h2+3,2,1.3108973327614102,1.3108973327614102,544.8557105829968,535.152970583993,True,True,542.0,542.0,True,True,True,0.0,-9.702739999003825,0.982192092676019,0.0
v500_s4_p0,500,0.0,h2+3,3,1.3025809077591493,1.3025809077591493,454.79992045799736,469.97860641698935,True,True,650.0,650.0,True,True,True,0.0,15.178685958991991,1.033374425271901,0.0
v500_s4_p0,500,0.0,h2+3,4,1.3080369631377224,1.3080369631377224,536.4569769999944,538.7250625000161,True,True,539.0,539.0,True,True,True,0.0,2.268085500021698,1.0042278982234614,0.0
v500_s4_p0,500,0.0,h2+3+4,0,1.3145796343497678,1.3145796343497678,1215.6725615829928,1219.4093611659919,True,True,387.0,387.0,True,True,True,0.0,3.736799582999083,1.0030738536848551,0.0
v500_s4_p0,500,0.0,h2+3+4,1,1.320648109556369,1.320648109556369,1146.3051251669967,1152.2385275839915,True,True,498.0,498.0,True,True,True,0.0,5.933402416994795,1.0051761108685007,0.0
v500_s4_p0,500,0.0,h2+3+4,2,1.3137058940508841,1.3137058940508841,1143.7278982920107,1127.0424369160173,True,True,427.0,427.0,True,True,True,0.0,-16.685461375993327,0.9854113365592371,0.0
v500_s4_p0,500,0.0,h2+3+4,3,1.3166358461740348,1.3166358461740348,1200.055147750012,1239.3631783750025,True,True,415.0,415.0,True,True,True,0.0,39.30803062499035,1.0327551868751108,0.0
v500_s4_p0,500,0.0,h2+3+4,4,1.3125619513425457,1.3125619513425457,1055.2946604999888,1065.6669286660035,True,True,475.0,475.0,True,True,True,0.0,10.372268166014692,1.0098287886352997,0.0
v500_s4_p10,500,0.1,h2,0,1.3134781333818333,1.3077860812050648,185.28683929200633,186.98531208299391,True,True,1010.0,995.0,True,True,True,-0.005692052176768492,1.69847279098758,1.0091667211631303,-15.0
v500_s4_p10,500,0.1,h2,1,1.308664506784183,1.3176489397559146,186.12047691601038,184.58287433300575,True,True,1023.0,1028.0,True,True,True,0.008984432971731682,-1.5376025830046274,0.9917386705187818,5.0
v500_s4_p10,500,0.1,h2,2,1.3124138527026377,1.3162747115659215,187.7020787920046,188.9005095839966,True,True,1015.0,1028.0,True,True,True,0.0038608588632838003,1.1984307919919956,1.0063847497039178,13.0
v500_s4_p10,500,0.1,h2,3,1.3028501256497715,1.3141033156255646,187.95108279201668,187.39655895798933,True,True,1129.0,1001.0,True,True,True,0.011253189975793054,-0.55452383402735,0.9970496374599715,-128.0
v500_s4_p10,500,0.1,h2,4,1.3120460938177394,1.317799592938223,186.00756225001533,184.69690887499019,True,True,1013.0,1014.0,True,True,True,0.005753499120483507,-1.3106533750251401,0.9929537629590378,1.0
v500_s4_p10,500,0.1,h3,0,1.3341074800053743,1.328027074637539,294.0431581249868,306.00875337500474,True,True,588.0,557.0,True,True,True,-0.006080405367835162,11.965595250017941,1.0406933299394499,-31.0
v500_s4_p10,500,0.1,h3,1,1.3286204580711447,1.3262836879729742,361.2167261249997,307.782298332997,True,True,496.0,574.0,True,True,True,-0.0023367700981704598,-53.43442779200268,0.8520710035627985,78.0
v500_s4_p10,500,0.1,h3,2,1.330900544107923,1.3340737507347682,287.3748039170023,300.93932020899956,True,True,579.0,553.0,True,True,True,0.003173206626845282,13.564516291997279,1.0472014808087173,-26.0
v500_s4_p10,500,0.1,h3,3,1.3286738894571009,1.3360220268090663,290.58583437500056,309.34805900001084,True,True,583.0,523.0,True,True,True,0.007348137351965489,18.762224625010276,1.0645668935148354,-60.0
v500_s4_p10,500,0.1,h3,4,1.32160679343021,1.3383135089519458,316.1533933750179,307.12449662500876,True,True,583.0,515.0,True,True,True,0.01670671552173575,-9.028896750009153,0.9714414049027803,-68.0
v500_s4_p10,500,0.1,h4,0,1.3425992787042929,1.340512746769863,704.1225712079904,750.7186763749924,True,True,389.0,438.0,True,True,True,-0.0020865319344298694,46.59610516700195,1.0661761276691668,49.0
v500_s4_p10,500,0.1,h4,1,1.348279935527962,1.3331273112373567,720.1465210419992,684.7283509999979,True,True,391.0,402.0,True,True,True,-0.015152624290605266,-35.41817004200129,0.9508181057505439,11.0
v500_s4_p10,500,0.1,h4,2,1.3372301292197906,1.3419465545229943,715.4744588330068,739.3115106249898,True,True,497.0,360.0,True,True,True,0.0047164253032037085,23.837051791982958,1.0333164259013006,-137.0
v500_s4_p10,500,0.1,h4,3,1.3429528083242983,1.3412503755461433,699.7132847089961,830.0072309160023,True,True,344.0,259.0,True,True,True,-0.0017024327781549609,130.29394620700623,1.1862104794268615,-85.0
v500_s4_p10,500,0.1,h4,4,1.3343558332569236,1.341922762201423,665.8943205830001,732.3070459169976,True,True,499.0,346.0,True,True,True,0.007566928944499285,66.41272533399751,1.0997346324801993,-153.0
v500_s4_p10,500,0.1,h2+3,0,1.3362800777777413,1.33277497763795,300.76266891599516,311.60387024999363,True,True,588.0,557.0,True,True,True,-0.0035051001397912174,10.84120133399847,1.0360457013268043,-31.0
v500_s4_p10,500,0.1,h2+3,1,1.3292742261300674,1.3294864376003077,358.57829112499894,306.35877183299453,True,True,496.0,574.0,True,True,True,0.00021221147024030884,-52.21951929200441,0.8543706616254666,78.0
v500_s4_p10,500,0.1,h2+3,2,1.3268743521357984,1.3332738150086454,293.5193213330058,300.2709773329989,True,True,579.0,553.0,True,True,True,0.006399462872846984,6.7516559999930905,1.0230024244037181,-26.0
v500_s4_p10,500,0.1,h2+3,3,1.3317987194105834,1.3321197137508827,306.6001816249918,323.2450710000121,True,True,583.0,524.0,True,True,True,0.0003209943402993076,16.644889375020284,1.0542885828925534,-59.0
v500_s4_p10,500,0.1,h2+3,4,1.3267425930942391,1.3386335397617082,318.6643937919871,316.1356608749775,True,True,583.0,516.0,True,True,True,0.011890946667469038,-2.52873291700962,0.9920645890589825,-67.0
v500_s4_p10,500,0.1,h2+3+4,0,1.3412091663394872,1.3446749982625381,704.9899493749981,758.5820492920029,True,True,406.0,458.0,True,True,True,0.003465831923050944,53.592099917004816,1.0760182467346042,52.0
v500_s4_p10,500,0.1,h2+3+4,1,1.3457701432533566,1.332280387558717,735.3716485409968,707.5188151670009,True,True,405.0,416.0,True,True,True,-0.013489755694639616,-27.852833373995963,0.9621241403183588,11.0
v500_s4_p10,500,0.1,h2+3+4,2,1.3405820276091533,1.3436006633311788,742.1758267499972,740.5921589589998,True,True,463.0,385.0,True,True,True,0.003018635722025431,-1.5836677909974242,0.9978661824679304,-78.0
v500_s4_p10,500,0.1,h2+3+4,3,1.3445420324140909,1.3457659188038018,734.1393772089796,819.5101307920122,True,True,357.0,281.0,True,True,True,0.0012238863897109376,85.37075358303264,1.1162868472027636,-76.0
v500_s4_p10,500,0.1,h2+3+4,4,1.3355650749131673,1.3395422555710483,671.1263245000155,749.4405279579805,True,True,512.0,366.0,True,True,True,0.0039771806578809965,78.31420345796505,1.1166907042669032,-146.0
v500_s4_p30,500,0.3,h2,0,1.4460184557021782,1.4548973147618867,43.045819166,35.258656709003844,True,True,1037.0,974.0,True,True,True,0.008878859059708422,-7.787162456996157,0.8190959631418306,-63.0
v500_s4_p30,500,0.3,h2,1,1.4556080312242337,1.449720717365141,43.05463937499735,35.05251829199551,True,True,1037.0,974.0,True,True,True,-0.005887313859092691,-8.002121083001839,0.8141403296098951,-63.0
v500_s4_p30,500,0.3,h2,2,1.4640968654073991,1.4451592063559202,43.779837791997124,35.61810333401081,True,True,1037.0,974.0,True,True,True,-0.018937659051478928,-8.161734457986313,0.813573213844153,-63.0
v500_s4_p30,500,0.3,h2,3,1.4486803912159845,1.4579449518968466,43.35752674998366,34.599586124997586,True,True,1037.0,974.0,True,True,True,0.009264560680862122,-8.757940624986077,0.7980064528244942,-63.0
v500_s4_p30,500,0.3,h2,4,1.442449854262369,1.4493181702388567,43.78111195800011,34.886552791984286,True,True,1037.0,974.0,True,True,True,0.006868315976487738,-8.894559166015824,0.79684026356963,-63.0
v500_s4_p30,500,0.3,h3,0,1.4221648727912475,1.4399341294435741,94.61244479200104,83.79951199999778,True,True,485.0,518.0,True,True,True,0.017769256652326648,-10.812932792003267,0.885713419457929,33.0
v500_s4_p30,500,0.3,h3,1,1.412853273854516,1.4105045010867552,88.62246558400511,77.81924637498742,True,True,515.0,547.0,True,True,True,-0.0023487727677609094,-10.803219209017698,0.8780984128818066,32.0
v500_s4_p30,500,0.3,h3,2,1.4163604599512132,1.4295588351842716,92.95436866600357,87.75686529099767,True,True,504.0,469.0,True,True,True,0.013198375233058446,-5.197503375005908,0.9440854319211056,-35.0
v500_s4_p30,500,0.3,h3,3,1.4249264897453395,1.4218823835578265,83.82796104199952,82.52912333299173,True,True,539.0,495.0,True,True,True,-0.0030441061875130515,-1.2988377090077847,0.9845059131480361,-44.0
v500_s4_p30,500,0.3,h3,4,1.40675552670043,1.4284675568971426,91.13037483298103,80.97357108301367,True,True,517.0,518.0,True,True,True,0.02171203019671264,-10.156803749967366,0.8885464504169743,1.0
v500_s4_p30,500,0.3,h4,0,1.4259464462924802,1.4151996606717208,250.00789987501048,229.271940000006,True,True,352.0,313.0,True,True,True,-0.01074678562075948,-20.735959875004482,0.9170587814010227,-39.0
v500_s4_p30,500,0.3,h4,1,1.423486244876108,1.4334617855293885,252.64403241701075,207.96942129200033,True,True,344.0,429.0,True,True,True,0.009975540653280435,-44.674611125010415,0.8231717143776778,85.0
v500_s4_p30,500,0.3,h4,2,1.44008064235222,1.4286555823421068,238.64153200000874,166.55890366699896,True,True,421.0,458.0,True,True,True,-0.011425060010113341,-72.08262833300978,0.6979460040802657,37.0
v500_s4_p30,500,0.3,h4,3,1.4317658884937523,1.4327423143183025,235.4641010830237,228.36425812501693,True,True,375.0,334.0,True,True,True,0.0009764258245501534,-7.099842958006775,0.969847450522815,-41.0
v500_s4_p30,500,0.3,h4,4,1.4451696179890152,1.430254162103911,226.7037784169952,206.43216675001895,True,True,420.0,434.0,True,True,True,-0.014915455885104123,-20.27161166697624,0.9105810595283111,14.0
v500_s4_p30,500,0.3,h2+3,0,1.4246717115740475,1.4446485434955287,96.39381887498894,85.84227141700103,True,True,485.0,518.0,True,True,True,0.019976831921481253,-10.551547457987908,0.8905370947936819,33.0
v500_s4_p30,500,0.3,h2+3,1,1.408798545563675,1.404606153525021,90.71888812498946,76.96519550000085,True,True,515.0,549.0,True,True,True,-0.004192392038653958,-13.753692624988616,0.8483921826065677,34.0
v500_s4_p30,500,0.3,h2+3,2,1.412887129872949,1.440454994173484,95.3610577500076,90.57206141599454,True,True,504.0,470.0,True,True,True,0.02756786430053504,-4.7889963340130635,0.9497803773677974,-34.0
v500_s4_p30,500,0.3,h2+3,3,1.4306327764319353,1.422975959015596,84.76482312500593,85.02013558300678,True,True,539.0,498.0,True,True,True,-0.00765681741633939,0.25531245800084434,1.003012009564679,-41.0
v500_s4_p30,500,0.3,h2+3,4,1.4135396654354675,1.4302515542334862,93.69329579200712,84.34224175001145,True,True,517.0,518.0,True,True,True,0.01671188879801866,-9.351054041995667,0.9001950570427751,1.0
v500_s4_p30,500,0.3,h2+3+4,0,1.4261078289433953,1.4200301151159755,255.10043308300374,242.14205875000334,True,True,362.0,322.0,True,True,True,-0.006077713827419728,-12.958374333000393,0.9492028524750327,-40.0
v500_s4_p30,500,0.3,h2+3+4,1,1.4302545092860857,1.4367793095681527,254.60961470800976,210.9514945000119,True,True,355.0,439.0,True,True,True,0.006524800282067034,-43.658120207997854,0.8285291768809844,84.0
v500_s4_p30,500,0.3,h2+3+4,2,1.4403049643257335,1.4272915498671261,241.8949937080033,172.27828266698634,True,True,431.0,469.0,True,True,True,-0.013013414458607375,-69.61671104101697,0.7122027621412752,38.0
v500_s4_p30,500,0.3,h2+3+4,3,1.4307842155531545,1.4252994173743254,251.49959516699892,237.1310547500034,True,True,385.0,344.0,True,True,True,-0.005484798178829076,-14.368540416995529,0.9428685346095502,-41.0
v500_s4_p30,500,0.3,h2+3+4,4,1.44794306964156,1.4315245580934135,234.13680541701615,212.8782017499907,True,True,431.0,448.0,True,True,True,-0.016418511548146553,-21.258603667025454,0.909204349016541,17.0
v500_s4_p50,500,0.5,h2,0,2.12456615997768,1.9145870460203849,15.390983416989911,8.17342533300689,True,True,741.0,516.0,True,True,True,-0.2099791139572953,-7.217558083983022,0.5310528321396506,-225.0
v500_s4_p50,500,0.5,h2,1,2.1071277910117687,1.8382296169079295,14.969372124993242,8.65377379200072,True,True,741.0,516.0,True,True,True,-0.2688981741038392,-6.315598332992522,0.5780986483429161,-225.0
v500_s4_p50,500,0.5,h2,2,,1.9014150833821413,14.865837417004514,7.997898375004297,True,True,741.0,516.0,False,True,False,,-6.867939042000216,0.5380052364797008,-225.0
v500_s4_p50,500,0.5,h2,3,1.9805512707755142,1.8530955488991725,15.301183125004172,7.765569499984849,True,True,741.0,516.0,True,True,True,-0.1274557218763417,-7.535613625019323,0.507514316804357,-225.0
v500_s4_p50,500,0.5,h2,4,1.9756444227741465,1.8822603056573906,15.21231204099604,8.768694958009291,True,True,741.0,516.0,True,True,True,-0.09338411711675598,-6.443617082986748,0.5764209236819701,-225.0
v500_s4_p50,500,0.5,h3,0,1.6932823156670171,1.744408162475859,27.472221040996374,16.87618449999718,True,True,345.0,251.0,True,True,True,0.0511258468088418,-10.596036540999194,0.6142999677679176,-94.0
v500_s4_p50,500,0.5,h3,1,1.7509480251930305,1.7683850748336216,31.06245837500319,16.53043720900314,True,True,430.0,241.0,True,True,True,0.017437049640591118,-14.53202116600005,0.5321677057700506,-189.0
v500_s4_p50,500,0.5,h3,2,1.6993869728300535,1.7318357315802093,27.900704958010465,16.796575124986703,True,True,345.0,248.0,True,True,True,0.03244875875015585,-11.104129833023762,0.6020125710180059,-97.0
v500_s4_p50,500,0.5,h3,3,1.7048724612995203,1.7324540175310064,26.612480958981905,18.956016167008784,True,True,391.0,229.0,True,True,True,0.02758155623148606,-7.6564647919731215,0.7122979701225861,-162.0
v500_s4_p50,500,0.5,h3,4,1.6726667389566594,1.7149686614014608,28.994391165993875,18.958231333992444,True,True,445.0,233.0,True,True,True,0.042301922444801354,-10.036159832001431,0.6538585764900503,-212.0
v500_s4_p50,500,0.5,h4,0,1.7047138496620737,1.7128651743362977,37.75250220800808,22.65050849999534,True,True,339.0,309.0,True,True,True,0.00815132467422397,-15.101993708012742,0.5999737017481904,-30.0
v500_s4_p50,500,0.5,h4,1,1.744488584140027,1.7246739026698217,36.86226574999455,22.887171332986327,True,True,341.0,311.0,True,True,True,-0.019814681470205375,-13.975094417008222,0.620883466258167,-30.0
v500_s4_p50,500,0.5,h4,2,1.7154636488489496,1.7316277292397684,39.62710408300336,23.25543774999096,True,True,283.0,296.0,True,True,True,0.016164080390818736,-16.3716663330124,0.586856856894712,13.0
v500_s4_p50,500,0.5,h4,3,1.7148195846406427,1.7295866973472696,41.773338666011114,22.84187216698774,True,True,312.0,307.0,True,True,True,0.014767112706626895,-18.931466499023372,0.5468050411199964,-5.0
v500_s4_p50,500,0.5,h4,4,1.717144584256448,1.709791782732001,37.89171887500561,30.799068791005993,True,True,298.0,227.0,True,True,True,-0.007352801524446839,-7.092650083999615,0.8128179376766643,-71.0
v500_s4_p50,500,0.5,h2+3,0,1.7074023872544404,1.7562094791383223,28.60126512500574,17.742342166995513,True,True,345.0,251.0,True,True,True,0.04880709188388188,-10.858922958010226,0.620334173661556,-94.0
v500_s4_p50,500,0.5,h2+3,1,1.7177904434329214,1.7394367727309346,32.63403425000433,17.672015082993312,True,True,430.0,241.0,True,True,True,0.021646329298013134,-14.962019167011022,0.541521006799549,-189.0
v500_s4_p50,500,0.5,h2+3,2,1.707629485421094,1.727018654612435,29.11856445900048,17.475264375010738,True,True,345.0,248.0,True,True,True,0.019389169191341038,-11.643300083989743,0.6001416862296305,-97.0
v500_s4_p50,500,0.5,h2+3,3,1.6944088514418718,1.7157250625019898,28.029302208975423,20.05009070900269,True,True,391.0,229.0,True,True,True,0.02131621106011794,-7.979211499972735,0.7153260741033479,-162.0
v500_s4_p50,500,0.5,h2+3,4,1.6671030998104697,1.719041251687504,30.43247783300467,19.78597233397886,True,True,445.0,233.0,True,True,True,0.05193815187703432,-10.646505499025807,0.6501597550666924,-212.0
v500_s4_p50,500,0.5,h2+3+4,0,1.709775568915444,1.7150219187599305,41.4735032079916,25.228597166002146,True,True,341.0,313.0,True,True,True,0.005246349844486575,-16.244906041989452,0.6083063935901322,-28.0
v500_s4_p50,500,0.5,h2+3+4,1,1.7612981045001523,1.718872037644233,40.69771550000587,25.335323999999673,True,True,343.0,315.0,True,True,True,-0.04242606685591932,-15.362391500006197,0.6225244756059101,-28.0
v500_s4_p50,500,0.5,h2+3+4,2,1.6996656655991487,1.7296507750308197,43.60049587499816,25.890721333009424,True,True,284.0,299.0,True,True,True,0.029985109431670987,-17.709774541988736,0.593817130136264,15.0
v500_s4_p50,500,0.5,h2+3+4,3,1.699211359999792,1.741754986904887,45.444621207978344,25.210631416004617,True,True,313.0,311.0,True,True,True,0.042543626905094944,-20.233989791973727,0.5547550127137728,-2.0
v500_s4_p50,500,0.5,h2+3+4,4,1.7092060918292857,1.7097173566433446,41.64618775001145,33.643507790984586,True,True,301.0,231.0,True,True,True,0.0005112648140588316,-8.002679959026864,0.8078412361039057,-70.0
v500_s5_p0,500,0.0,h2,0,1.2965470317265257,1.2965470317265257,292.51689174999774,285.9742479999986,True,True,880.0,880.0,True,True,True,0.0,-6.542643749999115,0.9776332788480782,0.0
v500_s5_p0,500,0.0,h2,1,1.2988025125404905,1.2988025125404905,280.37500712499605,283.08580945798894,True,True,936.0,936.0,True,True,True,0.0,2.7108023329928983,1.009668487789942,0.0
v500_s5_p0,500,0.0,h2,2,1.2912498260375447,1.2912498260375447,302.5064532919787,304.340875666996,True,True,840.0,840.0,True,True,True,0.0,1.8344223750173114,1.0060640768322608,0.0
v500_s5_p0,500,0.0,h2,3,1.303882852507795,1.303882852507795,319.27777120898827,315.30068079198827,True,True,795.0,795.0,True,True,True,0.0,-3.9770904169999994,0.9875434785142098,0.0
v500_s5_p0,500,0.0,h2,4,1.2930951520764753,1.2930951520764753,289.61290670899325,284.5407328750007,True,True,883.0,883.0,True,True,True,0.0,-5.072173833992565,0.9824863681262342,0.0
v500_s5_p0,500,0.0,h3,0,1.3068756860825945,1.3068756860825945,480.922911792004,482.76916462498775,True,True,582.0,582.0,True,True,True,0.0,1.8462528329837369,1.0038389787379942,0.0
v500_s5_p0,500,0.0,h3,1,1.3010976003295462,1.3010976003295462,453.92673554099747,452.6318745000026,True,True,590.0,590.0,True,True,True,0.0,-1.2948610409948742,0.9971474228336614,0.0
v500_s5_p0,500,0.0,h3,2,1.3074938114886532,1.3074938114886532,459.2311889999837,458.7605172499898,True,True,616.0,616.0,True,True,True,0.0,-0.4706717499939259,0.9989750875783963,0.0
v500_s5_p0,500,0.0,h3,3,1.31271856699369,1.31271856699369,457.82911091600545,457.28046616600477,True,True,610.0,610.0,True,True,True,0.0,-0.5486447500006761,0.9988016385657457,0.0
v500_s5_p0,500,0.0,h3,4,1.3032104947164302,1.3032104947164302,503.69952862500213,499.7649016249925,True,True,548.0,548.0,True,True,True,0.0,-3.934627000009641,0.992188543414463,0.0
v500_s5_p0,500,0.0,h4,0,1.3237329141805951,1.3237329141805951,1162.403322500002,1094.9719539579964,True,True,400.0,400.0,True,True,True,0.0,-67.43136854200566,0.9419896973479224,0.0
v500_s5_p0,500,0.0,h4,1,1.3136238224596,1.3136238224596,1220.0178679169912,1212.2738246250083,True,True,378.0,378.0,True,True,True,0.0,-7.744043291982962,0.9936525164953487,0.0
v500_s5_p0,500,0.0,h4,2,1.3115741243955403,1.3115741243955403,1128.1679417080013,1116.5638178330264,True,True,414.0,414.0,True,True,True,0.0,-11.604123874974903,0.9897141875371793,0.0
v500_s5_p0,500,0.0,h4,3,1.3132326543981327,1.3132326543981327,1054.8206012920127,1060.9490280830069,True,True,447.0,447.0,True,True,True,0.0,6.128426790994126,1.0058099233021118,0.0
v500_s5_p0,500,0.0,h4,4,1.3179861307480598,1.3179861307480598,1342.7135329999728,1339.2483882080123,True,True,323.0,323.0,True,True,True,0.0,-3.4651447919604834,0.9974192970378287,0.0
v500_s5_p0,500,0.0,h2+3,0,1.2987852313581039,1.2987852313581039,491.2863215000107,489.2896630000032,True,True,582.0,582.0,True,True,True,0.0,-1.9966585000074701,0.9959358557064825,0.0
v500_s5_p0,500,0.0,h2+3,1,1.3011005177638963,1.3011005177638963,458.34419154199713,458.45069262498873,True,True,590.0,590.0,True,True,True,0.0,0.1065010829915991,1.0002323604944863,0.0
v500_s5_p0,500,0.0,h2+3,2,1.306575711330079,1.306575711330079,461.69202820799546,464.44594137501554,True,True,616.0,616.0,True,True,True,0.0,2.753913167020073,1.0059648271981414,0.0
v500_s5_p0,500,0.0,h2+3,3,1.3113927987516933,1.3113927987516933,465.1517113330192,468.70909279200714,True,True,610.0,610.0,True,True,True,0.0,3.5573814589879476,1.0076477875332186,0.0
v500_s5_p0,500,0.0,h2+3,4,1.299030917924902,1.299030917924902,514.0183212080155,508.4973147500132,True,True,548.0,548.0,True,True,True,0.0,-5.521006458002375,0.9892591251513618,0.0
v500_s5_p0,500,0.0,h2+3+4,0,1.3268239589296569,1.3268239589296569,1113.1750923340005,1107.8922822919994,True,True,400.0,400.0,True,True,True,0.0,-5.282810042001074,0.995254286519361,0.0
v500_s5_p0,500,0.0,h2+3+4,1,1.3181293369628877,1.3181293369628877,1214.7802150839998,1233.6062656249997,True,True,378.0,378.0,True,True,True,0.0,18.82605054099986,1.0154974951906819,0.0
v500_s5_p0,500,0.0,h2+3+4,2,1.3119056320773415,1.3119056320773415,1134.721054499998,1136.2041341669974,True,True,388.0,388.0,True,True,True,0.0,1.4830796669994015,1.0013069993379589,0.0
v500_s5_p0,500,0.0,h2+3+4,3,1.3162767504379083,1.3162767504379083,1072.8995205419778,1074.1081447920005,True,True,447.0,447.0,True,True,True,0.0,1.2086242500226945,1.001126502740361,0.0
v500_s5_p0,500,0.0,h2+3+4,4,1.3189236459049072,1.3189236459049072,1356.0263597090088,1352.5195217080181,True,True,323.0,323.0,True,True,True,0.0,-3.506838000990683,0.9974138865547251,0.0
v500_s5_p10,500,0.1,h2,0,1.308263577850126,1.3163899199559734,202.4356325000117,200.77156254100555,True,True,1196.0,1193.0,True,True,True,0.008126342105847506,-1.6640699590061558,0.9917797576520722,-3.0
v500_s5_p10,500,0.1,h2,1,1.3142341977334213,1.312707268494816,190.13489508299972,194.07831516698934,True,True,1095.0,1229.0,True,True,True,-0.0015269292386053124,3.943420083989622,1.02074011760055,134.0
v500_s5_p10,500,0.1,h2,2,1.3100450844419658,1.3237671204886747,192.90216008300195,198.83329433301697,True,True,1071.0,1181.0,True,True,True,0.013722036046708963,5.93113425001502,1.0307468524326684,110.0
v500_s5_p10,500,0.1,h2,3,1.31503212735892,1.3251486874410083,186.03822966699954,194.86900262499694,True,True,1059.0,1181.0,True,True,True,0.010116560082088277,8.830772957997397,1.0474675176914128,122.0
v500_s5_p10,500,0.1,h2,4,1.324629509057587,1.3206948881341036,193.24983329200768,203.14437504197122,True,True,1149.0,1193.0,True,True,True,-0.003934620923483401,9.894541749963537,1.0512007776742167,44.0
v500_s5_p10,500,0.1,h3,0,1.3419078953338848,1.3383235191333938,360.14895166699716,295.6822186669888,True,True,550.0,571.0,True,True,True,-0.003584376200491013,-64.46673300000839,0.820999803826679,21.0
v500_s5_p10,500,0.1,h3,1,1.3252192148205693,1.3373842612859526,289.0101496670104,331.9039142499969,True,True,623.0,518.0,True,True,True,0.0121650464653833,42.89376458298648,1.1484161183695711,-105.0
v500_s5_p10,500,0.1,h3,2,1.342349844756079,1.3302151682436183,337.73117045799154,325.6592585410108,True,True,566.0,503.0,True,True,True,-0.012134676512460807,-12.071911916980753,0.9642558550322429,-63.0
v500_s5_p10,500,0.1,h3,3,1.3394784959312562,1.339978350919296,324.30460029200185,306.19675937498687,True,True,541.0,568.0,True,True,True,0.0004998549880397274,-18.107840917014983,0.9441640948025073,27.0
v500_s5_p10,500,0.1,h3,4,1.3337369135546264,1.3330509208900247,338.7758060419874,293.82299295900157,True,True,554.0,584.0,True,True,True,-0.0006859926646016756,-44.95281308298581,0.8673080772556278,30.0
v500_s5_p10,500,0.1,h4,0,1.3436877616933305,1.3488058137036267,815.4797191659891,811.8786837919906,True,True,340.0,351.0,True,True,True,0.005118052010296248,-3.6010353739984566,0.9955841509122001,11.0
v500_s5_p10,500,0.1,h4,1,1.3577675370948756,1.3508371386468119,901.2495041249931,734.5731890410098,True,True,356.0,367.0,True,True,True,-0.006930398448063757,-166.67631508398335,0.8150608523820422,11.0
v500_s5_p10,500,0.1,h4,2,1.340928507409406,1.3466904030510525,712.8026895420044,798.1582904169918,True,True,467.0,400.0,True,True,True,0.0057618956416465306,85.35560087498743,1.119746462979581,-67.0
v500_s5_p10,500,0.1,h4,3,1.3538314722801468,1.3480059029041247,727.6134254999924,770.0136474589817,True,True,423.0,367.0,True,True,True,-0.005825569376022077,42.40022195898928,1.058273006617289,-56.0
v500_s5_p10,500,0.1,h4,4,1.3457295653917147,1.345476053873195,793.4217637499969,657.4063412919932,True,True,438.0,528.0,True,True,True,-0.00025351151851982223,-136.01542245800374,0.828571097148702,90.0
v500_s5_p10,500,0.1,h2+3,0,1.3342435043141234,1.3391098831145585,368.54588004200195,311.07041775000107,True,True,550.0,571.0,True,True,True,0.004866378800435056,-57.475462292000884,0.8440480130032912,21.0
v500_s5_p10,500,0.1,h2+3,1,1.3238744614109754,1.3351737268304333,292.516450250012,337.9399752919999,True,True,623.0,518.0,True,True,True,0.011299265419457916,45.42352504198789,1.1552853694319232,-105.0
v500_s5_p10,500,0.1,h2+3,2,1.3411109908021934,1.3295827393164967,343.4038644579996,326.5984799169819,True,True,566.0,503.0,True,True,True,-0.011528251485696694,-16.805384541017702,0.9510623313236677,-63.0
v500_s5_p10,500,0.1,h2+3,3,1.345575998217422,1.339677388187982,327.4445210839913,305.0966195410001,True,True,541.0,568.0,True,True,True,-0.005898610029440032,-22.347901542991167,0.9317505711532159,27.0
v500_s5_p10,500,0.1,h2+3,4,1.3340127989473307,1.3363139088928435,328.0274097499787,293.76962504099356,True,True,554.0,584.0,True,True,True,0.0023011099455128026,-34.25778470898513,0.8955642617332,30.0
v500_s5_p10,500,0.1,h2+3+4,0,1.3482169925826606,1.3511946671681188,819.8588352080114,816.5408552500012,True,True,363.0,368.0,True,True,True,0.0029776745854581677,-3.3179799580102554,0.9959529862757796,5.0
v500_s5_p10,500,0.1,h2+3+4,1,1.35991232538387,1.3515996105992576,896.4686447080021,741.8946736250073,True,True,378.0,388.0,True,True,True,-0.008312714784612485,-154.57397108299483,0.8275745928254493,10.0
v500_s5_p10,500,0.1,h2+3+4,2,1.3395430583450065,1.342146863279779,730.7166367919999,787.3819269999804,True,True,489.0,421.0,True,True,True,0.0026038049347725245,56.66529020798043,1.077547557226496,-68.0
v500_s5_p10,500,0.1,h2+3+4,3,1.354647474036168,1.3444352514892008,736.2571467499947,764.901175875013,True,True,448.0,388.0,True,True,True,-0.010212222546967187,28.644029125018278,1.0389049250679052,-60.0
v500_s5_p10,500,0.1,h2+3+4,4,1.3461078132516475,1.3470471281340453,789.1466920420062,670.0453236250032,True,True,459.0,547.0,True,True,True,0.0009393148823977349,-119.10136841700296,0.8490757553468105,88.0
v500_s5_p30,500,0.3,h2,0,1.4536860038998405,1.4614849057927466,34.03633433301002,30.27358708299289,True,True,1039.0,973.0,True,True,True,0.007798901892906107,-3.762747250017128,0.8894491042072107,-66.0
v500_s5_p30,500,0.3,h2,1,1.4470322849167871,1.4600096604007629,37.03037658298854,32.471229458009475,True,True,1039.0,973.0,True,True,True,0.012977375483975706,-4.559147124979063,0.876880886837281,-66.0
v500_s5_p30,500,0.3,h2,2,1.4714161099968186,1.4656050385143145,34.875276917009614,31.42146787501406,True,True,1039.0,973.0,True,True,True,-0.005811071482504149,-3.453809041995555,0.9009668353253695,-66.0
v500_s5_p30,500,0.3,h2,3,1.461072421161314,1.4714584255658734,33.81649645898142,30.697716124996077,True,True,1039.0,973.0,True,True,True,0.01038600440455939,-3.1187803339853417,0.9077734046822874,-66.0
v500_s5_p30,500,0.3,h2,4,1.4548538107007625,1.4474403122921864,34.38071229099296,30.680873207980767,True,True,1039.0,973.0,True,True,True,-0.00741349840857608,-3.6998390830121934,0.8923862003876669,-66.0
v500_s5_p30,500,0.3,h3,0,1.4216589944218663,1.4381593173559304,117.3453896669962,89.88720020800247,True,True,473.0,467.0,True,True,True,0.016500322934064116,-27.45818945899373,0.7660053834503867,-6.0
v500_s5_p30,500,0.3,h3,1,1.4321905509390298,1.4458287159897145,92.61243866701261,86.45961304199591,True,True,553.0,484.0,True,True,True,0.013638165050684714,-6.152825625016703,0.9335637230422239,-69.0
v500_s5_p30,500,0.3,h3,2,1.4341122591356632,1.4528099324594101,117.94056224997621,83.43922595900949,True,True,440.0,492.0,True,True,True,0.018697673323746944,-34.50133629096672,0.7074684431481615,52.0
v500_s5_p30,500,0.3,h3,3,1.4142729648761785,1.441819431634564,90.62483537499793,84.4656962500012,True,True,559.0,491.0,True,True,True,0.027546466758385568,-6.159139124996727,0.9320369620589022,-68.0
v500_s5_p30,500,0.3,h3,4,1.424452079714572,1.4461443477427043,117.8088050840015,87.0042218749877,True,True,479.0,491.0,True,True,True,0.021692268028132178,-30.8045832090138,0.7385205359900805,12.0
v500_s5_p30,500,0.3,h4,0,1.427438988577194,1.437607152360711,177.535841082994,251.32851966698945,True,True,506.0,208.0,True,True,True,0.010168163783516926,73.79267858399544,1.4156494718691706,-298.0
v500_s5_p30,500,0.3,h4,1,1.4246698183251045,1.449942981040929,174.53992466699856,234.61147095900378,True,True,538.0,373.0,True,True,True,0.02527316271582447,60.07154629200522,1.3441708045114298,-165.0
v500_s5_p30,500,0.3,h4,2,1.4396341414792413,1.4335092939671465,176.84651341699646,244.7388159999973,True,True,590.0,274.0,True,True,True,-0.006124847512094744,67.89230258300086,1.383905236643901,-316.0
v500_s5_p30,500,0.3,h4,3,1.4325706995816363,1.4463980865591146,220.72655941700214,245.10633395801415,True,True,455.0,228.0,True,True,True,0.013827386977478318,24.37977454101201,1.1104523832809496,-227.0
v500_s5_p30,500,0.3,h4,4,1.4474864037597288,1.4325078112760334,169.4763160830189,241.33374875001027,True,True,570.0,275.0,True,True,True,-0.014978592483695374,71.85743266699137,1.423996900143803,-295.0
v500_s5_p30,500,0.3,h2+3,0,1.4198941902086502,1.4241788230344905,121.0480356659973,91.89429241600737,True,True,473.0,468.0,True,True,True,0.004284632825840351,-29.15374324998993,0.7591555857177839,-5.0
v500_s5_p30,500,0.3,h2+3,1,1.4291790956894608,1.44755978529238,94.96551137500501,88.9186281250004,True,True,553.0,484.0,True,True,True,0.018380689602919276,-6.046883250004612,0.9363254810883254,-69.0
v500_s5_p30,500,0.3,h2+3,2,1.4322875044599057,1.444027576173381,121.06351616600296,86.42516000001342,True,True,440.0,493.0,True,True,True,0.011740071713475242,-34.638356165989535,0.7138827843188262,53.0
v500_s5_p30,500,0.3,h2+3,3,1.4335403665544575,1.442478986728938,93.05072737499722,85.67783658299595,True,True,559.0,492.0,True,True,True,0.00893862017448055,-7.372890792001272,0.9207648236613101,-67.0
v500_s5_p30,500,0.3,h2+3,4,1.4222958434334505,1.4537182447432644,119.66322508300073,87.96301183299511,True,True,479.0,492.0,True,True,True,0.031422401309813885,-31.700213250005618,0.7350880922019465,13.0
v500_s5_p30,500,0.3,h2+3+4,0,1.4304100910195445,1.4338122660251584,184.16608233300212,253.18178170800093,True,True,517.0,229.0,True,True,True,0.0034021750056139055,69.0156993749988,1.3747470679764324,-288.0
v500_s5_p30,500,0.3,h2+3+4,1,1.4237662143420349,1.4554575675176769,183.40661341600935,239.05452720799076,True,True,548.0,388.0,True,True,True,0.03169135317564198,55.64791379198141,1.3034127982384083,-160.0
v500_s5_p30,500,0.3,h2+3+4,2,1.4448618998961742,1.4401835502783404,181.705511749984,253.3218428750115,True,True,603.0,301.0,True,True,True,-0.004678349617833755,71.6163311250275,1.3941340603006436,-302.0
v500_s5_p30,500,0.3,h2+3+4,3,1.4281658632553131,1.4391674445113622,225.0494187079894,254.1996693330002,True,True,468.0,249.0,True,True,True,0.011001581256049109,29.150250625010813,1.129528220034349,-219.0
v500_s5_p30,500,0.3,h2+3+4,4,1.4496205704430931,1.432502322799147,172.1428702910198,245.92857658301364,True,True,580.0,291.0,True,True,True,-0.017118247643946205,73.78570629199385,1.4286306262191042,-289.0
v500_s5_p50,500,0.5,h2,0,,1.9046655642049173,13.843573334001121,6.145922582989442,True,True,743.0,524.0,False,True,False,,-7.697650751011679,0.4439549265719189,-219.0
v500_s5_p50,500,0.5,h2,1,,1.9705740580502247,13.856141999989632,6.612377874989761,True,True,743.0,524.0,False,True,False,,-7.2437641249998705,0.4772163763185098,-219.0
v500_s5_p50,500,0.5,h2,2,,1.9536892364491374,14.361161667009583,6.376948208984686,True,True,743.0,524.0,False,True,False,,-7.984213458024897,0.4440412521525882,-219.0
v500_s5_p50,500,0.5,h2,3,,1.8881380691171756,13.935457165993284,6.236413208011072,True,True,743.0,524.0,False,True,False,,-7.699043957982212,0.44752124983956754,-219.0
v500_s5_p50,500,0.5,h2,4,,1.90079404604797,13.850729917001445,6.170445750001818,True,True,743.0,524.0,False,True,False,,-7.680284166999627,0.4454960703859904,-219.0
v500_s5_p50,500,0.5,h3,0,1.6873813389530852,1.7835518852437473,32.41316833299061,19.83083066699328,True,True,352.0,341.0,True,True,True,0.09617054629066213,-12.58233766599733,0.6118140153182484,-11.0
v500_s5_p50,500,0.5,h3,1,1.7017688262781228,1.7524581363643317,29.650651875010226,16.555651665999903,True,True,380.0,324.0,True,True,True,0.050689310086208916,-13.095000209010323,0.5583570889364872,-56.0
v500_s5_p50,500,0.5,h3,2,1.6729939487989494,1.7493528650605958,29.529678582999622,17.366766999999527,True,True,409.0,301.0,True,True,True,0.07635891626164648,-12.162911583000096,0.5881122935756455,-108.0
v500_s5_p50,500,0.5,h3,3,1.6549654197984207,1.720968012048997,32.89096508300281,17.452761332999216,True,True,441.0,328.0,True,True,True,0.06600259225057625,-15.438203750003595,0.5306247867448056,-113.0
v500_s5_p50,500,0.5,h3,4,1.674279103297679,1.7620861936836911,33.03794016700704,17.957009624980856,True,True,444.0,322.0,True,True,True,0.0878070903860122,-15.08093054202618,0.5435269128222897,-122.0
v500_s5_p50,500,0.5,h4,0,1.7261589971853308,1.6987006959013338,50.479195500010974,25.759964084005333,True,True,235.0,288.0,True,True,True,-0.027458301283997066,-24.71923141600564,0.5103085306500127,53.0
v500_s5_p50,500,0.5,h4,1,1.7002726023278978,1.7619105471887386,49.928680791999795,30.86948166700313,True,True,225.0,237.0,True,True,True,0.06163794486084084,-19.059199124996667,0.6182715260514039,12.0
v500_s5_p50,500,0.5,h4,2,1.6988108816808951,1.6938751661217353,50.72172166701057,26.15782604200649,True,True,241.0,287.0,True,True,True,-0.004935715559159837,-24.56389562500408,0.5157125030915414,46.0
v500_s5_p50,500,0.5,h4,3,1.7051513049357125,1.6984511158803035,46.965100208006334,26.090519958001096,True,True,228.0,297.0,True,True,True,-0.006700189055409034,-20.874580250005238,0.5555299539966346,69.0
v500_s5_p50,500,0.5,h4,4,1.7086851267909193,1.7187358553004346,49.927354208019096,26.085030582995387,True,True,227.0,266.0,True,True,True,0.010050728509515272,-23.84232362502371,0.5224597016359768,39.0
v500_s5_p50,500,0.5,h2+3,0,1.6945588643798546,1.7866624322619542,33.63569712500612,20.519936790995416,True,True,352.0,341.0,True,True,True,0.09210356788209961,-13.115760334010702,0.6100642634143616,-11.0
v500_s5_p50,500,0.5,h2+3,1,1.6950849613772623,1.7336410734779832,31.136255082994467,17.367356000002474,True,True,380.0,324.0,True,True,True,0.03855611210072096,-13.768899082991993,0.5577856410062595,-56.0
v500_s5_p50,500,0.5,h2+3,2,1.6669436212479563,1.7772493521261057,31.356068000022788,18.59031166700879,True,True,409.0,301.0,True,True,True,0.11030573087814943,-12.765756333013996,0.5928776422794874,-108.0
v500_s5_p50,500,0.5,h2+3,3,1.6899335989083637,1.6885443689230162,34.2557497920061,18.42666162500973,True,True,441.0,328.0,True,True,True,-0.0013892299853475176,-15.829088166996371,0.5379144154453674,-113.0
v500_s5_p50,500,0.5,h2+3,4,1.6588737635175013,1.7413139471611827,34.600038999982644,18.80073929199716,True,True,444.0,322.0,True,True,True,0.08244018364368144,-15.799299707985483,0.5433733555042117,-122.0
v500_s5_p50,500,0.5,h2+3+4,0,1.7471647300480777,1.6986356239715155,53.65090162499109,28.446706250004354,True,True,240.0,290.0,True,True,True,-0.048529106076562245,-25.20419537498674,0.5302186056227173,50.0
v500_s5_p50,500,0.5,h2+3+4,1,1.6992329477332955,1.7633526835298203,53.74020020800526,33.57571387500502,True,True,231.0,237.0,True,True,True,0.06411973579652486,-20.16448633300024,0.6247783548451222,6.0
v500_s5_p50,500,0.5,h2+3+4,2,1.692575084980796,1.7061372741508871,54.15785500002676,28.3953873749997,True,True,247.0,289.0,True,True,True,0.013562189170091221,-25.762467625027057,0.5243078289379384,42.0
v500_s5_p50,500,0.5,h2+3+4,3,1.7037377053368887,1.701053829496664,50.31775175000075,28.777511749998666,True,True,234.0,300.0,True,True,True,-0.002683875840224781,-21.540240000002086,0.5719156907680844,66.0
v500_s5_p50,500,0.5,h2+3+4,4,1.7177626942911404,1.7284435426307967,54.10616762499558,28.285930250014644,True,True,232.0,267.0,True,True,True,0.010680848339656324,-25.820237374980934,0.5227856913847898,35.0
v500_s6_p0,500,0.0,h2,0,1.302276235661076,1.302276235661076,268.1156170410104,267.2272587920015,True,True,932.0,932.0,True,True,True,0.0,-0.8883582490088884,0.9966866598118639,0.0
v500_s6_p0,500,0.0,h2,1,1.2786178187941217,1.2786178187941217,264.45723066700157,269.20838704200287,True,True,1045.0,1045.0,True,True,True,0.0,4.751156375001301,1.0179656890568587,0.0
v500_s6_p0,500,0.0,h2,2,1.2930665382220017,1.2930665382220017,273.7979988330044,273.5095716669748,True,True,978.0,978.0,True,True,True,0.0,-0.2884271660295781,0.9989465694882398,0.0
v500_s6_p0,500,0.0,h2,3,1.2818578958068119,1.2818578958068119,265.6187103750126,270.188369416981,True,True,988.0,988.0,True,True,True,0.0,4.569659041968407,1.017203829638043,0.0
v500_s6_p0,500,0.0,h2,4,1.2901059215285442,1.2901059215285442,268.94804233300965,272.3528365000093,True,True,957.0,957.0,True,True,True,0.0,3.404794166999636,1.0126596726173,0.0
v500_s6_p0,500,0.0,h3,0,1.2991265880308098,1.2991265880308098,493.7902573750034,502.4366229169973,True,True,540.0,540.0,True,True,True,0.0,8.646365541993873,1.0175101987389505,0.0
v500_s6_p0,500,0.0,h3,1,1.3007583306313097,1.3007583306313097,453.44337858300423,444.3360407500004,True,True,578.0,578.0,True,True,True,0.0,-9.10733783300384,0.9799151597241006,0.0
v500_s6_p0,500,0.0,h3,2,1.3017492446605328,1.3017492446605328,485.89744437500485,489.60018608300015,True,True,554.0,554.0,True,True,True,0.0,3.702741707995301,1.0076204181579058,0.0
v500_s6_p0,500,0.0,h3,3,1.3022130170660249,1.3022130170660249,526.8044835830224,532.2960675420181,True,True,516.0,516.0,True,True,True,0.0,5.491583958995761,1.0104243303353175,0.0
v500_s6_p0,500,0.0,h3,4,1.3100001893014375,1.3100001893014375,492.1403105829959,488.79398100002436,True,True,577.0,577.0,True,True,True,0.0,-3.3463295829715207,0.9932004562296322,0.0
v500_s6_p0,500,0.0,h4,0,1.3138996318095082,1.3138996318095082,1048.0221416249988,1024.9838840000011,True,True,471.0,471.0,True,True,True,0.0,-23.03825762499764,0.9780173941847489,0.0
v500_s6_p0,500,0.0,h4,1,1.3253404092462058,1.3253404092462058,1344.7772960000002,1336.0181646669953,True,True,286.0,286.0,True,True,True,0.0,-8.759131333004916,0.9934865562059542,0.0
v500_s6_p0,500,0.0,h4,2,1.3202469775443486,1.3202469775443486,1344.9287312500237,1388.0381236250105,True,True,284.0,284.0,True,True,True,0.0,43.10939237498678,1.0320532912810327,0.0
v500_s6_p0,500,0.0,h4,3,1.3196787816843123,1.3196787816843123,1148.0516788329987,1144.9093115830037,True,True,489.0,489.0,True,True,True,0.0,-3.1423672499950044,0.9972628695136884,0.0
v500_s6_p0,500,0.0,h4,4,1.3175027586870394,1.3175027586870394,1312.0096406670054,1309.0037745419831,True,True,301.0,301.0,True,True,True,0.0,-3.005866125022294,0.997708960336988,0.0
v500_s6_p0,500,0.0,h2+3,0,1.3000152994418102,1.3000152994418102,498.3414580410026,498.153423249998,True,True,540.0,540.0,True,True,True,0.0,-0.18803479100461118,0.999622678811946,0.0
v500_s6_p0,500,0.0,h2+3,1,1.3019828827325033,1.3019828827325033,447.818969208005,445.93550512500224,True,True,578.0,578.0,True,True,True,0.0,-1.8834640830027638,0.9957941395686436,0.0
v500_s6_p0,500,0.0,h2+3,2,1.3019050561280616,1.3019050561280616,504.81172991599306,489.29653291599243,True,True,554.0,554.0,True,True,True,0.0,-15.515197000000626,0.96926537938692,0.0
v500_s6_p0,500,0.0,h2+3,3,1.2973635218829607,1.2973635218829607,531.1816487500037,530.8670036669937,True,True,516.0,516.0,True,True,True,0.0,-0.31464508300996386,0.9994076506902104,0.0
v500_s6_p0,500,0.0,h2+3,4,1.2958230894140848,1.2958230894140848,491.9398430000001,500.90573808399495,True,True,577.0,577.0,True,True,True,0.0,8.965895083994837,1.0182255924409742,0.0
v500_s6_p0,500,0.0,h2+3+4,0,1.3117815196722704,1.3117815196722704,1067.2975565829984,1070.026459332992,True,True,471.0,471.0,True,True,True,0.0,2.728902749993722,1.0025568340648416,0.0
v500_s6_p0,500,0.0,h2+3+4,1,1.319836913209866,1.319836913209866,1346.3768678749911,1346.4627826659998,True,True,286.0,286.0,True,True,True,0.0,0.08591479100869037,1.0000638118442604,0.0
v500_s6_p0,500,0.0,h2+3+4,2,1.3198240435589248,1.3198240435589248,1364.559885458002,1380.8905242500186,True,True,284.0,284.0,True,True,True,0.0,16.330638792016543,1.011967696666193,0.0
v500_s6_p0,500,0.0,h2+3+4,3,1.3180493202584194,1.3180493202584194,1148.9191133750137,1143.2948158749787,True,True,489.0,489.0,True,True,True,0.0,-5.624297500035027,0.9951047054274227,0.0
v500_s6_p0,500,0.0,h2+3+4,4,1.3151288874347107,1.3151288874347107,1318.8021500839968,1338.2122641669994,True,True,301.0,301.0,True,True,True,0.0,19.410114083002554,1.0147179878966426,0.0
v500_s6_p10,500,0.1,h2,0,1.3124602737128646,1.3176689355364548,187.3073657920031,184.4557734169939,True,True,973.0,980.0,True,True,True,0.005208661823590255,-2.8515923750092043,0.9847758663256426,7.0
v500_s6_p10,500,0.1,h2,1,1.3183210727903776,1.3078997209118481,186.96818629199697,188.92014737499994,True,True,1040.0,972.0,True,True,True,-0.010421351878529439,1.9519610830029706,1.010440070697132,-68.0
v500_s6_p10,500,0.1,h2,2,1.3177468509086356,1.3206937878110072,191.3430382499937,190.43328129098518,True,True,1018.0,866.0,True,True,True,0.0029469369023715775,-0.9097569590085186,0.9952454138528944,-152.0
v500_s6_p10,500,0.1,h2,3,1.3056834195560352,1.3023528697572342,187.14955345899216,186.2383593750128,True,True,996.0,1043.0,True,True,True,-0.003330549798800986,-0.9111940839793533,0.995131198193433,47.0
v500_s6_p10,500,0.1,h2,4,1.3193278103417507,1.3112663096386499,207.90464737499133,188.02013233400066,True,True,734.0,875.0,True,True,True,-0.008061500703100855,-19.884515040990664,0.9043575249901674,141.0
v500_s6_p10,500,0.1,h3,0,1.342591119071473,1.331079903074588,385.946896458001,510.86184766699444,True,True,444.0,424.0,True,True,True,-0.011511215996885094,124.91495120899344,1.3236583901966597,-20.0
v500_s6_p10,500,0.1,h3,1,1.3468842185329402,1.3358057272556108,515.4146115830081,511.64847445799387,True,True,419.0,426.0,True,True,True,-0.011078491277329405,-3.766137125014211,0.9926929950366615,7.0
v500_s6_p10,500,0.1,h3,2,1.339326371744025,1.329542688308282,566.9701650000061,388.9726845420082,True,True,360.0,473.0,True,True,True,-0.009783683435742985,-177.99748045799788,0.6860549435471689,113.0
v500_s6_p10,500,0.1,h3,3,1.3365664786543288,1.3187305434289844,519.7086635830055,368.18815891598933,True,True,389.0,498.0,True,True,True,-0.017835935225344324,-151.5205046670162,0.7084510702161577,109.0
v500_s6_p10,500,0.1,h3,4,1.3331897886858382,1.3388703607569357,384.67703045898816,359.92150687502,True,True,435.0,498.0,True,True,True,0.005680572071097512,-24.75552358396817,0.9356459532963785,63.0
v500_s6_p10,500,0.1,h4,0,1.3435853753381684,1.3413308390630543,813.6700290000008,692.5327802919928,True,True,285.0,442.0,True,True,True,-0.002254536275114072,-121.13724870800797,0.8511223906613772,157.0
v500_s6_p10,500,0.1,h4,1,1.3359733227984567,1.3354115382023466,730.3740283749939,801.881946124995,True,True,335.0,292.0,True,True,True,-0.0005617845961101153,71.50791775000107,1.0979058879038988,-43.0
v500_s6_p10,500,0.1,h4,2,1.3521678747077324,1.3428079010056166,762.9343949590111,710.8123696249968,True,True,333.0,392.0,True,True,True,-0.00935997370211572,-52.122025334014324,0.9316821660179384,59.0
v500_s6_p10,500,0.1,h4,3,1.3361356635881108,1.3433248043401171,701.1065646670177,642.6822042080166,True,True,466.0,453.0,True,True,True,0.007189140752006384,-58.424360459001036,0.9166683591291874,-13.0
v500_s6_p10,500,0.1,h4,4,1.3410998893272374,1.3337771790032302,828.2725093329791,695.3068369580142,True,True,299.0,446.0,True,True,True,-0.00732271032400722,-132.96567237496492,0.8394662736276925,147.0
v500_s6_p10,500,0.1,h2+3,0,1.3394734886495923,1.328601291635014,387.5732927909994,517.0460869170056,True,True,444.0,424.0,True,True,True,-0.0108721970145782,129.4727941260062,1.3340601546449304,-20.0
v500_s6_p10,500,0.1,h2+3,1,1.3448125415796541,1.3355399497687883,521.0303399590048,528.3219402920076,True,True,419.0,426.0,True,True,True,-0.009272591810865816,7.291600333002862,1.013994579151718,7.0
v500_s6_p10,500,0.1,h2+3,2,1.3373904574876712,1.3242323410024042,572.2661889159936,389.3477450829814,True,True,360.0,473.0,True,True,True,-0.01315811648526699,-182.91844383301213,0.6803612595398959,113.0
v500_s6_p10,500,0.1,h2+3,3,1.336049853260738,1.3193606066418502,523.6616403749795,353.96532175000175,True,True,389.0,498.0,True,True,True,-0.016689246618887932,-169.69631862497772,0.6759428120351475,109.0
v500_s6_p10,500,0.1,h2+3,4,1.331690782064561,1.3382488174225073,391.69616049999604,369.7134166249889,True,True,435.0,498.0,True,True,True,0.006558035357946412,-21.982743875007145,0.9438780715977751,63.0
v500_s6_p10,500,0.1,h2+3+4,0,1.350438641383929,1.3415927813534139,820.601338374996,703.6516368339944,True,True,305.0,465.0,True,True,True,-0.00884586003051524,-116.94970154100156,0.8574829261519457,160.0
v500_s6_p10,500,0.1,h2+3+4,1,1.33144795585041,1.3412242797370184,761.098701541996,804.6777723749983,True,True,354.0,319.0,True,True,True,0.009776323886608429,43.57907083300233,1.0572581069245166,-35.0
v500_s6_p10,500,0.1,h2+3+4,2,1.3489993388132018,1.342609498418292,746.8331224579888,726.443146665988,True,True,347.0,414.0,True,True,True,-0.0063898403949098626,-20.38997579200077,0.9726980831743336,67.0
v500_s6_p10,500,0.1,h2+3+4,3,1.3395371661439757,1.3371622119231692,721.9328500420088,658.2443254580139,True,True,484.0,476.0,True,True,True,-0.002374954220806469,-63.68852458399488,0.9117805422203895,-8.0
v500_s6_p10,500,0.1,h2+3+4,4,1.345425680893895,1.342759306051318,817.0120420839812,704.5887853749737,True,True,319.0,431.0,True,True,True,-0.002666374842576813,-112.42325670900755,0.8623970628116501,112.0
v500_s6_p30,500,0.3,h2,0,1.4504593006297748,1.4689654973102584,28.607818124990445,26.240879334000056,True,True,1035.0,970.0,True,True,True,0.01850619668048359,-2.366938790990389,0.9172625196144286,-65.0
v500_s6_p30,500,0.3,h2,1,1.4550820708088401,1.4468716918055549,26.953993041999638,24.107459292004933,True,True,1035.0,970.0,True,True,True,-0.00821037900328525,-2.8465337499947054,0.8943928736065471,-65.0
v500_s6_p30,500,0.3,h2,2,1.4490390740214116,1.446815371087311,27.563682042004075,25.542312915989896,True,True,1035.0,970.0,True,True,True,-0.0022237029341005687,-2.0213691260141786,0.9266654896492482,-65.0
v500_s6_p30,500,0.3,h2,3,1.4690680497497253,1.4768493596341565,28.16200429201126,26.563047959003597,True,True,1035.0,970.0,True,True,True,0.0077813098844312645,-1.5989563330076635,0.9432229213365598,-65.0
v500_s6_p30,500,0.3,h2,4,1.4822419505303415,1.482746164894593,28.869036833988503,25.601034375024028,True,True,1035.0,970.0,True,True,True,0.0005042143642515207,-3.2680024589644745,0.8867990477909903,-65.0
v500_s6_p30,500,0.3,h3,0,1.4305856893157003,1.4226477875588666,114.21041579199664,89.91249754099408,True,True,452.0,455.0,True,True,True,-0.007937901756833732,-24.297918251002557,0.7872530444573931,3.0
v500_s6_p30,500,0.3,h3,1,1.4373345561242465,1.4196247897398464,98.08075125000323,98.08280179199937,True,True,473.0,446.0,True,True,True,-0.01770976638440014,0.0020505419961409643,1.0000209066709829,-27.0
v500_s6_p30,500,0.3,h3,2,1.439033849726498,1.4288158089485994,117.06827008299297,101.15540379099548,True,True,460.0,444.0,True,True,True,-0.010218040777898674,-15.912866291997489,0.8640719105124179,-16.0
v500_s6_p30,500,0.3,h3,3,1.4302571167095366,1.4289447044522097,115.40698200001498,90.61368891602615,True,True,428.0,467.0,True,True,True,-0.0013124122573269226,-24.79329308398883,0.7851664374692199,39.0
v500_s6_p30,500,0.3,h3,4,1.4238952190610836,1.4285118715338194,95.87319325000863,88.9537215839955,True,True,464.0,494.0,True,True,True,0.004616652472735794,-6.9194716660131235,0.9278268363507074,30.0
v500_s6_p30,500,0.3,h4,0,1.4187716681093117,1.4304946761100776,280.14623154199217,203.5352585829969,True,True,239.0,481.0,True,True,True,0.011723008000765978,-76.61097295899526,0.7265322023526426,242.0
v500_s6_p30,500,0.3,h4,1,1.4293129345423208,1.4302697422130015,276.9838015419955,160.9474728750065,True,True,253.0,465.0,True,True,True,0.0009568076706807371,-116.036328666989,0.581071788238144,212.0
v500_s6_p30,500,0.3,h4,2,1.4158885599917854,1.4176116427653567,239.53193116700277,244.9864427499997,True,True,348.0,283.0,True,True,True,0.0017230827735712495,5.454511582996929,1.0227715426349318,-65.0
v500_s6_p30,500,0.3,h4,3,1.434876306578426,1.4270189901010115,234.3132162920083,217.58346362499287,True,True,391.0,310.0,True,True,True,-0.0078573164774145,-16.72975266701542,0.9286009004026206,-81.0
v500_s6_p30,500,0.3,h4,4,1.4441207852411377,1.4242151742766296,223.1963650000107,232.56749045898323,True,True,389.0,309.0,True,True,True,-0.019905610964508158,9.371125458972529,1.041986012894843,-80.0
v500_s6_p30,500,0.3,h2+3,0,1.4295135352800858,1.4237375009148807,116.48931591700239,91.32087495799351,True,True,452.0,455.0,True,True,True,-0.005776034365205129,-25.168440959008876,0.7839420657518397,3.0
v500_s6_p30,500,0.3,h2+3,1,1.439479437376014,1.4153314425030843,98.66480045899516,100.36133204199723,True,True,473.0,447.0,True,True,True,-0.024147994872929734,1.69653158300207,1.0171949020837188,-26.0
v500_s6_p30,500,0.3,h2+3,2,1.4429483877894567,1.423897123143631,120.07798804200138,102.75087804198847,True,True,460.0,444.0,True,True,True,-0.019051264645825627,-17.327110000012908,0.8557011965094539,-16.0
v500_s6_p30,500,0.3,h2+3,3,1.4319796355684244,1.423144208386832,117.4502899159852,93.14674329099944,True,True,428.0,467.0,True,True,True,-0.00883542718159247,-24.303546624985756,0.7930737621646518,39.0
v500_s6_p30,500,0.3,h2+3,4,1.4269632297560781,1.4193293447229738,99.20980979199521,89.49417108300258,True,True,464.0,495.0,True,True,True,-0.0076338850331043595,-9.715638708992628,0.9020697778842376,31.0
v500_s6_p30,500,0.3,h2+3+4,0,1.4215333282947815,1.4280944388973755,288.09241562499665,207.7048288750084,True,True,252.0,487.0,True,True,True,0.006561110602594011,-80.38758674998826,0.7209659734512867,235.0
v500_s6_p30,500,0.3,h2+3+4,1,1.4270746914692567,1.4331608235984656,284.6378651249979,164.98389041599876,True,True,245.0,480.0,True,True,True,0.006086132129208943,-119.65397470899916,0.5796273462898077,235.0
v500_s6_p30,500,0.3,h2+3+4,2,1.431971579163321,1.4148229576414095,244.81214650001493,254.33186450001085,True,True,375.0,296.0,True,True,True,-0.017148621521911434,9.519717999995919,1.0388858074899292,-79.0
v500_s6_p30,500,0.3,h2+3+4,3,1.4388363874879782,1.4233060554402277,238.1400082919863,219.38717670799815,True,True,404.0,322.0,True,True,True,-0.01553033204775045,-18.752831583988154,0.9212529145417888,-82.0
v500_s6_p30,500,0.3,h2+3+4,4,1.4410362429194639,1.4237229246418914,231.50819087499985,241.64405133400578,True,True,403.0,323.0,True,True,True,-0.01731331827757243,10.135860459005926,1.0437818654307514,-80.0
v500_s6_p50,500,0.5,h2,0,,1.939037926588373,13.806274458998814,6.278620750003029,True,True,739.0,518.0,False,True,False,,-7.527653708995786,0.45476574934454356,-221.0
v500_s6_p50,500,0.5,h2,1,2.5897772688582466,1.934727134289591,14.204318208998302,5.968826875003288,True,True,739.0,518.0,True,True,True,-0.6550501345686555,-8.235491333995014,0.4202121345903172,-221.0
v500_s6_p50,500,0.5,h2,2,,1.9666703160566208,14.042916041013086,6.307469457999105,True,True,739.0,518.0,False,True,False,,-7.735446583013982,0.4491566736978134,-221.0
v500_s6_p50,500,0.5,h2,3,,2.0883684464737464,13.891673167003319,6.041483249980956,True,True,739.0,518.0,False,True,False,,-7.850189917022362,0.434899610532963,-221.0
v500_s6_p50,500,0.5,h2,4,,,13.736754959012615,5.557021917018574,True,True,739.0,518.0,False,False,False,,-8.17973304199404,0.404536728914469,-221.0
v500_s6_p50,500,0.5,h3,0,1.6918276410296584,1.8197771103478866,31.097638584004017,19.633603791997302,True,True,357.0,307.0,True,True,True,0.12794946931822815,-11.464034792006714,0.6313535266982112,-50.0
v500_s6_p50,500,0.5,h3,1,1.7122659725754146,1.7785964387669537,31.630587749998085,22.035326540993992,True,True,396.0,286.0,True,True,True,0.06633046619153915,-9.595261209004093,0.6966461298524346,-110.0
v500_s6_p50,500,0.5,h3,2,1.6556050815018053,1.7788884882751277,34.2427187920257,18.570373084017774,True,True,329.0,266.0,True,True,True,0.12328340677332239,-15.672345708007924,0.542315964944418,-63.0
v500_s6_p50,500,0.5,h3,3,1.699710448123355,1.7614834357893612,32.3233631659823,21.04352704199846,True,True,353.0,321.0,True,True,True,0.06177298766600625,-11.279836123983841,0.6510314825205148,-32.0
v500_s6_p50,500,0.5,h3,4,1.6984867399425796,1.7392222967550568,40.67469462499139,18.746716875000857,True,True,446.0,259.0,True,True,True,0.0407355568124772,-21.927977749990532,0.4608938566801797,-187.0
v500_s6_p50,500,0.5,h4,0,1.7077296645579447,,42.97516445899964,23.28436387499096,True,True,346.0,363.0,True,False,False,,-19.690800584008684,0.5418097677602922,17.0
v500_s6_p50,500,0.5,h4,1,1.7276761871240096,1.7419946147815604,39.753696292013046,24.518800290999934,True,True,357.0,292.0,True,True,True,0.014318427657550759,-15.234896001013112,0.6167678122531219,-65.0
v500_s6_p50,500,0.5,h4,2,1.723371505042259,1.772097188229816,43.84922674999689,25.136319458979415,True,True,357.0,261.0,True,True,True,0.04872568318755688,-18.712907291017473,0.5732443037659997,-96.0
v500_s6_p50,500,0.5,h4,3,1.751485045859908,1.7407566480039147,39.982153541001026,25.464738000009675,True,True,354.0,328.0,True,True,True,-0.010728397855993332,-14.517415540991351,0.636902611408763,-26.0
v500_s6_p50,500,0.5,h4,4,1.7291327546106712,1.7438162431301034,44.298097624996444,24.51979275001213,True,True,354.0,278.0,True,True,True,0.014683488519432242,-19.778304874984315,0.5535179627256984,-76.0
v500_s6_p50,500,0.5,h2+3,0,1.656353456165036,1.768743648955255,32.41197845801071,20.595358417005627,True,True,357.0,307.0,True,True,True,0.11239019279021911,-11.81662004100508,0.6354242905500707,-50.0
v500_s6_p50,500,0.5,h2+3,1,1.7093827715969807,1.7899482321205802,33.04099383299763,23.08963658301218,True,True,396.0,286.0,True,True,True,0.08056546052359947,-9.951357249985449,0.6988178594056952,-110.0
v500_s6_p50,500,0.5,h2+3,2,1.672081194908225,1.755449348653654,35.74520745899645,19.73722045798786,True,True,329.0,267.0,True,True,True,0.08336815374542894,-16.007987001008587,0.5521641042544948,-62.0
v500_s6_p50,500,0.5,h2+3,3,1.7014643284962643,1.8112443968794147,33.46607691599638,22.115285833977396,True,True,353.0,321.0,True,True,True,0.10978006838315046,-11.350791082018986,0.6608269588780679,-32.0
v500_s6_p50,500,0.5,h2+3,4,1.716266278212122,1.8189445648138702,42.447268999996595,19.803543374990113,True,True,446.0,260.0,True,True,True,0.10267828660174816,-22.643725625006482,0.4665445820552484,-186.0
v500_s6_p50,500,0.5,h2+3+4,0,1.7179062219189707,,46.93995512499532,25.795683042000746,True,True,346.0,366.0,True,False,False,,-21.144272082994576,0.5495463933297341,20.0
v500_s6_p50,500,0.5,h2+3+4,1,1.738836524414681,1.7362647396266624,43.38932137499796,26.898259459005203,True,True,357.0,295.0,True,True,True,-0.0025717847880186717,-16.49106191599276,0.6199280976656314,-62.0
v500_s6_p50,500,0.5,h2+3+4,2,1.730293038928901,1.7803727212346558,52.890554000012344,27.661719583004015,True,True,261.0,265.0,True,True,True,0.05007968230575477,-25.22883441700833,0.522999240715035,4.0
v500_s6_p50,500,0.5,h2+3+4,3,1.7270278731551048,1.7189347206023697,50.88454166598967,27.794890207995195,True,True,256.0,330.0,True,True,True,-0.008093152552735017,-23.089651457994478,0.5462344613506229,74.0
v500_s6_p50,500,0.5,h2+3+4,4,1.7244940202524048,1.748317746307417,48.15624737498001,26.735706917010248,True,True,356.0,282.0,True,True,True,0.023823726055012262,-21.420540457969764,0.5551866761715534,-74.0
v500_s7_p0,500,0.0,h2,0,1.2751954061199455,1.2751954061199455,267.5125495829998,259.7851964579895,True,True,1126.0,1126.0,True,True,True,0.0,-7.727353125010268,0.9711140537628768,0.0
v500_s7_p0,500,0.0,h2,1,1.2872005902199462,1.2872005902199462,266.53530395799316,265.59802120800305,True,True,1003.0,1003.0,True,True,True,0.0,-0.9372827499901177,0.9964834574029344,0.0
v500_s7_p0,500,0.0,h2,2,1.288375626561882,1.288375626561882,273.08219245800865,272.1661310000054,True,True,1045.0,1045.0,True,True,True,0.0,-0.9160614580032416,0.9966454734753746,0.0
v500_s7_p0,500,0.0,h2,3,1.2906010885859407,1.2906010885859407,268.4997802079888,273.6973882079765,True,True,976.0,976.0,True,True,True,0.0,5.197607999987667,1.0193579599803078,0.0
v500_s7_p0,500,0.0,h2,4,1.2937983254005494,1.2937983254005494,294.3649401659786,293.38649291702313,True,True,836.0,836.0,True,True,True,0.0,-0.9784472489554901,0.9966760740990289,0.0
v500_s7_p0,500,0.0,h3,0,1.3066590013088843,1.3066590013088843,487.5244737500034,473.85357008400024,True,True,599.0,599.0,True,True,True,0.0,-13.670903666003142,0.9719585284388955,0.0
v500_s7_p0,500,0.0,h3,1,1.3062382832382564,1.3062382832382564,457.9927162499953,454.2375197499932,True,True,635.0,635.0,True,True,True,0.0,-3.7551965000020573,0.9918007506085483,0.0
v500_s7_p0,500,0.0,h3,2,1.3147848310736137,1.3147848310736137,575.1508548329875,583.8953672500211,True,True,519.0,519.0,True,True,True,0.0,8.744512417033548,1.0152038588546874,0.0
v500_s7_p0,500,0.0,h3,3,1.3082742208588367,1.3082742208588367,511.9163438329997,510.53530945800594,True,True,586.0,586.0,True,True,True,0.0,-1.3810343749937601,0.997302226444553,0.0
v500_s7_p0,500,0.0,h3,4,1.3027546307962707,1.3027546307962707,580.2873406250146,561.5129203749821,True,True,496.0,496.0,True,True,True,0.0,-18.774420250032563,0.9676463383988163,0.0
v500_s7_p0,500,0.0,h4,0,1.310978437122428,1.310978437122428,1122.4622933329956,1128.7487901249988,True,True,488.0,488.0,True,True,True,0.0,6.286496792003163,1.0056006307110203,0.0
v500_s7_p0,500,0.0,h4,1,1.3149758529997957,1.3149758529997957,1190.621439999988,1179.6542041249922,True,True,366.0,366.0,True,True,True,0.0,-10.967235874995822,0.9907886457386523,0.0
v500_s7_p0,500,0.0,h4,2,1.3176107447557794,1.3176107447557794,1111.2069214160147,1120.3947404579958,True,True,358.0,358.0,True,True,True,0.0,9.187819041981129,1.0082683241661896,0.0
v500_s7_p0,500,0.0,h4,3,1.3223516699795097,1.3223516699795097,1289.9744690420048,1264.5456475410028,True,True,291.0,291.0,True,True,True,0.0,-25.42882150100195,0.980287345128709,0.0
v500_s7_p0,500,0.0,h4,4,1.318306826218262,1.318306826218262,1210.844092040992,1225.9615274169773,True,True,346.0,346.0,True,True,True,0.0,15.117435375985224,1.012485038722453,0.0
v500_s7_p0,500,0.0,h2+3,0,1.3110307188253785,1.3110307188253785,485.03296445800515,484.5239497500006,True,True,599.0,599.0,True,True,True,0.0,-0.5090147080045426,0.9989505564666654,0.0
v500_s7_p0,500,0.0,h2+3,1,1.3088762490577797,1.3088762490577797,448.63158408299205,452.8810893750051,True,True,635.0,635.0,True,True,True,0.0,4.249505292013055,1.0094721491816032,0.0
v500_s7_p0,500,0.0,h2+3,2,1.3095879427693298,1.3095879427693298,575.1954172499827,574.9240318330121,True,True,519.0,519.0,True,True,True,0.0,-0.27138541697058827,0.9995281857107484,0.0
v500_s7_p0,500,0.0,h2+3,3,1.3062848143958103,1.3062848143958103,531.0547620420111,519.1209171249939,True,True,586.0,586.0,True,True,True,0.0,-11.933844917017268,0.9775280333215933,0.0
v500_s7_p0,500,0.0,h2+3,4,1.2994852765088973,1.2994852765088973,568.965725624992,565.739263083,True,True,496.0,496.0,True,True,True,0.0,-3.2264625419920776,0.9943292497303807,0.0
v500_s7_p0,500,0.0,h2+3+4,0,1.3096142076367325,1.3096142076367325,1188.2240050830005,1154.0567151249998,True,True,444.0,444.0,True,True,True,0.0,-34.167289958000765,0.9712450768442318,0.0
v500_s7_p0,500,0.0,h2+3+4,1,1.3135489561491267,1.3135489561491267,1228.469998207991,1223.6219195829908,True,True,366.0,366.0,True,True,True,0.0,-4.848078625000198,0.9960535636750818,0.0
v500_s7_p0,500,0.0,h2+3+4,2,1.3173194426043455,1.3173194426043455,1124.3153512499994,1181.662301458011,True,True,358.0,358.0,True,True,True,0.0,57.34695020801155,1.0510061079787392,0.0
v500_s7_p0,500,0.0,h2+3+4,3,1.3219137890450412,1.3219137890450412,1287.9766481249826,1290.7796342090005,True,True,291.0,291.0,True,True,True,0.0,2.8029860840179026,1.0021762708882171,0.0
v500_s7_p0,500,0.0,h2+3+4,4,1.3209422191931235,1.3209422191931235,1212.4354586249974,1218.7473767079937,True,True,346.0,346.0,True,True,True,0.0,6.3119180829962716,1.0052059827499227,0.0
v500_s7_p10,500,0.1,h2,0,1.2906285229833248,1.297775675605711,195.17041841699393,193.5453550000093,True,True,1175.0,1188.0,True,True,True,0.007147152622386299,-1.6250634169846307,0.9916736182144541,13.0
v500_s7_p10,500,0.1,h2,1,1.2996705747125745,1.2926974722260398,193.24663770799816,192.3249308749946,True,True,1175.0,1136.0,True,True,True,-0.00697310248653471,-0.9217068330035545,0.9952304120582098,-39.0
v500_s7_p10,500,0.1,h2,2,1.2972184827376971,1.3003671942577735,198.77049337502103,196.91091816601693,True,True,1175.0,1137.0,True,True,True,0.0031487115200763416,-1.859575209004106,0.9906446113936255,-38.0
v500_s7_p10,500,0.1,h2,3,1.3039762190675792,1.3061299564676552,187.4472463330021,185.90844704199117,True,True,1054.0,1057.0,True,True,True,0.0021537374000759613,-1.538799291010946,0.9917907607547499,3.0
v500_s7_p10,500,0.1,h2,4,1.303698647248101,1.3082780093856705,195.0414569590066,193.28111583401915,True,True,1154.0,1138.0,True,True,True,0.004579362137569598,-1.7603411249874625,0.9909745284288076,-16.0
v500_s7_p10,500,0.1,h3,0,1.3169173314379528,1.3286298361578746,230.06034137499228,254.67223924999416,True,True,648.0,582.0,True,True,True,0.011712504719921801,24.611897875001887,1.1069801849719294,-66.0
v500_s7_p10,500,0.1,h3,1,1.3168069953380355,1.3201507518922406,284.76969170800294,277.74897487500857,True,True,570.0,599.0,True,True,True,0.0033437565542051573,-7.020716832994367,0.9753459829559626,29.0
v500_s7_p10,500,0.1,h3,2,1.3234373348653314,1.3216078763103252,282.83383479199256,247.05731670800014,True,True,575.0,586.0,True,True,True,-0.0018294585550062692,-35.776518083992414,0.8735069369960496,11.0
v500_s7_p10,500,0.1,h3,3,1.3318641586977018,1.324640892638419,243.48845529102255,289.5907903330226,True,True,605.0,555.0,True,True,True,-0.007223266059282807,46.10233504200005,1.1893409483702115,-50.0
v500_s7_p10,500,0.1,h3,4,1.3309016825999551,1.3248541398768465,293.7878593750065,282.7710670410015,True,True,574.0,562.0,True,True,True,-0.00604754272310859,-11.016792334005004,0.9625008590979841,-12.0
v500_s7_p10,500,0.1,h4,0,1.339973774978973,1.334818092332695,777.9179849159991,807.714372625007,True,True,380.0,360.0,True,True,True,-0.00515568264627797,29.79638770900783,1.0383027366467499,-20.0
v500_s7_p10,500,0.1,h4,1,1.3411316086894587,1.3307607669298842,723.4455962919892,780.1788990000059,True,True,338.0,338.0,True,True,True,-0.010370841759574478,56.73330270801671,1.078420966274178,0.0
v500_s7_p10,500,0.1,h4,2,1.3384117393273907,1.3305002529772494,848.1451043749985,735.7501787500223,True,True,281.0,332.0,True,True,True,-0.007911486350141272,-112.39492562497617,0.8674814898474237,51.0
v500_s7_p10,500,0.1,h4,3,1.3416755824661781,1.3338012257735763,813.9438867910067,807.6564420000068,True,True,289.0,360.0,True,True,True,-0.007874356692601836,-6.287444790999871,0.9922753338491327,71.0
v500_s7_p10,500,0.1,h4,4,1.3412137406680393,1.3407506407265302,806.5943702090008,812.8515441250056,True,True,261.0,310.0,True,True,True,-0.0004630999415091708,6.257173916004831,1.0077575224265247,49.0
v500_s7_p10,500,0.1,h2+3,0,1.3169496091194361,1.321517199187463,229.44224654200661,250.73591570901044,True,True,648.0,582.0,True,True,True,0.004567590068026872,21.293669167003827,1.0928062267865972,-66.0
v500_s7_p10,500,0.1,h2+3,1,1.322984845888681,1.323680513524183,286.70985408300476,285.9990092920052,True,True,570.0,599.0,True,True,True,0.0006956676355018843,-0.7108447909995448,0.9975206823871713,29.0
v500_s7_p10,500,0.1,h2+3,2,1.3198286039359357,1.3303378935392352,285.4282018340018,242.31800349999685,True,True,575.0,586.0,True,True,True,0.010509289603299443,-43.11019833400496,0.8489630735260112,11.0
v500_s7_p10,500,0.1,h2+3,3,1.3342499837859425,1.3273875590710766,249.57670433298335,296.14469408401055,True,True,605.0,556.0,True,True,True,-0.006862424714865867,46.5679897510272,1.1865878863793975,-49.0
v500_s7_p10,500,0.1,h2+3,4,1.3271624987010737,1.32697559267256,295.128521791019,287.5635457079916,True,True,574.0,562.0,True,True,True,-0.00018690602851378912,-7.564976083027432,0.9743671806536401,-12.0
v500_s7_p10,500,0.1,h2+3+4,0,1.343186905130483,1.3372267003046296,783.6275533330045,826.3895258340053,True,True,397.0,373.0,True,True,True,-0.005960204825853355,42.761972501000855,1.054569255916438,-24.0
v500_s7_p10,500,0.1,h2+3+4,1,1.3357245236795137,1.3343902387083209,728.6843177080009,793.190547916005,True,True,362.0,355.0,True,True,True,-0.0013342849711928118,64.50623020800413,1.088524246563864,-7.0
v500_s7_p10,500,0.1,h2+3+4,2,1.3410411993024867,1.336915024768451,832.7700335000118,754.7270026670012,True,True,290.0,346.0,True,True,True,-0.0041261745340357425,-78.04303083301056,0.9062850154381672,56.0
v500_s7_p10,500,0.1,h2+3+4,3,1.3427416170864868,1.3342651840031943,809.2636534170015,816.3445382500067,True,True,304.0,374.0,True,True,True,-0.00847643308329249,7.080884833005257,1.0087497872950395,70.0
v500_s7_p10,500,0.1,h2+3+4,4,1.3411568482108183,1.3384907398604395,811.1083997079986,813.9267371669994,True,True,283.0,326.0,True,True,True,-0.0026661083503787264,2.818337459000759,1.0034746742359164,43.0
v500_s7_p30,500,0.3,h2,0,1.4316157299204313,1.4396223623409887,41.72102491700207,33.22426441599964,True,True,1035.0,973.0,True,True,True,0.008006632420557436,-8.496760501002427,0.796343437921156,-62.0
v500_s7_p30,500,0.3,h2,1,1.4432090363573422,1.4572248269937762,39.4032317079982,32.579986958997324,True,True,1035.0,973.0,True,True,True,0.014015790636433989,-6.823244749000878,0.8268354027516004,-62.0
v500_s7_p30,500,0.3,h2,2,1.4444781994813904,1.4650953264286775,41.432472667016555,33.75910070800455,True,True,1035.0,973.0,True,True,True,0.020617126947287012,-7.673371959012002,0.8147981169098653,-62.0
v500_s7_p30,500,0.3,h2,3,1.451336210144432,1.453721013668699,41.17915691700182,33.6435118750087,True,True,1035.0,973.0,True,True,True,0.002384803524267065,-7.535645041993121,0.8170034161412896,-62.0
v500_s7_p30,500,0.3,h2,4,1.4527504268546172,1.4579395595523528,41.093074915988836,32.84809725001105,True,True,1035.0,973.0,True,True,True,0.005189132697735577,-8.244977665977785,0.7993584641004862,-62.0
v500_s7_p30,500,0.3,h3,0,1.4077514320358144,1.4305046499409002,92.97508695800207,115.30305600000429,True,True,502.0,379.0,True,True,True,0.022753217905085776,22.327969042002223,1.2401500205327909,-123.0
v500_s7_p30,500,0.3,h3,1,1.4235204677661057,1.420019107110619,95.17938937500003,106.07204387499951,True,True,463.0,407.0,True,True,True,-0.003501360655486785,10.89265449999948,1.1144434164951742,-56.0
v500_s7_p30,500,0.3,h3,2,1.4085151936784492,1.4158436335245626,92.02332033400307,107.78502825001488,True,True,533.0,424.0,True,True,True,0.0073284398461133105,15.761707916011801,1.17127949588,-109.0
v500_s7_p30,500,0.3,h3,3,1.3916308574821314,1.4226045173259,95.29641558302683,112.78089749999344,True,True,511.0,402.0,True,True,True,0.030973659843768653,17.484481916966615,1.1834747068921316,-109.0
v500_s7_p30,500,0.3,h3,4,1.4070073910341017,1.4116732398273366,92.08872974998667,104.81744145799894,True,True,489.0,414.0,True,True,True,0.00466584879323495,12.72871170801227,1.1382222530658168,-75.0
v500_s7_p30,500,0.3,h4,0,1.4212506870855437,1.4309471677104262,232.96806162499706,199.81694083299953,True,True,393.0,421.0,True,True,True,0.009696480624882486,-33.15112079199753,0.8577010060488031,28.0
v500_s7_p30,500,0.3,h4,1,1.4137586944449225,1.4180511140523335,228.8980588340055,212.84778554200602,True,True,404.0,342.0,True,True,True,0.004292419607411002,-16.050273291999474,0.9298802559805063,-62.0
v500_s7_p30,500,0.3,h4,2,1.428663861594778,1.4133171034749634,223.7329282920109,213.6234038330149,True,True,399.0,349.0,True,True,True,-0.015346758119814563,-10.10952445899602,0.9548143201978686,-50.0
v500_s7_p30,500,0.3,h4,3,1.4216388999292617,1.4149536925613773,170.71326362501713,194.19664395897416,True,True,476.0,405.0,True,True,True,-0.0066852073678844715,23.48338033395703,1.1375603736657498,-71.0
v500_s7_p30,500,0.3,h4,4,1.4429106118514379,1.415257561510566,218.78569208300905,212.3030538750172,True,True,444.0,353.0,True,True,True,-0.027653050340871843,-6.48263820799184,0.9703699170349207,-91.0
v500_s7_p30,500,0.3,h2+3,0,1.3948225610896823,1.4305530013111847,95.92532012499578,116.83950712499791,True,True,502.0,381.0,True,True,True,0.0357304402215024,20.91418700000213,1.218025720140937,-121.0
v500_s7_p30,500,0.3,h2+3,1,1.4146112111996274,1.4198414093015417,98.31158266701095,107.19177991600009,True,True,463.0,409.0,True,True,True,0.005230198101914274,8.880197248989134,1.0903270704029562,-54.0
v500_s7_p30,500,0.3,h2+3,2,1.4175404334143837,1.4176103174457972,93.18386124999961,113.30605620800634,True,True,533.0,425.0,True,True,True,6.988403141350297e-05,20.12219495800673,1.2159407722333122,-108.0
v500_s7_p30,500,0.3,h2+3,3,1.3977283671401957,1.425009778069205,97.36112379198312,114.29045349999797,True,True,511.0,406.0,True,True,True,0.027281410929009375,16.929329708014848,1.1738818231410846,-105.0
v500_s7_p30,500,0.3,h2+3,4,1.405900824133116,1.4230504268474578,92.45464470901061,107.58667974997661,True,True,489.0,416.0,True,True,True,0.01714960271434185,15.132035040966002,1.163669819819136,-73.0
v500_s7_p30,500,0.3,h2+3+4,0,1.4277580556708036,1.4297684341011307,237.6775835419976,204.28514495800482,True,True,409.0,437.0,True,True,True,0.002010378430327142,-33.39243858399277,0.8595053093086823,28.0
v500_s7_p30,500,0.3,h2+3+4,1,1.4184217763759235,1.4130684753281544,235.6129732499976,220.34522820801067,True,True,419.0,361.0,True,True,True,-0.005353301047769099,-15.267745041986927,0.9351998965448008,-58.0
v500_s7_p30,500,0.3,h2+3+4,2,1.4295095722974454,1.4184778242158345,228.61596520798048,215.87096595900948,True,True,410.0,419.0,True,True,True,-0.011031748081610893,-12.744999248970998,0.9442514907592897,9.0
v500_s7_p30,500,0.3,h2+3+4,3,1.4187911473993642,1.4138543458370945,176.3088356660155,200.61095162498532,True,True,488.0,422.0,True,True,True,-0.0049368015622697214,24.302115958969807,1.137838332759486,-66.0
v500_s7_p30,500,0.3,h2+3+4,4,1.4233036998161122,1.4152034573472045,228.0222219589923,216.90059925001697,True,True,391.0,372.0,True,True,True,-0.008100242468907615,-11.121622708975337,0.9512257068042453,-19.0
v500_s7_p50,500,0.5,h2,0,,2.089021782349197,13.771137415998965,6.121261749998666,True,True,739.0,521.0,False,True,False,,-7.649875666000298,0.4444993587012745,-218.0
v500_s7_p50,500,0.5,h2,1,,1.9082678331616194,13.845253790990682,5.93082191600115,True,True,739.0,521.0,False,True,False,,-7.914431874989532,0.4283649838084172,-218.0
v500_s7_p50,500,0.5,h2,2,,1.9217932684160148,14.035300832998473,6.292331208009273,True,True,739.0,521.0,False,True,False,,-7.7429696249892,0.44832179109516046,-218.0
v500_s7_p50,500,0.5,h2,3,,1.890625610705347,14.14111020899145,5.954312707995996,True,True,739.0,521.0,False,True,False,,-8.186797500995453,0.42106401972668456,-218.0
v500_s7_p50,500,0.5,h2,4,,1.938975342242956,13.789800375001505,6.034272625023732,True,True,739.0,521.0,False,True,False,,-7.755527749977773,0.4375895561158965,-218.0
v500_s7_p50,500,0.5,h3,0,1.6599314758937334,1.7219351341968034,30.15350341699377,18.207064999995055,True,True,394.0,252.0,True,True,True,0.062003658303070086,-11.946438416998717,0.6038125901394927,-142.0
v500_s7_p50,500,0.5,h3,1,1.6624107103876007,1.7598429565652038,33.602277833007975,18.762903291004477,True,True,456.0,274.0,True,True,True,0.09743224617760315,-14.839374542003497,0.5583818866164312,-182.0
v500_s7_p50,500,0.5,h3,2,1.7092367299278666,1.684622880507797,29.543900917022256,18.22140366700478,True,True,443.0,280.0,True,True,True,-0.02461384942006961,-11.322497250017477,0.6167568635632062,-163.0
v500_s7_p50,500,0.5,h3,3,1.6959153207415643,1.7682630569031164,31.367597875010688,18.13490824998007,True,True,412.0,301.0,True,True,True,0.0723477361615521,-13.232689625030616,0.5781414414403543,-111.0
v500_s7_p50,500,0.5,h3,4,1.6225840392569637,1.7213314990529471,37.64021379200858,17.852073791989824,True,True,507.0,258.0,True,True,True,0.09874745979598343,-19.788140000018757,0.4742819445882109,-249.0
v500_s7_p50,500,0.5,h4,0,1.650050247654608,1.7006054910951838,39.664267375002964,30.920129750011256,True,True,368.0,271.0,True,True,True,0.050555243440575826,-8.744137624991708,0.779546221229277,-97.0
v500_s7_p50,500,0.5,h4,1,1.6452206315272364,1.7098941442741298,39.50075462499808,31.954138291999698,True,True,421.0,193.0,True,True,True,0.06467351274689337,-7.546616332998383,0.8089500718494501,-228.0
v500_s7_p50,500,0.5,h4,2,1.7712208282969113,1.7143520229719136,38.5119854589866,26.75901700000395,True,True,415.0,288.0,True,True,True,-0.05686880532499772,-11.75296845898265,0.69482309678635,-127.0
v500_s7_p50,500,0.5,h4,3,1.6830534660812355,1.6998289451485462,40.12431358298636,31.772537375014508,True,True,382.0,189.0,True,True,True,0.016775479067310695,-8.351776207971852,0.7918524838886416,-193.0
v500_s7_p50,500,0.5,h4,4,1.6636329913825756,1.6583065470201213,39.86397725000279,25.08172587500303,True,True,455.0,350.0,True,True,True,-0.00532644436245433,-14.78225137499976,0.6291827259910769,-105.0
v500_s7_p50,500,0.5,h2+3,0,1.62637282814773,1.7290337842451902,31.968865208007628,19.090356542001246,True,True,394.0,253.0,True,True,True,0.10266095609746007,-12.878508666006383,0.5971546508701051,-141.0
v500_s7_p50,500,0.5,h2+3,1,1.6640346104025596,1.754732974923764,35.04423399998632,19.634227875008946,True,True,456.0,276.0,True,True,True,0.09069836452120428,-15.410006124977372,0.5602698542366945,-180.0
v500_s7_p50,500,0.5,h2+3,2,1.721958320959699,1.7041596699232404,31.24236208401271,19.099677583988523,True,True,443.0,280.0,True,True,True,-0.0177986510364585,-12.142684500024188,0.611339102102084,-163.0
v500_s7_p50,500,0.5,h2+3,3,1.712073525143717,1.7365285591971844,32.81374220899306,18.905438458983554,True,True,412.0,301.0,True,True,True,0.024455034053467495,-13.908303750009509,0.5761439319713512,-111.0
v500_s7_p50,500,0.5,h2+3,4,1.6479645722250127,1.739883187018705,39.00725770799909,18.879732500005048,True,True,507.0,259.0,True,True,True,0.09191861479369234,-20.12752520799404,0.4840056340626438,-248.0
v500_s7_p50,500,0.5,h2+3+4,0,1.6990744665074398,1.7078094021134835,43.19761866700719,33.26739541700226,True,True,370.0,278.0,True,True,True,0.00873493560604377,-9.930223250004929,0.7701210493441093,-92.0
v500_s7_p50,500,0.5,h2+3+4,1,1.6636615556877072,1.7028968259958552,43.29914804101281,33.733784458003356,True,True,421.0,198.0,True,True,True,0.039235270308147996,-9.565363583009457,0.7790865636906025,-223.0
v500_s7_p50,500,0.5,h2+3+4,2,1.6627620616201575,1.7247464295245845,45.25401445798343,29.01085091699497,True,True,387.0,294.0,True,True,True,0.06198436790442696,-16.243163540988462,0.6410669034441221,-93.0
v500_s7_p50,500,0.5,h2+3+4,3,1.679950265417466,1.6967166553679434,43.74180616700323,33.72379033299512,True,True,382.0,195.0,True,True,True,0.0167663899504773,-10.01801583400811,0.7709738871833502,-187.0
v500_s7_p50,500,0.5,h2+3+4,4,,1.6638692185991493,44.22226562499418,30.374409707990708,True,True,445.0,269.0,False,True,False,,-13.847855917003471,0.6868578368545473,-176.0
v500_s8_p0,500,0.0,h2,0,1.2811161748078743,1.2811161748078743,271.5159415000089,268.4229626249871,True,True,1117.0,1117.0,True,True,True,0.0,-3.0929788750217995,0.98860848148387,0.0
v500_s8_p0,500,0.0,h2,1,1.2853360583145383,1.2853360583145383,257.7959452079958,261.8007862920058,True,True,1137.0,1137.0,True,True,True,0.0,4.004841084009968,1.0155349265900158,0.0
v500_s8_p0,500,0.0,h2,2,1.2813533253828258,1.2813533253828258,276.3642402080004,274.1212888750015,True,True,1015.0,1015.0,True,True,True,0.0,-2.2429513329989277,0.9918840754096448,0.0
v500_s8_p0,500,0.0,h2,3,1.280378599896758,1.280378599896758,268.2579981669842,268.0965611249849,True,True,1163.0,1163.0,True,True,True,0.0,-0.16143704199930653,0.9993982023160449,0.0
v500_s8_p0,500,0.0,h2,4,1.269708163408358,1.269708163408358,277.68813616700936,272.27280570799485,True,True,1124.0,1124.0,True,True,True,0.0,-5.415330459014513,0.9804985170279021,0.0
v500_s8_p0,500,0.0,h3,0,1.2921298790562459,1.2921298790562459,357.41711554200447,357.77170987499994,True,True,689.0,689.0,True,True,True,0.0,0.35459433299547527,1.0009921022737194,0.0
v500_s8_p0,500,0.0,h3,1,1.2887594161190314,1.2887594161190314,485.4985987919936,466.30035329099337,True,True,624.0,624.0,True,True,True,0.0,-19.1982455010002,0.9604566407631889,0.0
v500_s8_p0,500,0.0,h3,2,1.2983749317601034,1.2983749317601034,473.30614858400077,471.6267617919948,True,True,607.0,607.0,True,True,True,0.0,-1.679386792005971,0.9964517959527248,0.0
v500_s8_p0,500,0.0,h3,3,1.309877024618228,1.309877024618228,457.28183587500826,453.60561454101116,True,True,619.0,619.0,True,True,True,0.0,-3.6762213339970913,0.9919607099045108,0.0
v500_s8_p0,500,0.0,h3,4,1.3064801388664697,1.3064801388664697,465.7113270830014,462.16507879199344,True,True,592.0,592.0,True,True,True,0.0,-3.5462482910079416,0.9923853080550563,0.0
v500_s8_p0,500,0.0,h4,0,1.319248700898911,1.319248700898911,1203.301705083999,1229.8416604999948,True,True,322.0,322.0,True,True,True,0.0,26.53995541599579,1.0220559443270656,0.0
v500_s8_p0,500,0.0,h4,1,1.3245576544926128,1.3245576544926128,1175.9620327090088,1174.5348700839968,True,True,414.0,414.0,True,True,True,0.0,-1.427162625011988,0.9987863871576498,0.0
v500_s8_p0,500,0.0,h4,2,1.3076098255236515,1.3076098255236515,1106.3933347089915,1138.7808006250125,True,True,405.0,405.0,True,True,True,0.0,32.38746591602103,1.029273012499248,0.0
v500_s8_p0,500,0.0,h4,3,1.3177643466648727,1.3177643466648727,1181.1888057079923,1190.867035000003,True,True,450.0,450.0,True,True,True,0.0,9.678229292010656,1.0081936344513607,0.0
v500_s8_p0,500,0.0,h4,4,1.3109594356885637,1.3109594356885637,1192.8516514170042,1209.3217219169892,True,True,447.0,447.0,True,True,True,0.0,16.470070499985013,1.0138073082938854,0.0
v500_s8_p0,500,0.0,h2+3,0,1.2903738064770323,1.2903738064770323,367.54111037500843,371.507462249996,True,True,689.0,689.0,True,True,True,0.0,3.966351874987595,1.0107915870171384,0.0
v500_s8_p0,500,0.0,h2+3,1,1.2959106316536237,1.2959106316536237,475.7399192090088,491.7069150830066,True,True,624.0,624.0,True,True,True,0.0,15.966995873997803,1.0335624471045974,0.0
v500_s8_p0,500,0.0,h2+3,2,1.2952545305792575,1.2952545305792575,498.9399677909969,477.8719220829953,True,True,607.0,607.0,True,True,True,0.0,-21.06804570800159,0.957774387565546,0.0
v500_s8_p0,500,0.0,h2+3,3,1.304612010451837,1.304612010451837,459.2410631660023,454.9903612920025,True,True,619.0,619.0,True,True,True,0.0,-4.2507018739997875,0.9907440727432005,0.0
v500_s8_p0,500,0.0,h2+3,4,1.3010494521239448,1.3010494521239448,473.786750750005,473.7097568330064,True,True,592.0,592.0,True,True,True,0.0,-0.07699391699861735,0.9998374924649608,0.0
v500_s8_p0,500,0.0,h2+3+4,0,1.320024295294507,1.320024295294507,1233.819575333997,1235.7394470839936,True,True,322.0,322.0,True,True,True,0.0,1.9198717499966733,1.0015560393013516,0.0
v500_s8_p0,500,0.0,h2+3+4,1,1.324091867234889,1.324091867234889,1189.4065743749961,1185.465165665999,True,True,414.0,414.0,True,True,True,0.0,-3.941408708997187,0.9966862393449706,0.0
v500_s8_p0,500,0.0,h2+3+4,2,1.3069397508977711,1.3069397508977711,1121.708579875005,1115.3083749579964,True,True,405.0,405.0,True,True,True,0.0,-6.400204917008523,0.9942942355689909,0.0
v500_s8_p0,500,0.0,h2+3+4,3,1.3198484448979544,1.3198484448979544,1200.6758507500053,1188.5975193750055,True,True,450.0,450.0,True,True,True,0.0,-12.078331374999834,0.9899403895169083,0.0
v500_s8_p0,500,0.0,h2+3+4,4,1.3091498769162238,1.3091498769162238,1212.2762741250044,1193.6644175419933,True,True,447.0,447.0,True,True,True,0.0,-18.611856583011104,0.984647182345918,0.0
v500_s8_p10,500,0.1,h2,0,1.2962718756524216,1.3142734503609734,184.22198225000466,182.7865042080084,True,True,966.0,1107.0,True,True,True,0.018001574708551793,-1.435478041996248,0.9922078895012204,141.0
v500_s8_p10,500,0.1,h2,1,1.3193004760622675,1.3014632919826108,184.2672501670022,197.21986620800453,True,True,1023.0,1111.0,True,True,True,-0.01783718407965673,12.95261604100233,1.0702925562152976,88.0
v500_s8_p10,500,0.1,h2,2,1.304771178146,1.3018503378041597,191.08592941699317,192.98419741701218,True,True,1011.0,1126.0,True,True,True,-0.0029208403418403694,1.8982680000190157,1.0099341066388858,115.0
v500_s8_p10,500,0.1,h2,3,1.3013836805787098,1.308521030586104,183.0543467499956,183.55117750001955,True,True,969.0,1133.0,True,True,True,0.007137350007394128,0.49683075002394617,1.002714116101829,164.0
v500_s8_p10,500,0.1,h2,4,1.311587791210263,1.3005107824474753,194.41324708302272,188.20041179200052,True,True,1011.0,1110.0,True,True,True,-0.01107700876278761,-6.212835291022202,0.9680431483747141,99.0
v500_s8_p10,500,0.1,h3,0,1.3317752618806338,1.3410538741912996,354.6545707089972,248.05259366700193,True,True,521.0,603.0,True,True,True,0.009278612310665846,-106.60197704199527,0.6994202645439334,82.0
v500_s8_p10,500,0.1,h3,1,1.3317242414421373,1.3360627696398881,325.1930642919906,316.5744619580073,True,True,553.0,530.0,True,True,True,0.004338528197750824,-8.61860233398329,0.9734969675544967,-23.0
v500_s8_p10,500,0.1,h3,2,1.3374341882274632,1.3381778261617978,333.1860471669934,329.38994745799573,True,True,544.0,557.0,True,True,True,0.0007436379343346289,-3.7960997089976445,0.9886066666318262,13.0
v500_s8_p10,500,0.1,h3,3,1.3265898856427962,1.3445055385711016,328.5694227909844,379.3815587499994,True,True,535.0,460.0,True,True,True,0.017915652928305326,50.812135959014995,1.1546465752272346,-75.0
v500_s8_p10,500,0.1,h3,4,1.3249913680226073,1.344557839306854,293.09193270799005,383.39411345799454,True,True,557.0,483.0,True,True,True,0.01956647128424671,90.30218075000448,1.308101897980158,-74.0
v500_s8_p10,500,0.1,h4,0,1.3479270380416162,1.340362961958342,742.240352000008,795.3850212089892,True,True,343.0,284.0,True,True,True,-0.0075640760832742515,53.14466920898121,1.0716003502986329,-59.0
v500_s8_p10,500,0.1,h4,1,1.33348194206499,1.3499952616078381,708.433090208011,695.9895245420048,True,True,497.0,394.0,True,True,True,0.01651331954284818,-12.44356566600618,0.9824350869009344,-103.0
v500_s8_p10,500,0.1,h4,2,1.3390035613320168,1.346887518749551,739.4773356670048,698.1613049590087,True,True,357.0,423.0,True,True,True,0.007883957417534226,-41.316030707996106,0.9441280635454105,66.0
v500_s8_p10,500,0.1,h4,3,1.333833602356999,1.3318910955270555,773.745323915995,704.1356640830054,True,True,416.0,416.0,True,True,True,-0.0019425068299434578,-69.60965983298956,0.9100354371375212,0.0
v500_s8_p10,500,0.1,h4,4,1.3362531224095786,1.342099667724785,698.1625828750257,732.7055708340195,True,True,407.0,341.0,True,True,True,0.005846545315206342,34.54298795899376,1.049476996914882,-66.0
v500_s8_p10,500,0.1,h2+3,0,1.3332276815790243,1.33803749763002,356.5062408340018,250.71049133299675,True,True,521.0,603.0,True,True,True,0.00480981605099573,-105.79574950100505,0.7032429242935296,82.0
v500_s8_p10,500,0.1,h2+3,1,1.3366257725664956,1.3364075981174777,330.9303377909964,314.98518191699986,True,True,553.0,530.0,True,True,True,-0.00021817444901794936,-15.945155873996555,0.9518171830952926,-23.0
v500_s8_p10,500,0.1,h2+3,2,1.336187105330462,1.3344161118181517,336.0782767919882,336.04340975001105,True,True,544.0,557.0,True,True,True,-0.0017709935123102483,-0.034867041977122426,0.9998962532112758,13.0
v500_s8_p10,500,0.1,h2+3,3,1.3280593129357554,1.337620331262026,327.48817425000016,382.53634749999037,True,True,535.0,461.0,True,True,True,0.009561018326270654,55.048173249990214,1.168092094855209,-74.0
v500_s8_p10,500,0.1,h2+3,4,1.3248987389893803,1.3417006451221278,298.2805459579977,386.03281320800306,True,True,557.0,484.0,True,True,True,0.01680190613274757,87.75226725000539,1.2941937328435835,-73.0
v500_s8_p10,500,0.1,h2+3+4,0,1.3368987422526817,1.3407696572631123,739.833957750001,804.1037529160094,True,True,363.0,299.0,True,True,True,0.0038709150104305756,64.26979516600841,1.086870566689676,-64.0
v500_s8_p10,500,0.1,h2+3+4,1,1.3387841892980714,1.3535148464157962,730.9690526250051,732.0977402909921,True,True,512.0,411.0,True,True,True,0.01473065711772481,1.128687665986945,1.0015440977452241,-101.0
v500_s8_p10,500,0.1,h2+3+4,2,1.3327692963276183,1.343986041203388,725.3498497920227,716.7724383749883,True,True,526.0,433.0,True,True,True,0.011216744875769624,-8.577411417034455,0.9881747939708075,-93.0
v500_s8_p10,500,0.1,h2+3+4,3,1.336214920895732,1.3446372224510494,715.505847124994,708.1484849999833,True,True,478.0,434.0,True,True,True,0.008422301555317535,-7.357362125010695,0.9897172578608915,-44.0
v500_s8_p10,500,0.1,h2+3+4,4,1.3349768933568913,1.3396131790431973,716.8691077500116,745.4150831250008,True,True,444.0,360.0,True,True,True,0.00463628568630603,28.54597537498921,1.039820345257427,-84.0
v500_s8_p30,500,0.3,h2,0,1.487987574871685,1.4743404503356528,43.02882000000682,33.73158816700743,True,True,1036.0,965.0,True,True,True,-0.01364712453603234,-9.297231832999387,0.7839301232755648,-71.0
v500_s8_p30,500,0.3,h2,1,1.4709405084238667,1.4809598318329715,43.71729737499845,33.49566312500974,True,True,1036.0,965.0,True,True,True,0.01001932340910483,-10.22163424998871,0.7661878738223563,-71.0
v500_s8_p30,500,0.3,h2,2,1.479576006337783,1.4672443024115533,43.993328792013926,34.36523125000531,True,True,1036.0,965.0,True,True,True,-0.01233170392622962,-9.628097542008618,0.7811464190962426,-71.0
v500_s8_p30,500,0.3,h2,3,1.4834624036194182,1.4946881563559158,43.38475608298904,34.08648954099044,True,True,1036.0,965.0,True,True,True,0.011225752736497618,-9.2982665419986,0.7856789485179472,-71.0
v500_s8_p30,500,0.3,h2,4,1.4631348438401854,1.477689790402223,43.57490566698834,33.989293041988276,True,True,1036.0,965.0,True,True,True,0.014554946562037596,-9.585612625000067,0.7800198880921049,-71.0
v500_s8_p30,500,0.3,h3,0,1.4473718644697047,1.4573992288247104,112.34880754200276,83.25749862501107,True,True,456.0,515.0,True,True,True,0.01002736435500573,-29.091308916991693,0.7410625928885306,59.0
v500_s8_p30,500,0.3,h3,1,1.4619716268825187,1.4612529257124833,95.680801333001,101.68994954200753,True,True,469.0,418.0,True,True,True,-0.0007187011700353629,6.009148209006526,1.0628041166596494,-51.0
v500_s8_p30,500,0.3,h3,2,1.440018186609674,1.4536033113305584,95.4420070000051,83.8196176670026,True,True,491.0,485.0,True,True,True,0.013585124720884467,-11.622389333002502,0.8782256398589577,-6.0
v500_s8_p30,500,0.3,h3,3,1.4427700040421534,1.459082394749876,94.35352254199097,89.72295116598252,True,True,482.0,485.0,True,True,True,0.016312390707722724,-4.630571376008447,0.950923174342032,3.0
v500_s8_p30,500,0.3,h3,4,1.4595447543396523,1.449049792607462,97.55442912501167,87.40968504198827,True,True,468.0,461.0,True,True,True,-0.010494961732190333,-10.144744083023397,0.8960093952267061,-7.0
v500_s8_p30,500,0.3,h4,0,1.440824397101761,1.4745343017171357,218.88049491700076,240.53513583299355,True,True,471.0,287.0,True,True,True,0.03370990461537482,21.654640915992786,1.0989336255119682,-184.0
v500_s8_p30,500,0.3,h4,1,1.4570758133736632,1.4621978880906519,255.40660812499118,236.13862558300025,True,True,293.0,301.0,True,True,True,0.005122074716988667,-19.267982541990932,0.9245595770468024,8.0
v500_s8_p30,500,0.3,h4,2,1.4637755150596627,1.472832937716223,225.93718645902118,234.31516570798703,True,True,455.0,326.0,True,True,True,0.009057422656560288,8.377979248965858,1.0370810107900736,-129.0
v500_s8_p30,500,0.3,h4,3,1.4607307439831834,1.4626109672177159,237.67095324999536,234.01447804199415,True,True,384.0,315.0,True,True,True,0.0018802232345325187,-3.6564752080012113,0.9846153888053997,-69.0
v500_s8_p30,500,0.3,h4,4,1.473878787759573,1.4719158464270774,226.5774180419976,237.4210979579948,True,True,431.0,277.0,True,True,True,-0.001962941332495527,10.8436799159972,1.0478586083719397,-154.0
v500_s8_p30,500,0.3,h2+3,0,1.4463037669379892,1.4458976517273987,116.68118712499563,85.71476262499345,True,True,456.0,515.0,True,True,True,-0.0004061152105905297,-30.966424500002177,0.7346065354406349,59.0
v500_s8_p30,500,0.3,h2+3,1,1.4548885118491208,1.4644686000157245,95.0849472090049,103.67742529099633,True,True,469.0,420.0,True,True,True,0.009580088166603717,8.59247808199143,1.090366333833098,-49.0
v500_s8_p30,500,0.3,h2+3,2,1.4504591962946851,1.4434959557026914,98.20548041598522,85.10345916598453,True,True,491.0,485.0,True,True,True,-0.0069632405919937135,-13.10202125000069,0.8665856406943656,-6.0
v500_s8_p30,500,0.3,h2+3,3,1.436211856279926,1.4562113572439899,99.59157012499054,89.99784158400143,True,True,482.0,485.0,True,True,True,0.019999500964063888,-9.593728540989105,0.9036692711145263,3.0
v500_s8_p30,500,0.3,h2+3,4,1.455314156303127,1.455701437914158,100.7451766669983,89.67986479101819,True,True,468.0,461.0,True,True,True,0.0003872816110308541,-11.065311875980115,0.8901653434729164,-7.0
v500_s8_p30,500,0.3,h2+3+4,0,1.444045488888658,1.473774937951083,236.15248491699458,242.9162221250008,True,True,446.0,301.0,True,True,True,0.029729449062424917,6.763737208006205,1.0286413975715039,-145.0
v500_s8_p30,500,0.3,h2+3+4,1,1.4529688064149568,1.474666943709617,267.6530718330032,245.64034187499783,True,True,306.0,315.0,True,True,True,0.02169813729466008,-22.012729958005366,0.9177564830201547,9.0
v500_s8_p30,500,0.3,h2+3+4,2,1.4681069728124767,1.4749981721325074,237.3326438330114,240.9359925419849,True,True,464.0,339.0,True,True,True,0.006891199320030683,3.603348708973499,1.0151826931633932,-125.0
v500_s8_p30,500,0.3,h2+3+4,3,1.465605238854717,1.4629193070096431,244.44939095902373,243.6090603750199,True,True,399.0,331.0,True,True,True,-0.002685931845073819,-0.8403305840038229,0.9965623535378548,-68.0
v500_s8_p30,500,0.3,h2+3+4,4,1.4733902883978165,1.483042613821581,231.66733333299635,245.31373979101772,True,True,449.0,295.0,True,True,True,0.009652325423764596,13.646406458021374,1.0589051821061288,-154.0
v500_s8_p50,500,0.5,h2,0,2.038961249636016,1.9846361104820416,14.55515749999904,5.995305584001471,True,True,740.0,517.0,True,True,True,-0.0543251391539743,-8.55985191599757,0.41190248776090993,-223.0
v500_s8_p50,500,0.5,h2,1,2.115199399148252,1.998568193602379,14.503176375001203,6.190475834009703,True,True,740.0,517.0,True,True,True,-0.11663120554587292,-8.3127005409915,0.4268358650509199,-223.0
v500_s8_p50,500,0.5,h2,2,1.9369917757455553,1.9006853710620033,14.768982583016623,6.047915750008542,True,True,740.0,517.0,True,True,True,-0.03630640468355195,-8.72106683300808,0.4095011769438509,-223.0
v500_s8_p50,500,0.5,h2,3,,1.9401128304144803,14.019502624985762,6.078658750018803,True,True,740.0,517.0,False,True,False,,-7.9408438749669585,0.4335859061922303,-223.0
v500_s8_p50,500,0.5,h2,4,2.178118480372629,2.04642155021799,14.68436612500227,6.38848712501931,True,True,740.0,517.0,True,True,True,-0.1316969301546389,-8.29587899998296,0.43505365302367266,-223.0
v500_s8_p50,500,0.5,h3,0,1.6930047140340894,1.7771779994705905,33.72954541599029,19.310275374999037,True,True,476.0,329.0,True,True,True,0.08417328543650116,-14.41927004099125,0.5725032797460871,-147.0
v500_s8_p50,500,0.5,h3,1,1.6692248706906891,1.8358597730522426,40.89399854200019,21.268069833007758,True,True,488.0,322.0,True,True,True,0.16663490236155343,-19.625928708992433,0.520078021012408,-166.0
v500_s8_p50,500,0.5,h3,2,1.7141881816187532,1.7681705769257703,33.70999537498574,19.265109250001842,True,True,480.0,308.0,True,True,True,0.053982395307017095,-14.444886124983896,0.571495458118555,-172.0
v500_s8_p50,500,0.5,h3,3,1.6840253981921025,1.7712453137072919,39.94444225000916,20.541288874985185,True,True,467.0,334.0,True,True,True,0.08721991551518937,-19.403153375023976,0.5142464813106878,-133.0
v500_s8_p50,500,0.5,h3,4,1.6722901647088635,1.7653755356472796,31.062622166005895,17.93783695800812,True,True,440.0,320.0,True,True,True,0.09308537093841607,-13.124785207997775,0.5774733653245414,-120.0
v500_s8_p50,500,0.5,h4,0,1.8351041872626124,1.7437138393063196,34.43280283399508,25.644304333996843,True,True,537.0,277.0,True,True,True,-0.09139034795629275,-8.78849849999824,0.744763778238771,-260.0
v500_s8_p50,500,0.5,h4,1,1.7159538248809612,1.7070473960045132,33.22778158300207,24.51753800000006,True,True,480.0,288.0,True,True,True,-0.008906428876447992,-8.710243583002011,0.7378626207336754,-192.0
v500_s8_p50,500,0.5,h4,2,1.7500228049154116,1.7510724704531604,34.100060833996395,24.648128415981773,True,True,505.0,290.0,True,True,True,0.0010496655377487674,-9.451932418014621,0.722817725633163,-215.0
v500_s8_p50,500,0.5,h4,3,1.7204808041421589,1.816507491977893,39.981331249990035,24.229081333003705,True,True,407.0,324.0,True,True,True,0.09602668783573409,-15.75224991698633,0.6060098694940215,-83.0
v500_s8_p50,500,0.5,h4,4,1.7644577520810554,1.6975812238260304,34.64807383401785,24.750375417002942,True,True,485.0,310.0,True,True,True,-0.06687652825502499,-9.897698417014908,0.7143362582165464,-175.0
v500_s8_p50,500,0.5,h2+3,0,1.714943874702008,1.8315725415796886,35.43408937500499,19.801278875005664,True,True,476.0,329.0,True,True,True,0.11662866687768059,-15.632810499999323,0.5588200296456152,-147.0
v500_s8_p50,500,0.5,h2+3,1,1.7001370890011556,1.8000266012703363,41.88075645799108,21.44526454200968,True,True,488.0,322.0,True,True,True,0.09988951226918075,-20.4354919159814,0.5120553293616024,-166.0
v500_s8_p50,500,0.5,h2+3,2,1.6891360557819837,1.7997258618385035,35.37306891698972,19.946854457986774,True,True,480.0,308.0,True,True,True,0.1105898060565198,-15.42621445900295,0.5638994599195287,-172.0
v500_s8_p50,500,0.5,h2+3,3,1.6948799051272667,1.8407729623799922,41.209102624998195,21.049467042001197,True,True,467.0,334.0,True,True,True,0.1458930572527255,-20.159635582996998,0.5107965401127712,-133.0
v500_s8_p50,500,0.5,h2+3,4,1.7388960728677,1.765055832939707,32.53509758299333,18.916995292005595,True,True,440.0,320.0,True,True,True,0.026159760072006932,-13.618102290987736,0.5814334886732856,-120.0
v500_s8_p50,500,0.5,h2+3+4,0,1.8161712325055626,1.7248700529924519,38.377645000000484,27.835869125003228,True,True,537.0,282.0,True,True,True,-0.09130117951311068,-10.541775874997256,0.7253146753794527,-255.0
v500_s8_p50,500,0.5,h2+3+4,1,,1.7211382942838784,36.58409791700251,26.81080187500629,True,True,480.0,292.0,False,True,False,,-9.773296041996218,0.7328539830565546,-188.0
v500_s8_p50,500,0.5,h2+3+4,2,,1.7505310096272009,37.1885694579978,27.73552895800094,True,True,505.0,294.0,False,True,False,,-9.45304049999686,0.7458079017889223,-211.0
v500_s8_p50,500,0.5,h2+3+4,3,1.7474957588095559,1.784044317931582,43.83492070902139,26.723744082992198,True,True,408.0,328.0,True,True,True,0.036548559122026036,-17.11117662602919,0.6096450877688562,-80.0
v500_s8_p50,500,0.5,h2+3+4,4,1.7387508968754497,1.6727113177296813,38.2603010419989,26.96976970799733,True,True,485.0,315.0,True,True,True,-0.06603957914576841,-11.290531334001571,0.70490218251007,-170.0
v500_s9_p0,500,0.0,h2,0,1.2827172179920634,1.2827172179920634,265.3101144999964,267.78361004099133,True,True,969.0,969.0,True,True,True,0.0,2.473495540994918,1.009323035217321,0.0
v500_s9_p0,500,0.0,h2,1,1.2877377016667009,1.2877377016667009,293.001726625007,302.40446941700066,True,True,878.0,878.0,True,True,True,0.0,9.40274279199366,1.0320910832174979,0.0
v500_s9_p0,500,0.0,h2,2,1.2784923090555835,1.2784923090555835,272.61246054200456,272.87190241599455,True,True,959.0,959.0,True,True,True,0.0,0.2594418739899993,1.0009516875108135,0.0
v500_s9_p0,500,0.0,h2,3,1.278263268167774,1.278263268167774,276.47082466600114,275.26331112501794,True,True,933.0,933.0,True,True,True,0.0,-1.2075135409832,0.9956324015655469,0.0
v500_s9_p0,500,0.0,h2,4,1.29122035752672,1.29122035752672,269.34613254098804,273.7250302909815,True,True,971.0,971.0,True,True,True,0.0,4.3788977499934845,1.016257511138858,0.0
v500_s9_p0,500,0.0,h3,0,1.2991485638227478,1.2991485638227478,458.7016436249978,445.5275315839972,True,True,629.0,629.0,True,True,True,0.0,-13.174112041000626,0.9712795621640047,0.0
v500_s9_p0,500,0.0,h3,1,1.2986471350077478,1.2986471350077478,448.3924557079881,455.4052273749985,True,True,611.0,611.0,True,True,True,0.0,7.012771667010384,1.0156398074448814,0.0
v500_s9_p0,500,0.0,h3,2,1.299149625158429,1.299149625158429,493.3728667499963,491.33412020799005,True,True,597.0,597.0,True,True,True,0.0,-2.0387465420062654,0.9958677367982635,0.0
v500_s9_p0,500,0.0,h3,3,1.2845741348171646,1.2845741348171646,503.6556427500036,497.869741625007,True,True,578.0,578.0,True,True,True,0.0,-5.785901124996599,0.9885121884202367,0.0
v500_s9_p0,500,0.0,h3,4,1.2974527657997759,1.2974527657997759,471.1751172080112,460.72517808299745,True,True,574.0,574.0,True,True,True,0.0,-10.44993912501377,0.9778215386522621,0.0
v500_s9_p0,500,0.0,h4,0,1.3116705966718356,1.3116705966718356,1221.1049567919981,1241.3632750000106,True,True,371.0,371.0,True,True,True,0.0,20.258318208012497,1.0165901531193795,0.0
v500_s9_p0,500,0.0,h4,1,1.3131977043337244,1.3131977043337244,1317.9302241670084,1307.025589583005,True,True,374.0,374.0,True,True,True,0.0,-10.904634584003361,0.9917259393676204,0.0
v500_s9_p0,500,0.0,h4,2,1.3061540848103124,1.3061540848103124,1168.479686000006,1175.9450902919925,True,True,533.0,533.0,True,True,True,0.0,7.465404291986488,1.0063889893692053,0.0
v500_s9_p0,500,0.0,h4,3,1.3181862580589667,1.3181862580589667,1220.9825930840161,1239.1424026669993,True,True,389.0,389.0,True,True,True,0.0,18.159809582983144,1.0148731109565732,0.0
v500_s9_p0,500,0.0,h4,4,1.3171409679727297,1.3171409679727297,1243.940066665993,1269.018816124997,True,True,368.0,368.0,True,True,True,0.0,25.07874945900403,1.02016073774858,0.0
v500_s9_p0,500,0.0,h2+3,0,1.300888750712237,1.300888750712237,449.5525129999878,451.9578548330028,True,True,629.0,629.0,True,True,True,0.0,2.4053418330149725,1.0053505247183772,0.0
v500_s9_p0,500,0.0,h2+3,1,1.298647357541866,1.298647357541866,468.26483812500373,454.7731578749954,True,True,611.0,611.0,True,True,True,0.0,-13.491680250008358,0.9711879279596758,0.0
v500_s9_p0,500,0.0,h2+3,2,1.3002821191451588,1.3002821191451588,493.4293942920049,516.7222528329876,True,True,597.0,597.0,True,True,True,0.0,23.292858540982706,1.047206061921796,0.0
v500_s9_p0,500,0.0,h2+3,3,1.2885568847826185,1.2885568847826185,511.186067749979,501.10075870901346,True,True,578.0,578.0,True,True,True,0.0,-10.085309040965512,0.980270766992229,0.0
v500_s9_p0,500,0.0,h2+3,4,1.303933266878508,1.303933266878508,462.1914065829769,468.82851954200305,True,True,574.0,574.0,True,True,True,0.0,6.637112959026126,1.0143600959786225,0.0
v500_s9_p0,500,0.0,h2+3+4,0,1.3089315493853335,1.3089315493853335,1246.3685435420048,1230.4226807090017,True,True,371.0,371.0,True,True,True,0.0,-15.945862833003048,0.9872061414614275,0.0
v500_s9_p0,500,0.0,h2+3+4,1,1.3157987563378146,1.3157987563378146,1324.7916551659873,1352.9439105420024,True,True,374.0,374.0,True,True,True,0.0,28.15225537601509,1.021250326620217,0.0
v500_s9_p0,500,0.0,h2+3+4,2,1.3073351209084934,1.3073351209084934,1192.5278494159866,1204.0418897500203,True,True,533.0,533.0,True,True,True,0.0,11.51404033403378,1.0096551542504206,0.0
v500_s9_p0,500,0.0,h2+3+4,3,1.3215271056048739,1.3215271056048739,1255.9391786250053,1268.5744602500054,True,True,389.0,389.0,True,True,True,0.0,12.635281625000061,1.0100604247721876,0.0
v500_s9_p0,500,0.0,h2+3+4,4,1.3167655539579093,1.3167655539579093,1238.87014658298,1229.1246160000155,True,True,368.0,368.0,True,True,True,0.0,-9.74553058296442,0.992133533437831,0.0
v500_s9_p10,500,0.1,h2,0,1.3192322982690317,1.3098467387551227,186.74798316699162,183.464114375005,True,True,872.0,962.0,True,True,True,-0.009385559513908959,-3.283868791986606,0.9824155059867493,90.0
v500_s9_p10,500,0.1,h2,1,1.3036605656263445,1.3276146114357459,185.92899291600042,202.82707604199823,True,True,941.0,769.0,True,True,True,0.023954045809401414,16.8980831259978,1.0908846052515977,-172.0
v500_s9_p10,500,0.1,h2,2,1.3115486649684958,1.3041112337013123,193.60331016700366,195.5514127080096,True,True,872.0,864.0,True,True,True,-0.007437431267183436,1.9481025410059374,1.010062341079424,-8.0
v500_s9_p10,500,0.1,h2,3,1.3140866601007801,1.3085214984976943,193.56000254198443,189.8597775840026,True,True,898.0,891.0,True,True,True,-0.005565161603085844,-3.7002249579818454,0.9808833183023996,-7.0
v500_s9_p10,500,0.1,h2,4,1.3169967990432727,1.3106787665469788,188.75116845799494,190.90581037499942,True,True,895.0,858.0,True,True,True,-0.006318032496293924,2.154641917004483,1.0114152507484158,-37.0
v500_s9_p10,500,0.1,h3,0,1.316389916953001,1.3277369248048694,299.5266786249995,322.40472575000604,True,True,547.0,507.0,True,True,True,0.011347007851868485,22.87804712500656,1.0763806657558186,-40.0
v500_s9_p10,500,0.1,h3,1,1.331787659908041,1.3437178029501926,320.4685515410092,337.2632867499924,True,True,521.0,517.0,True,True,True,0.011930143042151675,16.794735208983184,1.052406812238592,-4.0
v500_s9_p10,500,0.1,h3,2,1.3310574705639164,1.3345189799796466,363.40286016699974,354.8541828750167,True,True,472.0,501.0,True,True,True,0.0034615094157302018,-8.54867729198304,0.9764760318945906,29.0
v500_s9_p10,500,0.1,h3,3,1.325406248116776,1.3237078556052506,318.48516158398706,338.62604779200046,True,True,545.0,542.0,True,True,True,-0.0016983925115254817,20.1408862080134,1.0632396376265778,-3.0
v500_s9_p10,500,0.1,h3,4,1.3334638238243095,1.3272838038832098,354.3457493750029,313.843716125004,True,True,471.0,544.0,True,True,True,-0.006180019941099735,-40.50203324999893,0.8856991135876847,73.0
v500_s9_p10,500,0.1,h4,0,1.3397002969203038,1.3303121637553472,736.0729961670004,805.5391429579904,True,True,403.0,340.0,True,True,True,-0.009388133164956569,69.46614679099002,1.0943739916458362,-63.0
v500_s9_p10,500,0.1,h4,1,1.3387388598770151,1.3341858166721958,702.4560509589937,786.7355013329943,True,True,458.0,373.0,True,True,True,-0.004553043204819307,84.27945037400059,1.1199782538123804,-85.0
v500_s9_p10,500,0.1,h4,2,1.3409646019261285,1.3230634739848819,824.1953544169955,730.7575441249937,True,True,353.0,487.0,True,True,True,-0.017901127941246653,-93.43781029200181,0.8866314766380888,134.0
v500_s9_p10,500,0.1,h4,3,1.3421185912789813,1.3421086057623923,706.4526045829989,828.882002999977,True,True,410.0,331.0,True,True,True,-9.985516588928434e-06,122.42939841697807,1.1733016448983793,-79.0
v500_s9_p10,500,0.1,h4,4,1.3444467515177854,1.338269394177956,718.2368981250038,784.9167829999933,True,True,374.0,380.0,True,True,True,-0.006177357339829381,66.67988487498951,1.092838289217751,6.0
v500_s9_p10,500,0.1,h2+3,0,1.3290628946766423,1.3223730161183793,302.5126892919943,318.6415730419976,True,True,547.0,507.0,True,True,True,-0.006689878558262974,16.128883750003297,1.0533163874472558,-40.0
v500_s9_p10,500,0.1,h2+3,1,1.3266292710357426,1.3397651164083004,321.98890075000236,336.89813074999256,True,True,521.0,518.0,True,True,True,0.013135845372557853,14.909229999990202,1.0463035525922242,-3.0
v500_s9_p10,500,0.1,h2+3,2,1.3219431060818259,1.3279775627796258,359.4209608749952,359.7620259159885,True,True,472.0,503.0,True,True,True,0.006034456697799895,0.3410650409932714,1.0009489291892242,31.0
v500_s9_p10,500,0.1,h2+3,3,1.3287522661601852,1.3299057972372001,316.1513884169981,334.3060152910184,True,True,545.0,542.0,True,True,True,0.001153531077014991,18.154626874020323,1.0574238404105147,-3.0
v500_s9_p10,500,0.1,h2+3,4,1.330293436473967,1.3268439162324335,363.3372944169969,316.44047216599574,True,True,471.0,544.0,True,True,True,-0.0034495202415334436,-46.89682225100114,0.8709275844467033,73.0
v500_s9_p10,500,0.1,h2+3+4,0,1.335586348310485,1.330391391480403,754.0196221660008,817.6017229999998,True,True,431.0,362.0,True,True,True,-0.005194956830081976,63.58210083399899,1.0843241992182546,-69.0
v500_s9_p10,500,0.1,h2+3+4,1,1.3447829228670354,1.3339711158920142,821.9932457499963,807.2562087499973,True,True,408.0,392.0,True,True,True,-0.010811806975021154,-14.737036999998963,0.9820715838284624,-16.0
v500_s9_p10,500,0.1,h2+3+4,2,1.3400928103520897,1.326015870057954,833.7672961669741,751.4383207079954,True,True,380.0,502.0,True,True,True,-0.014076940294135643,-82.32897545897868,0.9012566505816857,122.0
v500_s9_p10,500,0.1,h2+3+4,3,1.3504049482865015,1.343499160114506,754.2677025839803,824.6297572500189,True,True,371.0,351.0,True,True,True,-0.006905788171995386,70.3620546660386,1.093285254591959,-20.0
v500_s9_p10,500,0.1,h2+3+4,4,1.3448584574193156,1.3360466433093594,717.2501188340248,767.8103131249954,True,True,368.0,400.0,True,True,True,-0.00881181410995624,50.560194290970685,1.0704917196432986,32.0
v500_s9_p30,500,0.3,h2,0,1.4302851321372891,1.4046040908167492,86.87247770800604,77.49222587500117,True,True,889.0,847.0,True,True,True,-0.025681041320539943,-9.380251833004877,0.8920227432152495,-42.0
v500_s9_p30,500,0.3,h2,1,1.4214243510047515,1.4012505003831075,84.75542333300109,78.08831216700491,True,True,879.0,854.0,True,True,True,-0.020173850621644007,-6.667111165996175,0.9213370554495217,-25.0
v500_s9_p30,500,0.3,h2,2,1.4047021440499723,1.4247132678758943,88.24735816702014,71.08945354199386,True,True,889.0,679.0,True,True,True,0.02001112382592196,-17.157904625026276,0.8055703311531139,-210.0
v500_s9_p30,500,0.3,h2,3,1.4255324852943028,1.4171985812941812,86.56645670899889,78.63285266599269,True,True,888.0,850.0,True,True,True,-0.008333904000121573,-7.9336040430061985,0.9083524456860267,-38.0
v500_s9_p30,500,0.3,h2,4,1.4208554168693055,1.3922904008983414,88.61675629200181,78.03436150000198,True,True,888.0,854.0,True,True,True,-0.02856501597096406,-10.582394791999832,0.8805824627892078,-34.0
v500_s9_p30,500,0.3,h3,0,1.428241614347555,1.44939952798624,116.0062221249973,89.04323299998941,True,True,463.0,432.0,True,True,True,0.021157913638685022,-26.96298912500788,0.7675729057364258,-31.0
v500_s9_p30,500,0.3,h3,1,1.4186932432021144,1.43433640237051,87.9701321249886,107.47010662499815,True,True,540.0,406.0,True,True,True,0.01564315916839565,19.499974500009557,1.2216658544095835,-134.0
v500_s9_p30,500,0.3,h3,2,1.4112489593199162,1.4488523525759438,92.70373745801044,83.1319696669816,True,True,521.0,490.0,True,True,True,0.03760339325602757,-9.571767791028833,0.8967488468804798,-31.0
v500_s9_p30,500,0.3,h3,3,1.4086022683581079,1.4480415133195803,95.71865674998844,82.61403320799582,True,True,525.0,492.0,True,True,True,0.03943924496147244,-13.104623541992623,0.8630922749342259,-33.0
v500_s9_p30,500,0.3,h3,4,1.4297481313284708,1.441493354556938,117.74044083300396,86.5614886250114,True,True,450.0,442.0,True,True,True,0.011745223228467161,-31.178952207992552,0.735189099111537,-8.0
v500_s9_p30,500,0.3,h4,0,1.4308330515030003,1.431732026619912,219.5904412920063,214.82738254200376,True,True,414.0,322.0,True,True,True,0.0008989751169117266,-4.7630587500025285,0.9783093529846834,-92.0
v500_s9_p30,500,0.3,h4,1,1.4313921826867089,1.4383288547174442,176.19292054200196,204.93641654199746,True,True,445.0,359.0,True,True,True,0.006936672030735336,28.743495999995503,1.1631364978318948,-86.0
v500_s9_p30,500,0.3,h4,2,1.4332930715942842,1.4490317526004297,224.9509624580096,162.41230462500243,True,True,435.0,406.0,True,True,True,0.015738681006145505,-62.538657833007164,0.7219898188047054,-29.0
v500_s9_p30,500,0.3,h4,3,1.4090381602710023,1.4333208545238318,226.14770779199898,267.57582170900423,True,True,408.0,211.0,True,True,True,0.024282694252829584,41.42811391700525,1.1831905099613438,-197.0
v500_s9_p30,500,0.3,h4,4,1.4386068041748636,1.433483543740851,221.74898008300806,216.02467254101066,True,True,429.0,364.0,True,True,True,-0.0051232604340125665,-5.724307541997405,0.9741856420721547,-65.0
v500_s9_p30,500,0.3,h2+3,0,1.4309920287932762,1.4477750359184067,117.42167104099644,90.51176133299305,True,True,463.0,433.0,True,True,True,0.016783007125130478,-26.909909708003397,0.7708267181906472,-30.0
v500_s9_p30,500,0.3,h2+3,1,1.4203980817518034,1.4281035017015686,88.89083891699556,106.95933937499649,True,True,540.0,406.0,True,True,True,0.007705419949765258,18.068500458000926,1.2032661709366128,-134.0
v500_s9_p30,500,0.3,h2+3,2,1.409034660416032,1.4447207855769353,93.5250718339812,85.4772312080022,True,True,521.0,491.0,True,True,True,0.035686125160903304,-8.047840625979006,0.91394991238002,-30.0
v500_s9_p30,500,0.3,h2+3,3,1.4062235002851973,1.4384723744189598,97.60854679200565,86.51599241700023,True,True,525.0,492.0,True,True,True,0.03224887413376254,-11.09255437500542,0.886356730639146,-33.0
v500_s9_p30,500,0.3,h2+3,4,1.4266643611243552,1.4474579241914276,116.64309262498864,89.0799657079915,True,True,450.0,442.0,True,True,True,0.020793563067072363,-27.563126916997135,0.7636968782573907,-8.0
v500_s9_p30,500,0.3,h2+3+4,0,1.4304425463544672,1.4334390564018413,225.5144574159931,220.73250095800904,True,True,420.0,338.0,True,True,True,0.0029965100473741124,-4.781956457984052,0.9787953441531996,-82.0
v500_s9_p30,500,0.3,h2+3+4,1,1.4370035913864696,1.4374593643263573,184.18808037501003,214.0955019999965,True,True,450.0,371.0,True,True,True,0.00045577293988774414,29.907421624986455,1.1623743597527834,-79.0
v500_s9_p30,500,0.3,h2+3+4,2,1.4294595546436206,1.4457310770927143,237.6547321669932,171.89854387499508,True,True,444.0,421.0,True,True,True,0.01627152244909369,-65.75618829199811,0.723312102004377,-23.0
v500_s9_p30,500,0.3,h2+3+4,3,1.408639729044695,1.430391682612218,232.0113875840034,271.09743654198246,True,True,415.0,230.0,True,True,True,0.02175195356752302,39.086048957979074,1.168466079898028,-185.0
v500_s9_p30,500,0.3,h2+3+4,4,1.4331534651676168,1.4331142545052757,216.09038795801462,220.03118220801116,True,True,443.0,377.0,True,True,True,-3.92106623410271e-05,3.940794249996543,1.0182367864079276,-66.0
v500_s9_p50,500,0.5,h2,0,1.9183836218891421,1.9426108128104784,15.036452499989537,7.017179415997816,True,True,741.0,525.0,True,True,True,0.024227190921336295,-8.01927308399172,0.4666778560968885,-216.0
v500_s9_p50,500,0.5,h2,1,1.9304492096106467,1.929187450972657,14.917483875004109,7.054376375002903,True,True,741.0,525.0,True,True,True,-0.0012617586379897183,-7.863107500001206,0.4728931791790497,-216.0
v500_s9_p50,500,0.5,h2,2,1.8622428489768765,1.8762926424759463,15.146494374988833,7.546204874990508,True,True,741.0,525.0,True,True,True,0.014049793499069763,-7.6002894999983255,0.49821461574972997,-216.0
v500_s9_p50,500,0.5,h2,3,1.9792021454996416,1.8569823745285419,14.731713208981091,7.36867091601016,True,True,741.0,525.0,True,True,True,-0.1222197709710997,-7.363042292970931,0.5001910376260854,-216.0
v500_s9_p50,500,0.5,h2,4,2.101479513925167,1.8256311348588925,14.771488290978596,7.63930799998343,True,True,741.0,525.0,True,True,True,-0.2758483790662747,-7.132180290995166,0.5171657621425318,-216.0
v500_s9_p50,500,0.5,h3,0,1.7089885608781996,1.7650508184269864,32.11857470900577,18.46364962500229,True,True,429.0,316.0,True,True,True,0.0560622575487868,-13.65492508400348,0.5748589341925326,-113.0
v500_s9_p50,500,0.5,h3,1,1.7197943593239424,1.8052495974597922,31.666172041994287,22.55704008298926,True,True,403.0,325.0,True,True,True,0.08545523813584976,-9.109131959005026,0.7123387081038751,-78.0
v500_s9_p50,500,0.5,h3,2,1.7446880241703049,1.7537620321678535,32.994958166003926,18.170448166987626,True,True,425.0,294.0,True,True,True,0.00907400799754865,-14.8245099990163,0.5507037795159078,-131.0
v500_s9_p50,500,0.5,h3,3,1.7287077138364964,1.7934241088723746,36.72259729198413,22.488534250005614,True,True,412.0,297.0,True,True,True,0.06471639503587823,-14.234063041978516,0.6123895341932812,-115.0
v500_s9_p50,500,0.5,h3,4,1.7728887101304607,1.7934880883407647,31.83237566598109,17.785510249988874,True,True,403.0,297.0,True,True,True,0.020599378210303998,-14.046865415992215,0.5587239368061383,-106.0
v500_s9_p50,500,0.5,h4,0,1.7908832358011113,1.7350161960846593,38.215911083010724,31.304112542013172,True,True,377.0,272.0,True,True,True,-0.055867039716452016,-6.911798540997552,0.8191381980666618,-105.0
v500_s9_p50,500,0.5,h4,1,1.7532580367820576,1.7217852719675169,41.00861416700354,26.120169416011777,True,True,357.0,284.0,True,True,True,-0.031472764814540755,-14.888444750991766,0.6369434799635013,-73.0
v500_s9_p50,500,0.5,h4,2,1.7614974855522134,1.7802663241121799,42.00615254198783,26.49055208300706,True,True,394.0,298.0,True,True,True,0.018768838559966472,-15.51560045898077,0.6306350493901592,-96.0
v500_s9_p50,500,0.5,h4,3,1.6762345267577616,1.7305239311396248,40.5085551670054,26.838228540989803,True,True,416.0,253.0,True,True,True,0.05428940438186314,-13.670326626015594,0.6625323571858667,-163.0
v500_s9_p50,500,0.5,h4,4,,1.7206674229331502,40.46072458400158,26.07770866699866,True,True,366.0,287.0,False,True,False,,-14.383015917002922,0.6445190721401451,-79.0
v500_s9_p50,500,0.5,h2+3,0,1.7144230744667575,1.8089739749269318,33.70455349999247,19.26827337499708,True,True,429.0,316.0,True,True,True,0.09455090046017434,-14.436280124995392,0.571681608985011,-113.0
v500_s9_p50,500,0.5,h2+3,1,1.6897587148985,1.7956474900816004,33.09758479100128,23.50570149999112,True,True,403.0,325.0,True,True,True,0.10588877518310036,-9.591883291010163,0.7101938600179054,-78.0
v500_s9_p50,500,0.5,h2+3,2,1.6967280384624945,1.8114124831731104,34.88284570898395,19.15645404200768,True,True,425.0,294.0,True,True,True,0.1146844447106159,-15.72639166697627,0.549165460920925,-131.0
v500_s9_p50,500,0.5,h2+3,3,1.7324341800933225,1.7982330702473077,37.60073924998869,23.662091790989507,True,True,412.0,297.0,True,True,True,0.06579889015398521,-13.938647458999185,0.6292985793090923,-115.0
v500_s9_p50,500,0.5,h2+3,4,1.7610066943697802,1.7601875301356815,33.61090937501285,18.75056458299514,True,True,403.0,297.0,True,True,True,-0.0008191642340986682,-14.860344792017713,0.5578713855607476,-106.0
v500_s9_p50,500,0.5,h2+3+4,0,,1.7168168015830227,41.5355359170062,34.37336404201051,True,True,378.0,278.0,False,True,False,,-7.162171874995693,0.8275651988864015,-100.0
v500_s9_p50,500,0.5,h2+3+4,1,,1.743012854117914,44.5869475829968,28.412232999995467,True,True,359.0,288.0,False,True,False,,-16.174714583001332,0.6372320721688167,-71.0
v500_s9_p50,500,0.5,h2+3+4,2,1.7552704930108236,1.7730937534386035,46.34617891599191,29.26197150000371,True,True,396.0,302.0,True,True,True,0.01782326042777993,-17.084207415988203,0.6313782966454385,-94.0
v500_s9_p50,500,0.5,h2+3+4,3,,1.732191589492954,43.66150450002169,29.40125758299837,True,True,419.0,258.0,False,True,False,,-14.260246917023323,0.673390848979649,-161.0
v500_s9_p50,500,0.5,h2+3+4,4,,1.714455008733062,43.392629500012845,28.698891042004107,True,True,368.0,290.0,False,True,False,,-14.693738458008738,0.6613770903649804,-78.0
